time_sec,success,candidate_count,match_count,keep_ratio,mean_match_distance_m,max_match_distance_m,mean_tangent_angle_deg,lateral_m,yaw_correction_rad,rms_error_m,measured_x,measured_y,measured_yaw,innovation_x,innovation_y,innovation_yaw,gain_x,gain_y,gain_yaw
0.04999999999999716,0.0,14.0,14.0,1.0,0.015473668604116256,0.031684341766198915,0.10694824482409476,nan,nan,nan,nan,nan,nan,nan,nan,nan,nan,nan,nan
0.22999999999999687,0.0,14.0,14.0,1.0,0.015497222239815587,0.03151946921467078,0.10698548526680626,nan,nan,nan,nan,nan,nan,nan,nan,nan,nan,nan,nan
0.4299999999999997,0.0,15.0,15.0,1.0,0.014070052234184524,0.03438750789795235,1.1560961659148232,nan,nan,nan,nan,nan,nan,nan,nan,nan,nan,nan,nan
0.8299999999999983,0.0,15.0,15.0,1.0,0.01540825376518115,0.03112373695759847,0.12236985144002423,nan,nan,nan,nan,nan,nan,nan,nan,nan,nan,nan,nan
1.2299999999999969,0.0,15.0,15.0,1.0,0.015432443966029592,0.03148660297985493,0.09991703493319816,nan,nan,nan,nan,nan,nan,nan,nan,nan,nan,nan,nan
1.4299999999999997,0.0,15.0,15.0,1.0,0.015567613098034816,0.03351417922385182,0.09946883442672999,nan,nan,nan,nan,nan,nan,nan,nan,nan,nan,nan,nan
1.8500000000000014,0.0,15.0,15.0,1.0,0.015268705404962332,0.02985921453250348,0.1591735141872445,nan,nan,nan,nan,nan,nan,nan,nan,nan,nan,nan,nan
2.030000000000001,0.0,15.0,15.0,1.0,0.015406437114619202,0.0310964752998834,0.1000040195002136,nan,nan,nan,nan,nan,nan,nan,nan,nan,nan,nan,nan
2.4299999999999997,0.0,15.0,15.0,1.0,0.015394778836607751,0.030921583400395164,0.10004206154968813,nan,nan,nan,nan,nan,nan,nan,nan,nan,nan,nan,nan
3.270000000000003,0.0,14.0,14.0,1.0,0.015424110271895853,0.03203124581840147,0.10687833230283904,nan,nan,nan,nan,nan,nan,nan,nan,nan,nan,nan,nan
4.589999999999996,0.0,15.0,15.0,1.0,0.015387927749012426,0.030818801980370996,0.1000705263884551,nan,nan,nan,nan,nan,nan,nan,nan,nan,nan,nan,nan
5.189999999999998,0.0,15.0,15.0,1.0,0.015605718163052774,0.034085743802979324,0.12229441100332901,nan,nan,nan,nan,nan,nan,nan,nan,nan,nan,nan,nan
5.950000000000003,0.0,13.0,13.0,1.0,0.016912067882039212,0.03327685401781111,0.2964974304263385,nan,nan,nan,nan,nan,nan,nan,nan,nan,nan,nan,nan
6.390000000000001,0.0,13.0,13.0,1.0,0.014974868546455945,0.025326858381080983,0.11172198568977637,nan,nan,nan,nan,nan,nan,nan,nan,nan,nan,nan,nan
6.549999999999997,0.0,14.0,14.0,1.0,0.01617110334971639,0.03180321639800095,0.25482703250586214,nan,nan,nan,nan,nan,nan,nan,nan,nan,nan,nan,nan
6.75,0.0,17.0,17.0,1.0,0.013666873404248615,0.03136027568784103,1.037227681584639,nan,nan,nan,nan,nan,nan,nan,nan,nan,nan,nan,nan
6.950000000000003,0.0,20.0,20.0,1.0,0.012042169060652103,0.026768814464720393,1.0185148066893477,nan,nan,nan,nan,nan,nan,nan,nan,nan,nan,nan,nan
7.149999999999999,0.0,20.0,20.0,1.0,0.01518118000897333,0.025810076512901545,1.4572192217080324,nan,nan,nan,nan,nan,nan,nan,nan,nan,nan,nan,nan
7.350000000000001,0.0,21.0,21.0,1.0,0.01552736555155683,0.030682578500298027,0.9372198145389287,nan,nan,nan,nan,nan,nan,nan,nan,nan,nan,nan,nan
7.549999999999997,0.0,20.0,20.0,1.0,0.01399490934806479,0.036256124436438636,0.8714181326645568,nan,nan,nan,nan,nan,nan,nan,nan,nan,nan,nan,nan
7.829999999999998,0.0,19.0,19.0,1.0,0.012896062700995442,0.03625449275189269,0.9784859653482023,nan,nan,nan,nan,nan,nan,nan,nan,nan,nan,nan,nan
7.950000000000003,0.0,18.0,18.0,1.0,0.014616912159216872,0.03211470750921541,0.4009051197553521,nan,nan,nan,nan,nan,nan,nan,nan,nan,nan,nan,nan
8.149999999999999,0.0,14.0,14.0,1.0,0.012870614005295987,0.03301355150263919,1.463383058045038,nan,nan,nan,nan,nan,nan,nan,nan,nan,nan,nan,nan
8.350000000000001,0.0,18.0,18.0,1.0,0.011186236196069203,0.03255132093157718,0.4727960380740349,nan,nan,nan,nan,nan,nan,nan,nan,nan,nan,nan,nan
8.549999999999997,0.0,17.0,17.0,1.0,0.012179555997356414,0.02794169448460944,0.26114863437313207,nan,nan,nan,nan,nan,nan,nan,nan,nan,nan,nan,nan
8.829999999999998,0.0,15.0,15.0,1.0,0.01355526166617324,0.027776205764890434,0.2833036922734297,nan,nan,nan,nan,nan,nan,nan,nan,nan,nan,nan,nan
8.93,0.0,18.0,18.0,1.0,0.015195111628640798,0.026984312816645623,0.6086457971992522,nan,nan,nan,nan,nan,nan,nan,nan,nan,nan,nan,nan
9.43,0.0,18.0,18.0,1.0,0.01057202707835946,0.025148121898672136,0.25901005410735856,nan,nan,nan,nan,nan,nan,nan,nan,nan,nan,nan,nan
9.530000000000001,0.0,16.0,16.0,1.0,0.011250144813884304,0.02977570351371772,0.15553367195265738,nan,nan,nan,nan,nan,nan,nan,nan,nan,nan,nan,nan
9.729999999999997,0.0,19.0,19.0,1.0,0.013520737606943523,0.033107527195662734,0.24657939308772342,nan,nan,nan,nan,nan,nan,nan,nan,nan,nan,nan,nan
10.189999999999998,0.0,12.0,10.0,0.8333333333333334,0.01118485484854413,0.02657766648593978,0.33304666717955594,nan,nan,nan,nan,nan,nan,nan,nan,nan,nan,nan,nan
10.329999999999998,0.0,15.0,13.0,0.8666666666666667,0.01377072377758792,0.02731065406135334,1.2921963165124943,nan,nan,nan,nan,nan,nan,nan,nan,nan,nan,nan,nan
10.530000000000001,0.0,16.0,14.0,0.875,0.013596822140195544,0.029527681789227902,1.4433307756723577,nan,nan,nan,nan,nan,nan,nan,nan,nan,nan,nan,nan
10.93,0.0,18.0,18.0,1.0,0.00965235633338691,0.02770153682240649,0.7216672893000514,nan,nan,nan,nan,nan,nan,nan,nan,nan,nan,nan,nan
11.130000000000003,0.0,13.0,13.0,1.0,0.009271345826000199,0.020527318593157665,0.11429617379249891,nan,nan,nan,nan,nan,nan,nan,nan,nan,nan,nan,nan
11.329999999999998,0.0,13.0,13.0,1.0,0.009028432256271906,0.019122840790743154,0.2926346969817523,nan,nan,nan,nan,nan,nan,nan,nan,nan,nan,nan,nan
11.530000000000001,0.0,17.0,17.0,1.0,0.007119993375626716,0.016994312645311493,0.2808622448182099,nan,nan,nan,nan,nan,nan,nan,nan,nan,nan,nan,nan
11.729999999999997,0.0,19.0,19.0,1.0,0.01119120358658464,0.02836470766897614,1.3949935866610315,nan,nan,nan,nan,nan,nan,nan,nan,nan,nan,nan,nan
11.93,0.0,18.0,18.0,1.0,0.016697206197695005,0.03340245120260134,1.0360417832125062,nan,nan,nan,nan,nan,nan,nan,nan,nan,nan,nan,nan
12.130000000000003,0.0,20.0,20.0,1.0,0.016411327316893615,0.03198698323592936,0.7883258607571705,nan,nan,nan,nan,nan,nan,nan,nan,nan,nan,nan,nan
12.329999999999998,0.0,19.0,19.0,1.0,0.013318072131173867,0.037981270014304534,0.7821033584626828,nan,nan,nan,nan,nan,nan,nan,nan,nan,nan,nan,nan
12.490000000000002,0.0,19.0,19.0,1.0,0.012586517539656832,0.03695280849279507,0.25578123925746227,nan,nan,nan,nan,nan,nan,nan,nan,nan,nan,nan,nan
12.729999999999997,0.0,16.0,16.0,1.0,0.011875044262168784,0.030667750533296775,0.238185381784259,nan,nan,nan,nan,nan,nan,nan,nan,nan,nan,nan,nan
12.89,0.0,16.0,16.0,1.0,0.011025602854762163,0.029102065586521796,0.09563652877258672,nan,nan,nan,nan,nan,nan,nan,nan,nan,nan,nan,nan
13.130000000000003,0.0,14.0,14.0,1.0,0.009796690175381751,0.021191541269486674,0.271396678946618,nan,nan,nan,nan,nan,nan,nan,nan,nan,nan,nan,nan
13.350000000000001,0.0,14.0,14.0,1.0,0.011547035216799933,0.0249348659092798,0.2744965365072632,nan,nan,nan,nan,nan,nan,nan,nan,nan,nan,nan,nan
13.490000000000002,0.0,15.0,15.0,1.0,0.013905324559504993,0.029540217964632565,1.7461924656805055,nan,nan,nan,nan,nan,nan,nan,nan,nan,nan,nan,nan
13.689999999999998,0.0,17.0,17.0,1.0,0.013785660275562177,0.03413961693421874,0.5196875838307659,nan,nan,nan,nan,nan,nan,nan,nan,nan,nan,nan,nan
13.89,0.0,19.0,19.0,1.0,0.012912450416622723,0.0384558361262543,0.9694322451909895,nan,nan,nan,nan,nan,nan,nan,nan,nan,nan,nan,nan
14.149999999999999,0.0,17.0,17.0,1.0,0.010931349220126152,0.0363099927514797,0.27556211397675395,nan,nan,nan,nan,nan,nan,nan,nan,nan,nan,nan,nan
14.490000000000002,0.0,16.0,16.0,1.0,0.012535915414406315,0.027571741907346473,0.38903195690210524,nan,nan,nan,nan,nan,nan,nan,nan,nan,nan,nan,nan
14.689999999999998,0.0,19.0,19.0,1.0,0.011038757517416781,0.024521424547589536,0.325589405781421,nan,nan,nan,nan,nan,nan,nan,nan,nan,nan,nan,nan
14.89,0.0,17.0,17.0,1.0,0.008593167189791837,0.022297591386711862,0.46608852856362776,nan,nan,nan,nan,nan,nan,nan,nan,nan,nan,nan,nan
15.089999999999996,0.0,14.0,12.0,0.8571428571428571,0.010858064700317941,0.02757416199828215,0.15512238255188024,nan,nan,nan,nan,nan,nan,nan,nan,nan,nan,nan,nan
15.29,0.0,14.0,12.0,0.8571428571428571,0.011077368022529692,0.027973797058585263,0.43735671429222917,nan,nan,nan,nan,nan,nan,nan,nan,nan,nan,nan,nan
15.649999999999999,0.0,17.0,17.0,1.0,0.008114812925268123,0.038900599208901813,0.6476831434779754,nan,nan,nan,nan,nan,nan,nan,nan,nan,nan,nan,nan
16.049999999999997,0.0,13.0,13.0,1.0,0.013579300096771654,0.031158489230355347,0.3833135525525313,nan,nan,nan,nan,nan,nan,nan,nan,nan,nan,nan,nan
16.33,0.0,12.0,11.0,0.9166666666666666,0.008254312138272955,0.020151699053095457,0.38144982313584436,nan,nan,nan,nan,nan,nan,nan,nan,nan,nan,nan,nan
16.450000000000003,0.0,17.0,17.0,1.0,0.011554013577094197,0.03871886375185253,0.3766684642454009,nan,nan,nan,nan,nan,nan,nan,nan,nan,nan,nan,nan
16.729999999999997,0.0,18.0,18.0,1.0,0.01533968894348544,0.029549082399811435,0.962880295936073,nan,nan,nan,nan,nan,nan,nan,nan,nan,nan,nan,nan
16.85,0.0,18.0,18.0,1.0,0.01604653618083003,0.0315115495983417,0.885903986560567,nan,nan,nan,nan,nan,nan,nan,nan,nan,nan,nan,nan
17.189999999999998,0.0,17.0,17.0,1.0,0.010717151775488659,0.03081037515593284,0.549221895198588,nan,nan,nan,nan,nan,nan,nan,nan,nan,nan,nan,nan
17.229999999999997,0.0,20.0,20.0,1.0,0.012724118669550491,0.04001129514946106,0.5429223401820885,nan,nan,nan,nan,nan,nan,nan,nan,nan,nan,nan,nan
17.450000000000003,0.0,18.0,18.0,1.0,0.010770531363053459,0.02596655344166258,0.3047797354702294,nan,nan,nan,nan,nan,nan,nan,nan,nan,nan,nan,nan
17.630000000000003,0.0,18.0,18.0,1.0,0.01304875024713789,0.03137842334295537,0.788109592056756,nan,nan,nan,nan,nan,nan,nan,nan,nan,nan,nan,nan
17.85,0.0,18.0,18.0,1.0,0.011342433757311053,0.03764147808955307,0.35350931068408425,nan,nan,nan,nan,nan,nan,nan,nan,nan,nan,nan,nan
18.049999999999997,0.0,18.0,18.0,1.0,0.015209391801672347,0.038509125961134996,1.1889747659587,nan,nan,nan,nan,nan,nan,nan,nan,nan,nan,nan,nan
18.25,0.0,14.0,14.0,1.0,0.01844857178239879,0.03412034287826198,0.8552669991680258,nan,nan,nan,nan,nan,nan,nan,nan,nan,nan,nan,nan
18.450000000000003,0.0,19.0,19.0,1.0,0.018142137716437988,0.03716992008650076,0.7825456738451447,nan,nan,nan,nan,nan,nan,nan,nan,nan,nan,nan,nan
18.729999999999997,0.0,16.0,16.0,1.0,0.014039717687149535,0.0409615580768994,0.386448140423237,nan,nan,nan,nan,nan,nan,nan,nan,nan,nan,nan,nan
18.85,0.0,19.0,19.0,1.0,0.013620191393715158,0.041554448290758175,0.8216429124270349,nan,nan,nan,nan,nan,nan,nan,nan,nan,nan,nan,nan
19.03,0.0,22.0,22.0,1.0,0.014985295154917698,0.03670897141274539,0.7929754332948145,nan,nan,nan,nan,nan,nan,nan,nan,nan,nan,nan,nan
19.25,0.0,12.0,12.0,1.0,0.010199765206790652,0.01873284447694115,0.2686301099353722,nan,nan,nan,nan,nan,nan,nan,nan,nan,nan,nan,nan
19.490000000000002,0.0,14.0,14.0,1.0,0.006611653242955961,0.01957281629157523,0.3086567021702495,nan,nan,nan,nan,nan,nan,nan,nan,nan,nan,nan,nan
19.630000000000003,0.0,16.0,16.0,1.0,0.007165917531860622,0.02033247469790779,0.2978986956082555,nan,nan,nan,nan,nan,nan,nan,nan,nan,nan,nan,nan
19.83,0.0,17.0,17.0,1.0,0.009822812898512185,0.026691322275310035,0.2838889257938211,nan,nan,nan,nan,nan,nan,nan,nan,nan,nan,nan,nan
20.17,0.0,19.0,19.0,1.0,0.014048789196413699,0.04052226879147641,0.8721997868741186,nan,nan,nan,nan,nan,nan,nan,nan,nan,nan,nan,nan
20.229999999999997,0.0,15.0,13.0,0.8666666666666667,0.013985154509811897,0.038053784993038714,1.193229696488868,nan,nan,nan,nan,nan,nan,nan,nan,nan,nan,nan,nan
20.43,0.0,16.0,14.0,0.875,0.014048228860729515,0.039889407272094835,1.6611877223274603,nan,nan,nan,nan,nan,nan,nan,nan,nan,nan,nan,nan
20.630000000000003,0.0,19.0,19.0,1.0,0.01418630318688759,0.031678346600131066,1.8192183551165666,nan,nan,nan,nan,nan,nan,nan,nan,nan,nan,nan,nan
21.089999999999996,0.0,18.0,18.0,1.0,0.013522370748443459,0.037766274728989656,0.35121981567297744,nan,nan,nan,nan,nan,nan,nan,nan,nan,nan,nan,nan
21.229999999999997,0.0,17.0,16.0,0.9411764705882353,0.013401875432748261,0.02810837871831976,1.756369845023131,nan,nan,nan,nan,nan,nan,nan,nan,nan,nan,nan,nan
21.490000000000002,0.0,22.0,22.0,1.0,0.016574871352843166,0.03140875773486972,1.9139129986448247,nan,nan,nan,nan,nan,nan,nan,nan,nan,nan,nan,nan
21.630000000000003,0.0,22.0,22.0,1.0,0.01789735305342702,0.031086547004310724,1.874319156344485,nan,nan,nan,nan,nan,nan,nan,nan,nan,nan,nan,nan
21.83,0.0,24.0,24.0,1.0,0.016125136907731073,0.037368982160004935,1.5382960565088186,nan,nan,nan,nan,nan,nan,nan,nan,nan,nan,nan,nan
22.049999999999997,0.0,23.0,23.0,1.0,0.014430526569237347,0.036676938597886004,1.853267023072867,nan,nan,nan,nan,nan,nan,nan,nan,nan,nan,nan,nan
22.229999999999997,0.0,24.0,24.0,1.0,0.015347158656993846,0.03319702899168003,1.672331717805312,nan,nan,nan,nan,nan,nan,nan,nan,nan,nan,nan,nan
22.490000000000002,0.0,26.0,26.0,1.0,0.01268333078191851,0.025634910717841106,1.3621199305704241,nan,nan,nan,nan,nan,nan,nan,nan,nan,nan,nan,nan
22.630000000000003,0.0,19.0,19.0,1.0,0.01337903233500842,0.025679160009778296,1.5579749597075312,nan,nan,nan,nan,nan,nan,nan,nan,nan,nan,nan,nan
22.83,0.0,16.0,16.0,1.0,0.013177660742426284,0.030039055680085767,1.220732722052041,nan,nan,nan,nan,nan,nan,nan,nan,nan,nan,nan,nan
23.15,0.0,19.0,19.0,1.0,0.013924892631004793,0.031205098184195482,1.4569945365568029,nan,nan,nan,nan,nan,nan,nan,nan,nan,nan,nan,nan
23.189999999999998,0.0,27.0,27.0,1.0,0.012960712377269949,0.03224489966723059,1.585515364761252,nan,nan,nan,nan,nan,nan,nan,nan,nan,nan,nan,nan
23.43,0.0,30.0,30.0,1.0,0.012416348404474451,0.039274565458023665,1.2336095164873335,nan,nan,nan,nan,nan,nan,nan,nan,nan,nan,nan,nan
23.630000000000003,0.0,29.0,29.0,1.0,0.013081360537226675,0.038734796651602586,1.1478367045870237,nan,nan,nan,nan,nan,nan,nan,nan,nan,nan,nan,nan
23.83,0.0,28.0,28.0,1.0,0.016184080872206786,0.030842292182150986,0.8809745775025021,nan,nan,nan,nan,nan,nan,nan,nan,nan,nan,nan,nan
23.990000000000002,0.0,34.0,34.0,1.0,0.015728736492979296,0.03306622887855853,0.9579423008058701,nan,nan,nan,nan,nan,nan,nan,nan,nan,nan,nan,nan
24.229999999999997,0.0,32.0,32.0,1.0,0.014662921028400331,0.038914471319464565,1.198185089182834,nan,nan,nan,nan,nan,nan,nan,nan,nan,nan,nan,nan
24.39,0.0,34.0,34.0,1.0,0.01320077454790109,0.036977312293310034,1.0566518653794261,nan,nan,nan,nan,nan,nan,nan,nan,nan,nan,nan,nan
24.589999999999996,0.0,31.0,31.0,1.0,0.014355220060342597,0.03432879238657779,1.4110095088989991,nan,nan,nan,nan,nan,nan,nan,nan,nan,nan,nan,nan
24.79,0.0,35.0,35.0,1.0,0.01576722174600534,0.03209799874219688,0.9483299916031531,nan,nan,nan,nan,nan,nan,nan,nan,nan,nan,nan,nan
25.03,0.0,34.0,34.0,1.0,0.013103894549371992,0.03770146896154441,1.0006925255575503,nan,nan,nan,nan,nan,nan,nan,nan,nan,nan,nan,nan
25.189999999999998,0.0,29.0,29.0,1.0,0.014741864059399194,0.04013855026550661,1.0992686308092265,nan,nan,nan,nan,nan,nan,nan,nan,nan,nan,nan,nan
25.39,0.0,29.0,29.0,1.0,0.016135436280732926,0.03421699193527635,0.9924161241713425,nan,nan,nan,nan,nan,nan,nan,nan,nan,nan,nan,nan
25.93,0.0,28.0,28.0,1.0,0.015570914485249752,0.03713512608684781,1.021855852087435,nan,nan,nan,nan,nan,nan,nan,nan,nan,nan,nan,nan
25.950000000000003,0.0,30.0,30.0,1.0,0.016133459292840022,0.03771151308559421,1.4016185819356175,nan,nan,nan,nan,nan,nan,nan,nan,nan,nan,nan,nan
26.15,0.0,34.0,34.0,1.0,0.01428866197160443,0.03927514506415537,1.0985874515599978,nan,nan,nan,nan,nan,nan,nan,nan,nan,nan,nan,nan
26.450000000000003,0.0,34.0,34.0,1.0,0.018622168252712457,0.031254447079629655,1.016259914694793,nan,nan,nan,nan,nan,nan,nan,nan,nan,nan,nan,nan
26.589999999999996,0.0,31.0,31.0,1.0,0.0165537292606839,0.03265275135924791,0.9865035166132582,nan,nan,nan,nan,nan,nan,nan,nan,nan,nan,nan,nan
26.75,0.0,36.0,36.0,1.0,0.013766833573907698,0.03860055400586154,0.8724890570914738,nan,nan,nan,nan,nan,nan,nan,nan,nan,nan,nan,nan
26.950000000000003,0.0,35.0,35.0,1.0,0.013538721345330178,0.03690307571103092,1.1195565932781577,nan,nan,nan,nan,nan,nan,nan,nan,nan,nan,nan,nan
27.15,0.0,39.0,39.0,1.0,0.014400064006576235,0.031967314537465256,0.9881547656385277,nan,nan,nan,nan,nan,nan,nan,nan,nan,nan,nan,nan
27.35,0.0,37.0,37.0,1.0,0.015199532472243043,0.031777452509705865,0.7804244162322573,nan,nan,nan,nan,nan,nan,nan,nan,nan,nan,nan,nan
27.549999999999997,0.0,33.0,33.0,1.0,0.013058669537061694,0.03743575242777314,1.0801690587445667,nan,nan,nan,nan,nan,nan,nan,nan,nan,nan,nan,nan
27.83,0.0,33.0,33.0,1.0,0.013343071605521485,0.03629371211446933,0.9953664995719281,nan,nan,nan,nan,nan,nan,nan,nan,nan,nan,nan,nan
27.950000000000003,0.0,32.0,32.0,1.0,0.015696952984451656,0.032190093852409396,0.9122302110414805,nan,nan,nan,nan,nan,nan,nan,nan,nan,nan,nan,nan
28.229999999999997,0.0,36.0,36.0,1.0,0.015846169687625408,0.033754077540676,0.8399764660085552,nan,nan,nan,nan,nan,nan,nan,nan,nan,nan,nan,nan
28.35,0.0,36.0,36.0,1.0,0.015429580160574795,0.03716346771568951,1.0227458154123799,nan,nan,nan,nan,nan,nan,nan,nan,nan,nan,nan,nan
28.65,0.0,38.0,38.0,1.0,0.017618643947999096,0.03704170563739114,0.8607951282265868,nan,nan,nan,nan,nan,nan,nan,nan,nan,nan,nan,nan
28.75,0.0,37.0,37.0,1.0,0.017401886555501365,0.03351924599429012,0.8703925748386443,nan,nan,nan,nan,nan,nan,nan,nan,nan,nan,nan,nan
29.15,0.0,40.0,38.0,0.95,0.016184863289382168,0.03685291649718766,0.73858251380734,nan,nan,nan,nan,nan,nan,nan,nan,nan,nan,nan,nan
29.33,0.0,37.0,35.0,0.9459459459459459,0.01410658523817216,0.038663994613275895,0.7045411770135572,nan,nan,nan,nan,nan,nan,nan,nan,nan,nan,nan,nan
29.589999999999996,0.0,38.0,36.0,0.9473684210526315,0.0180872497787093,0.03195702272596705,1.1344427317153418,nan,nan,nan,nan,nan,nan,nan,nan,nan,nan,nan,nan
29.729999999999997,0.0,38.0,36.0,0.9473684210526315,0.01645394396639857,0.03321876827652698,0.948189058389628,nan,nan,nan,nan,nan,nan,nan,nan,nan,nan,nan,nan
29.93,0.0,41.0,39.0,0.9512195121951219,0.01546958740835804,0.03817622899950135,0.6992196017165404,nan,nan,nan,nan,nan,nan,nan,nan,nan,nan,nan,nan
30.130000000000003,0.0,40.0,38.0,0.95,0.017253471802277,0.03480382827882915,0.7854796839119992,nan,nan,nan,nan,nan,nan,nan,nan,nan,nan,nan,nan
30.33,0.0,41.0,39.0,0.9512195121951219,0.017280763930113165,0.03270931856218979,0.7883346461591206,nan,nan,nan,nan,nan,nan,nan,nan,nan,nan,nan,nan
30.589999999999996,0.0,42.0,38.0,0.9047619047619048,0.014522763077596304,0.025626053247600932,0.7273162552194602,nan,nan,nan,nan,nan,nan,nan,nan,nan,nan,nan,nan
30.79,0.0,42.0,38.0,0.9047619047619048,0.012722202714090535,0.02201566020253228,0.7195536028699703,nan,nan,nan,nan,nan,nan,nan,nan,nan,nan,nan,nan
30.93,0.0,40.0,36.0,0.9,0.01304521944254971,0.02660935777208921,0.8303675865584106,nan,nan,nan,nan,nan,nan,nan,nan,nan,nan,nan,nan
31.190000000000005,0.0,42.0,38.0,0.9047619047619048,0.015093657332741156,0.032256050115167675,0.6530812482340805,nan,nan,nan,nan,nan,nan,nan,nan,nan,nan,nan,nan
31.330000000000005,0.0,40.0,40.0,1.0,0.013757731067201883,0.033068009646394655,0.9094148073335527,nan,nan,nan,nan,nan,nan,nan,nan,nan,nan,nan,nan
31.529999999999994,0.0,40.0,40.0,1.0,0.013671530841862919,0.038559546358375156,0.6751852625743012,nan,nan,nan,nan,nan,nan,nan,nan,nan,nan,nan,nan
31.729999999999997,0.0,44.0,40.0,0.9090909090909091,0.015845551380908707,0.035271943987962004,0.6957603618156636,nan,nan,nan,nan,nan,nan,nan,nan,nan,nan,nan,nan
31.970000000000006,0.0,44.0,40.0,0.9090909090909091,0.01866641797738778,0.031103663839460224,0.8207730598452865,nan,nan,nan,nan,nan,nan,nan,nan,nan,nan,nan,nan
32.13,0.0,45.0,40.0,0.8888888888888888,0.015956496762682765,0.03511230072135487,0.6746133959682845,nan,nan,nan,nan,nan,nan,nan,nan,nan,nan,nan,nan
32.38999999999999,0.0,41.0,36.0,0.8780487804878049,0.015172313585447603,0.03972274087831777,0.8139449123590817,nan,nan,nan,nan,nan,nan,nan,nan,nan,nan,nan,nan
32.550000000000004,0.0,47.0,42.0,0.8936170212765957,0.015477444054417927,0.03398000542792723,0.8308098565135446,nan,nan,nan,nan,nan,nan,nan,nan,nan,nan,nan,nan
32.74999999999999,0.0,44.0,39.0,0.8863636363636364,0.015429126732192072,0.03133046678007567,0.7882645228456333,nan,nan,nan,nan,nan,nan,nan,nan,nan,nan,nan,nan
33.23,0.0,44.0,39.0,0.8863636363636364,0.015429126732192072,0.03133046678007567,0.7882645228456333,nan,nan,nan,nan,nan,nan,nan,nan,nan,nan,nan,nan
33.24999999999999,0.0,44.0,38.0,0.8636363636363636,0.014792161082804383,0.026308496534011228,0.6678447302024596,nan,nan,nan,nan,nan,nan,nan,nan,nan,nan,nan,nan
33.29,0.0,44.0,38.0,0.8636363636363636,0.01604631997721377,0.02798590495220252,0.6819106100469357,nan,nan,nan,nan,nan,nan,nan,nan,nan,nan,nan,nan
33.550000000000004,0.0,43.0,35.0,0.813953488372093,0.016173346370332423,0.03245433054058744,1.0616048020949493,nan,nan,nan,nan,nan,nan,nan,nan,nan,nan,nan,nan
33.690000000000005,0.0,48.0,40.0,0.8333333333333334,0.015340311360752285,0.035424788885922556,0.7485440948710355,nan,nan,nan,nan,nan,nan,nan,nan,nan,nan,nan,nan
33.88999999999999,0.0,48.0,40.0,0.8333333333333334,0.015583760750069304,0.03840842729226848,0.8155833849954297,nan,nan,nan,nan,nan,nan,nan,nan,nan,nan,nan,nan
34.089999999999996,0.0,51.0,40.0,0.7843137254901961,0.01644563556014323,0.03332894650862746,1.04010300898324,nan,nan,nan,nan,nan,nan,nan,nan,nan,nan,nan,nan
34.29,0.0,54.0,46.0,0.8518518518518519,0.027287257419262433,0.0640684415496871,4.371266281018938,nan,nan,nan,nan,nan,nan,nan,nan,nan,nan,nan,nan
34.550000000000004,0.0,53.0,43.0,0.8113207547169812,0.02792712920775309,0.05681974721287775,5.387719825926225,nan,nan,nan,nan,nan,nan,nan,nan,nan,nan,nan,nan
34.690000000000005,0.0,52.0,42.0,0.8076923076923077,0.024902498431137433,0.052400766732975376,5.68316457920095,nan,nan,nan,nan,nan,nan,nan,nan,nan,nan,nan,nan
35.029999999999994,0.0,53.0,43.0,0.8113207547169812,0.025852477895690243,0.05156787123339274,6.116032853370861,nan,nan,nan,nan,nan,nan,nan,nan,nan,nan,nan,nan
35.15,0.0,58.0,48.0,0.8275862068965517,0.02984937219233237,0.06645565557094861,6.226493894515124,nan,nan,nan,nan,nan,nan,nan,nan,nan,nan,nan,nan
35.24999999999999,0.0,51.0,41.0,0.803921568627451,0.02614333934903694,0.05278239976453315,6.011726236451858,nan,nan,nan,nan,nan,nan,nan,nan,nan,nan,nan,nan
35.550000000000004,0.0,54.0,45.0,0.8333333333333334,0.029904899800319296,0.07131866891082744,7.023435381867585,nan,nan,nan,nan,nan,nan,nan,nan,nan,nan,nan,nan
35.690000000000005,0.0,49.0,35.0,0.7142857142857143,0.014133560598402733,0.03433904698691662,0.9238907638383032,nan,nan,nan,nan,nan,nan,nan,nan,nan,nan,nan,nan
35.85,0.0,45.0,32.0,0.7111111111111111,0.013790919395497057,0.03308832026979088,0.8827284313692806,nan,nan,nan,nan,nan,nan,nan,nan,nan,nan,nan,nan
36.13,0.0,53.0,42.0,0.7924528301886793,0.028471060764603335,0.12580138241109629,3.896763980532828,nan,nan,nan,nan,nan,nan,nan,nan,nan,nan,nan,nan
36.35,0.0,54.0,42.0,0.7777777777777778,0.01563239663424014,0.04008756543642883,0.7066949140566428,nan,nan,nan,nan,nan,nan,nan,nan,nan,nan,nan,nan
36.449999999999996,0.0,51.0,45.0,0.8823529411764706,0.024752521449052104,0.14821329864412952,2.2022813610548893,nan,nan,nan,nan,nan,nan,nan,nan,nan,nan,nan,nan
36.65,0.0,45.0,39.0,0.8666666666666667,0.017247535429658803,0.0331438216883235,0.8342642908169191,nan,nan,nan,nan,nan,nan,nan,nan,nan,nan,nan,nan
36.93,0.0,46.0,34.0,0.7391304347826086,0.014364851345644107,0.038858581878597136,0.7316957235615816,nan,nan,nan,nan,nan,nan,nan,nan,nan,nan,nan,nan
37.050000000000004,0.0,52.0,39.0,0.75,0.015633800460634395,0.038550481010490356,0.683331440292491,nan,nan,nan,nan,nan,nan,nan,nan,nan,nan,nan,nan
37.330000000000005,0.0,47.0,35.0,0.7446808510638298,0.015800700555584548,0.03093898021937983,0.8747968451149236,nan,nan,nan,nan,nan,nan,nan,nan,nan,nan,nan,nan
37.449999999999996,0.0,46.0,33.0,0.717391304347826,0.014725288910608652,0.031420641761005626,0.997106302615073,nan,nan,nan,nan,nan,nan,nan,nan,nan,nan,nan,nan
37.65,0.0,47.0,33.0,0.7021276595744681,0.014284031800851039,0.03621925022096299,0.8953078898284575,nan,nan,nan,nan,nan,nan,nan,nan,nan,nan,nan,nan
37.93,0.0,54.0,42.0,0.7777777777777778,0.03012314562591944,0.10018990201323244,7.467512274808364,nan,nan,nan,nan,nan,nan,nan,nan,nan,nan,nan,nan
38.029999999999994,0.0,57.0,46.0,0.8070175438596491,0.03491687465385524,0.08809253295408392,8.509019069001107,nan,nan,nan,nan,nan,nan,nan,nan,nan,nan,nan,nan
38.330000000000005,0.0,61.0,49.0,0.8032786885245902,0.04460783074953015,0.1082052829949945,9.079622881881336,nan,nan,nan,nan,nan,nan,nan,nan,nan,nan,nan,nan
38.449999999999996,0.0,63.0,51.0,0.8095238095238095,0.042132251065707796,0.10267413644961347,8.852370324464378,nan,nan,nan,nan,nan,nan,nan,nan,nan,nan,nan,nan
38.73,0.0,45.0,31.0,0.6888888888888889,0.07464913160019501,0.1131877171331775,7.979532034200201,nan,nan,nan,nan,nan,nan,nan,nan,nan,nan,nan,nan
38.830000000000005,0.0,45.0,34.0,0.7555555555555555,0.06867344571613375,0.113780561434248,7.944872492427407,nan,nan,nan,nan,nan,nan,nan,nan,nan,nan,nan,nan
39.07,0.0,49.0,33.0,0.673469387755102,0.05460579141427462,0.12856315020547934,7.597261829688758,nan,nan,nan,nan,nan,nan,nan,nan,nan,nan,nan,nan
39.27,0.0,50.0,41.0,0.82,0.10599778772433112,0.15773134835228597,8.493618442791666,nan,nan,nan,nan,nan,nan,nan,nan,nan,nan,nan,nan
39.43,0.0,53.0,35.0,0.660377358490566,0.10149238995240359,0.1486661870633522,5.848902895611623,nan,nan,nan,nan,nan,nan,nan,nan,nan,nan,nan,nan
39.669999999999995,0.0,52.0,40.0,0.7692307692307693,0.12283202646830471,0.1740533545611578,6.853579048018422,nan,nan,nan,nan,nan,nan,nan,nan,nan,nan,nan,nan
39.88999999999999,0.0,54.0,42.0,0.7777777777777778,0.13743473536311515,0.19567331844563315,6.252046882291919,nan,nan,nan,nan,nan,nan,nan,nan,nan,nan,nan,nan
40.089999999999996,0.0,55.0,41.0,0.7454545454545455,0.1363358032492853,0.18823155673053166,6.4645340484172955,nan,nan,nan,nan,nan,nan,nan,nan,nan,nan,nan,nan
40.23,0.0,53.0,45.0,0.8490566037735849,0.14570465453411677,0.24744235877271248,6.9938144795476465,nan,nan,nan,nan,nan,nan,nan,nan,nan,nan,nan,nan
40.43,0.0,69.0,59.0,0.855072463768116,0.15479249603650874,0.25477137412450346,7.398603851649642,nan,nan,nan,nan,nan,nan,nan,nan,nan,nan,nan,nan
40.63,0.0,64.0,47.0,0.734375,0.15661410075351873,0.2576972407427635,8.268572644229224,nan,nan,nan,nan,nan,nan,nan,nan,nan,nan,nan,nan
40.830000000000005,0.0,61.0,43.0,0.7049180327868853,0.16225389464132667,0.2623938062027661,9.25756440853133,nan,nan,nan,nan,nan,nan,nan,nan,nan,nan,nan,nan
41.029999999999994,0.0,72.0,58.0,0.8055555555555556,0.08584863145596158,0.227730506364254,7.332335500073083,nan,nan,nan,nan,nan,nan,nan,nan,nan,nan,nan,nan
41.23,0.0,71.0,60.0,0.8450704225352113,0.0854020557432062,0.2258022161469812,8.687413351095163,nan,nan,nan,nan,nan,nan,nan,nan,nan,nan,nan,nan
41.43,0.0,65.0,53.0,0.8153846153846154,0.06981292514080462,0.17860330817042608,8.64875461086642,nan,nan,nan,nan,nan,nan,nan,nan,nan,nan,nan,nan
41.63,0.0,67.0,55.0,0.8208955223880597,0.08670133561094351,0.18319350880035987,7.524560726768773,nan,nan,nan,nan,nan,nan,nan,nan,nan,nan,nan,nan
42.029999999999994,0.0,65.0,50.0,0.7692307692307693,0.111293038895272,0.2065469179017329,7.606814000440958,nan,nan,nan,nan,nan,nan,nan,nan,nan,nan,nan,nan
42.190000000000005,0.0,66.0,49.0,0.7424242424242424,0.12899737091904193,0.2112383303510765,7.123217550818733,nan,nan,nan,nan,nan,nan,nan,nan,nan,nan,nan,nan
42.38999999999999,0.0,68.0,48.0,0.7058823529411765,0.14009475705212907,0.21715384676050495,5.6995474643714745,nan,nan,nan,nan,nan,nan,nan,nan,nan,nan,nan,nan
42.589999999999996,0.0,63.0,46.0,0.7301587301587301,0.1529932754395336,0.22286336886429375,7.619407125070859,nan,nan,nan,nan,nan,nan,nan,nan,nan,nan,nan,nan
42.830000000000005,0.0,63.0,47.0,0.746031746031746,0.16042225367190566,0.24922760511196906,6.296211452755286,nan,nan,nan,nan,nan,nan,nan,nan,nan,nan,nan,nan
43.050000000000004,0.0,65.0,47.0,0.7230769230769231,0.1677474923002529,0.2593885099629082,9.095531404169472,nan,nan,nan,nan,nan,nan,nan,nan,nan,nan,nan,nan
43.190000000000005,0.0,61.0,46.0,0.7540983606557377,0.17083693305713266,0.2641597933998386,9.793412490499744,nan,nan,nan,nan,nan,nan,nan,nan,nan,nan,nan,nan
43.38999999999999,0.0,72.0,46.0,0.6388888888888888,0.17789027634995244,0.2670722720845288,7.269006910778012,nan,nan,nan,nan,nan,nan,nan,nan,nan,nan,nan,nan
43.65,0.0,68.0,54.0,0.7941176470588235,0.15461386458286627,0.2760226962732627,10.468844022811322,nan,nan,nan,nan,nan,nan,nan,nan,nan,nan,nan,nan
43.79,0.0,59.0,39.0,0.6610169491525424,0.19179330057638058,0.31638357814591694,9.241436483449563,nan,nan,nan,nan,nan,nan,nan,nan,nan,nan,nan,nan
44.050000000000004,0.0,57.0,51.0,0.8947368421052632,0.1528809613731805,0.2981871263844522,7.694502302950371,nan,nan,nan,nan,nan,nan,nan,nan,nan,nan,nan,nan
44.190000000000005,0.0,58.0,52.0,0.896551724137931,0.14939583308660953,0.3030058855402934,7.890139951699308,nan,nan,nan,nan,nan,nan,nan,nan,nan,nan,nan,nan
44.38999999999999,0.0,60.0,54.0,0.9,0.15025799923958905,0.30787318145341225,8.830638183099506,nan,nan,nan,nan,nan,nan,nan,nan,nan,nan,nan,nan
44.65,0.0,52.0,43.0,0.8269230769230769,0.1474101544690456,0.252420501776682,7.67438643688285,nan,nan,nan,nan,nan,nan,nan,nan,nan,nan,nan,nan
44.79,0.0,57.0,47.0,0.8245614035087719,0.14814286291048903,0.25465238293988296,8.082857364924678,nan,nan,nan,nan,nan,nan,nan,nan,nan,nan,nan,nan
44.99,0.0,50.0,39.0,0.78,0.1535436460588636,0.2596085930392122,8.42599572186384,nan,nan,nan,nan,nan,nan,nan,nan,nan,nan,nan,nan
45.190000000000005,0.0,53.0,40.0,0.7547169811320755,0.1602474826802054,0.2284496714632568,7.066052155602833,nan,nan,nan,nan,nan,nan,nan,nan,nan,nan,nan,nan
45.38999999999999,0.0,51.0,42.0,0.8235294117647058,0.16262403058453903,0.21543628248158517,7.789205752893498,nan,nan,nan,nan,nan,nan,nan,nan,nan,nan,nan,nan
45.74999999999999,0.0,54.0,41.0,0.7592592592592593,0.16520381569094292,0.22260823374394148,7.251379023628775,nan,nan,nan,nan,nan,nan,nan,nan,nan,nan,nan,nan
45.79,0.0,62.0,54.0,0.8709677419354839,0.12991648593081365,0.2549141694339351,5.991468258935184,nan,nan,nan,nan,nan,nan,nan,nan,nan,nan,nan,nan
45.949999999999996,0.0,66.0,62.0,0.9393939393939394,0.14210616808647034,0.2953649752967313,7.739144458042282,nan,nan,nan,nan,nan,nan,nan,nan,nan,nan,nan,nan
46.23,0.0,66.0,58.0,0.8787878787878788,0.14539283599910044,0.3052124830163179,8.942842211570719,nan,nan,nan,nan,nan,nan,nan,nan,nan,nan,nan,nan
46.35,0.0,70.0,61.0,0.8714285714285714,0.1457705585234172,0.30658276288029485,8.348468247939604,nan,nan,nan,nan,nan,nan,nan,nan,nan,nan,nan,nan
46.550000000000004,0.0,74.0,64.0,0.8648648648648649,0.15165283987414568,0.31200696011356327,7.950958613160898,nan,nan,nan,nan,nan,nan,nan,nan,nan,nan,nan,nan
46.74999999999999,0.0,63.0,55.0,0.873015873015873,0.1443474681471805,0.27587203535352267,8.622525229638821,nan,nan,nan,nan,nan,nan,nan,nan,nan,nan,nan,nan
46.949999999999996,0.0,66.0,59.0,0.8939393939393939,0.15704330034400896,0.3106822960859286,8.712234936957422,nan,nan,nan,nan,nan,nan,nan,nan,nan,nan,nan,nan
47.15,0.0,57.0,40.0,0.7017543859649122,0.14061140802443067,0.23871781337985482,9.262533194276617,nan,nan,nan,nan,nan,nan,nan,nan,nan,nan,nan,nan
47.63,0.0,55.0,44.0,0.8,0.1775880278234043,0.2519457359035773,8.319409001473208,nan,nan,nan,nan,nan,nan,nan,nan,nan,nan,nan,nan
47.830000000000005,0.0,49.0,37.0,0.7551020408163265,0.1845557280385523,0.26045508218863517,8.310357963248315,nan,nan,nan,nan,nan,nan,nan,nan,nan,nan,nan,nan
48.029999999999994,0.0,57.0,43.0,0.7543859649122807,0.19051998427026276,0.278418624216722,7.427872442815086,nan,nan,nan,nan,nan,nan,nan,nan,nan,nan,nan,nan
48.23,0.0,71.0,44.0,0.6197183098591549,0.19591045368843343,0.2894805931739918,6.8935438063183545,nan,nan,nan,nan,nan,nan,nan,nan,nan,nan,nan,nan
48.330000000000005,0.0,75.0,57.0,0.76,0.17462650113578218,0.3449398937690513,9.221987322080732,nan,nan,nan,nan,nan,nan,nan,nan,nan,nan,nan,nan
48.550000000000004,0.0,72.0,58.0,0.8055555555555556,0.18151984061690352,0.34601812454473774,10.965157592248655,nan,nan,nan,nan,nan,nan,nan,nan,nan,nan,nan,nan
48.830000000000005,0.0,72.0,59.0,0.8194444444444444,0.17687616845818743,0.3106663123338911,8.508504703195669,nan,nan,nan,nan,nan,nan,nan,nan,nan,nan,nan,nan
48.93,0.0,75.0,57.0,0.76,0.15497427777044526,0.3435594418212984,6.865547106909674,nan,nan,nan,nan,nan,nan,nan,nan,nan,nan,nan,nan
49.15,0.0,59.0,48.0,0.8135593220338984,0.16040662123592855,0.32836946029889336,8.632557343321608,nan,nan,nan,nan,nan,nan,nan,nan,nan,nan,nan,nan
49.330000000000005,0.0,58.0,49.0,0.8448275862068966,0.18530696433440286,0.33619347744538075,7.810094322211914,nan,nan,nan,nan,nan,nan,nan,nan,nan,nan,nan,nan
49.65,0.0,63.0,46.0,0.7301587301587301,0.16898456717856405,0.324959990082158,10.127244603876411,nan,nan,nan,nan,nan,nan,nan,nan,nan,nan,nan,nan
49.73,0.0,53.0,36.0,0.6792452830188679,0.16854767366798418,0.28674905833615816,7.04862935710071,nan,nan,nan,nan,nan,nan,nan,nan,nan,nan,nan,nan
49.93,0.0,55.0,35.0,0.6363636363636364,0.18415314790450954,0.2689436523552349,7.489218270531199,nan,nan,nan,nan,nan,nan,nan,nan,nan,nan,nan,nan
50.13,0.0,58.0,47.0,0.8103448275862069,0.15793697823714295,0.27865516254655687,6.879675653433594,nan,nan,nan,nan,nan,nan,nan,nan,nan,nan,nan,nan
50.330000000000005,0.0,58.0,36.0,0.6206896551724138,0.1883651961972917,0.27729528227335964,7.4560317206199755,nan,nan,nan,nan,nan,nan,nan,nan,nan,nan,nan,nan
50.529999999999994,0.0,57.0,48.0,0.8421052631578947,0.16521011612270936,0.30218856837075647,6.796240016940044,nan,nan,nan,nan,nan,nan,nan,nan,nan,nan,nan,nan
50.79,0.0,69.0,63.0,0.9130434782608695,0.16989765138061047,0.3072330879305054,7.515997886857497,nan,nan,nan,nan,nan,nan,nan,nan,nan,nan,nan,nan
50.93,0.0,64.0,54.0,0.84375,0.17519882640058573,0.30696307309472837,9.129530951993809,nan,nan,nan,nan,nan,nan,nan,nan,nan,nan,nan,nan
51.13,0.0,66.0,59.0,0.8939393939393939,0.16755762705679556,0.3113175046208481,8.086762349476343,nan,nan,nan,nan,nan,nan,nan,nan,nan,nan,nan,nan
51.449999999999996,0.0,75.0,69.0,0.92,0.18713102139855717,0.3427421761194434,8.750743279343949,nan,nan,nan,nan,nan,nan,nan,nan,nan,nan,nan,nan
51.589999999999996,0.0,59.0,54.0,0.9152542372881356,0.19121232394680096,0.3336373043283549,8.165032008094641,nan,nan,nan,nan,nan,nan,nan,nan,nan,nan,nan,nan
51.73,0.0,54.0,44.0,0.8148148148148148,0.18455816894557883,0.2701236919073941,7.936856651007566,nan,nan,nan,nan,nan,nan,nan,nan,nan,nan,nan,nan
51.93,0.0,57.0,45.0,0.7894736842105263,0.20343758447742152,0.3274647081618008,7.542952682812234,nan,nan,nan,nan,nan,nan,nan,nan,nan,nan,nan,nan
52.089999999999996,0.0,53.0,40.0,0.7547169811320755,0.1960175337975058,0.2666099526595791,9.811976518237065,nan,nan,nan,nan,nan,nan,nan,nan,nan,nan,nan,nan
52.330000000000005,0.0,61.0,49.0,0.8032786885245902,0.18335593207818054,0.27821440917876766,10.64251656644164,nan,nan,nan,nan,nan,nan,nan,nan,nan,nan,nan,nan
52.550000000000004,0.0,67.0,51.0,0.7611940298507462,0.18724404579563383,0.3042095897972167,6.908187120884413,nan,nan,nan,nan,nan,nan,nan,nan,nan,nan,nan,nan
52.77,0.0,68.0,55.0,0.8088235294117647,0.18853202340297007,0.31138044256922826,6.694454540535402,nan,nan,nan,nan,nan,nan,nan,nan,nan,nan,nan,nan
52.949999999999996,0.0,69.0,59.0,0.855072463768116,0.18463835287518357,0.3285106227916739,8.944220457064928,nan,nan,nan,nan,nan,nan,nan,nan,nan,nan,nan,nan
53.089999999999996,0.0,71.0,60.0,0.8450704225352113,0.19234125055948018,0.3486954683978282,8.26583221289191,nan,nan,nan,nan,nan,nan,nan,nan,nan,nan,nan,nan
53.35,0.0,69.0,57.0,0.8260869565217391,0.19491517541984768,0.3447805183634297,9.004542631627707,nan,nan,nan,nan,nan,nan,nan,nan,nan,nan,nan,nan
53.550000000000004,0.0,56.0,48.0,0.8571428571428571,0.19661045663609764,0.345320813827656,9.454653601863502,nan,nan,nan,nan,nan,nan,nan,nan,nan,nan,nan,nan
53.74999999999999,0.0,54.0,44.0,0.8148148148148148,0.19545501696040282,0.31595623944154844,8.042870588671244,nan,nan,nan,nan,nan,nan,nan,nan,nan,nan,nan,nan
53.88999999999999,0.0,60.0,43.0,0.7166666666666667,0.17520964295214805,0.3141472680365786,8.845423611740394,nan,nan,nan,nan,nan,nan,nan,nan,nan,nan,nan,nan
54.089999999999996,0.0,51.0,33.0,0.6470588235294118,0.19707359037132227,0.25956470837974865,5.640171844143903,nan,nan,nan,nan,nan,nan,nan,nan,nan,nan,nan,nan
54.29,0.0,46.0,33.0,0.717391304347826,0.17997784860952534,0.2682555364289308,7.564804690875439,nan,nan,nan,nan,nan,nan,nan,nan,nan,nan,nan,nan
54.550000000000004,0.0,50.0,36.0,0.72,0.19169434418485418,0.27292655598193233,4.952692550929315,nan,nan,nan,nan,nan,nan,nan,nan,nan,nan,nan,nan
54.65,0.0,48.0,36.0,0.75,0.18944138241890016,0.29657267252170505,5.51441318835262,nan,nan,nan,nan,nan,nan,nan,nan,nan,nan,nan,nan
54.88999999999999,0.0,64.0,54.0,0.84375,0.18410464074914762,0.32240738881229225,7.381330957460444,nan,nan,nan,nan,nan,nan,nan,nan,nan,nan,nan,nan
55.089999999999996,0.0,71.0,63.0,0.8873239436619719,0.21176385572778708,0.34477816837705777,7.6724614113980145,nan,nan,nan,nan,nan,nan,nan,nan,nan,nan,nan,nan
55.29,0.0,54.0,44.0,0.8148148148148148,0.21496485443437574,0.3179190935182814,8.774714435589305,nan,nan,nan,nan,nan,nan,nan,nan,nan,nan,nan,nan
55.550000000000004,0.0,53.0,44.0,0.8301886792452831,0.2152617395137838,0.3219428591813206,7.996235676456517,nan,nan,nan,nan,nan,nan,nan,nan,nan,nan,nan,nan
55.65,0.0,57.0,50.0,0.8771929824561403,0.20480816753164274,0.3257378954123331,8.559028189775464,nan,nan,nan,nan,nan,nan,nan,nan,nan,nan,nan,nan
55.93,0.0,61.0,45.0,0.7377049180327869,0.18013276699976646,0.32446993768418764,8.093788690806027,nan,nan,nan,nan,nan,nan,nan,nan,nan,nan,nan,nan
56.050000000000004,0.0,56.0,44.0,0.7857142857142857,0.18741931073376117,0.28945347521872017,8.325364572474744,nan,nan,nan,nan,nan,nan,nan,nan,nan,nan,nan,nan
56.24999999999999,0.0,62.0,48.0,0.7741935483870968,0.1980255377975677,0.2954198721247978,8.108953288263702,nan,nan,nan,nan,nan,nan,nan,nan,nan,nan,nan,nan
56.529999999999994,0.0,61.0,48.0,0.7868852459016393,0.19485207580172745,0.3189100704384454,9.573712666104239,nan,nan,nan,nan,nan,nan,nan,nan,nan,nan,nan,nan
56.65,0.0,59.0,48.0,0.8135593220338984,0.22383812122021163,0.33323999056885834,9.119485426746426,nan,nan,nan,nan,nan,nan,nan,nan,nan,nan,nan,nan
56.93,0.0,55.0,45.0,0.8181818181818182,0.22508873672468777,0.343046366463791,8.933424338625175,nan,nan,nan,nan,nan,nan,nan,nan,nan,nan,nan,nan
57.050000000000004,0.0,62.0,48.0,0.7741935483870968,0.21379715349265868,0.34282494961921234,10.24987541393446,nan,nan,nan,nan,nan,nan,nan,nan,nan,nan,nan,nan
57.330000000000005,0.0,55.0,44.0,0.8,0.1946206205117005,0.3482782744204932,9.834772449436208,nan,nan,nan,nan,nan,nan,nan,nan,nan,nan,nan,nan
57.43,0.0,56.0,47.0,0.8392857142857143,0.19354183501161654,0.3381449632248359,6.727993067207484,nan,nan,nan,nan,nan,nan,nan,nan,nan,nan,nan,nan
57.73,0.0,55.0,40.0,0.7272727272727273,0.18255448690915962,0.2845114865677636,7.605756899461373,nan,nan,nan,nan,nan,nan,nan,nan,nan,nan,nan,nan
57.93,0.0,55.0,43.0,0.7818181818181819,0.18312199674460308,0.28507453208914985,5.501934674201117,nan,nan,nan,nan,nan,nan,nan,nan,nan,nan,nan,nan
58.050000000000004,0.0,53.0,42.0,0.7924528301886793,0.19375750724001248,0.3077803888173169,4.919737076407217,nan,nan,nan,nan,nan,nan,nan,nan,nan,nan,nan,nan
58.24999999999999,0.0,52.0,41.0,0.7884615384615384,0.20738990572239416,0.31530558602313424,7.233895573140275,nan,nan,nan,nan,nan,nan,nan,nan,nan,nan,nan,nan
58.529999999999994,0.0,61.0,50.0,0.819672131147541,0.21860313463570694,0.3422864769230317,6.913167074040274,nan,nan,nan,nan,nan,nan,nan,nan,nan,nan,nan,nan
58.73,0.0,54.0,45.0,0.8333333333333334,0.21510174541375204,0.3423798677158267,8.661984722299282,nan,nan,nan,nan,nan,nan,nan,nan,nan,nan,nan,nan
58.949999999999996,0.0,63.0,52.0,0.8253968253968254,0.21935175482809827,0.3317545980831378,8.708591485092208,nan,nan,nan,nan,nan,nan,nan,nan,nan,nan,nan,nan
59.029999999999994,0.0,61.0,50.0,0.819672131147541,0.20874307751878124,0.3298383193512349,6.843834917513588,nan,nan,nan,nan,nan,nan,nan,nan,nan,nan,nan,nan
59.24999999999999,0.0,49.0,40.0,0.8163265306122449,0.22987908752037384,0.3429581069006122,5.466682149792328,nan,nan,nan,nan,nan,nan,nan,nan,nan,nan,nan,nan
59.449999999999996,0.0,54.0,41.0,0.7592592592592593,0.20706789630499012,0.30525783318170924,7.6009151208841255,nan,nan,nan,nan,nan,nan,nan,nan,nan,nan,nan,nan
59.63,0.0,56.0,49.0,0.875,0.2191597711378598,0.31074273361437044,6.184163444011356,nan,nan,nan,nan,nan,nan,nan,nan,nan,nan,nan,nan
59.830000000000005,0.0,55.0,43.0,0.7818181818181819,0.22017491854147264,0.3167269813634353,6.795347568083509,nan,nan,nan,nan,nan,nan,nan,nan,nan,nan,nan,nan
60.029999999999994,0.0,53.0,41.0,0.7735849056603774,0.22836167339782174,0.31710093114532756,8.247031498535776,nan,nan,nan,nan,nan,nan,nan,nan,nan,nan,nan,nan
60.29,0.0,52.0,34.0,0.6538461538461539,0.23599040005972546,0.33044119238659814,7.680314019210442,nan,nan,nan,nan,nan,nan,nan,nan,nan,nan,nan,nan
60.43,0.0,58.0,45.0,0.7758620689655172,0.21458636671529865,0.314018815961838,8.58637400172314,nan,nan,nan,nan,nan,nan,nan,nan,nan,nan,nan,nan
60.63,0.0,48.0,41.0,0.8541666666666666,0.2214400213903938,0.3465596806612829,7.330103095936919,nan,nan,nan,nan,nan,nan,nan,nan,nan,nan,nan,nan
60.830000000000005,0.0,55.0,38.0,0.6909090909090909,0.20262122885872086,0.30206912782132106,6.494982786934257,nan,nan,nan,nan,nan,nan,nan,nan,nan,nan,nan,nan
61.029999999999994,0.0,59.0,44.0,0.7457627118644068,0.22088403515871635,0.3406090119940769,7.602203762793519,nan,nan,nan,nan,nan,nan,nan,nan,nan,nan,nan,nan
61.23,0.0,55.0,43.0,0.7818181818181819,0.22160633993799855,0.34222755266955696,6.983251954468686,nan,nan,nan,nan,nan,nan,nan,nan,nan,nan,nan,nan
61.550000000000004,0.0,60.0,46.0,0.7666666666666667,0.2298119664631838,0.3237854062440627,7.718411607897777,nan,nan,nan,nan,nan,nan,nan,nan,nan,nan,nan,nan
61.63,0.0,54.0,38.0,0.7037037037037037,0.2386554278068381,0.32901366464572224,9.30957577505866,nan,nan,nan,nan,nan,nan,nan,nan,nan,nan,nan,nan
61.830000000000005,0.0,51.0,37.0,0.7254901960784313,0.24303808951142047,0.3323053678132708,7.589842366445812,nan,nan,nan,nan,nan,nan,nan,nan,nan,nan,nan,nan
62.089999999999996,0.0,61.0,49.0,0.8032786885245902,0.2390872461764011,0.3381154923772899,7.453986867834433,nan,nan,nan,nan,nan,nan,nan,nan,nan,nan,nan,nan
62.190000000000005,0.0,46.0,39.0,0.8478260869565217,0.24274223476097959,0.34872687711776057,8.880894647808521,nan,nan,nan,nan,nan,nan,nan,nan,nan,nan,nan,nan
62.449999999999996,0.0,51.0,39.0,0.7647058823529411,0.21777441218399596,0.32139818501737916,7.929916913442486,nan,nan,nan,nan,nan,nan,nan,nan,nan,nan,nan,nan
62.589999999999996,0.0,54.0,42.0,0.7777777777777778,0.23287354086359108,0.3406752052175644,6.843311150829107,nan,nan,nan,nan,nan,nan,nan,nan,nan,nan,nan,nan
62.93,0.0,48.0,42.0,0.875,0.24726171686771503,0.34624966900131804,7.811534201913983,nan,nan,nan,nan,nan,nan,nan,nan,nan,nan,nan,nan
63.050000000000004,0.0,58.0,49.0,0.8448275862068966,0.22937198599641337,0.3485005596696549,9.26768863487257,nan,nan,nan,nan,nan,nan,nan,nan,nan,nan,nan,nan
63.24999999999999,0.0,50.0,42.0,0.84,0.22979498495495207,0.3274700404510602,8.984974996360524,nan,nan,nan,nan,nan,nan,nan,nan,nan,nan,nan,nan
63.38999999999999,0.0,49.0,44.0,0.8979591836734694,0.21765660772026685,0.3457760110347443,8.909303049146398,nan,nan,nan,nan,nan,nan,nan,nan,nan,nan,nan,nan
63.589999999999996,0.0,53.0,44.0,0.8301886792452831,0.23965742344692445,0.3376475818805217,7.950785152286269,nan,nan,nan,nan,nan,nan,nan,nan,nan,nan,nan,nan
63.93,0.0,52.0,39.0,0.75,0.23828666193030953,0.3387142788285218,7.942450826819798,nan,nan,nan,nan,nan,nan,nan,nan,nan,nan,nan,nan
63.99,0.0,49.0,42.0,0.8571428571428571,0.22373992249226604,0.3370000281333073,9.380653836099757,nan,nan,nan,nan,nan,nan,nan,nan,nan,nan,nan,nan
64.19,0.0,46.0,40.0,0.8695652173913043,0.24753182917323996,0.342378530016639,8.680417618301973,nan,nan,nan,nan,nan,nan,nan,nan,nan,nan,nan,nan
64.38999999999999,0.0,54.0,45.0,0.8333333333333334,0.24087771641796607,0.3493339255763446,6.998892010979742,nan,nan,nan,nan,nan,nan,nan,nan,nan,nan,nan,nan
64.59,0.0,53.0,45.0,0.8490566037735849,0.23754854901120176,0.3437774794058768,8.030422727977985,nan,nan,nan,nan,nan,nan,nan,nan,nan,nan,nan,nan
64.93,0.0,56.0,44.0,0.7857142857142857,0.2526556146138431,0.3367967059108952,7.768678145093513,nan,nan,nan,nan,nan,nan,nan,nan,nan,nan,nan,nan
65.13,0.0,48.0,39.0,0.8125,0.25015607406096696,0.32188714857191236,6.860805298310578,nan,nan,nan,nan,nan,nan,nan,nan,nan,nan,nan,nan
65.15,0.0,51.0,43.0,0.8431372549019608,0.2503330290311976,0.33815441538374863,8.321238099607314,nan,nan,nan,nan,nan,nan,nan,nan,nan,nan,nan,nan
65.35,0.0,51.0,40.0,0.7843137254901961,0.2542613467570918,0.3378806283051684,7.420879710621968,nan,nan,nan,nan,nan,nan,nan,nan,nan,nan,nan,nan
65.55000000000001,0.0,51.0,40.0,0.7843137254901961,0.25368865812571306,0.33654341478505084,7.174581759336503,nan,nan,nan,nan,nan,nan,nan,nan,nan,nan,nan,nan
65.75,0.0,50.0,39.0,0.78,0.2522436082530988,0.32315195649644035,7.287242705635512,nan,nan,nan,nan,nan,nan,nan,nan,nan,nan,nan,nan
66.03,0.0,51.0,39.0,0.7647058823529411,0.2531623267200994,0.33861360541777763,6.700133892382391,nan,nan,nan,nan,nan,nan,nan,nan,nan,nan,nan,nan
66.28999999999999,0.0,55.0,45.0,0.8181818181818182,0.23595465575897354,0.3360060606921117,7.000461093300805,nan,nan,nan,nan,nan,nan,nan,nan,nan,nan,nan,nan
66.35,0.0,53.0,43.0,0.8113207547169812,0.2409449254936698,0.33482238675732456,6.720929549206903,nan,nan,nan,nan,nan,nan,nan,nan,nan,nan,nan,nan
66.63,0.0,53.0,43.0,0.8113207547169812,0.24311528721221948,0.34020161182220177,7.663268085992237,nan,nan,nan,nan,nan,nan,nan,nan,nan,nan,nan,nan
66.75,0.0,49.0,40.0,0.8163265306122449,0.2419436164222286,0.3401875579558758,6.652931907449899,nan,nan,nan,nan,nan,nan,nan,nan,nan,nan,nan,nan
66.93,0.0,46.0,37.0,0.8043478260869565,0.24245915879123525,0.337318316451836,7.512799496578011,nan,nan,nan,nan,nan,nan,nan,nan,nan,nan,nan,nan
67.13,0.0,50.0,41.0,0.82,0.24334140059715328,0.3396717989380861,7.206222558879436,nan,nan,nan,nan,nan,nan,nan,nan,nan,nan,nan,nan
67.49000000000001,0.0,52.0,42.0,0.8076923076923077,0.24330571625825698,0.34056132803798816,7.467575865495609,nan,nan,nan,nan,nan,nan,nan,nan,nan,nan,nan,nan
67.55000000000001,0.0,54.0,44.0,0.8148148148148148,0.2402454815631362,0.3388336591287549,7.7905193687175975,nan,nan,nan,nan,nan,nan,nan,nan,nan,nan,nan,nan
67.72999999999999,0.0,54.0,44.0,0.8148148148148148,0.24464167857647476,0.3396685174809384,7.597483182657727,nan,nan,nan,nan,nan,nan,nan,nan,nan,nan,nan,nan
68.09,0.0,51.0,44.0,0.8627450980392157,0.24548621902801313,0.34060280254739367,8.150288924014417,nan,nan,nan,nan,nan,nan,nan,nan,nan,nan,nan,nan
68.15,0.0,55.0,45.0,0.8181818181818182,0.23788133317148755,0.33989655140741654,7.218540714074842,nan,nan,nan,nan,nan,nan,nan,nan,nan,nan,nan,nan
68.43,0.0,55.0,47.0,0.8545454545454545,0.23671863568365029,0.33964764647185514,7.786829986111042,nan,nan,nan,nan,nan,nan,nan,nan,nan,nan,nan,nan
68.72999999999999,0.0,55.0,44.0,0.8,0.24148894263352866,0.3416507330633623,7.323325722953602,nan,nan,nan,nan,nan,nan,nan,nan,nan,nan,nan,nan
68.75,0.0,54.0,46.0,0.8518518518518519,0.2378111478254986,0.33974512824916414,7.9601919087302,nan,nan,nan,nan,nan,nan,nan,nan,nan,nan,nan,nan
68.94999999999999,0.0,50.0,44.0,0.88,0.24131504205064983,0.341263436028351,7.876366548153794,nan,nan,nan,nan,nan,nan,nan,nan,nan,nan,nan,nan
69.13,0.0,55.0,47.0,0.8545454545454545,0.24136152861689783,0.34299527054819257,7.902427192755298,nan,nan,nan,nan,nan,nan,nan,nan,nan,nan,nan,nan
69.33000000000001,0.0,56.0,47.0,0.8392857142857143,0.2418684651664674,0.34042658551241994,7.576721016518008,nan,nan,nan,nan,nan,nan,nan,nan,nan,nan,nan,nan
69.59,0.0,51.0,46.0,0.9019607843137255,0.2382517038351672,0.3403738811741268,8.09276342734121,nan,nan,nan,nan,nan,nan,nan,nan,nan,nan,nan,nan
69.72999999999999,0.0,52.0,47.0,0.9038461538461539,0.2454847306296193,0.3431564042809498,8.286624393247985,nan,nan,nan,nan,nan,nan,nan,nan,nan,nan,nan,nan
69.93,0.0,52.0,47.0,0.9038461538461539,0.24287043238770117,0.3404742882600074,7.406632737866699,nan,nan,nan,nan,nan,nan,nan,nan,nan,nan,nan,nan
70.19,0.0,54.0,48.0,0.8888888888888888,0.2433232698480946,0.3426976744156591,7.899211683090547,nan,nan,nan,nan,nan,nan,nan,nan,nan,nan,nan,nan
70.33000000000001,0.0,50.0,38.0,0.76,0.2454170075057838,0.34102340626475486,6.369935591426643,nan,nan,nan,nan,nan,nan,nan,nan,nan,nan,nan,nan
70.59,0.0,52.0,46.0,0.8846153846153846,0.23964685055256021,0.3421513963436897,8.41492418240826,nan,nan,nan,nan,nan,nan,nan,nan,nan,nan,nan,nan
70.78999999999999,0.0,51.0,44.0,0.8627450980392157,0.24917489550816702,0.3429915788794835,8.524349469589604,nan,nan,nan,nan,nan,nan,nan,nan,nan,nan,nan,nan
70.93,0.0,51.0,46.0,0.9019607843137255,0.24375679858908778,0.3429089850587778,6.587348451355277,nan,nan,nan,nan,nan,nan,nan,nan,nan,nan,nan,nan
71.13,0.0,50.0,45.0,0.9,0.2435796941481416,0.34315841316089135,7.869974701691985,nan,nan,nan,nan,nan,nan,nan,nan,nan,nan,nan,nan
71.38999999999999,0.0,51.0,46.0,0.9019607843137255,0.2411090975179113,0.341910266986156,8.204714906402158,nan,nan,nan,nan,nan,nan,nan,nan,nan,nan,nan,nan
71.59,0.0,50.0,45.0,0.9,0.2429408381057076,0.34256860413566737,7.766240387814567,nan,nan,nan,nan,nan,nan,nan,nan,nan,nan,nan,nan
71.75,0.0,54.0,44.0,0.8148148148148148,0.25437553036263977,0.3430469694108187,7.113887918717396,nan,nan,nan,nan,nan,nan,nan,nan,nan,nan,nan,nan
71.88999999999999,0.0,56.0,46.0,0.8214285714285714,0.24632519123994998,0.34250032808641945,7.865459512675876,nan,nan,nan,nan,nan,nan,nan,nan,nan,nan,nan,nan
72.09,0.0,52.0,46.0,0.8846153846153846,0.24408294733265962,0.3410268025574454,7.749149138029701,nan,nan,nan,nan,nan,nan,nan,nan,nan,nan,nan,nan
72.33000000000001,0.0,53.0,44.0,0.8301886792452831,0.2417891493138233,0.3413205992443678,7.565962796396956,nan,nan,nan,nan,nan,nan,nan,nan,nan,nan,nan,nan
72.55000000000001,0.0,50.0,45.0,0.9,0.24334649402060318,0.3432296971119407,7.8985943761555575,nan,nan,nan,nan,nan,nan,nan,nan,nan,nan,nan,nan
72.72999999999999,0.0,54.0,48.0,0.8888888888888888,0.24442813496032567,0.339586121240264,7.141612718817753,nan,nan,nan,nan,nan,nan,nan,nan,nan,nan,nan,nan
72.93,0.0,53.0,46.0,0.8679245283018868,0.2435302442487257,0.34098252297270404,8.40856070763079,nan,nan,nan,nan,nan,nan,nan,nan,nan,nan,nan,nan
73.09,0.0,50.0,45.0,0.9,0.24500576421463427,0.34435981695924855,7.595270996014227,nan,nan,nan,nan,nan,nan,nan,nan,nan,nan,nan,nan
73.35,0.0,57.0,48.0,0.8421052631578947,0.2460765739397693,0.3444136622770513,7.684188104794513,nan,nan,nan,nan,nan,nan,nan,nan,nan,nan,nan,nan
73.49000000000001,0.0,54.0,47.0,0.8703703703703703,0.24779595558958775,0.346565864653492,8.816191187888842,nan,nan,nan,nan,nan,nan,nan,nan,nan,nan,nan,nan
73.75,0.0,50.0,45.0,0.9,0.2602639168284844,0.3489867561934904,6.383586944241865,nan,nan,nan,nan,nan,nan,nan,nan,nan,nan,nan,nan
73.88999999999999,0.0,38.0,33.0,0.868421052631579,0.26909747528780553,0.3474647036047802,8.808526958319135,nan,nan,nan,nan,nan,nan,nan,nan,nan,nan,nan,nan
74.22999999999999,0.0,27.0,2.0,0.07407407407407407,0.32993271653995754,0.33958733716993733,8.893417256164634,nan,nan,nan,nan,nan,nan,nan,nan,nan,nan,nan,nan
74.28999999999999,0.0,30.0,23.0,0.7666666666666667,0.28447552390131653,0.3489811384162643,5.99622972634557,nan,nan,nan,nan,nan,nan,nan,nan,nan,nan,nan,nan
74.49000000000001,0.0,23.0,19.0,0.8260869565217391,0.2862307166827089,0.3302216493227773,9.818523463500421,nan,nan,nan,nan,nan,nan,nan,nan,nan,nan,nan,nan
74.83000000000001,0.0,15.0,4.0,0.26666666666666666,0.3394150419117503,0.34719305899505615,9.598697452045206,nan,nan,nan,nan,nan,nan,nan,nan,nan,nan,nan,nan
75.28999999999999,0.0,19.0,19.0,1.0,0.20803614621469382,0.25275122660146127,3.596904299385002,nan,nan,nan,nan,nan,nan,nan,nan,nan,nan,nan,nan
75.49000000000001,0.0,40.0,38.0,0.95,0.1331009373150225,0.21225128425522088,4.9762396489989715,nan,nan,nan,nan,nan,nan,nan,nan,nan,nan,nan,nan
75.69,0.0,40.0,40.0,1.0,0.12228323318491122,0.1792802696888515,5.274147557733543,nan,nan,nan,nan,nan,nan,nan,nan,nan,nan,nan,nan
76.09,0.0,34.0,34.0,1.0,0.12625354923214666,0.1589619748790477,3.1066131990635752,nan,nan,nan,nan,nan,nan,nan,nan,nan,nan,nan,nan
76.25,0.0,30.0,30.0,1.0,0.09663577481877342,0.12366105606440288,2.2662796367877323,nan,nan,nan,nan,nan,nan,nan,nan,nan,nan,nan,nan
76.44999999999999,0.0,33.0,33.0,1.0,0.10348776341989623,0.1247647985523942,2.0387017442677036,nan,nan,nan,nan,nan,nan,nan,nan,nan,nan,nan,nan
76.65,0.0,32.0,32.0,1.0,0.11379220772514195,0.13169675883195117,1.7478523589982282,nan,nan,nan,nan,nan,nan,nan,nan,nan,nan,nan,nan
76.83000000000001,0.0,32.0,32.0,1.0,0.13086495384464697,0.14983553114828033,1.3211806749669766,nan,nan,nan,nan,nan,nan,nan,nan,nan,nan,nan,nan
77.05000000000001,0.0,40.0,40.0,1.0,0.1256591322604613,0.1548449965740498,1.3093588737468145,nan,nan,nan,nan,nan,nan,nan,nan,nan,nan,nan,nan
77.25,0.0,39.0,39.0,1.0,0.12829579348490563,0.1547581392913563,1.3906452327954892,nan,nan,nan,nan,nan,nan,nan,nan,nan,nan,nan,nan
77.43,0.0,32.0,32.0,1.0,0.1206515287256125,0.1353364422355462,2.601302967547196,nan,nan,nan,nan,nan,nan,nan,nan,nan,nan,nan,nan
77.65,0.0,33.0,33.0,1.0,0.12805066982706476,0.16769201919303428,4.0586284848546175,nan,nan,nan,nan,nan,nan,nan,nan,nan,nan,nan,nan
77.85,0.0,34.0,33.0,0.9705882352941176,0.1852197123217192,0.24963514778896287,4.674919454084309,nan,nan,nan,nan,nan,nan,nan,nan,nan,nan,nan,nan
78.38999999999999,0.0,43.0,37.0,0.8604651162790697,0.06539011109194263,0.17756175563222892,10.964232732053855,nan,nan,nan,nan,nan,nan,nan,nan,nan,nan,nan,nan
78.59,0.0,29.0,22.0,0.7586206896551724,0.036037958554535246,0.07791808832601532,7.857487153535998,nan,nan,nan,nan,nan,nan,nan,nan,nan,nan,nan,nan
78.65,0.0,41.0,26.0,0.6341463414634146,0.1327821597076621,0.17626415122866546,6.651772175508952,nan,nan,nan,nan,nan,nan,nan,nan,nan,nan,nan,nan
78.93,0.0,54.0,44.0,0.8148148148148148,0.06569510736765145,0.19011358649589777,8.109573155596667,nan,nan,nan,nan,nan,nan,nan,nan,nan,nan,nan,nan
79.05000000000001,0.0,51.0,47.0,0.9215686274509803,0.1055361143894992,0.1827331963517405,4.697045785572,nan,nan,nan,nan,nan,nan,nan,nan,nan,nan,nan,nan
79.25,0.0,52.0,42.0,0.8076923076923077,0.0430249267188208,0.23007046913252918,10.38865476094058,nan,nan,nan,nan,nan,nan,nan,nan,nan,nan,nan,nan
79.43,0.0,54.0,43.0,0.7962962962962963,0.02933448067572254,0.08097287411839672,8.833409479862233,nan,nan,nan,nan,nan,nan,nan,nan,nan,nan,nan,nan
79.63,0.0,43.0,42.0,0.9767441860465116,0.0316625278024358,0.07831294158428892,8.725018229860662,nan,nan,nan,nan,nan,nan,nan,nan,nan,nan,nan,nan
79.83000000000001,0.0,48.0,46.0,0.9583333333333334,0.03219709889179187,0.09661343713241705,8.831309892003814,nan,nan,nan,nan,nan,nan,nan,nan,nan,nan,nan,nan
80.09,0.0,46.0,46.0,1.0,0.05736150617849221,0.09687833229199158,4.532747242774699,nan,nan,nan,nan,nan,nan,nan,nan,nan,nan,nan,nan
80.22999999999999,0.0,46.0,45.0,0.9782608695652174,0.04931142566699431,0.11901885063044282,4.7506159701414585,nan,nan,nan,nan,nan,nan,nan,nan,nan,nan,nan,nan
80.53,0.0,36.0,30.0,0.8333333333333334,0.07741606175724144,0.12407473616006472,3.9600895584473164,nan,nan,nan,nan,nan,nan,nan,nan,nan,nan,nan,nan
80.63,0.0,46.0,39.0,0.8478260869565217,0.12544079086550064,0.1626000573821062,2.0024751142722454,nan,nan,nan,nan,nan,nan,nan,nan,nan,nan,nan,nan
81.09,0.0,42.0,39.0,0.9285714285714286,0.16162674270012742,0.18734591669532924,1.4778763407225721,nan,nan,nan,nan,nan,nan,nan,nan,nan,nan,nan,nan
81.22999999999999,0.0,42.0,40.0,0.9523809523809523,0.1986825186637403,0.22057888857229155,1.2167759721815006,nan,nan,nan,nan,nan,nan,nan,nan,nan,nan,nan,nan
81.49000000000001,0.0,43.0,42.0,0.9767441860465116,0.17910888372424394,0.2062677189262164,0.9701955980360624,nan,nan,nan,nan,nan,nan,nan,nan,nan,nan,nan,nan
81.63,0.0,54.0,46.0,0.8518518518518519,0.18200607452475961,0.20078460789801797,1.121855138784767,nan,nan,nan,nan,nan,nan,nan,nan,nan,nan,nan,nan
81.83000000000001,0.0,44.0,42.0,0.9545454545454546,0.17334595053331908,0.20153647038341949,2.6977456771641712,nan,nan,nan,nan,nan,nan,nan,nan,nan,nan,nan,nan
82.03,0.0,44.0,44.0,1.0,0.16742870079531272,0.1895163388843115,2.858473814084384,nan,nan,nan,nan,nan,nan,nan,nan,nan,nan,nan,nan
82.22999999999999,0.0,35.0,4.0,0.11428571428571428,0.345149059257471,0.3494252991928188,2.04102769159058,nan,nan,nan,nan,nan,nan,nan,nan,nan,nan,nan,nan
82.38999999999999,0.0,32.0,31.0,0.96875,0.15014258418380758,0.17536374315878375,3.597679091156737,nan,nan,nan,nan,nan,nan,nan,nan,nan,nan,nan,nan
82.63,0.0,30.0,25.0,0.8333333333333334,0.13588863401202358,0.1580876449981814,3.5344112819926035,nan,nan,nan,nan,nan,nan,nan,nan,nan,nan,nan,nan
82.83000000000001,0.0,27.0,27.0,1.0,0.06111992332883645,0.10894243465216331,6.520701059391956,nan,nan,nan,nan,nan,nan,nan,nan,nan,nan,nan,nan
82.99000000000001,0.0,34.0,33.0,0.9705882352941176,0.08231797871169015,0.11210993350503734,4.688252386931789,nan,nan,nan,nan,nan,nan,nan,nan,nan,nan,nan,nan
83.19,0.0,46.0,46.0,1.0,0.13615508616521108,0.19349616950805684,5.2306155469035,nan,nan,nan,nan,nan,nan,nan,nan,nan,nan,nan,nan
83.44999999999999,0.0,40.0,40.0,1.0,0.10529927289694552,0.15373919614742562,7.122388714222968,nan,nan,nan,nan,nan,nan,nan,nan,nan,nan,nan,nan
83.72999999999999,0.0,41.0,41.0,1.0,0.15007255324860025,0.2021712739458417,5.524512425335725,nan,nan,nan,nan,nan,nan,nan,nan,nan,nan,nan,nan
83.85,0.0,41.0,41.0,1.0,0.16857129109911942,0.21418426273332183,3.537589278301058,nan,nan,nan,nan,nan,nan,nan,nan,nan,nan,nan,nan
83.99000000000001,0.0,48.0,47.0,0.9791666666666666,0.16665324894901126,0.1994218104462156,2.6574188364397795,nan,nan,nan,nan,nan,nan,nan,nan,nan,nan,nan,nan
84.25,0.0,47.0,47.0,1.0,0.18009616432498357,0.20772744827760273,2.431888377413513,nan,nan,nan,nan,nan,nan,nan,nan,nan,nan,nan,nan
84.38999999999999,0.0,45.0,45.0,1.0,0.16138493771815585,0.20849640357978852,3.4558277370454418,nan,nan,nan,nan,nan,nan,nan,nan,nan,nan,nan,nan
84.59,0.0,41.0,41.0,1.0,0.15876384018488107,0.17626544706787986,2.0113739825668304,nan,nan,nan,nan,nan,nan,nan,nan,nan,nan,nan,nan
84.78999999999999,0.0,46.0,46.0,1.0,0.15138069176546343,0.167735083944269,1.6960015260088557,nan,nan,nan,nan,nan,nan,nan,nan,nan,nan,nan,nan
85.05000000000001,0.0,43.0,43.0,1.0,0.11829080882371193,0.14845658602157719,1.8624183439643096,nan,nan,nan,nan,nan,nan,nan,nan,nan,nan,nan,nan
85.19,0.0,41.0,41.0,1.0,0.11802294854634914,0.13984450386339725,1.8880757130833248,nan,nan,nan,nan,nan,nan,nan,nan,nan,nan,nan,nan
85.38999999999999,0.0,35.0,35.0,1.0,0.10815007252377806,0.1286207065547633,1.7018064839642475,nan,nan,nan,nan,nan,nan,nan,nan,nan,nan,nan,nan
85.59,0.0,32.0,32.0,1.0,0.1050795170080466,0.12770614613828835,2.2870323493755715,nan,nan,nan,nan,nan,nan,nan,nan,nan,nan,nan,nan
85.85,0.0,28.0,28.0,1.0,0.11538182095699677,0.13473717971222418,2.5670963105369493,nan,nan,nan,nan,nan,nan,nan,nan,nan,nan,nan,nan
86.03,0.0,30.0,30.0,1.0,0.09937454759260915,0.12366656764383946,2.1933989555103217,nan,nan,nan,nan,nan,nan,nan,nan,nan,nan,nan,nan
86.25,0.0,31.0,31.0,1.0,0.0971260741136263,0.1239547263552168,2.8935735495832917,nan,nan,nan,nan,nan,nan,nan,nan,nan,nan,nan,nan
86.35,0.0,31.0,26.0,0.8387096774193549,0.06913779091250073,0.15499682272936297,5.964227990719003,nan,nan,nan,nan,nan,nan,nan,nan,nan,nan,nan,nan
86.65,0.0,40.0,38.0,0.95,0.036173977829256534,0.09940125006944765,7.284807750017725,nan,nan,nan,nan,nan,nan,nan,nan,nan,nan,nan,nan
86.83000000000001,0.0,29.0,23.0,0.7931034482758621,0.03130251449174632,0.07485474427164594,10.158395269280101,nan,nan,nan,nan,nan,nan,nan,nan,nan,nan,nan,nan
87.03,0.0,32.0,30.0,0.9375,0.07717284461289145,0.15741335079898586,8.346979778244565,nan,nan,nan,nan,nan,nan,nan,nan,nan,nan,nan,nan
87.15,0.0,33.0,30.0,0.9090909090909091,0.11444237284616607,0.17617557557856248,10.072784286445572,nan,nan,nan,nan,nan,nan,nan,nan,nan,nan,nan,nan
87.35,0.0,36.0,34.0,0.9444444444444444,0.07693024798439325,0.1522733603757653,8.642556966997219,nan,nan,nan,nan,nan,nan,nan,nan,nan,nan,nan,nan
87.63,0.0,41.0,33.0,0.8048780487804879,0.16353584125835238,0.1892352654776173,2.155333385679728,nan,nan,nan,nan,nan,nan,nan,nan,nan,nan,nan,nan
87.83000000000001,0.0,39.0,34.0,0.8717948717948718,0.1473000327375424,0.18344371170918355,2.6676912396413015,nan,nan,nan,nan,nan,nan,nan,nan,nan,nan,nan,nan
88.03,0.0,45.0,43.0,0.9555555555555556,0.16238749113156437,0.18588120261325994,2.491955023056998,nan,nan,nan,nan,nan,nan,nan,nan,nan,nan,nan,nan
88.15,0.0,54.0,50.0,0.9259259259259259,0.19418194530302263,0.2151292239907006,1.691356380475569,nan,nan,nan,nan,nan,nan,nan,nan,nan,nan,nan,nan
88.33000000000001,0.0,41.0,4.0,0.0975609756097561,0.3440626849987699,0.3497798330400049,1.8865609912105188,nan,nan,nan,nan,nan,nan,nan,nan,nan,nan,nan,nan
88.69,0.0,41.0,0.0,0.0,nan,nan,nan,nan,nan,nan,nan,nan,nan,nan,nan,nan,nan,nan,nan
88.75,0.0,41.0,0.0,0.0,nan,nan,nan,nan,nan,nan,nan,nan,nan,nan,nan,nan,nan,nan,nan
88.93,0.0,41.0,0.0,0.0,nan,nan,nan,nan,nan,nan,nan,nan,nan,nan,nan,nan,nan,nan,nan
89.13,0.0,39.0,0.0,0.0,nan,nan,nan,nan,nan,nan,nan,nan,nan,nan,nan,nan,nan,nan,nan
89.33000000000001,0.0,39.0,4.0,0.10256410256410256,0.3460389018977581,0.34826674450008255,1.4613376478462625,nan,nan,nan,nan,nan,nan,nan,nan,nan,nan,nan,nan
89.59,0.0,32.0,0.0,0.0,nan,nan,nan,nan,nan,nan,nan,nan,nan,nan,nan,nan,nan,nan,nan
89.72999999999999,0.0,35.0,30.0,0.8571428571428571,0.12237386352990628,0.1969353112855239,7.450658081560069,nan,nan,nan,nan,nan,nan,nan,nan,nan,nan,nan,nan
89.93,0.0,45.0,29.0,0.6444444444444445,0.06386045012548057,0.14922017329072843,11.95389555098255,nan,nan,nan,nan,nan,nan,nan,nan,nan,nan,nan,nan
90.22999999999999,0.0,36.0,21.0,0.5833333333333334,0.07989894492605165,0.15410170014179517,13.19004391428633,nan,nan,nan,nan,nan,nan,nan,nan,nan,nan,nan,nan
90.38999999999999,0.0,52.0,49.0,0.9423076923076923,0.0859576612974905,0.19151032917601754,11.317162100225353,nan,nan,nan,nan,nan,nan,nan,nan,nan,nan,nan,nan
90.59,0.0,56.0,54.0,0.9642857142857143,0.0861291358686622,0.18023973866930137,8.3863125371382,nan,nan,nan,nan,nan,nan,nan,nan,nan,nan,nan,nan
90.72999999999999,0.0,47.0,47.0,1.0,0.08421588065458964,0.13885059801706537,4.9027900848832315,nan,nan,nan,nan,nan,nan,nan,nan,nan,nan,nan,nan
90.93,0.0,39.0,39.0,1.0,0.09897851213423846,0.16304901674796388,4.985809245693456,nan,nan,nan,nan,nan,nan,nan,nan,nan,nan,nan,nan
91.13,0.0,41.0,41.0,1.0,0.08917404721952266,0.16738214865685216,4.755364178228741,nan,nan,nan,nan,nan,nan,nan,nan,nan,nan,nan,nan
91.33000000000001,0.0,26.0,21.0,0.8076923076923077,0.10438908117028452,0.1920370421616162,6.852520744021803,nan,nan,nan,nan,nan,nan,nan,nan,nan,nan,nan,nan
92.13,0.0,18.0,18.0,1.0,0.02302934855305435,0.04594087397988851,2.3743843426260645,nan,nan,nan,nan,nan,nan,nan,nan,nan,nan,nan,nan
92.35,0.0,20.0,20.0,1.0,0.03693290143380788,0.05718947891973422,2.3137641720972657,nan,nan,nan,nan,nan,nan,nan,nan,nan,nan,nan,nan
92.55000000000001,0.0,16.0,13.0,0.8125,0.03088429961211088,0.08631969980952293,14.142132457491087,nan,nan,nan,nan,nan,nan,nan,nan,nan,nan,nan,nan
93.28999999999999,0.0,40.0,27.0,0.675,0.09226777902157955,0.18981810532378307,7.94768753897016,nan,nan,nan,nan,nan,nan,nan,nan,nan,nan,nan,nan
93.63,0.0,27.0,16.0,0.5925925925925926,0.05799622511239435,0.1709307594024196,8.384523126769562,nan,nan,nan,nan,nan,nan,nan,nan,nan,nan,nan,nan
93.69,0.0,41.0,33.0,0.8048780487804879,0.1288086501494448,0.22227607160818644,5.8870232890823555,nan,nan,nan,nan,nan,nan,nan,nan,nan,nan,nan,nan
93.88999999999999,0.0,38.0,24.0,0.631578947368421,0.15479311062917592,0.23778102515973631,7.111042181896231,nan,nan,nan,nan,nan,nan,nan,nan,nan,nan,nan,nan
94.09,0.0,46.0,35.0,0.7608695652173914,0.1488127893880781,0.24417389811101467,8.608537338214184,nan,nan,nan,nan,nan,nan,nan,nan,nan,nan,nan,nan
94.35,0.0,46.0,35.0,0.7608695652173914,0.14886328036326615,0.2070759195591304,3.841959930096719,nan,nan,nan,nan,nan,nan,nan,nan,nan,nan,nan,nan
94.49000000000001,0.0,42.0,25.0,0.5952380952380952,0.04833598415131334,0.0688110850069128,2.521833845319331,nan,nan,nan,nan,nan,nan,nan,nan,nan,nan,nan,nan
94.69,0.0,40.0,24.0,0.6,0.06297056968028483,0.07662107679498366,1.5412636634444268,nan,nan,nan,nan,nan,nan,nan,nan,nan,nan,nan,nan
94.88999999999999,0.0,44.0,35.0,0.7954545454545454,0.03623176648914447,0.054685235938472326,2.7296757296140775,nan,nan,nan,nan,nan,nan,nan,nan,nan,nan,nan,nan
95.09,0.0,46.0,32.0,0.6956521739130435,0.04940195444347992,0.06866285673577983,1.22860140421348,nan,nan,nan,nan,nan,nan,nan,nan,nan,nan,nan,nan
95.29000000000002,0.0,43.0,42.0,0.9767441860465116,0.07622120176956702,0.11559212509684573,4.798089388304633,nan,nan,nan,nan,nan,nan,nan,nan,nan,nan,nan,nan
95.63,0.0,44.0,44.0,1.0,0.03504225129996975,0.06921081958807201,6.685246534132326,nan,nan,nan,nan,nan,nan,nan,nan,nan,nan,nan,nan
95.69,0.0,39.0,39.0,1.0,0.053752068672836585,0.09401516693110092,6.118555725830324,nan,nan,nan,nan,nan,nan,nan,nan,nan,nan,nan,nan
95.85,0.0,43.0,41.0,0.9534883720930233,0.07525747851996789,0.12103148833956709,8.063030657500429,nan,nan,nan,nan,nan,nan,nan,nan,nan,nan,nan,nan
96.13,0.0,26.0,26.0,1.0,0.08096207469375244,0.11535699740311614,6.332194527937119,nan,nan,nan,nan,nan,nan,nan,nan,nan,nan,nan,nan
96.25,0.0,32.0,32.0,1.0,0.09213356868872757,0.12944108992700257,7.507392456551536,nan,nan,nan,nan,nan,nan,nan,nan,nan,nan,nan,nan
96.45000000000002,0.0,27.0,27.0,1.0,0.06279295150578217,0.10546100149091243,8.35990695168338,nan,nan,nan,nan,nan,nan,nan,nan,nan,nan,nan,nan
96.73000000000002,0.0,31.0,31.0,1.0,0.05942934253619711,0.09267298257322718,6.824400432009693,nan,nan,nan,nan,nan,nan,nan,nan,nan,nan,nan,nan
96.93,0.0,31.0,30.0,0.967741935483871,0.024701184514346046,0.05552841194049074,8.756897927592556,nan,nan,nan,nan,nan,nan,nan,nan,nan,nan,nan,nan
97.03,0.0,39.0,39.0,1.0,0.02422804266739375,0.05744253717667036,6.0894173848271596,nan,nan,nan,nan,nan,nan,nan,nan,nan,nan,nan,nan
97.39000000000001,0.0,35.0,35.0,1.0,0.016379744383652316,0.03931337906997372,4.068455164637884,nan,nan,nan,nan,nan,nan,nan,nan,nan,nan,nan,nan
97.43,0.0,37.0,33.0,0.8918918918918919,0.01457365613972635,0.03303393388688673,3.74293360235908,nan,nan,nan,nan,nan,nan,nan,nan,nan,nan,nan,nan
97.65,1.0,39.0,39.0,1.0,0.016682219025488627,0.04059488237061302,3.6690122739013358,-0.07636447674166749,0.02661900787788808,0.009242273978062612,0.5645348710309546,9.265767809573353,-2.8278824392351125,-0.023565305504298584,0.0726375225659428,0.0,0.9996217676476382,0.9990989643407745,0.9093793089628065
97.85,1.0,33.0,33.0,1.0,0.015503004753746545,0.03693174669042894,1.3783710048489937,-0.06090335016154087,0.01982699767347104,0.006562950951507265,0.47369778693602027,9.227002807823375,-2.8602131789187246,0.006661846247876635,-0.0140770886195547,8.56806113049835e-05,0.661543407460886,0.823328998276513,0.5176092102656709
98.05000000000001,1.0,31.0,31.0,1.0,0.012031729150156736,0.03842550072550492,1.7248777514851177,-0.048748000166869566,0.011058819925661474,0.007182298675453134,0.3784357990485484,9.201322365277314,-2.918439294224829,0.0076039337558628795,-0.013060215337281633,-0.00030394015075474456,0.6024239915676565,0.8174823682439221,0.39844267158849495
98.25,1.0,27.0,27.0,1.0,0.012782383348362535,0.03289386679683329,1.9689317912794995,-0.04783588521025503,0.008813144944949456,0.005426549867653604,0.27383829809321925,9.190714254478422,-2.978375376002063,0.005261138277892763,-0.002226829437672606,-0.0004491453126909129,0.5555206018457608,0.803539633004016,0.32781679159965565
98.43,1.0,26.0,26.0,1.0,0.015356436354885348,0.036500784306225616,2.3247655603190003,-0.035453486345212525,-0.013399513167924895,0.007704272213889955,0.1809176308370291,9.171566046436185,-3.021346424058152,0.005743946289283874,-0.012145905475563268,-0.00033693320203243005,0.5345876546635792,0.7990646398397416,0.3044947282930052
98.63,1.0,25.0,25.0,1.0,0.014435604010154661,0.03322816092527084,2.8873444172152007,-0.052303917331591544,0.002065737124228405,0.009124721850580088,0.06794791631992911,9.185687701092007,-3.054130229334886,0.00189239574687379,0.014732631552183406,-0.000437990255695464,0.5382057530616361,0.8076878478667573,0.2973624622081963
98.83000000000001,1.0,32.0,29.0,0.90625,0.017017818708547537,0.03474046195807622,3.048942309928457,-0.04821767241228505,0.003275293516766827,0.009267830330002882,-0.04007662787436265,9.179759265522272,-3.0763940064644384,0.0027149396951908628,-0.0011010981169921052,-3.505733936259858e-05,0.5778126317444767,0.8340516095513106,0.3316509653967415
99.03,1.0,32.0,29.0,0.90625,0.01424453119945041,0.035441112286076264,2.629339224752509,-0.04733835032083967,0.005739304159074641,0.010403815105567355,-0.14702387277311113,9.178467868987829,-3.0920035763304683,0.001919732169925803,-0.0009611752338987145,-3.678357322778325e-05,0.5701344528965517,0.834358288483867,0.32574301065759237
99.23000000000002,1.0,35.0,35.0,1.0,0.01649516614530628,0.03267248345455716,2.522902260714543,-0.05104659158872728,0.008443786410926198,0.008571316228216606,-0.257979473182189,9.18105955960622,-3.101953435217577,0.001134326051244916,0.0035998056200945427,-3.663948598209288e-05,0.5912860849104625,0.8486150608804862,0.3449227968517286
99.43,1.0,56.0,44.0,0.7857142857142857,0.01481210820730769,0.029386665801174505,3.4071954238095152,-0.021037883802477373,-0.016729360157137798,0.008991617735667489,-0.3676886948175786,9.154297930897423,-3.1087551072117763,0.0018365276633027228,-0.029426298087532388,3.581452046930167e-05,0.5859347812762651,0.8491150169626973,0.33868013350424336
99.95000000000002,0.0,40.0,25.0,0.625,0.15885954381171621,0.3354416043964547,6.576260931370385,nan,nan,nan,nan,nan,nan,0.0018365276633027228,-0.029426298087532388,3.581452046930167e-05,0.5859347812762651,0.8491150169626973,0.33868013350424336
100.03,0.0,48.0,34.0,0.7083333333333334,0.2519266015938089,0.3431781219048528,5.6382282882761805,nan,nan,nan,nan,nan,nan,0.0018365276633027228,-0.029426298087532388,3.581452046930167e-05,0.5859347812762651,0.8491150169626973,0.33868013350424336
100.29000000000002,0.0,43.0,33.0,0.7674418604651163,0.22703299609806862,0.3441449231249173,11.035174493624549,nan,nan,nan,nan,nan,nan,0.0018365276633027228,-0.029426298087532388,3.581452046930167e-05,0.5859347812762651,0.8491150169626973,0.33868013350424336
100.55000000000001,0.0,47.0,27.0,0.574468085106383,0.1579077127693097,0.2099312530807,6.283635454987345,nan,nan,nan,nan,nan,nan,0.0018365276633027228,-0.029426298087532388,3.581452046930167e-05,0.5859347812762651,0.8491150169626973,0.33868013350424336
100.63,0.0,37.0,4.0,0.10810810810810811,0.3422037565442373,0.3486692172824895,0.9099176951694361,nan,nan,nan,nan,nan,nan,0.0018365276633027228,-0.029426298087532388,3.581452046930167e-05,0.5859347812762651,0.8491150169626973,0.33868013350424336
100.83000000000001,0.0,33.0,1.0,0.030303030303030304,0.3424499694739485,0.3424499694739485,0.13393092080310384,nan,nan,nan,nan,nan,nan,0.0018365276633027228,-0.029426298087532388,3.581452046930167e-05,0.5859347812762651,0.8491150169626973,0.33868013350424336
101.03,0.0,21.0,0.0,0.0,nan,nan,nan,nan,nan,nan,nan,nan,nan,0.0018365276633027228,-0.029426298087532388,3.581452046930167e-05,0.5859347812762651,0.8491150169626973,0.33868013350424336
101.23000000000002,0.0,19.0,0.0,0.0,nan,nan,nan,nan,nan,nan,nan,nan,nan,0.0018365276633027228,-0.029426298087532388,3.581452046930167e-05,0.5859347812762651,0.8491150169626973,0.33868013350424336
101.43,0.0,22.0,0.0,0.0,nan,nan,nan,nan,nan,nan,nan,nan,nan,0.0018365276633027228,-0.029426298087532388,3.581452046930167e-05,0.5859347812762651,0.8491150169626973,0.33868013350424336
101.89000000000001,0.0,25.0,0.0,0.0,nan,nan,nan,nan,nan,nan,nan,nan,nan,0.0018365276633027228,-0.029426298087532388,3.581452046930167e-05,0.5859347812762651,0.8491150169626973,0.33868013350424336
102.03,0.0,40.0,0.0,0.0,nan,nan,nan,nan,nan,nan,nan,nan,nan,0.0018365276633027228,-0.029426298087532388,3.581452046930167e-05,0.5859347812762651,0.8491150169626973,0.33868013350424336
102.19,0.0,45.0,38.0,0.8444444444444444,0.15181648777869225,0.20242145288096905,6.671304167986606,nan,nan,nan,nan,nan,nan,0.0018365276633027228,-0.029426298087532388,3.581452046930167e-05,0.5859347812762651,0.8491150169626973,0.33868013350424336
102.43,0.0,47.0,43.0,0.9148936170212766,0.14066750315086707,0.19916827325341613,4.547755486086482,nan,nan,nan,nan,nan,nan,0.0018365276633027228,-0.029426298087532388,3.581452046930167e-05,0.5859347812762651,0.8491150169626973,0.33868013350424336
102.59,0.0,37.0,12.0,0.32432432432432434,0.08451476668755183,0.1228522081841223,8.400666266430116,nan,nan,nan,nan,nan,nan,0.0018365276633027228,-0.029426298087532388,3.581452046930167e-05,0.5859347812762651,0.8491150169626973,0.33868013350424336
102.83000000000001,0.0,48.0,44.0,0.9166666666666666,0.07688583938534455,0.15852216250985068,6.914116988175741,nan,nan,nan,nan,nan,nan,0.0018365276633027228,-0.029426298087532388,3.581452046930167e-05,0.5859347812762651,0.8491150169626973,0.33868013350424336
103.05000000000001,0.0,40.0,31.0,0.775,0.07964824934580099,0.16917980110849448,5.336098563671675,nan,nan,nan,nan,nan,nan,0.0018365276633027228,-0.029426298087532388,3.581452046930167e-05,0.5859347812762651,0.8491150169626973,0.33868013350424336
103.19,0.0,43.0,37.0,0.8604651162790697,0.11689051691690568,0.17379961891410126,4.528785073077432,nan,nan,nan,nan,nan,nan,0.0018365276633027228,-0.029426298087532388,3.581452046930167e-05,0.5859347812762651,0.8491150169626973,0.33868013350424336
103.45000000000002,0.0,44.0,40.0,0.9090909090909091,0.07079543842395164,0.18049728143230423,6.040867120403487,nan,nan,nan,nan,nan,nan,0.0018365276633027228,-0.029426298087532388,3.581452046930167e-05,0.5859347812762651,0.8491150169626973,0.33868013350424336
103.59,0.0,45.0,35.0,0.7777777777777778,0.06672140405288514,0.1330753801660618,7.347368642185318,nan,nan,nan,nan,nan,nan,0.0018365276633027228,-0.029426298087532388,3.581452046930167e-05,0.5859347812762651,0.8491150169626973,0.33868013350424336
103.93,0.0,45.0,36.0,0.8,0.03625845116789518,0.06499834709164339,2.7158564492575197,nan,nan,nan,nan,nan,nan,0.0018365276633027228,-0.029426298087532388,3.581452046930167e-05,0.5859347812762651,0.8491150169626973,0.33868013350424336
103.99000000000001,0.0,37.0,31.0,0.8378378378378378,0.0851264329395329,0.11496873364615082,2.4092710246160443,nan,nan,nan,nan,nan,nan,0.0018365276633027228,-0.029426298087532388,3.581452046930167e-05,0.5859347812762651,0.8491150169626973,0.33868013350424336
104.19,0.0,32.0,25.0,0.78125,0.0676834551475546,0.09455528077726727,4.619738701138355,nan,nan,nan,nan,nan,nan,0.0018365276633027228,-0.029426298087532388,3.581452046930167e-05,0.5859347812762651,0.8491150169626973,0.33868013350424336
104.45000000000002,0.0,30.0,7.0,0.23333333333333334,0.19349135605270498,0.2232206086651478,6.748286012701695,nan,nan,nan,nan,nan,nan,0.0018365276633027228,-0.029426298087532388,3.581452046930167e-05,0.5859347812762651,0.8491150169626973,0.33868013350424336
104.79000000000002,0.0,37.0,17.0,0.4594594594594595,0.025080306707784553,0.04991400379180326,5.719222553054812,nan,nan,nan,nan,nan,nan,0.0018365276633027228,-0.029426298087532388,3.581452046930167e-05,0.5859347812762651,0.8491150169626973,0.33868013350424336
104.99000000000001,0.0,43.0,35.0,0.813953488372093,0.07071101416609524,0.14497137306016325,13.167595195935498,nan,nan,nan,nan,nan,nan,0.0018365276633027228,-0.029426298087532388,3.581452046930167e-05,0.5859347812762651,0.8491150169626973,0.33868013350424336
105.25,0.0,39.0,32.0,0.8205128205128205,0.04502676373838031,0.10228056125354638,13.509423465540005,nan,nan,nan,nan,nan,nan,0.0018365276633027228,-0.029426298087532388,3.581452046930167e-05,0.5859347812762651,0.8491150169626973,0.33868013350424336
105.59,0.0,34.0,17.0,0.5,0.019979316721496714,0.03724148659859426,5.7928730777217785,nan,nan,nan,nan,nan,nan,0.0018365276633027228,-0.029426298087532388,3.581452046930167e-05,0.5859347812762651,0.8491150169626973,0.33868013350424336
105.85,0.0,36.0,11.0,0.3055555555555556,0.015631056898754096,0.03943208275292657,4.408209901630847,nan,nan,nan,nan,nan,nan,0.0018365276633027228,-0.029426298087532388,3.581452046930167e-05,0.5859347812762651,0.8491150169626973,0.33868013350424336
105.99000000000001,0.0,51.0,19.0,0.37254901960784315,0.017924555262579227,0.034132959421471626,10.489177081975194,nan,nan,nan,nan,nan,nan,0.0018365276633027228,-0.029426298087532388,3.581452046930167e-05,0.5859347812762651,0.8491150169626973,0.33868013350424336
106.43,0.0,48.0,7.0,0.14583333333333334,0.04824148992963217,0.059066876444303903,2.8465403010348598,nan,nan,nan,nan,nan,nan,0.0018365276633027228,-0.029426298087532388,3.581452046930167e-05,0.5859347812762651,0.8491150169626973,0.33868013350424336
106.55000000000001,0.0,40.0,2.0,0.05,0.0313698590624781,0.04402149364526012,2.3032976019286475,nan,nan,nan,nan,nan,nan,0.0018365276633027228,-0.029426298087532388,3.581452046930167e-05,0.5859347812762651,0.8491150169626973,0.33868013350424336
106.83000000000001,0.0,38.0,5.0,0.13157894736842105,0.04826105602812499,0.07210197813288177,8.315658158114179,nan,nan,nan,nan,nan,nan,0.0018365276633027228,-0.029426298087532388,3.581452046930167e-05,0.5859347812762651,0.8491150169626973,0.33868013350424336
106.95000000000002,0.0,61.0,16.0,0.26229508196721313,0.27638781489757647,0.34445533831114367,15.569467327876433,nan,nan,nan,nan,nan,nan,0.0018365276633027228,-0.029426298087532388,3.581452046930167e-05,0.5859347812762651,0.8491150169626973,0.33868013350424336
107.15,0.0,59.0,18.0,0.3050847457627119,0.19431923438816678,0.34743706381195066,11.584869596295281,nan,nan,nan,nan,nan,nan,0.0018365276633027228,-0.029426298087532388,3.581452046930167e-05,0.5859347812762651,0.8491150169626973,0.33868013350424336
107.33000000000001,0.0,56.0,17.0,0.30357142857142855,0.31033001517726094,0.3426008203381135,7.5904132443241545,nan,nan,nan,nan,nan,nan,0.0018365276633027228,-0.029426298087532388,3.581452046930167e-05,0.5859347812762651,0.8491150169626973,0.33868013350424336
107.55000000000001,0.0,32.0,5.0,0.15625,0.32372949506892323,0.34843919175951854,20.93074740357289,nan,nan,nan,nan,nan,nan,0.0018365276633027228,-0.029426298087532388,3.581452046930167e-05,0.5859347812762651,0.8491150169626973,0.33868013350424336
107.89000000000001,0.0,23.0,0.0,0.0,nan,nan,nan,nan,nan,nan,nan,nan,nan,0.0018365276633027228,-0.029426298087532388,3.581452046930167e-05,0.5859347812762651,0.8491150169626973,0.33868013350424336
108.13,0.0,23.0,0.0,0.0,nan,nan,nan,nan,nan,nan,nan,nan,nan,0.0018365276633027228,-0.029426298087532388,3.581452046930167e-05,0.5859347812762651,0.8491150169626973,0.33868013350424336
108.15,0.0,17.0,0.0,0.0,nan,nan,nan,nan,nan,nan,nan,nan,nan,0.0018365276633027228,-0.029426298087532388,3.581452046930167e-05,0.5859347812762651,0.8491150169626973,0.33868013350424336
108.69,0.0,29.0,29.0,1.0,0.08995833612225033,0.2506905020377885,5.047726117960731,nan,nan,nan,nan,nan,nan,0.0018365276633027228,-0.029426298087532388,3.581452046930167e-05,0.5859347812762651,0.8491150169626973,0.33868013350424336
108.75,0.0,44.0,44.0,1.0,0.18553649321484506,0.27636349903097523,7.52531474531084,nan,nan,nan,nan,nan,nan,0.0018365276633027228,-0.029426298087532388,3.581452046930167e-05,0.5859347812762651,0.8491150169626973,0.33868013350424336
108.93,0.0,35.0,31.0,0.8857142857142857,0.12142339538035468,0.18994915208152452,2.5990258097140053,nan,nan,nan,nan,nan,nan,0.0018365276633027228,-0.029426298087532388,3.581452046930167e-05,0.5859347812762651,0.8491150169626973,0.33868013350424336
109.23000000000002,0.0,38.0,37.0,0.9736842105263158,0.08884710233274894,0.2086975295813863,3.9958518646245995,nan,nan,nan,nan,nan,nan,0.0018365276633027228,-0.029426298087532388,3.581452046930167e-05,0.5859347812762651,0.8491150169626973,0.33868013350424336
109.39000000000001,0.0,31.0,31.0,1.0,0.07515568043570794,0.09841587365874568,2.5609321150142432,nan,nan,nan,nan,nan,nan,0.0018365276633027228,-0.029426298087532388,3.581452046930167e-05,0.5859347812762651,0.8491150169626973,0.33868013350424336
109.55000000000001,0.0,33.0,33.0,1.0,0.08000186245661549,0.0956735345261767,2.0515093569695972,nan,nan,nan,nan,nan,nan,0.0018365276633027228,-0.029426298087532388,3.581452046930167e-05,0.5859347812762651,0.8491150169626973,0.33868013350424336
109.73000000000002,0.0,32.0,32.0,1.0,0.09582207954792778,0.1197254760145464,1.8703634411568315,nan,nan,nan,nan,nan,nan,0.0018365276633027228,-0.029426298087532388,3.581452046930167e-05,0.5859347812762651,0.8491150169626973,0.33868013350424336
109.99000000000001,0.0,38.0,38.0,1.0,0.0861770125942936,0.11118164371897793,2.160058651531705,nan,nan,nan,nan,nan,nan,0.0018365276633027228,-0.029426298087532388,3.581452046930167e-05,0.5859347812762651,0.8491150169626973,0.33868013350424336
110.13,0.0,29.0,29.0,1.0,0.10268116273221618,0.12084000658564924,1.8162591595041073,nan,nan,nan,nan,nan,nan,0.0018365276633027228,-0.029426298087532388,3.581452046930167e-05,0.5859347812762651,0.8491150169626973,0.33868013350424336
110.33000000000001,0.0,30.0,30.0,1.0,0.09456725810703318,0.11959613963808485,1.9818290110757455,nan,nan,nan,nan,nan,nan,0.0018365276633027228,-0.029426298087532388,3.581452046930167e-05,0.5859347812762651,0.8491150169626973,0.33868013350424336
110.53,0.0,32.0,32.0,1.0,0.10344998743821457,0.11667909167812127,1.5266818182978126,nan,nan,nan,nan,nan,nan,0.0018365276633027228,-0.029426298087532388,3.581452046930167e-05,0.5859347812762651,0.8491150169626973,0.33868013350424336
110.73000000000002,0.0,27.0,27.0,1.0,0.09713269639694527,0.11869115032015866,2.2694149299256106,nan,nan,nan,nan,nan,nan,0.0018365276633027228,-0.029426298087532388,3.581452046930167e-05,0.5859347812762651,0.8491150169626973,0.33868013350424336
110.93,0.0,26.0,26.0,1.0,0.08695849998406704,0.10486761209721004,2.2096067041616294,nan,nan,nan,nan,nan,nan,0.0018365276633027228,-0.029426298087532388,3.581452046930167e-05,0.5859347812762651,0.8491150169626973,0.33868013350424336
111.13,0.0,37.0,30.0,0.8108108108108109,0.10261661978365784,0.11694688997109663,2.3903133056736885,nan,nan,nan,nan,nan,nan,0.0018365276633027228,-0.029426298087532388,3.581452046930167e-05,0.5859347812762651,0.8491150169626973,0.33868013350424336
111.33000000000001,0.0,48.0,43.0,0.8958333333333334,0.20894789507796682,0.3372819884313611,9.965691657250652,nan,nan,nan,nan,nan,nan,0.0018365276633027228,-0.029426298087532388,3.581452046930167e-05,0.5859347812762651,0.8491150169626973,0.33868013350424336
111.53,0.0,63.0,57.0,0.9047619047619048,0.21790491334656897,0.34114916492531316,5.919444042564692,nan,nan,nan,nan,nan,nan,0.0018365276633027228,-0.029426298087532388,3.581452046930167e-05,0.5859347812762651,0.8491150169626973,0.33868013350424336
111.73000000000002,0.0,43.0,34.0,0.7906976744186046,0.17437305150004262,0.22600498841563713,7.608746583523464,nan,nan,nan,nan,nan,nan,0.0018365276633027228,-0.029426298087532388,3.581452046930167e-05,0.5859347812762651,0.8491150169626973,0.33868013350424336
111.93,0.0,65.0,61.0,0.9384615384615385,0.19562746094867556,0.3486077883609641,6.405537511020695,nan,nan,nan,nan,nan,nan,0.0018365276633027228,-0.029426298087532388,3.581452046930167e-05,0.5859347812762651,0.8491150169626973,0.33868013350424336
112.19,0.0,63.0,19.0,0.30158730158730157,0.07992283051749602,0.15519157421801513,6.557601723777208,nan,nan,nan,nan,nan,nan,0.0018365276633027228,-0.029426298087532388,3.581452046930167e-05,0.5859347812762651,0.8491150169626973,0.33868013350424336
112.33000000000001,0.0,60.0,42.0,0.7,0.17688246045021025,0.34700046551135927,7.3561163190148235,nan,nan,nan,nan,nan,nan,0.0018365276633027228,-0.029426298087532388,3.581452046930167e-05,0.5859347812762651,0.8491150169626973,0.33868013350424336
112.49000000000001,0.0,35.0,28.0,0.8,0.1575995943333044,0.2686664344900641,5.488318104725295,nan,nan,nan,nan,nan,nan,0.0018365276633027228,-0.029426298087532388,3.581452046930167e-05,0.5859347812762651,0.8491150169626973,0.33868013350424336
112.69,0.0,44.0,31.0,0.7045454545454546,0.1769215901263503,0.3498041532642002,6.118773335963175,nan,nan,nan,nan,nan,nan,0.0018365276633027228,-0.029426298087532388,3.581452046930167e-05,0.5859347812762651,0.8491150169626973,0.33868013350424336
112.89000000000001,0.0,35.0,22.0,0.6285714285714286,0.15345170485065146,0.3292520371129892,7.187655665360474,nan,nan,nan,nan,nan,nan,0.0018365276633027228,-0.029426298087532388,3.581452046930167e-05,0.5859347812762651,0.8491150169626973,0.33868013350424336
113.09,0.0,31.0,19.0,0.6129032258064516,0.12097715811010819,0.29395710628874727,6.006768005567762,nan,nan,nan,nan,nan,nan,0.0018365276633027228,-0.029426298087532388,3.581452046930167e-05,0.5859347812762651,0.8491150169626973,0.33868013350424336
113.35,0.0,32.0,25.0,0.78125,0.13944858586619793,0.28464999129850166,8.825689398735202,nan,nan,nan,nan,nan,nan,0.0018365276633027228,-0.029426298087532388,3.581452046930167e-05,0.5859347812762651,0.8491150169626973,0.33868013350424336
113.49000000000001,0.0,23.0,6.0,0.2608695652173913,0.08722995250714234,0.09958219146129453,4.4908063796718585,nan,nan,nan,nan,nan,nan,0.0018365276633027228,-0.029426298087532388,3.581452046930167e-05,0.5859347812762651,0.8491150169626973,0.33868013350424336
113.75,0.0,17.0,12.0,0.7058823529411765,0.05936942702129442,0.12433494075408531,10.616418944974338,nan,nan,nan,nan,nan,nan,0.0018365276633027228,-0.029426298087532388,3.581452046930167e-05,0.5859347812762651,0.8491150169626973,0.33868013350424336
114.29000000000002,0.0,14.0,14.0,1.0,0.02318900189993173,0.03935258148219589,1.182466947070161,nan,nan,nan,nan,nan,nan,0.0018365276633027228,-0.029426298087532388,3.581452046930167e-05,0.5859347812762651,0.8491150169626973,0.33868013350424336
114.49000000000001,0.0,34.0,34.0,1.0,0.013932770265452352,0.03956798403493964,2.4327528206197435,nan,nan,nan,nan,nan,nan,0.0018365276633027228,-0.029426298087532388,3.581452046930167e-05,0.5859347812762651,0.8491150169626973,0.33868013350424336
114.69,1.0,38.0,38.0,1.0,0.013200437190649505,0.030501779410024674,1.9061589502986573,-0.08288503876563459,0.06941475673263925,0.007078822318361514,0.34249577908872075,4.1867294276705325,-2.515935400157562,-0.049522974620069826,0.04140893397539713,-0.0004304619847048663,0.9966154348847521,0.9950177741236367,0.8592604314003687
114.89000000000001,1.0,48.0,35.0,0.7291666666666666,0.01590024604944776,0.035648157332527936,2.4329475533609424,-0.06477372702785616,0.055215419374669575,0.007480363271053572,0.2674770704318241,4.145497738525948,-2.6922527848114455,0.020217742934476618,-0.008663701145367853,0.0009903728562061787,0.690299265807971,0.7836582976934551,0.5056555674346691
115.09,1.0,37.0,37.0,1.0,0.014857892820632069,0.034711616695070543,4.766802788339665,-0.06841517752805934,0.052620079031390724,0.00924054534442129,0.1718161240724361,4.131217481434601,-2.833080720880643,0.012941780388642299,0.006552980233499817,0.00013581413049079671,0.6257728976195162,0.7926628303671357,0.4017103667975464
115.29000000000002,1.0,37.0,37.0,1.0,0.015123059988947248,0.041177895509099983,2.4041876479243336,-0.042173378189117046,0.012836754208079695,0.00849801561902797,0.07266794047798393,4.0925897777226234,-2.9267597514028245,0.017128255242031147,-0.02166169473140389,0.00022859148542275778,0.6015929264230185,0.8056832370723759,0.3622858963571089
115.57,1.0,31.0,31.0,1.0,0.012929428435984151,0.0299823055471959,2.9227964144509557,-0.02251510458736718,0.002926614490475201,0.008953409925808217,-0.0757828530856244,4.064797053280795,-3.0142059436779647,0.011694651006261339,-0.02203840569232174,-0.00030009665476615766,0.6341943415539218,0.8530630581874645,0.36581182063281636
115.65,0.0,28.0,28.0,1.0,0.014644277198339673,0.030156799705249312,2.7314557993631534,nan,nan,nan,nan,nan,nan,0.011694651006261339,-0.02203840569232174,-0.00030009665476615766,0.6341943415539218,0.8530630581874645,0.36581182063281636
115.93,0.0,26.0,26.0,1.0,0.012537996387843963,0.030356401335214594,2.1341228408164965,nan,nan,nan,nan,nan,nan,0.011694651006261339,-0.02203840569232174,-0.00030009665476615766,0.6341943415539218,0.8530630581874645,0.36581182063281636
116.05000000000001,1.0,30.0,30.0,1.0,0.012890998305608192,0.027912860934695777,4.560726199827801,-0.009120693078803387,-0.06459186877847913,0.00791993159227566,-0.3371827178268775,4.050488340827225,-3.087770743924424,0.005821456717632845,-0.015862403159236038,-0.0006265252652490894,0.7119163888632751,0.90224430290803,0.4208295430370094
116.33000000000001,0.0,49.0,49.0,1.0,0.05175473886802038,0.22660011028483165,4.905685463638688,nan,nan,nan,nan,nan,nan,0.005821456717632845,-0.015862403159236038,-0.0006265252652490894,0.7119163888632751,0.90224430290803,0.4208295430370094
116.59,0.0,62.0,61.0,0.9838709677419355,0.10997663930046653,0.23365593367774587,7.606467249274596,nan,nan,nan,nan,nan,nan,0.005821456717632845,-0.015862403159236038,-0.0006265252652490894,0.7119163888632751,0.90224430290803,0.4208295430370094
116.65,0.0,14.0,14.0,1.0,0.012032206971340791,0.025498144987729794,2.560897165782785,nan,nan,nan,nan,nan,nan,0.005821456717632845,-0.015862403159236038,-0.0006265252652490894,0.7119163888632751,0.90224430290803,0.4208295430370094
116.93,0.0,50.0,42.0,0.84,0.20448294252594867,0.3072300324438437,6.657073919487796,nan,nan,nan,nan,nan,nan,0.005821456717632845,-0.015862403159236038,-0.0006265252652490894,0.7119163888632751,0.90224430290803,0.4208295430370094
117.03,0.0,46.0,37.0,0.8043478260869565,0.25909943305916666,0.3360555458862731,6.34073241532444,nan,nan,nan,nan,nan,nan,0.005821456717632845,-0.015862403159236038,-0.0006265252652490894,0.7119163888632751,0.90224430290803,0.4208295430370094
117.23000000000002,0.0,39.0,18.0,0.46153846153846156,0.25031789447746106,0.299935335549864,6.021261320996774,nan,nan,nan,nan,nan,nan,0.005821456717632845,-0.015862403159236038,-0.0006265252652490894,0.7119163888632751,0.90224430290803,0.4208295430370094
117.45000000000002,0.0,36.0,17.0,0.4722222222222222,0.2574014728631709,0.2971257665391133,5.136604223160038,nan,nan,nan,nan,nan,nan,0.005821456717632845,-0.015862403159236038,-0.0006265252652490894,0.7119163888632751,0.90224430290803,0.4208295430370094
117.85,0.0,19.0,5.0,0.2631578947368421,0.3349254931252451,0.3471019403439575,4.855283916433048,nan,nan,nan,nan,nan,nan,0.005821456717632845,-0.015862403159236038,-0.0006265252652490894,0.7119163888632751,0.90224430290803,0.4208295430370094
118.05000000000001,0.0,22.0,5.0,0.22727272727272727,0.34414481136338865,0.3487104214998199,3.5197372987468754,nan,nan,nan,nan,nan,nan,0.005821456717632845,-0.015862403159236038,-0.0006265252652490894,0.7119163888632751,0.90224430290803,0.4208295430370094
118.25,0.0,14.0,1.0,0.07142857142857142,0.3451019184312594,0.3451019184312594,7.834187838985421,nan,nan,nan,nan,nan,nan,0.005821456717632845,-0.015862403159236038,-0.0006265252652490894,0.7119163888632751,0.90224430290803,0.4208295430370094
118.69,0.0,16.0,0.0,0.0,nan,nan,nan,nan,nan,nan,nan,nan,nan,0.005821456717632845,-0.015862403159236038,-0.0006265252652490894,0.7119163888632751,0.90224430290803,0.4208295430370094
118.83000000000001,0.0,28.0,0.0,0.0,nan,nan,nan,nan,nan,nan,nan,nan,nan,0.005821456717632845,-0.015862403159236038,-0.0006265252652490894,0.7119163888632751,0.90224430290803,0.4208295430370094
119.03,0.0,27.0,6.0,0.2222222222222222,0.11596500169040554,0.15175088697159977,13.686975624981937,nan,nan,nan,nan,nan,nan,0.005821456717632845,-0.015862403159236038,-0.0006265252652490894,0.7119163888632751,0.90224430290803,0.4208295430370094
119.33000000000001,0.0,28.0,17.0,0.6071428571428571,0.12764563693341247,0.19976419614557717,3.2145265142068515,nan,nan,nan,nan,nan,nan,0.005821456717632845,-0.015862403159236038,-0.0006265252652490894,0.7119163888632751,0.90224430290803,0.4208295430370094
119.43,0.0,38.0,28.0,0.7368421052631579,0.09319846549034812,0.16735245456384654,5.795547756860953,nan,nan,nan,nan,nan,nan,0.005821456717632845,-0.015862403159236038,-0.0006265252652490894,0.7119163888632751,0.90224430290803,0.4208295430370094
119.63,0.0,25.0,14.0,0.56,0.03508518712663703,0.059491440614215574,4.8485133013510335,nan,nan,nan,nan,nan,nan,0.005821456717632845,-0.015862403159236038,-0.0006265252652490894,0.7119163888632751,0.90224430290803,0.4208295430370094
119.83000000000001,0.0,23.0,16.0,0.6956521739130435,0.0312773598477121,0.05002042036441753,3.6984821576868807,nan,nan,nan,nan,nan,nan,0.005821456717632845,-0.015862403159236038,-0.0006265252652490894,0.7119163888632751,0.90224430290803,0.4208295430370094
120.09,0.0,22.0,15.0,0.6818181818181818,0.03786864820504431,0.08625289765427412,7.1970564418672955,nan,nan,nan,nan,nan,nan,0.005821456717632845,-0.015862403159236038,-0.0006265252652490894,0.7119163888632751,0.90224430290803,0.4208295430370094
120.23000000000002,0.0,21.0,21.0,1.0,0.024606774352651333,0.05794248930002411,9.994258630812741,nan,nan,nan,nan,nan,nan,0.005821456717632845,-0.015862403159236038,-0.0006265252652490894,0.7119163888632751,0.90224430290803,0.4208295430370094
120.49000000000001,0.0,12.0,11.0,0.9166666666666666,0.022639149000748857,0.035580777924135186,3.6188119378350954,nan,nan,nan,nan,nan,nan,0.005821456717632845,-0.015862403159236038,-0.0006265252652490894,0.7119163888632751,0.90224430290803,0.4208295430370094
121.09,0.0,62.0,22.0,0.3548387096774194,0.06837068785272181,0.15202374439810917,13.560319142477727,nan,nan,nan,nan,nan,nan,0.005821456717632845,-0.015862403159236038,-0.0006265252652490894,0.7119163888632751,0.90224430290803,0.4208295430370094
121.49000000000001,0.0,83.0,7.0,0.08433734939759036,0.07253663263661317,0.13236548938645495,10.481774354873338,nan,nan,nan,nan,nan,nan,0.005821456717632845,-0.015862403159236038,-0.0006265252652490894,0.7119163888632751,0.90224430290803,0.4208295430370094
121.63,0.0,74.0,1.0,0.013513513513513514,0.014920735464750732,0.014920735464750732,6.998182555702212,nan,nan,nan,nan,nan,nan,0.005821456717632845,-0.015862403159236038,-0.0006265252652490894,0.7119163888632751,0.90224430290803,0.4208295430370094
121.83000000000001,0.0,54.0,1.0,0.018518518518518517,0.3465666932322164,0.3465666932322164,14.107041553372872,nan,nan,nan,nan,nan,nan,0.005821456717632845,-0.015862403159236038,-0.0006265252652490894,0.7119163888632751,0.90224430290803,0.4208295430370094
122.05000000000001,0.0,58.0,0.0,0.0,nan,nan,nan,nan,nan,nan,nan,nan,nan,0.005821456717632845,-0.015862403159236038,-0.0006265252652490894,0.7119163888632751,0.90224430290803,0.4208295430370094
122.19,0.0,49.0,5.0,0.10204081632653061,0.28958672277723085,0.34245646671609076,21.893194176108455,nan,nan,nan,nan,nan,nan,0.005821456717632845,-0.015862403159236038,-0.0006265252652490894,0.7119163888632751,0.90224430290803,0.4208295430370094
122.49000000000001,0.0,33.0,0.0,0.0,nan,nan,nan,nan,nan,nan,nan,nan,nan,0.005821456717632845,-0.015862403159236038,-0.0006265252652490894,0.7119163888632751,0.90224430290803,0.4208295430370094
122.59,0.0,25.0,3.0,0.12,0.3412771358175677,0.34976188579563033,3.503005719223547,nan,nan,nan,nan,nan,nan,0.005821456717632845,-0.015862403159236038,-0.0006265252652490894,0.7119163888632751,0.90224430290803,0.4208295430370094
122.79000000000002,0.0,15.0,5.0,0.3333333333333333,0.34508377729360595,0.34920607463267517,8.450747285524779,nan,nan,nan,nan,nan,nan,0.005821456717632845,-0.015862403159236038,-0.0006265252652490894,0.7119163888632751,0.90224430290803,0.4208295430370094
123.39000000000001,0.0,14.0,14.0,1.0,0.27883163422369944,0.2970130602706744,4.0490455769186555,nan,nan,nan,nan,nan,nan,0.005821456717632845,-0.015862403159236038,-0.0006265252652490894,0.7119163888632751,0.90224430290803,0.4208295430370094
123.59,0.0,24.0,24.0,1.0,0.17089958240052952,0.26178145499922695,12.092293789612974,nan,nan,nan,nan,nan,nan,0.005821456717632845,-0.015862403159236038,-0.0006265252652490894,0.7119163888632751,0.90224430290803,0.4208295430370094
123.79000000000002,0.0,19.0,19.0,1.0,0.15560646170621442,0.20016737482067032,13.105521243957579,nan,nan,nan,nan,nan,nan,0.005821456717632845,-0.015862403159236038,-0.0006265252652490894,0.7119163888632751,0.90224430290803,0.4208295430370094
124.05000000000001,0.0,24.0,22.0,0.9166666666666666,0.11692310031099223,0.16445778818452725,8.657154276042473,nan,nan,nan,nan,nan,nan,0.005821456717632845,-0.015862403159236038,-0.0006265252652490894,0.7119163888632751,0.90224430290803,0.4208295430370094
124.19,0.0,27.0,27.0,1.0,0.09159374366111929,0.12679126243698652,10.265390078340417,nan,nan,nan,nan,nan,nan,0.005821456717632845,-0.015862403159236038,-0.0006265252652490894,0.7119163888632751,0.90224430290803,0.4208295430370094
124.35,0.0,28.0,4.0,0.14285714285714285,0.10622720686209941,0.12765036023211945,6.895965566036219,nan,nan,nan,nan,nan,nan,0.005821456717632845,-0.015862403159236038,-0.0006265252652490894,0.7119163888632751,0.90224430290803,0.4208295430370094
124.55000000000001,0.0,20.0,20.0,1.0,0.051413645176653824,0.09555863114370058,7.083443600806335,nan,nan,nan,nan,nan,nan,0.005821456717632845,-0.015862403159236038,-0.0006265252652490894,0.7119163888632751,0.90224430290803,0.4208295430370094
124.75,0.0,24.0,22.0,0.9166666666666666,0.04048849390214647,0.12817204902895807,9.671623810207944,nan,nan,nan,nan,nan,nan,0.005821456717632845,-0.015862403159236038,-0.0006265252652490894,0.7119163888632751,0.90224430290803,0.4208295430370094
125.05000000000001,0.0,12.0,10.0,0.8333333333333334,0.04806256992864866,0.06964965368190029,2.4749557363118715,nan,nan,nan,nan,nan,nan,0.005821456717632845,-0.015862403159236038,-0.0006265252652490894,0.7119163888632751,0.90224430290803,0.4208295430370094
125.25,0.0,29.0,23.0,0.7931034482758621,0.027653834807900454,0.08454601843834693,9.855256393164282,nan,nan,nan,nan,nan,nan,0.005821456717632845,-0.015862403159236038,-0.0006265252652490894,0.7119163888632751,0.90224430290803,0.4208295430370094
125.39000000000001,0.0,65.0,50.0,0.7692307692307693,0.04756124100144481,0.1373184995898777,6.461111379771932,nan,nan,nan,nan,nan,nan,0.005821456717632845,-0.015862403159236038,-0.0006265252652490894,0.7119163888632751,0.90224430290803,0.4208295430370094
125.55000000000001,0.0,91.0,63.0,0.6923076923076923,0.05490162087040731,0.19379544171624244,8.916212080718129,nan,nan,nan,nan,nan,nan,0.005821456717632845,-0.015862403159236038,-0.0006265252652490894,0.7119163888632751,0.90224430290803,0.4208295430370094
125.89000000000001,0.0,74.0,52.0,0.7027027027027027,0.07698666058824971,0.14990818251502003,8.75264786049505,nan,nan,nan,nan,nan,nan,0.005821456717632845,-0.015862403159236038,-0.0006265252652490894,0.7119163888632751,0.90224430290803,0.4208295430370094
126.03,0.0,84.0,70.0,0.8333333333333334,0.09550496397283392,0.1828797144052621,7.4261654144392075,nan,nan,nan,nan,nan,nan,0.005821456717632845,-0.015862403159236038,-0.0006265252652490894,0.7119163888632751,0.90224430290803,0.4208295430370094
126.15,0.0,88.0,56.0,0.6363636363636364,0.22905171709552644,0.3446749204871527,6.235467110709793,nan,nan,nan,nan,nan,nan,0.005821456717632845,-0.015862403159236038,-0.0006265252652490894,0.7119163888632751,0.90224430290803,0.4208295430370094
126.43,0.0,77.0,41.0,0.5324675324675324,0.2490128752117412,0.3480124914079466,8.957780985868316,nan,nan,nan,nan,nan,nan,0.005821456717632845,-0.015862403159236038,-0.0006265252652490894,0.7119163888632751,0.90224430290803,0.4208295430370094
126.53,0.0,47.0,24.0,0.5106382978723404,0.2899886249509065,0.345014918553958,6.320312408694015,nan,nan,nan,nan,nan,nan,0.005821456717632845,-0.015862403159236038,-0.0006265252652490894,0.7119163888632751,0.90224430290803,0.4208295430370094
126.75,0.0,33.0,19.0,0.5757575757575758,0.22345666988829246,0.24629463809576654,3.642694818806441,nan,nan,nan,nan,nan,nan,0.005821456717632845,-0.015862403159236038,-0.0006265252652490894,0.7119163888632751,0.90224430290803,0.4208295430370094
127.09,0.0,25.0,20.0,0.8,0.17764870687107606,0.1940651163645753,1.6883682906635356,nan,nan,nan,nan,nan,nan,0.005821456717632845,-0.015862403159236038,-0.0006265252652490894,0.7119163888632751,0.90224430290803,0.4208295430370094
127.23000000000002,0.0,18.0,15.0,0.8333333333333334,0.25923029083326515,0.2788777789463958,1.4656852868163388,nan,nan,nan,nan,nan,nan,0.005821456717632845,-0.015862403159236038,-0.0006265252652490894,0.7119163888632751,0.90224430290803,0.4208295430370094
127.43,0.0,17.0,10.0,0.5882352941176471,0.19049045419830637,0.21156161325230405,2.394501601449495,nan,nan,nan,nan,nan,nan,0.005821456717632845,-0.015862403159236038,-0.0006265252652490894,0.7119163888632751,0.90224430290803,0.4208295430370094
127.53,0.0,13.0,1.0,0.07692307692307693,0.3422761634818176,0.3422761634818176,0.3306302119589878,nan,nan,nan,nan,nan,nan,0.005821456717632845,-0.015862403159236038,-0.0006265252652490894,0.7119163888632751,0.90224430290803,0.4208295430370094
127.75,0.0,16.0,0.0,0.0,nan,nan,nan,nan,nan,nan,nan,nan,nan,0.005821456717632845,-0.015862403159236038,-0.0006265252652490894,0.7119163888632751,0.90224430290803,0.4208295430370094
128.09,0.0,16.0,0.0,0.0,nan,nan,nan,nan,nan,nan,nan,nan,nan,0.005821456717632845,-0.015862403159236038,-0.0006265252652490894,0.7119163888632751,0.90224430290803,0.4208295430370094
128.13,0.0,19.0,5.0,0.2631578947368421,0.10543768370539311,0.12007025041621805,12.096817348538455,nan,nan,nan,nan,nan,nan,0.005821456717632845,-0.015862403159236038,-0.0006265252652490894,0.7119163888632751,0.90224430290803,0.4208295430370094
128.35,0.0,21.0,6.0,0.2857142857142857,0.0814781158449348,0.1098349295519408,9.878992692398768,nan,nan,nan,nan,nan,nan,0.005821456717632845,-0.015862403159236038,-0.0006265252652490894,0.7119163888632751,0.90224430290803,0.4208295430370094
128.79000000000002,0.0,17.0,17.0,1.0,0.04793234183961196,0.08463003012893455,6.82102988695715,nan,nan,nan,nan,nan,nan,0.005821456717632845,-0.015862403159236038,-0.0006265252652490894,0.7119163888632751,0.90224430290803,0.4208295430370094
128.93,0.0,14.0,9.0,0.6428571428571429,0.026450622925503306,0.04148936168023431,5.656975345343672,nan,nan,nan,nan,nan,nan,0.005821456717632845,-0.015862403159236038,-0.0006265252652490894,0.7119163888632751,0.90224430290803,0.4208295430370094
129.85,0.0,34.0,34.0,1.0,0.10288067592884208,0.16346409884968613,4.678612898113726,nan,nan,nan,nan,nan,nan,0.005821456717632845,-0.015862403159236038,-0.0006265252652490894,0.7119163888632751,0.90224430290803,0.4208295430370094
129.93,0.0,47.0,47.0,1.0,0.02251444380973268,0.09062196716496773,1.5368674543609566,nan,nan,nan,nan,nan,nan,0.005821456717632845,-0.015862403159236038,-0.0006265252652490894,0.7119163888632751,0.90224430290803,0.4208295430370094
130.13,0.0,44.0,44.0,1.0,0.022783155995974344,0.09272846963089341,0.8401053350257683,nan,nan,nan,nan,nan,nan,0.005821456717632845,-0.015862403159236038,-0.0006265252652490894,0.7119163888632751,0.90224430290803,0.4208295430370094
130.33,1.0,37.0,37.0,1.0,0.0266090744477598,0.10851000114208226,0.9117499129042301,0.05835343434044127,-0.0993330277040648,0.009934715537052921,-1.3270269246251456,0.11792748318280531,-0.3345036910142203,0.018138379395077786,0.045291737305429444,-0.0007369861866344252,0.9955634628659769,0.9943914244714724,0.8630340221158077
130.59,1.0,29.0,29.0,1.0,0.02873780139467785,0.10293195223873215,1.1912609479290497,0.05727008619746239,-0.09886504868373938,0.009562360091217683,-1.194415083475538,0.09331794730303425,-0.1840481738064108,-0.008594906764476384,0.0013603173469200897,-0.0005706489201113829,0.6607045791941756,0.8141124653590279,0.4929060659351081
130.73000000000002,0.0,27.0,27.0,1.0,0.02603706096890908,0.1086069404391983,1.2529488802360704,nan,nan,nan,nan,nan,nan,-0.008594906764476384,0.0013603173469200897,-0.0005706489201113829,0.6607045791941756,0.8141124653590279,0.4929060659351081
130.93,0.0,27.0,27.0,1.0,0.027597665236376728,0.09685162041031385,1.7010858287892896,nan,nan,nan,nan,nan,nan,-0.008594906764476384,0.0013603173469200897,-0.0005706489201113829,0.6607045791941756,0.8141124653590279,0.4929060659351081
131.25,1.0,25.0,25.0,1.0,0.02524901333200563,0.09578566313962016,2.0590099034319653,0.0495610191807891,-0.035835463566677474,0.009255232610812184,-0.840437683210019,0.06057557378534076,-0.03971565379230624,-0.011488553816230929,-0.00627621658765741,-0.00026213372486783015,0.7309302847835051,0.9035953337551067,0.4573663994852436
131.39000000000001,1.0,21.0,21.0,1.0,0.029904025765647463,0.10998568497274337,2.5196261495877272,0.05367645454345609,-0.025223326099432786,0.00901583011831184,-0.7627347665130159,0.06501709399685172,-0.026337036756626464,-0.0035414164562361794,0.0037327736746517876,0.0001061567925866834,0.49793926069441274,0.7078098919475708,0.3150455710808062
131.49,1.0,34.0,34.0,1.0,0.022805161086624115,0.07646744276330601,1.8878699994301724,0.04733834140791696,-0.0005058543855397554,0.010159395269142517,-0.7106511107197674,0.05883827354343256,-0.019400920842152395,-0.002302270039687415,-0.005212318655519924,-2.4907628614359578e-05,0.5391870543503166,0.741163134001675,0.36022444582863716
131.83,1.0,19.0,19.0,1.0,0.015728435580440004,0.03424216466314422,1.9188393044877852,0.028955214987187554,0.012734641702641205,0.005684934015305256,-0.5199175925744794,0.04004620705149358,-0.0072123773217525056,-0.0017449577782371328,-0.019696141835981007,8.654593980897408e-05,0.5343685198574417,0.8059291384177013,0.27631256174698415
131.89000000000001,1.0,16.0,15.0,0.9375,0.016816184884981922,0.02935669011790239,3.0193498196066084,0.019149770979795727,0.02468299929313018,0.008147895279761347,-0.48919648265464405,0.02844306351379327,-0.0060754122218793505,-0.0008394448190094939,-0.013605252123235809,0.0005595766979604273,0.349126236139459,0.5292149951961106,0.1945658860253083
132.23000000000002,1.0,26.0,26.0,1.0,0.01640991004148664,0.03770402098438424,4.729027082431989,0.011447123057647874,0.05090583070187593,0.00873837566419102,-0.298588800302083,0.021912186515804455,-0.002913392213636622,-0.0006086119551626523,-0.013982782462240044,0.0006619840230067966,0.6354128758728692,0.8604795753703279,0.3615175407423449
132.35,1.0,27.0,27.0,1.0,0.015341712765725678,0.03335025125993669,2.018494168758973,0.043683958178574844,0.027548704697797657,0.007594357934421759,-0.23460763059931816,0.05289593651885492,-0.0028847086358512186,-0.00011350290997180768,0.0303304367228409,0.0007740952504065352,0.5179612246651256,0.7301593630221148,0.3149321091716185
132.49,1.0,34.0,34.0,1.0,0.014603623420236325,0.037250783769083154,2.197886490166555,0.04931472856040245,0.024378379217686506,0.008061957335721548,-0.15926931495735117,0.05799773398345739,-0.002578077033389636,-7.904786723758606e-05,0.013806017624004963,-5.7294176444066224e-05,0.5417437280360718,0.7819724787528465,0.328923691348991
132.69,1.0,35.0,35.0,1.0,0.016138210014313602,0.03215750245150071,2.062469002872023,0.051817826524253624,0.02423449981418024,0.007387594077011156,-0.04623005668469707,0.06096269887440689,-0.00307642761856819,-1.2971082550765345e-05,0.005482145188337527,-0.00027734449208735275,0.5757657275282928,0.8219697787592988,0.3315332913962816
132.89000000000001,1.0,42.0,42.0,1.0,0.014212030282714552,0.03629584798114304,1.3267784010453576,0.0631518401553368,0.016141211583827583,0.007106539771221147,0.06111883209898109,0.07113389468833728,-0.0036836909344630797,6.394367692847541e-05,0.0122808515660058,-0.0002856440160744476,0.5829908230777163,0.8251514407448398,0.33274542757604564
133.09,1.0,40.0,40.0,1.0,0.014301677386103315,0.036940401536289975,0.6970952009409864,0.07889346625646135,0.002113639100402359,0.004951946761159521,0.16957685157948937,0.08874298718669232,-0.004525160530600925,0.00014258119260213142,0.017846362542447577,-0.0004039143640184993,0.5842449264876045,0.825814152485676,0.33328421680787673
133.29000000000002,1.0,44.0,44.0,1.0,0.016134892759297224,0.034244870259007326,0.7753060093770383,0.07712845712708077,0.0037661562237110875,0.0050024264506121525,0.2799168012298628,0.08760022850408601,-0.0052065919536952165,8.824594376166672e-05,0.0012817147662553124,-0.0005784231598811524,0.5844622183483084,0.8264762604624234,0.33350586844586044
133.49,1.0,45.0,45.0,1.0,0.014803804037929386,0.0376952323652991,0.6702796483513676,0.07572554199271135,0.00549505906383808,0.004967283316633106,0.38874093093400847,0.086583588663044,-0.005771073931280402,7.086381626458804e-05,-0.001221856204334057,-0.00040797655443438203,0.5833215707986745,0.8265488256284145,0.3336137469555578
133.69,1.0,46.0,46.0,1.0,0.014407597783017367,0.03460180716087694,0.9156147971857638,0.07538102814778809,0.00499679602302918,0.004983747405010682,0.5003067194295507,0.0875612106563889,-0.006243741190763874,6.494833068948491e-05,-0.000582351429985431,-0.00025057007841342444,0.5831254406826214,0.8270646408642436,0.33363495103391055
133.89000000000001,1.0,42.0,40.0,0.9523809523809523,0.015432248100130644,0.039586311939311516,0.8173072928746044,0.07564029800927459,0.004852461349949228,0.004882740360388583,0.6068610677522178,0.08796891745495747,-0.006716616216468463,6.524369127636209e-05,0.0001430210735484938,-0.00015657507295149982,0.5830921909616582,0.8281049905985962,0.3336959268747682
134.09,1.0,37.0,29.0,0.7837837837837838,0.017760021361010913,0.03061804527673107,0.934273392727075,0.07498152822002639,0.005176553583206484,0.004942689048772899,0.7161794903908315,0.08816288391965287,-0.007168777182972707,5.652972739789153e-05,-0.0006452968917774471,-0.0001067248929679165,0.5589803387412097,0.8145480404344508,0.3122001453095708
134.29000000000002,1.0,40.0,29.0,0.725,0.013026346420412852,0.038816918211689866,0.897597189326661,0.0742805371989091,0.004912183402851542,0.004990293487116286,0.8245661851168653,0.08798895584356985,-0.0073211908103165664,3.236440745457703e-05,-0.0008269530270507419,-6.216805373834757e-05,0.565892527786603,0.8178895261035289,0.31677449867675184
134.45000000000002,0.0,41.0,30.0,0.7317073170731707,0.14639078258602053,0.20884688684289515,7.174923336812379,nan,nan,nan,nan,nan,nan,3.236440745457703e-05,-0.0008269530270507419,-6.216805373834757e-05,0.565892527786603,0.8178895261035289,0.31677449867675184
134.65,0.0,57.0,49.0,0.8596491228070176,0.20019794264572835,0.3427691834484428,7.229188446800172,nan,nan,nan,nan,nan,nan,3.236440745457703e-05,-0.0008269530270507419,-6.216805373834757e-05,0.565892527786603,0.8178895261035289,0.31677449867675184
135.03,0.0,66.0,17.0,0.25757575757575757,0.013751326066724131,0.02584399475516835,1.0643478497582681,nan,nan,nan,nan,nan,nan,3.236440745457703e-05,-0.0008269530270507419,-6.216805373834757e-05,0.565892527786603,0.8178895261035289,0.31677449867675184
135.13,0.0,65.0,42.0,0.6461538461538462,0.2626144653005148,0.3457035963551692,10.5108703377583,nan,nan,nan,nan,nan,nan,3.236440745457703e-05,-0.0008269530270507419,-6.216805373834757e-05,0.565892527786603,0.8178895261035289,0.31677449867675184
135.25,0.0,59.0,43.0,0.7288135593220338,0.24527530708620718,0.34909594536974636,7.102633117279224,nan,nan,nan,nan,nan,nan,3.236440745457703e-05,-0.0008269530270507419,-6.216805373834757e-05,0.565892527786603,0.8178895261035289,0.31677449867675184
135.45000000000002,0.0,56.0,39.0,0.6964285714285714,0.25036938499804484,0.3204062043711319,4.9483916687320395,nan,nan,nan,nan,nan,nan,3.236440745457703e-05,-0.0008269530270507419,-6.216805373834757e-05,0.565892527786603,0.8178895261035289,0.31677449867675184
135.65,0.0,51.0,39.0,0.7647058823529411,0.2699804732210742,0.34305045044548743,7.130655355990164,nan,nan,nan,nan,nan,nan,3.236440745457703e-05,-0.0008269530270507419,-6.216805373834757e-05,0.565892527786603,0.8178895261035289,0.31677449867675184
135.83,0.0,31.0,23.0,0.7419354838709677,0.2646711192685051,0.30956762311901975,6.506124983112536,nan,nan,nan,nan,nan,nan,3.236440745457703e-05,-0.0008269530270507419,-6.216805373834757e-05,0.565892527786603,0.8178895261035289,0.31677449867675184
136.05,0.0,33.0,18.0,0.5454545454545454,0.27356407593410015,0.32084876425950304,9.816217044644477,nan,nan,nan,nan,nan,nan,3.236440745457703e-05,-0.0008269530270507419,-6.216805373834757e-05,0.565892527786603,0.8178895261035289,0.31677449867675184
136.25,0.0,14.0,11.0,0.7857142857142857,0.2979353612406867,0.34237633544389307,11.028725341100143,nan,nan,nan,nan,nan,nan,3.236440745457703e-05,-0.0008269530270507419,-6.216805373834757e-05,0.565892527786603,0.8178895261035289,0.31677449867675184
136.53,0.0,22.0,21.0,0.9545454545454546,0.28617449263093214,0.33118970211558924,11.537144198663292,nan,nan,nan,nan,nan,nan,3.236440745457703e-05,-0.0008269530270507419,-6.216805373834757e-05,0.565892527786603,0.8178895261035289,0.31677449867675184
137.23000000000002,0.0,43.0,43.0,1.0,0.25820330234539074,0.312039855879997,6.746870518755955,nan,nan,nan,nan,nan,nan,3.236440745457703e-05,-0.0008269530270507419,-6.216805373834757e-05,0.565892527786603,0.8178895261035289,0.31677449867675184
137.59,0.0,45.0,44.0,0.9777777777777777,0.06318418654006525,0.16616563973719706,8.03784886252265,nan,nan,nan,nan,nan,nan,3.236440745457703e-05,-0.0008269530270507419,-6.216805373834757e-05,0.565892527786603,0.8178895261035289,0.31677449867675184
137.79000000000002,0.0,34.0,34.0,1.0,0.06173377437134612,0.14161805430755284,7.368030508919131,nan,nan,nan,nan,nan,nan,3.236440745457703e-05,-0.0008269530270507419,-6.216805373834757e-05,0.565892527786603,0.8178895261035289,0.31677449867675184
137.83,0.0,41.0,41.0,1.0,0.10840781128803115,0.14436929682063082,3.8457631966403123,nan,nan,nan,nan,nan,nan,3.236440745457703e-05,-0.0008269530270507419,-6.216805373834757e-05,0.565892527786603,0.8178895261035289,0.31677449867675184
138.05,0.0,36.0,36.0,1.0,0.09776160978719735,0.121246350563553,2.850074218937264,nan,nan,nan,nan,nan,nan,3.236440745457703e-05,-0.0008269530270507419,-6.216805373834757e-05,0.565892527786603,0.8178895261035289,0.31677449867675184
138.33,0.0,31.0,31.0,1.0,0.06573093355219756,0.08677389570678194,2.107694379707696,nan,nan,nan,nan,nan,nan,3.236440745457703e-05,-0.0008269530270507419,-6.216805373834757e-05,0.565892527786603,0.8178895261035289,0.31677449867675184
138.47,0.0,33.0,33.0,1.0,0.08208967421757368,0.10911317881891357,1.5141522836899726,nan,nan,nan,nan,nan,nan,3.236440745457703e-05,-0.0008269530270507419,-6.216805373834757e-05,0.565892527786603,0.8178895261035289,0.31677449867675184
138.63,0.0,39.0,39.0,1.0,0.103632175792314,0.1346166859485124,1.582802506693439,nan,nan,nan,nan,nan,nan,3.236440745457703e-05,-0.0008269530270507419,-6.216805373834757e-05,0.565892527786603,0.8178895261035289,0.31677449867675184
138.83,0.0,34.0,34.0,1.0,0.11594718564469318,0.13655412722929092,2.469847261580879,nan,nan,nan,nan,nan,nan,3.236440745457703e-05,-0.0008269530270507419,-6.216805373834757e-05,0.565892527786603,0.8178895261035289,0.31677449867675184
139.03,0.0,33.0,3.0,0.09090909090909091,0.34331678981393815,0.3479153990083893,6.601937807775889,nan,nan,nan,nan,nan,nan,3.236440745457703e-05,-0.0008269530270507419,-6.216805373834757e-05,0.565892527786603,0.8178895261035289,0.31677449867675184
139.33,0.0,39.0,5.0,0.1282051282051282,0.3372498563326161,0.34549254506488036,6.550746652407694,nan,nan,nan,nan,nan,nan,3.236440745457703e-05,-0.0008269530270507419,-6.216805373834757e-05,0.565892527786603,0.8178895261035289,0.31677449867675184
139.43,0.0,31.0,1.0,0.03225806451612903,0.34199069098848506,0.34199069098848506,1.6721847554339935,nan,nan,nan,nan,nan,nan,3.236440745457703e-05,-0.0008269530270507419,-6.216805373834757e-05,0.565892527786603,0.8178895261035289,0.31677449867675184
139.69,0.0,34.0,0.0,0.0,nan,nan,nan,nan,nan,nan,nan,nan,nan,3.236440745457703e-05,-0.0008269530270507419,-6.216805373834757e-05,0.565892527786603,0.8178895261035289,0.31677449867675184
139.83,0.0,33.0,0.0,0.0,nan,nan,nan,nan,nan,nan,nan,nan,nan,3.236440745457703e-05,-0.0008269530270507419,-6.216805373834757e-05,0.565892527786603,0.8178895261035289,0.31677449867675184
140.03,0.0,42.0,37.0,0.8809523809523809,0.09265784705851286,0.16185847748559518,5.840654229475501,nan,nan,nan,nan,nan,nan,3.236440745457703e-05,-0.0008269530270507419,-6.216805373834757e-05,0.565892527786603,0.8178895261035289,0.31677449867675184
140.29000000000002,0.0,43.0,40.0,0.9302325581395349,0.10203803724277223,0.18646506772035074,7.225019917264139,nan,nan,nan,nan,nan,nan,3.236440745457703e-05,-0.0008269530270507419,-6.216805373834757e-05,0.565892527786603,0.8178895261035289,0.31677449867675184
140.43,0.0,48.0,47.0,0.9791666666666666,0.07743368557915509,0.1397562240365401,5.706774433111911,nan,nan,nan,nan,nan,nan,3.236440745457703e-05,-0.0008269530270507419,-6.216805373834757e-05,0.565892527786603,0.8178895261035289,0.31677449867675184
140.63,0.0,57.0,45.0,0.7894736842105263,0.07975589889430554,0.1408659576443907,4.422860606669609,nan,nan,nan,nan,nan,nan,3.236440745457703e-05,-0.0008269530270507419,-6.216805373834757e-05,0.565892527786603,0.8178895261035289,0.31677449867675184
140.83,0.0,50.0,47.0,0.94,0.09517318162577242,0.16695135105220124,8.071028282505845,nan,nan,nan,nan,nan,nan,3.236440745457703e-05,-0.0008269530270507419,-6.216805373834757e-05,0.565892527786603,0.8178895261035289,0.31677449867675184
141.03,0.0,52.0,49.0,0.9423076923076923,0.09004758715061668,0.18190868523865292,6.54846535707029,nan,nan,nan,nan,nan,nan,3.236440745457703e-05,-0.0008269530270507419,-6.216805373834757e-05,0.565892527786603,0.8178895261035289,0.31677449867675184
141.23000000000002,0.0,46.0,36.0,0.782608695652174,0.12309595586074368,0.32615179762749313,8.732017429034034,nan,nan,nan,nan,nan,nan,3.236440745457703e-05,-0.0008269530270507419,-6.216805373834757e-05,0.565892527786603,0.8178895261035289,0.31677449867675184
141.49,0.0,51.0,38.0,0.7450980392156863,0.1461975833976017,0.19522834988127946,9.747111604087458,nan,nan,nan,nan,nan,nan,3.236440745457703e-05,-0.0008269530270507419,-6.216805373834757e-05,0.565892527786603,0.8178895261035289,0.31677449867675184
141.59,0.0,53.0,48.0,0.9056603773584906,0.0556985412874439,0.10627486685011477,7.229166808286763,nan,nan,nan,nan,nan,nan,3.236440745457703e-05,-0.0008269530270507419,-6.216805373834757e-05,0.565892527786603,0.8178895261035289,0.31677449867675184
141.79000000000002,0.0,36.0,34.0,0.9444444444444444,0.028837472588249174,0.07213967038747301,7.436911266269935,nan,nan,nan,nan,nan,nan,3.236440745457703e-05,-0.0008269530270507419,-6.216805373834757e-05,0.565892527786603,0.8178895261035289,0.31677449867675184
141.99,0.0,39.0,39.0,1.0,0.03612852730146053,0.0881540907209385,6.34803961400643,nan,nan,nan,nan,nan,nan,3.236440745457703e-05,-0.0008269530270507419,-6.216805373834757e-05,0.565892527786603,0.8178895261035289,0.31677449867675184
142.19,0.0,43.0,41.0,0.9534883720930233,0.06688059033091227,0.1348268845052564,5.075649828074462,nan,nan,nan,nan,nan,nan,3.236440745457703e-05,-0.0008269530270507419,-6.216805373834757e-05,0.565892527786603,0.8178895261035289,0.31677449867675184
142.63,0.0,41.0,36.0,0.8780487804878049,0.10327295951357017,0.13753579314370007,3.0488325641861036,nan,nan,nan,nan,nan,nan,3.236440745457703e-05,-0.0008269530270507419,-6.216805373834757e-05,0.565892527786603,0.8178895261035289,0.31677449867675184
142.79000000000002,0.0,48.0,42.0,0.875,0.11946355702795715,0.16748097446027901,3.9865477544334307,nan,nan,nan,nan,nan,nan,3.236440745457703e-05,-0.0008269530270507419,-6.216805373834757e-05,0.565892527786603,0.8178895261035289,0.31677449867675184
142.99,0.0,44.0,3.0,0.06818181818181818,0.3413112448759236,0.3475745177356478,5.904363517568474,nan,nan,nan,nan,nan,nan,3.236440745457703e-05,-0.0008269530270507419,-6.216805373834757e-05,0.565892527786603,0.8178895261035289,0.31677449867675184
143.19,0.0,41.0,3.0,0.07317073170731707,0.3418490501015545,0.3482187970542239,4.104762374362777,nan,nan,nan,nan,nan,nan,3.236440745457703e-05,-0.0008269530270507419,-6.216805373834757e-05,0.565892527786603,0.8178895261035289,0.31677449867675184
143.43,0.0,37.0,0.0,0.0,nan,nan,nan,nan,nan,nan,nan,nan,nan,3.236440745457703e-05,-0.0008269530270507419,-6.216805373834757e-05,0.565892527786603,0.8178895261035289,0.31677449867675184
143.59,0.0,41.0,0.0,0.0,nan,nan,nan,nan,nan,nan,nan,nan,nan,3.236440745457703e-05,-0.0008269530270507419,-6.216805373834757e-05,0.565892527786603,0.8178895261035289,0.31677449867675184
143.79000000000002,0.0,42.0,0.0,0.0,nan,nan,nan,nan,nan,nan,nan,nan,nan,3.236440745457703e-05,-0.0008269530270507419,-6.216805373834757e-05,0.565892527786603,0.8178895261035289,0.31677449867675184
143.95000000000002,0.0,40.0,0.0,0.0,nan,nan,nan,nan,nan,nan,nan,nan,nan,3.236440745457703e-05,-0.0008269530270507419,-6.216805373834757e-05,0.565892527786603,0.8178895261035289,0.31677449867675184
144.19,0.0,29.0,0.0,0.0,nan,nan,nan,nan,nan,nan,nan,nan,nan,3.236440745457703e-05,-0.0008269530270507419,-6.216805373834757e-05,0.565892527786603,0.8178895261035289,0.31677449867675184
144.45000000000002,0.0,31.0,0.0,0.0,nan,nan,nan,nan,nan,nan,nan,nan,nan,3.236440745457703e-05,-0.0008269530270507419,-6.216805373834757e-05,0.565892527786603,0.8178895261035289,0.31677449867675184
144.65,0.0,31.0,0.0,0.0,nan,nan,nan,nan,nan,nan,nan,nan,nan,3.236440745457703e-05,-0.0008269530270507419,-6.216805373834757e-05,0.565892527786603,0.8178895261035289,0.31677449867675184
144.79000000000002,0.0,37.0,2.0,0.05405405405405406,0.33409857665894044,0.3400970519214862,3.386204873211733,nan,nan,nan,nan,nan,nan,3.236440745457703e-05,-0.0008269530270507419,-6.216805373834757e-05,0.565892527786603,0.8178895261035289,0.31677449867675184
145.05,0.0,28.0,0.0,0.0,nan,nan,nan,nan,nan,nan,nan,nan,nan,3.236440745457703e-05,-0.0008269530270507419,-6.216805373834757e-05,0.565892527786603,0.8178895261035289,0.31677449867675184
145.33,0.0,39.0,0.0,0.0,nan,nan,nan,nan,nan,nan,nan,nan,nan,3.236440745457703e-05,-0.0008269530270507419,-6.216805373834757e-05,0.565892527786603,0.8178895261035289,0.31677449867675184
145.39000000000001,0.0,45.0,45.0,1.0,0.11175613602356231,0.15648036107407648,6.261914557096426,nan,nan,nan,nan,nan,nan,3.236440745457703e-05,-0.0008269530270507419,-6.216805373834757e-05,0.565892527786603,0.8178895261035289,0.31677449867675184
145.59,0.0,42.0,42.0,1.0,0.14454472172875568,0.18799865378682012,4.601065944509821,nan,nan,nan,nan,nan,nan,3.236440745457703e-05,-0.0008269530270507419,-6.216805373834757e-05,0.565892527786603,0.8178895261035289,0.31677449867675184
145.75,0.0,41.0,41.0,1.0,0.15717341818513086,0.19533022692080965,3.0281331276379957,nan,nan,nan,nan,nan,nan,3.236440745457703e-05,-0.0008269530270507419,-6.216805373834757e-05,0.565892527786603,0.8178895261035289,0.31677449867675184
146.07,0.0,52.0,7.0,0.1346153846153846,0.34665023647942705,0.3499999888215384,2.6963216093749507,nan,nan,nan,nan,nan,nan,3.236440745457703e-05,-0.0008269530270507419,-6.216805373834757e-05,0.565892527786603,0.8178895261035289,0.31677449867675184
146.25,0.0,47.0,47.0,1.0,0.20069153950720944,0.21527400553845716,1.4631462807953346,nan,nan,nan,nan,nan,nan,3.236440745457703e-05,-0.0008269530270507419,-6.216805373834757e-05,0.565892527786603,0.8178895261035289,0.31677449867675184
146.35,0.0,52.0,52.0,1.0,0.1551932800040267,0.18388330822561347,2.575979595278776,nan,nan,nan,nan,nan,nan,3.236440745457703e-05,-0.0008269530270507419,-6.216805373834757e-05,0.565892527786603,0.8178895261035289,0.31677449867675184
146.53,0.0,39.0,39.0,1.0,0.1612789691012457,0.17707698078825143,1.935180922940507,nan,nan,nan,nan,nan,nan,3.236440745457703e-05,-0.0008269530270507419,-6.216805373834757e-05,0.565892527786603,0.8178895261035289,0.31677449867675184
146.89000000000001,0.0,46.0,45.0,0.9782608695652174,0.1676635917632156,0.18525711639014625,1.5806203051168293,nan,nan,nan,nan,nan,nan,3.236440745457703e-05,-0.0008269530270507419,-6.216805373834757e-05,0.565892527786603,0.8178895261035289,0.31677449867675184
147.03,0.0,44.0,44.0,1.0,0.14223217016472509,0.16151307987235214,2.395156397293254,nan,nan,nan,nan,nan,nan,3.236440745457703e-05,-0.0008269530270507419,-6.216805373834757e-05,0.565892527786603,0.8178895261035289,0.31677449867675184
147.23000000000002,0.0,41.0,41.0,1.0,0.12170727219583641,0.13681590006505392,1.8241418891678334,nan,nan,nan,nan,nan,nan,3.236440745457703e-05,-0.0008269530270507419,-6.216805373834757e-05,0.565892527786603,0.8178895261035289,0.31677449867675184
147.33,0.0,34.0,32.0,0.9411764705882353,0.1146728785168021,0.1349386319976431,2.5067947525003293,nan,nan,nan,nan,nan,nan,3.236440745457703e-05,-0.0008269530270507419,-6.216805373834757e-05,0.565892527786603,0.8178895261035289,0.31677449867675184
147.63,0.0,30.0,30.0,1.0,0.0971658722706507,0.12185804238236307,2.2117667187821564,nan,nan,nan,nan,nan,nan,3.236440745457703e-05,-0.0008269530270507419,-6.216805373834757e-05,0.565892527786603,0.8178895261035289,0.31677449867675184
147.83,0.0,27.0,26.0,0.9629629629629629,0.10168293069767044,0.1207371352471115,2.44592666120999,nan,nan,nan,nan,nan,nan,3.236440745457703e-05,-0.0008269530270507419,-6.216805373834757e-05,0.565892527786603,0.8178895261035289,0.31677449867675184
148.03,0.0,25.0,25.0,1.0,0.08115124136672519,0.10107479864363807,2.9822037976764553,nan,nan,nan,nan,nan,nan,3.236440745457703e-05,-0.0008269530270507419,-6.216805373834757e-05,0.565892527786603,0.8178895261035289,0.31677449867675184
148.13,0.0,22.0,22.0,1.0,0.0826855517021854,0.10348369411484142,3.0948519295845993,nan,nan,nan,nan,nan,nan,3.236440745457703e-05,-0.0008269530270507419,-6.216805373834757e-05,0.565892527786603,0.8178895261035289,0.31677449867675184
148.35,0.0,45.0,41.0,0.9111111111111111,0.04585356299586801,0.1413408702090101,4.085161787998631,nan,nan,nan,nan,nan,nan,3.236440745457703e-05,-0.0008269530270507419,-6.216805373834757e-05,0.565892527786603,0.8178895261035289,0.31677449867675184
148.53,0.0,28.0,25.0,0.8928571428571429,0.20466113644128012,0.2946374654734577,7.008374578764329,nan,nan,nan,nan,nan,nan,3.236440745457703e-05,-0.0008269530270507419,-6.216805373834757e-05,0.565892527786603,0.8178895261035289,0.31677449867675184
148.79000000000002,0.0,35.0,31.0,0.8857142857142857,0.09333497496453716,0.15814836944298938,7.3081667420136,nan,nan,nan,nan,nan,nan,3.236440745457703e-05,-0.0008269530270507419,-6.216805373834757e-05,0.565892527786603,0.8178895261035289,0.31677449867675184
148.93,0.0,34.0,30.0,0.8823529411764706,0.1483564155447331,0.22762740631708756,5.8390172257757245,nan,nan,nan,nan,nan,nan,3.236440745457703e-05,-0.0008269530270507419,-6.216805373834757e-05,0.565892527786603,0.8178895261035289,0.31677449867675184
149.13,0.0,47.0,39.0,0.8297872340425532,0.1565333022362362,0.22359096349620544,4.169720492179091,nan,nan,nan,nan,nan,nan,3.236440745457703e-05,-0.0008269530270507419,-6.216805373834757e-05,0.565892527786603,0.8178895261035289,0.31677449867675184
149.33,0.0,38.0,6.0,0.15789473684210525,0.3134022639305835,0.33681198224678593,12.543113706349308,nan,nan,nan,nan,nan,nan,3.236440745457703e-05,-0.0008269530270507419,-6.216805373834757e-05,0.565892527786603,0.8178895261035289,0.31677449867675184
149.53,0.0,42.0,0.0,0.0,nan,nan,nan,nan,nan,nan,nan,nan,nan,3.236440745457703e-05,-0.0008269530270507419,-6.216805373834757e-05,0.565892527786603,0.8178895261035289,0.31677449867675184
149.73000000000002,0.0,40.0,0.0,0.0,nan,nan,nan,nan,nan,nan,nan,nan,nan,3.236440745457703e-05,-0.0008269530270507419,-6.216805373834757e-05,0.565892527786603,0.8178895261035289,0.31677449867675184
149.93,0.0,45.0,0.0,0.0,nan,nan,nan,nan,nan,nan,nan,nan,nan,3.236440745457703e-05,-0.0008269530270507419,-6.216805373834757e-05,0.565892527786603,0.8178895261035289,0.31677449867675184
150.13,0.0,50.0,0.0,0.0,nan,nan,nan,nan,nan,nan,nan,nan,nan,3.236440745457703e-05,-0.0008269530270507419,-6.216805373834757e-05,0.565892527786603,0.8178895261035289,0.31677449867675184
150.33,0.0,46.0,0.0,0.0,nan,nan,nan,nan,nan,nan,nan,nan,nan,3.236440745457703e-05,-0.0008269530270507419,-6.216805373834757e-05,0.565892527786603,0.8178895261035289,0.31677449867675184
150.53,0.0,45.0,0.0,0.0,nan,nan,nan,nan,nan,nan,nan,nan,nan,3.236440745457703e-05,-0.0008269530270507419,-6.216805373834757e-05,0.565892527786603,0.8178895261035289,0.31677449867675184
150.73000000000002,0.0,37.0,0.0,0.0,nan,nan,nan,nan,nan,nan,nan,nan,nan,3.236440745457703e-05,-0.0008269530270507419,-6.216805373834757e-05,0.565892527786603,0.8178895261035289,0.31677449867675184
150.99,0.0,43.0,0.0,0.0,nan,nan,nan,nan,nan,nan,nan,nan,nan,3.236440745457703e-05,-0.0008269530270507419,-6.216805373834757e-05,0.565892527786603,0.8178895261035289,0.31677449867675184
151.13,0.0,34.0,0.0,0.0,nan,nan,nan,nan,nan,nan,nan,nan,nan,3.236440745457703e-05,-0.0008269530270507419,-6.216805373834757e-05,0.565892527786603,0.8178895261035289,0.31677449867675184
151.39000000000001,0.0,31.0,0.0,0.0,nan,nan,nan,nan,nan,nan,nan,nan,nan,3.236440745457703e-05,-0.0008269530270507419,-6.216805373834757e-05,0.565892527786603,0.8178895261035289,0.31677449867675184
151.65,0.0,30.0,0.0,0.0,nan,nan,nan,nan,nan,nan,nan,nan,nan,3.236440745457703e-05,-0.0008269530270507419,-6.216805373834757e-05,0.565892527786603,0.8178895261035289,0.31677449867675184
151.73000000000002,0.0,30.0,1.0,0.03333333333333333,0.3178308756853478,0.3178308756853478,17.07119103542337,nan,nan,nan,nan,nan,nan,3.236440745457703e-05,-0.0008269530270507419,-6.216805373834757e-05,0.565892527786603,0.8178895261035289,0.31677449867675184
151.93,0.0,41.0,39.0,0.9512195121951219,0.11635352055142863,0.2033373779018852,9.062870214450312,nan,nan,nan,nan,nan,nan,3.236440745457703e-05,-0.0008269530270507419,-6.216805373834757e-05,0.565892527786603,0.8178895261035289,0.31677449867675184
152.09,0.0,66.0,65.0,0.9848484848484849,0.08134313214367339,0.15834967578895695,7.144728710980715,nan,nan,nan,nan,nan,nan,3.236440745457703e-05,-0.0008269530270507419,-6.216805373834757e-05,0.565892527786603,0.8178895261035289,0.31677449867675184
152.29000000000002,0.0,48.0,46.0,0.9583333333333334,0.08510260804438542,0.16042517538448983,6.351550643537501,nan,nan,nan,nan,nan,nan,3.236440745457703e-05,-0.0008269530270507419,-6.216805373834757e-05,0.565892527786603,0.8178895261035289,0.31677449867675184
152.55,0.0,50.0,49.0,0.98,0.11498861957248707,0.16964510999131885,6.677123495200811,nan,nan,nan,nan,nan,nan,3.236440745457703e-05,-0.0008269530270507419,-6.216805373834757e-05,0.565892527786603,0.8178895261035289,0.31677449867675184
152.75,0.0,52.0,52.0,1.0,0.10740780641196407,0.1775074687500569,6.299522803129763,nan,nan,nan,nan,nan,nan,3.236440745457703e-05,-0.0008269530270507419,-6.216805373834757e-05,0.565892527786603,0.8178895261035289,0.31677449867675184
152.89000000000001,0.0,49.0,47.0,0.9591836734693877,0.0797472016274035,0.1611851390376712,5.1603722424488545,nan,nan,nan,nan,nan,nan,3.236440745457703e-05,-0.0008269530270507419,-6.216805373834757e-05,0.565892527786603,0.8178895261035289,0.31677449867675184
153.15,0.0,41.0,41.0,1.0,0.10865821814433783,0.18545845456968602,7.3125872220436365,nan,nan,nan,nan,nan,nan,3.236440745457703e-05,-0.0008269530270507419,-6.216805373834757e-05,0.565892527786603,0.8178895261035289,0.31677449867675184
153.29000000000002,0.0,26.0,25.0,0.9615384615384616,0.07888383495183543,0.16864128824456628,5.704611678094647,nan,nan,nan,nan,nan,nan,3.236440745457703e-05,-0.0008269530270507419,-6.216805373834757e-05,0.565892527786603,0.8178895261035289,0.31677449867675184
153.49,0.0,21.0,20.0,0.9523809523809523,0.10321791471435131,0.12143656993403841,2.68976711942868,nan,nan,nan,nan,nan,nan,3.236440745457703e-05,-0.0008269530270507419,-6.216805373834757e-05,0.565892527786603,0.8178895261035289,0.31677449867675184
153.69,0.0,23.0,21.0,0.9130434782608695,0.0914696590005228,0.20408155177505646,4.3173763060345856,nan,nan,nan,nan,nan,nan,3.236440745457703e-05,-0.0008269530270507419,-6.216805373834757e-05,0.565892527786603,0.8178895261035289,0.31677449867675184
153.89000000000001,0.0,27.0,27.0,1.0,0.06535428076699339,0.0811115475371536,2.0870581751802626,nan,nan,nan,nan,nan,nan,3.236440745457703e-05,-0.0008269530270507419,-6.216805373834757e-05,0.565892527786603,0.8178895261035289,0.31677449867675184
154.05,0.0,41.0,41.0,1.0,0.05759259145122482,0.0719602609782003,3.394754189562681,nan,nan,nan,nan,nan,nan,3.236440745457703e-05,-0.0008269530270507419,-6.216805373834757e-05,0.565892527786603,0.8178895261035289,0.31677449867675184
154.49,0.0,47.0,40.0,0.851063829787234,0.06735967461953404,0.10630792195356767,5.862645223598326,nan,nan,nan,nan,nan,nan,3.236440745457703e-05,-0.0008269530270507419,-6.216805373834757e-05,0.565892527786603,0.8178895261035289,0.31677449867675184
154.69,0.0,48.0,40.0,0.8333333333333334,0.0630128668148986,0.10656995604406558,6.5326336898853175,nan,nan,nan,nan,nan,nan,3.236440745457703e-05,-0.0008269530270507419,-6.216805373834757e-05,0.565892527786603,0.8178895261035289,0.31677449867675184
155.03,0.0,42.0,36.0,0.8571428571428571,0.05790563308975712,0.10058969906324436,7.855685505426942,nan,nan,nan,nan,nan,nan,3.236440745457703e-05,-0.0008269530270507419,-6.216805373834757e-05,0.565892527786603,0.8178895261035289,0.31677449867675184
155.05,0.0,35.0,24.0,0.6857142857142857,0.015551075628343772,0.02786748387238479,2.649672239233955,nan,nan,nan,nan,nan,nan,3.236440745457703e-05,-0.0008269530270507419,-6.216805373834757e-05,0.565892527786603,0.8178895261035289,0.31677449867675184
155.25,0.0,42.0,36.0,0.8571428571428571,0.08974213027563797,0.16462659761983253,10.544419583504114,nan,nan,nan,nan,nan,nan,3.236440745457703e-05,-0.0008269530270507419,-6.216805373834757e-05,0.565892527786603,0.8178895261035289,0.31677449867675184
155.59,0.0,38.0,34.0,0.8947368421052632,0.06302245797442045,0.11610588623446372,7.206354760078377,nan,nan,nan,nan,nan,nan,3.236440745457703e-05,-0.0008269530270507419,-6.216805373834757e-05,0.565892527786603,0.8178895261035289,0.31677449867675184
155.73000000000002,0.0,36.0,20.0,0.5555555555555556,0.07943973063490122,0.11875901667732092,13.400700597675312,nan,nan,nan,nan,nan,nan,3.236440745457703e-05,-0.0008269530270507419,-6.216805373834757e-05,0.565892527786603,0.8178895261035289,0.31677449867675184
155.83,0.0,44.0,32.0,0.7272727272727273,0.07353136060013757,0.15148537538352164,9.346997767696847,nan,nan,nan,nan,nan,nan,3.236440745457703e-05,-0.0008269530270507419,-6.216805373834757e-05,0.565892527786603,0.8178895261035289,0.31677449867675184
156.13,0.0,43.0,31.0,0.7209302325581395,0.041838428778889505,0.19014281438578517,7.773349280668293,nan,nan,nan,nan,nan,nan,3.236440745457703e-05,-0.0008269530270507419,-6.216805373834757e-05,0.565892527786603,0.8178895261035289,0.31677449867675184
156.25,0.0,39.0,20.0,0.5128205128205128,0.05896443316177989,0.07272837411486875,2.6861013860054372,nan,nan,nan,nan,nan,nan,3.236440745457703e-05,-0.0008269530270507419,-6.216805373834757e-05,0.565892527786603,0.8178895261035289,0.31677449867675184
156.45000000000002,0.0,45.0,31.0,0.6888888888888889,0.07084931828831786,0.08914636942552961,1.5837363869897048,nan,nan,nan,nan,nan,nan,3.236440745457703e-05,-0.0008269530270507419,-6.216805373834757e-05,0.565892527786603,0.8178895261035289,0.31677449867675184
156.65,0.0,40.0,26.0,0.65,0.07281477925072086,0.09298301267670579,1.068391217239954,nan,nan,nan,nan,nan,nan,3.236440745457703e-05,-0.0008269530270507419,-6.216805373834757e-05,0.565892527786603,0.8178895261035289,0.31677449867675184
156.93,0.0,42.0,34.0,0.8095238095238095,0.028878600348287292,0.05431817085376118,1.2989597422456394,nan,nan,nan,nan,nan,nan,3.236440745457703e-05,-0.0008269530270507419,-6.216805373834757e-05,0.565892527786603,0.8178895261035289,0.31677449867675184
157.13,0.0,48.0,43.0,0.8958333333333334,0.06291512666409059,0.09860784614990198,5.106909914966555,nan,nan,nan,nan,nan,nan,3.236440745457703e-05,-0.0008269530270507419,-6.216805373834757e-05,0.565892527786603,0.8178895261035289,0.31677449867675184
157.33,0.0,40.0,40.0,1.0,0.060023820548839014,0.1009619743859909,6.539209659171126,nan,nan,nan,nan,nan,nan,3.236440745457703e-05,-0.0008269530270507419,-6.216805373834757e-05,0.565892527786603,0.8178895261035289,0.31677449867675184
157.45000000000002,0.0,41.0,40.0,0.975609756097561,0.05391915082560585,0.0923785985477889,5.6216099334016345,nan,nan,nan,nan,nan,nan,3.236440745457703e-05,-0.0008269530270507419,-6.216805373834757e-05,0.565892527786603,0.8178895261035289,0.31677449867675184
157.75,0.0,37.0,37.0,1.0,0.051675530507394256,0.08730186413176881,5.89368668121407,nan,nan,nan,nan,nan,nan,3.236440745457703e-05,-0.0008269530270507419,-6.216805373834757e-05,0.565892527786603,0.8178895261035289,0.31677449867675184
157.93,0.0,28.0,28.0,1.0,0.07441537090830548,0.11015363655985172,8.308449619359706,nan,nan,nan,nan,nan,nan,3.236440745457703e-05,-0.0008269530270507419,-6.216805373834757e-05,0.565892527786603,0.8178895261035289,0.31677449867675184
158.05,0.0,24.0,24.0,1.0,0.04029164012510494,0.0799443998986123,8.332460093388429,nan,nan,nan,nan,nan,nan,3.236440745457703e-05,-0.0008269530270507419,-6.216805373834757e-05,0.565892527786603,0.8178895261035289,0.31677449867675184
158.25,0.0,29.0,29.0,1.0,0.03297390532734774,0.0592811922782197,8.01576292217685,nan,nan,nan,nan,nan,nan,3.236440745457703e-05,-0.0008269530270507419,-6.216805373834757e-05,0.565892527786603,0.8178895261035289,0.31677449867675184
158.43,0.0,35.0,35.0,1.0,0.034924271699414186,0.05606444213256723,7.091900074019381,nan,nan,nan,nan,nan,nan,3.236440745457703e-05,-0.0008269530270507419,-6.216805373834757e-05,0.565892527786603,0.8178895261035289,0.31677449867675184
158.77,0.0,30.0,30.0,1.0,0.020184549535824395,0.039539275599207335,6.087220027068261,nan,nan,nan,nan,nan,nan,3.236440745457703e-05,-0.0008269530270507419,-6.216805373834757e-05,0.565892527786603,0.8178895261035289,0.31677449867675184
158.83,0.0,33.0,33.0,1.0,0.04953672228418735,0.09177289394763247,8.488231201640575,nan,nan,nan,nan,nan,nan,3.236440745457703e-05,-0.0008269530270507419,-6.216805373834757e-05,0.565892527786603,0.8178895261035289,0.31677449867675184
159.03,0.0,29.0,29.0,1.0,0.014883859163597801,0.04481118371190371,4.629651079248628,nan,nan,nan,nan,nan,nan,3.236440745457703e-05,-0.0008269530270507419,-6.216805373834757e-05,0.565892527786603,0.8178895261035289,0.31677449867675184
159.23000000000002,0.0,31.0,31.0,1.0,0.014003536376039816,0.03329896728211523,2.384601830932367,nan,nan,nan,nan,nan,nan,3.236440745457703e-05,-0.0008269530270507419,-6.216805373834757e-05,0.565892527786603,0.8178895261035289,0.31677449867675184
159.43,0.0,37.0,37.0,1.0,0.01456696237722809,0.03998803795831018,2.961892006877548,nan,nan,nan,nan,nan,nan,3.236440745457703e-05,-0.0008269530270507419,-6.216805373834757e-05,0.565892527786603,0.8178895261035289,0.31677449867675184
159.63,1.0,29.0,29.0,1.0,0.014143101056595,0.03367422393955934,1.5123326456999595,-0.056754410030455546,0.08554801690482548,0.004627983232901745,0.4797139581987769,9.22069749037441,-2.925481142659526,-0.012442240534040805,-0.01898531817054483,-2.798514230839544e-05,0.9990377525454859,0.995958889798983,0.8654593534690381
159.83,1.0,28.0,28.0,1.0,0.014700104689024789,0.03891276456541855,1.6398070486210174,-0.03888889842241961,0.06950581332496425,0.006934238924813855,0.3904443609387472,9.188138815381171,-2.9839614123194687,0.006045635409836991,-0.017051697893558426,-0.00054627723796008,0.6334720917517399,0.8057879071341704,0.4944486199192361
160.03,1.0,29.0,29.0,1.0,0.01608433604647334,0.03600112412454252,2.4559798446170134,-0.03525511713555592,0.06613950495238743,0.007808637829791419,0.2868732000636225,9.177167247554738,-3.0448633009963784,0.004354743591991006,-0.006357028545673771,-0.0007429255362949583,0.5851976838473733,0.8080683276814836,0.3982779569609936
160.23000000000002,1.0,28.0,28.0,1.0,0.014956477874790543,0.037870167111109555,2.873156788175259,-0.056037840688492976,0.08087890239139131,0.0080237949264142,0.1766456426050464,9.190285862696362,-3.092229681724653,0.0022616008341982685,0.019843142570039163,-0.000601811570110744,0.5630609341378169,0.8062868796478285,0.3464023814684141
160.43,1.0,32.0,32.0,1.0,0.014847662842142766,0.032453546103425164,2.591470421991151,-0.06197346841286376,0.08296612557559363,0.010360101590343541,0.06962596541992266,9.190114262689738,-3.1239948750539153,0.003007936196359931,0.009868955325893936,3.846577593602519e-05,0.5934488434438258,0.8306025355634248,0.3600080534192648
160.75,1.0,27.0,27.0,1.0,0.01652578775871383,0.03656006867336387,3.2547405268087055,-0.05814468051105403,0.09096518068130204,0.010608065196788856,-0.10293827847984686,9.184395130707957,3.1263386684797574,0.0032763445309044598,-0.0021676124797505025,0.0002104562738498572,0.615941131177635,0.8601175046850479,0.345841310163047
160.83,1.0,30.0,30.0,1.0,0.014255701196903472,0.03416842022246273,3.332360463897643,-0.04956702382817216,0.07097227818205695,0.008397836774869473,-0.1466344547261305,9.174730857554025,3.120733922205323,0.001405829015913851,-0.008888177465854241,8.9059673271219e-05,0.49709685730251163,0.7270439709351437,0.3088651320119102
161.13,1.0,38.0,38.0,1.0,0.016291573077212348,0.035557392161163895,2.6940729736688884,-0.06082119888985732,0.08907006359085354,0.010768750671286869,-0.31199624285146266,9.187843854696077,3.1069396406138523,0.0018143841347428857,0.008808847695263466,-6.864076625445747e-05,0.6383632937255634,0.878087553572756,0.3670119888334591
161.25,1.0,53.0,43.0,0.8113207547169812,0.01715497189399188,0.033838879300651895,3.714310920925032,-0.02956874171673269,0.05633502288864893,0.008067253536937612,-0.3779484479537173,9.156511538483537,3.1034976195693673,-0.0003861374084163649,-0.030184127657786775,0.00011712689047049807,0.5292393315832966,0.7685877092591874,0.3184942244110083
161.45000000000002,0.0,56.0,38.0,0.6785714285714286,0.08412742915455779,0.34508972034177926,8.706126643463941,nan,nan,nan,nan,nan,nan,-0.0003861374084163649,-0.030184127657786775,0.00011712689047049807,0.5292393315832966,0.7685877092591874,0.3184942244110083
161.73000000000002,0.0,64.0,34.0,0.53125,0.10339073628895934,0.253069879953735,9.492796107805479,nan,nan,nan,nan,nan,nan,-0.0003861374084163649,-0.030184127657786775,0.00011712689047049807,0.5292393315832966,0.7685877092591874,0.3184942244110083
161.79000000000002,0.0,53.0,36.0,0.6792452830188679,0.17980699197061115,0.291600524739402,7.702832451272734,nan,nan,nan,nan,nan,nan,-0.0003861374084163649,-0.030184127657786775,0.00011712689047049807,0.5292393315832966,0.7685877092591874,0.3184942244110083
161.99,0.0,45.0,34.0,0.7555555555555555,0.20942617641700267,0.32247969258066184,9.706956943157945,nan,nan,nan,nan,nan,nan,-0.0003861374084163649,-0.030184127657786775,0.00011712689047049807,0.5292393315832966,0.7685877092591874,0.3184942244110083
162.25,0.0,47.0,26.0,0.5531914893617021,0.15167719109488817,0.2154320679431001,8.164680905654716,nan,nan,nan,nan,nan,nan,-0.0003861374084163649,-0.030184127657786775,0.00011712689047049807,0.5292393315832966,0.7685877092591874,0.3184942244110083
162.39000000000001,0.0,40.0,20.0,0.5,0.18156658595356542,0.25400683613669384,9.643767475881791,nan,nan,nan,nan,nan,nan,-0.0003861374084163649,-0.030184127657786775,0.00011712689047049807,0.5292393315832966,0.7685877092591874,0.3184942244110083
162.59,0.0,36.0,19.0,0.5277777777777778,0.19223786589623285,0.26648845273817484,11.172208551718725,nan,nan,nan,nan,nan,nan,-0.0003861374084163649,-0.030184127657786775,0.00011712689047049807,0.5292393315832966,0.7685877092591874,0.3184942244110083
162.79000000000002,0.0,29.0,12.0,0.41379310344827586,0.21252076625326913,0.23022417716409013,10.152167730205026,nan,nan,nan,nan,nan,nan,-0.0003861374084163649,-0.030184127657786775,0.00011712689047049807,0.5292393315832966,0.7685877092591874,0.3184942244110083
163.19,0.0,19.0,5.0,0.2631578947368421,0.34401163529237533,0.34788689921416693,2.3040804446401775,nan,nan,nan,nan,nan,nan,-0.0003861374084163649,-0.030184127657786775,0.00011712689047049807,0.5292393315832966,0.7685877092591874,0.3184942244110083
163.45000000000002,0.0,12.0,4.0,0.3333333333333333,0.34359599193192425,0.34593895429948246,1.3638101886862304,nan,nan,nan,nan,nan,nan,-0.0003861374084163649,-0.030184127657786775,0.00011712689047049807,0.5292393315832966,0.7685877092591874,0.3184942244110083
163.59,0.0,22.0,0.0,0.0,nan,nan,nan,nan,nan,nan,nan,nan,nan,-0.0003861374084163649,-0.030184127657786775,0.00011712689047049807,0.5292393315832966,0.7685877092591874,0.3184942244110083
163.79000000000002,0.0,39.0,0.0,0.0,nan,nan,nan,nan,nan,nan,nan,nan,nan,-0.0003861374084163649,-0.030184127657786775,0.00011712689047049807,0.5292393315832966,0.7685877092591874,0.3184942244110083
163.99,0.0,41.0,11.0,0.2682926829268293,0.08646039191052352,0.1541002969833838,14.174367766590718,nan,nan,nan,nan,nan,nan,-0.0003861374084163649,-0.030184127657786775,0.00011712689047049807,0.5292393315832966,0.7685877092591874,0.3184942244110083
164.19,0.0,41.0,13.0,0.3170731707317073,0.04738520338017757,0.09738632334345555,8.941822532073465,nan,nan,nan,nan,nan,nan,-0.0003861374084163649,-0.030184127657786775,0.00011712689047049807,0.5292393315832966,0.7685877092591874,0.3184942244110083
164.39000000000001,0.0,38.0,16.0,0.42105263157894735,0.030603177726624936,0.08046897738210719,7.263415173229186,nan,nan,nan,nan,nan,nan,-0.0003861374084163649,-0.030184127657786775,0.00011712689047049807,0.5292393315832966,0.7685877092591874,0.3184942244110083
164.59,0.0,36.0,32.0,0.8888888888888888,0.08312662259781968,0.14935787424237001,8.62493431172789,nan,nan,nan,nan,nan,nan,-0.0003861374084163649,-0.030184127657786775,0.00011712689047049807,0.5292393315832966,0.7685877092591874,0.3184942244110083
164.79000000000002,0.0,41.0,38.0,0.926829268292683,0.05554149159733863,0.13370391500566564,9.244468777276047,nan,nan,nan,nan,nan,nan,-0.0003861374084163649,-0.030184127657786775,0.00011712689047049807,0.5292393315832966,0.7685877092591874,0.3184942244110083
164.95000000000002,0.0,45.0,41.0,0.9111111111111111,0.06546405024082765,0.13076029329167943,7.6606564413540985,nan,nan,nan,nan,nan,nan,-0.0003861374084163649,-0.030184127657786775,0.00011712689047049807,0.5292393315832966,0.7685877092591874,0.3184942244110083
165.23000000000002,0.0,42.0,35.0,0.8333333333333334,0.06169754495631248,0.15851010567421606,4.617058162511019,nan,nan,nan,nan,nan,nan,-0.0003861374084163649,-0.030184127657786775,0.00011712689047049807,0.5292393315832966,0.7685877092591874,0.3184942244110083
165.47,0.0,46.0,35.0,0.7608695652173914,0.0608637440707326,0.16895767731329878,3.4802949472378026,nan,nan,nan,nan,nan,nan,-0.0003861374084163649,-0.030184127657786775,0.00011712689047049807,0.5292393315832966,0.7685877092591874,0.3184942244110083
165.55,0.0,45.0,37.0,0.8222222222222222,0.07264883847278049,0.16059499775317157,5.147764636232831,nan,nan,nan,nan,nan,nan,-0.0003861374084163649,-0.030184127657786775,0.00011712689047049807,0.5292393315832966,0.7685877092591874,0.3184942244110083
165.83,0.0,34.0,29.0,0.8529411764705882,0.07201137953858419,0.10883928037921498,3.556164887376796,nan,nan,nan,nan,nan,nan,-0.0003861374084163649,-0.030184127657786775,0.00011712689047049807,0.5292393315832966,0.7685877092591874,0.3184942244110083
165.93,0.0,29.0,22.0,0.7586206896551724,0.09706806418237383,0.12256596219302661,2.98738326175387,nan,nan,nan,nan,nan,nan,-0.0003861374084163649,-0.030184127657786775,0.00011712689047049807,0.5292393315832966,0.7685877092591874,0.3184942244110083
166.23000000000002,0.0,32.0,22.0,0.6875,0.02380109718074266,0.050533297900082104,4.756493094314437,nan,nan,nan,nan,nan,nan,-0.0003861374084163649,-0.030184127657786775,0.00011712689047049807,0.5292393315832966,0.7685877092591874,0.3184942244110083
166.43,0.0,32.0,23.0,0.71875,0.09506107532664063,0.16907147586659757,12.22089520081312,nan,nan,nan,nan,nan,nan,-0.0003861374084163649,-0.030184127657786775,0.00011712689047049807,0.5292393315832966,0.7685877092591874,0.3184942244110083
166.63,0.0,40.0,37.0,0.925,0.07587922260962401,0.16626556988985297,12.242557840541247,nan,nan,nan,nan,nan,nan,-0.0003861374084163649,-0.030184127657786775,0.00011712689047049807,0.5292393315832966,0.7685877092591874,0.3184942244110083
166.75,0.0,41.0,38.0,0.926829268292683,0.052954712523745916,0.12953346806052507,12.080769508512752,nan,nan,nan,nan,nan,nan,-0.0003861374084163649,-0.030184127657786775,0.00011712689047049807,0.5292393315832966,0.7685877092591874,0.3184942244110083
166.95000000000002,0.0,39.0,30.0,0.7692307692307693,0.049189016093594926,0.09192005716450237,8.738697158650888,nan,nan,nan,nan,nan,nan,-0.0003861374084163649,-0.030184127657786775,0.00011712689047049807,0.5292393315832966,0.7685877092591874,0.3184942244110083
167.13,0.0,47.0,15.0,0.3191489361702128,0.014490716348818319,0.029591656244571704,5.590132430831491,nan,nan,nan,nan,nan,nan,-0.0003861374084163649,-0.030184127657786775,0.00011712689047049807,0.5292393315832966,0.7685877092591874,0.3184942244110083
167.35,0.0,42.0,16.0,0.38095238095238093,0.014008316655821716,0.037192817611328755,3.1235583766329698,nan,nan,nan,nan,nan,nan,-0.0003861374084163649,-0.030184127657786775,0.00011712689047049807,0.5292393315832966,0.7685877092591874,0.3184942244110083
167.55,1.0,38.0,14.0,0.3684210526315789,0.017570103672479926,0.0383685479467684,3.7785840160587245,0.09491538189841975,0.0158568428127652,0.008901024273357209,-1.4885078869865807,7.389463892348324,-0.7263042404234068,0.06129129706189551,0.034884279897322124,-0.00038448850061179046,0.9736523998374921,0.973539560943458,0.6504545996173998
167.75,1.0,45.0,16.0,0.35555555555555557,0.018208361785682557,0.03660594672546797,2.564377366850908,0.09846449378599338,0.006082131403668081,0.008649388396424585,-1.4062340573445538,7.33546110873419,-0.6874194809398002,0.0009156407745578576,0.005884526294773984,-0.004439773808245673,0.6626335413068069,0.6873539801754978,0.4506252263311294
167.95000000000002,0.0,49.0,10.0,0.20408163265306123,0.019721947589673706,0.03344978182003862,7.6935768016452,nan,nan,nan,nan,nan,nan,0.0009156407745578576,0.005884526294773984,-0.004439773808245673,0.6626335413068069,0.6873539801754978,0.4506252263311294
168.13,0.0,45.0,11.0,0.24444444444444444,0.015890417003252465,0.029903607091448587,5.0221762813656206,nan,nan,nan,nan,nan,nan,0.0009156407745578576,0.005884526294773984,-0.004439773808245673,0.6626335413068069,0.6873539801754978,0.4506252263311294
168.33,0.0,45.0,7.0,0.15555555555555556,0.019270765051331882,0.0359939570947345,3.557669795667652,nan,nan,nan,nan,nan,nan,0.0009156407745578576,0.005884526294773984,-0.004439773808245673,0.6626335413068069,0.6873539801754978,0.4506252263311294
168.63,0.0,47.0,0.0,0.0,nan,nan,nan,nan,nan,nan,nan,nan,nan,0.0009156407745578576,0.005884526294773984,-0.004439773808245673,0.6626335413068069,0.6873539801754978,0.4506252263311294
168.73000000000002,0.0,46.0,14.0,0.30434782608695654,0.1830874230172111,0.25682056107325546,12.906372675078398,nan,nan,nan,nan,nan,nan,0.0009156407745578576,0.005884526294773984,-0.004439773808245673,0.6626335413068069,0.6873539801754978,0.4506252263311294
168.93,0.0,63.0,24.0,0.38095238095238093,0.16966347731051445,0.34773138292133937,10.600204880453704,nan,nan,nan,nan,nan,nan,0.0009156407745578576,0.005884526294773984,-0.004439773808245673,0.6626335413068069,0.6873539801754978,0.4506252263311294
169.19,0.0,50.0,20.0,0.4,0.2642702555104878,0.3266371608941672,8.71967476462065,nan,nan,nan,nan,nan,nan,0.0009156407745578576,0.005884526294773984,-0.004439773808245673,0.6626335413068069,0.6873539801754978,0.4506252263311294
169.33,0.0,43.0,17.0,0.3953488372093023,0.2814309406552369,0.3424511048590464,13.542755125653342,nan,nan,nan,nan,nan,nan,0.0009156407745578576,0.005884526294773984,-0.004439773808245673,0.6626335413068069,0.6873539801754978,0.4506252263311294
169.53,0.0,28.0,0.0,0.0,nan,nan,nan,nan,nan,nan,nan,nan,nan,0.0009156407745578576,0.005884526294773984,-0.004439773808245673,0.6626335413068069,0.6873539801754978,0.4506252263311294
169.73000000000002,0.0,26.0,2.0,0.07692307692307693,0.3457758556697674,0.34787523440771445,2.0839735364878944,nan,nan,nan,nan,nan,nan,0.0009156407745578576,0.005884526294773984,-0.004439773808245673,0.6626335413068069,0.6873539801754978,0.4506252263311294
169.93,0.0,18.0,4.0,0.2222222222222222,0.33960180298443926,0.34657064869434395,10.886162984411403,nan,nan,nan,nan,nan,nan,0.0009156407745578576,0.005884526294773984,-0.004439773808245673,0.6626335413068069,0.6873539801754978,0.4506252263311294
170.33,0.0,31.0,29.0,0.9354838709677419,0.15526403078173248,0.31551788384293783,5.965890929052867,nan,nan,nan,nan,nan,nan,0.0009156407745578576,0.005884526294773984,-0.004439773808245673,0.6626335413068069,0.6873539801754978,0.4506252263311294
170.53,0.0,45.0,38.0,0.8444444444444444,0.10050743388438203,0.15771793964209072,4.787550201687043,nan,nan,nan,nan,nan,nan,0.0009156407745578576,0.005884526294773984,-0.004439773808245673,0.6626335413068069,0.6873539801754978,0.4506252263311294
170.83,0.0,43.0,37.0,0.8604651162790697,0.03509896345749748,0.10129816298397992,8.01588667499387,nan,nan,nan,nan,nan,nan,0.0009156407745578576,0.005884526294773984,-0.004439773808245673,0.6626335413068069,0.6873539801754978,0.4506252263311294
170.93,0.0,30.0,30.0,1.0,0.07661153426164563,0.09730786569289741,2.25205917580735,nan,nan,nan,nan,nan,nan,0.0009156407745578576,0.005884526294773984,-0.004439773808245673,0.6626335413068069,0.6873539801754978,0.4506252263311294
171.13,0.0,36.0,34.0,0.9444444444444444,0.08372272189143534,0.158688764542265,3.270572739842268,nan,nan,nan,nan,nan,nan,0.0009156407745578576,0.005884526294773984,-0.004439773808245673,0.6626335413068069,0.6873539801754978,0.4506252263311294
171.33,0.0,25.0,25.0,1.0,0.07578489399268179,0.09552404022462098,3.2910521562188317,nan,nan,nan,nan,nan,nan,0.0009156407745578576,0.005884526294773984,-0.004439773808245673,0.6626335413068069,0.6873539801754978,0.4506252263311294
171.53,0.0,34.0,34.0,1.0,0.0836207010546075,0.10950811992338493,1.936077304748348,nan,nan,nan,nan,nan,nan,0.0009156407745578576,0.005884526294773984,-0.004439773808245673,0.6626335413068069,0.6873539801754978,0.4506252263311294
171.73000000000002,0.0,37.0,37.0,1.0,0.08937980046326556,0.1092746548874016,1.8589158031068664,nan,nan,nan,nan,nan,nan,0.0009156407745578576,0.005884526294773984,-0.004439773808245673,0.6626335413068069,0.6873539801754978,0.4506252263311294
171.93,0.0,31.0,31.0,1.0,0.08738743505190759,0.1059249923314998,1.8060230010948366,nan,nan,nan,nan,nan,nan,0.0009156407745578576,0.005884526294773984,-0.004439773808245673,0.6626335413068069,0.6873539801754978,0.4506252263311294
172.09,0.0,32.0,32.0,1.0,0.10996695112986964,0.1291259576766022,4.563870419589415,nan,nan,nan,nan,nan,nan,0.0009156407745578576,0.005884526294773984,-0.004439773808245673,0.6626335413068069,0.6873539801754978,0.4506252263311294
172.29000000000002,0.0,32.0,32.0,1.0,0.10089068115855736,0.11868037636442252,1.7928631703883615,nan,nan,nan,nan,nan,nan,0.0009156407745578576,0.005884526294773984,-0.004439773808245673,0.6626335413068069,0.6873539801754978,0.4506252263311294
172.49,0.0,30.0,30.0,1.0,0.09629972994132571,0.11403869159494917,2.1258921553880716,nan,nan,nan,nan,nan,nan,0.0009156407745578576,0.005884526294773984,-0.004439773808245673,0.6626335413068069,0.6873539801754978,0.4506252263311294
172.69,0.0,32.0,29.0,0.90625,0.09281029683714861,0.10903366819779242,2.383029944981579,nan,nan,nan,nan,nan,nan,0.0009156407745578576,0.005884526294773984,-0.004439773808245673,0.6626335413068069,0.6873539801754978,0.4506252263311294
172.89000000000001,0.0,29.0,25.0,0.8620689655172413,0.10195920121148086,0.12243976623556553,1.5960205789498456,nan,nan,nan,nan,nan,nan,0.0009156407745578576,0.005884526294773984,-0.004439773808245673,0.6626335413068069,0.6873539801754978,0.4506252263311294
173.09,0.0,34.0,29.0,0.8529411764705882,0.07449746524218001,0.09463494866670047,3.2578011079947786,nan,nan,nan,nan,nan,nan,0.0009156407745578576,0.005884526294773984,-0.004439773808245673,0.6626335413068069,0.6873539801754978,0.4506252263311294
173.29000000000002,0.0,71.0,64.0,0.9014084507042254,0.13803223283796184,0.28669719813409944,9.766064541468676,nan,nan,nan,nan,nan,nan,0.0009156407745578576,0.005884526294773984,-0.004439773808245673,0.6626335413068069,0.6873539801754978,0.4506252263311294
173.63,0.0,66.0,46.0,0.696969696969697,0.17285284504814455,0.34460579404765834,7.673798322411686,nan,nan,nan,nan,nan,nan,0.0009156407745578576,0.005884526294773984,-0.004439773808245673,0.6626335413068069,0.6873539801754978,0.4506252263311294
173.69,0.0,58.0,43.0,0.7413793103448276,0.14342871665793766,0.2503541122582928,8.845289453786668,nan,nan,nan,nan,nan,nan,0.0009156407745578576,0.005884526294773984,-0.004439773808245673,0.6626335413068069,0.6873539801754978,0.4506252263311294
174.03,0.0,44.0,37.0,0.8409090909090909,0.17982957946585348,0.3128054829107059,8.621965936137602,nan,nan,nan,nan,nan,nan,0.0009156407745578576,0.005884526294773984,-0.004439773808245673,0.6626335413068069,0.6873539801754978,0.4506252263311294
174.15,0.0,47.0,35.0,0.7446808510638298,0.14650442503255506,0.2765949987417772,7.0923305541345965,nan,nan,nan,nan,nan,nan,0.0009156407745578576,0.005884526294773984,-0.004439773808245673,0.6626335413068069,0.6873539801754978,0.4506252263311294
174.29000000000002,0.0,49.0,36.0,0.7346938775510204,0.13896574546045273,0.33473417850729686,7.6833133392583095,nan,nan,nan,nan,nan,nan,0.0009156407745578576,0.005884526294773984,-0.004439773808245673,0.6626335413068069,0.6873539801754978,0.4506252263311294
174.53,0.0,44.0,30.0,0.6818181818181818,0.17670684030196432,0.3366796924279308,7.900580254721023,nan,nan,nan,nan,nan,nan,0.0009156407745578576,0.005884526294773984,-0.004439773808245673,0.6626335413068069,0.6873539801754978,0.4506252263311294
174.69,0.0,32.0,22.0,0.6875,0.14243853235247209,0.304751313954565,6.55897076824994,nan,nan,nan,nan,nan,nan,0.0009156407745578576,0.005884526294773984,-0.004439773808245673,0.6626335413068069,0.6873539801754978,0.4506252263311294
174.95000000000002,0.0,32.0,22.0,0.6875,0.14548214633617415,0.27475312654508216,9.851329311324209,nan,nan,nan,nan,nan,nan,0.0009156407745578576,0.005884526294773984,-0.004439773808245673,0.6626335413068069,0.6873539801754978,0.4506252263311294
175.09,0.0,32.0,31.0,0.96875,0.11283647532189223,0.21672600249581706,9.372754431089765,nan,nan,nan,nan,nan,nan,0.0009156407745578576,0.005884526294773984,-0.004439773808245673,0.6626335413068069,0.6873539801754978,0.4506252263311294
175.33,0.0,30.0,29.0,0.9666666666666667,0.10990289321074871,0.21570432727981376,11.870665259428193,nan,nan,nan,nan,nan,nan,0.0009156407745578576,0.005884526294773984,-0.004439773808245673,0.6626335413068069,0.6873539801754978,0.4506252263311294
175.45000000000002,0.0,17.0,4.0,0.23529411764705882,0.06673283440976924,0.077029629762707,4.401854314264583,nan,nan,nan,nan,nan,nan,0.0009156407745578576,0.005884526294773984,-0.004439773808245673,0.6626335413068069,0.6873539801754978,0.4506252263311294
176.03,0.0,14.0,12.0,0.8571428571428571,0.012268057801337608,0.02420899620433845,1.3797104827177027,nan,nan,nan,nan,nan,nan,0.0009156407745578576,0.005884526294773984,-0.004439773808245673,0.6626335413068069,0.6873539801754978,0.4506252263311294
176.33,0.0,31.0,30.0,0.967741935483871,0.04950640433570636,0.06997917408481955,2.863186729788995,nan,nan,nan,nan,nan,nan,0.0009156407745578576,0.005884526294773984,-0.004439773808245673,0.6626335413068069,0.6873539801754978,0.4506252263311294
176.53,0.0,43.0,43.0,1.0,0.0827879367106995,0.13748264044690203,4.360348895783882,nan,nan,nan,nan,nan,nan,0.0009156407745578576,0.005884526294773984,-0.004439773808245673,0.6626335413068069,0.6873539801754978,0.4506252263311294
176.65,0.0,54.0,43.0,0.7962962962962963,0.020843801825027937,0.25267881208283316,2.348652716217705,nan,nan,nan,nan,nan,nan,0.0009156407745578576,0.005884526294773984,-0.004439773808245673,0.6626335413068069,0.6873539801754978,0.4506252263311294
176.85,0.0,37.0,37.0,1.0,0.011288776572364184,0.026127888717243575,2.4752393618598467,nan,nan,nan,nan,nan,nan,0.0009156407745578576,0.005884526294773984,-0.004439773808245673,0.6626335413068069,0.6873539801754978,0.4506252263311294
177.03,1.0,32.0,32.0,1.0,0.013991225370785627,0.03299164837529315,2.3969114723546845,-0.04701127896022442,0.05898196399238399,0.009048146210592588,0.09563054371262786,4.1061407818662765,-2.9458159451490906,-0.08005380098377918,-0.03230807748825182,-0.002619469107440597,0.993136096049989,0.9896988476144827,0.8420726019267919
177.33,1.0,28.0,28.0,1.0,0.01221110702071208,0.03133624296645512,2.1840569074446305,-0.027208118192963947,0.0482260487253755,0.007685254081895608,-0.06220261391988414,4.072316370887846,-3.045881731117251,0.0061511181826160236,-0.019456545388377933,0.0020038741879688793,0.6638530884567786,0.8530263664267979,0.486970698256083
177.53,1.0,30.0,30.0,1.0,0.013844885067442346,0.030842000404228458,3.2382880285405444,-0.02355464201552966,0.03760651064314732,0.010269748393119109,-0.16746159264593796,4.072910485511389,-3.09229737236972,0.0030085215473746874,-0.006282432390042558,0.0003899425035691629,0.5978400482447578,0.8210954345595838,0.4035994813857836
177.65,1.0,27.0,27.0,1.0,0.01443565182561219,0.02983143775174601,1.9471169068724556,-0.02382289094537148,0.00569702332477548,0.007008231311346898,-0.23484073549605192,4.069181200536111,-3.107868761785144,0.0014703989639173742,-0.0007969823506401852,9.04019157585978e-05,0.4881190368020834,0.7240847332102763,0.30918387835472655
177.83,1.0,35.0,35.0,1.0,0.012447691195199388,0.02740059256947523,3.191814093591737,-0.01843461806514875,0.0010144328740021341,0.007339453128940772,-0.33646768889208883,4.070071232915073,-3.128829879715596,0.0013123010327811269,-0.005585476036340076,4.667199696273272e-05,0.5678629743895981,0.8212471683066118,0.3406235807495045
178.17000000000002,0.0,66.0,59.0,0.8939393939393939,0.13041588354648162,0.25092073295331796,7.674761279544495,nan,nan,nan,nan,nan,nan,0.0013123010327811269,-0.005585476036340076,4.667199696273272e-05,0.5678629743895981,0.8212471683066118,0.3406235807495045
178.23000000000002,0.0,99.0,83.0,0.8383838383838383,0.16498717405448807,0.33102379265611276,8.281591603374855,nan,nan,nan,nan,nan,nan,0.0013123010327811269,-0.005585476036340076,4.667199696273272e-05,0.5678629743895981,0.8212471683066118,0.3406235807495045
178.43,0.0,81.0,69.0,0.8518518518518519,0.17560613189242855,0.3126397724856903,9.295124045146315,nan,nan,nan,nan,nan,nan,0.0013123010327811269,-0.005585476036340076,4.667199696273272e-05,0.5678629743895981,0.8212471683066118,0.3406235807495045
178.69,0.0,32.0,19.0,0.59375,0.177045760649713,0.3014192274591096,8.306241532685489,nan,nan,nan,nan,nan,nan,0.0013123010327811269,-0.005585476036340076,4.667199696273272e-05,0.5678629743895981,0.8212471683066118,0.3406235807495045
178.83,0.0,51.0,42.0,0.8235294117647058,0.20798575762665633,0.30507770184735483,8.505687773877266,nan,nan,nan,nan,nan,nan,0.0013123010327811269,-0.005585476036340076,4.667199696273272e-05,0.5678629743895981,0.8212471683066118,0.3406235807495045
179.03,0.0,46.0,31.0,0.6739130434782609,0.22033818075291903,0.28605875648844636,6.848043971559623,nan,nan,nan,nan,nan,nan,0.0013123010327811269,-0.005585476036340076,4.667199696273272e-05,0.5678629743895981,0.8212471683066118,0.3406235807495045
179.33,0.0,32.0,15.0,0.46875,0.17552701751651278,0.2309997135786684,8.55207829206904,nan,nan,nan,nan,nan,nan,0.0013123010327811269,-0.005585476036340076,4.667199696273272e-05,0.5678629743895981,0.8212471683066118,0.3406235807495045
179.43,0.0,33.0,28.0,0.8484848484848485,0.24487470211483045,0.2999536199932869,7.0055736280901835,nan,nan,nan,nan,nan,nan,0.0013123010327811269,-0.005585476036340076,4.667199696273272e-05,0.5678629743895981,0.8212471683066118,0.3406235807495045
179.63,0.0,21.0,10.0,0.47619047619047616,0.23044342908292728,0.2652427928665809,6.900906135141225,nan,nan,nan,nan,nan,nan,0.0013123010327811269,-0.005585476036340076,4.667199696273272e-05,0.5678629743895981,0.8212471683066118,0.3406235807495045
179.89000000000001,0.0,26.0,11.0,0.4230769230769231,0.2084209278807739,0.23434112209890454,4.965531537634562,nan,nan,nan,nan,nan,nan,0.0013123010327811269,-0.005585476036340076,4.667199696273272e-05,0.5678629743895981,0.8212471683066118,0.3406235807495045
180.03,0.0,13.0,10.0,0.7692307692307693,0.21150906576982523,0.22882772903951745,3.725510545772427,nan,nan,nan,nan,nan,nan,0.0013123010327811269,-0.005585476036340076,4.667199696273272e-05,0.5678629743895981,0.8212471683066118,0.3406235807495045
180.49,0.0,13.0,0.0,0.0,nan,nan,nan,nan,nan,nan,nan,nan,nan,0.0013123010327811269,-0.005585476036340076,4.667199696273272e-05,0.5678629743895981,0.8212471683066118,0.3406235807495045
180.63,0.0,26.0,1.0,0.038461538461538464,0.34479112550333324,0.34479112550333324,9.529965753532752,nan,nan,nan,nan,nan,nan,0.0013123010327811269,-0.005585476036340076,4.667199696273272e-05,0.5678629743895981,0.8212471683066118,0.3406235807495045
180.89000000000001,0.0,36.0,6.0,0.16666666666666666,0.17011314080863527,0.21875778459641365,11.269861210356487,nan,nan,nan,nan,nan,nan,0.0013123010327811269,-0.005585476036340076,4.667199696273272e-05,0.5678629743895981,0.8212471683066118,0.3406235807495045
181.03,0.0,27.0,21.0,0.7777777777777778,0.08029095098811308,0.13430516287284994,7.905949695863688,nan,nan,nan,nan,nan,nan,0.0013123010327811269,-0.005585476036340076,4.667199696273272e-05,0.5678629743895981,0.8212471683066118,0.3406235807495045
181.23000000000002,0.0,28.0,20.0,0.7142857142857143,0.07559182415383983,0.12218959034604265,8.54688466493688,nan,nan,nan,nan,nan,nan,0.0013123010327811269,-0.005585476036340076,4.667199696273272e-05,0.5678629743895981,0.8212471683066118,0.3406235807495045
181.43,0.0,23.0,17.0,0.7391304347826086,0.058944273578375735,0.15512075681831689,8.058782056950879,nan,nan,nan,nan,nan,nan,0.0013123010327811269,-0.005585476036340076,4.667199696273272e-05,0.5678629743895981,0.8212471683066118,0.3406235807495045
181.59,0.0,24.0,24.0,1.0,0.022531106790932582,0.04441641452988688,3.094357498183165,nan,nan,nan,nan,nan,nan,0.0013123010327811269,-0.005585476036340076,4.667199696273272e-05,0.5678629743895981,0.8212471683066118,0.3406235807495045
181.79000000000002,0.0,15.0,11.0,0.7333333333333333,0.0224233564024224,0.04714734502398189,7.602280069929893,nan,nan,nan,nan,nan,nan,0.0013123010327811269,-0.005585476036340076,4.667199696273272e-05,0.5678629743895981,0.8212471683066118,0.3406235807495045
181.99,0.0,24.0,24.0,1.0,0.020891746267254773,0.04555064216476019,2.2376068039821746,nan,nan,nan,nan,nan,nan,0.0013123010327811269,-0.005585476036340076,4.667199696273272e-05,0.5678629743895981,0.8212471683066118,0.3406235807495045
182.59,0.0,25.0,6.0,0.24,0.01572032306993521,0.025085512329553708,5.066834630609307,nan,nan,nan,nan,nan,nan,0.0013123010327811269,-0.005585476036340076,4.667199696273272e-05,0.5678629743895981,0.8212471683066118,0.3406235807495045
182.79000000000002,0.0,46.0,13.0,0.2826086956521739,0.021222518272221717,0.042651663968848966,7.557171011218616,nan,nan,nan,nan,nan,nan,0.0013123010327811269,-0.005585476036340076,4.667199696273272e-05,0.5678629743895981,0.8212471683066118,0.3406235807495045
182.99,0.0,75.0,23.0,0.30666666666666664,0.06002770836149961,0.15767609738354105,14.429599603533273,nan,nan,nan,nan,nan,nan,0.0013123010327811269,-0.005585476036340076,4.667199696273272e-05,0.5678629743895981,0.8212471683066118,0.3406235807495045
183.19,0.0,62.0,14.0,0.22580645161290322,0.07476075137724207,0.13202508482364983,15.850340056957462,nan,nan,nan,nan,nan,nan,0.0013123010327811269,-0.005585476036340076,4.667199696273272e-05,0.5678629743895981,0.8212471683066118,0.3406235807495045
183.63,0.0,60.0,0.0,0.0,nan,nan,nan,nan,nan,nan,nan,nan,nan,0.0013123010327811269,-0.005585476036340076,4.667199696273272e-05,0.5678629743895981,0.8212471683066118,0.3406235807495045
183.93,0.0,54.0,0.0,0.0,nan,nan,nan,nan,nan,nan,nan,nan,nan,0.0013123010327811269,-0.005585476036340076,4.667199696273272e-05,0.5678629743895981,0.8212471683066118,0.3406235807495045
183.99,0.0,41.0,3.0,0.07317073170731707,0.33845737038301965,0.34765592800032497,3.3827629479641192,nan,nan,nan,nan,nan,nan,0.0013123010327811269,-0.005585476036340076,4.667199696273272e-05,0.5678629743895981,0.8212471683066118,0.3406235807495045
184.25,0.0,32.0,0.0,0.0,nan,nan,nan,nan,nan,nan,nan,nan,nan,0.0013123010327811269,-0.005585476036340076,4.667199696273272e-05,0.5678629743895981,0.8212471683066118,0.3406235807495045
184.39000000000001,0.0,20.0,7.0,0.35,0.32547530470787506,0.34489224832345317,3.1057602223312872,nan,nan,nan,nan,nan,nan,0.0013123010327811269,-0.005585476036340076,4.667199696273272e-05,0.5678629743895981,0.8212471683066118,0.3406235807495045
184.59,0.0,17.0,15.0,0.8823529411764706,0.2740188527322,0.33934364701612535,8.805006952392343,nan,nan,nan,nan,nan,nan,0.0013123010327811269,-0.005585476036340076,4.667199696273272e-05,0.5678629743895981,0.8212471683066118,0.3406235807495045
185.41,0.0,28.0,23.0,0.8214285714285714,0.08208341152194445,0.16025894848921363,15.231691413569422,nan,nan,nan,nan,nan,nan,0.0013123010327811269,-0.005585476036340076,4.667199696273272e-05,0.5678629743895981,0.8212471683066118,0.3406235807495045
185.55,0.0,21.0,21.0,1.0,0.1327161965590312,0.17264107126423217,10.234420440355695,nan,nan,nan,nan,nan,nan,0.0013123010327811269,-0.005585476036340076,4.667199696273272e-05,0.5678629743895981,0.8212471683066118,0.3406235807495045
185.83,0.0,27.0,23.0,0.8518518518518519,0.09274511699359954,0.13737273572038955,7.418817337943315,nan,nan,nan,nan,nan,nan,0.0013123010327811269,-0.005585476036340076,4.667199696273272e-05,0.5678629743895981,0.8212471683066118,0.3406235807495045
186.03,0.0,22.0,20.0,0.9090909090909091,0.06485480304265782,0.11893302211964517,7.7709593521418014,nan,nan,nan,nan,nan,nan,0.0013123010327811269,-0.005585476036340076,4.667199696273272e-05,0.5678629743895981,0.8212471683066118,0.3406235807495045
186.23000000000002,0.0,21.0,21.0,1.0,0.052337698437217334,0.09512680353321844,8.584155413804144,nan,nan,nan,nan,nan,nan,0.0013123010327811269,-0.005585476036340076,4.667199696273272e-05,0.5678629743895981,0.8212471683066118,0.3406235807495045
186.35,0.0,23.0,19.0,0.8260869565217391,0.022867892884453466,0.05579683932225864,5.511791632252882,nan,nan,nan,nan,nan,nan,0.0013123010327811269,-0.005585476036340076,4.667199696273272e-05,0.5678629743895981,0.8212471683066118,0.3406235807495045
186.55,0.0,26.0,19.0,0.7307692307692307,0.020217884355951458,0.051173614004212144,4.8641636301711095,nan,nan,nan,nan,nan,nan,0.0013123010327811269,-0.005585476036340076,4.667199696273272e-05,0.5678629743895981,0.8212471683066118,0.3406235807495045
186.83,0.0,16.0,10.0,0.625,0.05823880966157473,0.06763788923854513,2.134704716917154,nan,nan,nan,nan,nan,nan,0.0013123010327811269,-0.005585476036340076,4.667199696273272e-05,0.5678629743895981,0.8212471683066118,0.3406235807495045
187.03,0.0,16.0,6.0,0.375,0.03424917563299513,0.044630619638873624,7.201405625062815,nan,nan,nan,nan,nan,nan,0.0013123010327811269,-0.005585476036340076,4.667199696273272e-05,0.5678629743895981,0.8212471683066118,0.3406235807495045
187.29000000000002,0.0,48.0,36.0,0.75,0.033671806906077115,0.10268583427307303,6.848791674155291,nan,nan,nan,nan,nan,nan,0.0013123010327811269,-0.005585476036340076,4.667199696273272e-05,0.5678629743895981,0.8212471683066118,0.3406235807495045
187.43,0.0,71.0,62.0,0.8732394366197183,0.04939305381552147,0.15615646571912226,5.385151870348566,nan,nan,nan,nan,nan,nan,0.0013123010327811269,-0.005585476036340076,4.667199696273272e-05,0.5678629743895981,0.8212471683066118,0.3406235807495045
187.55,0.0,81.0,73.0,0.9012345679012346,0.07229436233536664,0.22334758533163646,9.430168999619811,nan,nan,nan,nan,nan,nan,0.0013123010327811269,-0.005585476036340076,4.667199696273272e-05,0.5678629743895981,0.8212471683066118,0.3406235807495045
187.83,0.0,77.0,65.0,0.8441558441558441,0.08910124406606043,0.20375155716411894,6.728276795279739,nan,nan,nan,nan,nan,nan,0.0013123010327811269,-0.005585476036340076,4.667199696273272e-05,0.5678629743895981,0.8212471683066118,0.3406235807495045
187.95000000000002,0.0,84.0,61.0,0.7261904761904762,0.21454182705889152,0.342896115052742,8.286735012733326,nan,nan,nan,nan,nan,nan,0.0013123010327811269,-0.005585476036340076,4.667199696273272e-05,0.5678629743895981,0.8212471683066118,0.3406235807495045
188.33,0.0,71.0,59.0,0.8309859154929577,0.06283732607467242,0.15480082667784856,13.147829132094781,nan,nan,nan,nan,nan,nan,0.0013123010327811269,-0.005585476036340076,4.667199696273272e-05,0.5678629743895981,0.8212471683066118,0.3406235807495045
188.35,0.0,58.0,31.0,0.5344827586206896,0.24607577661189262,0.3398660647083518,7.240815740130615,nan,nan,nan,nan,nan,nan,0.0013123010327811269,-0.005585476036340076,4.667199696273272e-05,0.5678629743895981,0.8212471683066118,0.3406235807495045
188.53,0.0,35.0,26.0,0.7428571428571429,0.23014481955941854,0.26141597127879096,3.7978211927265093,nan,nan,nan,nan,nan,nan,0.0013123010327811269,-0.005585476036340076,4.667199696273272e-05,0.5678629743895981,0.8212471683066118,0.3406235807495045
188.73000000000002,0.0,24.0,16.0,0.6666666666666666,0.18906897834791989,0.22197851768264382,5.492801146108632,nan,nan,nan,nan,nan,nan,0.0013123010327811269,-0.005585476036340076,4.667199696273272e-05,0.5678629743895981,0.8212471683066118,0.3406235807495045
189.05,0.0,24.0,16.0,0.6666666666666666,0.1908473622577152,0.20583758282074724,1.8661284329123278,nan,nan,nan,nan,nan,nan,0.0013123010327811269,-0.005585476036340076,4.667199696273272e-05,0.5678629743895981,0.8212471683066118,0.3406235807495045
189.13,0.0,21.0,15.0,0.7142857142857143,0.226755967453827,0.24889600405867862,2.20639581885308,nan,nan,nan,nan,nan,nan,0.0013123010327811269,-0.005585476036340076,4.667199696273272e-05,0.5678629743895981,0.8212471683066118,0.3406235807495045
189.53,0.0,20.0,5.0,0.25,0.3349173839076867,0.339819779678883,3.5931938201189313,nan,nan,nan,nan,nan,nan,0.0013123010327811269,-0.005585476036340076,4.667199696273272e-05,0.5678629743895981,0.8212471683066118,0.3406235807495045
189.79000000000002,0.0,21.0,1.0,0.047619047619047616,0.3380775821212445,0.3380775821212445,6.494344490893569,nan,nan,nan,nan,nan,nan,0.0013123010327811269,-0.005585476036340076,4.667199696273272e-05,0.5678629743895981,0.8212471683066118,0.3406235807495045
189.93,0.0,16.0,0.0,0.0,nan,nan,nan,nan,nan,nan,nan,nan,nan,0.0013123010327811269,-0.005585476036340076,4.667199696273272e-05,0.5678629743895981,0.8212471683066118,0.3406235807495045
190.13,0.0,16.0,4.0,0.25,0.08309458223740224,0.10245552500378335,16.38332971385293,nan,nan,nan,nan,nan,nan,0.0013123010327811269,-0.005585476036340076,4.667199696273272e-05,0.5678629743895981,0.8212471683066118,0.3406235807495045
190.53,0.0,18.0,16.0,0.8888888888888888,0.02453881108618273,0.0682872643935911,10.249031390490241,nan,nan,nan,nan,nan,nan,0.0013123010327811269,-0.005585476036340076,4.667199696273272e-05,0.5678629743895981,0.8212471683066118,0.3406235807495045
191.53,0.0,21.0,21.0,1.0,0.01907091775623738,0.039224532632422614,2.3765206412292588,nan,nan,nan,nan,nan,nan,0.0013123010327811269,-0.005585476036340076,4.667199696273272e-05,0.5678629743895981,0.8212471683066118,0.3406235807495045
191.69,0.0,45.0,44.0,0.9777777777777777,0.022237555318301475,0.09357935048454143,0.9281455200770249,nan,nan,nan,nan,nan,nan,0.0013123010327811269,-0.005585476036340076,4.667199696273272e-05,0.5678629743895981,0.8212471683066118,0.3406235807495045
191.89000000000001,1.0,38.0,38.0,1.0,0.024537933133501725,0.10674802013792595,0.610046843994036,0.04681176653512787,-0.06469243496567685,0.007638999973335035,-1.4570654354626666,0.14871014430953056,-0.5747373041496675,0.02595100681905005,0.019944661905022976,-6.783671269250391e-05,0.9954409419070872,0.9943417529247445,0.8600519210947616
192.23000000000002,0.0,34.0,34.0,1.0,0.06470800674676296,0.12212819958520718,2.9096490465155416,nan,nan,nan,nan,nan,nan,0.02595100681905005,0.019944661905022976,-6.783671269250391e-05,0.9954409419070872,0.9943417529247445,0.8600519210947616
192.29000000000002,0.0,36.0,36.0,1.0,0.030721536352666372,0.11061136696941502,1.1852595909992982,nan,nan,nan,nan,nan,nan,0.02595100681905005,0.019944661905022976,-6.783671269250391e-05,0.9954409419070872,0.9943417529247445,0.8600519210947616
192.49,0.0,29.0,29.0,1.0,0.029637646593686853,0.10107104455843018,0.7816136889513426,nan,nan,nan,nan,nan,nan,0.02595100681905005,0.019944661905022976,-6.783671269250391e-05,0.9954409419070872,0.9943417529247445,0.8600519210947616
192.69,1.0,34.0,34.0,1.0,0.02875451470234258,0.10389786466215357,1.2855612079392773,0.027360245402073262,-0.004042164717670263,0.00937608737304805,-1.0635831939360085,0.06023756728736626,-0.12012620256075213,-0.02209956142554348,-0.012307460318297533,-0.0007196816340778732,0.8254841692556961,0.9267963692226402,0.5974930246837165
192.89000000000001,1.0,18.0,18.0,1.0,0.031124187969938853,0.10459414956698378,2.586042825044174,0.03403579599726449,0.004927308393803031,0.008628738479148947,-0.9528551799339668,0.060681105677171575,-0.0827364314518575,-0.003932094251223428,0.0065878910072089125,0.00022087087222030788,0.48275173516860165,0.708644061980286,0.30006603206654625
193.09,1.0,22.0,22.0,1.0,0.03099784558329848,0.0917380900473863,1.3498103016242908,0.05412353788999326,-0.009278278267307169,0.008239100851956442,-0.8430810121561401,0.07768934785961121,-0.05657863917588691,-0.0019431957244856468,0.022123735391478855,-4.336537999168055e-05,0.536627946996784,0.7652080743615866,0.3244060817145088
193.29000000000002,1.0,28.0,28.0,1.0,0.022488234472277418,0.09887464698790549,2.368620919152697,0.038972426670873576,0.016510808859133558,0.010650197963476089,-0.7330843708121733,0.062000667090035,-0.04101354364643628,-0.002722390867041291,-0.009942490327543727,-0.0006424594479819135,0.5830323507402629,0.8025411993208857,0.35805890232108656
193.55,1.0,20.0,20.0,1.0,0.02184998092315774,0.07916562794967757,1.3538554892303214,0.02331828188108739,0.03283984029494856,0.007797574754444266,-0.5929396282634125,0.04404156487731701,-0.02921567082739785,-0.0019459384775707411,-0.01758416917381815,-0.00017049895125543363,0.5204746935498922,0.7766116892448921,0.2810409104153559
193.65,1.0,20.0,20.0,1.0,0.022845378963247218,0.08481359517902819,3.9334542138137794,0.008152548830307228,0.04832437845572847,0.010133273559197974,-0.5381769540493693,0.028231895968826665,-0.026201351711354178,-0.001245622079525166,-0.01905128135323523,0.00030573704960612166,0.4374819558057856,0.6577312308842314,0.249838565468056
193.89000000000001,1.0,33.0,33.0,1.0,0.020655464630292674,0.10555218675617,2.3496150706820527,0.0004368888569263406,0.06779841843208159,0.008246775992628618,-0.407113018125751,0.021763788213576545,-0.0224019673912772,-0.0007836990128814447,-0.014149658670839949,0.0005938485514497896,0.6278240324585239,0.8470077720224404,0.37473365983939283
194.09,1.0,31.0,31.0,1.0,0.013869887527383124,0.03475268809985589,2.207413980033304,0.01059693355640768,0.06094284020261016,0.0072936760694705186,-0.2983802578874706,0.03274712359693842,-0.02116275945885393,-1.371751269796384e-06,0.008066118591583571,0.0006735461940145238,0.5842534232811889,0.8158624357568061,0.344083598034834
194.35,1.0,35.0,35.0,1.0,0.012806998660211313,0.032477482466009205,1.9348446617122652,0.03652652203376663,0.0439366585971265,0.007797023121515273,-0.15340041128262058,0.05718597828764885,-0.021463992564680012,0.0005182350864619267,0.02744546521880657,0.0002837315499189495,0.6259042490009858,0.8502819516625003,0.36378736489740077
194.45000000000002,1.0,38.0,38.0,1.0,0.01589766940235148,0.03776515256019624,1.8786280348790096,0.04350497233309136,0.04027649110715205,0.007361550746045249,-0.09864862553809932,0.06233903682195786,-0.021818031523633596,0.00022633482700268326,0.011060023333403272,-0.0003873204643394871,0.5091655988109978,0.7333917600016526,0.3090858776415873
194.73000000000002,1.0,45.0,45.0,1.0,0.014452135477573158,0.03347349020259435,1.2551150549983863,0.05333361280837456,0.03350302480346053,0.0070612845732903745,0.05343901025516393,0.07290579751002496,-0.022690841090608593,0.00031972559519005683,0.01270783536649571,-0.0004416075400535228,0.6244728746296295,0.8621424778939895,0.35189828743316454
194.85,1.0,37.0,37.0,1.0,0.01330680872523382,0.034528443746208067,0.6649431213632139,0.06836315346602154,0.023450901055364157,0.004979859130549511,0.12190993428389896,0.08616133743230489,-0.023128244008684185,0.0004243530870037815,0.01674254569813302,-0.0005186738356050825,0.5274796174225239,0.7525517480245348,0.3113698266200618
195.05,1.0,42.0,42.0,1.0,0.011986351232365527,0.02379192231737918,0.9505855120648636,0.06843887612527207,0.023907362966332245,0.005011158265368372,0.22923097362942363,0.08636215277818979,-0.023729054225805502,0.00015944003065834766,0.004149880915748,-0.0006386146486424097,0.5745277794319787,0.8229873359946347,0.32369878577388855
195.33,1.0,42.0,42.0,1.0,0.014187232892088543,0.037419562169438016,0.7798149764846244,0.07008817563189983,0.022302792966961364,0.004971044918906553,0.3831133046387812,0.08845933815182452,-0.024474204234991248,0.00013593049864285556,0.002307622014890612,-0.0005018887861172779,0.6333952436852588,0.8656984660401081,0.35791307373285697
195.53,1.0,43.0,43.0,1.0,0.014779846602913092,0.03584393195757864,0.9551314391105193,0.0687556238056056,0.022936100118035065,0.004910441455135996,0.49060006105413906,0.08829942959629583,-0.024931683194326485,3.636227307451945e-05,-0.0010599230431044826,-0.00036512984451313873,0.5927796281231147,0.8278610230205834,0.34422166535248916
195.85,1.0,40.0,34.0,0.85,0.014272095053581114,0.03873727546829762,1.275685541360565,0.06663203000922982,0.025941718739698617,0.004979532953338122,0.6644235659139617,0.08606423712850952,-0.025715838476216394,1.9946966164252622e-05,-0.002343077520905762,-0.00022040916112315773,0.6560626793912385,0.8759314158952619,0.37921912234065297
196.13,1.0,38.0,28.0,0.7368421052631579,0.01695553722644603,0.031109612909254805,0.9647064381753954,0.06674909867047321,0.02463926883359586,0.004989240473452739,0.8167682178347982,0.0868609212890524,-0.02563016535448792,1.6870467352103624e-05,-0.00018578712586388157,-8.939967768637272e-05,0.6120955526187739,0.8527912944144687,0.34893831734230935
196.33,0.0,40.0,27.0,0.675,0.15898584775098273,0.22815877164105502,5.690970280631942,nan,nan,nan,nan,nan,nan,1.6870467352103624e-05,-0.00018578712586388157,-8.939967768637272e-05,0.6120955526187739,0.8527912944144687,0.34893831734230935
196.43,0.0,59.0,45.0,0.7627118644067796,0.21069270932099873,0.3010421594254441,5.9774894033076515,nan,nan,nan,nan,nan,nan,1.6870467352103624e-05,-0.00018578712586388157,-8.939967768637272e-05,0.6120955526187739,0.8527912944144687,0.34893831734230935
196.65,0.0,57.0,39.0,0.6842105263157895,0.2368213955052503,0.3469998248073592,7.803664821564662,nan,nan,nan,nan,nan,nan,1.6870467352103624e-05,-0.00018578712586388157,-8.939967768637272e-05,0.6120955526187739,0.8527912944144687,0.34893831734230935
196.85,0.0,56.0,32.0,0.5714285714285714,0.24010384373678606,0.33920266376937885,7.406262345202915,nan,nan,nan,nan,nan,nan,1.6870467352103624e-05,-0.00018578712586388157,-8.939967768637272e-05,0.6120955526187739,0.8527912944144687,0.34893831734230935
197.05,0.0,64.0,46.0,0.71875,0.25235806356423757,0.3403346111302612,7.46398827645277,nan,nan,nan,nan,nan,nan,1.6870467352103624e-05,-0.00018578712586388157,-8.939967768637272e-05,0.6120955526187739,0.8527912944144687,0.34893831734230935
197.25,0.0,58.0,47.0,0.8103448275862069,0.26270998707671345,0.34605233721645184,8.010898572274007,nan,nan,nan,nan,nan,nan,1.6870467352103624e-05,-0.00018578712586388157,-8.939967768637272e-05,0.6120955526187739,0.8527912944144687,0.34893831734230935
197.45000000000002,0.0,52.0,38.0,0.7307692307692307,0.2629679983254707,0.34773137622840233,7.110902013879686,nan,nan,nan,nan,nan,nan,1.6870467352103624e-05,-0.00018578712586388157,-8.939967768637272e-05,0.6120955526187739,0.8527912944144687,0.34893831734230935
197.63,0.0,30.0,28.0,0.9333333333333333,0.2781403299877923,0.32661356058714713,5.499153833802593,nan,nan,nan,nan,nan,nan,1.6870467352103624e-05,-0.00018578712586388157,-8.939967768637272e-05,0.6120955526187739,0.8527912944144687,0.34893831734230935
197.89000000000001,0.0,26.0,19.0,0.7307692307692307,0.3168342772503107,0.34635152528019486,7.351140406437183,nan,nan,nan,nan,nan,nan,1.6870467352103624e-05,-0.00018578712586388157,-8.939967768637272e-05,0.6120955526187739,0.8527912944144687,0.34893831734230935
198.05,0.0,17.0,9.0,0.5294117647058824,0.2623258894982829,0.2890196565555395,4.9247045014277555,nan,nan,nan,nan,nan,nan,1.6870467352103624e-05,-0.00018578712586388157,-8.939967768637272e-05,0.6120955526187739,0.8527912944144687,0.34893831734230935
198.29000000000002,0.0,29.0,29.0,1.0,0.29201009186595583,0.33539215269543127,6.374133983972502,nan,nan,nan,nan,nan,nan,1.6870467352103624e-05,-0.00018578712586388157,-8.939967768637272e-05,0.6120955526187739,0.8527912944144687,0.34893831734230935
198.53,0.0,14.0,9.0,0.6428571428571429,0.3215470848632573,0.3434544156293699,11.877621877885877,nan,nan,nan,nan,nan,nan,1.6870467352103624e-05,-0.00018578712586388157,-8.939967768637272e-05,0.6120955526187739,0.8527912944144687,0.34893831734230935
199.03,0.0,37.0,37.0,1.0,0.24416232338046884,0.30531586383390674,6.5244250723397155,nan,nan,nan,nan,nan,nan,1.6870467352103624e-05,-0.00018578712586388157,-8.939967768637272e-05,0.6120955526187739,0.8527912944144687,0.34893831734230935
199.25,0.0,35.0,35.0,1.0,0.18580435363077055,0.22753556982513773,7.661287721269317,nan,nan,nan,nan,nan,nan,1.6870467352103624e-05,-0.00018578712586388157,-8.939967768637272e-05,0.6120955526187739,0.8527912944144687,0.34893831734230935
199.43,0.0,36.0,36.0,1.0,0.17399751212205525,0.2106576698832069,5.338943329861383,nan,nan,nan,nan,nan,nan,1.6870467352103624e-05,-0.00018578712586388157,-8.939967768637272e-05,0.6120955526187739,0.8527912944144687,0.34893831734230935
199.63,0.0,34.0,34.0,1.0,0.1376804493560151,0.16901498452404107,4.318687749258791,nan,nan,nan,nan,nan,nan,1.6870467352103624e-05,-0.00018578712586388157,-8.939967768637272e-05,0.6120955526187739,0.8527912944144687,0.34893831734230935
199.89000000000001,0.0,37.0,37.0,1.0,0.0815967500404364,0.11767396486599611,4.955437855349273,nan,nan,nan,nan,nan,nan,1.6870467352103624e-05,-0.00018578712586388157,-8.939967768637272e-05,0.6120955526187739,0.8527912944144687,0.34893831734230935
200.03,0.0,36.0,36.0,1.0,0.07133229663361418,0.09627332803421919,2.2588501134515804,nan,nan,nan,nan,nan,nan,1.6870467352103624e-05,-0.00018578712586388157,-8.939967768637272e-05,0.6120955526187739,0.8527912944144687,0.34893831734230935
200.23000000000002,0.0,33.0,33.0,1.0,0.06057865789077681,0.08335166998774834,2.1535906132112794,nan,nan,nan,nan,nan,nan,1.6870467352103624e-05,-0.00018578712586388157,-8.939967768637272e-05,0.6120955526187739,0.8527912944144687,0.34893831734230935
200.43,0.0,33.0,33.0,1.0,0.07525700450680674,0.09508909899542534,1.1399686896276706,nan,nan,nan,nan,nan,nan,1.6870467352103624e-05,-0.00018578712586388157,-8.939967768637272e-05,0.6120955526187739,0.8527912944144687,0.34893831734230935
200.63,0.0,36.0,35.0,0.9722222222222222,0.0829692259016988,0.10092012596769363,1.4474972080978723,nan,nan,nan,nan,nan,nan,1.6870467352103624e-05,-0.00018578712586388157,-8.939967768637272e-05,0.6120955526187739,0.8527912944144687,0.34893831734230935
200.83,0.0,38.0,38.0,1.0,0.08968896360351333,0.11681336046765936,1.549755685214068,nan,nan,nan,nan,nan,nan,1.6870467352103624e-05,-0.00018578712586388157,-8.939967768637272e-05,0.6120955526187739,0.8527912944144687,0.34893831734230935
201.03,0.0,38.0,5.0,0.13157894736842105,0.3398733404020457,0.3480457469783133,5.67740358008391,nan,nan,nan,nan,nan,nan,1.6870467352103624e-05,-0.00018578712586388157,-8.939967768637272e-05,0.6120955526187739,0.8527912944144687,0.34893831734230935
201.25,0.0,32.0,0.0,0.0,nan,nan,nan,nan,nan,nan,nan,nan,nan,1.6870467352103624e-05,-0.00018578712586388157,-8.939967768637272e-05,0.6120955526187739,0.8527912944144687,0.34893831734230935
201.39000000000001,0.0,31.0,2.0,0.06451612903225806,0.33973274001799625,0.3417645771028105,6.916689052650137,nan,nan,nan,nan,nan,nan,1.6870467352103624e-05,-0.00018578712586388157,-8.939967768637272e-05,0.6120955526187739,0.8527912944144687,0.34893831734230935
201.65,0.0,28.0,0.0,0.0,nan,nan,nan,nan,nan,nan,nan,nan,nan,1.6870467352103624e-05,-0.00018578712586388157,-8.939967768637272e-05,0.6120955526187739,0.8527912944144687,0.34893831734230935
201.85,0.0,28.0,10.0,0.35714285714285715,0.2559944978097818,0.3138951216333056,15.087113278130591,nan,nan,nan,nan,nan,nan,1.6870467352103624e-05,-0.00018578712586388157,-8.939967768637272e-05,0.6120955526187739,0.8527912944144687,0.34893831734230935
201.99,0.0,54.0,51.0,0.9444444444444444,0.0643092887190474,0.13521598211109892,6.741163482739117,nan,nan,nan,nan,nan,nan,1.6870467352103624e-05,-0.00018578712586388157,-8.939967768637272e-05,0.6120955526187739,0.8527912944144687,0.34893831734230935
202.19,0.0,35.0,22.0,0.6285714285714286,0.058191959251659764,0.09516860932336195,6.951911793473588,nan,nan,nan,nan,nan,nan,1.6870467352103624e-05,-0.00018578712586388157,-8.939967768637272e-05,0.6120955526187739,0.8527912944144687,0.34893831734230935
202.39000000000001,0.0,37.0,31.0,0.8378378378378378,0.07714010482652942,0.14085153970507575,6.624640365083556,nan,nan,nan,nan,nan,nan,1.6870467352103624e-05,-0.00018578712586388157,-8.939967768637272e-05,0.6120955526187739,0.8527912944144687,0.34893831734230935
202.59,0.0,55.0,46.0,0.8363636363636363,0.07672666678854352,0.13267316084930628,5.185069634649336,nan,nan,nan,nan,nan,nan,1.6870467352103624e-05,-0.00018578712586388157,-8.939967768637272e-05,0.6120955526187739,0.8527912944144687,0.34893831734230935
202.79000000000002,0.0,38.0,32.0,0.8421052631578947,0.07536675679826765,0.13406453564907433,5.418545289773307,nan,nan,nan,nan,nan,nan,1.6870467352103624e-05,-0.00018578712586388157,-8.939967768637272e-05,0.6120955526187739,0.8527912944144687,0.34893831734230935
203.05,0.0,43.0,30.0,0.6976744186046512,0.1432714557138162,0.18008353341648203,9.055457991427282,nan,nan,nan,nan,nan,nan,1.6870467352103624e-05,-0.00018578712586388157,-8.939967768637272e-05,0.6120955526187739,0.8527912944144687,0.34893831734230935
203.25,0.0,45.0,41.0,0.9111111111111111,0.0838023244122147,0.1810497675009035,8.569437605539816,nan,nan,nan,nan,nan,nan,1.6870467352103624e-05,-0.00018578712586388157,-8.939967768637272e-05,0.6120955526187739,0.8527912944144687,0.34893831734230935
203.39000000000001,0.0,54.0,48.0,0.8888888888888888,0.06428609451932964,0.12881476194125263,7.868654267702165,nan,nan,nan,nan,nan,nan,1.6870467352103624e-05,-0.00018578712586388157,-8.939967768637272e-05,0.6120955526187739,0.8527912944144687,0.34893831734230935
203.65,0.0,45.0,42.0,0.9333333333333333,0.04000903855281596,0.09529333235556198,9.559967034668762,nan,nan,nan,nan,nan,nan,1.6870467352103624e-05,-0.00018578712586388157,-8.939967768637272e-05,0.6120955526187739,0.8527912944144687,0.34893831734230935
203.79000000000002,0.0,48.0,45.0,0.9375,0.05652124815048232,0.11418745226849153,3.9793892400937567,nan,nan,nan,nan,nan,nan,1.6870467352103624e-05,-0.00018578712586388157,-8.939967768637272e-05,0.6120955526187739,0.8527912944144687,0.34893831734230935
203.99,0.0,43.0,43.0,1.0,0.041548268019702926,0.08558763302122006,3.7164658941316207,nan,nan,nan,nan,nan,nan,1.6870467352103624e-05,-0.00018578712586388157,-8.939967768637272e-05,0.6120955526187739,0.8527912944144687,0.34893831734230935
204.19,0.0,51.0,47.0,0.9215686274509803,0.0383428190301607,0.07395529433420349,4.326156228839913,nan,nan,nan,nan,nan,nan,1.6870467352103624e-05,-0.00018578712586388157,-8.939967768637272e-05,0.6120955526187739,0.8527912944144687,0.34893831734230935
204.39000000000001,0.0,42.0,36.0,0.8571428571428571,0.11595472888887033,0.15256333312110196,3.7109468581401766,nan,nan,nan,nan,nan,nan,1.6870467352103624e-05,-0.00018578712586388157,-8.939967768637272e-05,0.6120955526187739,0.8527912944144687,0.34893831734230935
204.65,0.0,51.0,46.0,0.9019607843137255,0.11754568568594204,0.15769490956887103,1.60793923335494,nan,nan,nan,nan,nan,nan,1.6870467352103624e-05,-0.00018578712586388157,-8.939967768637272e-05,0.6120955526187739,0.8527912944144687,0.34893831734230935
204.75,0.0,48.0,6.0,0.125,0.3440208563075348,0.3497524563668915,4.646665401540999,nan,nan,nan,nan,nan,nan,1.6870467352103624e-05,-0.00018578712586388157,-8.939967768637272e-05,0.6120955526187739,0.8527912944144687,0.34893831734230935
205.05,0.0,48.0,45.0,0.9375,0.13692967430447303,0.15716666642174168,1.405896753419199,nan,nan,nan,nan,nan,nan,1.6870467352103624e-05,-0.00018578712586388157,-8.939967768637272e-05,0.6120955526187739,0.8527912944144687,0.34893831734230935
205.27,0.0,37.0,0.0,0.0,nan,nan,nan,nan,nan,nan,nan,nan,nan,1.6870467352103624e-05,-0.00018578712586388157,-8.939967768637272e-05,0.6120955526187739,0.8527912944144687,0.34893831734230935
205.43,0.0,41.0,0.0,0.0,nan,nan,nan,nan,nan,nan,nan,nan,nan,1.6870467352103624e-05,-0.00018578712586388157,-8.939967768637272e-05,0.6120955526187739,0.8527912944144687,0.34893831734230935
205.53,0.0,45.0,0.0,0.0,nan,nan,nan,nan,nan,nan,nan,nan,nan,1.6870467352103624e-05,-0.00018578712586388157,-8.939967768637272e-05,0.6120955526187739,0.8527912944144687,0.34893831734230935
205.73000000000002,0.0,28.0,0.0,0.0,nan,nan,nan,nan,nan,nan,nan,nan,nan,1.6870467352103624e-05,-0.00018578712586388157,-8.939967768637272e-05,0.6120955526187739,0.8527912944144687,0.34893831734230935
206.03,0.0,37.0,0.0,0.0,nan,nan,nan,nan,nan,nan,nan,nan,nan,1.6870467352103624e-05,-0.00018578712586388157,-8.939967768637272e-05,0.6120955526187739,0.8527912944144687,0.34893831734230935
206.13,0.0,31.0,0.0,0.0,nan,nan,nan,nan,nan,nan,nan,nan,nan,1.6870467352103624e-05,-0.00018578712586388157,-8.939967768637272e-05,0.6120955526187739,0.8527912944144687,0.34893831734230935
206.63,0.0,28.0,0.0,0.0,nan,nan,nan,nan,nan,nan,nan,nan,nan,1.6870467352103624e-05,-0.00018578712586388157,-8.939967768637272e-05,0.6120955526187739,0.8527912944144687,0.34893831734230935
206.75,0.0,33.0,6.0,0.18181818181818182,0.3216999778836274,0.3499696201528933,8.992696976271947,nan,nan,nan,nan,nan,nan,1.6870467352103624e-05,-0.00018578712586388157,-8.939967768637272e-05,0.6120955526187739,0.8527912944144687,0.34893831734230935
207.49,0.0,33.0,6.0,0.18181818181818182,0.3216999778836274,0.3499696201528933,8.992696976271947,nan,nan,nan,nan,nan,nan,1.6870467352103624e-05,-0.00018578712586388157,-8.939967768637272e-05,0.6120955526187739,0.8527912944144687,0.34893831734230935
207.53,0.0,46.0,0.0,0.0,nan,nan,nan,nan,nan,nan,nan,nan,nan,1.6870467352103624e-05,-0.00018578712586388157,-8.939967768637272e-05,0.6120955526187739,0.8527912944144687,0.34893831734230935
207.69,0.0,49.0,2.0,0.04081632653061224,0.3466727280466395,0.3492497203509006,2.088404064091602,nan,nan,nan,nan,nan,nan,1.6870467352103624e-05,-0.00018578712586388157,-8.939967768637272e-05,0.6120955526187739,0.8527912944144687,0.34893831734230935
207.73000000000002,0.0,47.0,47.0,1.0,0.15755672651596664,0.18867312807291808,2.919463282292107,nan,nan,nan,nan,nan,nan,1.6870467352103624e-05,-0.00018578712586388157,-8.939967768637272e-05,0.6120955526187739,0.8527912944144687,0.34893831734230935
208.03,0.0,49.0,49.0,1.0,0.1877296473041695,0.2150394848234815,2.7869593193719777,nan,nan,nan,nan,nan,nan,1.6870467352103624e-05,-0.00018578712586388157,-8.939967768637272e-05,0.6120955526187739,0.8527912944144687,0.34893831734230935
208.29000000000002,0.0,42.0,42.0,1.0,0.20123167065525707,0.21731652154317593,1.7986660135742238,nan,nan,nan,nan,nan,nan,1.6870467352103624e-05,-0.00018578712586388157,-8.939967768637272e-05,0.6120955526187739,0.8527912944144687,0.34893831734230935
208.35,0.0,40.0,40.0,1.0,0.15814739750131263,0.17451602371014174,2.3942781450064516,nan,nan,nan,nan,nan,nan,1.6870467352103624e-05,-0.00018578712586388157,-8.939967768637272e-05,0.6120955526187739,0.8527912944144687,0.34893831734230935
208.53,0.0,47.0,47.0,1.0,0.1422141152598072,0.1696982913941021,2.1420617357985385,nan,nan,nan,nan,nan,nan,1.6870467352103624e-05,-0.00018578712586388157,-8.939967768637272e-05,0.6120955526187739,0.8527912944144687,0.34893831734230935
208.73000000000002,0.0,43.0,43.0,1.0,0.12274268218790527,0.1399298802130505,1.8929237449178387,nan,nan,nan,nan,nan,nan,1.6870467352103624e-05,-0.00018578712586388157,-8.939967768637272e-05,0.6120955526187739,0.8527912944144687,0.34893831734230935
208.93,0.0,46.0,46.0,1.0,0.1165612793680761,0.14260737199477708,1.8268995331817732,nan,nan,nan,nan,nan,nan,1.6870467352103624e-05,-0.00018578712586388157,-8.939967768637272e-05,0.6120955526187739,0.8527912944144687,0.34893831734230935
209.13,0.0,34.0,34.0,1.0,0.10997664694763178,0.13893035201793288,2.6288245932964225,nan,nan,nan,nan,nan,nan,1.6870467352103624e-05,-0.00018578712586388157,-8.939967768637272e-05,0.6120955526187739,0.8527912944144687,0.34893831734230935
209.35,0.0,28.0,28.0,1.0,0.0988200889749081,0.1260894109062251,2.495458435300862,nan,nan,nan,nan,nan,nan,1.6870467352103624e-05,-0.00018578712586388157,-8.939967768637272e-05,0.6120955526187739,0.8527912944144687,0.34893831734230935
209.53,0.0,33.0,33.0,1.0,0.09173118846412746,0.1131423552665365,2.0746331315854074,nan,nan,nan,nan,nan,nan,1.6870467352103624e-05,-0.00018578712586388157,-8.939967768637272e-05,0.6120955526187739,0.8527912944144687,0.34893831734230935
209.73000000000002,0.0,27.0,26.0,0.9629629629629629,0.06394562639359273,0.08687455505192122,2.6939134481114215,nan,nan,nan,nan,nan,nan,1.6870467352103624e-05,-0.00018578712586388157,-8.939967768637272e-05,0.6120955526187739,0.8527912944144687,0.34893831734230935
210.05,0.0,21.0,21.0,1.0,0.05992893315962192,0.07930116028390746,2.360278075741954,nan,nan,nan,nan,nan,nan,1.6870467352103624e-05,-0.00018578712586388157,-8.939967768637272e-05,0.6120955526187739,0.8527912944144687,0.34893831734230935
210.19,0.0,35.0,31.0,0.8857142857142857,0.04887328547814465,0.12409363896683842,5.517776711949757,nan,nan,nan,nan,nan,nan,1.6870467352103624e-05,-0.00018578712586388157,-8.939967768637272e-05,0.6120955526187739,0.8527912944144687,0.34893831734230935
210.33,0.0,24.0,24.0,1.0,0.12747489136165505,0.18827965377017977,6.60257602202169,nan,nan,nan,nan,nan,nan,1.6870467352103624e-05,-0.00018578712586388157,-8.939967768637272e-05,0.6120955526187739,0.8527912944144687,0.34893831734230935
210.53,0.0,30.0,22.0,0.7333333333333333,0.07688285889239926,0.16294174294783453,5.188437989698102,nan,nan,nan,nan,nan,nan,1.6870467352103624e-05,-0.00018578712586388157,-8.939967768637272e-05,0.6120955526187739,0.8527912944144687,0.34893831734230935
210.73000000000002,0.0,35.0,30.0,0.8571428571428571,0.15595232789904606,0.2374446888876502,6.0909492233213465,nan,nan,nan,nan,nan,nan,1.6870467352103624e-05,-0.00018578712586388157,-8.939967768637272e-05,0.6120955526187739,0.8527912944144687,0.34893831734230935
210.93,0.0,39.0,35.0,0.8974358974358975,0.14239289757601967,0.1952006440220771,4.176802303679125,nan,nan,nan,nan,nan,nan,1.6870467352103624e-05,-0.00018578712586388157,-8.939967768637272e-05,0.6120955526187739,0.8527912944144687,0.34893831734230935
211.15,0.0,39.0,35.0,0.8974358974358975,0.10389091831451577,0.1525180942913006,5.631748662023499,nan,nan,nan,nan,nan,nan,1.6870467352103624e-05,-0.00018578712586388157,-8.939967768637272e-05,0.6120955526187739,0.8527912944144687,0.34893831734230935
211.39000000000001,0.0,36.0,2.0,0.05555555555555555,0.33365788546441416,0.3403007587377993,2.3411034619133293,nan,nan,nan,nan,nan,nan,1.6870467352103624e-05,-0.00018578712586388157,-8.939967768637272e-05,0.6120955526187739,0.8527912944144687,0.34893831734230935
211.65,0.0,50.0,46.0,0.92,0.10040716530961098,0.12763723148629885,2.106296000499549,nan,nan,nan,nan,nan,nan,1.6870467352103624e-05,-0.00018578712586388157,-8.939967768637272e-05,0.6120955526187739,0.8527912944144687,0.34893831734230935
211.69,0.0,40.0,0.0,0.0,nan,nan,nan,nan,nan,nan,nan,nan,nan,1.6870467352103624e-05,-0.00018578712586388157,-8.939967768637272e-05,0.6120955526187739,0.8527912944144687,0.34893831734230935
211.89000000000001,0.0,47.0,0.0,0.0,nan,nan,nan,nan,nan,nan,nan,nan,nan,1.6870467352103624e-05,-0.00018578712586388157,-8.939967768637272e-05,0.6120955526187739,0.8527912944144687,0.34893831734230935
212.09,0.0,49.0,0.0,0.0,nan,nan,nan,nan,nan,nan,nan,nan,nan,1.6870467352103624e-05,-0.00018578712586388157,-8.939967768637272e-05,0.6120955526187739,0.8527912944144687,0.34893831734230935
212.29000000000002,0.0,44.0,0.0,0.0,nan,nan,nan,nan,nan,nan,nan,nan,nan,1.6870467352103624e-05,-0.00018578712586388157,-8.939967768637272e-05,0.6120955526187739,0.8527912944144687,0.34893831734230935
212.49,0.0,45.0,0.0,0.0,nan,nan,nan,nan,nan,nan,nan,nan,nan,1.6870467352103624e-05,-0.00018578712586388157,-8.939967768637272e-05,0.6120955526187739,0.8527912944144687,0.34893831734230935
212.69,0.0,36.0,0.0,0.0,nan,nan,nan,nan,nan,nan,nan,nan,nan,1.6870467352103624e-05,-0.00018578712586388157,-8.939967768637272e-05,0.6120955526187739,0.8527912944144687,0.34893831734230935
212.89000000000001,0.0,41.0,0.0,0.0,nan,nan,nan,nan,nan,nan,nan,nan,nan,1.6870467352103624e-05,-0.00018578712586388157,-8.939967768637272e-05,0.6120955526187739,0.8527912944144687,0.34893831734230935
213.09,0.0,29.0,0.0,0.0,nan,nan,nan,nan,nan,nan,nan,nan,nan,1.6870467352103624e-05,-0.00018578712586388157,-8.939967768637272e-05,0.6120955526187739,0.8527912944144687,0.34893831734230935
213.43,0.0,27.0,0.0,0.0,nan,nan,nan,nan,nan,nan,nan,nan,nan,1.6870467352103624e-05,-0.00018578712586388157,-8.939967768637272e-05,0.6120955526187739,0.8527912944144687,0.34893831734230935
213.63,0.0,35.0,0.0,0.0,nan,nan,nan,nan,nan,nan,nan,nan,nan,1.6870467352103624e-05,-0.00018578712586388157,-8.939967768637272e-05,0.6120955526187739,0.8527912944144687,0.34893831734230935
213.69,0.0,43.0,36.0,0.8372093023255814,0.09895944623539371,0.16819725972246716,11.08634578203105,nan,nan,nan,nan,nan,nan,1.6870467352103624e-05,-0.00018578712586388157,-8.939967768637272e-05,0.6120955526187739,0.8527912944144687,0.34893831734230935
213.89000000000001,0.0,67.0,66.0,0.9850746268656716,0.0900511313205212,0.16536363825844172,8.759184408172144,nan,nan,nan,nan,nan,nan,1.6870467352103624e-05,-0.00018578712586388157,-8.939967768637272e-05,0.6120955526187739,0.8527912944144687,0.34893831734230935
214.09,0.0,44.0,43.0,0.9772727272727273,0.08533204011132821,0.17663986089251338,10.285568793039952,nan,nan,nan,nan,nan,nan,1.6870467352103624e-05,-0.00018578712586388157,-8.939967768637272e-05,0.6120955526187739,0.8527912944144687,0.34893831734230935
214.29000000000002,0.0,49.0,49.0,1.0,0.09489359602788744,0.16312617759572504,6.258433045917093,nan,nan,nan,nan,nan,nan,1.6870467352103624e-05,-0.00018578712586388157,-8.939967768637272e-05,0.6120955526187739,0.8527912944144687,0.34893831734230935
214.55,0.0,52.0,52.0,1.0,0.11588638157515765,0.18086979568254855,5.700239869699888,nan,nan,nan,nan,nan,nan,1.6870467352103624e-05,-0.00018578712586388157,-8.939967768637272e-05,0.6120955526187739,0.8527912944144687,0.34893831734230935
214.65,0.0,48.0,46.0,0.9583333333333334,0.06759131696824622,0.15401049028154493,6.0895205624963955,nan,nan,nan,nan,nan,nan,1.6870467352103624e-05,-0.00018578712586388157,-8.939967768637272e-05,0.6120955526187739,0.8527912944144687,0.34893831734230935
214.85,0.0,37.0,37.0,1.0,0.07579246702054464,0.15410414969006234,5.553617855492038,nan,nan,nan,nan,nan,nan,1.6870467352103624e-05,-0.00018578712586388157,-8.939967768637272e-05,0.6120955526187739,0.8527912944144687,0.34893831734230935
215.05,0.0,25.0,21.0,0.84,0.07975114956314554,0.11008149718015357,2.875900276853904,nan,nan,nan,nan,nan,nan,1.6870467352103624e-05,-0.00018578712586388157,-8.939967768637272e-05,0.6120955526187739,0.8527912944144687,0.34893831734230935
215.23000000000002,0.0,26.0,21.0,0.8076923076923077,0.08078223665624851,0.10523653736473157,2.8350973663159595,nan,nan,nan,nan,nan,nan,1.6870467352103624e-05,-0.00018578712586388157,-8.939967768637272e-05,0.6120955526187739,0.8527912944144687,0.34893831734230935
215.45000000000002,0.0,21.0,21.0,1.0,0.07971132969039371,0.10398404245486043,2.249701691116317,nan,nan,nan,nan,nan,nan,1.6870467352103624e-05,-0.00018578712586388157,-8.939967768637272e-05,0.6120955526187739,0.8527912944144687,0.34893831734230935
215.73000000000002,0.0,21.0,21.0,1.0,0.08953513641821252,0.10896732624735181,2.278518695171552,nan,nan,nan,nan,nan,nan,1.6870467352103624e-05,-0.00018578712586388157,-8.939967768637272e-05,0.6120955526187739,0.8527912944144687,0.34893831734230935
215.99,0.0,38.0,38.0,1.0,0.08456811690586899,0.10076836762826721,2.3059816927059686,nan,nan,nan,nan,nan,nan,1.6870467352103624e-05,-0.00018578712586388157,-8.939967768637272e-05,0.6120955526187739,0.8527912944144687,0.34893831734230935
216.13,0.0,42.0,42.0,1.0,0.034728249513977266,0.05803280280638575,2.2478176886550196,nan,nan,nan,nan,nan,nan,1.6870467352103624e-05,-0.00018578712586388157,-8.939967768637272e-05,0.6120955526187739,0.8527912944144687,0.34893831734230935
216.33,0.0,44.0,33.0,0.75,0.06408904837590865,0.09359109397895578,2.8061731233841956,nan,nan,nan,nan,nan,nan,1.6870467352103624e-05,-0.00018578712586388157,-8.939967768637272e-05,0.6120955526187739,0.8527912944144687,0.34893831734230935
216.53,0.0,43.0,42.0,0.9767441860465116,0.05380784889322549,0.08977191354680027,7.904967870820758,nan,nan,nan,nan,nan,nan,1.6870467352103624e-05,-0.00018578712586388157,-8.939967768637272e-05,0.6120955526187739,0.8527912944144687,0.34893831734230935
216.73000000000002,0.0,38.0,28.0,0.7368421052631579,0.03303314252840938,0.12799722663819857,2.70041890373469,nan,nan,nan,nan,nan,nan,1.6870467352103624e-05,-0.00018578712586388157,-8.939967768637272e-05,0.6120955526187739,0.8527912944144687,0.34893831734230935
216.93,0.0,35.0,25.0,0.7142857142857143,0.08572510803297442,0.1235611028204845,9.319829104640245,nan,nan,nan,nan,nan,nan,1.6870467352103624e-05,-0.00018578712586388157,-8.939967768637272e-05,0.6120955526187739,0.8527912944144687,0.34893831734230935
217.05,0.0,44.0,31.0,0.7045454545454546,0.09879632328498567,0.14994971250524144,9.484367408476261,nan,nan,nan,nan,nan,nan,1.6870467352103624e-05,-0.00018578712586388157,-8.939967768637272e-05,0.6120955526187739,0.8527912944144687,0.34893831734230935
217.25,0.0,30.0,14.0,0.4666666666666667,0.11082718790071801,0.1406655398101283,8.352495525145784,nan,nan,nan,nan,nan,nan,1.6870467352103624e-05,-0.00018578712586388157,-8.939967768637272e-05,0.6120955526187739,0.8527912944144687,0.34893831734230935
217.53,0.0,46.0,33.0,0.717391304347826,0.06638352509812184,0.12690179665749662,9.139552895717193,nan,nan,nan,nan,nan,nan,1.6870467352103624e-05,-0.00018578712586388157,-8.939967768637272e-05,0.6120955526187739,0.8527912944144687,0.34893831734230935
217.75,0.0,41.0,28.0,0.6829268292682927,0.061852563864932854,0.12418223458612358,9.962550782327366,nan,nan,nan,nan,nan,nan,1.6870467352103624e-05,-0.00018578712586388157,-8.939967768637272e-05,0.6120955526187739,0.8527912944144687,0.34893831734230935
217.89000000000001,0.0,52.0,30.0,0.5769230769230769,0.04262810098367092,0.08087165095129115,1.8920611287265514,nan,nan,nan,nan,nan,nan,1.6870467352103624e-05,-0.00018578712586388157,-8.939967768637272e-05,0.6120955526187739,0.8527912944144687,0.34893831734230935
218.13,0.0,44.0,30.0,0.6818181818181818,0.01731681450731093,0.041369773535429144,2.4142562243441947,nan,nan,nan,nan,nan,nan,1.6870467352103624e-05,-0.00018578712586388157,-8.939967768637272e-05,0.6120955526187739,0.8527912944144687,0.34893831734230935
218.23000000000002,0.0,43.0,26.0,0.6046511627906976,0.07056598903087076,0.10270729356765673,1.7762954925717978,nan,nan,nan,nan,nan,nan,1.6870467352103624e-05,-0.00018578712586388157,-8.939967768637272e-05,0.6120955526187739,0.8527912944144687,0.34893831734230935
218.49,0.0,44.0,28.0,0.6363636363636364,0.03728745209012794,0.05591484475844346,1.197447975384812,nan,nan,nan,nan,nan,nan,1.6870467352103624e-05,-0.00018578712586388157,-8.939967768637272e-05,0.6120955526187739,0.8527912944144687,0.34893831734230935
218.69,0.0,39.0,34.0,0.8717948717948718,0.03119717302643735,0.04841978652769717,1.1246743920946933,nan,nan,nan,nan,nan,nan,1.6870467352103624e-05,-0.00018578712586388157,-8.939967768637272e-05,0.6120955526187739,0.8527912944144687,0.34893831734230935
218.83,0.0,49.0,40.0,0.8163265306122449,0.08861698635606305,0.11482626519039012,5.837345476102923,nan,nan,nan,nan,nan,nan,1.6870467352103624e-05,-0.00018578712586388157,-8.939967768637272e-05,0.6120955526187739,0.8527912944144687,0.34893831734230935
219.03,0.0,44.0,44.0,1.0,0.07616815473380548,0.11169589943863892,5.3877226739685655,nan,nan,nan,nan,nan,nan,1.6870467352103624e-05,-0.00018578712586388157,-8.939967768637272e-05,0.6120955526187739,0.8527912944144687,0.34893831734230935
219.23000000000002,0.0,41.0,41.0,1.0,0.07569964473998356,0.10853218838457068,5.049300872705562,nan,nan,nan,nan,nan,nan,1.6870467352103624e-05,-0.00018578712586388157,-8.939967768637272e-05,0.6120955526187739,0.8527912944144687,0.34893831734230935
219.49,0.0,38.0,38.0,1.0,0.04887756837464154,0.08053136830304651,7.190331486058934,nan,nan,nan,nan,nan,nan,1.6870467352103624e-05,-0.00018578712586388157,-8.939967768637272e-05,0.6120955526187739,0.8527912944144687,0.34893831734230935
219.63,0.0,33.0,33.0,1.0,0.06487381757966723,0.10831386033111903,8.525069020000014,nan,nan,nan,nan,nan,nan,1.6870467352103624e-05,-0.00018578712586388157,-8.939967768637272e-05,0.6120955526187739,0.8527912944144687,0.34893831734230935
219.83,0.0,26.0,26.0,1.0,0.04601202679145184,0.07664355375041462,7.017259758170655,nan,nan,nan,nan,nan,nan,1.6870467352103624e-05,-0.00018578712586388157,-8.939967768637272e-05,0.6120955526187739,0.8527912944144687,0.34893831734230935
220.03,0.0,27.0,27.0,1.0,0.03003122984460833,0.059259605777435054,6.201400985876749,nan,nan,nan,nan,nan,nan,1.6870467352103624e-05,-0.00018578712586388157,-8.939967768637272e-05,0.6120955526187739,0.8527912944144687,0.34893831734230935
220.23000000000002,0.0,32.0,32.0,1.0,0.03597559888643265,0.06410840242266422,7.500720413198598,nan,nan,nan,nan,nan,nan,1.6870467352103624e-05,-0.00018578712586388157,-8.939967768637272e-05,0.6120955526187739,0.8527912944144687,0.34893831734230935
220.43,0.0,32.0,32.0,1.0,0.03912119461185696,0.07425635428588762,7.309229246047244,nan,nan,nan,nan,nan,nan,1.6870467352103624e-05,-0.00018578712586388157,-8.939967768637272e-05,0.6120955526187739,0.8527912944144687,0.34893831734230935
220.69,0.0,35.0,33.0,0.9428571428571428,0.022560347770278245,0.052041788939066386,7.098600685824826,nan,nan,nan,nan,nan,nan,1.6870467352103624e-05,-0.00018578712586388157,-8.939967768637272e-05,0.6120955526187739,0.8527912944144687,0.34893831734230935
220.83,0.0,31.0,31.0,1.0,0.0158947919605183,0.046324936327508955,5.892861821339893,nan,nan,nan,nan,nan,nan,1.6870467352103624e-05,-0.00018578712586388157,-8.939967768637272e-05,0.6120955526187739,0.8527912944144687,0.34893831734230935
221.03,0.0,35.0,32.0,0.9142857142857143,0.014806506173317541,0.0377952930271691,3.4162071853231164,nan,nan,nan,nan,nan,nan,1.6870467352103624e-05,-0.00018578712586388157,-8.939967768637272e-05,0.6120955526187739,0.8527912944144687,0.34893831734230935
221.23000000000002,0.0,34.0,34.0,1.0,0.012144376057348779,0.024566384140001354,1.7614021873645045,nan,nan,nan,nan,nan,nan,1.6870467352103624e-05,-0.00018578712586388157,-8.939967768637272e-05,0.6120955526187739,0.8527912944144687,0.34893831734230935
221.43,1.0,33.0,33.0,1.0,0.015752213050280867,0.03605015955540797,2.622067142651078,-0.0638035162899899,0.09882212912633984,0.00770673476338875,0.48828674364101277,9.237397354824799,-2.9221476536027424,-0.015094125234818678,-0.004463587648782408,-5.440704505410565e-05,0.9991194755835751,0.9963196010320793,0.8763195143414051
221.59,1.0,31.0,31.0,1.0,0.016114407673621066,0.037201946372450036,1.4582703276590854,-0.05176775584777737,0.08263870314707966,0.006038636135231375,0.4145436517239766,9.212337008929753,-2.9624739830136178,0.0046492865985743315,-0.011329835640584207,-0.00025909109192667756,0.6226184483519833,0.788374101364163,0.4938511337086386
221.79000000000002,1.0,32.0,32.0,1.0,0.014110676465953362,0.03667268045189104,1.1382524288612885,-0.060920765249133875,0.08831336045957212,0.004634725378100779,0.3153652135851916,9.21038988794411,-3.0218565684638596,0.003304389066606739,0.007347865047412583,-0.00041445331945366704,0.5982300358399821,0.8191326233678188,0.40326351573253133
221.99,1.0,25.0,25.0,1.0,0.015553962422261165,0.03544070021762155,1.501984494365541,-0.03869996708266022,0.06587472322714612,0.006841590760941648,0.21201924886747714,9.17953861148698,-3.075737011027405,0.006303984513015559,-0.02042143173800781,-9.258248416887939e-05,0.5275310591706688,0.7844604465126963,0.30809413824981063
222.19,1.0,28.0,28.0,1.0,0.017618519859067504,0.03738951791100859,1.7781598214156191,-0.044582023562584214,0.07642112702570149,0.006596208456709198,0.09961766034690382,9.182497767404962,-3.113899951672179,0.003809151283803963,0.0017504010955278204,-0.0004886548662215162,0.567425155179496,0.8129293350706226,0.32921547542864743
222.39000000000001,1.0,31.0,31.0,1.0,0.018634335744236775,0.04008534721677383,2.356533296388396,-0.04088429191593918,0.06990908239825683,0.009702639852702687,-0.006973261884108835,9.17562659157363,-3.1389955237105784,0.002795356134436519,-0.003280988198001822,-0.00029284121839356914,0.5876219978546301,0.8295176484499777,0.3447562124271122
222.59,1.0,31.0,31.0,1.0,0.01987220979190275,0.031394725477122326,3.445856119041586,-0.038170687327753645,0.06341102991451988,0.00941300935721096,-0.11664902289225515,9.17113865918753,3.1266895058576223,0.001815209079300828,-0.0032404406694723775,-0.00025371729738088433,0.5806053353511135,0.8304589277253326,0.33623968919305725
222.79000000000002,1.0,39.0,39.0,1.0,0.017234592451020343,0.039836078673320806,2.233954065180536,-0.03855810561839708,0.07014729697785477,0.008938291649000668,-0.22647503283330334,9.171358854589583,3.1149341715805523,0.0012255418177831157,-0.0001508345386103116,-0.0002267663638368944,0.5870539088510693,0.8370031531184711,0.33957348604059256
222.99,1.0,42.0,42.0,1.0,0.015761367401866757,0.03344646278025826,2.578128447683277,-0.030579448364007247,0.05908441476496837,0.009671853322798896,-0.3355593009642528,9.164222194489765,3.107462676541454,0.0005227588487327073,-0.007998283826397667,-0.00015339461871866078,0.5839887969251494,0.8377702790441321,0.336322052296291
223.19,1.0,46.0,39.0,0.8478260869565217,0.023137441969857467,0.3031551889391266,3.0610422120642737,-0.02172503788384584,0.05888262358680774,0.04934044188895375,-0.4462381067311782,9.156757597517217,3.101654945083011,0.00010342127695384118,-0.01013055425297793,-0.00023336488127423394,0.5847280537775276,0.8399843917102914,0.3348961852233382
223.37,0.0,46.0,31.0,0.6739130434782609,0.13702902824328117,0.32059686076348265,11.713519622496149,nan,nan,nan,nan,nan,nan,0.00010342127695384118,-0.01013055425297793,-0.00023336488127423394,0.5847280537775276,0.8399843917102914,0.3348961852233382
223.55,0.0,42.0,23.0,0.5476190476190477,0.1850074143790177,0.3465391406243111,14.203478777762452,nan,nan,nan,nan,nan,nan,0.00010342127695384118,-0.01013055425297793,-0.00023336488127423394,0.5847280537775276,0.8399843917102914,0.3348961852233382
223.85000000000002,0.0,38.0,34.0,0.8947368421052632,0.13422894913476818,0.24533861417389305,12.381508424806297,nan,nan,nan,nan,nan,nan,0.00010342127695384118,-0.01013055425297793,-0.00023336488127423394,0.5847280537775276,0.8399843917102914,0.3348961852233382
223.95,0.0,35.0,13.0,0.37142857142857144,0.14957096459178013,0.22188433223682108,10.187844988754312,nan,nan,nan,nan,nan,nan,0.00010342127695384118,-0.01013055425297793,-0.00023336488127423394,0.5847280537775276,0.8399843917102914,0.3348961852233382
224.23000000000002,0.0,46.0,25.0,0.5434782608695652,0.13701426165739522,0.19968616158515318,7.981820120450747,nan,nan,nan,nan,nan,nan,0.00010342127695384118,-0.01013055425297793,-0.00023336488127423394,0.5847280537775276,0.8399843917102914,0.3348961852233382
224.35000000000002,0.0,31.0,15.0,0.4838709677419355,0.1933306070555677,0.2353964439024601,12.075099473269429,nan,nan,nan,nan,nan,nan,0.00010342127695384118,-0.01013055425297793,-0.00023336488127423394,0.5847280537775276,0.8399843917102914,0.3348961852233382
224.63,0.0,31.0,26.0,0.8387096774193549,0.21417958903570478,0.3221738327067936,11.883814415121186,nan,nan,nan,nan,nan,nan,0.00010342127695384118,-0.01013055425297793,-0.00023336488127423394,0.5847280537775276,0.8399843917102914,0.3348961852233382
224.82999999999998,0.0,17.0,8.0,0.47058823529411764,0.19151768215741077,0.2169006694167543,10.980750289915127,nan,nan,nan,nan,nan,nan,0.00010342127695384118,-0.01013055425297793,-0.00023336488127423394,0.5847280537775276,0.8399843917102914,0.3348961852233382
225.03000000000003,0.0,22.0,19.0,0.8636363636363636,0.2889503445101126,0.34763655146035655,8.8486972686478,nan,nan,nan,nan,nan,nan,0.00010342127695384118,-0.01013055425297793,-0.00023336488127423394,0.5847280537775276,0.8399843917102914,0.3348961852233382
225.35000000000002,0.0,13.0,2.0,0.15384615384615385,0.34350123545769595,0.3460017947334115,3.8072226428773943,nan,nan,nan,nan,nan,nan,0.00010342127695384118,-0.01013055425297793,-0.00023336488127423394,0.5847280537775276,0.8399843917102914,0.3348961852233382
225.53000000000003,0.0,35.0,2.0,0.05714285714285714,0.3449496628636012,0.34783786077807277,1.6788065121839135,nan,nan,nan,nan,nan,nan,0.00010342127695384118,-0.01013055425297793,-0.00023336488127423394,0.5847280537775276,0.8399843917102914,0.3348961852233382
225.75,0.0,46.0,46.0,1.0,0.11360108787609781,0.17977856812660917,8.249565806702787,nan,nan,nan,nan,nan,nan,0.00010342127695384118,-0.01013055425297793,-0.00023336488127423394,0.5847280537775276,0.8399843917102914,0.3348961852233382
226.03000000000003,0.0,53.0,20.0,0.37735849056603776,0.062171476452230576,0.1096736427141469,6.661546095984725,nan,nan,nan,nan,nan,nan,0.00010342127695384118,-0.01013055425297793,-0.00023336488127423394,0.5847280537775276,0.8399843917102914,0.3348961852233382
226.15000000000003,0.0,56.0,27.0,0.48214285714285715,0.03908364384803265,0.0864025462265225,8.048659697081773,nan,nan,nan,nan,nan,nan,0.00010342127695384118,-0.01013055425297793,-0.00023336488127423394,0.5847280537775276,0.8399843917102914,0.3348961852233382
226.32999999999998,0.0,49.0,47.0,0.9591836734693877,0.0583354854405855,0.11642413245656376,9.506284783098698,nan,nan,nan,nan,nan,nan,0.00010342127695384118,-0.01013055425297793,-0.00023336488127423394,0.5847280537775276,0.8399843917102914,0.3348961852233382
226.55,0.0,53.0,50.0,0.9433962264150944,0.06066080684637737,0.12886138626022248,6.953395625757618,nan,nan,nan,nan,nan,nan,0.00010342127695384118,-0.01013055425297793,-0.00023336488127423394,0.5847280537775276,0.8399843917102914,0.3348961852233382
226.75,0.0,49.0,40.0,0.8163265306122449,0.06413943337249499,0.1289466918304701,9.774307865345667,nan,nan,nan,nan,nan,nan,0.00010342127695384118,-0.01013055425297793,-0.00023336488127423394,0.5847280537775276,0.8399843917102914,0.3348961852233382
226.93,0.0,41.0,33.0,0.8048780487804879,0.06790860719117797,0.14226364593990287,8.706701479836958,nan,nan,nan,nan,nan,nan,0.00010342127695384118,-0.01013055425297793,-0.00023336488127423394,0.5847280537775276,0.8399843917102914,0.3348961852233382
227.15000000000003,0.0,40.0,32.0,0.8,0.11835761717793275,0.1378854699290004,3.747883024499069,nan,nan,nan,nan,nan,nan,0.00010342127695384118,-0.01013055425297793,-0.00023336488127423394,0.5847280537775276,0.8399843917102914,0.3348961852233382
227.35000000000002,0.0,45.0,37.0,0.8222222222222222,0.08474518418351774,0.12779161345713402,3.5962961597150223,nan,nan,nan,nan,nan,nan,0.00010342127695384118,-0.01013055425297793,-0.00023336488127423394,0.5847280537775276,0.8399843917102914,0.3348961852233382
227.53000000000003,0.0,38.0,32.0,0.8421052631578947,0.10501380231865806,0.13599262579903595,2.4294852698610727,nan,nan,nan,nan,nan,nan,0.00010342127695384118,-0.01013055425297793,-0.00023336488127423394,0.5847280537775276,0.8399843917102914,0.3348961852233382
227.73000000000002,0.0,25.0,25.0,1.0,0.0817816993474147,0.10405344537775994,4.865323710219697,nan,nan,nan,nan,nan,nan,0.00010342127695384118,-0.01013055425297793,-0.00023336488127423394,0.5847280537775276,0.8399843917102914,0.3348961852233382
227.93,0.0,30.0,21.0,0.7,0.05856488534997206,0.08613549766198988,2.5058419626549724,nan,nan,nan,nan,nan,nan,0.00010342127695384118,-0.01013055425297793,-0.00023336488127423394,0.5847280537775276,0.8399843917102914,0.3348961852233382
228.13,0.0,35.0,25.0,0.7142857142857143,0.10359193344403506,0.15294352947499662,9.444226973360248,nan,nan,nan,nan,nan,nan,0.00010342127695384118,-0.01013055425297793,-0.00023336488127423394,0.5847280537775276,0.8399843917102914,0.3348961852233382
228.32999999999998,0.0,35.0,28.0,0.8,0.06513260625169785,0.1717355518498468,8.467755966137837,nan,nan,nan,nan,nan,nan,0.00010342127695384118,-0.01013055425297793,-0.00023336488127423394,0.5847280537775276,0.8399843917102914,0.3348961852233382
228.53000000000003,0.0,44.0,39.0,0.8863636363636364,0.05124697327816596,0.13679594316547425,9.27701504780478,nan,nan,nan,nan,nan,nan,0.00010342127695384118,-0.01013055425297793,-0.00023336488127423394,0.5847280537775276,0.8399843917102914,0.3348961852233382
228.79000000000002,0.0,44.0,32.0,0.7272727272727273,0.050423615960247095,0.11411586663329712,12.048369708350773,nan,nan,nan,nan,nan,nan,0.00010342127695384118,-0.01013055425297793,-0.00023336488127423394,0.5847280537775276,0.8399843917102914,0.3348961852233382
228.99,0.0,45.0,13.0,0.28888888888888886,0.015961422597031795,0.03261909125275927,6.36132615716213,nan,nan,nan,nan,nan,nan,0.00010342127695384118,-0.01013055425297793,-0.00023336488127423394,0.5847280537775276,0.8399843917102914,0.3348961852233382
229.13,0.0,43.0,17.0,0.3953488372093023,0.019832415233446213,0.03631471008397511,6.758050734685201,nan,nan,nan,nan,nan,nan,0.00010342127695384118,-0.01013055425297793,-0.00023336488127423394,0.5847280537775276,0.8399843917102914,0.3348961852233382
229.32999999999998,0.0,38.0,16.0,0.42105263157894735,0.016004338289436666,0.03576884120794825,6.753498021587024,nan,nan,nan,nan,nan,nan,0.00010342127695384118,-0.01013055425297793,-0.00023336488127423394,0.5847280537775276,0.8399843917102914,0.3348961852233382
229.55,0.0,37.0,16.0,0.43243243243243246,0.021866604328154782,0.03985546790711739,6.296322508943107,nan,nan,nan,nan,nan,nan,0.00010342127695384118,-0.01013055425297793,-0.00023336488127423394,0.5847280537775276,0.8399843917102914,0.3348961852233382
229.73000000000002,0.0,53.0,19.0,0.3584905660377358,0.013842232009758922,0.031367080597311595,5.947226138941529,nan,nan,nan,nan,nan,nan,0.00010342127695384118,-0.01013055425297793,-0.00023336488127423394,0.5847280537775276,0.8399843917102914,0.3348961852233382
229.93,0.0,50.0,12.0,0.24,0.01462852063055053,0.030266248681585558,5.346471123605923,nan,nan,nan,nan,nan,nan,0.00010342127695384118,-0.01013055425297793,-0.00023336488127423394,0.5847280537775276,0.8399843917102914,0.3348961852233382
230.13,0.0,55.0,2.0,0.03636363636363636,0.01686509543290976,0.02111235157221021,9.8140996051694,nan,nan,nan,nan,nan,nan,0.00010342127695384118,-0.01013055425297793,-0.00023336488127423394,0.5847280537775276,0.8399843917102914,0.3348961852233382
230.32999999999998,0.0,38.0,2.0,0.05263157894736842,0.05946862658948879,0.06615921178564357,2.9797925513856445,nan,nan,nan,nan,nan,nan,0.00010342127695384118,-0.01013055425297793,-0.00023336488127423394,0.5847280537775276,0.8399843917102914,0.3348961852233382
230.53000000000003,0.0,55.0,1.0,0.01818181818181818,0.2806712713803464,0.2806712713803464,21.142661285201513,nan,nan,nan,nan,nan,nan,0.00010342127695384118,-0.01013055425297793,-0.00023336488127423394,0.5847280537775276,0.8399843917102914,0.3348961852233382
230.73000000000002,0.0,57.0,25.0,0.43859649122807015,0.29421103050313546,0.3446286976461664,10.337867692609489,nan,nan,nan,nan,nan,nan,0.00010342127695384118,-0.01013055425297793,-0.00023336488127423394,0.5847280537775276,0.8399843917102914,0.3348961852233382
230.93,0.0,54.0,23.0,0.42592592592592593,0.2953241799267818,0.34955378490023054,9.30777418868782,nan,nan,nan,nan,nan,nan,0.00010342127695384118,-0.01013055425297793,-0.00023336488127423394,0.5847280537775276,0.8399843917102914,0.3348961852233382
231.09000000000003,0.0,51.0,22.0,0.43137254901960786,0.26900877879568125,0.34749325700037226,11.724430699850721,nan,nan,nan,nan,nan,nan,0.00010342127695384118,-0.01013055425297793,-0.00023336488127423394,0.5847280537775276,0.8399843917102914,0.3348961852233382
231.29000000000002,0.0,34.0,7.0,0.20588235294117646,0.316365280564932,0.34261499370672127,17.447002012536288,nan,nan,nan,nan,nan,nan,0.00010342127695384118,-0.01013055425297793,-0.00023336488127423394,0.5847280537775276,0.8399843917102914,0.3348961852233382
231.63,0.0,22.0,1.0,0.045454545454545456,0.3486187217963783,0.3486187217963783,23.019139723416437,nan,nan,nan,nan,nan,nan,0.00010342127695384118,-0.01013055425297793,-0.00023336488127423394,0.5847280537775276,0.8399843917102914,0.3348961852233382
231.69,0.0,21.0,11.0,0.5238095238095238,0.33315660429204513,0.3482383403334709,12.476018734358751,nan,nan,nan,nan,nan,nan,0.00010342127695384118,-0.01013055425297793,-0.00023336488127423394,0.5847280537775276,0.8399843917102914,0.3348961852233382
232.23000000000002,0.0,22.0,15.0,0.6818181818181818,0.03285369432651738,0.2546312463439636,7.870247285728091,nan,nan,nan,nan,nan,nan,0.00010342127695384118,-0.01013055425297793,-0.00023336488127423394,0.5847280537775276,0.8399843917102914,0.3348961852233382
232.35000000000002,0.0,41.0,36.0,0.8780487804878049,0.04921466026854742,0.22309263946813598,7.20825786974346,nan,nan,nan,nan,nan,nan,0.00010342127695384118,-0.01013055425297793,-0.00023336488127423394,0.5847280537775276,0.8399843917102914,0.3348961852233382
232.49,0.0,40.0,37.0,0.925,0.09239809894856997,0.13419470673096714,3.16961355011686,nan,nan,nan,nan,nan,nan,0.00010342127695384118,-0.01013055425297793,-0.00023336488127423394,0.5847280537775276,0.8399843917102914,0.3348961852233382
232.82999999999998,0.0,36.0,36.0,1.0,0.04939005866432647,0.09622320978803829,7.304481114695169,nan,nan,nan,nan,nan,nan,0.00010342127695384118,-0.01013055425297793,-0.00023336488127423394,0.5847280537775276,0.8399843917102914,0.3348961852233382
232.89,0.0,35.0,35.0,1.0,0.06549376641401086,0.09045687290998372,1.9273662873747022,nan,nan,nan,nan,nan,nan,0.00010342127695384118,-0.01013055425297793,-0.00023336488127423394,0.5847280537775276,0.8399843917102914,0.3348961852233382
233.09000000000003,0.0,32.0,32.0,1.0,0.05931037228253819,0.0762037175055713,2.1113528997090625,nan,nan,nan,nan,nan,nan,0.00010342127695384118,-0.01013055425297793,-0.00023336488127423394,0.5847280537775276,0.8399843917102914,0.3348961852233382
233.29000000000002,0.0,30.0,30.0,1.0,0.07850459031681288,0.09733940522320958,1.519521316608664,nan,nan,nan,nan,nan,nan,0.00010342127695384118,-0.01013055425297793,-0.00023336488127423394,0.5847280537775276,0.8399843917102914,0.3348961852233382
233.49,0.0,36.0,36.0,1.0,0.07641152491023298,0.09470614272099519,1.912456027117754,nan,nan,nan,nan,nan,nan,0.00010342127695384118,-0.01013055425297793,-0.00023336488127423394,0.5847280537775276,0.8399843917102914,0.3348961852233382
233.69,0.0,35.0,35.0,1.0,0.09390685553726325,0.1116058282397868,1.8590745909062205,nan,nan,nan,nan,nan,nan,0.00010342127695384118,-0.01013055425297793,-0.00023336488127423394,0.5847280537775276,0.8399843917102914,0.3348961852233382
233.89,0.0,36.0,35.0,0.9722222222222222,0.09112735941173539,0.10975237577221597,3.0272065745609407,nan,nan,nan,nan,nan,nan,0.00010342127695384118,-0.01013055425297793,-0.00023336488127423394,0.5847280537775276,0.8399843917102914,0.3348961852233382
234.09000000000003,0.0,31.0,31.0,1.0,0.09100024951304415,0.10924601249312837,1.8329571853615674,nan,nan,nan,nan,nan,nan,0.00010342127695384118,-0.01013055425297793,-0.00023336488127423394,0.5847280537775276,0.8399843917102914,0.3348961852233382
234.35000000000002,0.0,29.0,29.0,1.0,0.08485727040521306,0.10581009154652887,2.514004149077573,nan,nan,nan,nan,nan,nan,0.00010342127695384118,-0.01013055425297793,-0.00023336488127423394,0.5847280537775276,0.8399843917102914,0.3348961852233382
234.53000000000003,0.0,33.0,30.0,0.9090909090909091,0.07208638217039809,0.0910201903821155,1.8788182219225722,nan,nan,nan,nan,nan,nan,0.00010342127695384118,-0.01013055425297793,-0.00023336488127423394,0.5847280537775276,0.8399843917102914,0.3348961852233382
234.65000000000003,0.0,31.0,31.0,1.0,0.07323917856613489,0.12854752040255907,11.143672987995666,nan,nan,nan,nan,nan,nan,0.00010342127695384118,-0.01013055425297793,-0.00023336488127423394,0.5847280537775276,0.8399843917102914,0.3348961852233382
234.82999999999998,0.0,32.0,32.0,1.0,0.13183389707250764,0.20636780260763227,7.597071106018775,nan,nan,nan,nan,nan,nan,0.00010342127695384118,-0.01013055425297793,-0.00023336488127423394,0.5847280537775276,0.8399843917102914,0.3348961852233382
235.15000000000003,0.0,60.0,41.0,0.6833333333333333,0.1772478000930975,0.24107739226565786,8.380082821652914,nan,nan,nan,nan,nan,nan,0.00010342127695384118,-0.01013055425297793,-0.00023336488127423394,0.5847280537775276,0.8399843917102914,0.3348961852233382
235.25,0.0,52.0,45.0,0.8653846153846154,0.13516215691365055,0.22632619382542024,9.291759370535358,nan,nan,nan,nan,nan,nan,0.00010342127695384118,-0.01013055425297793,-0.00023336488127423394,0.5847280537775276,0.8399843917102914,0.3348961852233382
235.43,0.0,66.0,57.0,0.8636363636363636,0.13466096149691162,0.26711589877001995,8.425771781717259,nan,nan,nan,nan,nan,nan,0.00010342127695384118,-0.01013055425297793,-0.00023336488127423394,0.5847280537775276,0.8399843917102914,0.3348961852233382
235.79000000000002,0.0,69.0,48.0,0.6956521739130435,0.1623590323244746,0.30517615947365073,6.132548373688565,nan,nan,nan,nan,nan,nan,0.00010342127695384118,-0.01013055425297793,-0.00023336488127423394,0.5847280537775276,0.8399843917102914,0.3348961852233382
235.85000000000002,0.0,67.0,42.0,0.6268656716417911,0.11691315258665898,0.23812731610222268,7.477346331304025,nan,nan,nan,nan,nan,nan,0.00010342127695384118,-0.01013055425297793,-0.00023336488127423394,0.5847280537775276,0.8399843917102914,0.3348961852233382
236.05,0.0,43.0,34.0,0.7906976744186046,0.13415985484493764,0.29699109488483366,6.3577897695698065,nan,nan,nan,nan,nan,nan,0.00010342127695384118,-0.01013055425297793,-0.00023336488127423394,0.5847280537775276,0.8399843917102914,0.3348961852233382
236.32999999999998,0.0,40.0,29.0,0.725,0.17140147675740025,0.3163486564007423,7.140893698620632,nan,nan,nan,nan,nan,nan,0.00010342127695384118,-0.01013055425297793,-0.00023336488127423394,0.5847280537775276,0.8399843917102914,0.3348961852233382
236.43,0.0,39.0,34.0,0.8717948717948718,0.13469255635359,0.2791153674824986,9.281646582279752,nan,nan,nan,nan,nan,nan,0.00010342127695384118,-0.01013055425297793,-0.00023336488127423394,0.5847280537775276,0.8399843917102914,0.3348961852233382
236.65000000000003,0.0,39.0,30.0,0.7692307692307693,0.12266341988797333,0.26533938583105193,10.64300164988415,nan,nan,nan,nan,nan,nan,0.00010342127695384118,-0.01013055425297793,-0.00023336488127423394,0.5847280537775276,0.8399843917102914,0.3348961852233382
236.82999999999998,0.0,28.0,26.0,0.9285714285714286,0.1054977403814157,0.22107322867191273,7.92848044199276,nan,nan,nan,nan,nan,nan,0.00010342127695384118,-0.01013055425297793,-0.00023336488127423394,0.5847280537775276,0.8399843917102914,0.3348961852233382
237.05,0.0,33.0,32.0,0.9696969696969697,0.09972418413197187,0.1898809428960855,10.7189099356815,nan,nan,nan,nan,nan,nan,0.00010342127695384118,-0.01013055425297793,-0.00023336488127423394,0.5847280537775276,0.8399843917102914,0.3348961852233382
238.07,0.0,31.0,31.0,1.0,0.019959909448960228,0.036434057561276684,3.105626956426487,nan,nan,nan,nan,nan,nan,0.00010342127695384118,-0.01013055425297793,-0.00023336488127423394,0.5847280537775276,0.8399843917102914,0.3348961852233382
238.23000000000002,0.0,41.0,41.0,1.0,0.01350793296302206,0.03126466782163402,3.1315568161909697,nan,nan,nan,nan,nan,nan,0.00010342127695384118,-0.01013055425297793,-0.00023336488127423394,0.5847280537775276,0.8399843917102914,0.3348961852233382
238.43,0.0,50.0,48.0,0.96,0.08259526767864726,0.28877258555431595,10.734433136830365,nan,nan,nan,nan,nan,nan,0.00010342127695384118,-0.01013055425297793,-0.00023336488127423394,0.5847280537775276,0.8399843917102914,0.3348961852233382
238.63,0.0,59.0,43.0,0.7288135593220338,0.014240158234355316,0.03178384581434604,2.255650263903111,nan,nan,nan,nan,nan,nan,0.00010342127695384118,-0.01013055425297793,-0.00023336488127423394,0.5847280537775276,0.8399843917102914,0.3348961852233382
238.82999999999998,0.0,36.0,36.0,1.0,0.014869976206103898,0.03301557599588148,2.973046989626053,nan,nan,nan,nan,nan,nan,0.00010342127695384118,-0.01013055425297793,-0.00023336488127423394,0.5847280537775276,0.8399843917102914,0.3348961852233382
239.03000000000003,1.0,35.0,35.0,1.0,0.012996304368751092,0.029524231070005933,3.5032498447147593,-0.035611910913127494,0.047658529815179616,0.007031801287610198,-0.0077852969580901165,4.083846194017681,-3.01442713551668,-0.006868963784390426,0.011851425311714792,-0.0003192447851785296,0.9967186407924904,0.9949119775747758,0.8662443519564876
239.35000000000002,1.0,31.0,31.0,1.0,0.011849758754968166,0.026475135398620456,2.9391505793408417,-0.025853188247399687,0.044901685882330476,0.008395713763918218,-0.18294784137993267,4.067836183032877,-3.0928122975684227,0.003222635523521339,-0.00945740205636092,0.0001337637471934272,0.6919154629320521,0.8738597823912394,0.5213382378175073
239.49,1.0,31.0,31.0,1.0,0.01511456862457676,0.02998420160648,2.5922599815498053,-0.026889043405270777,0.022329583979446524,0.010293248221578248,-0.2560698107465011,4.069952352740544,-3.1141287845403243,0.001378374574352137,-7.111433746409546e-05,-0.00023610333926971094,0.5542560687713616,0.785239782206455,0.38793476846367597
239.63,1.0,34.0,34.0,1.0,0.011488336575007193,0.024803779637754413,3.259223789381597,-0.024721177435054666,0.0024038358998602232,0.00814527837226366,-0.3348979627560603,4.067111315554973,-3.1287325475219854,0.0010340916760606111,-0.0021528702872366523,-0.00014502684741080071,0.5334681887339923,0.7877709535700801,0.34088999845288415
239.82999999999998,1.0,26.0,26.0,1.0,0.01227599062108318,0.029215742307613625,1.5020641084795798,-0.015056213490991663,-0.0033517777863796027,0.007015387049352751,-0.44473084106696226,4.062038767360412,3.1361054178088343,0.0008729631342602739,-0.010101050402903766,-0.0001339036048002562,0.522914389032703,0.7984772211455363,0.29216499000516144
240.09000000000003,1.0,40.0,40.0,1.0,0.012319680081404378,0.024782059138369887,1.8815555487878153,0.0031298799274232674,-0.019051875784670807,0.008513124950912342,-0.5759415292525093,4.052720938420294,3.1169098567176583,0.00025360901861160023,-0.020184777773245344,-0.00027511678352709623,0.6301864890295078,0.8625315422095713,0.3657553150440058
240.23000000000002,1.0,26.0,26.0,1.0,0.012377214190109278,0.027656905064037448,1.5838807045359236,0.002070400203742028,-0.016827339447644283,0.007081363156861011,-0.6467961408675206,4.055985435501342,3.1106479368450035,0.00018357318368200648,-0.0016803744868170156,-0.0005279817081143001,0.4927082574428089,0.753269639004807,0.2817999330977215
240.45,0.0,55.0,49.0,0.8909090909090909,0.16739321148321282,0.2677137308492302,9.145039080562979,nan,nan,nan,nan,nan,nan,0.00018357318368200648,-0.0016803744868170156,-0.0005279817081143001,0.4927082574428089,0.753269639004807,0.2817999330977215
240.63,0.0,49.0,38.0,0.7755102040816326,0.17299062818180114,0.26295169316120415,9.488340762302581,nan,nan,nan,nan,nan,nan,0.00018357318368200648,-0.0016803744868170156,-0.0005279817081143001,0.4927082574428089,0.753269639004807,0.2817999330977215
240.79000000000002,0.0,40.0,20.0,0.5,0.17345930896810297,0.23246615253777542,8.177222995956777,nan,nan,nan,nan,nan,nan,0.00018357318368200648,-0.0016803744868170156,-0.0005279817081143001,0.4927082574428089,0.753269639004807,0.2817999330977215
240.99,0.0,38.0,16.0,0.42105263157894735,0.19842819014950064,0.2415027044682538,8.105230598823955,nan,nan,nan,nan,nan,nan,0.00018357318368200648,-0.0016803744868170156,-0.0005279817081143001,0.4927082574428089,0.753269639004807,0.2817999330977215
241.19,0.0,22.0,11.0,0.5,0.20079635277835184,0.2257527412971213,8.567864132013607,nan,nan,nan,nan,nan,nan,0.00018357318368200648,-0.0016803744868170156,-0.0005279817081143001,0.4927082574428089,0.753269639004807,0.2817999330977215
241.45,0.0,19.0,14.0,0.7368421052631579,0.20120441240303202,0.23187264599262175,6.940172458107713,nan,nan,nan,nan,nan,nan,0.00018357318368200648,-0.0016803744868170156,-0.0005279817081143001,0.4927082574428089,0.753269639004807,0.2817999330977215
241.65000000000003,0.0,21.0,6.0,0.2857142857142857,0.1962049435981806,0.2009498350498113,5.855171955807087,nan,nan,nan,nan,nan,nan,0.00018357318368200648,-0.0016803744868170156,-0.0005279817081143001,0.4927082574428089,0.753269639004807,0.2817999330977215
242.19,0.0,12.0,11.0,0.9166666666666666,0.2000183864169051,0.21251935040346295,2.995125014308598,nan,nan,nan,nan,nan,nan,0.00018357318368200648,-0.0016803744868170156,-0.0005279817081143001,0.4927082574428089,0.753269639004807,0.2817999330977215
242.39,0.0,30.0,6.0,0.2,0.34449986276683714,0.3485454913236187,3.646996734893279,nan,nan,nan,nan,nan,nan,0.00018357318368200648,-0.0016803744868170156,-0.0005279817081143001,0.4927082574428089,0.753269639004807,0.2817999330977215
242.59000000000003,0.0,23.0,1.0,0.043478260869565216,0.3451847121411992,0.3451847121411992,2.4583521322614623,nan,nan,nan,nan,nan,nan,0.00018357318368200648,-0.0016803744868170156,-0.0005279817081143001,0.4927082574428089,0.753269639004807,0.2817999330977215
242.79000000000002,0.0,38.0,31.0,0.8157894736842105,0.08172663366456755,0.12994561228552656,5.889823566759664,nan,nan,nan,nan,nan,nan,0.00018357318368200648,-0.0016803744868170156,-0.0005279817081143001,0.4927082574428089,0.753269639004807,0.2817999330977215
242.99,0.0,32.0,26.0,0.8125,0.0662015002685688,0.10909002385697067,9.468432041476436,nan,nan,nan,nan,nan,nan,0.00018357318368200648,-0.0016803744868170156,-0.0005279817081143001,0.4927082574428089,0.753269639004807,0.2817999330977215
243.32999999999998,0.0,36.0,27.0,0.75,0.08906762224432627,0.22039664465851186,7.754633601085663,nan,nan,nan,nan,nan,nan,0.00018357318368200648,-0.0016803744868170156,-0.0005279817081143001,0.4927082574428089,0.753269639004807,0.2817999330977215
243.39,0.0,24.0,19.0,0.7916666666666666,0.03478226285175741,0.13071827136674982,8.264040219600885,nan,nan,nan,nan,nan,nan,0.00018357318368200648,-0.0016803744868170156,-0.0005279817081143001,0.4927082574428089,0.753269639004807,0.2817999330977215
243.55,0.0,19.0,14.0,0.7368421052631579,0.019023271827886164,0.03687232298334044,8.022560876165988,nan,nan,nan,nan,nan,nan,0.00018357318368200648,-0.0016803744868170156,-0.0005279817081143001,0.4927082574428089,0.753269639004807,0.2817999330977215
243.75,0.0,19.0,19.0,1.0,0.018649709299602146,0.034204509105702094,2.5408255739561985,nan,nan,nan,nan,nan,nan,0.00018357318368200648,-0.0016803744868170156,-0.0005279817081143001,0.4927082574428089,0.753269639004807,0.2817999330977215
244.39,0.0,17.0,3.0,0.17647058823529413,0.023746351056062556,0.02591520284905598,5.041303637976931,nan,nan,nan,nan,nan,nan,0.00018357318368200648,-0.0016803744868170156,-0.0005279817081143001,0.4927082574428089,0.753269639004807,0.2817999330977215
244.73000000000002,0.0,45.0,12.0,0.26666666666666666,0.01508083830450055,0.02716231261088218,5.130800771300825,nan,nan,nan,nan,nan,nan,0.00018357318368200648,-0.0016803744868170156,-0.0005279817081143001,0.4927082574428089,0.753269639004807,0.2817999330977215
244.75,0.0,79.0,24.0,0.3037974683544304,0.04925405271401303,0.15092481503061386,11.384795268377191,nan,nan,nan,nan,nan,nan,0.00018357318368200648,-0.0016803744868170156,-0.0005279817081143001,0.4927082574428089,0.753269639004807,0.2817999330977215
244.95,0.0,58.0,12.0,0.20689655172413793,0.06438498115502493,0.1154739372227936,12.825014000494253,nan,nan,nan,nan,nan,nan,0.00018357318368200648,-0.0016803744868170156,-0.0005279817081143001,0.4927082574428089,0.753269639004807,0.2817999330977215
245.15000000000003,0.0,89.0,37.0,0.4157303370786517,0.18608352759226393,0.34897677182849113,9.822782577345132,nan,nan,nan,nan,nan,nan,0.00018357318368200648,-0.0016803744868170156,-0.0005279817081143001,0.4927082574428089,0.753269639004807,0.2817999330977215
245.35000000000002,0.0,72.0,41.0,0.5694444444444444,0.2295629335777917,0.3278445010372625,9.073375495181086,nan,nan,nan,nan,nan,nan,0.00018357318368200648,-0.0016803744868170156,-0.0005279817081143001,0.4927082574428089,0.753269639004807,0.2817999330977215
245.55,0.0,50.0,28.0,0.56,0.2510523674033482,0.3405290006432257,9.830919020456472,nan,nan,nan,nan,nan,nan,0.00018357318368200648,-0.0016803744868170156,-0.0005279817081143001,0.4927082574428089,0.753269639004807,0.2817999330977215
245.75,0.0,52.0,30.0,0.5769230769230769,0.2707580863020503,0.3485631577078801,5.921736104648442,nan,nan,nan,nan,nan,nan,0.00018357318368200648,-0.0016803744868170156,-0.0005279817081143001,0.4927082574428089,0.753269639004807,0.2817999330977215
245.95,0.0,27.0,22.0,0.8148148148148148,0.2612077833943974,0.31506804658003773,6.873086429757359,nan,nan,nan,nan,nan,nan,0.00018357318368200648,-0.0016803744868170156,-0.0005279817081143001,0.4927082574428089,0.753269639004807,0.2817999330977215
246.15000000000003,0.0,20.0,18.0,0.9,0.2805944555840598,0.33877453789297834,8.025782637709266,nan,nan,nan,nan,nan,nan,0.00018357318368200648,-0.0016803744868170156,-0.0005279817081143001,0.4927082574428089,0.753269639004807,0.2817999330977215
246.35000000000002,0.0,28.0,28.0,1.0,0.26966797968610845,0.342158094448439,9.002508214604463,nan,nan,nan,nan,nan,nan,0.00018357318368200648,-0.0016803744868170156,-0.0005279817081143001,0.4927082574428089,0.753269639004807,0.2817999330977215
246.55,0.0,14.0,14.0,1.0,0.2615023844843734,0.3069867754691402,7.171600978371882,nan,nan,nan,nan,nan,nan,0.00018357318368200648,-0.0016803744868170156,-0.0005279817081143001,0.4927082574428089,0.753269639004807,0.2817999330977215
247.15000000000003,0.0,19.0,16.0,0.8421052631578947,0.08403957974729384,0.18876318397568764,16.004786686397374,nan,nan,nan,nan,nan,nan,0.00018357318368200648,-0.0016803744868170156,-0.0005279817081143001,0.4927082574428089,0.753269639004807,0.2817999330977215
247.35000000000002,0.0,25.0,25.0,1.0,0.11341110557467497,0.1582696045287457,12.132038101695292,nan,nan,nan,nan,nan,nan,0.00018357318368200648,-0.0016803744868170156,-0.0005279817081143001,0.4927082574428089,0.753269639004807,0.2817999330977215
247.65000000000003,0.0,34.0,25.0,0.7352941176470589,0.06912309878325029,0.13925872416976534,10.279692562647218,nan,nan,nan,nan,nan,nan,0.00018357318368200648,-0.0016803744868170156,-0.0005279817081143001,0.4927082574428089,0.753269639004807,0.2817999330977215
247.73000000000002,0.0,32.0,32.0,1.0,0.060831392407801645,0.12014865971509464,8.717214635447274,nan,nan,nan,nan,nan,nan,0.00018357318368200648,-0.0016803744868170156,-0.0005279817081143001,0.4927082574428089,0.753269639004807,0.2817999330977215
247.93,0.0,21.0,18.0,0.8571428571428571,0.038794083792346196,0.08539942174522229,6.743997312494385,nan,nan,nan,nan,nan,nan,0.00018357318368200648,-0.0016803744868170156,-0.0005279817081143001,0.4927082574428089,0.753269639004807,0.2817999330977215
248.13,0.0,29.0,23.0,0.7931034482758621,0.023262858834618143,0.04696839289452667,7.444074174203594,nan,nan,nan,nan,nan,nan,0.00018357318368200648,-0.0016803744868170156,-0.0005279817081143001,0.4927082574428089,0.753269639004807,0.2817999330977215
248.39,0.0,20.0,15.0,0.75,0.03121258354688641,0.05520307833901234,5.315459997557829,nan,nan,nan,nan,nan,nan,0.00018357318368200648,-0.0016803744868170156,-0.0005279817081143001,0.4927082574428089,0.753269639004807,0.2817999330977215
248.53000000000003,0.0,18.0,14.0,0.7777777777777778,0.020636351255149902,0.03256401639646084,3.4983192053970584,nan,nan,nan,nan,nan,nan,0.00018357318368200648,-0.0016803744868170156,-0.0005279817081143001,0.4927082574428089,0.753269639004807,0.2817999330977215
248.79000000000002,0.0,20.0,14.0,0.7,0.024192017761245705,0.03845023590432738,3.9047981535914436,nan,nan,nan,nan,nan,nan,0.00018357318368200648,-0.0016803744868170156,-0.0005279817081143001,0.4927082574428089,0.753269639004807,0.2817999330977215
248.93,0.0,56.0,39.0,0.6964285714285714,0.03825180700092042,0.10504492197997777,6.971764021208909,nan,nan,nan,nan,nan,nan,0.00018357318368200648,-0.0016803744868170156,-0.0005279817081143001,0.4927082574428089,0.753269639004807,0.2817999330977215
249.13,0.0,64.0,48.0,0.75,0.02712236498958721,0.10844881522776624,7.712984416144571,nan,nan,nan,nan,nan,nan,0.00018357318368200648,-0.0016803744868170156,-0.0005279817081143001,0.4927082574428089,0.753269639004807,0.2817999330977215
249.32999999999998,0.0,79.0,50.0,0.6329113924050633,0.04943048130567886,0.1337648959283462,5.9174916513171105,nan,nan,nan,nan,nan,nan,0.00018357318368200648,-0.0016803744868170156,-0.0005279817081143001,0.4927082574428089,0.753269639004807,0.2817999330977215
249.53000000000003,0.0,78.0,68.0,0.8717948717948718,0.08313495705462191,0.19885804569649654,7.8375101257033055,nan,nan,nan,nan,nan,nan,0.00018357318368200648,-0.0016803744868170156,-0.0005279817081143001,0.4927082574428089,0.753269639004807,0.2817999330977215
249.99,0.0,66.0,50.0,0.7575757575757576,0.0941613890528751,0.20587971754950982,10.326361350945703,nan,nan,nan,nan,nan,nan,0.00018357318368200648,-0.0016803744868170156,-0.0005279817081143001,0.4927082574428089,0.753269639004807,0.2817999330977215
250.13,0.0,54.0,33.0,0.6111111111111112,0.1464080984861984,0.1948634031030331,4.759672286582288,nan,nan,nan,nan,nan,nan,0.00018357318368200648,-0.0016803744868170156,-0.0005279817081143001,0.4927082574428089,0.753269639004807,0.2817999330977215
250.45,0.0,44.0,31.0,0.7045454545454546,0.13831161055233185,0.17015754637179986,2.6834150677987765,nan,nan,nan,nan,nan,nan,0.00018357318368200648,-0.0016803744868170156,-0.0005279817081143001,0.4927082574428089,0.753269639004807,0.2817999330977215
250.59000000000003,0.0,21.0,17.0,0.8095238095238095,0.15826664203865953,0.18050161938186277,2.518348260782233,nan,nan,nan,nan,nan,nan,0.00018357318368200648,-0.0016803744868170156,-0.0005279817081143001,0.4927082574428089,0.753269639004807,0.2817999330977215
250.73000000000002,0.0,22.0,13.0,0.5909090909090909,0.18516116247140096,0.20460843396616968,3.0421087664263116,nan,nan,nan,nan,nan,nan,0.00018357318368200648,-0.0016803744868170156,-0.0005279817081143001,0.4927082574428089,0.753269639004807,0.2817999330977215
250.93,0.0,13.0,10.0,0.7692307692307693,0.14767285615944367,0.16173088435994012,4.163578664292286,nan,nan,nan,nan,nan,nan,0.00018357318368200648,-0.0016803744868170156,-0.0005279817081143001,0.4927082574428089,0.753269639004807,0.2817999330977215
251.29000000000002,0.0,15.0,5.0,0.3333333333333333,0.3001765715627837,0.30614085849109984,2.096198939764255,nan,nan,nan,nan,nan,nan,0.00018357318368200648,-0.0016803744868170156,-0.0005279817081143001,0.4927082574428089,0.753269639004807,0.2817999330977215
251.49,0.0,21.0,3.0,0.14285714285714285,0.3113720817522909,0.31453158884082877,0.9912400397451321,nan,nan,nan,nan,nan,nan,0.00018357318368200648,-0.0016803744868170156,-0.0005279817081143001,0.4927082574428089,0.753269639004807,0.2817999330977215
251.69,0.0,18.0,2.0,0.1111111111111111,0.3094444820453459,0.3141793959749565,2.958026923506556,nan,nan,nan,nan,nan,nan,0.00018357318368200648,-0.0016803744868170156,-0.0005279817081143001,0.4927082574428089,0.753269639004807,0.2817999330977215
251.89,0.0,14.0,3.0,0.21428571428571427,0.09077174882928714,0.09739774385652179,3.8016101836526466,nan,nan,nan,nan,nan,nan,0.00018357318368200648,-0.0016803744868170156,-0.0005279817081143001,0.4927082574428089,0.753269639004807,0.2817999330977215
252.15000000000003,0.0,15.0,6.0,0.4,0.07795278523839105,0.09878276245204932,8.2140224300301,nan,nan,nan,nan,nan,nan,0.00018357318368200648,-0.0016803744868170156,-0.0005279817081143001,0.4927082574428089,0.753269639004807,0.2817999330977215
252.49,0.0,14.0,14.0,1.0,0.020451653626894894,0.04596139591319809,8.545303588729627,nan,nan,nan,nan,nan,nan,0.00018357318368200648,-0.0016803744868170156,-0.0005279817081143001,0.4927082574428089,0.753269639004807,0.2817999330977215
253.29000000000002,0.0,12.0,12.0,1.0,0.012840698395789552,0.025900685733045666,2.541254223858616,nan,nan,nan,nan,nan,nan,0.00018357318368200648,-0.0016803744868170156,-0.0005279817081143001,0.4927082574428089,0.753269639004807,0.2817999330977215
253.49,0.0,32.0,32.0,1.0,0.023334067518867182,0.09620999454149289,0.8361009642954498,nan,nan,nan,nan,nan,nan,0.00018357318368200648,-0.0016803744868170156,-0.0005279817081143001,0.4927082574428089,0.753269639004807,0.2817999330977215
253.69,0.0,42.0,42.0,1.0,0.02231938878415488,0.09212916433581375,0.9245128744685007,nan,nan,nan,nan,nan,nan,0.00018357318368200648,-0.0016803744868170156,-0.0005279817081143001,0.4927082574428089,0.753269639004807,0.2817999330977215
253.89,1.0,34.0,34.0,1.0,0.024655570891871013,0.10946781175890842,0.9362945454819187,0.05242688939601907,-0.07634272973988927,0.008404375897729856,-1.4060808137864853,0.13175849571376708,-0.42535541495626056,0.020195183864224475,0.04972166126745621,-0.0004044403057946177,0.9953808210555665,0.9940166239787714,0.861427167108158
254.15000000000003,1.0,30.0,30.0,1.0,0.02587857369060222,0.10467224182628333,1.7730194865386903,0.04882604159571046,-0.08258933659353486,0.009093178090375426,-1.2759134811701636,0.10009662429066213,-0.24759316864884442,-0.009579201778113777,-0.0001960962800713617,-0.0005643579202298243,0.6760833632153521,0.8126375785486297,0.5009732583765838
254.25,0.0,34.0,34.0,1.0,0.029861410764971588,0.09396077822634727,0.8634319076268125,nan,nan,nan,nan,nan,nan,-0.009579201778113777,-0.0001960962800713617,-0.0005643579202298243,0.6760833632153521,0.8126375785486297,0.5009732583765838
254.45,0.0,32.0,32.0,1.0,0.02354713385124113,0.10354757164474007,1.4454371297151776,nan,nan,nan,nan,nan,nan,-0.009579201778113777,-0.0001960962800713617,-0.0005643579202298243,0.6760833632153521,0.8126375785486297,0.5009732583765838
254.63,1.0,23.0,23.0,1.0,0.0381285142481387,0.1072634671186241,1.4685410985532439,0.017706226154888222,0.025600061423556527,0.008778800504063987,-1.0239041761326624,0.05108478848411795,-0.10255839000527357,-0.013248351643105671,-0.02933300978728847,-0.00019032277381887674,0.6641079295163176,0.8609910904633334,0.39977469782001773
254.93,1.0,18.0,18.0,1.0,0.02887184043858366,0.10133111231137068,4.779836334589986,0.029002832900850227,0.014894015530257541,0.008420789423068502,-0.8568773392257749,0.05407690596636364,-0.06545515685218639,-0.003403140962501938,0.00783605878794684,0.0009135400899733803,0.5485890829347052,0.7798935708931867,0.3110776847884893
255.05,1.0,37.0,35.0,0.9459459459459459,0.02986937628984464,0.1000249112810364,0.6310069057418952,0.011956759291938351,0.054821102216335967,0.009995881924944364,-0.7934744948297079,0.03330237402021598,-0.05570174678016171,-0.002923186867877514,-0.015195531440887311,0.00036839218527731643,0.5948758769701955,0.7700800196469932,0.3945934979186411
255.32999999999998,1.0,18.0,18.0,1.0,0.02137211769061615,0.06869663361219036,2.289959471139063,0.02257049381849184,0.03861373790896809,0.005209146526285165,-0.6404036980866695,0.046205878715767354,-0.04071411522847734,-0.0007595119760646085,0.007240582635157117,0.0005915795300394516,0.4963001737912045,0.7666008296142974,0.26091321101684073
255.53000000000003,1.0,17.0,17.0,1.0,0.01575152435178059,0.02935247246815731,3.0593732552735786,0.017085436217554793,0.04261172179151734,0.006573480099697495,-0.5303374091234047,0.038889804975962505,-0.03521775007530703,-0.0007916054999470568,-0.003753665669292479,0.0002572486162082735,0.4754376593395455,0.7242435770207803,0.2507236876319721
255.73000000000002,1.0,18.0,17.0,0.9444444444444444,0.013716399137499242,0.034032960638788384,1.7656380660658073,0.01674471032870564,0.056074073764966495,0.005243837843379801,-0.42071299969097875,0.038265213066684144,-0.03288278805539679,-0.0004301867844723195,-0.0013376617811712704,0.000283613318543173,0.47725644774268555,0.7257741608317773,0.25311156382059197
255.93,1.0,30.0,30.0,1.0,0.01441047490871059,0.03228947652918341,2.7604479459343643,0.0061552200075514,0.07625731822083698,0.007610016193940713,-0.31319825947998026,0.026296745872039076,-0.03201028082276692,-0.000566524957433534,-0.01092269044705816,0.00024429923207024146,0.6174587039425126,0.8249126030571482,0.375782059011314
256.05,1.0,34.0,34.0,1.0,0.017854665629271262,0.031231056894467788,2.357369677393881,0.02583786000093808,0.06361695434337977,0.008104384633146212,-0.2459435700418336,0.04406560121047112,-0.031790167765333166,0.00048269256197217003,0.017789187716374378,0.0004032784065749265,0.5350672673877571,0.747106989948818,0.33369677524928404
256.33,1.0,37.0,37.0,1.0,0.015145045251935193,0.031058132379009968,1.719773136225529,0.04437986147444705,0.05035858715938841,0.0074384651218834495,-0.09415616284270208,0.06225321687498903,-0.031864080930259504,0.0006956558373563265,0.023014752610973604,-7.084643916466238e-05,0.6262987767280391,0.8576996395012503,0.3619309082026174
256.55,1.0,38.0,38.0,1.0,0.013029247323998969,0.03057686765964598,1.1066081418220648,0.06324791616652116,0.03752587766706903,0.0058088453115166,0.027050771994628305,0.08026711201553553,-0.03256701360797453,0.000737337137343707,0.022066772245572547,-0.0005032626322006156,0.6047571884697802,0.8287681036824741,0.35289839924212013
256.65000000000003,1.0,43.0,43.0,1.0,0.016146365027269228,0.033631746984444204,1.1979089354454302,0.05912884759651554,0.04048096735425261,0.0066948040661945415,0.079109952026685,0.07672715785959945,-0.03276888667771248,1.3238428345968556e-05,-0.00038067184774022433,-0.0007670153773897749,0.5041157488982522,0.7305978802668295,0.3038832069959907
256.93,1.0,42.0,42.0,1.0,0.013556280400874709,0.02788355943242709,0.8859461610410487,0.06965238689638496,0.03254091709135205,0.005014437739027031,0.23343987615024683,0.08744851450412372,-0.03337745439474915,0.0003963577090468351,0.010336312774210155,-0.0005282058562336087,0.622915386794948,0.8600669088710696,0.34970008660599866
257.05,1.0,45.0,45.0,1.0,0.012921603783080703,0.03321171561836264,0.8180470428616535,0.06795093093522397,0.03378822294198195,0.004983255548312113,0.29885846210795725,0.08641954814449901,-0.03380391542724583,4.193889697434727e-05,-0.0002899353449002662,-0.0005349723911870218,0.5272326728690122,0.750651605401859,0.3103461273623936
257.29,1.0,43.0,43.0,1.0,0.013968336262325558,0.02650300177343812,0.8099480301331944,0.06753431908497752,0.03588568385327773,0.004945907193283581,0.43010808420459823,0.08484165435916832,-0.034270094704840215,3.870860468851989e-05,-0.0005349424040506784,-0.00036413007907496603,0.6011906786237772,0.8436241355549824,0.3381444294281893
257.43,1.0,45.0,45.0,1.0,0.015311269939628315,0.039305267813353334,0.8321338040661828,0.07203089961383059,0.03133589886719686,0.004934982110452107,0.5072162526453307,0.08905976774596149,-0.034067658482014096,0.00015912540758677984,0.004394811976926746,-0.00023136855974646012,0.5399587908319134,0.7828069927177502,0.31280929215932607
257.63,1.0,44.0,43.0,0.9772727272727273,0.015047488757134686,0.03086515340132753,0.8221159933183857,0.07298113721345308,0.03152804964055311,0.004872319309043471,0.6157290785784076,0.08925470768351336,-0.0344241939432428,9.562512679173185e-05,0.0018783188963263225,-0.0002299232295090159,0.5755553663134043,0.8228458749951818,0.32434887331561374
257.83,1.0,41.0,33.0,0.8048780487804879,0.015248807600030449,0.04017950602949438,0.9908626481020457,0.0694339804756294,0.03488853328854487,0.0048998800136985125,0.7262340408847586,0.08538614959894077,-0.0344905850842334,-9.274825857052971e-05,-0.003232685819058098,-0.00018719930918499603,0.5831877760354934,0.8255074014359646,0.32952926045687
258.03000000000003,1.0,41.0,32.0,0.7804878048780488,0.013507819903785436,0.03069349597823767,1.0585563080285239,0.0726932310035682,0.03214044790318979,0.004979000157833083,0.8358803856462809,0.08776444166114862,-0.03452332391882653,0.00010273130618110304,0.0026874201352937582,-6.913916923335928e-05,0.5845130979896742,0.8265978724297204,0.3318439246643899
258.25,0.0,52.0,40.0,0.7692307692307693,0.21132073256484837,0.2678254032137623,5.5762367262959325,nan,nan,nan,nan,nan,nan,0.00010273130618110304,0.0026874201352937582,-6.913916923335928e-05,0.5845130979896742,0.8265978724297204,0.3318439246643899
258.43,0.0,60.0,47.0,0.7833333333333333,0.22215114368661992,0.34834974954141507,5.800589388295185,nan,nan,nan,nan,nan,nan,0.00010273130618110304,0.0026874201352937582,-6.913916923335928e-05,0.5845130979896742,0.8265978724297204,0.3318439246643899
258.63,0.0,70.0,55.0,0.7857142857142857,0.2277103804930159,0.3491715433987059,8.806998965672165,nan,nan,nan,nan,nan,nan,0.00010273130618110304,0.0026874201352937582,-6.913916923335928e-05,0.5845130979896742,0.8265978724297204,0.3318439246643899
258.83,0.0,59.0,40.0,0.6779661016949152,0.23951443475896644,0.3352103602080434,6.561877927016093,nan,nan,nan,nan,nan,nan,0.00010273130618110304,0.0026874201352937582,-6.913916923335928e-05,0.5845130979896742,0.8265978724297204,0.3318439246643899
259.03000000000003,0.0,62.0,52.0,0.8387096774193549,0.22754324124668693,0.3469514424179974,7.231378698999588,nan,nan,nan,nan,nan,nan,0.00010273130618110304,0.0026874201352937582,-6.913916923335928e-05,0.5845130979896742,0.8265978724297204,0.3318439246643899
259.23,0.0,62.0,54.0,0.8709677419354839,0.23676705307434642,0.34995505278943245,7.416748963577793,nan,nan,nan,nan,nan,nan,0.00010273130618110304,0.0026874201352937582,-6.913916923335928e-05,0.5845130979896742,0.8265978724297204,0.3318439246643899
259.43,0.0,49.0,37.0,0.7551020408163265,0.2329707766877921,0.3248699713304895,6.599881877677804,nan,nan,nan,nan,nan,nan,0.00010273130618110304,0.0026874201352937582,-6.913916923335928e-05,0.5845130979896742,0.8265978724297204,0.3318439246643899
259.63,0.0,50.0,41.0,0.82,0.22656393740546077,0.3071007662173901,6.495591463530257,nan,nan,nan,nan,nan,nan,0.00010273130618110304,0.0026874201352937582,-6.913916923335928e-05,0.5845130979896742,0.8265978724297204,0.3318439246643899
259.95,0.0,49.0,35.0,0.7142857142857143,0.22702638297825045,0.3122898181106422,6.88297179203335,nan,nan,nan,nan,nan,nan,0.00010273130618110304,0.0026874201352937582,-6.913916923335928e-05,0.5845130979896742,0.8265978724297204,0.3318439246643899
260.05,0.0,50.0,35.0,0.7,0.22766447166592588,0.31458946327408654,6.426636730842843,nan,nan,nan,nan,nan,nan,0.00010273130618110304,0.0026874201352937582,-6.913916923335928e-05,0.5845130979896742,0.8265978724297204,0.3318439246643899
260.23,0.0,53.0,38.0,0.7169811320754716,0.22517184758443742,0.3144362037439443,6.157976560961702,nan,nan,nan,nan,nan,nan,0.00010273130618110304,0.0026874201352937582,-6.913916923335928e-05,0.5845130979896742,0.8265978724297204,0.3318439246643899
260.39,0.0,51.0,36.0,0.7058823529411765,0.22523281483787116,0.31864111528800704,6.888488981828766,nan,nan,nan,nan,nan,nan,0.00010273130618110304,0.0026874201352937582,-6.913916923335928e-05,0.5845130979896742,0.8265978724297204,0.3318439246643899
260.59000000000003,0.0,52.0,37.0,0.7115384615384616,0.22636896728179481,0.31916216348024984,6.530850754316781,nan,nan,nan,nan,nan,nan,0.00010273130618110304,0.0026874201352937582,-6.913916923335928e-05,0.5845130979896742,0.8265978724297204,0.3318439246643899
260.83,0.0,50.0,41.0,0.82,0.22715156482670804,0.31077510224147725,7.063922511797547,nan,nan,nan,nan,nan,nan,0.00010273130618110304,0.0026874201352937582,-6.913916923335928e-05,0.5845130979896742,0.8265978724297204,0.3318439246643899
260.99,0.0,49.0,37.0,0.7551020408163265,0.22812172555491878,0.31891709259724116,6.749401713880005,nan,nan,nan,nan,nan,nan,0.00010273130618110304,0.0026874201352937582,-6.913916923335928e-05,0.5845130979896742,0.8265978724297204,0.3318439246643899
261.19,0.0,51.0,39.0,0.7647058823529411,0.22816352687018324,0.31537914112624293,5.645740225792218,nan,nan,nan,nan,nan,nan,0.00010273130618110304,0.0026874201352937582,-6.913916923335928e-05,0.5845130979896742,0.8265978724297204,0.3318439246643899
261.39,0.0,49.0,38.0,0.7755102040816326,0.2270462664303229,0.30995664626593367,6.070386604858445,nan,nan,nan,nan,nan,nan,0.00010273130618110304,0.0026874201352937582,-6.913916923335928e-05,0.5845130979896742,0.8265978724297204,0.3318439246643899
261.59000000000003,0.0,49.0,37.0,0.7551020408163265,0.22760120121649927,0.3181300379125023,6.6488557772656,nan,nan,nan,nan,nan,nan,0.00010273130618110304,0.0026874201352937582,-6.913916923335928e-05,0.5845130979896742,0.8265978724297204,0.3318439246643899
261.79,0.0,51.0,38.0,0.7450980392156863,0.22855283873341947,0.31724029134680914,6.317769214127257,nan,nan,nan,nan,nan,nan,0.00010273130618110304,0.0026874201352937582,-6.913916923335928e-05,0.5845130979896742,0.8265978724297204,0.3318439246643899
262.33,0.0,49.0,36.0,0.7346938775510204,0.2291282984732858,0.31810684751719837,6.309495567188442,nan,nan,nan,nan,nan,nan,0.00010273130618110304,0.0026874201352937582,-6.913916923335928e-05,0.5845130979896742,0.8265978724297204,0.3318439246643899
262.45,0.0,52.0,39.0,0.75,0.22332851756449648,0.3075153615285204,6.426973210348391,nan,nan,nan,nan,nan,nan,0.00010273130618110304,0.0026874201352937582,-6.913916923335928e-05,0.5845130979896742,0.8265978724297204,0.3318439246643899
262.59000000000003,0.0,49.0,37.0,0.7551020408163265,0.22625185823356533,0.3049704315737642,6.602331576853375,nan,nan,nan,nan,nan,nan,0.00010273130618110304,0.0026874201352937582,-6.913916923335928e-05,0.5845130979896742,0.8265978724297204,0.3318439246643899
262.93,0.0,51.0,38.0,0.7450980392156863,0.2275792783822743,0.3178007263576035,6.640821093785518,nan,nan,nan,nan,nan,nan,0.00010273130618110304,0.0026874201352937582,-6.913916923335928e-05,0.5845130979896742,0.8265978724297204,0.3318439246643899
262.95,0.0,51.0,39.0,0.7647058823529411,0.2251204759493814,0.3142637743919145,6.3611581685331,nan,nan,nan,nan,nan,nan,0.00010273130618110304,0.0026874201352937582,-6.913916923335928e-05,0.5845130979896742,0.8265978724297204,0.3318439246643899
263.15000000000003,0.0,51.0,39.0,0.7647058823529411,0.225390984246319,0.31466407888488834,6.36503398193619,nan,nan,nan,nan,nan,nan,0.00010273130618110304,0.0026874201352937582,-6.913916923335928e-05,0.5845130979896742,0.8265978724297204,0.3318439246643899
263.35,0.0,48.0,36.0,0.75,0.22650914481423762,0.3152110250600073,6.009545907047513,nan,nan,nan,nan,nan,nan,0.00010273130618110304,0.0026874201352937582,-6.913916923335928e-05,0.5845130979896742,0.8265978724297204,0.3318439246643899
263.55,0.0,51.0,38.0,0.7450980392156863,0.2262582081610925,0.3161106996725414,6.566108225686683,nan,nan,nan,nan,nan,nan,0.00010273130618110304,0.0026874201352937582,-6.913916923335928e-05,0.5845130979896742,0.8265978724297204,0.3318439246643899
263.83,0.0,52.0,39.0,0.75,0.22529574787938791,0.3145769992980577,5.362191740846954,nan,nan,nan,nan,nan,nan,0.00010273130618110304,0.0026874201352937582,-6.913916923335928e-05,0.5845130979896742,0.8265978724297204,0.3318439246643899
263.95,0.0,49.0,37.0,0.7551020408163265,0.22405272331903373,0.30378670459787094,6.7361641809092205,nan,nan,nan,nan,nan,nan,0.00010273130618110304,0.0026874201352937582,-6.913916923335928e-05,0.5845130979896742,0.8265978724297204,0.3318439246643899
264.15000000000003,0.0,51.0,39.0,0.7647058823529411,0.22463528512577918,0.31385225846079084,6.414673868185034,nan,nan,nan,nan,nan,nan,0.00010273130618110304,0.0026874201352937582,-6.913916923335928e-05,0.5845130979896742,0.8265978724297204,0.3318439246643899
264.35,0.0,52.0,40.0,0.7692307692307693,0.2228197198598652,0.31081329534566,5.979134971815906,nan,nan,nan,nan,nan,nan,0.00010273130618110304,0.0026874201352937582,-6.913916923335928e-05,0.5845130979896742,0.8265978724297204,0.3318439246643899
264.55,0.0,50.0,37.0,0.74,0.226306685770519,0.3165775551505753,6.581028617165056,nan,nan,nan,nan,nan,nan,0.00010273130618110304,0.0026874201352937582,-6.913916923335928e-05,0.5845130979896742,0.8265978724297204,0.3318439246643899
264.75,0.0,49.0,36.0,0.7346938775510204,0.22875258291734704,0.3122470369539787,5.790421951021931,nan,nan,nan,nan,nan,nan,0.00010273130618110304,0.0026874201352937582,-6.913916923335928e-05,0.5845130979896742,0.8265978724297204,0.3318439246643899
265.03000000000003,0.0,50.0,38.0,0.76,0.22461686890155702,0.3123825362989209,6.004267142812576,nan,nan,nan,nan,nan,nan,0.00010273130618110304,0.0026874201352937582,-6.913916923335928e-05,0.5845130979896742,0.8265978724297204,0.3318439246643899
265.15000000000003,0.0,48.0,36.0,0.75,0.2252457561959569,0.3135594683914752,5.9667891814185765,nan,nan,nan,nan,nan,nan,0.00010273130618110304,0.0026874201352937582,-6.913916923335928e-05,0.5845130979896742,0.8265978724297204,0.3318439246643899
265.35,0.0,51.0,39.0,0.7647058823529411,0.22148347372648716,0.3102326045546716,6.521636911045553,nan,nan,nan,nan,nan,nan,0.00010273130618110304,0.0026874201352937582,-6.913916923335928e-05,0.5845130979896742,0.8265978724297204,0.3318439246643899
265.53000000000003,0.0,50.0,37.0,0.74,0.22798669845359792,0.31284672279174014,6.2445533311134565,nan,nan,nan,nan,nan,nan,0.00010273130618110304,0.0026874201352937582,-6.913916923335928e-05,0.5845130979896742,0.8265978724297204,0.3318439246643899
265.75,0.0,49.0,36.0,0.7346938775510204,0.22602290634343353,0.3144615788371649,5.9434733429036335,nan,nan,nan,nan,nan,nan,0.00010273130618110304,0.0026874201352937582,-6.913916923335928e-05,0.5845130979896742,0.8265978724297204,0.3318439246643899
266.03000000000003,0.0,49.0,37.0,0.7551020408163265,0.22639491840365333,0.3180832572715233,6.571566825710063,nan,nan,nan,nan,nan,nan,0.00010273130618110304,0.0026874201352937582,-6.913916923335928e-05,0.5845130979896742,0.8265978724297204,0.3318439246643899
266.15000000000003,0.0,47.0,36.0,0.7659574468085106,0.22682854944103786,0.30613058899504647,7.034175100062707,nan,nan,nan,nan,nan,nan,0.00010273130618110304,0.0026874201352937582,-6.913916923335928e-05,0.5845130979896742,0.8265978724297204,0.3318439246643899
266.43,0.0,49.0,38.0,0.7755102040816326,0.22548114948894601,0.3050537389447814,6.994719536128955,nan,nan,nan,nan,nan,nan,0.00010273130618110304,0.0026874201352937582,-6.913916923335928e-05,0.5845130979896742,0.8265978724297204,0.3318439246643899
266.55,0.0,48.0,36.0,0.75,0.22864097300308148,0.3196519772117805,6.300465913587434,nan,nan,nan,nan,nan,nan,0.00010273130618110304,0.0026874201352937582,-6.913916923335928e-05,0.5845130979896742,0.8265978724297204,0.3318439246643899
266.73,0.0,48.0,36.0,0.75,0.22407058252552636,0.3048033661588311,6.2237835605823335,nan,nan,nan,nan,nan,nan,0.00010273130618110304,0.0026874201352937582,-6.913916923335928e-05,0.5845130979896742,0.8265978724297204,0.3318439246643899
267.09000000000003,0.0,50.0,38.0,0.76,0.22356754081258673,0.312386449390727,6.2629634997936225,nan,nan,nan,nan,nan,nan,0.00010273130618110304,0.0026874201352937582,-6.913916923335928e-05,0.5845130979896742,0.8265978724297204,0.3318439246643899
267.13,0.0,48.0,36.0,0.75,0.22355497747629002,0.3114327449341337,6.2441006744086485,nan,nan,nan,nan,nan,nan,0.00010273130618110304,0.0026874201352937582,-6.913916923335928e-05,0.5845130979896742,0.8265978724297204,0.3318439246643899
267.35,0.0,51.0,38.0,0.7450980392156863,0.2246225294754717,0.31233667682048366,6.520666054913217,nan,nan,nan,nan,nan,nan,0.00010273130618110304,0.0026874201352937582,-6.913916923335928e-05,0.5845130979896742,0.8265978724297204,0.3318439246643899
267.57,0.0,47.0,34.0,0.723404255319149,0.22864081516788487,0.31748127198587917,5.271399878403404,nan,nan,nan,nan,nan,nan,0.00010273130618110304,0.0026874201352937582,-6.913916923335928e-05,0.5845130979896742,0.8265978724297204,0.3318439246643899
267.75,0.0,49.0,37.0,0.7551020408163265,0.22385754039183312,0.3028287858193643,6.795958891213934,nan,nan,nan,nan,nan,nan,0.00010273130618110304,0.0026874201352937582,-6.913916923335928e-05,0.5845130979896742,0.8265978724297204,0.3318439246643899
267.93,0.0,49.0,37.0,0.7551020408163265,0.22428917450615848,0.31472213010088784,6.692518508045642,nan,nan,nan,nan,nan,nan,0.00010273130618110304,0.0026874201352937582,-6.913916923335928e-05,0.5845130979896742,0.8265978724297204,0.3318439246643899
268.33,0.0,49.0,37.0,0.7551020408163265,0.2259127224555026,0.3167184099571663,6.696396103298018,nan,nan,nan,nan,nan,nan,0.00010273130618110304,0.0026874201352937582,-6.913916923335928e-05,0.5845130979896742,0.8265978724297204,0.3318439246643899
268.37,0.0,49.0,37.0,0.7551020408163265,0.22254596777678826,0.3085286614474057,6.27012759972297,nan,nan,nan,nan,nan,nan,0.00010273130618110304,0.0026874201352937582,-6.913916923335928e-05,0.5845130979896742,0.8265978724297204,0.3318439246643899
268.53000000000003,0.0,51.0,38.0,0.7450980392156863,0.22479382992466523,0.3080793321781683,6.417343081917409,nan,nan,nan,nan,nan,nan,0.00010273130618110304,0.0026874201352937582,-6.913916923335928e-05,0.5845130979896742,0.8265978724297204,0.3318439246643899
268.93,0.0,49.0,37.0,0.7551020408163265,0.22430211799287608,0.3147366918159521,6.721093130656763,nan,nan,nan,nan,nan,nan,0.00010273130618110304,0.0026874201352937582,-6.913916923335928e-05,0.5845130979896742,0.8265978724297204,0.3318439246643899
