time_sec,success,candidate_count,match_count,keep_ratio,mean_match_distance_m,max_match_distance_m,mean_tangent_angle_deg,lateral_m,yaw_correction_rad,rms_error_m,measured_x,measured_y,measured_yaw,innovation_x,innovation_y,innovation_yaw,gain_x,gain_y,gain_yaw
0.04999999999999716,1.0,14.0,14.0,1.0,0.015473668604116256,0.031684341766198915,0.10694824482409476,0.06877413265446464,-0.001603359973837337,6.501482645363305e-05,-0.002263564144041729,0.0723268230860125,-0.000803917780599539,-5.4980937590854394e-05,0.0687741106774228,-0.001603359973837337,0.41176510769299823,0.4174995577717326,0.9963172162075561
0.22999999999999687,1.0,14.0,14.0,1.0,0.015497222239815587,0.03151946921467078,0.10698548526680626,0.06709594140729418,-0.0014120084382765552,6.569424817596514e-05,-0.0024284351025320935,0.07232815080351843,-0.0008049858931876242,-2.0444453951677568e-05,0.03838238321455827,0.0001982969339963704,0.4230929977162385,0.5081127259121235,0.5151815741080324
0.4299999999999997,1.0,15.0,15.0,1.0,0.014070052234184524,0.03438750789795235,1.1560961659148232,0.061338051728771915,0.0037131559296860166,0.0024032130338165667,0.00043546268154251433,0.06605801445269116,0.0042468145434565435,-5.856551813744105e-06,0.013126254419327313,0.005227114521119662,0.4561501884887507,0.5591326699135906,0.38685063888145993
0.8299999999999983,1.0,15.0,15.0,1.0,0.01540825376518115,0.03112373695759847,0.12236985144002423,0.06886012986391157,-0.0016280269159548867,6.694357371470145e-05,-0.0028241825346492543,0.07231016496814835,-0.0007874430569926464,-2.990671167511739e-05,0.013308392803868876,-0.0021537973275270092,0.5496761894872797,0.6654951220138984,0.3526435956705765
1.2299999999999969,1.0,15.0,15.0,1.0,0.015432443966029592,0.03148660297985493,0.09991703493319816,0.06777091231178996,-0.0018114438563562754,6.361410138226248e-05,-0.0024613035735565,0.07232640451832417,-0.0008038686766666406,-2.2712417230411498e-05,0.0033621639290740274,-0.001569813645693375,0.5684712639535533,0.6778851847323325,0.33798431704436277
1.4299999999999997,1.0,15.0,15.0,1.0,0.015567613098034816,0.03351417922385182,0.09946883442672999,0.06811083755643044,-0.001822230613768671,5.572249151907849e-05,-0.0004337395129135898,0.07231024588424295,-0.0007908415004744141,-1.1347479680347944e-05,0.0014245102964137724,-0.0010501573225190778,0.48820339936630236,0.5836324804906549,0.2942492702733526
1.8500000000000014,1.0,15.0,15.0,1.0,0.015268705404962332,0.02985921453250348,0.1591735141872445,0.06720077915998125,-0.0017419748359635092,4.656817494289091e-05,-0.004088561114724285,0.07253227953863785,-0.0009817185643212858,1.2197201631546778e-05,-0.00032064341104524885,-0.0006619082183167414,0.5639894105834039,0.6751505635113939,0.3150861959517765
2.030000000000001,1.0,15.0,15.0,1.0,0.015406437114619202,0.0310964752998834,0.1000040195002136,0.06695057569172723,-0.001795857514709027,6.517779254039664e-05,-0.0028514289002593935,0.07232951407924638,-0.0008063756261882555,-9.97418362571733e-06,-0.00035289888284648074,-0.0005074271959191023,0.4760485247833585,0.57165746375088,0.2785714955518839
2.4299999999999997,1.0,15.0,15.0,1.0,0.015394778836607751,0.030921583400395164,0.10004206154968813,0.06777412725816465,-0.0017550747583675197,6.588282069445154e-05,-0.0030263197290355606,0.07233090805114367,-0.0008074994497862699,-2.0401257578806994e-06,0.000672171977815425,-0.0003252210978447862,0.554944128870102,0.6688007415928499,0.3038471570900107
3.270000000000003,1.0,14.0,14.0,1.0,0.015424110271895853,0.03203124581840147,0.10687833230283904,0.06784324267044749,-0.0009617037183769292,6.359326438647884e-05,-0.001916660360967968,0.07232404447087283,-0.0008016824592845049,5.256470834192782e-05,0.0002933771953709807,0.0005670018805611261,0.6687747851328184,0.774868120312403,0.3722788753640147
4.589999999999996,1.0,15.0,15.0,1.0,0.015387927749012426,0.030818801980370996,0.1000705263884551,0.06781144749288044,-0.00033222684571826037,6.629807930582488e-05,-0.0031290970749673808,0.0723317453487077,-0.0008081745347168729,6.0444053049785694e-05,3.253861218545373e-05,0.000985317563519076,0.7645415676214998,0.8474912985095291,0.47914555101279743
5.189999999999998,1.0,15.0,15.0,1.0,0.015605718163052774,0.034085743802979324,0.12229441100332901,0.07019491421002841,-0.0014183624933419281,5.442454844134961e-05,0.0001378117301537376,0.07229268324836347,-0.0007744456276388413,-6.120904363346682e-05,0.002391338546867461,-0.0005729213352830522,0.6572578245032012,0.7506446712340983,0.41724366974907123
5.950000000000003,1.0,13.0,13.0,1.0,0.016912067882039212,0.03327685401781111,0.2964974304263385,0.06986915585746532,-0.003167286733955831,0.00031712960061652383,-0.0006715718350173553,0.07334413240123325,-0.0016204366744976262,-8.534433876999556e-05,0.0002698019651350275,-0.0020845099122359352,0.6470951661460866,0.7508498680109094,0.3833292980403228
6.390000000000001,1.0,13.0,13.0,1.0,0.014974868546455945,0.025326858381080983,0.11172198568977637,0.0681663339372037,-0.002905659739555349,3.527855603480243e-05,0.01137891735249721,0.07229082340562942,-0.0007726251779607116,-6.881761483897367e-05,-0.0016128754950023305,-0.0010238701206737124,0.5796105162184982,0.6803880709963597,0.34803542529239584
6.549999999999997,1.0,14.0,14.0,1.0,0.01617110334971639,0.03180321639800095,0.25482703250586214,0.06773934716225022,-0.0031732616240418873,0.00015019468627142308,0.01424918955416708,0.07255620992868758,-0.0010190901338243165,-3.108266071357238e-05,-0.0009348586407234988,-0.0009295026859678358,0.47703854940988816,0.5590444675353401,0.30252678565212654
6.75,1.0,17.0,17.0,1.0,0.013666873404248615,0.03136027568784103,1.037227681584639,0.07560504935341338,-0.007606445659989285,0.006404287715602133,0.020213465047171805,0.08018575887754915,-0.0055322163786932065,-2.6670348428094875e-05,0.007469246897903986,-0.005079417094374916,0.5039883220931713,0.6001506248840407,0.3135708097605978
6.950000000000003,1.0,20.0,20.0,1.0,0.012042169060652103,0.026768814464720393,1.0185148066893477,0.06994768286584914,-0.0037438488038324487,0.0059911120565274804,0.02625195963999289,0.07517339479731548,-0.0015515567035307527,-1.2798982130603903e-05,-0.002641471756052796,0.00035545688456492574,0.5243932825828316,0.6244954636540176,0.32164551283657933
7.149999999999999,1.0,20.0,20.0,1.0,0.01518118000897333,0.025810076512901545,1.4572192217080324,0.10150894060641394,-0.025615374228842414,0.005035203987890448,0.031756816947471296,0.10606285782292625,-0.023626812068582415,-5.1391803302415495e-05,0.03059118649098047,-0.021623151105358177,0.5083682377556805,0.6128517677529648,0.2991794134588707
7.350000000000001,1.0,21.0,21.0,1.0,0.01552736555155683,0.030682578500298027,0.9372198145389287,0.06731253741111155,-0.0015310221501628534,0.005907141350878022,0.03665329321988207,0.07264116911918964,0.00054274363787834,2.459731042969704e-05,-0.02228573403192824,0.00885721330488194,0.5166616552649987,0.6228202713133472,0.2980769790159992
7.549999999999997,1.0,20.0,20.0,1.0,0.01399490934806479,0.036256124436438636,0.8714181326645568,0.07044883700922305,-0.0043896336069851665,0.004379922237914361,0.04230684616866011,0.07456942812151728,-0.0020157238694039382,1.1330852829768978e-05,-0.005231059213425385,0.0034027818684766566,0.5014895813278332,0.6102111517149928,0.28012916646849334
7.829999999999998,1.0,19.0,19.0,1.0,0.012896062700995442,0.03625449275189269,0.9784859653482023,0.06131086598007872,0.0023699883597068172,0.004248512797774316,0.04993271954850394,0.06597179664112553,0.005639705911840939,-2.8189681597089178e-05,-0.01112707229698516,0.00922057441998763,0.5355224719318654,0.6519671909058771,0.28881885177659405
7.950000000000003,1.0,18.0,18.0,1.0,0.014616912159216872,0.03211470750921541,0.4009051197553521,0.06800731677139638,-0.004669362512793433,0.00026133274770288856,0.053938589141057786,0.07300695332013755,-0.0014193358684129785,-2.8779939863943227e-05,0.002833404561132638,-0.00045464790554996474,0.43939195066580666,0.5290407904323825,0.24837708660806124
8.149999999999999,1.0,14.0,14.0,1.0,0.012870614005295987,0.03301355150263919,1.463383058045038,0.0677903658305835,-0.003620075214850723,0.00593793722659427,0.059299788789792654,0.07211909491358169,-9.675989262866941e-05,-3.1566947343013296e-05,0.0011409674323696745,0.0007015567527881691,0.41227785916956694,0.5224021717580866,0.2106476870334967
8.350000000000001,1.0,18.0,18.0,1.0,0.011186236196069203,0.03255132093157718,0.4727960380740349,0.06887810925026373,-0.004355303652208493,0.00524409880595987,0.06350273386539189,0.07212714185741521,-0.00019120734728906436,-6.217855417889329e-05,0.001649730512167144,-0.00018385716369038226,0.4980426451310494,0.607517022284358,0.26770136511408577
8.549999999999997,1.0,17.0,17.0,1.0,0.012179555997356414,0.02794169448460944,0.26114863437313207,0.06844367686832933,-0.004704190320016097,0.005392982669451646,0.0681142574290304,0.07238555092803309,-0.0003930331744036201,-4.245736197609762e-05,0.00023263474748477786,-0.0004867623360956425,0.4755687763101598,0.5835560362731734,0.2550090725810479
8.829999999999998,1.0,15.0,15.0,1.0,0.01355526166617324,0.027776205764890434,0.2833036922734297,0.06878011404060498,-0.005305323715665339,8.291297875642058e-05,0.07382830739690652,0.07231599148048219,-0.0008568914343896677,-3.1349341174879974e-05,0.00045840711087916097,-0.0009641828748261776,0.48899259824499586,0.607410082237074,0.25123347513427696
8.93,1.0,18.0,18.0,1.0,0.015195111628640798,0.026984312816645623,0.6086457971992522,0.05998720690510535,0.00325482614676474,0.006548988645503274,0.0794676521047245,0.0645361893477736,0.007269194984042979,4.458618712036011e-05,-0.008586637808276676,0.007837408145546442,0.4499600181455065,0.5386423695344766,0.2586223683043072
9.43,1.0,18.0,18.0,1.0,0.01057202707835946,0.025148121898672136,0.25901005410735856,0.06809414912719676,-0.004550665121070558,4.631780131802609e-05,0.09120018855196145,0.07225909817869026,-0.0008012475544013136,1.2099605553664294e-05,0.00416921946768424,-0.0019733839775929805,0.6157420206028851,0.7312769644574231,0.3313003320413847
9.530000000000001,1.0,16.0,16.0,1.0,0.011250144813884304,0.02977570351371772,0.15553367195265738,0.06814256407753229,-0.004605356880491153,6.175351541179654e-05,0.09582780397386621,0.07230628699925794,-0.0008559758785638092,5.015386659215637e-06,0.001185630513429764,-0.001386847412017768,0.4295131967609261,0.5096789589740786,0.2518254642220354
9.729999999999997,1.0,19.0,19.0,1.0,0.013520737606943523,0.033107527195662734,0.24657939308772342,0.06872169712367565,-0.004366676693563519,0.00011198729804052493,0.09915960931552768,0.072321311490647,-0.0008983806715128425,2.211681263226961e-05,0.0011735239200239833,-0.0008019729040739946,0.4995642429808359,0.6050000248166755,0.285222546627152
10.189999999999998,1.0,12.0,10.0,0.8333333333333334,0.01118485484854413,0.02657766648593978,0.33304666717955594,0.056698053386573556,0.009167081727046226,0.005771001290839582,0.10984500845330164,0.06112390878989243,0.012109648738116766,7.957961343128817e-05,-0.011519189264747702,0.012958301412087618,0.46038801420140835,0.5888975060699281,0.21331810934978881
10.329999999999998,1.0,15.0,13.0,0.8666666666666667,0.01377072377758792,0.02731065406135334,1.2921963165124943,0.03088502333736906,0.041180437837682965,0.004369724982800374,0.11421988464701452,0.03497914437274842,0.04423662610403431,0.00011656881815340359,-0.030554513371665898,0.042235927684559006,0.4537086134263489,0.5475390317196879,0.2453972474189181
10.530000000000001,1.0,16.0,14.0,0.875,0.013596822140195544,0.029527681789227902,1.4433307756723577,0.03138885803728689,0.04027163204119413,0.004710368322055946,0.11770736628464848,0.03679029945756794,0.04372691599570358,5.749932784346323e-05,-0.013387283515554162,0.031037475492544233,0.4589879510666661,0.5597339279020558,0.25258983163889187
10.93,1.0,18.0,18.0,1.0,0.00965235633338691,0.02770153682240649,0.7216672893000514,0.07171564011282733,-0.006712753375522547,0.00456275449333382,0.12840428730034367,0.0759693168962221,-0.003054983731647228,-0.00014946663884971012,0.03422862154965588,-0.023761981791319133,0.6024517635221014,0.7119438651944853,0.3395886059750502
11.130000000000003,1.0,13.0,13.0,1.0,0.009271345826000199,0.020527318593157665,0.11429617379249891,0.06710569679073729,-0.004661335435158936,5.107135540627558e-05,0.13552469185388288,0.07217470488908319,-0.0007754268413517171,2.2859010555847936e-05,0.005208684118654869,-0.013745649447558735,0.43476629733481015,0.5342281209384535,0.23877352234112936
11.329999999999998,1.0,13.0,13.0,1.0,0.009028432256271906,0.019122840790743154,0.2926346969817523,0.0680236169374897,-0.004716135714154049,8.124066973649573e-05,0.1369293305824599,0.07235898657817004,-0.0009405925006784306,1.8689994589982106e-05,0.0033487681327235563,-0.010533201236072879,0.434652870637952,0.5386998191488821,0.23500166387517984
11.530000000000001,1.0,17.0,17.0,1.0,0.007119993375626716,0.016994312645311493,0.2808622448182099,0.06876800591585767,-0.004612765458813218,2.7790871519582925e-05,0.14304635570870525,0.07220744861133568,-0.0008015498331689803,6.508921074177554e-06,0.002273322286724208,-0.0079589894488822,0.501303278250967,0.6050726947432696,0.28406539483451676
11.729999999999997,1.0,19.0,19.0,1.0,0.01119120358658464,0.02836470766897614,1.3949935866610315,0.07637042093751267,-0.010803969639578807,0.006576843752113792,0.14921446183728088,0.08059786814158956,-0.006872205037979754,-3.114132097128963e-05,0.00849907701722423,-0.011894286544283152,0.5108715638016746,0.6139230395919494,0.29452008796996215
11.93,1.0,18.0,18.0,1.0,0.016697206197695005,0.03340245120260134,1.0360417832125062,0.07775372211603253,-0.011899942043306907,0.006116867476102062,0.1556140332143794,0.08182985276350078,-0.007499092033528386,-5.246008820869452e-05,0.004689290353048298,-0.009507713636949508,0.4852438898070658,0.591453857308674,0.27206326927596425
12.130000000000003,1.0,20.0,20.0,1.0,0.016411327316893615,0.03198698323592936,0.7883258607571705,0.07333509020863582,-0.007871139054389022,0.007140064609947632,0.15789699482020816,0.07813124125558148,-0.003382399349993683,-1.6382578249402036e-05,-0.002483489209019238,-0.0029043082713016747,0.5128216004247701,0.6197859671629246,0.2895468883220933
12.329999999999998,1.0,19.0,19.0,1.0,0.013318072131173867,0.037981270014304534,0.7821033584626828,0.06951710448140576,-0.005709673236330882,0.006141627578861783,0.16397920945882344,0.07461292913524345,-0.001075466753188495,-2.883002613834895e-06,-0.004725646130596395,0.00010145623764797637,0.4927326396563433,0.6003732858635137,0.27276076789526194
12.490000000000002,1.0,19.0,19.0,1.0,0.012586517539656832,0.03695280849279507,0.25578123925746227,0.0686903596027929,-0.005715140195878687,0.00014662318771833905,0.16909932444855116,0.07226254191595184,-0.0008924125169337055,-1.1607024342219496e-06,-0.0026856705957301608,7.772894226171635e-05,0.4686221610930248,0.5702426200726517,0.26076721293829797
12.729999999999997,1.0,16.0,16.0,1.0,0.011875044262168784,0.030667750533296775,0.238185381784259,0.0672326951911579,-0.005937560421507337,0.0001469428270533418,0.1753843234679469,0.07220690959903688,-0.0008477894279584341,-1.9255472371054738e-05,-0.0025755748181068155,-0.00015913031201771077,0.4687485631906559,0.5845078105060794,0.24279077800372367
12.89,1.0,16.0,16.0,1.0,0.011025602854762163,0.029102065586521796,0.09563652877258672,0.06657464476749993,-0.006290400434559773,0.00012071779177077892,0.1769500967060555,0.07228035255226288,-0.0009155919650726489,-2.9876330251310534e-05,-0.0017189315338350108,-0.00046750597536202,0.4433520939915529,0.5446998152497229,0.23673295971546662
13.130000000000003,1.0,14.0,14.0,1.0,0.009796690175381751,0.021191541269486674,0.271396678946618,0.06681510858115841,-0.006241040443017828,0.00014675098927364986,0.18486039211592428,0.07189677968964524,-0.0005660713910254434,-3.4072503866278137e-05,-0.0004950346926994448,-0.0003055106145962243,0.4507451839605825,0.5658884575890301,0.22813054060453966
13.350000000000001,1.0,14.0,14.0,1.0,0.011547035216799933,0.0249348659092798,0.2744965365072632,0.06788660363205012,-0.0071476449713823225,0.005901691533549804,0.1909749469894424,0.07360738838162824,-0.0014421598156211313,-3.0566906432882845e-05,0.0008935813941835097,-0.0011412947468863593,0.4581771778209272,0.5651079886848376,0.23616053405414
13.490000000000002,1.0,15.0,15.0,1.0,0.013905324559504993,0.029540217964632565,1.7461924656805055,0.06044798540670382,-0.002639728083025227,0.006713247428323459,0.1942891889502557,0.06691776633384404,0.0031575699937374316,1.5608246994952557e-05,-0.007028435464879662,0.0036339914612940356,0.4309435999427707,0.5270835695761857,0.2356422027793891
13.689999999999998,1.0,17.0,17.0,1.0,0.013785660275562177,0.03413961693421874,0.5196875838307659,0.06766424572660046,-0.007331851959999888,0.00470581081143136,0.2001723310159903,0.07404818323805519,-0.001452470038079388,-3.726325059089097e-05,0.003922159650556062,-0.0019009834131227508,0.4796013316325489,0.5859353300637192,0.26282330775617224
13.89,1.0,19.0,19.0,1.0,0.012912450416622723,0.0384558361262543,0.9694322451909895,0.057890877854144235,0.0014375798775493203,0.00694363572339756,0.20767191146252761,0.06381819058533364,0.007239838669504826,4.538740562570753e-05,-0.008103655299815507,0.007358920806068733,0.5049972706745977,0.6107353638573904,0.2825009040062839
14.149999999999999,1.0,17.0,17.0,1.0,0.010931349220126152,0.0363099927514797,0.27556211397675395,0.06496276004271039,-0.006573280820895314,0.0001516009999301181,0.20974211302546783,0.07221223296859003,-0.0008832477096829037,-1.6604874984560425e-05,0.00391848717494056,-0.0027074306647190275,0.5049395191417997,0.6176536324542633,0.2695808256428171
14.490000000000002,1.0,16.0,16.0,1.0,0.012535915414406315,0.027571741907346473,0.38903195690210524,0.06614755041317072,-0.006661681272919684,0.00019339338132325683,0.2184803094513133,0.07191283250683213,-0.0005659104621189804,-3.453919276127926e-05,0.0027242110472513043,-0.0020709342448786837,0.5384818645498288,0.6541688701770322,0.2841139871304886
14.689999999999998,1.0,19.0,19.0,1.0,0.011038757517416781,0.024521424547589536,0.325589405781421,0.06567901325507712,-0.0068508051484389145,0.00015559183387619093,0.22153054863129537,0.07199154586318689,-0.0006524316559234069,-2.1919084402549638e-05,0.000490962878736026,-0.0016781295543123742,0.5299997973096632,0.6297488146672522,0.3042903449516535
14.89,1.0,17.0,17.0,1.0,0.008593167189791837,0.022297591386711862,0.46608852856362776,0.06680456384596736,-0.008348766914518385,0.00011899338145959283,0.22834953881837783,0.07206135760305363,-0.0007167538943782248,-0.00010693012329665574,0.0013467873431948496,-0.0026661901792926147,0.47662235124387653,0.5814571122929404,0.2656378128466172
15.089999999999996,1.0,14.0,12.0,0.8571428571428571,0.010858064700317941,0.02757416199828215,0.15512238255188024,0.06750679414670306,-0.008650290625561285,4.797819876076915e-05,0.23362619691630265,0.0721560738798655,-0.00083580327351436,-6.91884327994885e-05,0.0013015797444215355,-0.00226248788168386,0.3910715463710126,0.4967681263397664,0.20042384906012448
15.29,1.0,14.0,12.0,0.8571428571428571,0.011077368022529692,0.027973797058585263,0.43735671429222917,0.05673332828490804,0.004613937572184429,0.0052634028328356515,0.23816875990911782,0.060685569973456255,0.012424524453299342,4.7562120350674864e-05,-0.010086160238191061,0.011452563660249854,0.41156269722027494,0.5193039922179192,0.20859624864275705
15.649999999999999,1.0,17.0,17.0,1.0,0.008114812925268123,0.038900599208901813,0.6476831434779754,0.07245421231786016,-0.012227781381209253,0.004680565049824151,0.24717639094440513,0.07739119543087206,-0.00427712282152279,-0.00011196594636550539,0.010905545819868162,-0.007758680115601233,0.5779835537889273,0.6891215941136738,0.31344531144754134
16.049999999999997,1.0,13.0,13.0,1.0,0.013579300096771654,0.031158489230355347,0.3833135525525313,0.067805923653081,-0.007969220941432835,0.00016920666114624542,0.25721022629111867,0.07244604236804346,-0.0011444985079873812,7.169045564808796e-05,-0.001182386656840298,-0.001097105594837778,0.5260813728094372,0.6418289644538452,0.27353067067529824
16.33,1.0,12.0,11.0,0.9166666666666666,0.008254312138272955,0.020151699053095457,0.38144982313584436,0.06742544186387636,-0.007800762650377817,9.699540881403071e-05,0.26590040208496646,0.07220190066638306,-0.0009154722742373209,3.1563603933359996e-05,-0.0007405560005140643,-0.0006250905416912986,0.45627506237789506,0.5648203860290233,0.23808870019524753
16.450000000000003,1.0,17.0,17.0,1.0,0.011554013577094197,0.03871886375185253,0.3766684642454009,0.06640898651847443,-0.007649511352639077,0.00019484128833453817,0.2673334204424023,0.07225527635402823,-0.000962500402376272,2.9522752359734117e-05,-0.0013275884442612157,-0.00032267881732830634,0.49141402733154416,0.5744926599299357,0.29658357943758773
16.729999999999997,1.0,18.0,18.0,1.0,0.01533968894348544,0.029549082399811435,0.962880295936073,0.07742110441768467,-0.013959879122909429,0.006148674289186768,0.27540769503036866,0.08187385631834414,-0.007644338933793031,-1.9319078710444693e-05,0.010507617704963307,-0.006534692667272568,0.5381236207867298,0.6483929526858025,0.30874600501429506
16.85,1.0,18.0,18.0,1.0,0.01604653618083003,0.0315115495983417,0.885903986560567,0.05075039994440228,0.01479266875229481,0.005468207126984775,0.27759949092224917,0.05561528588191952,0.02203219947027392,0.0001088627943885423,-0.022950541910558862,0.024206647158587752,0.4489039208273847,0.5356669780164524,0.2677125950086613
17.189999999999998,1.0,17.0,17.0,1.0,0.010717151775488659,0.03081037515593284,0.549221895198588,0.06813553112171489,-0.008848939952786412,0.004705655082639571,0.2852690672804209,0.07403649748171695,-0.0015015188370026194,-7.296564201719757e-05,0.006737185494909259,-0.00587525324822588,0.5374594108241063,0.6560523437621476,0.28822349960432503
17.229999999999997,1.0,20.0,20.0,1.0,0.012724118669550491,0.04001129514946106,0.5429223401820885,0.06824079786324781,-0.008237650028173362,0.00602940466984061,0.28601647839886707,0.07416955912997795,-0.0008902668554715805,-3.2322451697985866e-05,0.0024302696017741154,-0.003585647641664808,0.42415024569010584,0.4949881640364162,0.2647800296942638
17.43,1.0,18.0,18.0,1.0,0.011069063082961504,0.027309961865536535,0.30480357402350633,0.06671621793300433,-0.008494659260415925,9.366700279388197e-05,0.2933618842692563,0.07228898699579368,-0.0010156855998447716,-1.37124922282017e-05,-0.00025470502556611263,-0.002896321200743253,0.4577748183309888,0.5691903221118342,0.2498301160257436
17.65,1.0,18.0,18.0,1.0,0.013161240538432963,0.031001906467049905,0.788144892734282,0.07101840154633729,-0.011327884167077456,0.004577895217947075,0.2970667149512797,0.0771220386213668,-0.004280047302431847,-1.2286799226601808e-05,0.004218234750802602,-0.005005359036792696,0.49022268433010097,0.6003025277623172,0.2614673043297786
17.85,1.0,18.0,18.0,1.0,0.011342433757311053,0.03764147808955307,0.35350931068408425,0.06566383322843088,-0.008024519675130376,0.0001304273957274463,0.30369343575433133,0.0722663982696201,-0.0010100175510153464,3.0220348462284274e-05,-0.0036153571598258466,-0.0004004693447797783,0.4878988075600665,0.5961530843584372,0.26264347862312964
18.049999999999997,1.0,18.0,18.0,1.0,0.015209391801672347,0.038509125961134996,1.1889747659587,0.0779579262068299,-0.018622837258426905,0.006519649730617187,0.30767688686683237,0.08553537343249291,-0.011263317681915644,-0.00010501254870276533,0.010865577365565274,-0.010885224626917536,0.4862793547238544,0.5938760184840086,0.26328389481148445
18.25,1.0,14.0,14.0,1.0,0.01844857178239879,0.03412034287826198,0.8552669991680258,0.061822130345859545,-0.005664571004619741,0.00651219685776895,0.3135753128979562,0.06918287854496857,0.00165300802254205,6.815714668462203e-05,-0.011654755256219396,0.004918633693279076,0.4236223926883045,0.5316666690087586,0.21780646903984727
18.450000000000003,1.0,19.0,19.0,1.0,0.018142137716437988,0.03716992008650076,0.7825456738451447,0.06799351505300184,-0.008798259659154971,0.007865561266807385,0.3189184731758713,0.07548074069841533,-0.0015072648013155117,-1.5836451488504544e-06,0.0007610340908199148,0.0007369405129168164,0.5143469883239279,0.620626018386379,0.2834549455405411
18.729999999999997,1.0,16.0,16.0,1.0,0.014039717687149535,0.0409615580768994,0.386448140423237,0.06649617245838915,-0.007948064682842208,0.005347706119771322,0.32996246528923057,0.07229650283900861,-0.0004688397518963251,1.3669743681277158e-05,-0.0011063121762098505,0.0013765053693669733,0.5024043257875285,0.6199770320876026,0.2628491611141954
18.85,1.0,19.0,19.0,1.0,0.013620191393715158,0.041554448290758175,0.8216429124270349,0.05812280874803703,-0.0002415236619788629,0.006289293360058546,0.3277096898178485,0.06436455895118831,0.0071178655654439895,7.235699395968798e-05,-0.008815865678956869,0.008725024263517903,0.470452039849121,0.5595784287836104,0.2712074349957244
19.03,1.0,22.0,22.0,1.0,0.014985295154917698,0.03670897141274539,0.7929754332948145,0.0510191016870462,0.009153652165658336,0.007512364847755595,0.3329458632872416,0.057268732367062244,0.016657080695362765,8.437376915920725e-05,-0.010954175582882808,0.01576065063902316,0.5133367021908356,0.6206552314658281,0.29489818162186715
19.25,1.0,12.0,12.0,1.0,0.010199765206790652,0.01873284447694115,0.2686301099353722,0.06536256861944092,-0.008456866537466683,7.96212603827584e-05,0.3373191681794534,0.07208424099716738,-0.0008140070668380909,-7.726756316095429e-05,0.010187436430572253,-0.00647856746850407,0.38051119992384347,0.48873627961854377,0.18720667746656725
19.490000000000002,1.0,14.0,14.0,1.0,0.006611653242955961,0.01957281629157523,0.3086567021702495,0.06451024006124094,-0.008933673310329848,3.881319917166721e-06,0.3456247722607774,0.07202776995062901,-0.0007837434272775517,-7.151831008883613e-05,0.004385507692512419,-0.00575773857068883,0.46593592288862296,0.580872625439738,0.2347834179762928
19.630000000000003,1.0,16.0,16.0,1.0,0.007165917531860622,0.02033247469790779,0.2978986956082555,0.06551648930270185,-0.008739092076376223,5.3270745164086245e-06,0.3463844207621644,0.07201424496325282,-0.0007713035758976985,-2.8154527361268222e-05,0.0028527145504620988,-0.004222823549784286,0.44996404103168014,0.5477737897343852,0.24657332834345644
19.83,1.0,17.0,17.0,1.0,0.009822812898512185,0.026691322275310035,0.2838889257938211,0.06454435959993399,-0.008540389521967548,5.7236197957682777e-05,0.3527431949931378,0.07192053865272327,-0.0006766930917461028,-4.470687557434072e-06,0.0003550264224816274,-0.0029864973558252003,0.47778197229181835,0.5849926500394544,0.2600546539406703
20.17,1.0,19.0,19.0,1.0,0.014048789196413699,0.04052226879147641,0.8721997868741186,0.06631712876544617,-0.007571628985373609,0.006084192584105095,0.362373831380512,0.07370490995993112,-0.00046091086683036284,3.367276237803418e-05,0.001983259851160893,-0.001241845032083203,0.576059667001763,0.689675911551887,0.3153651456262359
20.229999999999997,1.0,15.0,13.0,0.8666666666666667,0.013985154509811897,0.038053784993038714,1.193229696488868,0.06796279648023143,-0.008237319097046157,0.0071482780182669636,0.36398979986569,0.07539418424498795,-0.0011264784731326192,2.5449272577082738e-06,0.0022731261408500264,-0.001521283850745087,0.331022728270723,0.3964292085301676,0.19113532194873825
20.43,1.0,16.0,14.0,0.875,0.014048228860729515,0.039889407272094835,1.6611877223274603,0.051342860406419624,0.017391270802762513,0.005836153709301903,0.36681098623213204,0.05692956494916711,0.024507513492345066,0.00013268786915249242,-0.015227917613159933,0.024394804706027885,0.4172224784697464,0.5256611574265403,0.21845702136837117
20.630000000000003,1.0,19.0,19.0,1.0,0.01418630318688759,0.031678346600131066,1.8192183551165666,0.07891136588664627,-0.007549653770093737,0.004365470678156546,0.37525135765019474,0.08458676392890191,-0.0007372013938248077,-9.970772275319506e-05,0.020349226705651646,-0.005856160297972206,0.5132520277506527,0.6210106192449197,0.2839056449391194
21.089999999999996,1.0,18.0,18.0,1.0,0.013522370748443459,0.037766274728989656,0.35121981567297744,0.06510867715249782,-0.007224484560650035,0.0002174943818929298,0.38381825267424785,0.07203636529780509,-0.0008238355347181875,7.730808512812493e-05,-0.006056826995898337,-0.0039253447441811,0.6076438018573608,0.7217329226659239,0.327434834271577
21.229999999999997,1.0,17.0,16.0,0.9411764705882353,0.013401875432748261,0.02810837871831976,1.756369845023131,0.06871625137545198,-0.0056997076546784166,0.007800393486141345,0.38912028764923917,0.0736450729886529,0.0012009143581374112,-2.071252471780305e-05,0.0019493873918350751,-0.0011017423828327461,0.4522628799851094,0.5430490874788406,0.25925506716466873
21.490000000000002,1.0,22.0,22.0,1.0,0.016574871352843166,0.03140875773486972,1.9139129986448247,0.07294450073863726,-0.0024720788623426894,0.005151906259224763,0.39533922237485053,0.0788058603630915,0.004941438626276492,-8.172516008281283e-05,0.005150205712555214,0.002406811398157894,0.5745478507048034,0.6786000936383574,0.3364249017126693
21.630000000000003,1.0,22.0,22.0,1.0,0.01789735305342702,0.031086547004310724,1.874319156344485,0.058521858656154155,0.008788095193197556,0.005698635599545576,0.39687274959933516,0.06512062753064404,0.015540131691808448,0.00010919771087580799,-0.012762994067796893,0.012844814784892291,0.4916632428067762,0.5885232519268299,0.2945201513487385
21.83,1.0,24.0,24.0,1.0,0.016125136907731073,0.037368982160004935,1.5382960565088186,0.07543358631243056,-0.0051637434525647185,0.004548445187361446,0.40326669220130795,0.08220380969091613,0.0016224542818805024,-6.358409197410042e-05,0.011656339197508511,-0.004874256553694012,0.5355459823247888,0.6439506457582355,0.30920220276437566
22.049999999999997,1.0,23.0,23.0,1.0,0.014430526569237347,0.036676938597886004,1.853267023072867,0.07790405912472609,-0.005418028349101211,0.00473494789156033,0.4096040462037234,0.08350439303531487,0.001031161379099422,-1.0761161823635845e-05,0.006635418082915984,-0.003646343203378773,0.537458383080805,0.6457579098218205,0.30043893824630424
22.229999999999997,1.0,24.0,24.0,1.0,0.015347158656993846,0.03319702899168003,1.672331717805312,0.07708887559700918,-0.005590083709527809,0.004687349350881853,0.4130838947433062,0.08351852073198891,0.0008774853840437915,6.680753177334964e-07,0.001547843109446223,-0.0027370518562886558,0.5265522128513465,0.6349593171127291,0.2993180921350504
22.490000000000002,1.0,26.0,26.0,1.0,0.01268333078191851,0.025634910717841106,1.3621199305704241,0.07628686927405795,-0.005006746933830787,0.0046373735277457405,0.4212888663832415,0.08253764913674641,0.0015133783747208285,2.716370641142607e-06,-0.00020546713515978698,-0.001336902045061624,0.5887280865120554,0.697063058578733,0.3342841896179801
22.630000000000003,1.0,19.0,19.0,1.0,0.01337903233500842,0.025679160009778296,1.5579749597075312,0.05531731251387956,0.011358551284832992,0.006003543108098327,0.4218302537582989,0.060657300880698165,0.01776656021375945,0.00014773329024453385,-0.021028647618840726,0.015475784120028431,0.4361042335601244,0.5393233367766012,0.23912937645717705
22.83,1.0,16.0,16.0,1.0,0.013177660742426284,0.030039055680085767,1.220732722052041,0.06338339167677547,-0.004428153000333241,0.006573704349514052,0.4303058474924644,0.07011800910478946,0.002914170875672733,-3.511409297557444e-05,-0.0016217519717572487,-0.003996844212067193,0.43661207744287617,0.5503809651633921,0.2221384658430822
23.15,1.0,19.0,19.0,1.0,0.013924892631004793,0.031205098184195482,1.4569945365568029,0.07058172450575827,-0.0067677675023706,0.008181413089133433,0.43698175216826773,0.0755170420785426,-0.00019718561303702902,-1.7277186376896125e-05,0.00648123697804405,-0.005444815655309275,0.5648164388914011,0.6786544355106751,0.2976434355741102
23.189999999999998,1.0,27.0,27.0,1.0,0.012960712377269949,0.03224489966723059,1.585515364761252,0.07936005934892172,-0.005860503895568264,0.004887110458255029,0.4380759718381058,0.08425005295623332,0.0007499454744069713,-6.336726545908e-05,0.01086832556067402,-0.002931814037854051,0.4848014975181294,0.5534338949709315,0.3110027775291189
23.43,1.0,30.0,30.0,1.0,0.012416348404474451,0.039274565458023665,1.2336095164873335,0.07419515556772315,-0.002521834247829756,0.004802837624682301,0.44473262088165083,0.07982965332639855,0.004972980902797132,-6.317559046897792e-05,-0.00028485442299359953,0.0013027930017770145,0.5943107375965963,0.7047476634806425,0.3485439582241411
23.630000000000003,1.0,29.0,29.0,1.0,0.013081360537226675,0.038734796651602586,1.1478367045870237,0.07394588738455016,-0.00196639987216413,0.00471201160140073,0.44774524122491255,0.07797198769744564,0.006582581630429515,-9.628861815841327e-05,-0.000324415250162427,0.0014046687463331493,0.5687292626337005,0.6764705284603157,0.3286576228644338
23.83,1.0,28.0,28.0,1.0,0.016184080872206786,0.030842292182150986,0.8809745775025021,0.07680273414874365,-0.005084481230039662,0.004822686630349139,0.45542586133437934,0.08065141465030948,0.0039057739130539362,-9.968122308956495e-05,0.0027733388109154322,-0.002174584000322145,0.5592002495428732,0.6684504347334246,0.31725799720198644
23.990000000000002,1.0,34.0,34.0,1.0,0.015728736492979296,0.03306622887855853,0.9579423008058701,0.0770901460584036,-0.007360456574511311,0.0049610223010669455,0.4586859015515602,0.08336854441394279,0.0018765712746305107,-7.239402155467811e-05,0.0012200881737383512,-0.003766900954848801,0.5640519137979491,0.6652886271021986,0.33213597807824763
24.229999999999997,1.0,32.0,32.0,1.0,0.014662921028400331,0.038914471319464565,1.198185089182834,0.07780319617038586,-0.006286628990792863,0.004803495910744202,0.46454208015132387,0.08163680700193023,0.0030507726059415996,-3.433853633277861e-05,0.001151645105762461,-0.001443940346765748,0.6083238717613987,0.7189473840832469,0.348208340170948
24.39,1.0,34.0,34.0,1.0,0.01320077454790109,0.036977312293310034,1.0566518653794261,0.08122293209367139,-0.008568391025063519,0.004887807026721713,0.46948268160797046,0.08433010043281985,0.0007527834138703564,-3.925968984808126e-05,0.0037706179611445567,-0.0032248536547479006,0.5582586871412009,0.6603733524653138,0.32566293259895873
24.589999999999996,1.0,31.0,31.0,1.0,0.014355220060342597,0.03432879238657779,1.4110095088989991,0.07969188196244505,-0.00857081003448362,0.004751475967834053,0.4722529207563469,0.08353939186707654,0.0009498314004084425,-2.161826738145134e-05,-0.00023091003383421405,-0.0021838593420581073,0.5730868626722717,0.6913064943177119,0.3237033497433834
24.79,1.0,35.0,35.0,1.0,0.01576722174600534,0.03209799874219688,0.9483299916031531,0.07731989412354942,-0.0068946705446056985,0.0047261198619950266,0.4773838270857849,0.08186025354430546,0.0026358747155022936,7.651008225306732e-06,-0.002406129154380904,0.0001994532571245604,0.5857204012115842,0.6943455618743627,0.33446940642907896
25.03,1.0,34.0,34.0,1.0,0.013103894549371992,0.03770146896154441,1.0006925255575503,0.08172465534477968,-0.009360419391396528,0.0049364931656200725,0.4833538221904479,0.08554108119199508,0.0002022443534823795,-3.6853548302906436e-05,0.0037112650939417763,-0.00232933408901176,0.6116185903218136,0.7211126299431643,0.34919841590823314
25.189999999999998,1.0,29.0,29.0,1.0,0.014741864059399194,0.04013855026550661,1.0992686308092265,0.08492724874508374,-0.011624452769977665,0.00492091473778616,0.485876382981537,0.0886072617654667,-0.0023806895032854793,-1.555711002559912e-05,0.0042588095949713245,-0.0037862456883049427,0.534509196304092,0.638045335531241,0.30486208450022056
25.39,1.0,29.0,29.0,1.0,0.016135436280732926,0.03421699193527635,0.9924161241713425,0.08364367748611617,-0.010193595186922358,0.004905703099082226,0.492203759200693,0.08722685696008335,-0.001174838760195132,2.541050246768206e-05,0.00031627250558124986,-0.001206365782981817,0.5601494070603138,0.6702217109668437,0.3138872314252325
25.93,1.0,28.0,28.0,1.0,0.015570914485249752,0.03713512608684781,1.021855852087435,0.08291722321204803,-0.010357000516696711,0.004845000947248084,0.5027038847446735,0.08521982018652645,-0.0002102549480021629,-6.328654715215265e-05,-0.0005231903247058384,-0.0009916978275756887,0.7121098960557473,0.8117353705188497,0.4120880171042421
25.950000000000003,1.0,30.0,30.0,1.0,0.016133459292840022,0.03771151308559421,1.4016185819356175,0.08288608648906931,-0.010876766787830486,0.004690918448393812,0.5031803316094625,0.08515873495014499,-0.0007098757437440738,-1.915872159241605e-05,-0.0001242862442600995,-0.0011016595081038741,0.4560128459481182,0.4954041901455459,0.3138046234272546
26.15,1.0,34.0,34.0,1.0,0.01428866197160443,0.03927514506415537,1.0985874515599978,0.08373417795422038,-0.010667578862375128,0.0049282078165248135,0.5071277270279325,0.08613676272533129,-0.0003491273210003438,-3.2794477816455725e-05,0.0008257435341562647,-0.0005466368516871201,0.5668491249950844,0.6758311755729846,0.33472707696712856
26.450000000000003,1.0,34.0,34.0,1.0,0.018622168252712457,0.031254447079629655,1.016259914694793,0.08113665474080722,-0.008075326995335249,0.004895156554759128,0.5152232492406478,0.08346452815117686,0.001987444151888177,3.4547501426729355e-05,-0.002246359729327088,0.0022275688395605162,0.6420148795449755,0.7495326194115809,0.37001866427080315
26.589999999999996,1.0,31.0,31.0,1.0,0.0165537292606839,0.03265275135924791,0.9865035166132582,0.08280119808149994,-0.00908876527249963,0.005040913243358438,0.5182058096435879,0.08447939220009477,0.001228761520310765,-1.9300123872745267e-05,0.001128943854282749,0.00039378034425841245,0.5411717072926335,0.6425319897618372,0.32095774558828577
26.75,1.0,36.0,36.0,1.0,0.013766833573907698,0.03860055400586154,0.8724890570914738,0.08335977875908138,-0.010273034579328323,0.0049710805005378856,0.5243014265579637,0.08598656804551508,8.091887481574342e-06,-2.017030824563726e-05,0.0010190587395017964,-0.0009183712658001498,0.5475274895060975,0.6523034861393007,0.3178902757779212
26.950000000000003,1.0,35.0,35.0,1.0,0.013538721345330178,0.03690307571103092,1.1195565932781577,0.08102061810125694,-0.007558688375473439,0.004844476134527876,0.5295924014811887,0.0829084606830392,0.002368299531591259,5.1061255791795546e-05,-0.0019333321093086414,0.002085860899082607,0.5766793635640585,0.6865849775541669,0.32718929017966897
27.15,1.0,39.0,39.0,1.0,0.014400064006576235,0.031967314537465256,0.9881547656385277,0.08015579071066488,-0.006094041253108647,0.004820692667871943,0.5345786520268706,0.08240127509863121,0.0029937185665688208,9.423114427886681e-05,-0.0014273989243477059,0.002871860541109149,0.5819602344388246,0.6901021283368627,0.33137344593323603
27.35,1.0,37.0,37.0,1.0,0.015199532472243043,0.031777452509705865,0.7804244162322573,0.07851861866966825,-0.005651911752881495,0.004794026681814165,0.5371057282781393,0.08153428996815869,0.0034932678108905374,4.372839576194387e-05,-0.002060925144048792,0.0023648189494658335,0.5840633432812924,0.6922489934174503,0.3332409878574118
27.549999999999997,1.0,33.0,33.0,1.0,0.013058669537061694,0.03743575242777314,1.0801690587445667,0.08010235261686384,-0.007407879612940477,0.004848783645154721,0.5429063055679006,0.08295609955789805,0.002040960250815743,-1.9291728820980403e-05,0.0009906901155666697,-0.00017727569971941453,0.5844270006142758,0.6923294464242359,0.33406843017189247
27.83,1.0,33.0,33.0,1.0,0.013343071605521485,0.03629371211446933,0.9953664995719281,0.08124317413871066,-0.008595838680133677,0.004891098716585882,0.5501239302337587,0.08447249436837827,0.0009454042482344351,-2.8648563448530062e-05,0.0014983419235647388,-0.001307608105141861,0.6328733530435117,0.7418367708513791,0.36299520782477124
27.950000000000003,1.0,32.0,32.0,1.0,0.015696952984451656,0.032190093852409396,0.9122302110414805,0.07860962191502169,-0.0065884308897686495,0.00481182340614947,0.5543309417422445,0.08195305921670902,0.002940453948275944,1.5102180063175652e-05,-0.002213363439753549,0.0011716546728430305,0.5292619461022894,0.6213316834525942,0.3169593104934473
28.229999999999997,1.0,36.0,36.0,1.0,0.015846169687625408,0.033754077540676,0.8399764660085552,0.08149220863539773,-0.007897806745383196,0.004915027840290435,0.559271431786246,0.08411949048726688,0.0013662702035963752,6.304309519311602e-06,0.002080374519673661,-0.0005050460705913724,0.6262385630659851,0.738358507276913,0.35597814851402876
28.35,1.0,36.0,36.0,1.0,0.015429580160574795,0.03716346771568951,1.0227458154123799,0.08005655401323829,-0.0070755112968638335,0.004880429412145785,0.5626659861500077,0.0829733252751452,0.0023377789099963808,2.106905544141391e-06,-0.0008654573882666827,0.0004940215468455722,0.5277871013480563,0.620783110374026,0.3136709023045718
28.65,1.0,38.0,38.0,1.0,0.017618643947999096,0.03704170563739114,0.8607951282265868,0.07951488132143933,-0.008036384963968265,0.004780283715806486,0.5695265925627685,0.08270874148320359,0.0022229271919275515,-6.31819623254648e-05,-0.0008193948353364539,-0.0006205661921628151,0.636038085019964,0.7450594144974723,0.36155024571353284
28.75,1.0,37.0,37.0,1.0,0.017401886555501365,0.03351924599429012,0.8703925748386443,0.0810315441995998,-0.00914977882835029,0.004780812778050674,0.5731256844799394,0.08311416187487795,0.0017279863118522653,-8.029367480189009e-05,0.0013354470156578396,-0.0015082575737928646,0.5115199689719933,0.6040028527736422,0.30832005288720304
29.15,1.0,40.0,38.0,0.95,0.016184863289382168,0.03685291649718766,0.73858251380734,0.07995798637636332,-0.00883705350774405,0.004920412090857855,0.5823861438477086,0.08329114020321775,0.002261796492178893,-5.449411891189637e-05,-0.0004688871476812295,-0.0007327540275365932,0.6824606749572992,0.7875306850064087,0.39215203558211986
29.33,1.0,37.0,35.0,0.9459459459459459,0.01410658523817216,0.038663994613275895,0.7045411770135572,0.08174804117575102,-0.010055316301901526,0.004918835541919693,0.5877092731672569,0.0837725548181354,0.0017103150453782901,-8.072445416262841e-05,0.0017353680707741098,-0.0016628357536056578,0.5863632169796678,0.6883924513883493,0.3522149393548709
29.589999999999996,1.0,38.0,36.0,0.9473684210526315,0.0180872497787093,0.03195702272596705,1.1344427317153418,0.08138832645250026,-0.010525826998162176,0.004862308622716414,0.5975164717635078,0.08397023649973147,0.001325598133457121,-3.997413224776647e-05,0.0002700419731417325,-0.0015508797399328917,0.6210132584627034,0.7264914180717892,0.36351952497953544
29.729999999999997,1.0,38.0,36.0,0.9473684210526315,0.01645394396639857,0.03321876827652698,0.948189058389628,0.08063111060046911,-0.011953605480436955,0.004872767456157724,0.5988538212064437,0.08454575063661826,0.0008119076843625031,-9.241425945583082e-05,-0.0006693949858895543,-0.002415619120578124,0.5452389498163883,0.6482006236125685,0.324968180092412
29.93,1.0,41.0,39.0,0.9512195121951219,0.01546958740835804,0.03817622899950135,0.6992196017165404,0.08264552921060861,-0.013379371721648228,0.004899059432052697,0.6038370737334843,0.08595169741761909,-0.0003002440430109436,-8.769156260535205e-05,0.0018311780436637282,-0.003055726876415302,0.5774254825669624,0.6883178745661521,0.3303800824730576
30.130000000000003,1.0,40.0,38.0,0.95,0.017253471802277,0.03480382827882915,0.7854796839119992,0.0822907304170185,-0.012792180786246356,0.004849374607667863,0.6116808522353911,0.0848874187099826,0.0007727430535899616,-6.327865001998223e-05,0.0003060722370706592,-0.001461583992585174,0.5832775466523488,0.6923118511885572,0.33279384099576664
30.33,1.0,41.0,39.0,0.9512195121951219,0.017280763930113165,0.03270931856218979,0.7883346461591206,0.0833459190562701,-0.012390533517924835,0.004878318832021342,0.6137712711959913,0.08565483356236644,0.00018868291056685534,4.5226394114639135e-05,0.0011753599700943113,-0.0005742478420723136,0.58429100878419,0.6927778587622127,0.33387149158577734
30.589999999999996,1.0,42.0,38.0,0.9047619047619048,0.014522763077596304,0.025626053247600932,0.7273162552194602,0.08435092328082966,-0.012864131837056153,0.00498683719978121,0.6209556818184663,0.08643354316828812,-0.0004081295031583901,1.9944353984335805e-05,0.00145263817008226,-0.0008574454601680345,0.6216922782886255,0.7283418996119501,0.35600607089237823
30.79,1.0,42.0,38.0,0.9047619047619048,0.012722202714090535,0.02201566020253228,0.7195536028699703,0.08243441306686528,-0.012394392579304732,0.004981757711802695,0.6273450747382221,0.08575342376225707,-1.1174151597886234e-05,2.281367079115526e-05,-0.001442792544733798,-8.502369020014191e-05,0.5908252866598676,0.6961108872129633,0.34401140596441754
30.93,1.0,40.0,36.0,0.9,0.01304521944254971,0.02660935777208921,0.8303675865584106,0.0826673889845822,-0.013318300049386951,0.004929229017376888,0.6320283577331689,0.08604283248988585,-0.000849339025368219,-1.0099084419845639e-06,-0.00014759774259046066,-0.0009767781879687905,0.5389078986690932,0.6444017555394767,0.31595843951158703
31.190000000000005,1.0,42.0,38.0,0.9047619047619048,0.015093657332741156,0.032256050115167675,0.6530812482340805,0.08281731701390442,-0.013356643677637189,0.004936438383346353,0.6377866623454406,0.08566243662337074,-0.0001901327306671127,-5.297312381891128e-05,0.0001708346055354082,-0.0007062299633329813,0.6151859023307189,0.7248056647358444,0.3484894231778058
31.330000000000005,1.0,40.0,40.0,1.0,0.013757731067201883,0.033068009646394655,0.9094148073335527,0.08467401454401326,-0.014312047748409131,0.004960025246941514,0.6387388180000356,0.08723554995491,-0.0012132040010284471,-3.530624101633073e-05,0.001916582838503711,-0.001415849401926956,0.544029623254224,0.6478890059484279,0.31804992687530087
31.529999999999994,1.0,40.0,40.0,1.0,0.013671530841862919,0.038559546358375156,0.6751852625743012,0.08312878411818905,-0.012795753919074945,0.004953623821941348,0.6442043704692361,0.08534320736219321,0.00037340637439020954,3.5432586984462944e-06,-0.0007972670083760541,0.0005493399526001212,0.577395869341586,0.6883499314933328,0.32726334259547973
31.729999999999997,1.0,44.0,40.0,0.9090909090909091,0.015845551380908707,0.035271943987962004,0.6957603618156636,0.08283714880378061,-0.012795134059374286,0.00493232896099786,0.6512000554728148,0.08535594000855272,0.00035342366396627113,3.620600017240072e-06,-0.0004482647414173896,0.0003713630557172162,0.5832719408210835,0.6921671527704341,0.33140495603396414
31.970000000000006,1.0,44.0,40.0,0.9090909090909091,0.01866641797738778,0.031103663839460224,0.8207730598452865,0.08471805009154007,-0.015004071543840978,0.004946099915811981,0.6553838635666279,0.08738200791067248,-0.0013704066048229027,-6.585435981631971e-05,0.0017973835322728227,-0.0019596961049344478,0.6095785541735254,0.7189839668425116,0.3478990027705118
32.13,1.0,45.0,40.0,0.8888888888888888,0.015956496762682765,0.03511230072135487,0.6746133959682845,0.08469136243541919,-0.015498422746077887,0.004963950312375704,0.6607360078182403,0.0885428206531113,-0.002291929505933774,-4.861226270191921e-06,0.0005528554879974668,-0.0017747961710987091,0.559183085634021,0.6616776360738592,0.32552219465813725
32.38999999999999,1.0,41.0,36.0,0.8780487804878049,0.015172313585447603,0.03972274087831777,0.8139449123590817,0.08359155241637499,-0.013920295448832887,0.004930454832856201,0.6666990201460417,0.08654535450098447,-0.0008448449457734136,3.6535372314516756e-05,-0.0008266476481054441,0.0003800563021206394,0.6191559584353086,0.7275492127038808,0.3525252319641471
32.550000000000004,1.0,47.0,42.0,0.8936170212765957,0.015477444054417927,0.03398000542792723,0.8308098565135446,0.08539224247260684,-0.01557529602436965,0.004918167852752126,0.6725474269641736,0.08872847010358201,-0.0025575062019545687,-9.466918407974312e-06,0.0016583283107649005,-0.0014075761803262535,0.5595889066318418,0.6603633293771627,0.32761960663829987
32.74999999999999,1.0,44.0,39.0,0.8863636363636364,0.015429126732192072,0.03133046678007567,0.7882645228456333,0.08503384249857292,-0.015116794902637355,0.004932384014691931,0.6771265176590365,0.0882457467575249,-0.0021220247465624925,4.557102609048513e-06,0.0002726788745930908,-0.0004912703162117513,0.5789522390460017,0.6880463312182553,0.3315665991196549
33.23,0.0,44.0,39.0,0.8863636363636364,0.015429126732192072,0.03133046678007567,0.7882645228456333,nan,nan,nan,nan,nan,nan,4.557102609048513e-06,0.0002726788745930908,-0.0004912703162117513,0.5789522390460017,0.6880463312182553,0.3315665991196549
33.24999999999999,1.0,44.0,38.0,0.8636363636363636,0.014792161082804383,0.026308496534011228,0.6678447302024596,0.08517062185401478,-0.015363742759177899,0.004938972792328782,0.6917986377687129,0.08718893893975163,-0.0014780915328035903,-5.65225858408791e-05,0.00043903402040575135,-0.0005757383673806436,0.724865334648271,0.8213790262127694,0.4294126340183127
33.29,1.0,44.0,38.0,0.8636363636363636,0.01604631997721377,0.02798590495220252,0.6819106100469357,0.08404396123983723,-0.014213754929110022,0.00492010100452055,0.6935104052728402,0.0860295058576577,-0.00032825705587035195,7.963455335158187e-07,-0.0010221321544034434,0.0008203525711764444,0.47057822803044924,0.5344815339363423,0.31651655943207885
33.550000000000004,1.0,43.0,35.0,0.813953488372093,0.016173346370332423,0.03245433054058744,1.0616048020949493,0.08569023754119252,-0.016682783446885507,0.0050074543680282135,0.6981241008866139,0.08824375443183254,-0.0021429317041872786,-8.635569218462535e-05,0.001238482513662334,-0.0019067609818562634,0.6052350908448139,0.717059568275472,0.3487283111220925
33.690000000000005,1.0,48.0,40.0,0.8333333333333334,0.015340311360752285,0.035424788885922556,0.7485440948710355,0.08550470457933383,-0.016337897282649044,0.005003198223260186,0.7011066997814229,0.08769335884101677,-0.001791089668351212,-2.6106431050276768e-05,0.00021182695777433036,-0.000898836458340554,0.5399199820934263,0.6436424545288196,0.3181601515971938
33.88999999999999,1.0,48.0,40.0,0.8333333333333334,0.015583760750069304,0.03840842729226848,0.8155833849954297,0.08377366135662821,-0.015011641050902287,0.004955208602112293,0.7080412482390728,0.08604661030371283,-0.0005633000809226844,2.096659628059161e-05,-0.0015463661514582977,0.0007131377078604234,0.5766607206078451,0.6880664193813314,0.32731150420087507
34.089999999999996,1.0,51.0,40.0,0.7843137254901961,0.01644563556014323,0.03332894650862746,1.04010300898324,0.0844992148829107,-0.01692650376302186,0.004957164992489597,0.7132110617235928,0.08770558651835184,-0.0021125429297660456,-4.616560686698801e-05,0.00032305122550665977,-0.001432103679750115,0.5831443831660239,0.6924109588476143,0.3314277635456726
34.29,1.0,54.0,46.0,0.8518518518518519,0.027287257419262433,0.0640684415496871,4.371266281018938,0.013654805603720219,0.05942083769397661,0.025169350394407423,0.7175339803676503,0.016396465239955204,0.07419268310093091,0.0010386021312687177,-0.07068420612278868,0.0753892835444519,0.5830870552137454,0.6910401725985533,0.33326463043817633
34.550000000000004,1.0,53.0,43.0,0.8113207547169812,0.02792712920775309,0.05681974721287775,5.387719825926225,3.3298548646092715e-06,0.0784806129302608,0.02563036238799339,0.7240976810661613,0.002265229710119613,0.09330594014201544,0.0006371178904002184,-0.03557585017140927,0.06940821935104544,0.6230517542912969,0.730171206520285,0.3557548908729885
34.690000000000005,1.0,52.0,42.0,0.8076923076923077,0.024902498431137433,0.052400766732975376,5.68316457920095,-0.0256764015078601,0.09643272265019301,0.02131198018230599,0.7256753935066177,-0.02237935356701544,0.1111024074765207,0.0005664109111710447,-0.03535172172184636,0.06272546007410704,0.5438587055912121,0.6450434541014651,0.32141208691274126
35.029999999999994,1.0,53.0,43.0,0.8113207547169812,0.025852477895690243,0.05156787123339274,6.116032853370861,-0.028390801200030142,0.10099878049553432,0.022573440684602708,0.7361331215277106,-0.025117468230049646,0.11594696788749802,0.0001695552653826482,-0.015834891500239607,0.047156391715710316,0.6592145874897367,0.7661135540844701,0.37799881836268834
35.15,1.0,58.0,48.0,0.8275862068965517,0.02984937219233237,0.06645565557094861,6.226493894515124,-0.023415762227238925,0.10048847583033835,0.027143060746404626,0.7397596741060523,-0.020393419326178514,0.11577999050482131,-0.00012729499520358623,0.0009771590390815627,0.02885182170515832,0.5355438142375349,0.6245818303246577,0.32388817108831
35.24999999999999,1.0,51.0,41.0,0.803921568627451,0.02614333934903694,0.05278239976453315,6.011726236451858,-0.023109160057339553,0.09453706279677021,0.02358370571287774,0.7412487346805143,-0.019412598477172586,0.1100111384682595,7.381225364699873e-06,0.0005372061409679059,0.01355388634503564,0.48700047930434304,0.5833711581639435,0.2898217717291774
35.550000000000004,1.0,54.0,45.0,0.8333333333333334,0.029904899800319296,0.07131866891082744,7.023435381867585,-0.03886028197238206,0.11203482112908142,0.029735298878986145,0.7506240969924612,-0.03515199815095583,0.1279025774332413,0.00030280612893307524,-0.01630232023630459,0.027122943441650754,0.6324889198932026,0.7428127121607067,0.35167693398974553
35.690000000000005,1.0,49.0,35.0,0.7142857142857143,0.014133560598402733,0.03433904698691662,0.9238907638383032,0.08246574649650391,-0.014764006194261955,0.0049211599155419864,0.7521502332823956,0.08485491006866928,0.0010572540045235331,-0.002097730242111351,0.11677274969450654,-0.1091816391941118,0.54657792499944,0.6458456315672384,0.3195274314066634
35.85,1.0,45.0,32.0,0.7111111111111111,0.013790919395497057,0.03308832026979088,0.8827284313692806,0.08552031156084883,-0.019028059898776564,0.0049359706702975185,0.7532171169392373,0.0876534046601187,-0.002394101160160391,0.00020642304872420247,0.044368947749588966,-0.07873536707630499,0.5455090849195453,0.6500475560289176,0.3123665916516325
36.13,1.0,53.0,42.0,0.7924528301886793,0.028471060764603335,0.12580138241109629,3.896763980532828,0.039109797329082846,0.031911544244973264,0.03637572087713977,0.7627083862569124,0.04157618849339829,0.04788501853882658,0.0012928030765004817,-0.031162331822911248,-0.003232035585266829,0.6287371876688831,0.7400431363952557,0.35406537759914536
36.35,1.0,54.0,42.0,0.7777777777777778,0.01563239663424014,0.04008756543642883,0.7066949140566428,0.08560569708830008,-0.01804156247472116,0.004924039586745363,0.7657705960310164,0.08825122892554726,-0.002251618995145085,-0.0004268103923255051,0.03827079224818741,-0.05197936926085343,0.604993039455741,0.7070932295771057,0.3503639759426027
36.449999999999996,1.0,51.0,45.0,0.8823529411764706,0.024752521449052104,0.14821329864412952,2.2022813610548893,0.06827616954390078,-0.0001320238849240596,0.0356739129219674,0.7701244306924797,0.07208922940314103,0.015656884328255405,0.0003199115487996229,-0.006160540599372627,-0.015910720546665744,0.5040604023803208,0.597765086509951,0.3029264632525569
36.65,1.0,45.0,39.0,0.8666666666666667,0.017247535429658803,0.0331438216883235,0.8342642908169191,0.08535453840798829,-0.017695610299258643,0.004917784422152703,0.7733543622330361,0.08771332067343274,-0.0017497809101600335,-0.00016357897999252913,0.01456976278641589,-0.028643531238177512,0.5689389145953768,0.6814045137603427,0.3203493631377721
36.93,1.0,46.0,34.0,0.7391304347826086,0.014364851345644107,0.038858581878597136,0.7316957235615816,0.08290583283692235,-0.016590535117403923,0.004958345335795705,0.7845916962230084,0.08647127026729647,-0.0005540874958679283,1.3216145768768506e-05,0.002183759343086733,-0.01837940882029886,0.6326504528950423,0.7436472227149934,0.35737418519513225
37.050000000000004,1.0,52.0,39.0,0.75,0.015633800460634395,0.038550481010490356,0.683331440292491,0.08624064817971004,-0.01864145680903998,0.004934692994915471,0.7841866798367575,0.08873279797940062,-0.002702803756185288,-3.2186105698883694e-05,0.0039091289576134725,-0.01386795964185573,0.5292196669541643,0.6218841105083512,0.31432915183922794
37.330000000000005,1.0,47.0,35.0,0.7446808510638298,0.015800700555584548,0.03093898021937983,0.8747968451149236,0.08484951346618848,-0.019189692694323926,0.004894395889020509,0.7956951157425872,0.08901600617201097,-0.002904693310103026,-3.1086614618591746e-05,0.00019508128195723506,-0.010059859088548421,0.6262369536853014,0.7385519630177309,0.3548785612862632
37.449999999999996,1.0,46.0,33.0,0.717391304347826,0.014725288910608652,0.031420641761005626,0.997106302615073,0.08760974538955624,-0.018321593000404153,0.004909857732016448,0.7951249076102561,0.08936943000547008,-0.003205063966682971,7.494989195466761e-05,0.0028132965517257413,-0.005622276612792768,0.5277873735459248,0.6213274471751049,0.31315366133518613
37.65,1.0,47.0,33.0,0.7021276595744681,0.014284031800851039,0.03621925022096299,0.8953078898284575,0.0871036546577153,-0.01691299416765237,0.0048488764746234285,0.8019227194519185,0.0885452542939454,-0.0022963309613636285,9.415014293556734e-05,0.0006585528292741838,-0.0024547549083288006,0.5744750851843992,0.6859385801534974,0.3250388658863381
37.93,1.0,54.0,42.0,0.7777777777777778,0.03012314562591944,0.10018990201323244,7.467512274808364,-0.02388682999011846,0.10861617984487074,0.03239718570597751,0.8112867889071042,-0.019995271694324024,0.12386674661027866,0.0016415715216246962,-0.1106519485214052,0.12387107066463438,0.6324498179677273,0.7430880091758567,0.35930842061276447
38.029999999999994,1.0,57.0,46.0,0.8070175438596491,0.03491687465385524,0.08809253295408392,8.509019069001107,-0.04514352889341227,0.12,0.03770047413968823,0.8169703764154695,-0.041082490938206144,0.13535456177998373,0.000965803868910875,-0.04992384280697746,0.090983116484634,0.5108099441191086,0.6036122831988658,0.30724394992429954
38.330000000000005,1.0,61.0,49.0,0.8032786885245902,0.04460783074953015,0.1082052829949945,9.079622881881336,-0.061509563160236355,0.12,0.04816666410361666,0.8212438210156111,-0.05854822662411175,0.13295876987570476,0.00037200864384323573,-0.03646005876227639,0.06314455548834476,0.6351831963788976,0.7448822796605364,0.3589195063392342
38.449999999999996,1.0,63.0,51.0,0.8095238095238095,0.042132251065707796,0.10267413644961347,8.852370324464378,-0.047213326822820235,0.12,0.04583800647895562,0.8210438961097599,-0.043727625808521416,0.13221552774565237,-0.00031427278563922467,0.004960578051063189,0.040542500256475864,0.53037122962804,0.6214248589115589,0.31505509243407265
38.73,1.0,45.0,31.0,0.6888888888888889,0.07464913160019501,0.1131877171331775,7.979532034200201,-0.1215213169092697,0.12,0.07670097518263673,0.8305292202793583,-0.11815734038629144,0.13251082510914614,0.0008633438223009104,-0.07322148034106181,0.027766456325229616,0.4096349968722233,0.5362949406716049,0.3479493580424903
38.830000000000005,1.0,45.0,34.0,0.7555555555555555,0.06867344571613375,0.113780561434248,7.944872492427407,-0.11408019037988261,0.12,0.07151549833108801,0.832338780023044,-0.11067725067448482,0.1326117051631267,-0.0005264031866041297,-0.02672247839962849,0.01820565050624469,0.40795521459896683,0.5039182979421564,0.307182519819412
39.07,1.0,49.0,33.0,0.673469387755102,0.05460579141427462,0.12856315020547934,7.597261829688758,-0.08655988385848899,0.12,0.06318887944692045,0.8384921230439041,-0.08394307746513974,0.13308747858926606,-0.0009479534652103716,0.013548479162682744,0.012637931292065085,0.5328555217581914,0.6431434182037391,0.337432371771002
39.27,1.0,50.0,41.0,0.82,0.10599778772433112,0.15773134835228597,8.493618442791666,-0.1692811862443105,0.12,0.1075934074375975,0.8457584338014175,-0.16706122515311964,0.13361625442054936,0.000901752693658886,-0.07858245495857144,0.008352748004836985,0.26568415054435796,0.35558748813827523,0.3359225282876131
39.43,1.0,53.0,35.0,0.660377358490566,0.10149238995240359,0.1486661870633522,5.848902895611623,-0.1518176740993728,0.12,0.10397124423299746,0.8480041486962928,-0.1492770449665101,0.1339323631346202,-0.00036769101026989937,-0.03345489889160655,0.005622949748424005,0.3048730602157419,0.3991316012284878,0.3200317992637617
39.669999999999995,1.0,52.0,40.0,0.7692307692307693,0.12283202646830471,0.1740533545611578,6.853579048018422,-0.17650535460872632,0.12,0.12462417160799433,0.8538655929601626,-0.1745856821181923,0.13456051767281207,-0.00024329673409506647,-0.0454263833841502,0.0038460463804100846,0.2709191849939784,0.3653164843416737,0.3430278343979439
39.88999999999999,1.0,54.0,42.0,0.7777777777777778,0.13743473536311515,0.19567331844563315,6.252046882291919,-0.1970676684037013,0.12,0.13929946150742514,0.8615757315307018,-0.19366761213838143,0.1334093913565252,-0.000444590591136107,-0.05028705707031533,0.0025533565480341247,0.25019817486840534,0.335471394506519,0.3456720981323481
40.089999999999996,1.0,55.0,41.0,0.7454545454545455,0.1363358032492853,0.18823155673053166,6.4645340484172955,-0.2,0.12,0.1379365280662004,0.8651394904576594,-0.1957814624589939,0.13347198253762105,-0.0007307390843672712,-0.03676777011785248,0.0017083486859693633,0.26713423016786664,0.35287191206410723,0.3395372702588369
40.23,1.0,53.0,45.0,0.8490566037735849,0.14570465453411677,0.24744235877271248,6.9938144795476465,-0.2,0.12,0.14617437966510669,0.8687326663217242,-0.1951653104179866,0.13345719829007713,-0.0008621653536989848,-0.02422640927013575,0.0011493188816555922,0.23450951927796548,0.307160684583628,0.31386067269352336
40.43,1.0,69.0,59.0,0.855072463768116,0.15479249603650874,0.25477137412450346,7.398603851649642,-0.2,0.12,0.1554791120397485,0.8764938142219089,-0.19579819406184265,0.1337190523268864,-0.0008649326111948019,-0.017715458863302447,0.0007998079721842355,0.22685188317456445,0.3014179142884604,0.32536260083957463
40.63,1.0,64.0,47.0,0.734375,0.15661410075351873,0.2576972407427635,8.268572644229224,-0.2,0.12,0.15754269235849183,0.8807973111409949,-0.19392299254608816,0.13449545718052247,-0.000439319440351138,-0.01286481217715213,0.0005505628523477524,0.23320438931821508,0.3092434786148818,0.33055762049105447
40.830000000000005,1.0,61.0,43.0,0.7049180327868853,0.16225389464132667,0.2623938062027661,9.25756440853133,-0.2,0.12,0.16183729332512742,0.8860543649531529,-0.19327786905871436,0.13462100785275538,-0.00033032899303719887,-0.009511329379635253,0.00037507450773380246,0.23105897973276773,0.30595941972648555,0.3328777500444535
41.029999999999994,1.0,72.0,58.0,0.8055555555555556,0.08584863145596158,0.227730506364254,7.332335500073083,-0.08561301121603127,0.12,0.10328097690563423,0.8901029969202024,-0.08032256720706424,0.13466028892752335,-0.002148959167112774,0.10707634169713523,0.000254902443451277,0.43195794365904727,0.5258627139820597,0.3339074403850336
41.23,1.0,71.0,60.0,0.8450704225352113,0.0854020557432062,0.2258022161469812,8.687413351095163,-0.10543684135080511,0.12,0.09708573016419896,0.8952761956750293,-0.0998507002571044,0.13423323574007984,0.00047580244687717155,0.03033105365059173,6.896103654527308e-05,0.41444890075928625,0.5001756305705584,0.33436478265120695
41.43,1.0,65.0,53.0,0.8153846153846154,0.06981292514080462,0.17860330817042608,8.64875461086642,-0.09947641631588501,0.12,0.07710080861585605,0.9006499430336539,-0.09342745005098123,0.13418623093438853,0.000641539902229149,0.020474916382849206,2.0242288890304216e-05,0.5017602396684155,0.590834681971234,0.33456667052185135
41.63,1.0,67.0,55.0,0.8208955223880597,0.08670133561094351,0.18319350880035987,7.524560726768773,-0.11356220349728577,0.12,0.09278253688617173,0.904792246348122,-0.10822917944339738,0.1341050692298652,0.0007036197742673611,-0.006177295760840432,-9.36980656715547e-06,0.3704315425752297,0.46170694832288883,0.33465724405795033
42.029999999999994,1.0,65.0,50.0,0.7692307692307693,0.111293038895272,0.2065469179017329,7.606814000440958,-0.14513686809318774,0.12,0.11574335537062502,0.9162947759704609,-0.14023502509346822,0.1327375820957991,0.0006416277568984663,-0.03624110146825141,-1.3079838935559085e-06,0.353243432505392,0.46450637425149544,0.40173021647946244
42.190000000000005,1.0,66.0,49.0,0.7424242424242424,0.12899737091904193,0.2112383303510765,7.123217550818733,-0.17416257434915577,0.12,0.13218191829239526,0.9198273975998894,-0.16746453585589205,0.13305723515820256,0.0005252656286899304,-0.04877869780670596,4.1652921399459863e-05,0.2677966013551965,0.3465183267013953,0.3491547824161805
42.38999999999999,1.0,68.0,48.0,0.7058823529411765,0.14009475705212907,0.21715384676050495,5.6995474643714745,-0.17820733309282788,0.12,0.14292742348022142,0.9256868073241924,-0.17312540656181488,0.13368347536723568,-0.0001277535979258282,-0.03660638624225729,5.68195824112161e-05,0.2481879138325901,0.32592183324538204,0.3410526243487859
42.589999999999996,1.0,63.0,46.0,0.7301587301587301,0.1529932754395336,0.22286336886429375,7.619407125070859,-0.2,0.12,0.1550935752999381,0.9311006350727796,-0.19412891249268338,0.13396918756128778,1.028518862633554e-06,-0.04706646570148218,6.148526269933452e-05,0.22876645189235123,0.30351275101361647,0.3375160877026807
42.830000000000005,1.0,63.0,47.0,0.746031746031746,0.16042225367190566,0.24922760511196906,6.296211452755286,-0.2,0.12,0.16162535325725394,0.9375384593539487,-0.1943472115564124,0.134067581851386,-0.00044086698585354966,-0.03355049166755836,6.59122389759792e-05,0.23423844844239328,0.3139039198705084,0.3504878839882274
43.050000000000004,1.0,65.0,47.0,0.7230769230769231,0.1677474923002529,0.2593885099629082,9.095531404169472,-0.2,0.12,0.17013423800023073,0.9447152228950595,-0.19406155269653888,0.1345485043548743,-0.0005228854278386263,-0.023867583253363217,6.252612202808927e-05,0.22499319844846807,0.2993278456459669,0.3488505979003721
43.190000000000005,1.0,61.0,46.0,0.7540983606557377,0.17083693305713266,0.2641597933998386,9.793412490499744,-0.2,0.12,0.1727989548412725,0.949150226587545,-0.19485811251647267,0.13403398409576217,-0.0008143634525195065,-0.017279014000168347,5.569819359435569e-05,0.21029406827998695,0.27568621661231324,0.3182168797936292
43.38999999999999,1.0,72.0,46.0,0.6388888888888888,0.17789027634995244,0.2670722720845288,7.269006910778012,-0.2,0.12,0.1795967218504981,0.9521821030821583,-0.19550882367749542,0.13434555202389153,-0.0007926753003598686,-0.012882012938391363,4.705172279775849e-05,0.20587900491145075,0.2729762102912854,0.32734045815924173
43.65,1.0,68.0,54.0,0.7941176470588235,0.15461386458286627,0.2760226962732627,10.468844022811322,-0.16393215095627964,0.12,0.1595272005517291,0.9589167213808377,-0.16008123839675778,0.1342660823851899,-0.0013026195173491129,0.025817014429887458,3.643570779832128e-05,0.2686245822275904,0.35163732030683714,0.35328803208847276
43.79,1.0,59.0,39.0,0.6610169491525424,0.19179330057638058,0.31638357814591694,9.241436483449563,-0.2,0.12,0.1952066244584072,0.9608691410547529,-0.19500371589077434,0.13446262154443994,4.2311974286946e-05,-0.019498970438640795,8.17297461086497e-06,0.17874376882279894,0.23482083704888215,0.32027437732264974
44.050000000000004,1.0,57.0,51.0,0.8947368421052632,0.1528809613731805,0.2981871263844522,7.694502302950371,-0.1589177959438331,0.12,0.1574196644417145,0.9688071693150672,-0.15432391352337818,0.13543435006641846,-0.0005430422224289577,0.025154614099584166,1.0420307452879694e-05,0.2774935151273444,0.36004682727330434,0.35031916531149815
44.190000000000005,1.0,58.0,52.0,0.896551724137931,0.14939583308660953,0.3030058855402934,7.890139951699308,-0.1544611363717548,0.12,0.1557806585004458,0.9737727610311997,-0.1490259363715598,0.1359459667027652,3.990879447457463e-05,0.019961741958975404,-8.42371299389355e-06,0.25520687399367376,0.3237423925879233,0.3188988236118969
44.38999999999999,1.0,60.0,54.0,0.9,0.15025799923958905,0.30787318145341225,8.830638183099506,-0.15947582359198287,0.12,0.15370976204652426,0.9785722872973676,-0.15447015978856965,0.13571356128685375,0.00024451516763435155,0.007912440914806557,-1.682900951377464e-05,0.25942366245617093,0.33171523896109517,0.32764827399611895
44.65,1.0,52.0,43.0,0.8269230769230769,0.1474101544690456,0.252420501776682,7.67438643688285,-0.17570776230243926,0.12,0.1510160361003568,0.98573772008924,-0.168610430977312,0.13659436382788337,0.0009687210919729905,-0.011731013788397443,-1.5617920421873155e-05,0.27889199238503504,0.3592865494888401,0.3534168166520456
44.79,1.0,57.0,47.0,0.8245614035087719,0.14814286291048903,0.25465238293988296,8.082857364924678,-0.17770012959668888,0.12,0.15164027592496196,0.9885047343872191,-0.1706486608651395,0.13674015324720068,0.000640258971219998,-0.009821552629012076,-3.125099321710234e-06,0.25328866429024144,0.3214871471621908,0.32033342626652433
44.99,1.0,50.0,39.0,0.78,0.1535436460588636,0.2596085930392122,8.42599572186384,-0.1889900568069871,0.12,0.15590968197893681,0.9952612161976874,-0.18205468316995896,0.13671276790660197,0.0006016291045087829,-0.01873404570898246,2.1318543089732245e-06,0.24506675964280983,0.31584062396405843,0.32829619983678643
45.190000000000005,1.0,53.0,40.0,0.7547169811320755,0.1602474826802054,0.2284496714632568,7.066052155602833,-0.2,0.12,0.16193174783452657,1.000219545431776,-0.19437399342576472,0.1368602010743033,0.00035931096708463617,-0.024396421282717184,1.1485217714823916e-05,0.2346836148641372,0.30579817369293427,0.33186981976428864
45.38999999999999,1.0,51.0,42.0,0.8235294117647058,0.16262403058453903,0.21543628248158517,7.789205752893498,-0.2,0.12,0.16342802969907466,1.004894300269588,-0.19428772112243764,0.13664312302722414,3.266522925660098e-05,-0.017497307031199172,2.0226643560494754e-05,0.2353314339163261,0.30726668728438555,0.33346153094515874
45.74999999999999,1.0,54.0,41.0,0.7592592592592593,0.16520381569094292,0.22260823374394148,7.251379023628775,-0.2,0.12,0.1662786353555361,1.016141243057069,-0.19304430163921293,0.13762964874974448,0.000273583723513493,-0.013430919675866737,2.1443054308012414e-05,0.2656451830957496,0.3524862148445081,0.38898134247171756
45.79,1.0,62.0,54.0,0.8709677419354839,0.12991648593081365,0.2549141694339351,5.991468258935184,-0.13277378078303628,0.12,0.13968760715524134,1.0160237730020854,-0.12577472103701476,0.13762949132671876,-0.0011339868007071985,0.0583949474463302,2.276203292794765e-05,0.28446234465143794,0.3509799259021046,0.29709291041787345
45.949999999999996,1.0,66.0,62.0,0.9393939393939394,0.14210616808647034,0.2953649752967313,7.739144458042282,-0.13077160358119752,0.12,0.15333792807749624,1.021086100421402,-0.12445548208452813,0.13764920095636268,-0.0003430402110806696,0.039275840116936425,-1.5307819147020174e-05,0.23491271313847212,0.29660129681373326,0.3015917947056786
46.23,1.0,66.0,58.0,0.8787878787878788,0.14539283599910044,0.3052124830163179,8.942842211570719,-0.12949120109090853,0.12,0.15621289717815515,1.03156281682166,-0.12305103017815151,0.13737569569212782,0.00011175322802836618,0.027642641831229234,-3.0695238184302864e-05,0.25716560550931905,0.3386644371894294,0.3495403375807182
46.35,1.0,70.0,61.0,0.8714285714285714,0.1457705585234172,0.30658276288029485,8.348468247939604,-0.1319032078381764,0.12,0.1567858162655438,1.0324833151268407,-0.12452831292875985,0.137219037598601,0.0005405906586997133,0.015769461752388775,-4.127830871950011e-05,0.23417785212334544,0.299322525305796,0.31062583562440726
46.550000000000004,1.0,74.0,64.0,0.8648648648648649,0.15165283987414568,0.31200696011356327,7.950958613160898,-0.13281216504960922,0.12,0.1633560456975616,1.0376724861335844,-0.125722443589527,0.13698757506896297,0.0005472132478412384,0.009519741569489537,-3.5183552736350876e-05,0.22710237318873563,0.2963725245310009,0.32388786731894825
46.74999999999999,1.0,63.0,55.0,0.873015873015873,0.1443474681471805,0.27587203535352267,8.622525229638821,-0.14116342372352647,0.12,0.15097701502775998,1.0420298268959878,-0.13351668577165354,0.13679492907080915,0.0007276224354866301,-0.0021507814354962407,-2.8105589564869637e-05,0.2632134378550924,0.34085474483518824,0.3298965061129555
46.93,1.0,66.0,59.0,0.8939393939393939,0.15554693385492704,0.30869899336381773,8.711778342132556,-0.15168309416939402,0.12,0.16340493620129903,1.0475097612155764,-0.14483323248181845,0.13746842065843434,0.0007330359932440356,-0.012554615348989329,-1.7808703862892683e-05,0.22789739637081652,0.29825120883987954,0.3249961596868534
47.15,1.0,57.0,40.0,0.7017543859649122,0.14061140802443067,0.23871781337985482,9.262533194276617,-0.15933332797861885,0.12,0.1435941677456971,1.054106792781514,-0.15210373997587015,0.1371236755836306,0.000612742960953705,-0.01723055133256987,-6.142794849395283e-06,0.2882934794021351,0.3696330633898876,0.3378600969865737
47.63,1.0,55.0,44.0,0.8,0.1775880278234043,0.2519457359035773,8.319409001473208,-0.19452086201131022,0.12,0.179616726159341,1.0633799090578213,-0.18787136861404968,0.1375767326765932,0.0009208228738089019,-0.04706697054788658,7.50256450418596e-06,0.25345319440439007,0.34513916485324364,0.4259685327417054
47.830000000000005,1.0,49.0,37.0,0.7551020408163265,0.1845557280385523,0.26045508218863517,8.310357963248315,-0.2,0.12,0.18627015111957393,1.0694290973807477,-0.19332574714419673,0.1361073474356126,-6.942978930357668e-05,-0.037041100758645557,2.9967903805161455e-05,0.22788755733291516,0.30115468238186255,0.37279907065459317
48.029999999999994,1.0,57.0,43.0,0.7543859649122807,0.19051998427026276,0.278418624216722,7.427872442815086,-0.2,0.12,0.1924432305002497,1.0731025678178163,-0.1933225547915498,0.13604011705822294,-0.00042191036013816685,-0.026328207559188493,3.737974125550547e-05,0.21243405466773937,0.27879825801447017,0.35116244029275245
48.23,1.0,71.0,44.0,0.6197183098591549,0.19591045368843343,0.2894805931739918,6.8935438063183545,-0.2,0.12,0.19813632068983486,1.079878540637622,-0.19477226880247733,0.1354842971047273,-0.00081215631533893,-0.019828341070376038,3.4219043388683534e-05,0.20192512867730153,0.26483143856142244,0.34192349164296976
48.330000000000005,1.0,75.0,57.0,0.76,0.17462650113578218,0.3449398937690513,9.221987322080732,-0.15484235143737285,0.12,0.1837297261192241,1.0826469212970289,-0.14982277377801997,0.1354847622734362,-0.0015210788940245301,0.030151385678931913,3.153530261185145e-05,0.20988537959080455,0.26749750771191083,0.29880256384962967
48.550000000000004,1.0,72.0,58.0,0.8055555555555556,0.18151984061690352,0.34601812454473774,10.965157592248655,-0.15007691624049715,0.12,0.18921951416335742,1.08490093481023,-0.14600965186397982,0.13517219425460458,-0.0011768141775221341,0.026546722131401634,9.499564423365303e-06,0.20744715449653364,0.2693256971310561,0.3261749129537648
48.830000000000005,1.0,72.0,59.0,0.8194444444444444,0.17687616845818743,0.3106663123338911,8.508504703195669,-0.15039177193229844,0.12,0.18454192095387578,1.0930744319744559,-0.1448656565867114,0.13349321543853632,-0.000715589094331115,0.018070789835105905,-6.075519502768412e-07,0.2327576213819313,0.3071799223068393,0.359779004318537
48.93,1.0,75.0,57.0,0.76,0.15497427777044526,0.3435594418212984,6.865547106909674,-0.12854232754701866,0.12,0.16738958774028476,1.0928816177666805,-0.12371127223741571,0.13332560710903152,-0.0007613968232891288,0.03433983377471461,-9.139094868493292e-06,0.24240766347459883,0.30663448325185716,0.3074737392966911
49.15,1.0,59.0,48.0,0.8135593220338984,0.16040662123592855,0.32836946029889336,8.632557343321608,-0.14468467985042166,0.12,0.16659714266878528,1.0973013788465882,-0.140520715055706,0.13264629323483035,-0.00020485294722760727,0.007141144277876876,-1.6482963154457186e-05,0.2464387103432338,0.31479867722672417,0.3300890250580319
49.330000000000005,1.0,58.0,49.0,0.8448275862068966,0.18530696433440286,0.33619347744538075,7.810094322211914,-0.16397561518242174,0.12,0.19240684862507657,1.103966238710612,-0.15867923219042937,0.1322390607984424,0.0002719770364540963,-0.015167604805893659,-1.3352561827356668e-05,0.1903340613486075,0.24866208490371117,0.32508398057356874
49.65,1.0,63.0,46.0,0.7301587301587301,0.16898456717856405,0.324959990082158,10.127244603876411,-0.15334221704849768,0.12,0.17358314181979176,1.1129041323136786,-0.14825476539139867,0.13158462925679026,-8.984093303965324e-05,-0.001861485036968924,-3.221501541167404e-06,0.2560107716929851,0.3366199465109715,0.37286417370681224
49.73,1.0,53.0,36.0,0.6792452830188679,0.16854767366798418,0.28674905833615816,7.04862935710071,-0.16869803868804362,0.12,0.1725625479509718,1.1163968136025304,-0.1636286508517784,0.13158482782081504,0.00011229746792884576,-0.016987593091384673,-8.042704591482153e-07,0.2230857370154248,0.28337928791038597,0.3056663454123154
49.93,1.0,55.0,35.0,0.6363636363636364,0.18415314790450954,0.2689436523552349,7.489218270531199,-0.2,0.12,0.18512673669550964,1.1184003444729584,-0.19518642485611545,0.13140350490293418,0.00025624675602942126,-0.04367563758126092,7.835393396188328e-06,0.20258944322818564,0.2634827444741309,0.32161354184972957
50.13,1.0,58.0,47.0,0.8103448275862069,0.15793697823714295,0.27865516254655687,6.879675653433594,-0.1389306035215793,0.12,0.16756497621399463,1.1251533847885657,-0.1338644986866369,0.13070934759788988,-0.0008620258167173489,0.027997255356373624,1.9248670272004054e-05,0.24282447697802279,0.31390252713561456,0.32887296716601866
50.330000000000005,1.0,58.0,36.0,0.6206896551724138,0.1883651961972917,0.27729528227335964,7.4560317206199755,-0.2,0.12,0.18975543182408536,1.1262472839121442,-0.19463861579502426,0.13079265748187197,0.0003237222138419149,-0.0419137248397885,-2.606697485946219e-06,0.19818515555981273,0.2605689308191524,0.33212820801728354
50.529999999999994,1.0,57.0,48.0,0.8421052631578947,0.16521011612270936,0.30218856837075647,6.796240016940044,-0.13811648763656867,0.12,0.17319552903749758,1.1344443083623346,-0.13399035283281735,0.13130004834242953,-0.0007734685565441435,0.02982943743175931,7.084816800506655e-06,0.23503753720826934,0.3063260864187799,0.33357580943535037
50.79,1.0,69.0,63.0,0.9130434782608695,0.16989765138061047,0.3072330879305054,7.515997886857497,-0.13319649715664048,0.12,0.17673406646607936,1.1428310601075804,-0.12787233467955478,0.13174827600023276,-9.832056635428188e-05,0.024609866260862395,-1.0857733654501267e-05,0.23788624191736207,0.31200180609494216,0.35588483559537665
50.93,1.0,64.0,54.0,0.84375,0.17519882640058573,0.30696307309472837,9.129530951993809,-0.12771687334580306,0.12,0.18374997256678696,1.1443410042309161,-0.12194356410024605,0.1316120115923861,0.00015407086737617703,0.022222284641112464,-2.237891704284789e-05,0.20815925565306978,0.26965299415142957,0.3214717074521643
51.13,1.0,66.0,59.0,0.8939393939393939,0.16755762705679556,0.3113175046208481,8.086762349476343,-0.12541522964061919,0.12,0.17513140430061822,1.1497139789623252,-0.11968724962899016,0.13146909613035607,0.00029497173799897247,0.01788356895962162,-2.288665090346975e-05,0.2286598088550652,0.29664051282968645,0.3288096978708017
51.449999999999996,1.0,75.0,69.0,0.92,0.18713102139855717,0.3427421761194434,8.750743279343949,-0.14251147876607334,0.12,0.1930261417114027,1.15815119638827,-0.13629031349111115,0.1313822629730147,0.000693280851430611,-0.005498641708043844,-2.2911432299654866e-05,0.2169269857847712,0.28937247125097193,0.37432702127516876
51.589999999999996,1.0,59.0,54.0,0.9152542372881356,0.19121232394680096,0.3336373043283549,8.165032008094641,-0.1542874600172566,0.12,0.19566505976654378,1.1611037268649296,-0.14840116766027062,0.1313765686498568,0.000602509422929387,-0.016015858790472848,-1.1584066493458556e-05,0.19943894207886456,0.2610853666195706,0.32985747267808335
51.73,1.0,54.0,44.0,0.8148148148148148,0.18455816894557883,0.2701236919073941,7.936856651007566,-0.17138200693043013,0.12,0.18576285913518983,1.165400221927703,-0.16521650522925185,0.1313639329426492,0.0006045942342740585,-0.02941212873236898,-2.138443210480956e-06,0.20833071715268348,0.2692359305021549,0.309273209211162
51.93,1.0,57.0,45.0,0.7894736842105263,0.20343758447742152,0.3274647081618008,7.542952682812234,-0.18734417270978918,0.12,0.20519131038030738,1.1696916665235937,-0.18192563169692047,0.13112925297052308,0.00031543061642391734,-0.03795262134599314,9.336647652152807e-06,0.18046693888562013,0.23819504922458415,0.3232693810176695
52.089999999999996,1.0,53.0,40.0,0.7547169811320755,0.1960175337975058,0.2666099526595791,9.811976518237065,-0.2,0.12,0.19606079584211641,1.1747409046238766,-0.19435566509172592,0.13028546831914578,-3.0970060072021965e-07,-0.0421729884413011,1.762417100073521e-05,0.19406599185408324,0.25379842075332176,0.3141310956328611
52.330000000000005,1.0,61.0,49.0,0.8032786885245902,0.18335593207818054,0.27821440917876766,10.64251656644164,-0.17043914272968735,0.12,0.1872212961838127,1.1808838955123544,-0.163844989515394,0.12956863255676276,-0.0006032556405926037,-0.0026908970878243843,2.63186610493793e-05,0.22072856823827347,0.29077249219803747,0.34047096529292326
52.550000000000004,1.0,67.0,51.0,0.7611940298507462,0.18724404579563383,0.3042095897972167,6.908187120884413,-0.15646717674654056,0.12,0.19308633723415922,1.1873292515252252,-0.149486917084626,0.12954765428019532,-0.0005385908023531893,0.011272064063147319,1.8499285879575167e-05,0.21153146821305618,0.27753182376230623,0.34457634393592407
52.77,1.0,68.0,55.0,0.8088235294117647,0.18853202340297007,0.31138044256922826,6.694454540535402,-0.1518510899599963,0.12,0.19309511898778425,1.1934994910805998,-0.14514695806162514,0.12989366495594135,-0.00030600312963091625,0.012015739314984647,6.902861375751578e-06,0.21413112428881956,0.28256615052821094,0.3463350492572641
52.949999999999996,1.0,69.0,59.0,0.855072463768116,0.18463835287518357,0.3285106227916739,8.944220457064928,-0.13271452676252082,0.12,0.189894103545064,1.1958661606546632,-0.12524578847554285,0.13023729079087276,-0.0001653164781678651,0.027458759233045887,-1.3057747983435952e-06,0.21459488610609903,0.27831601663103817,0.3324042042654936
53.089999999999996,1.0,71.0,60.0,0.8450704225352113,0.19234125055948018,0.3486954683978282,8.26583221289191,-0.14687559598112998,0.12,0.1981281864046316,1.2002085223276928,-0.14024405115392855,0.13090375161087253,0.0002746844963745776,0.005159019785344304,-9.824096493998845e-06,0.18948126285829386,0.24501152836316914,0.3104863010265001
53.35,1.0,69.0,57.0,0.8260869565217391,0.19491517541984768,0.3447805183634297,9.004542631627707,-0.15034469484683866,0.12,0.19927637926529113,1.206923663586833,-0.14237379410906656,0.13144697206710043,0.0005879501079912863,-0.000350940943216943,-8.394648879389566e-06,0.20346510870040171,0.2690230878303286,0.3461620474410682
53.550000000000004,1.0,56.0,48.0,0.8571428571428571,0.19661045663609764,0.345320813827656,9.454653601863502,-0.147634606655683,0.12,0.20106916758815607,1.2122354313245318,-0.13975686758224842,0.13139247782727798,0.00045353892597299605,0.00181720218290507,-5.2915601074232654e-06,0.20057527297249686,0.2641467465062348,0.3397511744086416
53.74999999999999,1.0,54.0,44.0,0.8148148148148148,0.19545501696040282,0.31595623944154844,8.042870588671244,-0.16003625050541767,0.12,0.19736073839266025,1.2185095517180302,-0.15311964836547978,0.13129113575223428,0.00043219943605632416,-0.011803013334387352,-4.162367086474327e-06,0.20736342960817955,0.2720290230514349,0.33694439510024216
53.88999999999999,1.0,60.0,43.0,0.7166666666666667,0.17520964295214805,0.3141472680365786,8.845423611740394,-0.13710440092601842,0.12,0.17868538653910987,1.2211139484473374,-0.13028169973576728,0.13125184203026075,-1.4583188311156903e-05,0.01399775937149994,2.4263502126919967e-06,0.22990639331723303,0.2947684106787781,0.3126379227412783
54.089999999999996,1.0,51.0,33.0,0.6470588235294118,0.19707359037132227,0.25956470837974865,5.640171844143903,-0.18592676244025222,0.12,0.19708516345305913,1.2254042543908483,-0.17859314521012512,0.13087101561518988,0.0006774922838643782,-0.03940119519928473,-3.6346341542869975e-06,0.19522892925905433,0.2549660980464342,0.32480687298651484
54.29,1.0,46.0,33.0,0.717391304347826,0.17997784860952534,0.2682555364289308,7.564804690875439,-0.15436612531783844,0.12,0.18436190779884928,1.2294396484617602,-0.14707427314561172,0.13143400849385622,-7.826065269167515e-07,0.0016959394470468792,8.833979994682382e-06,0.22107484919780152,0.2878416110115307,0.3303092585953606
54.550000000000004,1.0,50.0,36.0,0.72,0.19169434418485418,0.27292655598193233,4.952692550929315,-0.16663711855848748,0.12,0.19416509957551703,1.2378098259623895,-0.1587470793223778,0.13102641088100764,0.00021824714675777734,-0.01205219695669943,5.389228203395159e-06,0.2132912763347273,0.28171597593817016,0.3545276389819832
54.65,1.0,48.0,36.0,0.75,0.18944138241890016,0.29657267252170505,5.51441318835262,-0.14670122049194914,0.12,0.19356411899320702,1.2398085780453283,-0.1391148035048098,0.1308704831094828,-0.00020176554718731587,0.011009047373270242,9.03000175803137e-06,0.19477576870119434,0.25031864483912786,0.30494576964148884
54.88999999999999,1.0,64.0,54.0,0.84375,0.18410464074914762,0.32240738881229225,7.381330957460444,-0.1252310275737527,0.12,0.18852536539863712,1.2458291704373168,-0.11787973991880209,0.1309018415935509,-0.00029292283971216193,0.02897085287934338,2.633954675340666e-06,0.2157521852975345,0.28286095482351814,0.3364513262708696
55.089999999999996,1.0,71.0,63.0,0.8873239436619719,0.21176385572778708,0.34477816837705777,7.6724614113980145,-0.14347549827584088,0.12,0.21452023319895827,1.253647399651412,-0.13467241055304727,0.13106038901065487,0.00048086699855254267,0.0016313028675274954,-1.0313476145135114e-05,0.17457494716392105,0.23177739222480712,0.3354903551053881
55.24999999999999,1.0,54.0,44.0,0.8148148148148148,0.2135192573521743,0.3161601784843566,8.754897987928592,-0.17408798510023074,0.12,0.21562788204802227,1.2579035445503164,-0.16474158805375702,0.13171774545131354,0.0009544530366953907,-0.029803818028515505,-7.491486084559851e-06,0.1726051099156621,0.22804827584559298,0.3198319508491008
55.550000000000004,1.0,53.0,44.0,0.8301886792452831,0.2152617395137838,0.3219428591813206,7.996235676456517,-0.15898090151680067,0.12,0.21667018146411413,1.263619790161623,-0.15126506703688136,0.13236428618212498,0.0003400274153220195,-0.008597588640107484,5.608083207986336e-06,0.19167211520546767,0.2586501775717027,0.3640540571064169
55.65,1.0,57.0,50.0,0.8771929824561403,0.20480816753164274,0.3257378954123331,8.559028189775464,-0.13649899568913662,0.12,0.21041162063878996,1.2661571941491327,-0.127684633950477,0.13260690788208096,0.00010402362071149085,0.01578469510354913,6.759385107524274e-06,0.184549189599271,0.24066094201372565,0.3095177254724717
55.93,1.0,61.0,45.0,0.7377049180327869,0.18013276699976646,0.32446993768418764,8.093788690806027,-0.13041392012049097,0.12,0.1877949943284307,1.2715641042944128,-0.12240917144859514,0.132410310011631,4.486112763535388e-05,0.017405640994223592,-3.088812131069041e-08,0.2389591883734712,0.31375862535174126,0.3528785193556246
56.050000000000004,1.0,56.0,44.0,0.7857142857142857,0.18741931073376117,0.28945347521872017,8.325364572474744,-0.1450365813921902,0.12,0.19272648971078418,1.2770244283189278,-0.1364727769314188,0.13231330620297121,0.00048263048730490254,-0.0033064321664290908,-6.560255489840294e-06,0.20654872594143336,0.2636413401007955,0.31220858047058925
56.24999999999999,1.0,62.0,48.0,0.7741935483870968,0.1980255377975677,0.2954198721247978,8.108953288263702,-0.15122285512738115,0.12,0.20377000839326342,1.2824718581781556,-0.1423748720369905,0.1322865183795371,0.0005021364993134103,-0.0092582992098873,-3.2532220461123367e-06,0.19023879670647761,0.2477304489524115,0.3246107019620611
56.529999999999994,1.0,61.0,48.0,0.7868852459016393,0.19485207580172745,0.3189100704384454,9.573712666104239,-0.138233849301478,0.12,0.2014344123257798,1.2863987925343552,-0.12960322275015387,0.1322702410967781,0.00017619543865521337,0.005536150211762736,1.1395077832709877e-06,0.21023629255318957,0.2797406416471558,0.3591380804141002
56.65,1.0,59.0,48.0,0.8135593220338984,0.22383812122021163,0.33323999056885834,9.119485426746426,-0.15854835746524382,0.12,0.2267360350753712,1.2922078090900635,-0.15021276005199152,0.1298541724047947,6.522747979342824e-05,-0.01704162881005472,-9.181703914951101e-07,0.15973096473719284,0.209021526473615,0.3151572005929251
56.93,1.0,55.0,45.0,0.8181818181818182,0.22508873672468777,0.343046366463791,8.933424338625175,-0.16523884205714248,0.12,0.22747613342462827,1.2980281789453234,-0.15750002474516364,0.13008035141096197,1.4182996759037891e-05,-0.02085758688049505,4.4107377031865624e-06,0.17704933532413883,0.23920645173848862,0.3552315957438591
57.050000000000004,1.0,62.0,48.0,0.7741935483870968,0.21379715349265868,0.34282494961921234,10.24987541393446,-0.14399727280955524,0.12,0.2189997314425003,1.3026937689964695,-0.13507105619856177,0.12984574379939173,-0.00023229379152667207,0.004792333929326903,9.504102569668493e-06,0.1782336862846342,0.23351456027682738,0.31331987501164815
57.330000000000005,1.0,55.0,44.0,0.8,0.1946206205117005,0.3482782744204932,9.834772449436208,-0.11386912412066719,0.12,0.2049473719780368,1.31146766879231,-0.10501104156220382,0.12990145631218286,-0.00038855860202602344,0.032712738016269824,4.8782299572891485e-06,0.21420853402694928,0.2841684194086561,0.35446569437785974
57.449999999999996,1.0,56.0,47.0,0.8392857142857143,0.19546657039802892,0.34075335971982557,6.728457748318588,-0.11867550554746813,0.12,0.20380029373390987,1.315171529522478,-0.10956146624532012,0.12991222983908324,0.00010550374819362496,0.01817128278134089,-1.3719393537225955e-05,0.19775763192973217,0.2544503641251683,0.3129582777462183
57.73,1.0,55.0,40.0,0.7272727272727273,0.18255448690915962,0.2845114865677636,7.605756899461373,-0.11789735092586962,0.12,0.18830035851134036,1.3218066713246086,-0.1093607449037053,0.12983492946735165,0.00018375670738857153,0.01352586126494959,-1.6827194349172677e-05,0.2386778857085078,0.31168314871270086,0.3543153722283451
57.93,1.0,55.0,43.0,0.7818181818181819,0.18312199674460308,0.28507453208914985,5.501934674201117,-0.12247125969518141,0.12,0.18937115765524618,1.3244242141252391,-0.11243881995901828,0.13010908780450092,0.0005471683010254136,0.004445314455222976,-1.7592642657132673e-05,0.22720042573522048,0.2940689227376501,0.34328681255467286
58.050000000000004,1.0,53.0,42.0,0.7924528301886793,0.19375750724001248,0.3077803888173169,4.919737076407217,-0.13329999050044855,0.12,0.19894752260795676,1.3292261098994487,-0.12393576129849636,0.12895332600071618,0.00037277453396034055,-0.008271711088376307,-1.2893513542111547e-05,0.19174325641075843,0.24414894256629036,0.30764123244677316
58.24999999999999,1.0,52.0,41.0,0.7884615384615384,0.20738990572239416,0.31530558602313424,7.233895573140275,-0.1517446771605959,0.12,0.21069481064232645,1.3348461663636573,-0.14205908630243877,0.12884535264395935,0.0004702316995677247,-0.02534636645977749,-6.204198817194584e-06,0.17861991576535066,0.2332376216929663,0.322520999571586
58.529999999999994,1.0,61.0,50.0,0.819672131147541,0.21860313463570694,0.3422864769230317,6.913167074040274,-0.14290525769747373,0.12,0.22355783510829996,1.3412994505522542,-0.1322408521941625,0.12878703490732313,0.0002807075082849053,-0.011368055056872842,4.041107853791637e-06,0.17789665477180971,0.24010502473481854,0.3582782499449052
58.73,1.0,54.0,45.0,0.8333333333333334,0.21510174541375204,0.3423798677158267,8.661984722299282,-0.13469199489945521,0.12,0.22033494683106514,1.3471402570303457,-0.12520087724506615,0.12890241767457222,-1.7238954633791437e-05,-0.0011375404280726253,6.591613304823829e-06,0.18406281862566976,0.24588981231479368,0.3449909348695959
58.949999999999996,1.0,63.0,52.0,0.8253968253968254,0.21935175482809827,0.3317545980831378,8.708591485092208,-0.12341155889891671,0.12,0.2262495215494783,1.3520512826640694,-0.11229089737810814,0.12928215723690595,0.00015386829279484537,0.00983984745406491,4.751325310664578e-06,0.17953398517390487,0.23894770124788084,0.34651278530087803
59.029999999999994,1.0,61.0,50.0,0.819672131147541,0.20874307751878124,0.3298383193512349,6.843834917513588,-0.12706452192027592,0.12,0.21480953178039716,1.3538925602364,-0.11582474559577623,0.12928157971536203,0.00026447646862348684,0.00362151070558088,-4.690465874035432e-08,0.1785065484034352,0.23114729636507778,0.2927264740914363
59.24999999999999,1.0,49.0,40.0,0.8163265306122449,0.22987908752037384,0.3429581069006122,5.466682149792328,-0.14004883382390879,0.12,0.234403166534049,1.3602427367122456,-0.12931611038352292,0.12910654617068962,0.00032267349154313507,-0.010950087181030563,-9.274424904448519e-07,0.16048928604094673,0.2123016533267155,0.323404632205643
59.449999999999996,1.0,54.0,41.0,0.7592592592592593,0.20706789630499012,0.30525783318170924,7.6009151208841255,-0.12825021934817446,0.12,0.2123723361706918,1.365457943076312,-0.11704725015994624,0.1296216994438616,0.0002486636080183402,0.0025497030497089457,2.242041183431187e-06,0.1946135647782461,0.2563716526295331,0.3296795667246173
59.63,1.0,56.0,49.0,0.875,0.2191597711378598,0.31074273361437044,6.184163444011356,-0.14015349540868374,0.12,0.22349434435032114,1.3729557017843947,-0.12880861388280787,0.12960912141452707,0.0004038695676662485,-0.010887738100811117,7.099693026257903e-07,0.175829924706831,0.2327046263010987,0.3248971257760924
59.830000000000005,1.0,55.0,43.0,0.7818181818181819,0.22017491854147264,0.3167269813634353,6.795347568083509,-0.14636916988645832,0.12,0.22389292687218773,1.37578321724767,-0.1355631570376561,0.12941881203485994,0.00023840403987374081,-0.014905261484126728,4.641485947115553e-06,0.17811607796855308,0.2362748478764494,0.3303495758659328
60.029999999999994,1.0,53.0,41.0,0.7735849056603774,0.22836167339782174,0.31710093114532756,8.247031498535776,-0.14625898563661305,0.12,0.2296184491251816,1.3792676332710627,-0.13604377393434142,0.12945637495541085,3.9997562982119206e-05,-0.01169228258651421,7.549625927777415e-06,0.1727423162098053,0.22975085719140298,0.3327859816656301
60.29,1.0,52.0,34.0,0.6538461538461539,0.23599040005972546,0.33044119238659814,7.680314019210442,-0.18340984217059825,0.12,0.23584683354727654,1.3877208063159525,-0.17247240097003236,0.12943417611994146,0.00043665615424393067,-0.04712005043337933,7.837093310897325e-06,0.17488312738041634,0.2346757212374777,0.35555828301010783
60.43,1.0,58.0,45.0,0.7758620689655172,0.21458636671529865,0.314018815961838,8.58637400172314,-0.12504439054083036,0.12,0.21994650567658106,1.3896004939039475,-0.11471877967536458,0.12930643072236758,-0.000634527785160266,0.022006844653264537,2.0845995522100758e-05,0.18760770227998325,0.2459165380940449,0.321321477661431
60.63,1.0,48.0,41.0,0.8541666666666666,0.2214400213903938,0.3465596806612829,7.330103095936919,-0.12714798331631072,0.12,0.2284375767224062,1.3945080982676634,-0.1171348760905944,0.1303651236333877,-0.00019487059711820187,0.013916625684272224,8.167087325539057e-06,0.1759161641099244,0.23162664183356452,0.3287424399357569
60.830000000000005,1.0,55.0,38.0,0.6909090909090909,0.20262122885872086,0.30206912782132106,6.494982786934257,-0.1249837858218918,0.12,0.2075867138514277,1.4018996859720523,-0.11640211971790011,0.13172818656593843,-2.9433882117402277e-05,0.011980225241447859,1.792550374218882e-06,0.20715151899935294,0.2702490041573325,0.3320688842914329
61.029999999999994,1.0,59.0,44.0,0.7457627118644068,0.22088403515871635,0.3406090119940769,7.602203762793519,-0.12286729221355937,0.12,0.226997966087449,1.4060100228361099,-0.115089353318691,0.13171337791293014,-1.5809516908937837e-05,0.010357614746852262,-3.872253495046385e-06,0.1758075117667572,0.2309801868655273,0.3335501079462628
61.23,1.0,55.0,43.0,0.7818181818181819,0.22160633993799855,0.34222755266955696,6.983251954468686,-0.12436621196502112,0.12,0.2265652394528771,1.4104308613621794,-0.1159734070587704,0.13193326638373898,0.00021335039155156998,0.005947149510284869,-5.894576471932034e-06,0.17833366620450639,0.23511891973096957,0.33420751251484937
61.550000000000004,1.0,60.0,46.0,0.7666666666666667,0.2298119664631838,0.3237854062440627,7.718411607897777,-0.12730904254095687,0.12,0.23266694994245077,1.419758517359372,-0.11796570594609819,0.13316561598876964,0.0005918683359249499,0.0005229668972478174,-5.639623491454637e-06,0.1873597391597166,0.25150248876878556,0.3764332860172676
61.63,1.0,54.0,38.0,0.7037037037037037,0.2386554278068381,0.32901366464572224,9.30957577505866,-0.14489794383753185,0.12,0.2413400501336219,1.4219361732699265,-0.13557460842541633,0.13316561487585854,0.0007284847797368599,-0.01742392770389191,-3.666439130106669e-06,0.15860863961988497,0.20754011976376766,0.3073835148370131
61.830000000000005,1.0,51.0,37.0,0.7254901960784313,0.24303808951142047,0.3323053678132708,7.589842366445812,-0.12319366295498146,0.12,0.24432670919857993,1.4241509658223774,-0.11386785818104556,0.13285774591910016,0.00019273332906855067,0.007595128074351892,1.753936118398247e-06,0.1594168694650693,0.21101838089080885,0.3224031321843368
62.089999999999996,1.0,61.0,49.0,0.8032786885245902,0.2390872461764011,0.3381154923772899,7.453986867834433,-0.12269243082416544,0.12,0.24488184968325835,1.4341015225304299,-0.11554800546963531,0.1331025122739814,4.8982066757297105e-05,0.005291271877768733,-2.4899963974034373e-07,0.168853084685952,0.22574733815052497,0.3512169387712022
62.190000000000005,1.0,46.0,39.0,0.8478260869565217,0.24274223476097959,0.34872687711776057,8.880894647808521,-0.12482794804234443,0.12,0.24484986886833465,1.433811016994247,-0.1172100329408837,0.13354824531976017,0.00021915066485878043,0.0020107546115901848,-2.0949928938862605e-06,0.1569996695739045,0.20514443504424545,0.3033430623746394
62.449999999999996,1.0,51.0,39.0,0.7647058823529411,0.21777441218399596,0.32139818501737916,7.929916913442486,-0.1208925139464603,0.12,0.2215389243559103,1.442604278107293,-0.11168005028638725,0.1332158419209074,0.0003593314269596526,0.004481838122635404,-1.8332062751147404e-06,0.19758523696355643,0.2596067922753375,0.34309393714189884
62.589999999999996,1.0,54.0,42.0,0.7777777777777778,0.23287354086359108,0.3406752052175644,6.843311150829107,-0.12796726032801334,0.12,0.2382518641965047,1.4464537959250385,-0.11777458334527904,0.1333434647531252,0.000580160424811238,-0.00419320308087863,-2.7869838400418345e-06,0.1642278903819385,0.21440554552113633,0.3155312602987865
62.93,1.0,48.0,42.0,0.875,0.24726171686771503,0.34624966900131804,7.811534201913983,-0.14076116511658493,0.12,0.24849281738794918,1.4554914863212716,-0.1311441419451864,0.13371851940996649,0.0006739511924702679,-0.017141561141125902,-7.439627582039865e-07,0.17249352994424524,0.23357462425545447,0.3757192166481267
63.050000000000004,1.0,58.0,49.0,0.8448275862068966,0.22937198599641337,0.3485005596696549,9.26768863487257,-0.11896089041754664,0.12,0.23511714397418843,1.4579511899421294,-0.10944827153524822,0.13407193784797922,0.00016488258892266572,0.008340755715333173,5.857714527407465e-06,0.17704191887923496,0.2315502000419707,0.3228464243098216
63.24999999999999,1.0,50.0,42.0,0.84,0.22979498495495207,0.3274700404510602,8.984974996360524,-0.1285394415688942,0.12,0.23209272593515345,1.4614467673748814,-0.11778912886077217,0.13385643878997688,0.0004774002027425617,-0.003564064395783939,1.4111934119320768e-06,0.18034709922447723,0.23591687880924142,0.3294287858755298
63.38999999999999,1.0,49.0,44.0,0.8979591836734694,0.21765660772026685,0.3457760110347443,8.909303049146398,-0.11730515838528163,0.12,0.22287215546023834,1.4650287430226312,-0.10731937873257981,0.13361325677957037,0.00011570418871453825,0.008056869830734864,1.925958189569199e-06,0.1833689433419462,0.23674639702391503,0.30906886001563355
63.589999999999996,1.0,53.0,44.0,0.8301886792452831,0.23965742344692445,0.3376475818805217,7.950785152286269,-0.12778275198628752,0.12,0.2422931681056213,1.469531790114128,-0.11696671032750071,0.1340485132960233,0.0004818100635353151,-0.004834958391720406,-8.115565362232235e-07,0.16011888463756663,0.21028938579780276,0.32317582651713195
63.93,1.0,52.0,39.0,0.75,0.23828666193030953,0.3387142788285218,7.942450826819798,-0.13189632224292824,0.12,0.24071314261517626,1.479775040014213,-0.12097554062763965,0.13386181555113452,0.0004905320976227312,-0.009149923306912902,6.512170815653473e-07,0.18265419737515834,0.24679741354606216,0.37868420538225234
63.99,1.0,49.0,42.0,0.8571428571428571,0.22373992249226604,0.3370000281333073,9.380653836099757,-0.12832005409065964,0.12,0.22630194309038662,1.479985862028046,-0.11812515285918151,0.13367446413818962,0.00016208358687985758,-0.0033511038809207194,4.016753156810271e-06,0.17942906119800733,0.23125708035180328,0.30031246374241893
64.19,1.0,46.0,40.0,0.8695652173913043,0.24753182917323996,0.342378530016639,8.680417618301973,-0.12186689431401224,0.12,0.24882534975964893,1.4868439094976023,-0.110873078132048,0.13357525430255535,0.0001546275609796144,0.0030501721543876453,3.6518676057584187e-06,0.15402899919951607,0.20250273490296072,0.319140417536598
64.38999999999999,1.0,54.0,45.0,0.8333333333333334,0.24087771641796607,0.3493339255763446,6.998892010979742,-0.13896113303821267,0.12,0.24293227809770326,1.489539895819788,-0.12846263712080208,0.1321492871704576,0.00014495230046951413,-0.014983922963135582,1.6153537352459058e-06,0.1642868730431656,0.2171527768488956,0.32775832929750476
64.59,1.0,53.0,45.0,0.8490566037735849,0.23754854901120176,0.3437774794058768,8.030422727977985,-0.13486382156145077,0.12,0.2405620380580206,1.4941798847264465,-0.12559616330984832,0.1320291603488738,-0.00016647071401076907,-0.008204452982425212,4.57211978927008e-06,0.1688926211989298,0.2234057418876546,0.3316303496292429
64.93,1.0,56.0,44.0,0.7857142857142857,0.2526556146138431,0.3367967059108952,7.768678145093513,-0.1559835689786128,0.12,0.25350010901617076,1.4965905008751306,-0.14590015105275783,0.13011345256279971,-0.00012846216735584726,-0.02778234913841454,5.080707048382704e-06,0.17151010085281135,0.23303051738334818,0.38193223790208036
65.13,1.0,48.0,39.0,0.8125,0.25015607406096696,0.32188714857191236,6.860805298310578,-0.1609060400970491,0.12,0.2501481591771284,1.4978692895984689,-0.15123299323456238,0.13044788394103246,-0.0002748209914713584,-0.026374589044655394,6.992281639583986e-06,0.1729293246526798,0.23084370646420135,0.35498560669423773
65.15,1.0,51.0,43.0,0.8431372549019608,0.2503330290311976,0.33815441538374863,8.321238099607314,-0.1540900485831545,0.12,0.2512906547991731,1.4979647916682148,-0.1444245675712579,0.13044780001897294,-0.0005038401986410257,-0.013492720561898708,7.326903713966715e-06,0.14858523547457753,0.1892292153030908,0.27104544265198155
65.35,1.0,51.0,40.0,0.7843137254901961,0.2542613467570918,0.3378806283051684,7.420879710621968,-0.15963955531223226,0.12,0.2545874691470283,1.4998338388909243,-0.1501006106469912,0.1300419540112715,-0.0005112188375377968,-0.016717590109008584,6.240992575262672e-06,0.15010674951655656,0.19545370630080947,0.30529809470716507
65.55000000000001,1.0,51.0,40.0,0.7843137254901961,0.25368865812571306,0.33654341478505084,7.174581759336503,-0.15547182612639773,0.12,0.2544169776015967,1.4985446732907957,-0.14618649176195941,0.12940944058384968,-0.00071483021799712,-0.009150901482703477,5.808840408488836e-06,0.15411281908236935,0.2027120602065513,0.32144465347061774
65.75,1.0,50.0,39.0,0.78,0.2522436082530988,0.32315195649644035,7.287242705635512,-0.1580325285421096,0.12,0.2528953785485308,1.4998799173794166,-0.14812254305251418,0.1295942635425894,-0.000526845169760426,-0.010009828276703131,4.162263652379704e-06,0.15841273989115698,0.20906470585395145,0.3287985478015651
66.03,1.0,51.0,39.0,0.7647058823529411,0.2531623267200994,0.33861360541777763,6.700133892382391,-0.1601162427975949,0.12,0.2530522537566863,1.4999314685835303,-0.1499185157213038,0.12893120954184129,-0.0005615603721993434,-0.010019695662105893,3.1759961173494226e-06,0.16929871036219618,0.2271245939614628,0.3608541000263177
66.28999999999999,1.0,55.0,45.0,0.8181818181818182,0.23595465575897354,0.3360060606921117,7.000461093300805,-0.13915172770906264,0.12,0.23840873796060005,1.4953407457301515,-0.12996926796023756,0.1299028136117769,-0.0007497330203178887,0.013752681983360826,2.3111928684760308e-06,0.19236239177784867,0.2550738359457951,0.36700891750559433
66.35,1.0,53.0,43.0,0.8113207547169812,0.2409449254936698,0.33482238675732456,6.720929549206903,-0.14731915007463622,0.12,0.24253558450575205,1.497557826639258,-0.13802763254136094,0.1298193307537837,-0.0003939839080993046,0.0018149379255661957,3.1004878134621716e-06,0.16419628601706665,0.2097033608209323,0.29455016145821605
66.63,1.0,53.0,43.0,0.8113207547169812,0.24311528721221948,0.34020161182220177,7.663268085992237,-0.14178257681313777,0.12,0.24525651699977252,1.4996819873181597,-0.1311211751211078,0.13049744859067658,-9.767491415613172e-05,0.006729805739327799,2.1914452783267087e-06,0.17273770451413625,0.22764128312547924,0.34655024877539475
66.75,1.0,49.0,40.0,0.8163265306122449,0.2419436164222286,0.3401875579558758,6.652931907449899,-0.1443245599692974,0.12,0.24394982550903366,1.4993580794438581,-0.13448313965698275,0.13046567219505517,-0.00011023511691088395,0.002690742487399589,1.1065871832471874e-06,0.16347468625496336,0.21078250746782823,0.30920280692151914
66.93,1.0,46.0,37.0,0.8043478260869565,0.24245915879123525,0.337318316451836,7.512799496578011,-0.1466843099679246,0.12,0.24392375128997035,1.50025080957374,-0.136227380465361,0.13058918321051782,4.729822210536305e-05,-0.0003338643268455399,7.035208828276573e-07,0.16324392867044382,0.2126918939383863,0.31543503093645137
67.13,1.0,50.0,41.0,0.82,0.24334140059715328,0.3396717989380861,7.206222558879436,-0.14226439174623234,0.12,0.24556270627545893,1.4989804071415833,-0.1323921943793306,0.13040568620465887,-0.00011407763953164007,0.004296006945343656,4.931480410141909e-07,0.16338562089143732,0.2141640554273572,0.32608019568981067
67.49000000000001,1.0,52.0,42.0,0.8076923076923077,0.24330571625825698,0.34056132803798816,7.467575865495609,-0.14600971694122666,0.12,0.24553401425561364,1.4996258965908744,-0.1353570076873321,0.1305589022465944,9.257757977931824e-05,-0.0004340232819335377,3.9215682776094773e-07,0.18397752145920485,0.2467387232759115,0.38621616746189363
67.55000000000001,1.0,54.0,44.0,0.8148148148148148,0.2402454815631362,0.3388336591287549,7.7905193687175975,-0.13330870559859995,0.12,0.24136410354562157,1.4992237042097931,-0.12420242812570632,0.13142127387727143,-0.00013518379322685625,0.012410137833317889,2.3814066216210072e-07,0.16740727287498539,0.21531213993929776,0.30398102889382955
67.72999999999999,1.0,54.0,44.0,0.8148148148148148,0.24464167857647476,0.3396685174809384,7.597483182657727,-0.14049796892595862,0.12,0.24624605529986693,1.499506837455622,-0.13277722251013085,0.131836224540128,-5.7859777356839004e-05,0.0025220462121898213,2.851987394303368e-07,0.1609569094215026,0.2095332266419346,0.31297915284065486
68.09,1.0,51.0,44.0,0.8627450980392157,0.24548621902801313,0.34060280254739367,8.150288924014417,-0.1441475650687175,0.12,0.24659948646438337,1.5001696898594694,-0.1345663559875075,0.13159748944553484,0.00020407958707369112,-0.001721445585761261,1.844584533727822e-07,0.18149189936055202,0.24273136520958308,0.3812405956806339
68.15,1.0,55.0,45.0,0.8181818181818182,0.23788133317148755,0.33989655140741654,7.218540714074842,-0.1285537059917844,0.12,0.23971853094843334,1.5006154443657953,-0.11856399362876283,0.13157735013167338,2.298057220828653e-05,0.014218488916459299,1.2555092998578488e-07,0.16866710175989605,0.21641346967568054,0.3015622863963292
68.43,1.0,55.0,47.0,0.8545454545454545,0.23671863568365029,0.33964764647185514,7.786829986111042,-0.12327152665529394,0.12,0.23877285824076203,1.5006027481996322,-0.11307505033634155,0.13167135012664122,8.592892520487005e-05,0.01642059882636626,-2.199348366482834e-07,0.18095234026233487,0.2382639137660542,0.34953077796016097
68.72999999999999,1.0,55.0,44.0,0.8,0.24148894263352866,0.3416507330633623,7.323325722953602,-0.12343875115078326,0.12,0.24368573243887087,1.5031479991177934,-0.11219560598112523,0.1330752503734653,0.0005143272140024635,0.012067547432320927,-2.3156314718497661e-07,0.18455045961929864,0.24547246726281022,0.37584349078379053
68.75,1.0,54.0,46.0,0.8518518518518519,0.2378111478254986,0.33974512824916414,7.9601919087302,-0.11709256013843003,0.12,0.23953133520247794,1.5014254833508027,-0.10690225832508181,0.13317141526460652,0.00030918313701722155,0.01564538103274117,-6.51530468492867e-07,0.1628131085868369,0.20581150151187574,0.2819628441547148
68.94999999999999,1.0,50.0,44.0,0.88,0.24131504205064983,0.341263436028351,7.876366548153794,-0.12301523712105762,0.12,0.2430585777368901,1.5028104978200751,-0.11398333061160189,0.1333854133256901,0.0003245426972027232,0.006343714514833745,-2.056075955603198e-07,0.16183946532168103,0.2087597720837199,0.31052735655781943
69.13,1.0,55.0,47.0,0.8545454545454545,0.24136152861689783,0.34299527054819257,7.902427192755298,-0.12041297602364148,0.12,0.24288449587928143,1.5047660781372705,-0.11022966596549463,0.13365113913182014,0.0004615122659663573,0.007397762902853364,-3.0176688789462775e-07,0.16223212186016964,0.21141086588366126,0.3160551662055159
69.33000000000001,1.0,56.0,47.0,0.8392857142857143,0.2418684651664674,0.34042658551241994,7.576721016518008,-0.12365549055774387,0.12,0.24355367753250998,1.5021645657127654,-0.11314744954879137,0.1338464419770652,0.0005242068165816072,0.0029169617039212087,-6.412519021059548e-07,0.16398753053891693,0.21502264151658146,0.3263617115572818
69.59,1.0,51.0,46.0,0.9019607843137255,0.2382517038351672,0.3403738811741268,8.09276342734121,-0.11775210699470112,0.12,0.24021286982561005,1.5018375667428996,-0.10862977813073656,0.13268837044045412,7.410374340333092e-05,0.008197501572287241,-3.176821810613184e-07,0.1772119262425817,0.23445410367206387,0.35288023669282725
69.72999999999999,1.0,52.0,47.0,0.9038461538461539,0.2454847306296193,0.3431564042809498,8.286624393247985,-0.12340029984685691,0.12,0.24698640175498046,1.5041279026754073,-0.11351041175589423,0.13200230170620653,0.00022067562331895552,0.0003571483802896208,9.86242751077615e-08,0.16079334993318578,0.21041896980185237,0.32008632120785513
69.93,1.0,52.0,47.0,0.9038461538461539,0.24287043238770117,0.3404742882600074,7.406632737866699,-0.12167346919723428,0.12,0.24452040928538363,1.5018297184770044,-0.1119122575191183,0.1326999005837658,0.0002192538297183244,0.0022931134489109634,5.375738945656572e-08,0.16567605593663323,0.2174443998971819,0.32818605267880696
70.19,1.0,54.0,48.0,0.8888888888888888,0.2433232698480946,0.3426976744156591,7.899211683090547,-0.1186468338444816,0.12,0.24528529876355687,1.5040776124772517,-0.10938614998918868,0.13249708627477197,9.334754425438518e-05,0.004541944207691662,1.112483506426898e-07,0.17302696363226217,0.22903046647552597,0.35364330861150306
70.33000000000001,1.0,50.0,38.0,0.76,0.2454170075057838,0.34102340626475486,6.369935591426643,-0.1285128538322638,0.12,0.24691445997669328,1.5019162644884168,-0.11890569620165081,0.13265661776310045,0.0002803568862688177,-0.006084142078998614,-1.598683319337102e-07,0.16299930927962097,0.2130709095410247,0.32043889687491733
70.59,1.0,52.0,46.0,0.8846153846153846,0.23964685055256021,0.3421513963436897,8.41492418240826,-0.12046115877217335,0.12,0.24154751498203667,1.503497062834183,-0.10953873517394677,0.13243114108796472,0.00023405080790106503,0.0030696031248045458,-3.26741012107723e-07,0.17803461627238124,0.23485164942570805,0.3503904295695078
70.78999999999999,1.0,51.0,44.0,0.8627450980392157,0.24917489550816702,0.3429915788794835,8.524349469589604,-0.13513263526788563,0.12,0.24932339505852755,1.5032263270396589,-0.12426000310293896,0.131022411089721,0.00020037947138540346,-0.012290961276122517,-3.122287902113108e-07,0.16687052678436884,0.21948415020102643,0.3415904320778389
70.93,1.0,51.0,46.0,0.9019607843137255,0.24375679858908778,0.3429089850587778,6.587348451355277,-0.12095914772464278,0.12,0.24502940060761086,1.5027812954043627,-0.1118396681722856,0.1288760082291155,-0.0005460942152213377,0.004569092575703426,-5.899705449174952e-08,0.16446116978207936,0.213795410559355,0.31482686938919874
71.13,1.0,50.0,45.0,0.9,0.2435796941481416,0.34315841316089135,7.869974701691985,-0.12287991423757322,0.12,0.2449910735674589,1.5027513325119672,-0.11244813464075398,0.1278496264252772,-0.00037717237140699744,0.0016668375496176752,-4.253263602427282e-08,0.16588720905719423,0.21681337589288474,0.3258038727924138
71.38999999999999,1.0,51.0,46.0,0.9019607843137255,0.2411090975179113,0.341910266986156,8.204714906402158,-0.11764889671105727,0.12,0.24285901746761918,1.5011453045351533,-0.10759518095963086,0.12643182210540377,-0.0005662757356015291,0.006697212865600322,-5.555601165219137e-08,0.17664275740927254,0.2331735186925905,0.3526465658876535
71.59,1.0,50.0,45.0,0.9,0.2429408381057076,0.34256860413566737,7.766240387814567,-0.1235822641866039,0.12,0.24386381161567716,1.5020621246628512,-0.11234486908489173,0.12785514548846544,-5.561690176714151e-05,-0.000876241656662835,2.2644820601991356e-07,0.17365251851337266,0.22814780531459414,0.3425670130251599
71.75,1.0,54.0,44.0,0.8148148148148148,0.25437553036263977,0.3430469694108187,7.113887918717396,-0.12259624103896496,0.12,0.2539479733870323,1.5026651075570505,-0.11210310432526183,0.12845046373813662,-7.228449223384281e-05,0.00024013004324625886,1.2455140893652406e-07,0.1565949815844841,0.2041984204141335,0.3230911873129215
71.88999999999999,1.0,56.0,46.0,0.8214285714285714,0.24632519123994998,0.34250032808641945,7.865459512675876,-0.1243961443076668,0.12,0.24797524868395568,1.5021746330275343,-0.11357175319348527,0.1285083639180054,-1.101559694349774e-06,-0.0015453534589109225,8.288355354824084e-08,0.15797008736801804,0.20477460651425505,0.30603069446403264
72.09,1.0,52.0,46.0,0.8846153846153846,0.24408294733265962,0.3410268025574454,7.749149138029701,-0.12398435178040787,0.12,0.24506730639804372,1.5007608964834838,-0.11375729251080452,0.1287443124038069,-6.655946882028196e-05,-0.0006488544762295323,4.002233452982117e-08,0.1639443870831475,0.21420730571218033,0.3217817842892763
72.33000000000001,1.0,53.0,44.0,0.8301886792452831,0.2417891493138233,0.3413205992443678,7.565962796396956,-0.1210647968472561,0.12,0.24355441886363455,1.500888848247662,-0.11153082984098633,0.12800146046546412,-0.00025650936844678895,0.002374268338691518,-4.222722727043049e-09,0.17188552724856274,0.22693234806871726,0.3437833633285814
72.55000000000001,1.0,50.0,45.0,0.9,0.24334649402060318,0.3432296971119407,7.8985943761555575,-0.12280308847333703,0.12,0.24461683730712458,1.5027957348291772,-0.11240774732586938,0.12777375732906815,-9.23691923437886e-05,-0.00012860368665852662,8.659855965653662e-08,0.17254562271222884,0.22710256296008804,0.3459976321507708
