dataset_image,split,source_relative_path,source_sha256,annotation_class,class_id,x_min,y_min,x_max,y_max,yolo_x_center,yolo_y_center,yolo_width,yolo_height,decision_source
green__brightness_high__run_01__20260820T145310_724.jpg,train,green/brightness_high/run_01/20260820T145310_724.jpg,ac68f8c86edc904338d1209bf5020efc417e2ac0f16c68b0aeba98ebe8e830ea,green,2,326,180,344,210,0.697917,0.541667,0.037500,0.083333,green_folder
green__brightness_high__run_01__20260820T145311_249.jpg,train,green/brightness_high/run_01/20260820T145311_249.jpg,07aa42034a13c2b16a6187f78f4680a170e9a5ac993550512f0a9d7011fb93d9,green,2,326,180,344,210,0.697917,0.541667,0.037500,0.083333,green_folder
green__brightness_high__run_01__20260820T145311_773.jpg,train,green/brightness_high/run_01/20260820T145311_773.jpg,afc6242804ea0f33b8080af00066fa8d4684afc0013b9e6494629da2002797c7,green,2,326,180,344,210,0.697917,0.541667,0.037500,0.083333,green_folder
green__brightness_high__run_01__20260820T145312_295.jpg,train,green/brightness_high/run_01/20260820T145312_295.jpg,265ff219a1379f281e7ce37f1c9282da8e4132788f5e4d6ce38c810b0840bd7b,green,2,326,180,344,210,0.697917,0.541667,0.037500,0.083333,green_folder
green__brightness_high__run_01__20260820T145312_818.jpg,train,green/brightness_high/run_01/20260820T145312_818.jpg,5e79540c8b5232b38dcada80151dc3646e5b90b4045f105c66572f08bf844922,green,2,326,180,344,210,0.697917,0.541667,0.037500,0.083333,green_folder
green__brightness_high__run_01__20260820T145313_343.jpg,train,green/brightness_high/run_01/20260820T145313_343.jpg,418bb0ec75c70f57f22f8533551c9a83546a6a164f4ac6658215906aeb6e467e,green,2,326,180,344,210,0.697917,0.541667,0.037500,0.083333,green_folder
green__brightness_high__run_01__20260820T145313_862.jpg,train,green/brightness_high/run_01/20260820T145313_862.jpg,97f933de32bf7847129b988984b3fec5a8c98407fca1ca228025586849704695,green,2,326,180,344,210,0.697917,0.541667,0.037500,0.083333,green_folder
green__brightness_high__run_01__20260820T145314_379.jpg,train,green/brightness_high/run_01/20260820T145314_379.jpg,29c24abc1391fbe7cb4b29bf1001e0e576421a4ac94e524b627d3e3bf5c9b139,green,2,326,180,344,210,0.697917,0.541667,0.037500,0.083333,green_folder
green__brightness_high__run_01__20260820T145314_897.jpg,train,green/brightness_high/run_01/20260820T145314_897.jpg,f23c00934722a39a9faeb0bd71fb144c0bfb9dc819924a95daa15a2905eb0fe8,green,2,326,180,344,210,0.697917,0.541667,0.037500,0.083333,green_folder
green__brightness_high__run_01__20260820T145315_426.jpg,train,green/brightness_high/run_01/20260820T145315_426.jpg,02870e660d754b621fd683b767ee67e92f96facd713d4a7f544e654868a145c2,green,2,326,180,344,210,0.697917,0.541667,0.037500,0.083333,green_folder
green__brightness_high__run_01__20260820T145315_958.jpg,train,green/brightness_high/run_01/20260820T145315_958.jpg,4694d464a0193590d3dfb7193bfefbf06485a63d4a82ca6320be7508eb1964d3,green,2,326,180,344,210,0.697917,0.541667,0.037500,0.083333,green_folder
green__brightness_high__run_01__20260820T145316_484.jpg,train,green/brightness_high/run_01/20260820T145316_484.jpg,4b98779311b1025ce9a4d674d7295f55ac89b63c49ffa08c764049841f00c6fc,green,2,326,180,344,210,0.697917,0.541667,0.037500,0.083333,green_folder
green__brightness_high__run_01__20260820T145317_007.jpg,train,green/brightness_high/run_01/20260820T145317_007.jpg,e0bc062d124707b3aeeb8970dc234d72a7ba1cc32627b203687d9a0957f33763,green,2,326,180,344,210,0.697917,0.541667,0.037500,0.083333,green_folder
green__brightness_high__run_01__20260820T145317_528.jpg,train,green/brightness_high/run_01/20260820T145317_528.jpg,182923eccda9720ad7e0517bcff6b557db42cdfe427097f7d8b6cf42b457fd71,green,2,326,180,344,210,0.697917,0.541667,0.037500,0.083333,green_folder
green__brightness_high__run_01__20260820T145318_058.jpg,train,green/brightness_high/run_01/20260820T145318_058.jpg,923837ab28867ac70745c7c600fb5918cb2ec6d98214bdcc5caeb1da063daa59,green,2,339,180,360,214,0.728125,0.547222,0.043750,0.094444,green_folder
green__brightness_high__run_01__20260820T145318_578.jpg,train,green/brightness_high/run_01/20260820T145318_578.jpg,38d58fbcb13c83a6929d988c6b7c05afa6f58c6e29b5d7558ad3501c038300d8,green,2,372,180,399,224,0.803125,0.561111,0.056250,0.122222,green_folder
green__brightness_high__run_01__20260820T145319_097.jpg,train,green/brightness_high/run_01/20260820T145319_097.jpg,2d65f1cb97d4cf5466af25c9ecb67c016d110df303eba0189c4a7c7febf48e86,green,2,407,180,441,236,0.883333,0.577778,0.070833,0.155556,green_folder
green__brightness_high__run_01__20260820T145319_617.jpg,train,green/brightness_high/run_01/20260820T145319_617.jpg,37f70e965d4bebc434870cca3a2ff5595765795504ca8ff389709d1a3b7057e7,green,2,414,180,449,238,0.898958,0.580556,0.072917,0.161111,green_folder
green__brightness_high__run_01__20260820T145320_144.jpg,train,green/brightness_high/run_01/20260820T145320_144.jpg,8352f6f179dbd40fd18ecbe8ab17ad1e6b253701227978791d62c80c49a4004e,,,,,,,,,,,no_visible_signal_in_green_folder
green__brightness_high__run_01__20260820T145320_664.jpg,train,green/brightness_high/run_01/20260820T145320_664.jpg,28605995c2a5da7ed906be5b09fad9ba4fcdba92ce04a930e2b902b06274f209,,,,,,,,,,,no_visible_signal_in_green_folder
green__brightness_high__run_02__20260820T145937_165.jpg,train,green/brightness_high/run_02/20260820T145937_165.jpg,c5f9f2deee9336b3aabfd3fe2f7c27f808b656516c62697b7bfca132a9e0f4d9,green,2,288,180,299,199,0.611458,0.526389,0.022917,0.052778,green_folder
green__brightness_high__run_02__20260820T145937_685.jpg,train,green/brightness_high/run_02/20260820T145937_685.jpg,996294987eeef00e76daaa184bf87b14ab6e174110039a911201aea3d8b28537,green,2,288,180,300,199,0.612500,0.526389,0.025000,0.052778,green_folder
green__brightness_high__run_02__20260820T145938_210.jpg,train,green/brightness_high/run_02/20260820T145938_210.jpg,8a463cd9e88072951d5d243b9eb2a4b8d0f4b552b6228bd6fe4a5929138f6869,green,2,288,180,299,199,0.611458,0.526389,0.022917,0.052778,green_folder
green__brightness_high__run_02__20260820T145938_734.jpg,train,green/brightness_high/run_02/20260820T145938_734.jpg,6b626e71dcda355d86e8863e83191ab615a94480c32579bc2b009162b8a6be1e,green,2,294,180,307,201,0.626042,0.529167,0.027083,0.058333,green_folder
green__brightness_high__run_02__20260820T145939_263.jpg,train,green/brightness_high/run_02/20260820T145939_263.jpg,21ebc046718094921bb367b57561e1a738488867a95b1fb95b405bcb2e599db2,green,2,299,180,313,203,0.637500,0.531944,0.029167,0.063889,green_folder
green__brightness_high__run_02__20260820T145939_786.jpg,train,green/brightness_high/run_02/20260820T145939_786.jpg,b9c3de0a1b0ff6a4891370071b8b9be3f7de5793f4b931733de78b77ccce31df,green,2,310,180,324,207,0.660417,0.537500,0.029167,0.075000,green_folder
green__brightness_high__run_02__20260820T145940_313.jpg,train,green/brightness_high/run_02/20260820T145940_313.jpg,03085335d026469b83d2543e6e6fb29d243132c30dac61b7ce9d0c2f192f7587,green,2,323,180,342,212,0.692708,0.544444,0.039583,0.088889,green_folder
green__brightness_high__run_02__20260820T145940_842.jpg,train,green/brightness_high/run_02/20260820T145940_842.jpg,a00c329d79ef2df280ea4ced4032cb29fa0773543e192afbb0de1bae98b2de47,green,2,337,180,358,216,0.723958,0.550000,0.043750,0.100000,green_folder
green__brightness_high__run_02__20260820T145941_368.jpg,train,green/brightness_high/run_02/20260820T145941_368.jpg,44bfe388b0ad2202d3731685622c59c823adbff5fc0e889336edf448ab85af9f,green,2,346,180,370,220,0.745833,0.555556,0.050000,0.111111,green_folder
green__brightness_high__run_02__20260820T145941_897.jpg,train,green/brightness_high/run_02/20260820T145941_897.jpg,36488c4cc937ee80f2a11aadec2c9cd629306ac6be068fc0199b7a9704cba4fe,green,2,371,180,400,229,0.803125,0.568056,0.060417,0.136111,green_folder
green__brightness_high__run_02__20260820T145942_434.jpg,train,green/brightness_high/run_02/20260820T145942_434.jpg,789bd0d805ba47d988a70f4de6fc2241032428d92c021d5947abe9faed18fc97,green,2,435,180,478,253,0.951042,0.601389,0.089583,0.202778,green_folder
green__brightness_high__run_02__20260820T145942_966.jpg,train,green/brightness_high/run_02/20260820T145942_966.jpg,91d155dbe2445866ad9449ec5c062c5ff9645bed9029817c548b8552132e6e47,green,2,440,180,480,254,0.958333,0.602778,0.083333,0.205556,green_folder
green__brightness_high__run_02__20260820T145943_490.jpg,train,green/brightness_high/run_02/20260820T145943_490.jpg,70ca81b25fae45270ff42cc83e83f5821026082d7a29094128a34973565a7cc0,,,,,,,,,,,no_visible_signal_in_green_folder
green__brightness_high__run_02__20260820T145944_012.jpg,train,green/brightness_high/run_02/20260820T145944_012.jpg,97e48de5b9d94f0bb1bee142e3af94555054a4725a6307a8eb5baaaef5616cb4,,,,,,,,,,,no_visible_signal_in_green_folder
green__brightness_high__run_02__20260820T145944_531.jpg,train,green/brightness_high/run_02/20260820T145944_531.jpg,3afa4393e41fa268f5159d4b4486a011f84a1c570d87d0777d22e06327a3c605,green,2,383,180,416,233,0.832292,0.573611,0.068750,0.147222,green_folder
green__brightness_high__run_02__20260820T145945_063.jpg,train,green/brightness_high/run_02/20260820T145945_063.jpg,c330de7b98889b3981f5cdb91deada516ccfbd2887942ebc6606a26b881332f5,green,2,361,180,386,224,0.778125,0.561111,0.052083,0.122222,green_folder
green__brightness_high__run_02__20260820T145945_584.jpg,train,green/brightness_high/run_02/20260820T145945_584.jpg,33bd56a7c25c6e5c20dfe74efa79edbbab6e295161462b7f6a9bc0b3d2341a9d,green,2,347,180,368,215,0.744792,0.548611,0.043750,0.097222,green_folder
green__brightness_high__run_02__20260820T145946_120.jpg,train,green/brightness_high/run_02/20260820T145946_120.jpg,d70738c5104996b4732e0f8a1c761c9c3ca6ce5c5fc584b0e8e99f1c729f7bfa,green,2,341,180,360,213,0.730208,0.545833,0.039583,0.091667,green_folder
green__brightness_high__run_02__20260820T145946_648.jpg,train,green/brightness_high/run_02/20260820T145946_648.jpg,aafe72d65ed6eb7c012ec94c913b5463cbd8ed2ddfd702cb8d1e1326af30a396,green,2,338,180,354,207,0.720833,0.537500,0.033333,0.075000,green_folder
green__brightness_high__run_02__20260820T145947_175.jpg,train,green/brightness_high/run_02/20260820T145947_175.jpg,f235d2937c0b8df5b7e892f901377cc375fab421b1f3ebb0cd080b6b42c5d02a,green,2,332,180,347,205,0.707292,0.534722,0.031250,0.069444,green_folder
green__brightness_high__run_03__20260820T150212_224.jpg,train,green/brightness_high/run_03/20260820T150212_224.jpg,1d6a0cbd1cd36353b1c2611a44dcc6de6d1c932ebdabe19491e6f3f8292fb50b,green,2,287,180,295,193,0.606250,0.518056,0.016667,0.036111,green_folder
green__brightness_high__run_03__20260820T150212_750.jpg,train,green/brightness_high/run_03/20260820T150212_750.jpg,53b9e140086108af5af6edab78630340479d375dbd8f3a9a536af2d4ede690f9,green,2,288,180,297,194,0.609375,0.519444,0.018750,0.038889,green_folder
green__brightness_high__run_03__20260820T150213_276.jpg,train,green/brightness_high/run_03/20260820T150213_276.jpg,be27550b113acc0e202fa690f8a9e1a11a78c9e4a355f2b8efb4b4be78189708,green,2,291,180,301,195,0.616667,0.520833,0.020833,0.041667,green_folder
green__brightness_high__run_03__20260820T150213_805.jpg,train,green/brightness_high/run_03/20260820T150213_805.jpg,c12a474d05a6e477ee7a14d3dd5d6a11abc079adb75107b414e74c4f204b941f,green,2,293,180,302,195,0.619792,0.520833,0.018750,0.041667,green_folder
green__brightness_high__run_03__20260820T150214_320.jpg,train,green/brightness_high/run_03/20260820T150214_320.jpg,efc03900edf05251f92649cb35486e1b97add9322a742b3d4219bcc2dc45c286,green,2,293,180,302,195,0.619792,0.520833,0.018750,0.041667,green_folder
green__brightness_high__run_03__20260820T150214_846.jpg,train,green/brightness_high/run_03/20260820T150214_846.jpg,7d877f36010ea800775859ea6036301e5c807ed3adbcf83e97935aebb4aedbb6,green,2,232,180,242,197,0.493750,0.523611,0.020833,0.047222,green_folder
green__brightness_high__run_03__20260820T150215_363.jpg,train,green/brightness_high/run_03/20260820T150215_363.jpg,629b867c52a23c188c78bd29225a6da949c9ea3aec3b7213bfa3f4a00d5a1cd6,green,2,183,180,193,198,0.391667,0.525000,0.020833,0.050000,green_folder
green__brightness_high__run_03__20260820T150215_898.jpg,train,green/brightness_high/run_03/20260820T150215_898.jpg,14fd584a04833bac85731d90dd33f8019fd84b976dc28389fd39a1e74b3077fd,green,2,183,180,193,198,0.391667,0.525000,0.020833,0.050000,green_folder
green__brightness_high__run_03__20260820T150216_427.jpg,train,green/brightness_high/run_03/20260820T150216_427.jpg,4b7d2e414675f7b2ff74ffa4c5d505419121a242eb5710e197b447445d379dc2,green,2,208,180,218,198,0.443750,0.525000,0.020833,0.050000,green_folder
green__brightness_high__run_03__20260820T150216_954.jpg,train,green/brightness_high/run_03/20260820T150216_954.jpg,9b683820a130d3ce595c4e77d9608cc8581601c7c01f055c747157f9391fd118,green,2,223,180,234,200,0.476042,0.527778,0.022917,0.055556,green_folder
green__brightness_high__run_03__20260820T150217_473.jpg,train,green/brightness_high/run_03/20260820T150217_473.jpg,752ec84d4faae382a8d1b9076dde58916e29a23f3f55dbcf72035dbcd49da0cf,green,2,249,180,262,203,0.532292,0.531944,0.027083,0.063889,green_folder
green__brightness_high__run_03__20260820T150217_993.jpg,train,green/brightness_high/run_03/20260820T150217_993.jpg,dba2d974dd4cd964c27fe529f4af874ea9610264eab49d26e134175559968aec,green,2,324,180,341,209,0.692708,0.540278,0.035417,0.080556,green_folder
green__brightness_high__run_03__20260820T150218_510.jpg,train,green/brightness_high/run_03/20260820T150218_510.jpg,129a8f6a09502faf153ec90bb168269ec48115aa0311b8d424ef458c0e141f8f,green,2,362,180,383,216,0.776042,0.550000,0.043750,0.100000,green_folder
green__brightness_high__run_03__20260820T150219_027.jpg,train,green/brightness_high/run_03/20260820T150219_027.jpg,f62dcfedd7837d723e27536aea322cf0c3f37844c3b9a914e299b65cc2e2a74d,green,2,331,180,357,223,0.716667,0.559722,0.054167,0.119444,green_folder
green__brightness_high__run_03__20260820T150219_552.jpg,train,green/brightness_high/run_03/20260820T150219_552.jpg,35d4c700dbd0868763ff6c8fe78016d4ae1de2f3906861c9a4a5db72ebc5b44b,green,2,366,180,400,238,0.797917,0.580556,0.070833,0.161111,green_folder
green__brightness_high__run_03__20260820T150220_087.jpg,train,green/brightness_high/run_03/20260820T150220_087.jpg,d559566972b1db02a5e80e376132dceff8c61d37b9af46339be1046da6b12864,,,,,,,,,,,no_visible_signal_in_green_folder
green__brightness_high__run_03__20260820T150220_610.jpg,train,green/brightness_high/run_03/20260820T150220_610.jpg,fdb9e3ef979af955f91be9ea9bab739c8ac15410899a0e70d33ad405d2ce49ad,,,,,,,,,,,no_visible_signal_in_green_folder
green__brightness_high__run_03__20260820T150221_142.jpg,train,green/brightness_high/run_03/20260820T150221_142.jpg,34d090fd974d6bce35889bd8ea3237f3ed1c2704f358bcb0afb6a37bf348f520,,,,,,,,,,,no_visible_signal_in_green_folder
green__brightness_high__run_03__20260820T150221_670.jpg,train,green/brightness_high/run_03/20260820T150221_670.jpg,aac0d1fd4bd207cb20e124d26b6e5d5b15f28bead1545818b6df4bd1cf7a9bfb,,,,,,,,,,,no_visible_signal_in_green_folder
green__brightness_high__run_03__20260820T150222_190.jpg,train,green/brightness_high/run_03/20260820T150222_190.jpg,aa863c47d0b00dd7a08297628984d12e3f3a9b11a73dde300b4f8a4b83894ded,,,,,,,,,,,no_visible_signal_in_green_folder
green__brightness_high__run_04__20260820T151244_789.jpg,val,green/brightness_high/run_04/20260820T151244_789.jpg,62e610d525830f0fb2641f903e47292b6c9e23f35e18e0d8229e9d8dd719b948,green,2,319,180,335,208,0.681250,0.538889,0.033333,0.077778,green_folder
green__brightness_high__run_04__20260820T151245_306.jpg,val,green/brightness_high/run_04/20260820T151245_306.jpg,91ac08c943594418132b847e1ac18a7f94f349c401e2460dfec880a740089409,green,2,322,180,339,209,0.688542,0.540278,0.035417,0.080556,green_folder
green__brightness_high__run_04__20260820T151245_832.jpg,val,green/brightness_high/run_04/20260820T151245_832.jpg,a7183a31444fa4a23adaf63d29bde4644ca14a4b24f39e977531afa7b8474bed,green,2,328,180,346,210,0.702083,0.541667,0.037500,0.083333,green_folder
green__brightness_high__run_04__20260820T151246_348.jpg,val,green/brightness_high/run_04/20260820T151246_348.jpg,9977071a1dcc4d34b2c5120bddfbed16615bdf65aa55caca7174d08cad51d0eb,green,2,334,180,352,211,0.714583,0.543056,0.037500,0.086111,green_folder
green__brightness_high__run_04__20260820T151246_868.jpg,val,green/brightness_high/run_04/20260820T151246_868.jpg,e83b7383c76db18876c97dc8d40ac0776f9113be20465db56c1f29ad4ac158c9,green,2,340,180,360,214,0.729167,0.547222,0.041667,0.094444,green_folder
green__brightness_high__run_04__20260820T151247_401.jpg,val,green/brightness_high/run_04/20260820T151247_401.jpg,18dd0ee0f0607b7402a8d05a996fbb268bb41d8fdfd57218822a8148ecb40f32,green,2,347,180,369,216,0.745833,0.550000,0.045833,0.100000,green_folder
green__brightness_high__run_04__20260820T151247_923.jpg,val,green/brightness_high/run_04/20260820T151247_923.jpg,4f1917017128e6a3d8c366e9a9f703ce79c81cb42261e5bc78d544efa6b9fc44,green,2,355,180,378,218,0.763542,0.552778,0.047917,0.105556,green_folder
green__brightness_high__run_04__20260820T151248_447.jpg,val,green/brightness_high/run_04/20260820T151248_447.jpg,02da0733f7d7f24ed4727122156007d842c103ceff7ec6b3726cd953ddc1aaa3,green,2,366,180,391,222,0.788542,0.558333,0.052083,0.116667,green_folder
green__brightness_high__run_04__20260820T151248_965.jpg,val,green/brightness_high/run_04/20260820T151248_965.jpg,3cf0a78d6a83172c1200d9a0f16242fa46ed019d8bfcaac36057904de67384ce,green,2,376,180,404,225,0.812500,0.562500,0.058333,0.125000,green_folder
green__brightness_high__run_04__20260820T151249_495.jpg,val,green/brightness_high/run_04/20260820T151249_495.jpg,cd791cececde205ba176620b927b960e2f92c6e02a4266e6dd6588b962022361,green,2,391,180,422,230,0.846875,0.569444,0.064583,0.138889,green_folder
green__brightness_high__run_04__20260820T151250_015.jpg,val,green/brightness_high/run_04/20260820T151250_015.jpg,645f574ba430f83d44d91339aba6197ac984a4ac9bc5bf8bc6513358784d5753,green,2,408,180,443,236,0.886458,0.577778,0.072917,0.155556,green_folder
green__brightness_high__run_04__20260820T151250_537.jpg,val,green/brightness_high/run_04/20260820T151250_537.jpg,f48abeae0ce093239044f49efa293007d6805e265ec056bc591f01183c71c8f0,green,2,421,180,458,240,0.915625,0.583333,0.077083,0.166667,green_folder
green__brightness_high__run_04__20260820T151251_060.jpg,val,green/brightness_high/run_04/20260820T151251_060.jpg,1b920a4071255b58d11a8d96b4798749512097c3385f05b0fd1006204c3f292d,green,2,446,180,480,248,0.964583,0.594444,0.070833,0.188889,green_folder
green__brightness_high__run_04__20260820T151251_588.jpg,val,green/brightness_high/run_04/20260820T151251_588.jpg,ddfbe689573c8efe0894fa50d5d4cf4387a30264179c686e9ff2e59aa8b877c7,,,,,,,,,,,no_visible_signal_in_green_folder
green__brightness_high__run_04__20260820T151252_116.jpg,val,green/brightness_high/run_04/20260820T151252_116.jpg,cd95c486812f08de160c3fcf6b4230752599b193f90e70103e246433383447c6,,,,,,,,,,,no_visible_signal_in_green_folder
green__brightness_high__run_04__20260820T151252_638.jpg,val,green/brightness_high/run_04/20260820T151252_638.jpg,987f034ccafd0c429a4a54ab77a8ec807f3b07c97fed527a7d82810f4c414eca,,,,,,,,,,,no_visible_signal_in_green_folder
green__brightness_high__run_04__20260820T151253_153.jpg,val,green/brightness_high/run_04/20260820T151253_153.jpg,c8366f08387c69095ec26f4e52c9bd7f4a71783087f2ea32f0aefbdde4554cde,,,,,,,,,,,no_visible_signal_in_green_folder
green__brightness_high__run_04__20260820T151253_672.jpg,val,green/brightness_high/run_04/20260820T151253_672.jpg,a84a6aec47d60a07ab68219543a967c0f46f62ae7157791d27ffddee547932be,,,,,,,,,,,no_visible_signal_in_green_folder
green__brightness_high__run_04__20260820T151254_201.jpg,val,green/brightness_high/run_04/20260820T151254_201.jpg,3d05d6e3255493d7ad0146e0ba3da912b7a134ab9ad5eebd14345ecd2c372151,,,,,,,,,,,no_visible_signal_in_green_folder
green__brightness_high__run_04__20260820T151254_727.jpg,val,green/brightness_high/run_04/20260820T151254_727.jpg,376d086b16dea5c02c4cbd7499f03e249cf857d3c3633386af2cb531bb7ce1e8,,,,,,,,,,,no_visible_signal_in_green_folder
green__brightness_high__run_05__20260820T151346_212.jpg,test,green/brightness_high/run_05/20260820T151346_212.jpg,40085d5a5315aeb70a3e10b71c950deff7c48c8b89f63dba67f5d08b7e5fc6b2,green,2,260,180,276,208,0.558333,0.538889,0.033333,0.077778,green_folder
green__brightness_high__run_05__20260820T151346_729.jpg,test,green/brightness_high/run_05/20260820T151346_729.jpg,fa2c819bd787a59d9b74231e2dea12280b16298793073af888d96e45fb924d2f,green,2,260,180,277,209,0.559375,0.540278,0.035417,0.080556,green_folder
green__brightness_high__run_05__20260820T151347_254.jpg,test,green/brightness_high/run_05/20260820T151347_254.jpg,6fe453a6f03ea6b8ec4099812c9a53809e6f6046cf79253301efa878442fb86c,green,2,261,180,279,211,0.562500,0.543056,0.037500,0.086111,green_folder
green__brightness_high__run_05__20260820T151347_783.jpg,test,green/brightness_high/run_05/20260820T151347_783.jpg,6ad7dc799b80d9e02c9270dd77cb88b283dc96126258d35dbf1c16ba4f8d4f6c,green,2,263,180,281,214,0.566667,0.547222,0.037500,0.094444,green_folder
green__brightness_high__run_05__20260820T151348_317.jpg,test,green/brightness_high/run_05/20260820T151348_317.jpg,a07a06f4d67d3c1137461b72cfdd936dea756991b041eaa4da076939db6e5efe,green,2,264,180,284,216,0.570833,0.550000,0.041667,0.100000,green_folder
green__brightness_high__run_05__20260820T151348_841.jpg,test,green/brightness_high/run_05/20260820T151348_841.jpg,a284cbdf3465d571670fea80dec50e1d93e9cdb268c30ba34a03bdb80394516e,green,2,267,180,288,218,0.578125,0.552778,0.043750,0.105556,green_folder
green__brightness_high__run_05__20260820T151349_365.jpg,test,green/brightness_high/run_05/20260820T151349_365.jpg,979ab7d9f8a25276d9a0c4e7e338fd5aeb36d1f7121ba9f76a39d95b6384dcae,green,2,268,180,290,220,0.581250,0.555556,0.045833,0.111111,green_folder
green__brightness_high__run_05__20260820T151349_884.jpg,test,green/brightness_high/run_05/20260820T151349_884.jpg,38baf96affbc1374eb46eec6abdf500911177d7ef6b27d4f411dc464b3352a90,green,2,270,180,295,224,0.588542,0.561111,0.052083,0.122222,green_folder
green__brightness_high__run_05__20260820T151350_407.jpg,test,green/brightness_high/run_05/20260820T151350_407.jpg,bbc2be47f85b56e5e462dadb60c8092a69c43b82cfe750a2df452d7a78f59af9,green,2,273,180,301,228,0.597917,0.566667,0.058333,0.133333,green_folder
green__brightness_high__run_05__20260820T151350_931.jpg,test,green/brightness_high/run_05/20260820T151350_931.jpg,e6defffff1d62698fb6e3228d3776052e9a7e95a51c87a6d64e2b1078641c26c,green,2,277,180,305,232,0.606250,0.572222,0.058333,0.144444,green_folder
green__brightness_high__run_05__20260820T151351_453.jpg,test,green/brightness_high/run_05/20260820T151351_453.jpg,9505a9ad6ee9725b32b8888eeef835ed200d400e443141cbac0fa8a54b5511a2,green,2,281,180,314,238,0.619792,0.580556,0.068750,0.161111,green_folder
green__brightness_high__run_05__20260820T151351_969.jpg,test,green/brightness_high/run_05/20260820T151351_969.jpg,d8e9784cb2398c947f846d6aff3c6e3048ef712ed866672679b38ffe02b174d4,green,2,286,180,323,245,0.634375,0.590278,0.077083,0.180556,green_folder
green__brightness_high__run_05__20260820T151352_498.jpg,test,green/brightness_high/run_05/20260820T151352_498.jpg,b6703588e894b918e7ce6f43346cb4eb66cca9bf1a8dd58002ae88dc2da82246,green,2,294,180,337,256,0.657292,0.605556,0.089583,0.211111,green_folder
green__brightness_high__run_05__20260820T151353_018.jpg,test,green/brightness_high/run_05/20260820T151353_018.jpg,1e9d9f33e6a9688b6d60d54467f033bdc056466c8029ee84b74b65e9fd258418,green,2,302,180,351,267,0.680208,0.620833,0.102083,0.241667,green_folder
green__brightness_high__run_05__20260820T151353_542.jpg,test,green/brightness_high/run_05/20260820T151353_542.jpg,110cd78cc3b985acc580193e7975faec1e3c244afe308dfa236720f86516b86d,green,2,312,180,371,283,0.711458,0.643056,0.122917,0.286111,green_folder
green__brightness_high__run_05__20260820T151354_067.jpg,test,green/brightness_high/run_05/20260820T151354_067.jpg,33c4f0959d1e1d18798497cc356f8053d48bb96f2f949edb132a5fc189c29dce,green,2,333,180,409,312,0.772917,0.683333,0.158333,0.366667,green_folder
green__brightness_high__run_05__20260820T151354_593.jpg,test,green/brightness_high/run_05/20260820T151354_593.jpg,17324b71a65d4fd48d85872fa19a9bc487b4afab98348b11bb7c98cad498c5c5,green,2,359,180,456,350,0.848958,0.736111,0.202083,0.472222,green_folder
green__brightness_high__run_05__20260820T151355_122.jpg,test,green/brightness_high/run_05/20260820T151355_122.jpg,988ac53c252b605a606afe3116e7367814ffae0ae47fe81d32f72baf8f3258f2,,,,,,,,,,,no_visible_signal_in_green_folder
green__brightness_high__run_05__20260820T151355_646.jpg,test,green/brightness_high/run_05/20260820T151355_646.jpg,3c44982170004201018ea77f66af21df62f4942092572ca5414ffc59650ad8a3,,,,,,,,,,,no_visible_signal_in_green_folder
green__brightness_high__run_05__20260820T151356_169.jpg,test,green/brightness_high/run_05/20260820T151356_169.jpg,323a1db5172969ccab726033390f548fa46b48cf4349658f272d45f4c4c8e8b8,,,,,,,,,,,no_visible_signal_in_green_folder
green__brightness_high__transition_run_01__frame_000_20260820T153958_748.jpg,train,green/brightness_high/transition_run_01/frame_000_20260820T153958_748.jpg,cfa5c5d51ac5ae4aac20be54d1fd95db4af56b35cff12665a422c032c98ee5d4,green,2,301,180,313,201,0.639583,0.529167,0.025000,0.058333,green_folder
green__brightness_high__transition_run_01__frame_001_20260820T153958_875.jpg,train,green/brightness_high/transition_run_01/frame_001_20260820T153958_875.jpg,364515f5a7e6b494a691a30e441a08b864cb24ffbfecfe7c58d2535cff33a0c5,green,2,301,180,314,201,0.640625,0.529167,0.027083,0.058333,green_folder
green__brightness_high__transition_run_01__frame_002_20260820T153958_994.jpg,train,green/brightness_high/transition_run_01/frame_002_20260820T153958_994.jpg,016210c485c0fd1f99b3efaae179f414edaa842301d246f42174280cfafe8edb,green,2,302,180,314,201,0.641667,0.529167,0.025000,0.058333,green_folder
green__brightness_high__transition_run_01__frame_003_20260820T153959_113.jpg,train,green/brightness_high/transition_run_01/frame_003_20260820T153959_113.jpg,da4621f6bef7730b580ec5cdc3260fff2674e24768c13e860b618ea71a8fb38d,green,2,301,180,314,201,0.640625,0.529167,0.027083,0.058333,green_folder
green__brightness_high__transition_run_01__frame_004_20260820T153959_248.jpg,train,green/brightness_high/transition_run_01/frame_004_20260820T153959_248.jpg,3333c1a2109759fb17ad50869d0fe5f4a87ca42346750f6e01b106588e4d5ed0,green,2,302,180,315,201,0.642708,0.529167,0.027083,0.058333,green_folder
green__brightness_high__transition_run_01__frame_005_20260820T153959_373.jpg,train,green/brightness_high/transition_run_01/frame_005_20260820T153959_373.jpg,a8ae06e4f99ceb16ef61be3ffc44dfb1931765ead10e10ab407fc682c0cccf1b,green,2,303,180,315,202,0.643750,0.530556,0.025000,0.061111,green_folder
green__brightness_high__transition_run_01__frame_006_20260820T153959_508.jpg,train,green/brightness_high/transition_run_01/frame_006_20260820T153959_508.jpg,e65a2835033d36e993271700a2c4350c81115665832224fd580bb5fd336fa1c6,green,2,303,180,315,202,0.643750,0.530556,0.025000,0.061111,green_folder
green__brightness_high__transition_run_02__frame_000_20260820T154006_709.jpg,train,green/brightness_high/transition_run_02/frame_000_20260820T154006_709.jpg,92f004969ec5b95347d933848a6976ed2239dda018735121279a7f30fddfea4c,green,2,322,180,339,208,0.688542,0.538889,0.035417,0.077778,green_folder
green__brightness_high__transition_run_02__frame_001_20260820T154006_835.jpg,train,green/brightness_high/transition_run_02/frame_001_20260820T154006_835.jpg,5aabf6f9f9488cb0355ae606801a8a7070d7305854ef21cd051438db64c9c6f8,green,2,322,180,339,208,0.688542,0.538889,0.035417,0.077778,green_folder
green__brightness_high__transition_run_02__frame_002_20260820T154006_963.jpg,train,green/brightness_high/transition_run_02/frame_002_20260820T154006_963.jpg,d0388c5c1d4ea6a1ffaa9b7a769c81bc17e55c1ed4851ed97532d5a3f3fe81c7,green,2,323,180,340,209,0.690625,0.540278,0.035417,0.080556,green_folder
green__brightness_high__transition_run_02__frame_003_20260820T154007_086.jpg,train,green/brightness_high/transition_run_02/frame_003_20260820T154007_086.jpg,af4943e586c2be247925c44de95a0ac07ae00f0f8e143381f316def71c5b2379,green,2,324,180,341,209,0.692708,0.540278,0.035417,0.080556,green_folder
green__brightness_high__transition_run_02__frame_004_20260820T154007_204.jpg,train,green/brightness_high/transition_run_02/frame_004_20260820T154007_204.jpg,0376c4d5f71e8b50d75c86389524a947519b5983b1814fe59724b3fc48beb6a0,green,2,324,180,342,209,0.693750,0.540278,0.037500,0.080556,green_folder
green__brightness_high__transition_run_02__frame_005_20260820T154007_322.jpg,train,green/brightness_high/transition_run_02/frame_005_20260820T154007_322.jpg,0376c4d5f71e8b50d75c86389524a947519b5983b1814fe59724b3fc48beb6a0,green,2,324,180,342,209,0.693750,0.540278,0.037500,0.080556,green_folder
green__brightness_high__transition_run_02__frame_006_20260820T154007_464.jpg,train,green/brightness_high/transition_run_02/frame_006_20260820T154007_464.jpg,bdc2ea96f35d9a038b55b2d2a00c558f895daac1eba4913353079ab72f2f0ac3,green,2,326,180,344,210,0.697917,0.541667,0.037500,0.083333,green_folder
green__brightness_high__transition_run_03__frame_000_20260820T154014_604.jpg,train,green/brightness_high/transition_run_03/frame_000_20260820T154014_604.jpg,d8a31cc131b0b56277cbbe0c825e3b054900bf7e759d8f3fac7c40678e8fd9cc,green,2,376,180,403,225,0.811458,0.562500,0.056250,0.125000,green_folder
green__brightness_high__transition_run_03__frame_001_20260820T154014_727.jpg,train,green/brightness_high/transition_run_03/frame_001_20260820T154014_727.jpg,5fa2ed2b79f2ff2ffaa7e9dd5d85a7a870f53b2c4911e63aeb367be7d4d4ec59,green,2,376,180,404,225,0.812500,0.562500,0.058333,0.125000,green_folder
green__brightness_high__transition_run_03__frame_002_20260820T154014_879.jpg,train,green/brightness_high/transition_run_03/frame_002_20260820T154014_879.jpg,913ee41498393937bd025c467963264d19534f2433c6de262c1f4a0e49de7fc2,green,2,379,180,407,227,0.818750,0.565278,0.058333,0.130556,green_folder
green__brightness_high__transition_run_03__frame_003_20260820T154015_012.jpg,train,green/brightness_high/transition_run_03/frame_003_20260820T154015_012.jpg,7fdc99e2b65586092569e7423d3afbcf83287f4aaf5d1a2f4e41b09db8932993,green,2,380,180,408,227,0.820833,0.565278,0.058333,0.130556,green_folder
green__brightness_high__transition_run_03__frame_004_20260820T154015_139.jpg,train,green/brightness_high/transition_run_03/frame_004_20260820T154015_139.jpg,f57a57cb92a9e266a620615d2278e93bfb55b21a91ceb0f8d96e8e83aa980df2,green,2,382,180,411,227,0.826042,0.565278,0.060417,0.130556,green_folder
green__brightness_high__transition_run_03__frame_005_20260820T154015_261.jpg,train,green/brightness_high/transition_run_03/frame_005_20260820T154015_261.jpg,f42063805463da55aa6482757acc39399f71a4df0fd258a69b6b6a64f1b0a0d1,green,2,384,180,413,229,0.830208,0.568056,0.060417,0.136111,green_folder
green__brightness_high__transition_run_03__frame_006_20260820T154015_389.jpg,train,green/brightness_high/transition_run_03/frame_006_20260820T154015_389.jpg,6aa925ba8b648ce23372a0d967c2ba992ddae619909620e31629392b6f2bb9cf,green,2,387,180,416,229,0.836458,0.568056,0.060417,0.136111,green_folder
green__brightness_high__transition_run_04__frame_000_20260820T154022_649.jpg,val,green/brightness_high/transition_run_04/frame_000_20260820T154022_649.jpg,11c64e13a258951f13c266467d849317889260fdae670d17047cdd1d706c64e0,green,2,337,180,352,207,0.717708,0.537500,0.031250,0.075000,green_folder
green__brightness_high__transition_run_04__frame_001_20260820T154022_784.jpg,val,green/brightness_high/transition_run_04/frame_001_20260820T154022_784.jpg,2dd5d5ec3d595e9df39fd8fe3ed7dd21c5f400733b8b1788c26683f43560ecf8,green,2,337,180,353,207,0.718750,0.537500,0.033333,0.075000,green_folder
green__brightness_high__transition_run_04__frame_002_20260820T154022_915.jpg,val,green/brightness_high/transition_run_04/frame_002_20260820T154022_915.jpg,6c9497d38bb2fcf29a9cf0d4f96eb9591ca6322f5878d48914412050aad32255,green,2,338,180,353,207,0.719792,0.537500,0.031250,0.075000,green_folder
green__brightness_high__transition_run_04__frame_003_20260820T154023_046.jpg,val,green/brightness_high/transition_run_04/frame_003_20260820T154023_046.jpg,4ff955e06ac6f78f026de62d3b5fb73b22df89213283922565e9c652a70f1c21,green,2,338,180,354,207,0.720833,0.537500,0.033333,0.075000,green_folder
green__brightness_high__transition_run_04__frame_004_20260820T154023_174.jpg,val,green/brightness_high/transition_run_04/frame_004_20260820T154023_174.jpg,4ff955e06ac6f78f026de62d3b5fb73b22df89213283922565e9c652a70f1c21,green,2,338,180,354,207,0.720833,0.537500,0.033333,0.075000,green_folder
green__brightness_high__transition_run_04__frame_005_20260820T154023_295.jpg,val,green/brightness_high/transition_run_04/frame_005_20260820T154023_295.jpg,a38f1b9ba4bcfa0824aefa48a44d7efa4d9dd349adbd395a8b56e8cd12790ec2,green,2,340,180,356,207,0.725000,0.537500,0.033333,0.075000,green_folder
green__brightness_high__transition_run_04__frame_006_20260820T154023_415.jpg,val,green/brightness_high/transition_run_04/frame_006_20260820T154023_415.jpg,d93e255c1878f203055b1d4dc3af2a8fe148406faaf73834be8e7b2203c5e6bf,green,2,341,180,357,208,0.727083,0.538889,0.033333,0.077778,green_folder
green__brightness_high__transition_run_05__frame_000_20260820T154030_740.jpg,test,green/brightness_high/transition_run_05/frame_000_20260820T154030_740.jpg,5fcc3e3e1748171dce82365ee007cab50622b9b6434d843e7d8533931a5ad83f,green,2,260,180,276,208,0.558333,0.538889,0.033333,0.077778,green_folder
green__brightness_high__transition_run_05__frame_001_20260820T154030_889.jpg,test,green/brightness_high/transition_run_05/frame_001_20260820T154030_889.jpg,71435dd2e70f6bbb31f6ff41521f16be27c63912df6014f71c6c595de816dfd3,green,2,260,180,276,209,0.558333,0.540278,0.033333,0.080556,green_folder
green__brightness_high__transition_run_05__frame_002_20260820T154031_009.jpg,test,green/brightness_high/transition_run_05/frame_002_20260820T154031_009.jpg,04e14be4f16076d66b1a92b048a7617c082921f067a89b64839dbd0f1ad785c4,green,2,260,180,276,209,0.558333,0.540278,0.033333,0.080556,green_folder
green__brightness_high__transition_run_05__frame_003_20260820T154031_132.jpg,test,green/brightness_high/transition_run_05/frame_003_20260820T154031_132.jpg,04e14be4f16076d66b1a92b048a7617c082921f067a89b64839dbd0f1ad785c4,green,2,260,180,276,209,0.558333,0.540278,0.033333,0.080556,green_folder
green__brightness_high__transition_run_05__frame_004_20260820T154031_266.jpg,test,green/brightness_high/transition_run_05/frame_004_20260820T154031_266.jpg,9b539b522406b6fb9c3384c796c4318c8b5c84b4ab427724826540ba4a660d7b,green,2,260,180,276,209,0.558333,0.540278,0.033333,0.080556,green_folder
green__brightness_high__transition_run_05__frame_005_20260820T154031_401.jpg,test,green/brightness_high/transition_run_05/frame_005_20260820T154031_401.jpg,9b539b522406b6fb9c3384c796c4318c8b5c84b4ab427724826540ba4a660d7b,green,2,260,180,276,209,0.558333,0.540278,0.033333,0.080556,green_folder
green__brightness_high__transition_run_05__frame_006_20260820T154031_522.jpg,test,green/brightness_high/transition_run_05/frame_006_20260820T154031_522.jpg,1c6221eff6e429d500a917a4519a7df3896c04f20a06b8a678ac39cccf6f7531,green,2,260,180,277,210,0.559375,0.541667,0.035417,0.083333,green_folder
green__brightness_low__run_01__20260820T151904_497.jpg,train,green/brightness_low/run_01/20260820T151904_497.jpg,4bae6f57e67219626ed466ddbaa4c6f665c7aaef747c0543f561103c4331e1ad,green,2,301,180,313,201,0.639583,0.529167,0.025000,0.058333,green_folder
green__brightness_low__run_01__20260820T151905_022.jpg,train,green/brightness_low/run_01/20260820T151905_022.jpg,caf797f108a707fc1124c100aa053ebb0f443c83eafb84af5d2ab98d43692798,green,2,303,180,315,202,0.643750,0.530556,0.025000,0.061111,green_folder
green__brightness_low__run_01__20260820T151905_544.jpg,train,green/brightness_low/run_01/20260820T151905_544.jpg,e28fd147979054840eabfc6fdcbc84d03ef9ca869b87eb02f721b339b50c39cb,green,2,305,180,317,203,0.647917,0.531944,0.025000,0.063889,green_folder
green__brightness_low__run_01__20260820T151906_073.jpg,train,green/brightness_low/run_01/20260820T151906_073.jpg,9c8af110529436acc11f6cd3b0b68898ec669c6020fbbd2b0cd5cdd211f524c9,green,2,307,180,320,204,0.653125,0.533333,0.027083,0.066667,green_folder
green__brightness_low__run_01__20260820T151906_607.jpg,train,green/brightness_low/run_01/20260820T151906_607.jpg,dd380631ac242991f30857591e3172096d0e1b516639bc643c8b980c4887a2e8,green,2,308,180,322,204,0.656250,0.533333,0.029167,0.066667,green_folder
green__brightness_low__run_01__20260820T151907_137.jpg,train,green/brightness_low/run_01/20260820T151907_137.jpg,23291eca8b8b702d1132642220aa1060ff3d3c4f6f7fa2429d04b688605232e8,green,2,311,180,324,205,0.661458,0.534722,0.027083,0.069444,green_folder
green__brightness_low__run_01__20260820T151907_663.jpg,train,green/brightness_low/run_01/20260820T151907_663.jpg,bd6a834626161d7a4a51c077580a30bd506fba1aa72a1431cc2a47a0bbe779b3,green,2,313,180,328,206,0.667708,0.536111,0.031250,0.072222,green_folder
green__brightness_low__run_01__20260820T151908_195.jpg,train,green/brightness_low/run_01/20260820T151908_195.jpg,1caea9a7050a2b600f4db815c4fb73e87ad83c8a0461ca798914b64e68b0c6e1,green,2,316,180,332,207,0.675000,0.537500,0.033333,0.075000,green_folder
green__brightness_low__run_01__20260820T151908_716.jpg,train,green/brightness_low/run_01/20260820T151908_716.jpg,2aeffb088995f43e8360432deabdb90d8095178722200cc89f5c0b192f153153,green,2,319,180,335,208,0.681250,0.538889,0.033333,0.077778,green_folder
green__brightness_low__run_01__20260820T151909_239.jpg,train,green/brightness_low/run_01/20260820T151909_239.jpg,b303cf592a93da0d90a8fa216cddb00be3c786c21f03b2711c4010c8d3cf7e47,green,2,322,180,339,208,0.688542,0.538889,0.035417,0.077778,green_folder
green__brightness_low__run_01__20260820T151909_764.jpg,train,green/brightness_low/run_01/20260820T151909_764.jpg,1a981952288ee66a37a43d5488f29a89c6ce4df9f1137f801d563dc01e10aad8,green,2,324,180,342,209,0.693750,0.540278,0.037500,0.080556,green_folder
green__brightness_low__run_01__20260820T151910_291.jpg,train,green/brightness_low/run_01/20260820T151910_291.jpg,8a3eb61f632e54d858dab1519cdd78161cbc16e3681f8e279ac17ce92efc8c48,green,2,330,180,348,211,0.706250,0.543056,0.037500,0.086111,green_folder
green__brightness_low__run_01__20260820T151910_819.jpg,train,green/brightness_low/run_01/20260820T151910_819.jpg,a328150ae95300a5f7f8d88bc7f0fd46e7ea1843cfcc2d6c61ee2c29cb09ffcb,green,2,333,180,352,211,0.713542,0.543056,0.039583,0.086111,green_folder
green__brightness_low__run_01__20260820T151911_336.jpg,train,green/brightness_low/run_01/20260820T151911_336.jpg,5d5ffd97e3bed1aea7a532f42515a13631dacb56f844029284cd2aafcde270b9,green,2,338,180,357,213,0.723958,0.545833,0.039583,0.091667,green_folder
green__brightness_low__run_01__20260820T151911_856.jpg,train,green/brightness_low/run_01/20260820T151911_856.jpg,9259f0304bda9354dee29355d0e7d4cd6dfc5738127effb7c673f310f31948ea,green,2,344,180,364,215,0.737500,0.548611,0.041667,0.097222,green_folder
green__brightness_low__run_01__20260820T151912_380.jpg,train,green/brightness_low/run_01/20260820T151912_380.jpg,afb9d94a269f06cb7bf7accd6baf88f0af4bda605da12f71ae4f525bde376fe7,green,2,348,180,370,216,0.747917,0.550000,0.045833,0.100000,green_folder
green__brightness_low__run_01__20260820T151912_897.jpg,train,green/brightness_low/run_01/20260820T151912_897.jpg,735f0f45f7339113b18dda707745672437c517ada644070246b1295533fb3bd5,green,2,355,180,378,219,0.763542,0.554167,0.047917,0.108333,green_folder
green__brightness_low__run_01__20260820T151913_427.jpg,train,green/brightness_low/run_01/20260820T151913_427.jpg,094f880a9faf4105e6daf3f9b1ef54305e1edc54b190d26030400d27ff4cc7e8,green,2,362,180,386,222,0.779167,0.558333,0.050000,0.116667,green_folder
green__brightness_low__run_01__20260820T151913_943.jpg,train,green/brightness_low/run_01/20260820T151913_943.jpg,5e18529c17ae8bd4e74bdf1e0042ac376f8d2dfd8f7609c7cb169b2459df1ba1,green,2,369,180,395,223,0.795833,0.559722,0.054167,0.119444,green_folder
green__brightness_low__run_01__20260820T151914_463.jpg,train,green/brightness_low/run_01/20260820T151914_463.jpg,cc11a077f152e08c6f9cf19640c51862e90f896123927b63b1a3a360a0233310,green,2,378,180,406,226,0.816667,0.563889,0.058333,0.127778,green_folder
green__brightness_low__run_02__20260820T151915_882.jpg,train,green/brightness_low/run_02/20260820T151915_882.jpg,9498eb89c31f6f3b45b97edb47f774b71b1258edc640707fef227e3816890c95,green,2,322,180,339,209,0.688542,0.540278,0.035417,0.080556,green_folder
green__brightness_low__run_02__20260820T151916_406.jpg,train,green/brightness_low/run_02/20260820T151916_406.jpg,d5a45f587b4638fb5fb14c66f5b7ad7790af69a2551078276d1842dad7fd41b6,green,2,325,180,343,209,0.695833,0.540278,0.037500,0.080556,green_folder
green__brightness_low__run_02__20260820T151916_925.jpg,train,green/brightness_low/run_02/20260820T151916_925.jpg,f26e92ea8a86fc9b5819b0318676c90a781c5f5b21b6e53a72ac066e498f2ae2,green,2,329,180,347,211,0.704167,0.543056,0.037500,0.086111,green_folder
green__brightness_low__run_02__20260820T151917_449.jpg,train,green/brightness_low/run_02/20260820T151917_449.jpg,ce4455cb9158ed749df67e834bb1cce76d07bf7c002171fbdbdf96b1dc20d061,green,2,332,180,351,211,0.711458,0.543056,0.039583,0.086111,green_folder
green__brightness_low__run_02__20260820T151917_976.jpg,train,green/brightness_low/run_02/20260820T151917_976.jpg,a4861bbe4647ac152309eb98b98cb45e9eb4debd432eebfb21a53a7a52757eba,green,2,338,180,357,213,0.723958,0.545833,0.039583,0.091667,green_folder
green__brightness_low__run_02__20260820T151918_494.jpg,train,green/brightness_low/run_02/20260820T151918_494.jpg,002020eadbf1c71a9f0f8ff23f07f601bec01f628509be1c1e3d9a3582f08e0a,green,2,343,180,364,215,0.736458,0.548611,0.043750,0.097222,green_folder
green__brightness_low__run_02__20260820T151919_028.jpg,train,green/brightness_low/run_02/20260820T151919_028.jpg,27d5cb0d5400d5900b9c226d10ebf9da718e2d2591aa09d04936ecc40fb0b12f,green,2,348,180,370,216,0.747917,0.550000,0.045833,0.100000,green_folder
green__brightness_low__run_02__20260820T151919_545.jpg,train,green/brightness_low/run_02/20260820T151919_545.jpg,fd63a60a0e7ad58119ea18849d46d6eb49d7e353bd4fbbf8b20d335e9bf3a151,green,2,354,180,377,219,0.761458,0.554167,0.047917,0.108333,green_folder
green__brightness_low__run_02__20260820T151920_081.jpg,train,green/brightness_low/run_02/20260820T151920_081.jpg,1fa2ae7ad4b5fc582934b94eacc042b0a0ed03891ae07253b7caf9e6db7d1496,green,2,361,180,385,221,0.777083,0.556944,0.050000,0.113889,green_folder
green__brightness_low__run_02__20260820T151920_614.jpg,train,green/brightness_low/run_02/20260820T151920_614.jpg,f7310929ed918dfedcfb281e430b31775f3218b1100c94d21aa2c11fe5fe7878,green,2,368,180,394,223,0.793750,0.559722,0.054167,0.119444,green_folder
green__brightness_low__run_02__20260820T151921_150.jpg,train,green/brightness_low/run_02/20260820T151921_150.jpg,4fe709e2b1dca4d8e592ba3026bb04db0d8a6431ff594676e0dd526e04fc7f42,green,2,376,180,403,225,0.811458,0.562500,0.056250,0.125000,green_folder
green__brightness_low__run_02__20260820T151921_676.jpg,train,green/brightness_low/run_02/20260820T151921_676.jpg,3287130965f8a1e5ac8affe9a68fd4b5f7330834f5312819a108e46ac1c8d26a,green,2,387,180,417,229,0.837500,0.568056,0.062500,0.136111,green_folder
green__brightness_low__run_02__20260820T151922_201.jpg,train,green/brightness_low/run_02/20260820T151922_201.jpg,b40a5a67eb43abdced135c1532521a21b40ea7b3870533b995386784aad6e2c8,green,2,397,180,429,232,0.860417,0.572222,0.066667,0.144444,green_folder
green__brightness_low__run_02__20260820T151922_723.jpg,train,green/brightness_low/run_02/20260820T151922_723.jpg,88f718902c1a3a6ddf32e7b31a76e490a56cce403927346aa1fe44a3888ff56b,green,2,410,180,445,236,0.890625,0.577778,0.072917,0.155556,green_folder
green__brightness_low__run_02__20260820T151923_250.jpg,train,green/brightness_low/run_02/20260820T151923_250.jpg,c162943068933006ada236a9cb4615d742ef23d494c1fed8d2f2a10c9c75e2bf,green,2,423,180,461,241,0.920833,0.584722,0.079167,0.169444,green_folder
green__brightness_low__run_02__20260820T151923_770.jpg,train,green/brightness_low/run_02/20260820T151923_770.jpg,458a9a61b4ff5996bfeffb0aac7f04df4d3d381df051c037d95b33de367707f2,green,2,443,180,480,247,0.961458,0.593056,0.077083,0.186111,green_folder
green__brightness_low__run_02__20260820T151924_291.jpg,train,green/brightness_low/run_02/20260820T151924_291.jpg,f0d1e4e501b21fe75ee3bba74ee0726ceb9a049d77631dde01b74257b067f895,green,2,456,180,480,247,0.975000,0.593056,0.050000,0.186111,green_folder
green__brightness_low__run_02__20260820T151924_813.jpg,train,green/brightness_low/run_02/20260820T151924_813.jpg,11a5b339d76ef6fbfc11d30a297327a1190cdd29596b224aa3b07e579c0eb8a6,,,,,,,,,,,no_visible_signal_in_green_folder
green__brightness_low__run_02__20260820T151925_336.jpg,train,green/brightness_low/run_02/20260820T151925_336.jpg,94abf7c348b409013478760ba6b61d4d5afc4a8bf1ebd9e578b48e9dab12ef97,,,,,,,,,,,no_visible_signal_in_green_folder
green__brightness_low__run_02__20260820T151925_864.jpg,train,green/brightness_low/run_02/20260820T151925_864.jpg,cae7bee9e810882fb2bd0f52f48ba04ee94e91630047c90bd31b2dcdb78192eb,,,,,,,,,,,no_visible_signal_in_green_folder
green__brightness_low__run_03__20260820T151927_272.jpg,train,green/brightness_low/run_03/20260820T151927_272.jpg,343798ffec78a6f2cc5b7e197a735b86d2628eb87b42eb45d1611f8741754481,green,2,376,180,403,225,0.811458,0.562500,0.056250,0.125000,green_folder
green__brightness_low__run_03__20260820T151927_802.jpg,train,green/brightness_low/run_03/20260820T151927_802.jpg,5fe0d3ce73580542f0eb1c6bfc4baf9e33a89fb0a3ade35a99dff00ec9b193f4,green,2,383,180,413,228,0.829167,0.566667,0.062500,0.133333,green_folder
green__brightness_low__run_03__20260820T151928_332.jpg,train,green/brightness_low/run_03/20260820T151928_332.jpg,9bc847e6cddc76dc6e54651b3b0fcbe8e2046c098aa287727500612811881a88,green,2,392,180,424,231,0.850000,0.570833,0.066667,0.141667,green_folder
green__brightness_low__run_03__20260820T151928_870.jpg,train,green/brightness_low/run_03/20260820T151928_870.jpg,8ab5a9856b1a39a822a7818596aafd561ad4d1f0f704e038cf1326eade117464,green,2,407,180,441,236,0.883333,0.577778,0.070833,0.155556,green_folder
green__brightness_low__run_03__20260820T151929_403.jpg,train,green/brightness_low/run_03/20260820T151929_403.jpg,741dc28903f028e5bc8dc440e8a69cf6bd2bf3eb25fac40e513e0ce34b478e28,green,2,416,180,452,238,0.904167,0.580556,0.075000,0.161111,green_folder
green__brightness_low__run_03__20260820T151929_929.jpg,train,green/brightness_low/run_03/20260820T151929_929.jpg,64d29059482a1fc1cfced7cdbe2f5412d4ec6e3f5d5323cf4c5e54cf5f709b7b,green,2,436,180,478,245,0.952083,0.590278,0.087500,0.180556,green_folder
green__brightness_low__run_03__20260820T151930_455.jpg,train,green/brightness_low/run_03/20260820T151930_455.jpg,4d713e6bde8e4c25f77c2aeb4dcd2f05bccccd5c33987ba5b240f0a0a1c3366b,green,2,452,180,480,246,0.970833,0.591667,0.058333,0.183333,green_folder
green__brightness_low__run_03__20260820T151930_984.jpg,train,green/brightness_low/run_03/20260820T151930_984.jpg,8449123de9b33ca19326255596813a24aeb59578d3507839a64dbae96bcf0fa9,,,,,,,,,,,no_visible_signal_in_green_folder
green__brightness_low__run_03__20260820T151931_508.jpg,train,green/brightness_low/run_03/20260820T151931_508.jpg,fdf3ce0335a3d838897781f942465ea844d6cf5aac4cb6ea4d8403279d7d6f3b,,,,,,,,,,,no_visible_signal_in_green_folder
green__brightness_low__run_03__20260820T151932_026.jpg,train,green/brightness_low/run_03/20260820T151932_026.jpg,e222b328cd3f67ad83276f62fe4c048ff8ffc504a4f132d16806d1c7ef3ca0a9,,,,,,,,,,,no_visible_signal_in_green_folder
green__brightness_low__run_03__20260820T151932_550.jpg,train,green/brightness_low/run_03/20260820T151932_550.jpg,3a6b86261feae66d0c05cc1af23b089e8b47cb31e8c97b33e45231c6edce3dda,,,,,,,,,,,no_visible_signal_in_green_folder
green__brightness_low__run_03__20260820T151933_080.jpg,train,green/brightness_low/run_03/20260820T151933_080.jpg,823dac4caf086dbbf7981d098e17893aa7effaacf3b028f975b95b6707ee2642,,,,,,,,,,,no_visible_signal_in_green_folder
green__brightness_low__run_03__20260820T151933_601.jpg,train,green/brightness_low/run_03/20260820T151933_601.jpg,6158c326150824ec02b179dc5c090587cf37feb1573c90d7b6c861e72c58d10f,,,,,,,,,,,no_visible_signal_in_green_folder
green__brightness_low__run_03__20260820T151934_127.jpg,train,green/brightness_low/run_03/20260820T151934_127.jpg,475a42bf1b0af7d33da937fe4f621400c591c5f2357ae80b5219e512a2bee2c9,,,,,,,,,,,no_visible_signal_in_green_folder
green__brightness_low__run_03__20260820T151934_647.jpg,train,green/brightness_low/run_03/20260820T151934_647.jpg,a97e763b708025b6ffadccce4c9392af721120d3584f895661aa2d888da0060c,,,,,,,,,,,no_visible_signal_in_green_folder
green__brightness_low__run_03__20260820T151935_171.jpg,train,green/brightness_low/run_03/20260820T151935_171.jpg,2fe3f5edef42b9b5a91dfb0d5a076b1bcc9d3eaa79cd0d78a973fa58f8bf860f,,,,,,,,,,,no_visible_signal_in_green_folder
green__brightness_low__run_03__20260820T151935_700.jpg,train,green/brightness_low/run_03/20260820T151935_700.jpg,eef1da5d6c8fcbf83f430bcf8d12cd7863394a4e6e812c6bc7eccb14b8832bee,,,,,,,,,,,no_visible_signal_in_green_folder
green__brightness_low__run_03__20260820T151936_218.jpg,train,green/brightness_low/run_03/20260820T151936_218.jpg,dc7a2e9f7f017e926c9a1c887fdaeb559d1a2eb9b1c8a28eb9e348b6c3ed8939,,,,,,,,,,,no_visible_signal_in_green_folder
green__brightness_low__run_03__20260820T151936_745.jpg,train,green/brightness_low/run_03/20260820T151936_745.jpg,030bcc0f2ceba189339951e21cce2c182107a53115e9fe0eecce904de75bebc4,,,,,,,,,,,no_visible_signal_in_green_folder
green__brightness_low__run_03__20260820T151937_268.jpg,train,green/brightness_low/run_03/20260820T151937_268.jpg,3e4a155283703f538a0616d6f0c6caf186e5eed67f1b8836307c9a255761978e,,,,,,,,,,,no_visible_signal_in_green_folder
green__brightness_low__run_04__20260820T151938_680.jpg,val,green/brightness_low/run_04/20260820T151938_680.jpg,26537be8fc8efc2da29675b2787e91e6c237aadceac18010b18649d52047749a,green,2,337,180,352,207,0.717708,0.537500,0.031250,0.075000,green_folder
green__brightness_low__run_04__20260820T151939_205.jpg,val,green/brightness_low/run_04/20260820T151939_205.jpg,3b952f4d16b13bb21015ee4f2d213cc087e50e73baa46bdecf3a0ffa308980aa,green,2,340,180,356,208,0.725000,0.538889,0.033333,0.077778,green_folder
green__brightness_low__run_04__20260820T151939_732.jpg,val,green/brightness_low/run_04/20260820T151939_732.jpg,1f5a24e4514bac9ca1c3cef527f3e53d227c04c0688874e74761ca63db3d070c,green,2,344,180,361,209,0.734375,0.540278,0.035417,0.080556,green_folder
green__brightness_low__run_04__20260820T151940_250.jpg,val,green/brightness_low/run_04/20260820T151940_250.jpg,8c39fc2484ae3feb1d0c1f6328d04a0791d2a94ffe3ced06699ef98d5824ff52,green,2,347,180,365,210,0.741667,0.541667,0.037500,0.083333,green_folder
green__brightness_low__run_04__20260820T151940_789.jpg,val,green/brightness_low/run_04/20260820T151940_789.jpg,29b7f54f5a495c961bf68129ddfeca08540c3bca557fcb373bd6cf41cb2324e4,green,2,352,180,370,211,0.752083,0.543056,0.037500,0.086111,green_folder
green__brightness_low__run_04__20260820T151941_316.jpg,val,green/brightness_low/run_04/20260820T151941_316.jpg,2dec646bd6de241a445d9d4bda7273db2dde64b36bd1d8345b59955e3add6d2e,green,2,358,180,378,213,0.766667,0.545833,0.041667,0.091667,green_folder
green__brightness_low__run_04__20260820T151941_848.jpg,val,green/brightness_low/run_04/20260820T151941_848.jpg,5c09639697c9ceabcc0581275c4e3f479979125c2d0f7c79f62f7c1a75882772,green,2,364,180,384,215,0.779167,0.548611,0.041667,0.097222,green_folder
green__brightness_low__run_04__20260820T151942_375.jpg,val,green/brightness_low/run_04/20260820T151942_375.jpg,bab635044981ee0c366bf06947cb114a3a8134d0ec8f90f65c17ccd6e1ce45fe,green,2,370,180,392,216,0.793750,0.550000,0.045833,0.100000,green_folder
green__brightness_low__run_04__20260820T151942_896.jpg,val,green/brightness_low/run_04/20260820T151942_896.jpg,a13801f979989e428d2b251b2ed3c352f49cc9bc26a8819da92d78c0d02ba905,green,2,379,180,401,218,0.812500,0.552778,0.045833,0.105556,green_folder
green__brightness_low__run_04__20260820T151943_427.jpg,val,green/brightness_low/run_04/20260820T151943_427.jpg,fbf4cb024449d3ee4565771520d409664ecc42b840441f3dd14ca3fadf3b95f3,green,2,385,180,410,220,0.828125,0.555556,0.052083,0.111111,green_folder
green__brightness_low__run_04__20260820T151943_956.jpg,val,green/brightness_low/run_04/20260820T151943_956.jpg,0b6b5fb0bc8b36d707e80af3a5ed56548b7bad1560e80b316fc7470b91f55e1c,green,2,393,180,419,222,0.845833,0.558333,0.054167,0.116667,green_folder
green__brightness_low__run_04__20260820T151944_474.jpg,val,green/brightness_low/run_04/20260820T151944_474.jpg,5217f712d904af56eaead171fd4a875c96821cbc09294e69acb2e0c70d9f5378,green,2,405,180,433,225,0.872917,0.562500,0.058333,0.125000,green_folder
green__brightness_low__run_04__20260820T151944_993.jpg,val,green/brightness_low/run_04/20260820T151944_993.jpg,e62390f1a71f37516579605fe3d30cfff537b0ac215fb97c6ee7d4c82635c988,green,2,416,180,446,228,0.897917,0.566667,0.062500,0.133333,green_folder
green__brightness_low__run_04__20260820T151945_516.jpg,val,green/brightness_low/run_04/20260820T151945_516.jpg,f52f2ff74c90ff36e3b33a779aba95b33e3006cce45ca89eaee045df73e47991,green,2,427,180,460,231,0.923958,0.570833,0.068750,0.141667,green_folder
green__brightness_low__run_04__20260820T151946_036.jpg,val,green/brightness_low/run_04/20260820T151946_036.jpg,424e8d360cc16147e6017a4a7d65710d56979ada2fc28586c06924f04cdd414d,green,2,441,180,476,234,0.955208,0.575000,0.072917,0.150000,green_folder
green__brightness_low__run_04__20260820T151946_556.jpg,val,green/brightness_low/run_04/20260820T151946_556.jpg,c1552e8ffce014c78c121ee018d9d0cec302285314e32d7ad5c2543daec3e0df,green,2,460,180,480,236,0.979167,0.577778,0.041667,0.155556,green_folder
green__brightness_low__run_04__20260820T151947_089.jpg,val,green/brightness_low/run_04/20260820T151947_089.jpg,99c45cee168e6b2d7d08a5ebf1c9cbf84b57d54c8efa56434da9eb63049722f1,green,2,463,180,480,234,0.982292,0.575000,0.035417,0.150000,green_folder
green__brightness_low__run_04__20260820T151947_620.jpg,val,green/brightness_low/run_04/20260820T151947_620.jpg,2e990ef7112a0adfa5db219181f006cc188f1a7e79b607dfd0eb59cac6f6a6b6,,,,,,,,,,,no_visible_signal_in_green_folder
green__brightness_low__run_04__20260820T151948_150.jpg,val,green/brightness_low/run_04/20260820T151948_150.jpg,f4ca4d45d8926f0274fd8888ac88eeea5190c4e27c8d1efe987419c8a25c3ac7,,,,,,,,,,,no_visible_signal_in_green_folder
green__brightness_low__run_04__20260820T151948_688.jpg,val,green/brightness_low/run_04/20260820T151948_688.jpg,3c1e0ec1254b5fe77febf5b076acb4b1ffd0ebca63a1b5b6ddb4e6efd4516dc6,,,,,,,,,,,no_visible_signal_in_green_folder
green__brightness_low__run_05__20260820T151950_083.jpg,test,green/brightness_low/run_05/20260820T151950_083.jpg,2418c4386f67564455dedae2b098154a7ae5139a5995fdbc5a063f725369bb05,green,2,260,180,276,209,0.558333,0.540278,0.033333,0.080556,green_folder
green__brightness_low__run_05__20260820T151950_607.jpg,test,green/brightness_low/run_05/20260820T151950_607.jpg,b904cf188af8f6cbe395c4a23ee52304ee3397274455c7a20788d082dee500e1,green,2,260,180,277,209,0.559375,0.540278,0.035417,0.080556,green_folder
green__brightness_low__run_05__20260820T151951_133.jpg,test,green/brightness_low/run_05/20260820T151951_133.jpg,6aaf0ff0a4e24341ebe1ceff62df0a0866b126c13db560d612097733406c596b,green,2,261,180,278,211,0.561458,0.543056,0.035417,0.086111,green_folder
green__brightness_low__run_05__20260820T151951_652.jpg,test,green/brightness_low/run_05/20260820T151951_652.jpg,b0c2d38b545dd9077d3e4c34d78803aeb6470cd4bd0789f516ad363268dbd4df,green,2,262,180,280,212,0.564583,0.544444,0.037500,0.088889,green_folder
green__brightness_low__run_05__20260820T151952_172.jpg,test,green/brightness_low/run_05/20260820T151952_172.jpg,eb02bb3b529ffe0b77a36c5e0177c18450a51fac429e9db0906f9281705bf49c,green,2,263,180,281,214,0.566667,0.547222,0.037500,0.094444,green_folder
green__brightness_low__run_05__20260820T151952_692.jpg,test,green/brightness_low/run_05/20260820T151952_692.jpg,e8ee4d74636b96c5f2991d2dfe2dfdb8df90e204017e8afbdad1114e72cf1b09,green,2,264,180,283,215,0.569792,0.548611,0.039583,0.097222,green_folder
green__brightness_low__run_05__20260820T151953_219.jpg,test,green/brightness_low/run_05/20260820T151953_219.jpg,7c07aa205f08c15b502820ca3d17724fd65c8ed0b0f843ee5e23555b702295fb,green,2,266,180,287,217,0.576042,0.551389,0.043750,0.102778,green_folder
green__brightness_low__run_05__20260820T151953_739.jpg,test,green/brightness_low/run_05/20260820T151953_739.jpg,3eacfa35b0df29f3dae50026086f8715e25469ea6f652e845dbe068197bced9f,green,2,267,180,289,219,0.579167,0.554167,0.045833,0.108333,green_folder
green__brightness_low__run_05__20260820T151954_267.jpg,test,green/brightness_low/run_05/20260820T151954_267.jpg,1d824e43862f1472116bc5d40a891860f211c71ef29e101ffaea14ff5fb00d2c,green,2,269,180,291,221,0.583333,0.556944,0.045833,0.113889,green_folder
green__brightness_low__run_05__20260820T151954_795.jpg,test,green/brightness_low/run_05/20260820T151954_795.jpg,9d23ae6ffaa75c01bbefc173cb95831bca9ab1aa84eee379b6b91f84aefe408b,green,2,270,180,295,224,0.588542,0.561111,0.052083,0.122222,green_folder
green__brightness_low__run_05__20260820T151955_329.jpg,test,green/brightness_low/run_05/20260820T151955_329.jpg,2cf2506b9203d5a05d395145ab6ec77b03722511a76a9d672a46420b4c1e12ec,green,2,272,180,299,227,0.594792,0.565278,0.056250,0.130556,green_folder
green__brightness_low__run_05__20260820T151955_856.jpg,test,green/brightness_low/run_05/20260820T151955_856.jpg,07bc7d69e2b9b4cccb4943d6b17604d14e4c7413d5501d8e33f9293e6b2e095b,green,2,276,180,304,230,0.604167,0.569444,0.058333,0.138889,green_folder
green__brightness_low__run_05__20260820T151956_379.jpg,test,green/brightness_low/run_05/20260820T151956_379.jpg,12e81c3d365179dcae5adfb9a8d555fd10b9f6e2b010d2fc53893b1064f929d8,green,2,278,180,307,233,0.609375,0.573611,0.060417,0.147222,green_folder
green__brightness_low__run_05__20260820T151956_901.jpg,test,green/brightness_low/run_05/20260820T151956_901.jpg,78658c4aea3711775db0e37eceb861432f3257d0289494e1107ce47b53773634,green,2,281,180,313,237,0.618750,0.579167,0.066667,0.158333,green_folder
green__brightness_low__run_05__20260820T151957_421.jpg,test,green/brightness_low/run_05/20260820T151957_421.jpg,45302ee20bc0197a7876d88929f00b0bc732ba137b8e6261048499c2819d790f,green,2,285,180,320,243,0.630208,0.587500,0.072917,0.175000,green_folder
green__brightness_low__run_05__20260820T151957_943.jpg,test,green/brightness_low/run_05/20260820T151957_943.jpg,909ec317070dedd5684a36a5b2e66c6aeb47b3035fbe145d6b3aa32f9dafd222,green,2,290,180,330,251,0.645833,0.598611,0.083333,0.197222,green_folder
green__brightness_low__run_05__20260820T151958_463.jpg,test,green/brightness_low/run_05/20260820T151958_463.jpg,06cde83e8c9657e9e2d8eda90a062efcd73de0dd6f12d56ae05d61c9fca06952,green,2,295,180,340,258,0.661458,0.608333,0.093750,0.216667,green_folder
green__brightness_low__run_05__20260820T151958_994.jpg,test,green/brightness_low/run_05/20260820T151958_994.jpg,decb6650441da730ab45f8e49f9fb18e819ffeaea82a4135f397d03be1349125,green,2,303,180,353,269,0.683333,0.623611,0.104167,0.247222,green_folder
green__brightness_low__run_05__20260820T151959_530.jpg,test,green/brightness_low/run_05/20260820T151959_530.jpg,80b48d816ae4981c968afbf1aee68367bc36630bf0fb5df47202548c018e3f03,green,2,312,180,371,283,0.711458,0.643056,0.122917,0.286111,green_folder
green__brightness_low__run_05__20260820T152000_062.jpg,test,green/brightness_low/run_05/20260820T152000_062.jpg,9cc862d64727d0d5650d48c6aec0b31b8f659d393adad69d05cb8cf3de8ef8e0,green,2,325,180,395,301,0.750000,0.668056,0.145833,0.336111,green_folder
green__brightness_low__transition_run_01__frame_000_20260820T154156_979.jpg,train,green/brightness_low/transition_run_01/frame_000_20260820T154156_979.jpg,419d1992a49ac5e4c5b72c78bc547400200d81e4a22854f7d2e4f6062ee916ee,green,2,301,180,313,202,0.639583,0.530556,0.025000,0.061111,green_folder
green__brightness_low__transition_run_01__frame_001_20260820T154157_104.jpg,train,green/brightness_low/transition_run_01/frame_001_20260820T154157_104.jpg,419d1992a49ac5e4c5b72c78bc547400200d81e4a22854f7d2e4f6062ee916ee,green,2,301,180,313,202,0.639583,0.530556,0.025000,0.061111,green_folder
green__brightness_low__transition_run_01__frame_002_20260820T154157_235.jpg,train,green/brightness_low/transition_run_01/frame_002_20260820T154157_235.jpg,ac6db149f85ceefcb46c01928be8464271bd0e6a19530dc1683b4062e4b716e7,green,2,301,180,314,202,0.640625,0.530556,0.027083,0.061111,green_folder
green__brightness_low__transition_run_01__frame_003_20260820T154157_363.jpg,train,green/brightness_low/transition_run_01/frame_003_20260820T154157_363.jpg,e409b189711979b33273c98ba174e240241f8e98b951a3d708a7f051adb460f5,green,2,302,180,314,202,0.641667,0.530556,0.025000,0.061111,green_folder
green__brightness_low__transition_run_01__frame_004_20260820T154157_488.jpg,train,green/brightness_low/transition_run_01/frame_004_20260820T154157_488.jpg,192c1c35a95f645f66331f99831a64d070ce3846f8c32181d826644e033f2b5d,green,2,302,180,315,202,0.642708,0.530556,0.027083,0.061111,green_folder
green__brightness_low__transition_run_01__frame_005_20260820T154157_615.jpg,train,green/brightness_low/transition_run_01/frame_005_20260820T154157_615.jpg,192c1c35a95f645f66331f99831a64d070ce3846f8c32181d826644e033f2b5d,green,2,302,180,315,202,0.642708,0.530556,0.027083,0.061111,green_folder
green__brightness_low__transition_run_01__frame_006_20260820T154157_733.jpg,train,green/brightness_low/transition_run_01/frame_006_20260820T154157_733.jpg,d3fc0173e12f9773e04e6d6439ef8ca5fdb5f26398fd45d09e125de575e7efd4,green,2,303,180,315,203,0.643750,0.531944,0.025000,0.063889,green_folder
green__brightness_low__transition_run_02__frame_000_20260820T154205_059.jpg,train,green/brightness_low/transition_run_02/frame_000_20260820T154205_059.jpg,b2e324ddeba4adf1c57d000292ab74538a281b0f782b4718535946ab88a36f68,green,2,322,180,339,209,0.688542,0.540278,0.035417,0.080556,green_folder
green__brightness_low__transition_run_02__frame_001_20260820T154205_197.jpg,train,green/brightness_low/transition_run_02/frame_001_20260820T154205_197.jpg,b1278e1ff1936c73f178bddeb28974beaf04a17b45995e4d803698793bc588f8,green,2,322,180,340,209,0.689583,0.540278,0.037500,0.080556,green_folder
green__brightness_low__transition_run_02__frame_002_20260820T154205_336.jpg,train,green/brightness_low/transition_run_02/frame_002_20260820T154205_336.jpg,975816a47a1057fc21ba17bf571b46651aa560ab21e4d4ff13764515dcd17ba7,green,2,323,180,341,209,0.691667,0.540278,0.037500,0.080556,green_folder
green__brightness_low__transition_run_02__frame_003_20260820T154205_460.jpg,train,green/brightness_low/transition_run_02/frame_003_20260820T154205_460.jpg,ae5b99bca8df6197e77140b47f285ac5a1deb2d4cab245507a38ce32f8151bd3,green,2,324,180,341,209,0.692708,0.540278,0.035417,0.080556,green_folder
green__brightness_low__transition_run_02__frame_004_20260820T154205_583.jpg,train,green/brightness_low/transition_run_02/frame_004_20260820T154205_583.jpg,27ddf9eeffbf782c26c1d1f689fd83fa80efb50b2ff8bcb039e95da90e997a42,green,2,324,180,342,209,0.693750,0.540278,0.037500,0.080556,green_folder
green__brightness_low__transition_run_02__frame_005_20260820T154205_701.jpg,train,green/brightness_low/transition_run_02/frame_005_20260820T154205_701.jpg,27ddf9eeffbf782c26c1d1f689fd83fa80efb50b2ff8bcb039e95da90e997a42,green,2,324,180,342,209,0.693750,0.540278,0.037500,0.080556,green_folder
green__brightness_low__transition_run_02__frame_006_20260820T154205_819.jpg,train,green/brightness_low/transition_run_02/frame_006_20260820T154205_819.jpg,12701f0b65366b2321e6d555518af92acbd904fdb72da6751cad62f0ce751176,green,2,326,180,344,210,0.697917,0.541667,0.037500,0.083333,green_folder
green__brightness_low__transition_run_03__frame_000_20260820T154213_009.jpg,train,green/brightness_low/transition_run_03/frame_000_20260820T154213_009.jpg,064bd277f18816b9a1f41369944fcf063bbdd3d8ab56b75a8a15665f151ed653,green,2,376,180,403,225,0.811458,0.562500,0.056250,0.125000,green_folder
green__brightness_low__transition_run_03__frame_001_20260820T154213_136.jpg,train,green/brightness_low/transition_run_03/frame_001_20260820T154213_136.jpg,a84a81abb7c98ef9ad7a710bdd1f2c147defeb6cf9114b9188ca63878201d6c6,green,2,376,180,403,225,0.811458,0.562500,0.056250,0.125000,green_folder
green__brightness_low__transition_run_03__frame_002_20260820T154213_254.jpg,train,green/brightness_low/transition_run_03/frame_002_20260820T154213_254.jpg,a84a81abb7c98ef9ad7a710bdd1f2c147defeb6cf9114b9188ca63878201d6c6,green,2,376,180,403,225,0.811458,0.562500,0.056250,0.125000,green_folder
green__brightness_low__transition_run_03__frame_003_20260820T154213_374.jpg,train,green/brightness_low/transition_run_03/frame_003_20260820T154213_374.jpg,2b3af0bc14a062472882f2a707c0b6b55a33ac477af8a196fbe12ebd5c9ccc38,green,2,379,180,408,226,0.819792,0.563889,0.060417,0.127778,green_folder
green__brightness_low__transition_run_03__frame_004_20260820T154213_493.jpg,train,green/brightness_low/transition_run_03/frame_004_20260820T154213_493.jpg,cee5ae5c68a9b4d5574dbb7fd98a1f2ca1256ba7e9dee7dd35785fbe737574c1,green,2,381,180,410,227,0.823958,0.565278,0.060417,0.130556,green_folder
green__brightness_low__transition_run_03__frame_005_20260820T154213_616.jpg,train,green/brightness_low/transition_run_03/frame_005_20260820T154213_616.jpg,cee5ae5c68a9b4d5574dbb7fd98a1f2ca1256ba7e9dee7dd35785fbe737574c1,green,2,381,180,410,227,0.823958,0.565278,0.060417,0.130556,green_folder
green__brightness_low__transition_run_03__frame_006_20260820T154213_739.jpg,train,green/brightness_low/transition_run_03/frame_006_20260820T154213_739.jpg,9e8066df3568eb56c879c3925ba08db08383da894d1ea99e8269de5f3bceb6fa,green,2,384,180,413,228,0.830208,0.566667,0.060417,0.133333,green_folder
green__brightness_low__transition_run_04__frame_000_20260820T154220_992.jpg,val,green/brightness_low/transition_run_04/frame_000_20260820T154220_992.jpg,299bd6f37ccaec1ed58cd51d052d2d8a7bd27b6c7a5656990b1c1a5ad6c312ea,green,2,337,180,352,207,0.717708,0.537500,0.031250,0.075000,green_folder
green__brightness_low__transition_run_04__frame_001_20260820T154221_118.jpg,val,green/brightness_low/transition_run_04/frame_001_20260820T154221_118.jpg,130c690d53818a874bf21e862e784d1370ec235290b854b72a05054771821423,green,2,337,180,352,207,0.717708,0.537500,0.031250,0.075000,green_folder
green__brightness_low__transition_run_04__frame_002_20260820T154221_244.jpg,val,green/brightness_low/transition_run_04/frame_002_20260820T154221_244.jpg,ce254e208b790166ffa97216344b337147831ae89452e7b861f69b6fd440ada8,green,2,337,180,353,207,0.718750,0.537500,0.033333,0.075000,green_folder
green__brightness_low__transition_run_04__frame_003_20260820T154221_371.jpg,val,green/brightness_low/transition_run_04/frame_003_20260820T154221_371.jpg,8b255879c5b3ea52d3a712263f488987cdab50056c4ecc8078d38199f3395e01,green,2,338,180,355,208,0.721875,0.538889,0.035417,0.077778,green_folder
green__brightness_low__transition_run_04__frame_004_20260820T154221_496.jpg,val,green/brightness_low/transition_run_04/frame_004_20260820T154221_496.jpg,06b6b1956d021c7118e9893d13690db61d07be8dfaf24c44e6ed66aea8282169,green,2,339,180,356,208,0.723958,0.538889,0.035417,0.077778,green_folder
green__brightness_low__transition_run_04__frame_005_20260820T154221_615.jpg,val,green/brightness_low/transition_run_04/frame_005_20260820T154221_615.jpg,7c90381c0cd48a89c8a0fea19f65aaffab4c87737c6b631cf699163920256a34,green,2,339,180,356,207,0.723958,0.537500,0.035417,0.075000,green_folder
green__brightness_low__transition_run_04__frame_006_20260820T154221_734.jpg,val,green/brightness_low/transition_run_04/frame_006_20260820T154221_734.jpg,7c90381c0cd48a89c8a0fea19f65aaffab4c87737c6b631cf699163920256a34,green,2,339,180,356,207,0.723958,0.537500,0.035417,0.075000,green_folder
green__brightness_low__transition_run_05__frame_000_20260820T154228_950.jpg,test,green/brightness_low/transition_run_05/frame_000_20260820T154228_950.jpg,a55311bb772a9cf09a3de133cfd388acca31860f65cd333b332b7c94d6648b5f,green,2,260,180,276,208,0.558333,0.538889,0.033333,0.077778,green_folder
green__brightness_low__transition_run_05__frame_001_20260820T154229_081.jpg,test,green/brightness_low/transition_run_05/frame_001_20260820T154229_081.jpg,a55311bb772a9cf09a3de133cfd388acca31860f65cd333b332b7c94d6648b5f,green,2,260,180,276,208,0.558333,0.538889,0.033333,0.077778,green_folder
green__brightness_low__transition_run_05__frame_002_20260820T154229_202.jpg,test,green/brightness_low/transition_run_05/frame_002_20260820T154229_202.jpg,2e3424db6035ac2c4bd56d270a30d67832144dde7f4161d5af09eef844708a98,green,2,260,180,276,209,0.558333,0.540278,0.033333,0.080556,green_folder
green__brightness_low__transition_run_05__frame_003_20260820T154229_323.jpg,test,green/brightness_low/transition_run_05/frame_003_20260820T154229_323.jpg,2bc298b4ae38ddd24d95219de1cab2008de4cd543714838a71933cbd37fa3954,green,2,260,180,276,209,0.558333,0.540278,0.033333,0.080556,green_folder
green__brightness_low__transition_run_05__frame_004_20260820T154229_449.jpg,test,green/brightness_low/transition_run_05/frame_004_20260820T154229_449.jpg,9ea3638a1fddfc74445263a3b40c90280521f98743d558ae4c4cc5110f2169b6,green,2,260,180,277,209,0.559375,0.540278,0.035417,0.080556,green_folder
green__brightness_low__transition_run_05__frame_005_20260820T154229_577.jpg,test,green/brightness_low/transition_run_05/frame_005_20260820T154229_577.jpg,4ec6ac768b07bb09243eff30497e2c79454b1d9aeed41482001a8d4395ef7e6d,green,2,260,180,277,209,0.559375,0.540278,0.035417,0.080556,green_folder
green__brightness_low__transition_run_05__frame_006_20260820T154229_708.jpg,test,green/brightness_low/transition_run_05/frame_006_20260820T154229_708.jpg,42aac25123b0af6c3556641ac8c6a2e2ee05610e8d642a00c873b219d24f1e21,green,2,260,180,277,209,0.559375,0.540278,0.035417,0.080556,green_folder
green__brightness_medium__run_01__20260820T151712_666.jpg,train,green/brightness_medium/run_01/20260820T151712_666.jpg,41866c86a10f68d0ccc78f3e08e47cdebbba89cf2de5e0a68cec4541b962e1da,green,2,301,180,313,201,0.639583,0.529167,0.025000,0.058333,green_folder
green__brightness_medium__run_01__20260820T151713_196.jpg,train,green/brightness_medium/run_01/20260820T151713_196.jpg,aa5bd9f422fe24e6d764e91678a1b62100e2f169c5367f50a4e65f4abb70477f,green,2,302,180,315,201,0.642708,0.529167,0.027083,0.058333,green_folder
green__brightness_medium__run_01__20260820T151713_714.jpg,train,green/brightness_medium/run_01/20260820T151713_714.jpg,57b94c60a937566780d2ca1c11bca11d246287533da18812c54684c5e9c40437,green,2,304,180,317,203,0.646875,0.531944,0.027083,0.063889,green_folder
green__brightness_medium__run_01__20260820T151714_230.jpg,train,green/brightness_medium/run_01/20260820T151714_230.jpg,df9d30b3340d5111e7bffbba5de9e5c586ebae3048c5aa22f04c62bc3aeb1de6,green,2,305,180,318,203,0.648958,0.531944,0.027083,0.063889,green_folder
green__brightness_medium__run_01__20260820T151714_749.jpg,train,green/brightness_medium/run_01/20260820T151714_749.jpg,0929807030575b12d67afcd197798e6b27a1d36e96dc656d418a8551093520d5,green,2,309,180,322,204,0.657292,0.533333,0.027083,0.066667,green_folder
green__brightness_medium__run_01__20260820T151715_269.jpg,train,green/brightness_medium/run_01/20260820T151715_269.jpg,a1b2cc39bdc50d164e3f7970559bc2afed4c30c74ced1ceb00ea7c1929a4d461,green,2,311,180,324,205,0.661458,0.534722,0.027083,0.069444,green_folder
green__brightness_medium__run_01__20260820T151715_785.jpg,train,green/brightness_medium/run_01/20260820T151715_785.jpg,e46eb39f27848acdb49b342fd0571a19f156026a6e6217902ab8d5cc0cde06e7,green,2,314,180,328,206,0.668750,0.536111,0.029167,0.072222,green_folder
green__brightness_medium__run_01__20260820T151716_307.jpg,train,green/brightness_medium/run_01/20260820T151716_307.jpg,59a04abbc6016ffb4d947c7c37edd070e77333b086b91cfc61d308e5cd69bc8e,green,2,315,180,331,207,0.672917,0.537500,0.033333,0.075000,green_folder
green__brightness_medium__run_01__20260820T151716_821.jpg,train,green/brightness_medium/run_01/20260820T151716_821.jpg,51506eb1d34909482e3a45a01fbd2284bfb03b32373173b8a43cba3e281da21e,green,2,319,180,335,208,0.681250,0.538889,0.033333,0.077778,green_folder
green__brightness_medium__run_01__20260820T151717_338.jpg,train,green/brightness_medium/run_01/20260820T151717_338.jpg,9dd3b2a593ccd9feb3e0cb0f0e2b0220e883bca76c074e8cd63c137e03c98930,green,2,321,180,339,208,0.687500,0.538889,0.037500,0.077778,green_folder
green__brightness_medium__run_01__20260820T151717_862.jpg,train,green/brightness_medium/run_01/20260820T151717_862.jpg,9bd8e16e72a699ba5e553ee6c99baeb3732e27bd46ccf472791cbd0bc2a3a090,green,2,325,180,343,209,0.695833,0.540278,0.037500,0.080556,green_folder
green__brightness_medium__run_01__20260820T151718_387.jpg,train,green/brightness_medium/run_01/20260820T151718_387.jpg,e77dec4ab7de7006358cc2616eb9d2cb789cdac636dcc251661e1402811f7328,green,2,329,180,346,210,0.703125,0.541667,0.035417,0.083333,green_folder
green__brightness_medium__run_01__20260820T151718_909.jpg,train,green/brightness_medium/run_01/20260820T151718_909.jpg,1e77f0cb90529d2104b2896d130626262edbf0407de66eb4b97dacc4275d2308,green,2,333,180,352,211,0.713542,0.543056,0.039583,0.086111,green_folder
green__brightness_medium__run_01__20260820T151719_423.jpg,train,green/brightness_medium/run_01/20260820T151719_423.jpg,d0b8141dce06514bf76ba21108e3243027755ef3a0b7468ebb5a9c6e406a223c,green,2,337,180,356,213,0.721875,0.545833,0.039583,0.091667,green_folder
green__brightness_medium__run_01__20260820T151719_937.jpg,train,green/brightness_medium/run_01/20260820T151719_937.jpg,4bc339df1396eebc74703932ceff665e6fe691756525d5ef8f9a307d105a0ad9,green,2,343,180,363,215,0.735417,0.548611,0.041667,0.097222,green_folder
green__brightness_medium__run_01__20260820T151720_454.jpg,train,green/brightness_medium/run_01/20260820T151720_454.jpg,c0d5555f33f7ba1e2c6ac32d5325ac947c167a7e178ec546eda5ea4043270c8a,green,2,347,180,369,216,0.745833,0.550000,0.045833,0.100000,green_folder
green__brightness_medium__run_01__20260820T151720_972.jpg,train,green/brightness_medium/run_01/20260820T151720_972.jpg,76b17160d7cde59f1f299063542267e14f275237cf111779bb482bd8ff70b378,green,2,353,180,376,218,0.759375,0.552778,0.047917,0.105556,green_folder
green__brightness_medium__run_01__20260820T151721_483.jpg,train,green/brightness_medium/run_01/20260820T151721_483.jpg,275429aaeb91d561eeafb8f81a56e2b0c5a9bc37c369f511352626547ed9d9c7,green,2,359,180,383,220,0.772917,0.555556,0.050000,0.111111,green_folder
green__brightness_medium__run_01__20260820T151722_000.jpg,train,green/brightness_medium/run_01/20260820T151722_000.jpg,7d48e2826d2b326ca6dc1e37693a45a3e1633d1d332e4fb9e4ccd91add6ee19a,green,2,366,180,392,222,0.789583,0.558333,0.054167,0.116667,green_folder
green__brightness_medium__run_01__20260820T151722_518.jpg,train,green/brightness_medium/run_01/20260820T151722_518.jpg,73a923c86004a9698e142019c370710fee63cc1c2be2e2633f7a396ebe49aefb,green,2,375,180,403,225,0.810417,0.562500,0.058333,0.125000,green_folder
green__brightness_medium__run_02__20260820T151724_047.jpg,train,green/brightness_medium/run_02/20260820T151724_047.jpg,fd3f444f74b45ef5b232f64bb4537e25407761aa193cf6f7faff1f5991dffb05,green,2,322,180,339,208,0.688542,0.538889,0.035417,0.077778,green_folder
green__brightness_medium__run_02__20260820T151724_573.jpg,train,green/brightness_medium/run_02/20260820T151724_573.jpg,b9644e8cb9916f1066fd3fd937617e020d54c5eaa44c9e9dfc7d7059e219190d,green,2,325,180,343,209,0.695833,0.540278,0.037500,0.080556,green_folder
green__brightness_medium__run_02__20260820T151725_091.jpg,train,green/brightness_medium/run_02/20260820T151725_091.jpg,8b300bf04d519a8cbb18cfb7735f06aa76ad140d9c4cd2638e002e93d79b349b,green,2,329,180,347,210,0.704167,0.541667,0.037500,0.083333,green_folder
green__brightness_medium__run_02__20260820T151725_606.jpg,train,green/brightness_medium/run_02/20260820T151725_606.jpg,cbf39478d0c156fc162769b2dcc50b6949c19d7c94eb9f96666d05db3b57702e,green,2,333,180,352,211,0.713542,0.543056,0.039583,0.086111,green_folder
green__brightness_medium__run_02__20260820T151726_127.jpg,train,green/brightness_medium/run_02/20260820T151726_127.jpg,7c130c0ab172ebdb0439048c3ddea8123e0d190a4affc176386ab8a71a27156e,green,2,338,180,358,213,0.725000,0.545833,0.041667,0.091667,green_folder
green__brightness_medium__run_02__20260820T151726_647.jpg,train,green/brightness_medium/run_02/20260820T151726_647.jpg,e7465586d3b58b64bdcb2ac592d5de9099a5f61ba1886492152429168413de55,green,2,343,180,364,215,0.736458,0.548611,0.043750,0.097222,green_folder
green__brightness_medium__run_02__20260820T151727_171.jpg,train,green/brightness_medium/run_02/20260820T151727_171.jpg,1275678a02984f6e81088ef33b6a35873ad90b571d139eaaa2eba0e2f89667b2,green,2,347,180,369,216,0.745833,0.550000,0.045833,0.100000,green_folder
green__brightness_medium__run_02__20260820T151727_688.jpg,train,green/brightness_medium/run_02/20260820T151727_688.jpg,9a0f6afd9439848b44c945bb6f70d522b7af2ec38fdf4c71810cfe99402070d5,green,2,354,180,377,218,0.761458,0.552778,0.047917,0.105556,green_folder
green__brightness_medium__run_02__20260820T151728_200.jpg,train,green/brightness_medium/run_02/20260820T151728_200.jpg,b70582e6127b40f42a38a5935f17fc45ba14fd248d1557506917daf74c3235cb,green,2,360,180,384,220,0.775000,0.555556,0.050000,0.111111,green_folder
green__brightness_medium__run_02__20260820T151728_718.jpg,train,green/brightness_medium/run_02/20260820T151728_718.jpg,e33f70dee43dde51594d655c49c44a6bb05d2fe6c763027999eef6b4a2a5c9e7,green,2,367,180,393,222,0.791667,0.558333,0.054167,0.116667,green_folder
green__brightness_medium__run_02__20260820T151729_245.jpg,train,green/brightness_medium/run_02/20260820T151729_245.jpg,b41eace90ccc55c552f6587ad8e0bdfab68f8798f0776fbc1c67c791134e0047,green,2,376,180,403,225,0.811458,0.562500,0.056250,0.125000,green_folder
green__brightness_medium__run_02__20260820T151729_760.jpg,train,green/brightness_medium/run_02/20260820T151729_760.jpg,6d16b9d28b3b2f0365f128b8cfc9ae6927750339985cead9f59859295772f268,green,2,386,180,415,228,0.834375,0.566667,0.060417,0.133333,green_folder
green__brightness_medium__run_02__20260820T151730_276.jpg,train,green/brightness_medium/run_02/20260820T151730_276.jpg,a37ae702c5db12c80af0fb84070be81825c14843d224e9f8b2528dbb013ebab0,green,2,395,180,427,231,0.856250,0.570833,0.066667,0.141667,green_folder
green__brightness_medium__run_02__20260820T151730_795.jpg,train,green/brightness_medium/run_02/20260820T151730_795.jpg,44185fd321bfe29f4466518d8e24ef442e0866eadf70f7ac360ae1ace414c66f,green,2,408,180,442,236,0.885417,0.577778,0.070833,0.155556,green_folder
green__brightness_medium__run_02__20260820T151731_316.jpg,train,green/brightness_medium/run_02/20260820T151731_316.jpg,c7728cb2fb874c1cb29722a1258fa1e9356f960348393ece432ff950d417e6b6,green,2,420,180,458,240,0.914583,0.583333,0.079167,0.166667,green_folder
green__brightness_medium__run_02__20260820T151731_837.jpg,train,green/brightness_medium/run_02/20260820T151731_837.jpg,8cd97f2c5776c74c8557071eb6e5f74a9c6deff5c742d9562272ea1af533f9a1,green,2,437,180,478,246,0.953125,0.591667,0.085417,0.183333,green_folder
green__brightness_medium__run_02__20260820T151732_364.jpg,train,green/brightness_medium/run_02/20260820T151732_364.jpg,0fa5db31d7d1c425076d69885b19dbf2ac4cb5e2cf1524db27a373f76dd15445,green,2,453,180,480,245,0.971875,0.590278,0.056250,0.180556,green_folder
green__brightness_medium__run_02__20260820T151732_883.jpg,train,green/brightness_medium/run_02/20260820T151732_883.jpg,d144d47d6cf24846905f37f6774e381873ce96c4be5ce1ff6ec208f0995dc533,,,,,,,,,,,no_visible_signal_in_green_folder
green__brightness_medium__run_02__20260820T151733_406.jpg,train,green/brightness_medium/run_02/20260820T151733_406.jpg,de708ff4d93b1d854db7d4be1cc669a2800da84f388e4e2bcbbeaec05422940a,,,,,,,,,,,no_visible_signal_in_green_folder
green__brightness_medium__run_02__20260820T151733_928.jpg,train,green/brightness_medium/run_02/20260820T151733_928.jpg,d03424d8eeed7bae191c954303ce6207fccdf04053ee458d6f0d8997fa64db49,,,,,,,,,,,no_visible_signal_in_green_folder
green__brightness_medium__run_03__20260820T151735_440.jpg,train,green/brightness_medium/run_03/20260820T151735_440.jpg,9b0b01bdfa311a939fff08b9e67652856d7cb4bbf8fcedf50fae2ea682bf4c6e,green,2,376,180,403,225,0.811458,0.562500,0.056250,0.125000,green_folder
green__brightness_medium__run_03__20260820T151735_968.jpg,train,green/brightness_medium/run_03/20260820T151735_968.jpg,5f9c6a9010d967ea5368b257c7aacd7bf48e12d125dfb1e589dddbe09c7a57e8,green,2,383,180,413,228,0.829167,0.566667,0.062500,0.133333,green_folder
green__brightness_medium__run_03__20260820T151736_492.jpg,train,green/brightness_medium/run_03/20260820T151736_492.jpg,2376cdb41dcf166172160c71a3dc3daebbef84147728120ee52f5c18579b228d,green,2,395,180,426,231,0.855208,0.570833,0.064583,0.141667,green_folder
green__brightness_medium__run_03__20260820T151737_011.jpg,train,green/brightness_medium/run_03/20260820T151737_011.jpg,c08e1c12028e28ec234b18c8367fc3e449ca39b36e1d9c14365860b0068ae3e7,green,2,404,180,437,234,0.876042,0.575000,0.068750,0.150000,green_folder
green__brightness_medium__run_03__20260820T151737_538.jpg,train,green/brightness_medium/run_03/20260820T151737_538.jpg,31e8653e064f4e63270c1918fd5ccba300f9845b30357215034ea14ebc089b8f,green,2,419,180,457,239,0.912500,0.581944,0.079167,0.163889,green_folder
green__brightness_medium__run_03__20260820T151738_052.jpg,train,green/brightness_medium/run_03/20260820T151738_052.jpg,74d2eadb5e5ae434aeaccf88f5a2b5985bcaab18e4039fec44810cb1fa6b4e78,green,2,432,180,472,244,0.941667,0.588889,0.083333,0.177778,green_folder
green__brightness_medium__run_03__20260820T151738_570.jpg,train,green/brightness_medium/run_03/20260820T151738_570.jpg,ec0b17a85a73e8cdf19b78029f00b27efef6c107517a13d1df195f971bffda56,green,2,454,180,480,246,0.972917,0.591667,0.054167,0.183333,green_folder
green__brightness_medium__run_03__20260820T151739_090.jpg,train,green/brightness_medium/run_03/20260820T151739_090.jpg,7e31665dfed7f29e74a89aa193d1fb20c6a3abc4f8e721b3b39521d5839a4114,,,,,,,,,,,no_visible_signal_in_green_folder
green__brightness_medium__run_03__20260820T151739_615.jpg,train,green/brightness_medium/run_03/20260820T151739_615.jpg,f5bdfd387ede9add8428eedf908e908ee15cb1b2f61d16ab96d5f5dc1ae60263,,,,,,,,,,,no_visible_signal_in_green_folder
green__brightness_medium__run_03__20260820T151740_132.jpg,train,green/brightness_medium/run_03/20260820T151740_132.jpg,89e232840acaf1a5de284e53e45646e88269055178bf04ebe2655ed72d93bef3,,,,,,,,,,,no_visible_signal_in_green_folder
green__brightness_medium__run_03__20260820T151740_653.jpg,train,green/brightness_medium/run_03/20260820T151740_653.jpg,d2eb38daa1457de84cc37d0c7a63f4ae4f7de33587e7a60a1646af829e145c8e,,,,,,,,,,,no_visible_signal_in_green_folder
green__brightness_medium__run_03__20260820T151741_175.jpg,train,green/brightness_medium/run_03/20260820T151741_175.jpg,a37cf04ae744c20378b83309bfc0b341b4b77f66560e63773ecac9a93b7fe4e4,,,,,,,,,,,no_visible_signal_in_green_folder
green__brightness_medium__run_03__20260820T151741_698.jpg,train,green/brightness_medium/run_03/20260820T151741_698.jpg,a9de3ca6655acf5947042254e01703908ea47088aa7468c16363c88753461c78,,,,,,,,,,,no_visible_signal_in_green_folder
green__brightness_medium__run_03__20260820T151742_230.jpg,train,green/brightness_medium/run_03/20260820T151742_230.jpg,e95c500d3f8459a46e30de510ee831657c33cdd56fffb09f8d7c301a3ee19068,,,,,,,,,,,no_visible_signal_in_green_folder
green__brightness_medium__run_03__20260820T151742_757.jpg,train,green/brightness_medium/run_03/20260820T151742_757.jpg,fcdb1a518a86fad90ee187adb82f3e378e6c1f4176628cf11703641e2450c7b1,,,,,,,,,,,no_visible_signal_in_green_folder
green__brightness_medium__run_03__20260820T151743_278.jpg,train,green/brightness_medium/run_03/20260820T151743_278.jpg,c77230eb731926cbde9a0e7c1b99fdaa2f5c6feda9c68bb8ae9ed2c4beed1892,,,,,,,,,,,no_visible_signal_in_green_folder
green__brightness_medium__run_03__20260820T151743_803.jpg,train,green/brightness_medium/run_03/20260820T151743_803.jpg,e343f3e230f941aa15310eab012d46ebe66e948502f3771578c948ddb63293ff,,,,,,,,,,,no_visible_signal_in_green_folder
green__brightness_medium__run_03__20260820T151744_317.jpg,train,green/brightness_medium/run_03/20260820T151744_317.jpg,41af5d406e400d46a141210872e44c23dd08fd70c86e086ebafbc1c5035d7e48,,,,,,,,,,,no_visible_signal_in_green_folder
green__brightness_medium__run_03__20260820T151744_834.jpg,train,green/brightness_medium/run_03/20260820T151744_834.jpg,fca67fe69636e9e8a6713b9416a36f974e9b73cb65380e17cf3f55e07f1ccaf3,,,,,,,,,,,no_visible_signal_in_green_folder
green__brightness_medium__run_03__20260820T151745_352.jpg,train,green/brightness_medium/run_03/20260820T151745_352.jpg,9bdf102d4975ed0cb57f1be4cdffc6f3eb57edaf6fe030842b45ad91b66376cd,,,,,,,,,,,no_visible_signal_in_green_folder
green__brightness_medium__run_04__20260820T151746_833.jpg,val,green/brightness_medium/run_04/20260820T151746_833.jpg,e30598f27eb4cc4003c93b94210d1ef46246ca99ca5a7a9d42fb1470f204f18b,green,2,337,180,352,207,0.717708,0.537500,0.031250,0.075000,green_folder
green__brightness_medium__run_04__20260820T151747_348.jpg,val,green/brightness_medium/run_04/20260820T151747_348.jpg,10883f4d137287ea594cda16b296b9770e069c429e7849da8e020bab3beea061,green,2,340,180,357,207,0.726042,0.537500,0.035417,0.075000,green_folder
green__brightness_medium__run_04__20260820T151747_874.jpg,val,green/brightness_medium/run_04/20260820T151747_874.jpg,291bbf4cf1169fe5c44ded435430a877d600a425340a40e42207dc989ba26427,green,2,344,180,361,209,0.734375,0.540278,0.035417,0.080556,green_folder
green__brightness_medium__run_04__20260820T151748_400.jpg,val,green/brightness_medium/run_04/20260820T151748_400.jpg,1e55398656833e335a82f344c082df6c9c44e39ce61c5d72cf8a1d1f1aaeae28,green,2,348,180,366,210,0.743750,0.541667,0.037500,0.083333,green_folder
green__brightness_medium__run_04__20260820T151748_917.jpg,val,green/brightness_medium/run_04/20260820T151748_917.jpg,6d90b66bf1389921572efbbacc99c3def27393a45c2f5b762d596e12cd0db9b0,green,2,353,180,371,212,0.754167,0.544444,0.037500,0.088889,green_folder
green__brightness_medium__run_04__20260820T151749_433.jpg,val,green/brightness_medium/run_04/20260820T151749_433.jpg,ffa585364db0b1d2fb5171d703c044a5fd4dc17082008aaf1ea5662fa91fdd10,green,2,358,180,378,213,0.766667,0.545833,0.041667,0.091667,green_folder
green__brightness_medium__run_04__20260820T151749_949.jpg,val,green/brightness_medium/run_04/20260820T151749_949.jpg,8934b75fdfbcda1a4652c8566353faf6d0c6a50a04e0b719e7fc5942160093a9,green,2,364,180,385,214,0.780208,0.547222,0.043750,0.094444,green_folder
green__brightness_medium__run_04__20260820T151750_464.jpg,val,green/brightness_medium/run_04/20260820T151750_464.jpg,a1c9adc0afc2b4180c07225fb492ea96935b3801fc3b065ec80383a10f0a31cb,green,2,371,180,392,216,0.794792,0.550000,0.043750,0.100000,green_folder
green__brightness_medium__run_04__20260820T151750_984.jpg,val,green/brightness_medium/run_04/20260820T151750_984.jpg,b553765cd13ae07ff1714dce01b74060dcf766da78cf03caedb3befdf7033f06,green,2,377,180,400,218,0.809375,0.552778,0.047917,0.105556,green_folder
green__brightness_medium__run_04__20260820T151751_497.jpg,val,green/brightness_medium/run_04/20260820T151751_497.jpg,130ed9c6e79a51cc73b38c217796c224a38fbf624d3848715848124317f404b8,green,2,383,180,408,220,0.823958,0.555556,0.052083,0.111111,green_folder
green__brightness_medium__run_04__20260820T151752_010.jpg,val,green/brightness_medium/run_04/20260820T151752_010.jpg,901958ab01170ef7a032533a26e311317149250e9677387cb46245679264a467,green,2,390,180,416,221,0.839583,0.556944,0.054167,0.113889,green_folder
green__brightness_medium__run_04__20260820T151752_531.jpg,val,green/brightness_medium/run_04/20260820T151752_531.jpg,8e82afdc42e0719c561c4b8d2fc9cfe588a10b2120348dff4a87db6a0fa36cfd,green,2,402,180,430,224,0.866667,0.561111,0.058333,0.122222,green_folder
green__brightness_medium__run_04__20260820T151753_050.jpg,val,green/brightness_medium/run_04/20260820T151753_050.jpg,369e152c9c846702e8c68e699947e21c584f9f6e79277cac9710c799d0be4a1d,green,2,414,180,444,227,0.893750,0.565278,0.062500,0.130556,green_folder
green__brightness_medium__run_04__20260820T151753_569.jpg,val,green/brightness_medium/run_04/20260820T151753_569.jpg,95648ce19ca213e08281dca679054ce36242f1cc4cda2d593c1807ff12469301,green,2,426,180,458,231,0.920833,0.570833,0.066667,0.141667,green_folder
green__brightness_medium__run_04__20260820T151754_088.jpg,val,green/brightness_medium/run_04/20260820T151754_088.jpg,026efaeb0a3bba37d0bc45667ac0b1b42ed846b321d87f9080483ecb1800927c,green,2,440,180,474,234,0.952083,0.575000,0.070833,0.150000,green_folder
green__brightness_medium__run_04__20260820T151754_604.jpg,val,green/brightness_medium/run_04/20260820T151754_604.jpg,dc3cb2e76b883108dfc0b76e17f11f59f0510c5e2a864ec71513c3b07244643e,green,2,454,180,480,234,0.972917,0.575000,0.054167,0.150000,green_folder
green__brightness_medium__run_04__20260820T151755_127.jpg,val,green/brightness_medium/run_04/20260820T151755_127.jpg,a92cafd3d6e7dbc8bfae16d11e13e71efafa8406bae541edbc466a659fd159b3,,,,,,,,,,,no_visible_signal_in_green_folder
green__brightness_medium__run_04__20260820T151755_651.jpg,val,green/brightness_medium/run_04/20260820T151755_651.jpg,b36ff14eea05b09364150c07e9847f6e72c96ca8b8158f7c1a6f64227a5a2586,,,,,,,,,,,no_visible_signal_in_green_folder
green__brightness_medium__run_04__20260820T151756_173.jpg,val,green/brightness_medium/run_04/20260820T151756_173.jpg,bcc14971fabe13ecfa97f4f972a3401380e7f05ba7e643439c5ce6ee0a2af13e,,,,,,,,,,,no_visible_signal_in_green_folder
green__brightness_medium__run_04__20260820T151756_685.jpg,val,green/brightness_medium/run_04/20260820T151756_685.jpg,5d4b32ea46db1148a70f6cb4d21fa527e90dadac65d798d476acc55da406e638,,,,,,,,,,,no_visible_signal_in_green_folder
green__brightness_medium__run_05__20260820T151758_223.jpg,test,green/brightness_medium/run_05/20260820T151758_223.jpg,b7a73d7162f717dc6592c592ec510158ec0f7124096abebfef9e79f5fe53e9a7,green,2,260,180,276,208,0.558333,0.538889,0.033333,0.077778,green_folder
green__brightness_medium__run_05__20260820T151758_738.jpg,test,green/brightness_medium/run_05/20260820T151758_738.jpg,2a5940636d64a41d3d2ab71978793916089c28b1d7bf0c39958a693330ce01ec,green,2,260,180,277,209,0.559375,0.540278,0.035417,0.080556,green_folder
green__brightness_medium__run_05__20260820T151759_264.jpg,test,green/brightness_medium/run_05/20260820T151759_264.jpg,2db451f8e05359c2424f902f9f1dfec6462f32e5da98f5a9893877b64481ffd4,green,2,261,180,278,211,0.561458,0.543056,0.035417,0.086111,green_folder
green__brightness_medium__run_05__20260820T151759_787.jpg,test,green/brightness_medium/run_05/20260820T151759_787.jpg,4b72506415bdb5b8654f9c2e856e564b3b020a2f0e37b309814b92b867aa067f,green,2,262,180,280,212,0.564583,0.544444,0.037500,0.088889,green_folder
green__brightness_medium__run_05__20260820T151800_309.jpg,test,green/brightness_medium/run_05/20260820T151800_309.jpg,ced2777b58202334b653c3f3334e5343619ef8d9aa4480d27933bb66f5ddc5ae,green,2,263,180,282,213,0.567708,0.545833,0.039583,0.091667,green_folder
green__brightness_medium__run_05__20260820T151800_830.jpg,test,green/brightness_medium/run_05/20260820T151800_830.jpg,aa9156be28708e1e63530bc3f3af3b88666da7e4dbcb69815a46caa9ab2c8729,green,2,264,180,285,216,0.571875,0.550000,0.043750,0.100000,green_folder
green__brightness_medium__run_05__20260820T151801_347.jpg,test,green/brightness_medium/run_05/20260820T151801_347.jpg,d75f2d6446b714e6224937ffea6b017dc9107276bc978a83c9644b4c427ee9bf,green,2,265,180,286,217,0.573958,0.551389,0.043750,0.102778,green_folder
green__brightness_medium__run_05__20260820T151801_863.jpg,test,green/brightness_medium/run_05/20260820T151801_863.jpg,38a99ea14c54fdc2715e6daac124d36870a7d5fb694b0a94908047633e502663,green,2,267,180,288,219,0.578125,0.554167,0.043750,0.108333,green_folder
green__brightness_medium__run_05__20260820T151802_386.jpg,test,green/brightness_medium/run_05/20260820T151802_386.jpg,caacfd0fb156efa2b5547343e10b66ddd29720a6abb755053e6e43a3ae53e92f,green,2,269,180,291,221,0.583333,0.556944,0.045833,0.113889,green_folder
green__brightness_medium__run_05__20260820T151802_908.jpg,test,green/brightness_medium/run_05/20260820T151802_908.jpg,23c96e0c78cb8f9ce5aef21ac8561b76f47194d8ebf64a62d8fd93c6e96029e7,green,2,270,180,296,223,0.589583,0.559722,0.054167,0.119444,green_folder
green__brightness_medium__run_05__20260820T151803_429.jpg,test,green/brightness_medium/run_05/20260820T151803_429.jpg,90ed47cb3c0e1d8282f2fc4651321add9f40c4942d2b4973febd78ee99514833,green,2,272,180,299,227,0.594792,0.565278,0.056250,0.130556,green_folder
green__brightness_medium__run_05__20260820T151803_960.jpg,test,green/brightness_medium/run_05/20260820T151803_960.jpg,31ed1377db758170de66803c2bc8d5552ccc1a4c62f93f22b410fea1d89d93fd,green,2,276,180,304,230,0.604167,0.569444,0.058333,0.138889,green_folder
green__brightness_medium__run_05__20260820T151804_471.jpg,test,green/brightness_medium/run_05/20260820T151804_471.jpg,cdbb16b6d17bd49fc75507ec316b892490173b17fa12daf9d10eb2a66c4a7622,green,2,278,180,308,234,0.610417,0.575000,0.062500,0.150000,green_folder
green__brightness_medium__run_05__20260820T151804_987.jpg,test,green/brightness_medium/run_05/20260820T151804_987.jpg,582cc5c96341a9141cb11a62002c8f747063798223c31e860682cadf99f963bb,green,2,281,180,313,237,0.618750,0.579167,0.066667,0.158333,green_folder
green__brightness_medium__run_05__20260820T151805_507.jpg,test,green/brightness_medium/run_05/20260820T151805_507.jpg,062d41b088a9b71a79d5307e0ed90cd24337aee8f5161efe245f1ab72793a971,green,2,285,180,319,243,0.629167,0.587500,0.070833,0.175000,green_folder
green__brightness_medium__run_05__20260820T151806_023.jpg,test,green/brightness_medium/run_05/20260820T151806_023.jpg,6bf8929061073f1704298161db3d8dcd8ce6101867d7a5930d55ea80142ad8d7,green,2,289,180,328,249,0.642708,0.595833,0.081250,0.191667,green_folder
green__brightness_medium__run_05__20260820T151806_536.jpg,test,green/brightness_medium/run_05/20260820T151806_536.jpg,11d63e48aaf3296c889198eafee82eaee2e1f4cd761f84a5259d18d7776f9a7c,green,2,295,180,340,258,0.661458,0.608333,0.093750,0.216667,green_folder
green__brightness_medium__run_05__20260820T151807_053.jpg,test,green/brightness_medium/run_05/20260820T151807_053.jpg,752ab412fea5a7e472f08a2e9c588d3cdff9fec8355a001dc2a3dd4671997f77,green,2,302,180,351,267,0.680208,0.620833,0.102083,0.241667,green_folder
green__brightness_medium__run_05__20260820T151807_578.jpg,test,green/brightness_medium/run_05/20260820T151807_578.jpg,d88004192ba8460c848e95db4d6b04ce7ac396941f9beb927af94050844353e8,green,2,311,180,369,281,0.708333,0.640278,0.120833,0.280556,green_folder
green__brightness_medium__run_05__20260820T151808_094.jpg,test,green/brightness_medium/run_05/20260820T151808_094.jpg,26a75beb37f5f371e05f4fe153f956898eb3815cee7a74a8adc750577cd12422,green,2,322,180,388,297,0.739583,0.662500,0.137500,0.325000,green_folder
green__brightness_medium__transition_run_01__frame_000_20260820T154058_495.jpg,train,green/brightness_medium/transition_run_01/frame_000_20260820T154058_495.jpg,63dc8bc5495b6de7517fce4e7ce0e974de5a4b2904b8c4203e5c3900ae6f2bf8,green,2,301,180,313,201,0.639583,0.529167,0.025000,0.058333,green_folder
green__brightness_medium__transition_run_01__frame_001_20260820T154058_619.jpg,train,green/brightness_medium/transition_run_01/frame_001_20260820T154058_619.jpg,92c6633634fb559f26c9f7b970630e6ed42dc3d8ac03f3e6dc961370ae38b74d,green,2,301,180,313,201,0.639583,0.529167,0.025000,0.058333,green_folder
green__brightness_medium__transition_run_01__frame_002_20260820T154058_742.jpg,train,green/brightness_medium/transition_run_01/frame_002_20260820T154058_742.jpg,029f36cc1d2270e7cdce8f01eaa0d65f8bf0414accc6293a1dffaa19d4cfef6c,green,2,302,180,314,202,0.641667,0.530556,0.025000,0.061111,green_folder
green__brightness_medium__transition_run_01__frame_003_20260820T154058_866.jpg,train,green/brightness_medium/transition_run_01/frame_003_20260820T154058_866.jpg,50f8cfe93147e7bd6122d88d38f3c7f37e83f4a8d3d0791c76061bb598c5ca8d,green,2,302,180,314,202,0.641667,0.530556,0.025000,0.061111,green_folder
green__brightness_medium__transition_run_01__frame_004_20260820T154058_993.jpg,train,green/brightness_medium/transition_run_01/frame_004_20260820T154058_993.jpg,bf150eb1fcfec95debe32b7a5119204382aefeb57c4a598a588358fa85d955c2,green,2,302,180,315,202,0.642708,0.530556,0.027083,0.061111,green_folder
green__brightness_medium__transition_run_01__frame_005_20260820T154059_130.jpg,train,green/brightness_medium/transition_run_01/frame_005_20260820T154059_130.jpg,bf150eb1fcfec95debe32b7a5119204382aefeb57c4a598a588358fa85d955c2,green,2,302,180,315,202,0.642708,0.530556,0.027083,0.061111,green_folder
green__brightness_medium__transition_run_01__frame_006_20260820T154059_269.jpg,train,green/brightness_medium/transition_run_01/frame_006_20260820T154059_269.jpg,bf150eb1fcfec95debe32b7a5119204382aefeb57c4a598a588358fa85d955c2,green,2,302,180,315,202,0.642708,0.530556,0.027083,0.061111,green_folder
green__brightness_medium__transition_run_02__frame_000_20260820T154106_258.jpg,train,green/brightness_medium/transition_run_02/frame_000_20260820T154106_258.jpg,2719cc88f7f56fffe43422728c52d14cd57da02019565ef32f27cbb6316e0466,green,2,322,180,339,208,0.688542,0.538889,0.035417,0.077778,green_folder
green__brightness_medium__transition_run_02__frame_001_20260820T154106_383.jpg,train,green/brightness_medium/transition_run_02/frame_001_20260820T154106_383.jpg,43478bacd8bb0d3d41e1bc2fdbfbcacc095a21940fefcb2add4a45658769c848,green,2,322,180,340,209,0.689583,0.540278,0.037500,0.080556,green_folder
green__brightness_medium__transition_run_02__frame_002_20260820T154106_505.jpg,train,green/brightness_medium/transition_run_02/frame_002_20260820T154106_505.jpg,cd421413cf6bcc2529f02ccebd8a607625f0c02c7943897af8347225bcb247f4,green,2,323,180,340,209,0.690625,0.540278,0.035417,0.080556,green_folder
green__brightness_medium__transition_run_02__frame_003_20260820T154106_626.jpg,train,green/brightness_medium/transition_run_02/frame_003_20260820T154106_626.jpg,3a1d33dba84638f07c809112f76fbc960e72acd2ae360718f660e9f319efa9ff,green,2,324,180,341,209,0.692708,0.540278,0.035417,0.080556,green_folder
green__brightness_medium__transition_run_02__frame_004_20260820T154106_741.jpg,train,green/brightness_medium/transition_run_02/frame_004_20260820T154106_741.jpg,63ae7eb11db01ee35e1d2d782d3a19de60b8b517f70a868e96a30a5cc695a4f3,green,2,324,180,342,209,0.693750,0.540278,0.037500,0.080556,green_folder
green__brightness_medium__transition_run_02__frame_005_20260820T154106_867.jpg,train,green/brightness_medium/transition_run_02/frame_005_20260820T154106_867.jpg,7af91c1fe83b4b558e406078711a91416dc009f1dd4969646c04e5f2945aec26,green,2,325,180,342,209,0.694792,0.540278,0.035417,0.080556,green_folder
green__brightness_medium__transition_run_02__frame_006_20260820T154106_987.jpg,train,green/brightness_medium/transition_run_02/frame_006_20260820T154106_987.jpg,7af91c1fe83b4b558e406078711a91416dc009f1dd4969646c04e5f2945aec26,green,2,325,180,342,209,0.694792,0.540278,0.035417,0.080556,green_folder
green__brightness_medium__transition_run_03__frame_000_20260820T154113_882.jpg,train,green/brightness_medium/transition_run_03/frame_000_20260820T154113_882.jpg,4cea1495025cbec987ff9475f961d7f2e2a0c6877b9eb340ce6f8f0d8d753a22,green,2,376,180,403,225,0.811458,0.562500,0.056250,0.125000,green_folder
green__brightness_medium__transition_run_03__frame_001_20260820T154114_000.jpg,train,green/brightness_medium/transition_run_03/frame_001_20260820T154114_000.jpg,e24e3efcafc0b780fe54e375b995e2c50eeb97ab91206f6b9cc0d4cd108329f8,green,2,377,180,404,225,0.813542,0.562500,0.056250,0.125000,green_folder
green__brightness_medium__transition_run_03__frame_002_20260820T154114_128.jpg,train,green/brightness_medium/transition_run_03/frame_002_20260820T154114_128.jpg,b9a0f90fe4fb86afdc633276f0bc7364455cbab4b3c539706a1a868c43bd4aa6,green,2,379,180,406,226,0.817708,0.563889,0.056250,0.127778,green_folder
green__brightness_medium__transition_run_03__frame_003_20260820T154114_256.jpg,train,green/brightness_medium/transition_run_03/frame_003_20260820T154114_256.jpg,d2b16c41808f493093fb1b1e67b45ef77cca47f585f81bf197ac0fe0c4621db0,green,2,379,180,408,226,0.819792,0.563889,0.060417,0.127778,green_folder
green__brightness_medium__transition_run_03__frame_004_20260820T154114_375.jpg,train,green/brightness_medium/transition_run_03/frame_004_20260820T154114_375.jpg,358b5b8c981df102734fb0affc0834207daca4394e8e8d7559926496de658ea4,green,2,381,180,410,227,0.823958,0.565278,0.060417,0.130556,green_folder
green__brightness_medium__transition_run_03__frame_005_20260820T154114_489.jpg,train,green/brightness_medium/transition_run_03/frame_005_20260820T154114_489.jpg,358b5b8c981df102734fb0affc0834207daca4394e8e8d7559926496de658ea4,green,2,381,180,410,227,0.823958,0.565278,0.060417,0.130556,green_folder
green__brightness_medium__transition_run_03__frame_006_20260820T154114_613.jpg,train,green/brightness_medium/transition_run_03/frame_006_20260820T154114_613.jpg,eb34d8b7950f78f33d5cca979d9691b2af50aea0f868813ae030f711630f31a8,green,2,384,180,414,228,0.831250,0.566667,0.062500,0.133333,green_folder
green__brightness_medium__transition_run_04__frame_000_20260820T154121_519.jpg,val,green/brightness_medium/transition_run_04/frame_000_20260820T154121_519.jpg,b56ff851a1c1735d970d5fbe58a47aa8451adc0794fa5fcf323b867888ca8f12,green,2,337,180,352,207,0.717708,0.537500,0.031250,0.075000,green_folder
green__brightness_medium__transition_run_04__frame_001_20260820T154121_645.jpg,val,green/brightness_medium/transition_run_04/frame_001_20260820T154121_645.jpg,a9a262cb12733e31ad9f52a1214cf0280685a88042dcc268c7d808df31bfe126,green,2,337,180,352,207,0.717708,0.537500,0.031250,0.075000,green_folder
green__brightness_medium__transition_run_04__frame_002_20260820T154121_770.jpg,val,green/brightness_medium/transition_run_04/frame_002_20260820T154121_770.jpg,4192a239a6719f422128cc4138c006e8193100707c2f787a0e7c691d07af8a85,green,2,338,180,353,207,0.719792,0.537500,0.031250,0.075000,green_folder
green__brightness_medium__transition_run_04__frame_003_20260820T154121_886.jpg,val,green/brightness_medium/transition_run_04/frame_003_20260820T154121_886.jpg,e0d7a6da1e0d7b5a920290c4fd15d68f6ae990d3ced6125f9a448301a4f9d01c,green,2,338,180,354,207,0.720833,0.537500,0.033333,0.075000,green_folder
green__brightness_medium__transition_run_04__frame_004_20260820T154122_014.jpg,val,green/brightness_medium/transition_run_04/frame_004_20260820T154122_014.jpg,e0d7a6da1e0d7b5a920290c4fd15d68f6ae990d3ced6125f9a448301a4f9d01c,green,2,338,180,354,207,0.720833,0.537500,0.033333,0.075000,green_folder
green__brightness_medium__transition_run_04__frame_005_20260820T154122_132.jpg,val,green/brightness_medium/transition_run_04/frame_005_20260820T154122_132.jpg,751f1ed6f74f48b875fb2d6ce6c040e4ecec6307e05591f44cdde01660b1dcb5,green,2,339,180,356,207,0.723958,0.537500,0.035417,0.075000,green_folder
green__brightness_medium__transition_run_04__frame_006_20260820T154122_258.jpg,val,green/brightness_medium/transition_run_04/frame_006_20260820T154122_258.jpg,14a3343610b9712aedef39a34ec915b5e93cba72a880faac64b8754de92998c0,green,2,340,180,357,208,0.726042,0.538889,0.035417,0.077778,green_folder
green__brightness_medium__transition_run_05__frame_000_20260820T154129_156.jpg,test,green/brightness_medium/transition_run_05/frame_000_20260820T154129_156.jpg,b405ec0392c48a96f8a1395f8e8ca3072b445f4dbf151d3eeec8482e8838fded,green,2,259,180,276,208,0.557292,0.538889,0.035417,0.077778,green_folder
green__brightness_medium__transition_run_05__frame_001_20260820T154129_282.jpg,test,green/brightness_medium/transition_run_05/frame_001_20260820T154129_282.jpg,aa452891046bcd56c8f5d9c89b2c21bc868cf87c393ce061328c7b0fee40224d,green,2,260,180,276,208,0.558333,0.538889,0.033333,0.077778,green_folder
green__brightness_medium__transition_run_05__frame_002_20260820T154129_405.jpg,test,green/brightness_medium/transition_run_05/frame_002_20260820T154129_405.jpg,aa452891046bcd56c8f5d9c89b2c21bc868cf87c393ce061328c7b0fee40224d,green,2,260,180,276,208,0.558333,0.538889,0.033333,0.077778,green_folder
green__brightness_medium__transition_run_05__frame_003_20260820T154129_523.jpg,test,green/brightness_medium/transition_run_05/frame_003_20260820T154129_523.jpg,f5c9445e0e7140c17c93cba2139764ece8352c82ce1f8dd8b29256d9278ef42f,green,2,260,180,276,209,0.558333,0.540278,0.033333,0.080556,green_folder
green__brightness_medium__transition_run_05__frame_004_20260820T154129_642.jpg,test,green/brightness_medium/transition_run_05/frame_004_20260820T154129_642.jpg,f5c9445e0e7140c17c93cba2139764ece8352c82ce1f8dd8b29256d9278ef42f,green,2,260,180,276,209,0.558333,0.540278,0.033333,0.080556,green_folder
green__brightness_medium__transition_run_05__frame_005_20260820T154129_761.jpg,test,green/brightness_medium/transition_run_05/frame_005_20260820T154129_761.jpg,f5c9445e0e7140c17c93cba2139764ece8352c82ce1f8dd8b29256d9278ef42f,green,2,260,180,276,209,0.558333,0.540278,0.033333,0.080556,green_folder
green__brightness_medium__transition_run_05__frame_006_20260820T154129_885.jpg,test,green/brightness_medium/transition_run_05/frame_006_20260820T154129_885.jpg,6b1dd0ec3fc885cafe05930689adf71cd308dd03da1446bba6b9d927c5456daf,green,2,260,180,277,209,0.559375,0.540278,0.035417,0.080556,green_folder
red__brightness_high__run_01__20260820T152049_848.jpg,train,red/brightness_high/run_01/20260820T152049_848.jpg,fa88d134e81213e0020fe73b63dcb0f1cf555cf64056423b656e7033368e1979,red,0,300,180,314,201,0.639583,0.529167,0.029167,0.058333,red_folder
red__brightness_high__run_01__20260820T152050_374.jpg,train,red/brightness_high/run_01/20260820T152050_374.jpg,932f5c3b7d6b9c5c6b83a8530be03380caae0f80542fcb57a476c7e58a3dcf21,red,0,303,180,315,202,0.643750,0.530556,0.025000,0.061111,red_folder
red__brightness_high__run_01__20260820T152050_898.jpg,train,red/brightness_high/run_01/20260820T152050_898.jpg,60e589adc4bee92392879aa1403244e439cf8aa39164093109e32a5028771c5e,red,0,304,180,317,202,0.646875,0.530556,0.027083,0.061111,red_folder
red__brightness_high__run_01__20260820T152051_430.jpg,train,red/brightness_high/run_01/20260820T152051_430.jpg,5917ae5d5bebe62108e2b7fd18976019dadf9d019c42644f6ce84f2bafd99efa,red,0,306,180,320,203,0.652083,0.531944,0.029167,0.063889,red_folder
red__brightness_high__run_01__20260820T152051_952.jpg,train,red/brightness_high/run_01/20260820T152051_952.jpg,31bd6c39e62834f710bb2ddcb7b569f0d94d5113d8a387c02b50c82a0060e353,red,0,308,180,322,203,0.656250,0.531944,0.029167,0.063889,red_folder
red__brightness_high__run_01__20260820T152052_489.jpg,train,red/brightness_high/run_01/20260820T152052_489.jpg,4d365fb750d63185df05f913b966b94d7dfb144f92eb7d5f2d10f18c5b5b3129,red,0,311,180,324,204,0.661458,0.533333,0.027083,0.066667,red_folder
red__brightness_high__run_01__20260820T152053_014.jpg,train,red/brightness_high/run_01/20260820T152053_014.jpg,b9c718f6b298b91177fd9d74f76dddedb0d48acb6bff05319d4b26151bd2d296,red,0,312,180,327,205,0.665625,0.534722,0.031250,0.069444,red_folder
red__brightness_high__run_01__20260820T152053_550.jpg,train,red/brightness_high/run_01/20260820T152053_550.jpg,205181235342dfd6c65b1a49e0db76608bb8b40c67e417ceafc9ac93ca68cae6,red,0,314,180,330,205,0.670833,0.534722,0.033333,0.069444,red_folder
red__brightness_high__run_01__20260820T152054_077.jpg,train,red/brightness_high/run_01/20260820T152054_077.jpg,0d2f831c5b9d7ad4bb1c3d190a9d4a5c3be8f32a93bc6f73fe1463a4b7839d82,red,0,319,180,335,206,0.681250,0.536111,0.033333,0.072222,red_folder
red__brightness_high__run_01__20260820T152054_600.jpg,train,red/brightness_high/run_01/20260820T152054_600.jpg,34b2c17b18735b220d08ec15d7950493c24d595a0a220be14e1f20d692f503c2,red,0,322,180,339,208,0.688542,0.538889,0.035417,0.077778,red_folder
red__brightness_high__run_01__20260820T152055_126.jpg,train,red/brightness_high/run_01/20260820T152055_126.jpg,4361521f82716c1c8c5c480e81886b86792811c8b7e45d5645a01bc36a056d65,red,0,325,180,343,209,0.695833,0.540278,0.037500,0.080556,red_folder
red__brightness_high__run_01__20260820T152055_648.jpg,train,red/brightness_high/run_01/20260820T152055_648.jpg,846130135d243d8356b186cb52e6c7dbc23032504e36f45e6c68f0b043b31bb6,red,0,328,180,346,209,0.702083,0.540278,0.037500,0.080556,red_folder
red__brightness_high__run_01__20260820T152056_167.jpg,train,red/brightness_high/run_01/20260820T152056_167.jpg,e6423f09764e15df268534f4bdea653e9cb65e3372c15b99ba41294df3bfbd87,red,0,333,180,351,211,0.712500,0.543056,0.037500,0.086111,red_folder
red__brightness_high__run_01__20260820T152056_692.jpg,train,red/brightness_high/run_01/20260820T152056_692.jpg,678e2b49088a18d2f6b232bc618cf9572631923e343b69cfc44eac8b6c6b5484,red,0,337,180,357,212,0.722917,0.544444,0.041667,0.088889,red_folder
red__brightness_high__run_01__20260820T152057_215.jpg,train,red/brightness_high/run_01/20260820T152057_215.jpg,1f5f3aa6ab368da74b1148c7217b7d1c104e56382204ba7a7b7ce40586efe105,red,0,343,180,363,215,0.735417,0.548611,0.041667,0.097222,red_folder
red__brightness_high__run_01__20260820T152057_735.jpg,train,red/brightness_high/run_01/20260820T152057_735.jpg,d7e686a1cc4a99b3a54150ee077b44ef3a2fa75d94ed16341a9c65cbf601db27,red,0,346,180,367,216,0.742708,0.550000,0.043750,0.100000,red_folder
red__brightness_high__run_01__20260820T152058_265.jpg,train,red/brightness_high/run_01/20260820T152058_265.jpg,b2cebf04024c1a0b8d824cab374eec5bdadad57c53a304ee480db04b31ee02d0,red,0,354,180,377,218,0.761458,0.552778,0.047917,0.105556,red_folder
red__brightness_high__run_01__20260820T152058_795.jpg,train,red/brightness_high/run_01/20260820T152058_795.jpg,afd8f5c7731dc192df9da8497c9d790ecf7d4bf26fb9645602a98ef7ab6364c9,red,0,361,180,385,220,0.777083,0.555556,0.050000,0.111111,red_folder
red__brightness_high__run_01__20260820T152059_314.jpg,train,red/brightness_high/run_01/20260820T152059_314.jpg,1b8c06028b43ab8a5f0c3d97708b48ef293a004830317a1e3f65c7cae5fd3799,red,0,366,180,391,222,0.788542,0.558333,0.052083,0.116667,red_folder
red__brightness_high__run_01__20260820T152059_833.jpg,train,red/brightness_high/run_01/20260820T152059_833.jpg,9c9a48c89ef3583ef096b8c69cf75814d93a0adfadccbe1764953c6d00e0f9d6,red,0,377,180,404,225,0.813542,0.562500,0.056250,0.125000,red_folder
red__brightness_high__run_02__20260820T152101_246.jpg,train,red/brightness_high/run_02/20260820T152101_246.jpg,12dacdcf8513e028f43d90fbfefa7af7bbf6bfdfce7d97fe9b0823efb42fad63,red,0,322,180,339,208,0.688542,0.538889,0.035417,0.077778,red_folder
red__brightness_high__run_02__20260820T152101_776.jpg,train,red/brightness_high/run_02/20260820T152101_776.jpg,aee4a9423a7702af1240c03962777068668f3f3ce7765b0b4a04da175837b15c,red,0,324,180,342,209,0.693750,0.540278,0.037500,0.080556,red_folder
red__brightness_high__run_02__20260820T152102_298.jpg,train,red/brightness_high/run_02/20260820T152102_298.jpg,677fdb6277316418ca5c8ea24e8f84686e79d68a3b1cc3b4bd446fdbf18a14b5,red,0,329,180,347,210,0.704167,0.541667,0.037500,0.083333,red_folder
red__brightness_high__run_02__20260820T152102_828.jpg,train,red/brightness_high/run_02/20260820T152102_828.jpg,a0a7c0a053c7fe758fb180fdd130efdf12e9396c35da09b5c00551f4be1016b0,red,0,333,180,351,211,0.712500,0.543056,0.037500,0.086111,red_folder
red__brightness_high__run_02__20260820T152103_358.jpg,train,red/brightness_high/run_02/20260820T152103_358.jpg,eb1f9a57c5c0130c8fde45fa5fb04ca61702d876d408306acdce9e9199e7eb4a,red,0,338,180,357,212,0.723958,0.544444,0.039583,0.088889,red_folder
red__brightness_high__run_02__20260820T152103_890.jpg,train,red/brightness_high/run_02/20260820T152103_890.jpg,0fd2568ff82b6288fdef60af4aa33f38aeeab64d251c6e8508bde8bdd67ccf03,red,0,342,180,363,214,0.734375,0.547222,0.043750,0.094444,red_folder
red__brightness_high__run_02__20260820T152104_424.jpg,train,red/brightness_high/run_02/20260820T152104_424.jpg,499e7f9f9c9404fd174313dabf6a3d02554ceb2e03662787976c1518db3e259b,red,0,348,180,370,216,0.747917,0.550000,0.045833,0.100000,red_folder
red__brightness_high__run_02__20260820T152104_941.jpg,train,red/brightness_high/run_02/20260820T152104_941.jpg,4732320459aea8144ed312087b9bd28b3681c941f8c2864fda671d42c3d5484c,red,0,353,180,376,218,0.759375,0.552778,0.047917,0.105556,red_folder
red__brightness_high__run_02__20260820T152105_475.jpg,train,red/brightness_high/run_02/20260820T152105_475.jpg,57133ec3d14e01361acda5a48eb26c6bff68a6ca9aa2a566443e6e94214cffe7,red,0,361,180,385,220,0.777083,0.555556,0.050000,0.111111,red_folder
red__brightness_high__run_02__20260820T152105_992.jpg,train,red/brightness_high/run_02/20260820T152105_992.jpg,d2ce63166ed6ec3ebba546d6ca1a97978348bff0f2ae32889852c7df6512629a,red,0,368,180,394,223,0.793750,0.559722,0.054167,0.119444,red_folder
red__brightness_high__run_02__20260820T152106_513.jpg,train,red/brightness_high/run_02/20260820T152106_513.jpg,f88b26fe4456d439879163cadf7d39b7876b30a0a60e0f5c38d4d5900b581252,red,0,377,180,404,225,0.813542,0.562500,0.056250,0.125000,red_folder
red__brightness_high__run_02__20260820T152107_039.jpg,train,red/brightness_high/run_02/20260820T152107_039.jpg,3ad7ac6e159703517f09c71ce4afa26db4cd24e2a77c5411a6473cdf3786fa88,red,0,387,180,417,229,0.837500,0.568056,0.062500,0.136111,red_folder
red__brightness_high__run_02__20260820T152107_572.jpg,train,red/brightness_high/run_02/20260820T152107_572.jpg,ee20271beae40198483d628a7c8e92ec3d2ee2c49f7e26892c89ecd800c4b276,red,0,397,180,428,232,0.859375,0.572222,0.064583,0.144444,red_folder
red__brightness_high__run_02__20260820T152108_099.jpg,train,red/brightness_high/run_02/20260820T152108_099.jpg,5d6cdd1f474c0e04487ea621bf65767c09bde0f5aa4acb99f44b09d9010d216b,red,0,409,180,444,236,0.888542,0.577778,0.072917,0.155556,red_folder
red__brightness_high__run_02__20260820T152108_618.jpg,train,red/brightness_high/run_02/20260820T152108_618.jpg,1523b9a61d3d6d1380f7c21dcdc1cbe91bc92e982e29c9fe3c2f3b63918d157c,red,0,423,180,460,241,0.919792,0.584722,0.077083,0.169444,red_folder
red__brightness_high__run_02__20260820T152109_147.jpg,train,red/brightness_high/run_02/20260820T152109_147.jpg,63d27dbdb63b9466c14e56bd9ef66219e8482817ea1dab5a627106051b78ed8c,red,0,440,180,478,247,0.956250,0.593056,0.079167,0.186111,red_folder
red__brightness_high__run_02__20260820T152109_681.jpg,train,red/brightness_high/run_02/20260820T152109_681.jpg,f2a47b0b1a472969659af696e8ebbbae276567925a319ca7e79ca8214683019c,red,0,461,180,480,219,0.980208,0.554167,0.039583,0.108333,red_folder
red__brightness_high__run_02__20260820T152110_216.jpg,train,red/brightness_high/run_02/20260820T152110_216.jpg,6e819e0bb205856b5fa754727a363ec7c6aa16a7dca2aeab1667d29c2019edd8,,,,,,,,,,,no_visible_signal_in_red_folder
red__brightness_high__run_02__20260820T152110_748.jpg,train,red/brightness_high/run_02/20260820T152110_748.jpg,bd2f22ddd82abb8482d387d40906395a3828810d1ed3262bc00a4bfbc7fcd45b,,,,,,,,,,,no_visible_signal_in_red_folder
red__brightness_high__run_02__20260820T152111_272.jpg,train,red/brightness_high/run_02/20260820T152111_272.jpg,c9d70c618f340363fa132899f8cc8b906fe1f534b1c5a15d01334f0d8ca4ccc7,,,,,,,,,,,no_visible_signal_in_red_folder
red__brightness_high__run_03__20260820T152112_667.jpg,train,red/brightness_high/run_03/20260820T152112_667.jpg,ec21f5bbb8d0a05cca0ffaca083c33039cd021cf9bc93e849c03cd286b9e11cd,red,0,376,180,403,225,0.811458,0.562500,0.056250,0.125000,red_folder
red__brightness_high__run_03__20260820T152113_187.jpg,train,red/brightness_high/run_03/20260820T152113_187.jpg,f84968821bd01d4dd669cca9391d2cf3099a8a8681f37d09a9ff46c401485306,red,0,384,180,413,228,0.830208,0.566667,0.060417,0.133333,red_folder
red__brightness_high__run_03__20260820T152113_711.jpg,train,red/brightness_high/run_03/20260820T152113_711.jpg,83b6761d706a595a29718a558f6dc562e4bff46aec4ba9d4d3cea9aac868b621,red,0,393,180,425,231,0.852083,0.570833,0.066667,0.141667,red_folder
red__brightness_high__run_03__20260820T152114_239.jpg,train,red/brightness_high/run_03/20260820T152114_239.jpg,8748c33542d82ecb68f9cc0d5822387b739110ac78c2cb270458abba523e3a00,red,0,402,180,436,234,0.872917,0.575000,0.070833,0.150000,red_folder
red__brightness_high__run_03__20260820T152114_761.jpg,train,red/brightness_high/run_03/20260820T152114_761.jpg,4a78231a7fa4d76b76b03e6df65e5ef27d94abb321b1b4e3069cc78ed3b27fa9,red,0,419,180,455,239,0.910417,0.581944,0.075000,0.163889,red_folder
red__brightness_high__run_03__20260820T152115_284.jpg,train,red/brightness_high/run_03/20260820T152115_284.jpg,bf9cf0e834f1f933c78b5c9ea78c991ed757cb2a554b2953bab8be3eb1c11451,red,0,433,180,473,244,0.943750,0.588889,0.083333,0.177778,red_folder
red__brightness_high__run_03__20260820T152115_811.jpg,train,red/brightness_high/run_03/20260820T152115_811.jpg,6ca83f7830c50f57daf87b0f92da1b6136fd3a8fbae5acbd1a240ca04cb951cc,red,0,456,180,480,223,0.975000,0.559722,0.050000,0.119444,red_folder
red__brightness_high__run_03__20260820T152116_348.jpg,train,red/brightness_high/run_03/20260820T152116_348.jpg,2acdcdf6c7f576a85e46e1009e113ddefd8494e69664767ba87fcb5299011825,,,,,,,,,,,no_visible_signal_in_red_folder
red__brightness_high__run_03__20260820T152116_873.jpg,train,red/brightness_high/run_03/20260820T152116_873.jpg,5bc2ed6b5a9e805ea850d4cfc606ce0973112a403d37ca0ba772aeec60dc6530,,,,,,,,,,,no_visible_signal_in_red_folder
red__brightness_high__run_03__20260820T152117_409.jpg,train,red/brightness_high/run_03/20260820T152117_409.jpg,821c582288aa2bae1753386364640a001c56328236933c7b0396826885376644,,,,,,,,,,,no_visible_signal_in_red_folder
red__brightness_high__run_03__20260820T152117_944.jpg,train,red/brightness_high/run_03/20260820T152117_944.jpg,84d728ead84d5aab5b68c570d1d1e4e38ae97c8775adb4357bce0af8e510d5a8,,,,,,,,,,,no_visible_signal_in_red_folder
red__brightness_high__run_03__20260820T152118_462.jpg,train,red/brightness_high/run_03/20260820T152118_462.jpg,b03f35f53902d1893f213b4c483b2f07d69b0b2dca02f171a86ae40df7b1c6f2,,,,,,,,,,,no_visible_signal_in_red_folder
red__brightness_high__run_03__20260820T152118_994.jpg,train,red/brightness_high/run_03/20260820T152118_994.jpg,dd42d536558f0930ebc4903a2a549751e36c69b53fd83d0b71f1135642b742bc,,,,,,,,,,,no_visible_signal_in_red_folder
red__brightness_high__run_03__20260820T152119_518.jpg,train,red/brightness_high/run_03/20260820T152119_518.jpg,717f45401f341f2259892e1ecdfef5b865ab73ac4ce8c39e930d1ff3d735b874,,,,,,,,,,,no_visible_signal_in_red_folder
red__brightness_high__run_03__20260820T152120_039.jpg,train,red/brightness_high/run_03/20260820T152120_039.jpg,e981574fc8eeacaa852bf6f3ff3fe90dd6d9906ceb728e38686d5fc9ca49049f,,,,,,,,,,,no_visible_signal_in_red_folder
red__brightness_high__run_03__20260820T152120_566.jpg,train,red/brightness_high/run_03/20260820T152120_566.jpg,f4df01b6ec6ce92c906fe2c095fde07ae97339b2c63f92cb0bec9911cccb1caa,,,,,,,,,,,no_visible_signal_in_red_folder
red__brightness_high__run_03__20260820T152121_091.jpg,train,red/brightness_high/run_03/20260820T152121_091.jpg,13c2397719132f90fb227ad83dd9678fced7bcde24afc953a545bb71737f966a,,,,,,,,,,,no_visible_signal_in_red_folder
red__brightness_high__run_03__20260820T152121_626.jpg,train,red/brightness_high/run_03/20260820T152121_626.jpg,a1e998c2207fd4c343bfac1417e31483b55b24d28e927aaa373199a471c70b9d,,,,,,,,,,,no_visible_signal_in_red_folder
red__brightness_high__run_03__20260820T152122_146.jpg,train,red/brightness_high/run_03/20260820T152122_146.jpg,eb97a885940975d82da034b272a54536daef660da2df690588d2cd3590f40ca2,,,,,,,,,,,no_visible_signal_in_red_folder
red__brightness_high__run_03__20260820T152122_681.jpg,train,red/brightness_high/run_03/20260820T152122_681.jpg,af0aa9d4cf54ec84f3e48d4d594b4f7ba12f7a79e6ccd1026d864b3703d7f97a,,,,,,,,,,,no_visible_signal_in_red_folder
red__brightness_high__run_04__20260820T152124_092.jpg,val,red/brightness_high/run_04/20260820T152124_092.jpg,c0460fbd848806900359fe08a9e9effb27a2980aa6ea1e6dd556755a35c88d35,red,0,337,180,352,207,0.717708,0.537500,0.031250,0.075000,red_folder
red__brightness_high__run_04__20260820T152124_623.jpg,val,red/brightness_high/run_04/20260820T152124_623.jpg,d9f6dc8d41afca922533ef77ca49dff7cde5c8b1f8c73d2e016e71aead963bb5,red,0,338,180,355,207,0.721875,0.537500,0.035417,0.075000,red_folder
red__brightness_high__run_04__20260820T152125_140.jpg,val,red/brightness_high/run_04/20260820T152125_140.jpg,145468ba532e0454ac0ed49ef0b693d352c481ed18e6e844d4268e1aa3839164,red,0,342,180,359,208,0.730208,0.538889,0.035417,0.077778,red_folder
red__brightness_high__run_04__20260820T152125_667.jpg,val,red/brightness_high/run_04/20260820T152125_667.jpg,fda2cbec002530c153e47b9dd4f0553a794bd4371626e123907bd5bc935432ee,red,0,347,180,365,209,0.741667,0.540278,0.037500,0.080556,red_folder
red__brightness_high__run_04__20260820T152126_186.jpg,val,red/brightness_high/run_04/20260820T152126_186.jpg,f23f3fc67589f73707b881ee450563c24bf6207be0be366639d435402db52431,red,0,353,180,372,211,0.755208,0.543056,0.039583,0.086111,red_folder
red__brightness_high__run_04__20260820T152126_704.jpg,val,red/brightness_high/run_04/20260820T152126_704.jpg,bdd283a39b92d442565639adf4904b2e6b4c63c4023de046e5f3bbf029b56793,red,0,357,180,377,212,0.764583,0.544444,0.041667,0.088889,red_folder
red__brightness_high__run_04__20260820T152127_228.jpg,val,red/brightness_high/run_04/20260820T152127_228.jpg,6f149d55e148dd3ef0b0d471b183502bda9f14adcebb1dca56db4276c13f61a4,red,0,365,180,385,215,0.781250,0.548611,0.041667,0.097222,red_folder
red__brightness_high__run_04__20260820T152127_755.jpg,val,red/brightness_high/run_04/20260820T152127_755.jpg,b62a3895b2647a2feb3e8b17a6e592893a7800d1c852e0aa12c1b2ffe42ae402,red,0,370,180,391,216,0.792708,0.550000,0.043750,0.100000,red_folder
red__brightness_high__run_04__20260820T152128_284.jpg,val,red/brightness_high/run_04/20260820T152128_284.jpg,42f88eae6cb6174d72365d0abc68a79a712669148fceaecc65fa2929e09695e6,red,0,376,180,399,217,0.807292,0.551389,0.047917,0.102778,red_folder
red__brightness_high__run_04__20260820T152128_803.jpg,val,red/brightness_high/run_04/20260820T152128_803.jpg,510317e90bac5c00e695bd4e885d8fff752f3a435c81711208299e1c850bd853,red,0,383,180,408,219,0.823958,0.554167,0.052083,0.108333,red_folder
red__brightness_high__run_04__20260820T152129_337.jpg,val,red/brightness_high/run_04/20260820T152129_337.jpg,0b22bf7e26b6d10e0b449fc2a31b8d495a5d71ef42dd38ea8029b88741c733a6,red,0,392,180,418,222,0.843750,0.558333,0.054167,0.116667,red_folder
red__brightness_high__run_04__20260820T152129_861.jpg,val,red/brightness_high/run_04/20260820T152129_861.jpg,0d7ffb15028260b0b4ad1466d2a6b397e6a4fac8e47b6b2df8f5758860489b8e,red,0,404,180,431,224,0.869792,0.561111,0.056250,0.122222,red_folder
red__brightness_high__run_04__20260820T152130_393.jpg,val,red/brightness_high/run_04/20260820T152130_393.jpg,d17eb060c0bbde7cec278872a4326b71fedfc97107e29725f52bd7790c678df0,red,0,416,180,445,228,0.896875,0.566667,0.060417,0.133333,red_folder
red__brightness_high__run_04__20260820T152130_916.jpg,val,red/brightness_high/run_04/20260820T152130_916.jpg,fbc23c9af470e9a29854d3dc7149452df2d9caf92ee8242b486f6918e50d52b3,red,0,426,180,458,230,0.920833,0.569444,0.066667,0.138889,red_folder
red__brightness_high__run_04__20260820T152131_451.jpg,val,red/brightness_high/run_04/20260820T152131_451.jpg,8eeb27b14d68b7fc9895d9276c60b7b01f276f2bceed2e66118b01e2c40eada2,red,0,443,180,478,235,0.959375,0.576389,0.072917,0.152778,red_folder
red__brightness_high__run_04__20260820T152131_972.jpg,val,red/brightness_high/run_04/20260820T152131_972.jpg,82571b1d06386e2da33828a9feaa6d39c39ece034c215ece522d5fc8acc12c9b,red,0,459,180,480,214,0.978125,0.547222,0.043750,0.094444,red_folder
red__brightness_high__run_04__20260820T152132_497.jpg,val,red/brightness_high/run_04/20260820T152132_497.jpg,603dbbf82551fb979f1ddfd7d69aa77be70b01c91b5ab43f3b9ac47317f997e9,,,,,,,,,,,no_visible_signal_in_red_folder
red__brightness_high__run_04__20260820T152133_018.jpg,val,red/brightness_high/run_04/20260820T152133_018.jpg,673a284692eea8894513af636a06727f038e2997d00babe9957b9170a9a35d08,,,,,,,,,,,no_visible_signal_in_red_folder
red__brightness_high__run_04__20260820T152133_538.jpg,val,red/brightness_high/run_04/20260820T152133_538.jpg,ac5f1cd82d79b8b87eb2014f4ff95a5fd1d1fb44736130654dcdcf76cd1dba76,,,,,,,,,,,no_visible_signal_in_red_folder
red__brightness_high__run_04__20260820T152134_067.jpg,val,red/brightness_high/run_04/20260820T152134_067.jpg,bdba6de0074ff00d1f450421db40dfd620e2658c12440397eb34ad4fa04eedcc,,,,,,,,,,,no_visible_signal_in_red_folder
red__brightness_high__run_05__20260820T152135_475.jpg,test,red/brightness_high/run_05/20260820T152135_475.jpg,9689da0b40564c3f1b4667c7c69e33d04ec8305b83f6556cc91a2559f0acfdf6,red,0,260,180,276,208,0.558333,0.538889,0.033333,0.077778,red_folder
red__brightness_high__run_05__20260820T152135_994.jpg,test,red/brightness_high/run_05/20260820T152135_994.jpg,df5a561f2d5d49951fe7dfec5e5d16a35c99d72f99167cf9246fc2bcc189a96b,red,0,260,180,277,209,0.559375,0.540278,0.035417,0.080556,red_folder
red__brightness_high__run_05__20260820T152136_527.jpg,test,red/brightness_high/run_05/20260820T152136_527.jpg,6f65f278cd14216bcb8e0d4f377cb9602321b1867b93080093b600334e328dd2,red,0,261,180,278,210,0.561458,0.541667,0.035417,0.083333,red_folder
red__brightness_high__run_05__20260820T152137_062.jpg,test,red/brightness_high/run_05/20260820T152137_062.jpg,8fbef4e228163b7b798eaa078c2e33833c7675b61d1253118cfa194ea7157c83,red,0,262,180,280,211,0.564583,0.543056,0.037500,0.086111,red_folder
red__brightness_high__run_05__20260820T152137_591.jpg,test,red/brightness_high/run_05/20260820T152137_591.jpg,dde655d4dc87c31f6f7db66f1a6e1a1d1ebcde8638b286e61b6b9823011e410b,red,0,263,180,282,213,0.567708,0.545833,0.039583,0.091667,red_folder
red__brightness_high__run_05__20260820T152138_118.jpg,test,red/brightness_high/run_05/20260820T152138_118.jpg,eed9f5610f01411e9ce00b76be9224b0e00fdbade26bbc293a1e88b67cc31431,red,0,264,180,283,214,0.569792,0.547222,0.039583,0.094444,red_folder
red__brightness_high__run_05__20260820T152138_642.jpg,test,red/brightness_high/run_05/20260820T152138_642.jpg,dacd84e7fc12caf3f8d08c702a8303ab33bbd60553ec3ce9db15cb63013afc0e,red,0,266,180,287,217,0.576042,0.551389,0.043750,0.102778,red_folder
red__brightness_high__run_05__20260820T152139_159.jpg,test,red/brightness_high/run_05/20260820T152139_159.jpg,cc2ecd99b6f5e472e4b10688b24f88ccaf3faf27e4ffa9257bbc6af085a4a62e,red,0,267,180,288,219,0.578125,0.554167,0.043750,0.108333,red_folder
red__brightness_high__run_05__20260820T152139_676.jpg,test,red/brightness_high/run_05/20260820T152139_676.jpg,08c48c5e8fa00de08db1c0cad40a05054dd7d21c43cd798126aa4a7a36404392,red,0,269,180,292,221,0.584375,0.556944,0.047917,0.113889,red_folder
red__brightness_high__run_05__20260820T152140_205.jpg,test,red/brightness_high/run_05/20260820T152140_205.jpg,0021d151428c64f0956a11101bbb120deb06e5b6ec602ac0e859fd9d16b2d20c,red,0,271,180,296,223,0.590625,0.559722,0.052083,0.119444,red_folder
red__brightness_high__run_05__20260820T152140_730.jpg,test,red/brightness_high/run_05/20260820T152140_730.jpg,d018964f410d7b6d3ecdb70cc8f7689adb7cc684edb4a88e5eb45764d75ff584,red,0,273,180,299,227,0.595833,0.565278,0.054167,0.130556,red_folder
red__brightness_high__run_05__20260820T152141_260.jpg,test,red/brightness_high/run_05/20260820T152141_260.jpg,1a9139f35b501b0aef8a80a76aacee5178fed9bc0a86a898ec97ac877acb180b,red,0,276,180,304,230,0.604167,0.569444,0.058333,0.138889,red_folder
red__brightness_high__run_05__20260820T152141_782.jpg,test,red/brightness_high/run_05/20260820T152141_782.jpg,bb81f617eff8f953351599332a2d98ff70e9cdd384bd21e4bb9347bf10f5d855,red,0,278,180,309,234,0.611458,0.575000,0.064583,0.150000,red_folder
red__brightness_high__run_05__20260820T152142_305.jpg,test,red/brightness_high/run_05/20260820T152142_305.jpg,2e7c30dfc1825446ef2771bb852e5613c7ed9c1b3d66d046d83c66184218aa67,red,0,281,180,313,238,0.618750,0.580556,0.066667,0.161111,red_folder
red__brightness_high__run_05__20260820T152142_829.jpg,test,red/brightness_high/run_05/20260820T152142_829.jpg,afbdd2470264140d289784a4879d21ca048080359ef092f02e06ac93f789f4bb,red,0,285,180,321,244,0.631250,0.588889,0.075000,0.177778,red_folder
red__brightness_high__run_05__20260820T152143_348.jpg,test,red/brightness_high/run_05/20260820T152143_348.jpg,f86ab277b7edf56c80d0cd3e67825464fdea4f8257f72f1342441ff7079e779e,red,0,289,180,328,250,0.642708,0.597222,0.081250,0.194444,red_folder
red__brightness_high__run_05__20260820T152143_869.jpg,test,red/brightness_high/run_05/20260820T152143_869.jpg,a01e04269f3189c682010578eb608676f0d27b0545e38b7c7113bbf81acc8f86,red,0,296,180,342,260,0.664583,0.611111,0.095833,0.222222,red_folder
red__brightness_high__run_05__20260820T152144_404.jpg,test,red/brightness_high/run_05/20260820T152144_404.jpg,393a5b92043980206278618036e334321bf21eba05c44aa0bef4b2adce1f4718,red,0,303,180,354,269,0.684375,0.623611,0.106250,0.247222,red_folder
red__brightness_high__run_05__20260820T152144_932.jpg,test,red/brightness_high/run_05/20260820T152144_932.jpg,1cc4ad846abf789d591768b9f94917ca05b11a85b68b1419cb1b83bfec162732,red,0,313,180,372,284,0.713542,0.644444,0.122917,0.288889,red_folder
red__brightness_high__run_05__20260820T152145_462.jpg,test,red/brightness_high/run_05/20260820T152145_462.jpg,80c070131820cd5b9d91d2961b0f7cfa6d50cedd2e4bfadccc8427689af1155a,red,0,327,180,396,303,0.753125,0.670833,0.143750,0.341667,red_folder
red__brightness_high__transition_run_01__frame_033_20260820T154002_946.jpg,train,red/brightness_high/transition_run_01/frame_033_20260820T154002_946.jpg,cd0452c0ddd792f79b1bf4b8d2b86fa2f2b73d63672710b271186efa9735df68,red,0,314,180,329,205,0.669792,0.534722,0.031250,0.069444,red_folder
red__brightness_high__transition_run_01__frame_034_20260820T154003_071.jpg,train,red/brightness_high/transition_run_01/frame_034_20260820T154003_071.jpg,ae2a2aae8c77bf637184834537879d3bfd56542660debaf7a9b120673aa6a0c0,red,0,314,180,330,205,0.670833,0.534722,0.033333,0.069444,red_folder
red__brightness_high__transition_run_01__frame_035_20260820T154003_199.jpg,train,red/brightness_high/transition_run_01/frame_035_20260820T154003_199.jpg,03bc6bd936ba3655facf54554384a55f7ffaf922b2a53169b5b577c66bfec0db,red,0,314,180,330,205,0.670833,0.534722,0.033333,0.069444,red_folder
red__brightness_high__transition_run_01__frame_036_20260820T154003_324.jpg,train,red/brightness_high/transition_run_01/frame_036_20260820T154003_324.jpg,cb086872d37ff693ce037df01c87eecdb811dc9950b4838ad0ef05f3a438863b,red,0,315,180,331,205,0.672917,0.534722,0.033333,0.069444,red_folder
red__brightness_high__transition_run_01__frame_037_20260820T154003_459.jpg,train,red/brightness_high/transition_run_01/frame_037_20260820T154003_459.jpg,7605b3015d7ee4480dd4f766c582d5bfb2b1b97e419fb1ff2f0ae75843066040,red,0,315,180,331,206,0.672917,0.536111,0.033333,0.072222,red_folder
red__brightness_high__transition_run_01__frame_038_20260820T154003_594.jpg,train,red/brightness_high/transition_run_01/frame_038_20260820T154003_594.jpg,35a36a13c5749b25065d7c52399b3af27dd9c16304e4d334018575fbc36c3863,red,0,316,180,332,206,0.675000,0.536111,0.033333,0.072222,red_folder
red__brightness_high__transition_run_01__frame_039_20260820T154003_720.jpg,train,red/brightness_high/transition_run_01/frame_039_20260820T154003_720.jpg,fb9d8d96e10f1f686f532ef1eb6575b4b964d3810e76fe3aeda67baff46bdb11,red,0,317,180,333,206,0.677083,0.536111,0.033333,0.072222,red_folder
red__brightness_high__transition_run_01__frame_040_20260820T154003_850.jpg,train,red/brightness_high/transition_run_01/frame_040_20260820T154003_850.jpg,9e8b7b25f6c2b940225a1cf3ab2148f17708804c742e7d291bd377e447cf016d,red,0,318,180,333,206,0.678125,0.536111,0.031250,0.072222,red_folder
red__brightness_high__transition_run_01__frame_041_20260820T154003_982.jpg,train,red/brightness_high/transition_run_01/frame_041_20260820T154003_982.jpg,fc70bd0574d9a6df2832ec20f99393f6c90d95bb9b24f93d79e4c91762534750,red,0,319,180,335,206,0.681250,0.536111,0.033333,0.072222,red_folder
red__brightness_high__transition_run_01__frame_042_20260820T154004_114.jpg,train,red/brightness_high/transition_run_01/frame_042_20260820T154004_114.jpg,d11b0e6971885152efcac49edcbb933da89a2f5048a6be5104208743b66020e8,red,0,319,180,336,207,0.682292,0.537500,0.035417,0.075000,red_folder
red__brightness_high__transition_run_01__frame_043_20260820T154004_242.jpg,train,red/brightness_high/transition_run_01/frame_043_20260820T154004_242.jpg,0c2dee0737d6db5d834bc9876d7a25f7557c2fb8743d07fb98a2fceafc8d252c,red,0,320,180,336,208,0.683333,0.538889,0.033333,0.077778,red_folder
red__brightness_high__transition_run_01__frame_044_20260820T154004_370.jpg,train,red/brightness_high/transition_run_01/frame_044_20260820T154004_370.jpg,958541cbc53206023b59538a9d5efecb4bf3835fbf41631a3d5a3576e10bd976,red,0,320,180,337,208,0.684375,0.538889,0.035417,0.077778,red_folder
red__brightness_high__transition_run_01__frame_045_20260820T154004_503.jpg,train,red/brightness_high/transition_run_01/frame_045_20260820T154004_503.jpg,1c9e8050fd09a2d45ae2fa924372df280fbc0edf5ba93b36ebe7d695593df673,red,0,320,180,337,208,0.684375,0.538889,0.035417,0.077778,red_folder
red__brightness_high__transition_run_01__frame_046_20260820T154004_629.jpg,train,red/brightness_high/transition_run_01/frame_046_20260820T154004_629.jpg,4318604777576045955040eb61b37fe5e1eb4c48e2fc3ab358f1a2f47e1a80a2,red,0,320,180,337,208,0.684375,0.538889,0.035417,0.077778,red_folder
red__brightness_high__transition_run_01__frame_047_20260820T154004_744.jpg,train,red/brightness_high/transition_run_01/frame_047_20260820T154004_744.jpg,8e11d885361c9bec53d0400767227cd5a5fae1daaa9acbb92fb501b984930980,red,0,320,180,337,208,0.684375,0.538889,0.035417,0.077778,red_folder
red__brightness_high__transition_run_01__frame_048_20260820T154004_871.jpg,train,red/brightness_high/transition_run_01/frame_048_20260820T154004_871.jpg,3bb314e9f2dd0b5b24515b46cd947fcb6100bccf171cf8fa418e115c407a06c4,red,0,320,180,337,208,0.684375,0.538889,0.035417,0.077778,red_folder
red__brightness_high__transition_run_01__frame_049_20260820T154004_991.jpg,train,red/brightness_high/transition_run_01/frame_049_20260820T154004_991.jpg,cb16a65e8d385e063050a8eab7b54c59a82ecac88cb61dc2cab6c13899147346,red,0,320,180,337,207,0.684375,0.537500,0.035417,0.075000,red_folder
red__brightness_high__transition_run_02__frame_034_20260820T154011_021.jpg,train,red/brightness_high/transition_run_02/frame_034_20260820T154011_021.jpg,3c58a4c3f6adffffe9e8a68f57213829a64a6c6d248688c9f46cee744e44e896,red,0,350,180,373,217,0.753125,0.551389,0.047917,0.102778,red_folder
red__brightness_high__transition_run_02__frame_035_20260820T154011_145.jpg,train,red/brightness_high/transition_run_02/frame_035_20260820T154011_145.jpg,7d98ab779ed9c26012a9903b1a0ea32a3cac4b339f188e4b5c15fca5c10526b1,red,0,352,180,374,217,0.756250,0.551389,0.045833,0.102778,red_folder
red__brightness_high__transition_run_02__frame_036_20260820T154011_270.jpg,train,red/brightness_high/transition_run_02/frame_036_20260820T154011_270.jpg,ec6a33b41930bd27ada806d6802db5d0b4f14c33943ea515da53f4c62506c963,red,0,352,180,375,218,0.757292,0.552778,0.047917,0.105556,red_folder
red__brightness_high__transition_run_02__frame_037_20260820T154011_393.jpg,train,red/brightness_high/transition_run_02/frame_037_20260820T154011_393.jpg,ec6a33b41930bd27ada806d6802db5d0b4f14c33943ea515da53f4c62506c963,red,0,352,180,375,218,0.757292,0.552778,0.047917,0.105556,red_folder
red__brightness_high__transition_run_02__frame_038_20260820T154011_520.jpg,train,red/brightness_high/transition_run_02/frame_038_20260820T154011_520.jpg,1c5d358ea2ae5c70abd32e82685e60e45b04086e11c12f177a01bdbdb74cd1fd,red,0,355,180,378,218,0.763542,0.552778,0.047917,0.105556,red_folder
red__brightness_high__transition_run_02__frame_039_20260820T154011_646.jpg,train,red/brightness_high/transition_run_02/frame_039_20260820T154011_646.jpg,d8c1bb1cfefb2247895e00c42f297206058f6f2dc26756410d724b8b3e40f260,red,0,356,180,380,219,0.766667,0.554167,0.050000,0.108333,red_folder
red__brightness_high__transition_run_02__frame_040_20260820T154011_780.jpg,train,red/brightness_high/transition_run_02/frame_040_20260820T154011_780.jpg,d8c1bb1cfefb2247895e00c42f297206058f6f2dc26756410d724b8b3e40f260,red,0,356,180,380,219,0.766667,0.554167,0.050000,0.108333,red_folder
red__brightness_high__transition_run_02__frame_041_20260820T154011_898.jpg,train,red/brightness_high/transition_run_02/frame_041_20260820T154011_898.jpg,0fd6067b4d89381d178ebdd070387dba3eaa2cba0a8045dcff4510eed0afc0cb,red,0,358,180,382,219,0.770833,0.554167,0.050000,0.108333,red_folder
red__brightness_high__transition_run_02__frame_042_20260820T154012_015.jpg,train,red/brightness_high/transition_run_02/frame_042_20260820T154012_015.jpg,9ace37822520e103e7a411d22dfa65662ba554bb0dc61b1837e6cdbad2700f41,red,0,360,180,384,220,0.775000,0.555556,0.050000,0.111111,red_folder
red__brightness_high__transition_run_02__frame_043_20260820T154012_140.jpg,train,red/brightness_high/transition_run_02/frame_043_20260820T154012_140.jpg,bf58ee9855c29a84028d77a22a8370bb5129ca77dc7f1b9a22157058e64a5b48,red,0,361,180,384,220,0.776042,0.555556,0.047917,0.111111,red_folder
red__brightness_high__transition_run_02__frame_044_20260820T154012_261.jpg,train,red/brightness_high/transition_run_02/frame_044_20260820T154012_261.jpg,cd597c7284169af6f00c2e6f6c75587b782ebfa39b0750748ccdaebfd4640b38,red,0,363,180,387,221,0.781250,0.556944,0.050000,0.113889,red_folder
red__brightness_high__transition_run_02__frame_045_20260820T154012_385.jpg,train,red/brightness_high/transition_run_02/frame_045_20260820T154012_385.jpg,cd597c7284169af6f00c2e6f6c75587b782ebfa39b0750748ccdaebfd4640b38,red,0,363,180,387,221,0.781250,0.556944,0.050000,0.113889,red_folder
red__brightness_high__transition_run_02__frame_046_20260820T154012_514.jpg,train,red/brightness_high/transition_run_02/frame_046_20260820T154012_514.jpg,7009124cc5e27a32da28363f1bc573d7d46150b8c1ae67b32785a50ed6d333ce,red,0,363,180,387,221,0.781250,0.556944,0.050000,0.113889,red_folder
red__brightness_high__transition_run_02__frame_047_20260820T154012_636.jpg,train,red/brightness_high/transition_run_02/frame_047_20260820T154012_636.jpg,a9a2f53560cfbc12cfd81dee06479c6054adea1510beda78bdf72cf927b6ac0a,red,0,363,180,387,221,0.781250,0.556944,0.050000,0.113889,red_folder
red__brightness_high__transition_run_02__frame_048_20260820T154012_763.jpg,train,red/brightness_high/transition_run_02/frame_048_20260820T154012_763.jpg,f8f16e91c7c2d1ffe8ff0aa3246b8993bce015131410487956cb56076cba3c7b,red,0,363,180,387,221,0.781250,0.556944,0.050000,0.113889,red_folder
red__brightness_high__transition_run_02__frame_049_20260820T154012_880.jpg,train,red/brightness_high/transition_run_02/frame_049_20260820T154012_880.jpg,c80f5741df1fbf7d8f19272ed54afb8ab48f0e08922d64e94e42172bffacc68f,red,0,363,180,387,221,0.781250,0.556944,0.050000,0.113889,red_folder
red__brightness_high__transition_run_03__frame_037_20260820T154019_365.jpg,train,red/brightness_high/transition_run_03/frame_037_20260820T154019_365.jpg,d798247e671feec583e2469bd001f0438cf395dac641b0101f4cc4c15756c73d,,,,,,,,,,,no_visible_signal_in_red_folder
red__brightness_high__transition_run_03__frame_038_20260820T154019_496.jpg,train,red/brightness_high/transition_run_03/frame_038_20260820T154019_496.jpg,ad4175e3303244a9240d0af084ffdd8dca51c642953578925e8b8bb3fff47021,,,,,,,,,,,no_visible_signal_in_red_folder
red__brightness_high__transition_run_03__frame_039_20260820T154019_626.jpg,train,red/brightness_high/transition_run_03/frame_039_20260820T154019_626.jpg,368f4b5601706cd8dd336c579d4211c6798517c40265b3a2e1315e289b6721f6,,,,,,,,,,,no_visible_signal_in_red_folder
red__brightness_high__transition_run_03__frame_040_20260820T154019_754.jpg,train,red/brightness_high/transition_run_03/frame_040_20260820T154019_754.jpg,72218ea3327c50ef5e85c25077ae72d30a05d6c20a62ff64a5db236eb697532d,,,,,,,,,,,no_visible_signal_in_red_folder
red__brightness_high__transition_run_03__frame_041_20260820T154019_873.jpg,train,red/brightness_high/transition_run_03/frame_041_20260820T154019_873.jpg,234e390d38e1ce99320029f3023274633de28c5d73f3e940af682335757c734b,,,,,,,,,,,no_visible_signal_in_red_folder
red__brightness_high__transition_run_03__frame_042_20260820T154019_992.jpg,train,red/brightness_high/transition_run_03/frame_042_20260820T154019_992.jpg,234e390d38e1ce99320029f3023274633de28c5d73f3e940af682335757c734b,,,,,,,,,,,no_visible_signal_in_red_folder
red__brightness_high__transition_run_03__frame_043_20260820T154020_125.jpg,train,red/brightness_high/transition_run_03/frame_043_20260820T154020_125.jpg,bd6d7177dc3baa46e157d6b23bbc9d8a2e7b999bd77794cacc16eebdac8c6336,,,,,,,,,,,no_visible_signal_in_red_folder
red__brightness_high__transition_run_03__frame_044_20260820T154020_249.jpg,train,red/brightness_high/transition_run_03/frame_044_20260820T154020_249.jpg,ba86ff06358adafb193a58ca7b1e5cf3d83816e8ff4d9498d85487c3cf9744ac,,,,,,,,,,,no_visible_signal_in_red_folder
red__brightness_high__transition_run_03__frame_045_20260820T154020_389.jpg,train,red/brightness_high/transition_run_03/frame_045_20260820T154020_389.jpg,03288be6bfab4b0b883eba8d40b851a11bc458ae8c4532e46ad839d75c6ed53f,,,,,,,,,,,no_visible_signal_in_red_folder
red__brightness_high__transition_run_03__frame_046_20260820T154020_516.jpg,train,red/brightness_high/transition_run_03/frame_046_20260820T154020_516.jpg,7d94bdf8862695ed5912c4aa09e6d0ab641d94fb28c5aa8a8abf049e3f4c3e3b,,,,,,,,,,,no_visible_signal_in_red_folder
red__brightness_high__transition_run_03__frame_047_20260820T154020_649.jpg,train,red/brightness_high/transition_run_03/frame_047_20260820T154020_649.jpg,fe7245a99d8d921d12978fbdc2d1c5d98b1e3e4cf9a04e490084fd4448913467,,,,,,,,,,,no_visible_signal_in_red_folder
red__brightness_high__transition_run_03__frame_048_20260820T154020_776.jpg,train,red/brightness_high/transition_run_03/frame_048_20260820T154020_776.jpg,f8c8089fa46df00ec0fde00297599eb9225c0f5127bb79db4b9a913cd08c3e3b,,,,,,,,,,,no_visible_signal_in_red_folder
red__brightness_high__transition_run_03__frame_049_20260820T154020_893.jpg,train,red/brightness_high/transition_run_03/frame_049_20260820T154020_893.jpg,4a65f6727c0f4bbf8a54e73537b6ffe2a0f5c8b1f54e5b333e8afa34d296bdd1,,,,,,,,,,,no_visible_signal_in_red_folder
red__brightness_high__transition_run_04__frame_033_20260820T154026_876.jpg,val,red/brightness_high/transition_run_04/frame_033_20260820T154026_876.jpg,3385a0b86b3d079c3ca1f177ae2edc1933fb118835f809ac69d810b77662662e,red,0,365,180,386,215,0.782292,0.548611,0.043750,0.097222,red_folder
red__brightness_high__transition_run_04__frame_034_20260820T154027_003.jpg,val,red/brightness_high/transition_run_04/frame_034_20260820T154027_003.jpg,6eaa05d6068713b004775428635d5d037c1cbc51020637568d82665a88da3106,red,0,366,180,388,215,0.785417,0.548611,0.045833,0.097222,red_folder
red__brightness_high__transition_run_04__frame_035_20260820T154027_145.jpg,val,red/brightness_high/transition_run_04/frame_035_20260820T154027_145.jpg,9503ceded157baa3233f4c722b3fe259444f053301b7495a4e4e4cd67454edad,red,0,367,180,390,216,0.788542,0.550000,0.047917,0.100000,red_folder
red__brightness_high__transition_run_04__frame_036_20260820T154027_273.jpg,val,red/brightness_high/transition_run_04/frame_036_20260820T154027_273.jpg,4e81f1eefbee1718f3ac8cfa74a90cac8cd8dca17b77ebffc9d1d773e970ac43,red,0,370,180,391,216,0.792708,0.550000,0.043750,0.100000,red_folder
red__brightness_high__transition_run_04__frame_037_20260820T154027_404.jpg,val,red/brightness_high/transition_run_04/frame_037_20260820T154027_404.jpg,0800b1f64d5929c438ce7336428cc8bc83499ad683147c72a2fc8f540b9ed070,red,0,371,180,392,216,0.794792,0.550000,0.043750,0.100000,red_folder
red__brightness_high__transition_run_04__frame_038_20260820T154027_530.jpg,val,red/brightness_high/transition_run_04/frame_038_20260820T154027_530.jpg,6db9b2aeededa23367dfd8fed0d11fa7563e241af2a6ee5715235727a6d83e0a,red,0,372,180,394,216,0.797917,0.550000,0.045833,0.100000,red_folder
red__brightness_high__transition_run_04__frame_039_20260820T154027_669.jpg,val,red/brightness_high/transition_run_04/frame_039_20260820T154027_669.jpg,9c49e0eeeef6bf3a09546a035478639a11049aa23f5b764b916b8a244f20777e,red,0,374,180,396,217,0.802083,0.551389,0.045833,0.102778,red_folder
red__brightness_high__transition_run_04__frame_040_20260820T154027_809.jpg,val,red/brightness_high/transition_run_04/frame_040_20260820T154027_809.jpg,dc4f155b393550fa85bcbd4763032b599c036a1708c93674a2f3ee911a2d0d04,red,0,375,180,397,217,0.804167,0.551389,0.045833,0.102778,red_folder
red__brightness_high__transition_run_04__frame_041_20260820T154027_939.jpg,val,red/brightness_high/transition_run_04/frame_041_20260820T154027_939.jpg,68dc07337e1d77230c750f0569e1b846c2d7d7afba8c1330a1e6583befc9c452,red,0,377,180,399,217,0.808333,0.551389,0.045833,0.102778,red_folder
red__brightness_high__transition_run_04__frame_042_20260820T154028_071.jpg,val,red/brightness_high/transition_run_04/frame_042_20260820T154028_071.jpg,addb3a7eb1a0168d9de453c6e625c2b1f47d148d2b72e922892d31e72113640d,red,0,378,180,401,217,0.811458,0.551389,0.047917,0.102778,red_folder
red__brightness_high__transition_run_04__frame_043_20260820T154028_198.jpg,val,red/brightness_high/transition_run_04/frame_043_20260820T154028_198.jpg,9de0445011399456fe66210911939731493c0e75260172936f822fad93a109fa,red,0,380,180,403,218,0.815625,0.552778,0.047917,0.105556,red_folder
red__brightness_high__transition_run_04__frame_044_20260820T154028_329.jpg,val,red/brightness_high/transition_run_04/frame_044_20260820T154028_329.jpg,b5e48295c62f349962bb93223217386f03aec41be6d8f4032fec843de56b56c1,red,0,380,180,404,218,0.816667,0.552778,0.050000,0.105556,red_folder
red__brightness_high__transition_run_04__frame_045_20260820T154028_463.jpg,val,red/brightness_high/transition_run_04/frame_045_20260820T154028_463.jpg,b5e48295c62f349962bb93223217386f03aec41be6d8f4032fec843de56b56c1,red,0,380,180,404,218,0.816667,0.552778,0.050000,0.105556,red_folder
red__brightness_high__transition_run_04__frame_046_20260820T154028_600.jpg,val,red/brightness_high/transition_run_04/frame_046_20260820T154028_600.jpg,cb05fa1082819680a8aa1e600d2c8f20f38699d286275eed414a19acc60e3b3c,red,0,380,180,404,218,0.816667,0.552778,0.050000,0.105556,red_folder
red__brightness_high__transition_run_04__frame_047_20260820T154028_734.jpg,val,red/brightness_high/transition_run_04/frame_047_20260820T154028_734.jpg,151e67f7618ad16099c7bd73d2173a7ed902b2d39488e8f200c41631e7e3063f,red,0,380,180,404,218,0.816667,0.552778,0.050000,0.105556,red_folder
red__brightness_high__transition_run_04__frame_048_20260820T154028_861.jpg,val,red/brightness_high/transition_run_04/frame_048_20260820T154028_861.jpg,7c1fb31a9484c1cfffbc2562487d8ad7c0153006e05e9e9e4aa1a5463ebd765f,red,0,380,180,404,218,0.816667,0.552778,0.050000,0.105556,red_folder
red__brightness_high__transition_run_04__frame_049_20260820T154028_986.jpg,val,red/brightness_high/transition_run_04/frame_049_20260820T154028_986.jpg,b5c688f4aa176573c713e245d9c4d867c8fc047ea9aa4e204e3884d75ea243c7,red,0,380,180,404,218,0.816667,0.552778,0.050000,0.105556,red_folder
red__brightness_high__transition_run_05__frame_033_20260820T154034_931.jpg,test,red/brightness_high/transition_run_05/frame_033_20260820T154034_931.jpg,eae969cd419b3557da50b412378b827fa9a8203b747de449826542d1b5d20a29,red,0,266,180,287,217,0.576042,0.551389,0.043750,0.102778,red_folder
red__brightness_high__transition_run_05__frame_034_20260820T154035_070.jpg,test,red/brightness_high/transition_run_05/frame_034_20260820T154035_070.jpg,bfdbebe9852b524c1b8e497062e47068ae361fd322ae2377c300a1bede161808,red,0,267,180,287,218,0.577083,0.552778,0.041667,0.105556,red_folder
red__brightness_high__transition_run_05__frame_035_20260820T154035_210.jpg,test,red/brightness_high/transition_run_05/frame_035_20260820T154035_210.jpg,3b45aab10e6027bd829c83f312a2db80504fa64b2012ce9e440fdd6be3ce2086,red,0,267,180,288,218,0.578125,0.552778,0.043750,0.105556,red_folder
red__brightness_high__transition_run_05__frame_036_20260820T154035_339.jpg,test,red/brightness_high/transition_run_05/frame_036_20260820T154035_339.jpg,3b45aab10e6027bd829c83f312a2db80504fa64b2012ce9e440fdd6be3ce2086,red,0,267,180,288,218,0.578125,0.552778,0.043750,0.105556,red_folder
red__brightness_high__transition_run_05__frame_037_20260820T154035_467.jpg,test,red/brightness_high/transition_run_05/frame_037_20260820T154035_467.jpg,8d898fa5e9cd20f1f6738b8e1b908de243da6b7f4e1bef7dfe72a11a0f25e216,red,0,267,180,289,219,0.579167,0.554167,0.045833,0.108333,red_folder
red__brightness_high__transition_run_05__frame_038_20260820T154035_598.jpg,test,red/brightness_high/transition_run_05/frame_038_20260820T154035_598.jpg,47d84097db400111a7036ef6193eec914b4db769044685f9ead6244952338225,red,0,268,180,290,219,0.581250,0.554167,0.045833,0.108333,red_folder
red__brightness_high__transition_run_05__frame_039_20260820T154035_729.jpg,test,red/brightness_high/transition_run_05/frame_039_20260820T154035_729.jpg,f50ae50f0d32b34e02ba3a355bcc702ed9ce698937de8cde492379026d4da335,red,0,268,180,290,220,0.581250,0.555556,0.045833,0.111111,red_folder
red__brightness_high__transition_run_05__frame_040_20260820T154035_864.jpg,test,red/brightness_high/transition_run_05/frame_040_20260820T154035_864.jpg,9da10a76df9978059ebbfb20936e81ecdc29a72482c3aa6ee3ab8db261dfe2b6,red,0,268,180,290,220,0.581250,0.555556,0.045833,0.111111,red_folder
red__brightness_high__transition_run_05__frame_041_20260820T154035_985.jpg,test,red/brightness_high/transition_run_05/frame_041_20260820T154035_985.jpg,9da10a76df9978059ebbfb20936e81ecdc29a72482c3aa6ee3ab8db261dfe2b6,red,0,268,180,290,220,0.581250,0.555556,0.045833,0.111111,red_folder
red__brightness_high__transition_run_05__frame_042_20260820T154036_123.jpg,test,red/brightness_high/transition_run_05/frame_042_20260820T154036_123.jpg,8d28ec59197330dcf29a4c47b7e9ef80745dd263f496216dcca0ea9b3c27c021,red,0,269,180,292,221,0.584375,0.556944,0.047917,0.113889,red_folder
red__brightness_high__transition_run_05__frame_043_20260820T154036_266.jpg,test,red/brightness_high/transition_run_05/frame_043_20260820T154036_266.jpg,e29fba5a92a9aba71d2ac7d56a6546e1cccc638218259c7d29e721d7567e9b78,red,0,269,180,292,221,0.584375,0.556944,0.047917,0.113889,red_folder
red__brightness_high__transition_run_05__frame_044_20260820T154036_392.jpg,test,red/brightness_high/transition_run_05/frame_044_20260820T154036_392.jpg,e1cce04d04fad2787bd7cc4cd83b6350eb53dbbf424f635c49a6ad6f2c1be944,red,0,269,180,293,222,0.585417,0.558333,0.050000,0.116667,red_folder
red__brightness_high__transition_run_05__frame_045_20260820T154036_510.jpg,test,red/brightness_high/transition_run_05/frame_045_20260820T154036_510.jpg,42e31f827a315c5a123b70f67bbc25f7fbf8a08b8bad3b139943c7141867cb48,red,0,269,180,293,222,0.585417,0.558333,0.050000,0.116667,red_folder
red__brightness_high__transition_run_05__frame_046_20260820T154036_635.jpg,test,red/brightness_high/transition_run_05/frame_046_20260820T154036_635.jpg,42e31f827a315c5a123b70f67bbc25f7fbf8a08b8bad3b139943c7141867cb48,red,0,269,180,293,222,0.585417,0.558333,0.050000,0.116667,red_folder
red__brightness_high__transition_run_05__frame_047_20260820T154036_753.jpg,test,red/brightness_high/transition_run_05/frame_047_20260820T154036_753.jpg,c6c219a9b1f3d9e10722bb0f4bdd76908699c7abf22e4fb5e1227214ce255d92,red,0,269,180,293,222,0.585417,0.558333,0.050000,0.116667,red_folder
red__brightness_high__transition_run_05__frame_048_20260820T154036_873.jpg,test,red/brightness_high/transition_run_05/frame_048_20260820T154036_873.jpg,5785b377a3f4ca1ca725e83ce3badd64439451c06be07537f3f9781e139d7847,red,0,269,180,293,222,0.585417,0.558333,0.050000,0.116667,red_folder
red__brightness_high__transition_run_05__frame_049_20260820T154037_002.jpg,test,red/brightness_high/transition_run_05/frame_049_20260820T154037_002.jpg,8d624b5f31cc3f1b6b017858e6f9d073f94a9eab179daadcd240335387b8f0c5,red,0,269,180,293,222,0.585417,0.558333,0.050000,0.116667,red_folder
red__brightness_low__run_01__20260820T152357_853.jpg,train,red/brightness_low/run_01/20260820T152357_853.jpg,9c0aaa40b6c8abfecb18140fcaf87dcf2a063f2922b4c80a630afefa2ad15db0,red,0,300,180,314,201,0.639583,0.529167,0.029167,0.058333,red_folder
red__brightness_low__run_01__20260820T152358_380.jpg,train,red/brightness_low/run_01/20260820T152358_380.jpg,ac1d655a00579811f95cb8c6ec5b6b2517aa19fb3ca5fe3f3243aa3d196f6c72,red,0,302,180,315,201,0.642708,0.529167,0.027083,0.058333,red_folder
red__brightness_low__run_01__20260820T152358_904.jpg,train,red/brightness_low/run_01/20260820T152358_904.jpg,5df21d3cf8bf857f10e159401d77fb2f373e9676b95aeef0204a324c26e18ee4,red,0,305,180,317,202,0.647917,0.530556,0.025000,0.061111,red_folder
red__brightness_low__run_01__20260820T152359_434.jpg,train,red/brightness_low/run_01/20260820T152359_434.jpg,200edf302930a87d5813801abe0fafa3f50e0f92edba0124a30efe1e383539d4,red,0,306,180,320,203,0.652083,0.531944,0.029167,0.063889,red_folder
red__brightness_low__run_01__20260820T152359_954.jpg,train,red/brightness_low/run_01/20260820T152359_954.jpg,db999166820fbeed00cb5c3ed153e42cce0b3bb9ba69d9318aaf576668174ef9,red,0,309,180,322,203,0.657292,0.531944,0.027083,0.063889,red_folder
red__brightness_low__run_01__20260820T152400_477.jpg,train,red/brightness_low/run_01/20260820T152400_477.jpg,e869d0953ee20bb444b98b391ba2c0250b2cd62d60ffb87b6a030fcbff161ab7,red,0,311,180,325,205,0.662500,0.534722,0.029167,0.069444,red_folder
red__brightness_low__run_01__20260820T152401_007.jpg,train,red/brightness_low/run_01/20260820T152401_007.jpg,4c53a5a48364e9efb324fa86cff3ac539b95a7884756282331f72392a93f9e52,red,0,313,180,329,206,0.668750,0.536111,0.033333,0.072222,red_folder
red__brightness_low__run_01__20260820T152401_528.jpg,train,red/brightness_low/run_01/20260820T152401_528.jpg,e5fb0aae845891dee5fe506180de07acfeb92a6168847a7462bd7784d0a97b81,red,0,315,180,331,207,0.672917,0.537500,0.033333,0.075000,red_folder
red__brightness_low__run_01__20260820T152402_047.jpg,train,red/brightness_low/run_01/20260820T152402_047.jpg,726afc27440bb93d63bd669d90ad5676737751c502bc9de6aaef888c4e8b9613,red,0,319,180,335,207,0.681250,0.537500,0.033333,0.075000,red_folder
red__brightness_low__run_01__20260820T152402_585.jpg,train,red/brightness_low/run_01/20260820T152402_585.jpg,a09b1de37064fd267a9f04f58045ba97d624d280efeeabe1a047d5c18366f21f,red,0,322,180,339,208,0.688542,0.538889,0.035417,0.077778,red_folder
red__brightness_low__run_01__20260820T152403_106.jpg,train,red/brightness_low/run_01/20260820T152403_106.jpg,9e7f3e6b5b583b74033aca398d05a8464e6261992c2f7434d88c91db2510a3cd,red,0,325,180,343,209,0.695833,0.540278,0.037500,0.080556,red_folder
red__brightness_low__run_01__20260820T152403_627.jpg,train,red/brightness_low/run_01/20260820T152403_627.jpg,bcdee2d0b6db140c3f9edaf21e074312c73f521a06e7b374ec820086c21252f5,red,0,329,180,347,210,0.704167,0.541667,0.037500,0.083333,red_folder
red__brightness_low__run_01__20260820T152404_164.jpg,train,red/brightness_low/run_01/20260820T152404_164.jpg,841a8387b76d3dcac73a761faa0f6d585436e12a46d56e6e10d348311e102c9b,red,0,333,180,352,211,0.713542,0.543056,0.039583,0.086111,red_folder
red__brightness_low__run_01__20260820T152404_691.jpg,train,red/brightness_low/run_01/20260820T152404_691.jpg,55d906c66b3d53eada9745f5451a3f200d1feebe5312e064c8420fef463e6d84,red,0,338,180,357,212,0.723958,0.544444,0.039583,0.088889,red_folder
red__brightness_low__run_01__20260820T152405_211.jpg,train,red/brightness_low/run_01/20260820T152405_211.jpg,6fc48b3b175b1b71b6f36c26a550ac095febc7aaf13bec367e5fe58e7085c06e,red,0,343,180,363,215,0.735417,0.548611,0.041667,0.097222,red_folder
red__brightness_low__run_01__20260820T152405_729.jpg,train,red/brightness_low/run_01/20260820T152405_729.jpg,a7baff9f0e0a13979e8d7ce216f9f02a9a7eeb509511d2bc476948717640dd73,red,0,346,180,368,216,0.743750,0.550000,0.045833,0.100000,red_folder
red__brightness_low__run_01__20260820T152406_251.jpg,train,red/brightness_low/run_01/20260820T152406_251.jpg,0bb15c4b98d631ba2b8b445f63bf7ed7822af83bf876faa627cba1fac6d27d61,red,0,354,180,377,218,0.761458,0.552778,0.047917,0.105556,red_folder
red__brightness_low__run_01__20260820T152406_784.jpg,train,red/brightness_low/run_01/20260820T152406_784.jpg,c1486c0fd3cdb88ad99be52049bb0b2564f5d733fd5bd2047b8e5325021be75b,red,0,361,180,384,220,0.776042,0.555556,0.047917,0.111111,red_folder
red__brightness_low__run_01__20260820T152407_311.jpg,train,red/brightness_low/run_01/20260820T152407_311.jpg,f23c7c18de90f4b4124e8516d9d0715a667e7c198a5971ef38fb9d1526e6d655,red,0,367,180,394,223,0.792708,0.559722,0.056250,0.119444,red_folder
red__brightness_low__run_01__20260820T152407_833.jpg,train,red/brightness_low/run_01/20260820T152407_833.jpg,c2cebe21b045161faefd32b3a28f162d29c76a075416cd5a7142860776a4a8c7,red,0,375,180,403,225,0.810417,0.562500,0.058333,0.125000,red_folder
red__brightness_low__run_02__20260820T152409_231.jpg,train,red/brightness_low/run_02/20260820T152409_231.jpg,e221a04d65141733d1f0f7e9cad219dba7c0054895684beb3a3e7272991f533a,red,0,322,180,339,208,0.688542,0.538889,0.035417,0.077778,red_folder
red__brightness_low__run_02__20260820T152409_751.jpg,train,red/brightness_low/run_02/20260820T152409_751.jpg,c9012979ec62b7660be6457cb2474b31a4ecbfba064e73bddebca5604ebf299d,red,0,325,180,343,209,0.695833,0.540278,0.037500,0.080556,red_folder
red__brightness_low__run_02__20260820T152410_271.jpg,train,red/brightness_low/run_02/20260820T152410_271.jpg,d494ac1c6d62a002e0be4b63140b7e7bfc283af2eef2fc8f8614dc4073a5212d,red,0,329,180,347,210,0.704167,0.541667,0.037500,0.083333,red_folder
red__brightness_low__run_02__20260820T152410_793.jpg,train,red/brightness_low/run_02/20260820T152410_793.jpg,5bb6fcd7c610edcc8879ba608cf0187d8c0841ea1b6f579918d49d634e1efe49,red,0,332,180,351,211,0.711458,0.543056,0.039583,0.086111,red_folder
red__brightness_low__run_02__20260820T152411_319.jpg,train,red/brightness_low/run_02/20260820T152411_319.jpg,8f99a3202932691a34a03aff97ee54101b8a56c237d7e5818b84026fc119fa3f,red,0,337,180,357,212,0.722917,0.544444,0.041667,0.088889,red_folder
red__brightness_low__run_02__20260820T152411_837.jpg,train,red/brightness_low/run_02/20260820T152411_837.jpg,e2cf96116517e702c4a15fa1a8b0812c8d6e9c5ec9b69ad8358050f736324ef7,red,0,342,180,363,214,0.734375,0.547222,0.043750,0.094444,red_folder
red__brightness_low__run_02__20260820T152412_365.jpg,train,red/brightness_low/run_02/20260820T152412_365.jpg,64acbaa988e4cbac676c627114445913b965e01c1bd6fb22808b5cf03c73e810,red,0,347,180,369,216,0.745833,0.550000,0.045833,0.100000,red_folder
red__brightness_low__run_02__20260820T152412_902.jpg,train,red/brightness_low/run_02/20260820T152412_902.jpg,013697e2c9f6317d3e5066f0e6eb225ace56aa42c417a749f53b7cebf27c3e18,red,0,354,180,377,218,0.761458,0.552778,0.047917,0.105556,red_folder
red__brightness_low__run_02__20260820T152413_428.jpg,train,red/brightness_low/run_02/20260820T152413_428.jpg,ddab79b3f278e822e3639da10e1493c2b4c087e00caf416701b3f2fdbfe80694,red,0,361,180,385,220,0.777083,0.555556,0.050000,0.111111,red_folder
red__brightness_low__run_02__20260820T152413_962.jpg,train,red/brightness_low/run_02/20260820T152413_962.jpg,e071d11d71d99f7e62edb2270e0e4b11c36b79043c2bd6264771f85a6c446097,red,0,364,180,390,221,0.785417,0.556944,0.054167,0.113889,red_folder
red__brightness_low__run_02__20260820T152414_490.jpg,train,red/brightness_low/run_02/20260820T152414_490.jpg,b3b950797737b0a1771bdaa90ce4e81ba49f43f4acb7632f0e7d8090857aaba1,red,0,378,180,405,225,0.815625,0.562500,0.056250,0.125000,red_folder
red__brightness_low__run_02__20260820T152415_009.jpg,train,red/brightness_low/run_02/20260820T152415_009.jpg,d6e100883ec6a7126fb6ae761782825238a4259c5e66ac946497157bc8180339,red,0,384,180,414,228,0.831250,0.566667,0.062500,0.133333,red_folder
red__brightness_low__run_02__20260820T152415_544.jpg,train,red/brightness_low/run_02/20260820T152415_544.jpg,2035c76dabfa2e843c5080ff1f52cf68e6cdf3e6130bf7fa4b769ee1ef621dcc,red,0,397,180,429,232,0.860417,0.572222,0.066667,0.144444,red_folder
red__brightness_low__run_02__20260820T152416_063.jpg,train,red/brightness_low/run_02/20260820T152416_063.jpg,69c59584646fd21a8f70af016b596060983a277612c2b1f50bc479048c16e37c,red,0,410,180,445,236,0.890625,0.577778,0.072917,0.155556,red_folder
red__brightness_low__run_02__20260820T152416_595.jpg,train,red/brightness_low/run_02/20260820T152416_595.jpg,d0858158383eff622c593ec614e0057301bf93118d804fd353d4d7f65df5dcb8,red,0,425,180,463,242,0.925000,0.586111,0.079167,0.172222,red_folder
red__brightness_low__run_02__20260820T152417_120.jpg,train,red/brightness_low/run_02/20260820T152417_120.jpg,f4246db0201719bfe6088449c334f9b3fecc999918a7cbe90325592baa4d991d,red,0,441,180,478,247,0.957292,0.593056,0.077083,0.186111,red_folder
red__brightness_low__run_02__20260820T152417_637.jpg,train,red/brightness_low/run_02/20260820T152417_637.jpg,ef7955e0070add6d29045e17c9cb4ccaaf695b33d4fe37f684e67de88b3ce276,red,0,461,180,480,218,0.980208,0.552778,0.039583,0.105556,red_folder
red__brightness_low__run_02__20260820T152418_166.jpg,train,red/brightness_low/run_02/20260820T152418_166.jpg,e4be812d86bff625118cd8ba2ea00536177b1d90d6982b9ef70b8099f8292af4,,,,,,,,,,,no_visible_signal_in_red_folder
red__brightness_low__run_02__20260820T152418_689.jpg,train,red/brightness_low/run_02/20260820T152418_689.jpg,00885d74771d1868fe69b0820087ebaf9b1c5fb506f46592ed03d1d46e47f71f,,,,,,,,,,,no_visible_signal_in_red_folder
red__brightness_low__run_02__20260820T152419_215.jpg,train,red/brightness_low/run_02/20260820T152419_215.jpg,34bff89eab08f2f62f8315f9e1fa29aa76fd5f6fe5b2e0bee7cecd7a2a767f27,,,,,,,,,,,no_visible_signal_in_red_folder
red__brightness_low__run_03__20260820T152420_611.jpg,train,red/brightness_low/run_03/20260820T152420_611.jpg,39795ac24bffb5d772fa365079bc33d5c1f5bb112211b9494e1e1a93a2d154fc,red,0,376,180,403,225,0.811458,0.562500,0.056250,0.125000,red_folder
red__brightness_low__run_03__20260820T152421_135.jpg,train,red/brightness_low/run_03/20260820T152421_135.jpg,69d7bcf96587a69e5101415d1cdecef795264f22757d9a70fd0ebaaba8b58251,red,0,382,180,412,227,0.827083,0.565278,0.062500,0.130556,red_folder
red__brightness_low__run_03__20260820T152421_654.jpg,train,red/brightness_low/run_03/20260820T152421_654.jpg,91ad58f97cf5c7cb172e93e7a2fcfa00514e08882f840f28bd865c7ad74471ed,red,0,393,180,425,231,0.852083,0.570833,0.066667,0.141667,red_folder
red__brightness_low__run_03__20260820T152422_172.jpg,train,red/brightness_low/run_03/20260820T152422_172.jpg,014d48c1690c96ee0cf4dfd972764639fe7c03cd22c7c7de7a480c7a180394cf,red,0,405,180,438,235,0.878125,0.576389,0.068750,0.152778,red_folder
red__brightness_low__run_03__20260820T152422_693.jpg,train,red/brightness_low/run_03/20260820T152422_693.jpg,ab2e7689a4042d056b2f3e07c207f6451bbe85d377895f3c0596e269e21ce748,red,0,418,180,455,239,0.909375,0.581944,0.077083,0.163889,red_folder
red__brightness_low__run_03__20260820T152423_219.jpg,train,red/brightness_low/run_03/20260820T152423_219.jpg,34a4db83ed94956d8d43bd3f8abbd7f60a93a0bc36e39045d106bc865a6550eb,red,0,435,180,476,245,0.948958,0.590278,0.085417,0.180556,red_folder
red__brightness_low__run_03__20260820T152423_760.jpg,train,red/brightness_low/run_03/20260820T152423_760.jpg,d37b6c9fbab73f5eaf817ff614205d1669508a8b003dfc712004cbf4b9aac667,red,0,452,180,480,224,0.970833,0.561111,0.058333,0.122222,red_folder
red__brightness_low__run_03__20260820T152424_300.jpg,train,red/brightness_low/run_03/20260820T152424_300.jpg,0987957c89a9b59dc69cf249c3188e89e803a53ef9c1a62e652290282dbdc7c4,,,,,,,,,,,no_visible_signal_in_red_folder
red__brightness_low__run_03__20260820T152424_831.jpg,train,red/brightness_low/run_03/20260820T152424_831.jpg,73d53fcf765a848c7ae68584f4b8d6eb635347798ed0eb0a1c6bf2030afe96f2,,,,,,,,,,,no_visible_signal_in_red_folder
red__brightness_low__run_03__20260820T152425_362.jpg,train,red/brightness_low/run_03/20260820T152425_362.jpg,97b215fd46b88905359156a530218d19a06dd222706d5ebb0640068403b35350,,,,,,,,,,,no_visible_signal_in_red_folder
red__brightness_low__run_03__20260820T152425_886.jpg,train,red/brightness_low/run_03/20260820T152425_886.jpg,8c0a9e832a7d626801e388d49e19d06839e3ade08d0226d7a2bb6a0b5ce0041b,,,,,,,,,,,no_visible_signal_in_red_folder
red__brightness_low__run_03__20260820T152426_411.jpg,train,red/brightness_low/run_03/20260820T152426_411.jpg,d6aae27762429a68f7b761338fb645d52ada53f10169f8a325c548d24e98ee4c,,,,,,,,,,,no_visible_signal_in_red_folder
red__brightness_low__run_03__20260820T152426_948.jpg,train,red/brightness_low/run_03/20260820T152426_948.jpg,302c3c31fb1a3cfc732e4445ba10d708e2237d11a143dabbb70c0e9eae8288bd,,,,,,,,,,,no_visible_signal_in_red_folder
red__brightness_low__run_03__20260820T152427_486.jpg,train,red/brightness_low/run_03/20260820T152427_486.jpg,694e4b643930b0177c23f4f69546c9c57295870473219c6f55b0a645831d8a9f,,,,,,,,,,,no_visible_signal_in_red_folder
red__brightness_low__run_03__20260820T152428_014.jpg,train,red/brightness_low/run_03/20260820T152428_014.jpg,8b95709ced1497a8748cb027725bd6a1f2831e687d8248b19360b8614999afa6,,,,,,,,,,,no_visible_signal_in_red_folder
red__brightness_low__run_03__20260820T152428_551.jpg,train,red/brightness_low/run_03/20260820T152428_551.jpg,261b51e93e7e49ff76a82f9708f7f41f8ff66eb8b599650e69ac62a349026631,,,,,,,,,,,no_visible_signal_in_red_folder
red__brightness_low__run_03__20260820T152429_077.jpg,train,red/brightness_low/run_03/20260820T152429_077.jpg,f5c2cb3517e6cb86f5cf867b0caf2538c4b9b7466ed3015c66d8bad3e77a2593,,,,,,,,,,,no_visible_signal_in_red_folder
red__brightness_low__run_03__20260820T152429_609.jpg,train,red/brightness_low/run_03/20260820T152429_609.jpg,8305d510d5f7a9316af01f1aec1371fbec61294971d4044b31b3bdfa557e19d5,,,,,,,,,,,no_visible_signal_in_red_folder
red__brightness_low__run_03__20260820T152430_139.jpg,train,red/brightness_low/run_03/20260820T152430_139.jpg,eca79d50e2ff809eada3099fbb800d2d7c252a688cb7c3d0375babc5a66f09ad,,,,,,,,,,,no_visible_signal_in_red_folder
red__brightness_low__run_03__20260820T152430_675.jpg,train,red/brightness_low/run_03/20260820T152430_675.jpg,bac3430b4f24affeda2695716dbe5f7d24401833560014d0c8e0d7d30cb8e720,,,,,,,,,,,no_visible_signal_in_red_folder
red__brightness_low__run_04__20260820T152432_071.jpg,val,red/brightness_low/run_04/20260820T152432_071.jpg,a1d2f64d986c3b8beade7a86c3076ce70d1ac4639b6641104829137906767eac,red,0,337,180,352,207,0.717708,0.537500,0.031250,0.075000,red_folder
red__brightness_low__run_04__20260820T152432_590.jpg,val,red/brightness_low/run_04/20260820T152432_590.jpg,6f1c4c36772bd7e97feee6791a31c43bd4eb984a4c68b69584e8c9b48aa2cbba,red,0,339,180,356,207,0.723958,0.537500,0.035417,0.075000,red_folder
red__brightness_low__run_04__20260820T152433_117.jpg,val,red/brightness_low/run_04/20260820T152433_117.jpg,c6d53614ad87a3945c81b08c154c29ab536c478e17ee78a982fc2d05115f6ea5,red,0,344,180,361,208,0.734375,0.538889,0.035417,0.077778,red_folder
red__brightness_low__run_04__20260820T152433_648.jpg,val,red/brightness_low/run_04/20260820T152433_648.jpg,01ea8c901a28b55350af2d3b5f6590b1a8c985996aab492bd36cb2ef87928700,red,0,346,180,365,209,0.740625,0.540278,0.039583,0.080556,red_folder
red__brightness_low__run_04__20260820T152434_175.jpg,val,red/brightness_low/run_04/20260820T152434_175.jpg,b83243a27e35641a73a795019460eeef111e4264579e11cf895fe17e469a2b63,red,0,353,180,372,211,0.755208,0.543056,0.039583,0.086111,red_folder
red__brightness_low__run_04__20260820T152434_704.jpg,val,red/brightness_low/run_04/20260820T152434_704.jpg,0af54d44cd1823875565a32118937a336535905ccf500d622e48e3b3cd64b05f,red,0,358,180,378,213,0.766667,0.545833,0.041667,0.091667,red_folder
red__brightness_low__run_04__20260820T152435_240.jpg,val,red/brightness_low/run_04/20260820T152435_240.jpg,2685b3026fcee829bd25ab161a8e432f5898ea52a13779e7f05303cb9bbed4c3,red,0,364,180,385,215,0.780208,0.548611,0.043750,0.097222,red_folder
red__brightness_low__run_04__20260820T152435_766.jpg,val,red/brightness_low/run_04/20260820T152435_766.jpg,51b3fb05348723dc7bc6e71d1dc7addbfe0f58cc6c4464b89ea4526616396661,red,0,371,180,393,216,0.795833,0.550000,0.045833,0.100000,red_folder
red__brightness_low__run_04__20260820T152436_288.jpg,val,red/brightness_low/run_04/20260820T152436_288.jpg,dc4446cf24ccf5e72ff6d75773de5122617240be8daea7a84537bd6d64b85ff6,red,0,378,180,401,217,0.811458,0.551389,0.047917,0.102778,red_folder
red__brightness_low__run_04__20260820T152436_806.jpg,val,red/brightness_low/run_04/20260820T152436_806.jpg,2697eb2966435abb5c23fca508f130213c40f0612ea963e0f9ddb02556689c2d,red,0,387,180,411,219,0.831250,0.554167,0.050000,0.108333,red_folder
red__brightness_low__run_04__20260820T152437_329.jpg,val,red/brightness_low/run_04/20260820T152437_329.jpg,9a475173eafd89bbcb01cb6362aab270f3ab967f8532e2e340f33ed4946666fa,red,0,394,180,420,222,0.847917,0.558333,0.054167,0.116667,red_folder
red__brightness_low__run_04__20260820T152437_852.jpg,val,red/brightness_low/run_04/20260820T152437_852.jpg,6959f364a9baa8c749e343b528b4d132b90602a73294695e24a3140eaedaa70a,red,0,406,180,434,225,0.875000,0.562500,0.058333,0.125000,red_folder
red__brightness_low__run_04__20260820T152438_377.jpg,val,red/brightness_low/run_04/20260820T152438_377.jpg,abf303a775c2964c5e46c602d33ec818e9df318905c9e848653f487ac934c4d9,red,0,415,180,444,227,0.894792,0.565278,0.060417,0.130556,red_folder
red__brightness_low__run_04__20260820T152438_906.jpg,val,red/brightness_low/run_04/20260820T152438_906.jpg,790e1143ade0019000abf484e8fd3000eeed0f4ad2a95a7d822f5265cdabaef5,red,0,427,180,459,231,0.922917,0.570833,0.066667,0.141667,red_folder
red__brightness_low__run_04__20260820T152439_430.jpg,val,red/brightness_low/run_04/20260820T152439_430.jpg,f9b0d141bcd460f323e9d27b3919bbcea3437b962fd193f720a984aa9df4f1b9,red,0,442,180,477,235,0.957292,0.576389,0.072917,0.152778,red_folder
red__brightness_low__run_04__20260820T152439_958.jpg,val,red/brightness_low/run_04/20260820T152439_958.jpg,ded37a1303494a222fde7324cdd307ca34a90f2cbbfd79a3416705112ee4b353,red,0,459,180,480,218,0.978125,0.552778,0.043750,0.105556,red_folder
red__brightness_low__run_04__20260820T152440_481.jpg,val,red/brightness_low/run_04/20260820T152440_481.jpg,351e1d586a4eaadff8994090e37e4846ce8147d36cb3fa35bb8c7df3fba852c5,,,,,,,,,,,no_visible_signal_in_red_folder
red__brightness_low__run_04__20260820T152441_003.jpg,val,red/brightness_low/run_04/20260820T152441_003.jpg,35fe6b91e1976b16ea4670cab714cdc141ee468511fa68ce3a494b99df12381e,,,,,,,,,,,no_visible_signal_in_red_folder
red__brightness_low__run_04__20260820T152441_524.jpg,val,red/brightness_low/run_04/20260820T152441_524.jpg,0544ec9631edbe5a7a9a8aee545f02bd28c762ab51ab966a435d8b075f982352,,,,,,,,,,,no_visible_signal_in_red_folder
red__brightness_low__run_04__20260820T152442_049.jpg,val,red/brightness_low/run_04/20260820T152442_049.jpg,4982c138c09a452c28e90188734e0a4c9eeb1fed28b6f4c483130f4ea9f68c39,,,,,,,,,,,no_visible_signal_in_red_folder
red__brightness_low__run_05__20260820T152443_444.jpg,test,red/brightness_low/run_05/20260820T152443_444.jpg,6fc177868d443a873fbc0da41770aadc31f313032c8a3d8b1e9ca6139312764c,red,0,260,180,276,208,0.558333,0.538889,0.033333,0.077778,red_folder
red__brightness_low__run_05__20260820T152443_963.jpg,test,red/brightness_low/run_05/20260820T152443_963.jpg,82b97fed3759418906b2c1a78f4e4030b6196136dc48cdf8b14ef531720047b4,red,0,260,180,277,209,0.559375,0.540278,0.035417,0.080556,red_folder
red__brightness_low__run_05__20260820T152444_488.jpg,test,red/brightness_low/run_05/20260820T152444_488.jpg,36837197bd2729c49e167364a25c19d9e59c54471cfa367de10704ed90f83cae,red,0,261,180,278,210,0.561458,0.541667,0.035417,0.083333,red_folder
red__brightness_low__run_05__20260820T152445_017.jpg,test,red/brightness_low/run_05/20260820T152445_017.jpg,3b4d8c07fc9a53a0ca07160f124fefb0d9377f96d9bad95bc0e029f9670de592,red,0,262,180,280,212,0.564583,0.544444,0.037500,0.088889,red_folder
red__brightness_low__run_05__20260820T152445_546.jpg,test,red/brightness_low/run_05/20260820T152445_546.jpg,5c22d0a4eed608c0d85928e050479b406f57418dc8a42ea8507eb5e0b0caac6a,red,0,263,180,281,213,0.566667,0.545833,0.037500,0.091667,red_folder
red__brightness_low__run_05__20260820T152446_073.jpg,test,red/brightness_low/run_05/20260820T152446_073.jpg,13219eb4d16dd5d2b07080bf292d27e07431ae9ce20558f9cc093f46b569a6b2,red,0,264,180,284,214,0.570833,0.547222,0.041667,0.094444,red_folder
red__brightness_low__run_05__20260820T152446_591.jpg,test,red/brightness_low/run_05/20260820T152446_591.jpg,45567e5c6b00589c273ae5432d74c19c69d3f45b3f54db896997dceb850368dc,red,0,266,180,287,217,0.576042,0.551389,0.043750,0.102778,red_folder
red__brightness_low__run_05__20260820T152447_111.jpg,test,red/brightness_low/run_05/20260820T152447_111.jpg,f6cca7411e3453dcbd165ade970cd958bcfd5b94ce588085b988928106880ae9,red,0,267,180,289,219,0.579167,0.554167,0.045833,0.108333,red_folder
red__brightness_low__run_05__20260820T152447_641.jpg,test,red/brightness_low/run_05/20260820T152447_641.jpg,27282ef77d9f24d7502f9c6bcba37a05124ded77524ee6f4b6d299064002596f,red,0,269,180,292,221,0.584375,0.556944,0.047917,0.113889,red_folder
red__brightness_low__run_05__20260820T152448_165.jpg,test,red/brightness_low/run_05/20260820T152448_165.jpg,2a5a77f6703b98b07b32cf82be6664760967a9a1626be8d12c2868d18f2e9766,red,0,270,180,296,223,0.589583,0.559722,0.054167,0.119444,red_folder
red__brightness_low__run_05__20260820T152448_691.jpg,test,red/brightness_low/run_05/20260820T152448_691.jpg,cbc244a0b95ef0ec39675587e1dce8bba0b8c235a3479b7db5808dadf54ea1ff,red,0,272,180,299,227,0.594792,0.565278,0.056250,0.130556,red_folder
red__brightness_low__run_05__20260820T152449_211.jpg,test,red/brightness_low/run_05/20260820T152449_211.jpg,e4f979cdb0490f989546532f2aa02ed1298d67bd4ae4d3ed5758e6d24f6fab5e,red,0,275,180,303,229,0.602083,0.568056,0.058333,0.136111,red_folder
red__brightness_low__run_05__20260820T152449_734.jpg,test,red/brightness_low/run_05/20260820T152449_734.jpg,2c1f7d23a5c4d5c08be3728194b5949d9f59ec385f40ca9015f8a10956aa8b5c,red,0,278,180,308,234,0.610417,0.575000,0.062500,0.150000,red_folder
red__brightness_low__run_05__20260820T152450_265.jpg,test,red/brightness_low/run_05/20260820T152450_265.jpg,4d04c32562f561c9610e787da56de36ad78db3e5c94aaafdc4d4e81df21ce8db,red,0,281,180,314,238,0.619792,0.580556,0.068750,0.161111,red_folder
red__brightness_low__run_05__20260820T152450_795.jpg,test,red/brightness_low/run_05/20260820T152450_795.jpg,ed63fbd4c9fb720a7a64305bb627df8ffa2894c51c203d6bce2487e31b3022d2,red,0,286,180,322,244,0.633333,0.588889,0.075000,0.177778,red_folder
red__brightness_low__run_05__20260820T152451_318.jpg,test,red/brightness_low/run_05/20260820T152451_318.jpg,0240f8f08893efa02874205fb0795e567be0ae2b3a7dff2559b3e05c5a5f01ce,red,0,290,180,331,251,0.646875,0.598611,0.085417,0.197222,red_folder
red__brightness_low__run_05__20260820T152451_845.jpg,test,red/brightness_low/run_05/20260820T152451_845.jpg,c128272ee12c375126bfc214798869bd2200e4d39429dfc48ae9c6d1a949776c,red,0,295,180,340,258,0.661458,0.608333,0.093750,0.216667,red_folder
red__brightness_low__run_05__20260820T152452_370.jpg,test,red/brightness_low/run_05/20260820T152452_370.jpg,28e799503a8f590d846678f743935a4163d03abf1324d621b31d0c7be33d1509,red,0,303,180,353,269,0.683333,0.623611,0.104167,0.247222,red_folder
red__brightness_low__run_05__20260820T152452_897.jpg,test,red/brightness_low/run_05/20260820T152452_897.jpg,888fa21a96c8cf0d9f59d3de70e7ff36d6ab01dd0fa4e93a4b8fc72bcb912de4,red,0,311,180,369,281,0.708333,0.640278,0.120833,0.280556,red_folder
red__brightness_low__run_05__20260820T152453_423.jpg,test,red/brightness_low/run_05/20260820T152453_423.jpg,9cbc6e21fbb2cccfb59b8bb2bf92a9974e63de738e372fcdb3b5efaac27a0c24,red,0,324,180,392,299,0.745833,0.665278,0.141667,0.330556,red_folder
red__brightness_low__transition_run_01__frame_035_20260820T154201_452.jpg,train,red/brightness_low/transition_run_01/frame_035_20260820T154201_452.jpg,7a6404937d9fa5e43b5eae52cf8fcf0312f15243ff1a46046bc81618306ad749,red,0,315,180,330,205,0.671875,0.534722,0.031250,0.069444,red_folder
red__brightness_low__transition_run_01__frame_036_20260820T154201_583.jpg,train,red/brightness_low/transition_run_01/frame_036_20260820T154201_583.jpg,7a6404937d9fa5e43b5eae52cf8fcf0312f15243ff1a46046bc81618306ad749,red,0,315,180,330,205,0.671875,0.534722,0.031250,0.069444,red_folder
red__brightness_low__transition_run_01__frame_037_20260820T154201_720.jpg,train,red/brightness_low/transition_run_01/frame_037_20260820T154201_720.jpg,277268a5376741cee31ce5488f65fceb8ca34e8083854ca9e60fdad28d27456b,red,0,315,180,331,207,0.672917,0.537500,0.033333,0.075000,red_folder
red__brightness_low__transition_run_01__frame_038_20260820T154201_853.jpg,train,red/brightness_low/transition_run_01/frame_038_20260820T154201_853.jpg,ae0dcedbfe267d4d89c8d748f0b3614500612f5358d33b866e92e5c61fd0bb67,red,0,316,180,332,207,0.675000,0.537500,0.033333,0.075000,red_folder
red__brightness_low__transition_run_01__frame_039_20260820T154201_985.jpg,train,red/brightness_low/transition_run_01/frame_039_20260820T154201_985.jpg,a90df99b3632e27e9324f09f86fbbab6da8e98d3104814331e7d34606c8d14f4,red,0,317,180,334,207,0.678125,0.537500,0.035417,0.075000,red_folder
red__brightness_low__transition_run_01__frame_040_20260820T154202_127.jpg,train,red/brightness_low/transition_run_01/frame_040_20260820T154202_127.jpg,65900f698501ac5f2b8042c23a8fc9f4fde73e924865079ee584a64c2b528b96,red,0,318,180,334,207,0.679167,0.537500,0.033333,0.075000,red_folder
red__brightness_low__transition_run_01__frame_041_20260820T154202_269.jpg,train,red/brightness_low/transition_run_01/frame_041_20260820T154202_269.jpg,54703bd62525cb97a06d257cbbf02903a59e32e2c3dde44d151aecbfcb814ca5,red,0,319,180,334,206,0.680208,0.536111,0.031250,0.072222,red_folder
red__brightness_low__transition_run_01__frame_042_20260820T154202_402.jpg,train,red/brightness_low/transition_run_01/frame_042_20260820T154202_402.jpg,e944a1d3d8bd1b89bdcbde10800b34ee8773a6bdc598c9bc468bbcbe4eff1df0,red,0,319,180,335,208,0.681250,0.538889,0.033333,0.077778,red_folder
red__brightness_low__transition_run_01__frame_043_20260820T154202_531.jpg,train,red/brightness_low/transition_run_01/frame_043_20260820T154202_531.jpg,8fbdb8f755afbfffd37ca0da05865c6a69256bf58f1313cf74a94a03d36ec9a4,red,0,320,180,337,208,0.684375,0.538889,0.035417,0.077778,red_folder
red__brightness_low__transition_run_01__frame_044_20260820T154202_663.jpg,train,red/brightness_low/transition_run_01/frame_044_20260820T154202_663.jpg,8fbdb8f755afbfffd37ca0da05865c6a69256bf58f1313cf74a94a03d36ec9a4,red,0,320,180,337,208,0.684375,0.538889,0.035417,0.077778,red_folder
red__brightness_low__transition_run_01__frame_045_20260820T154202_799.jpg,train,red/brightness_low/transition_run_01/frame_045_20260820T154202_799.jpg,e2e46407c62e487b633ea0def15f637591308a491822201a205394960fa5fb3b,red,0,320,180,337,208,0.684375,0.538889,0.035417,0.077778,red_folder
red__brightness_low__transition_run_01__frame_046_20260820T154202_933.jpg,train,red/brightness_low/transition_run_01/frame_046_20260820T154202_933.jpg,aa460ea52a8ab56db6117bc44a2ad4507106f2b393d92b0d3e6ddf421778a0e2,red,0,320,180,337,208,0.684375,0.538889,0.035417,0.077778,red_folder
red__brightness_low__transition_run_01__frame_047_20260820T154203_067.jpg,train,red/brightness_low/transition_run_01/frame_047_20260820T154203_067.jpg,e317129a08340d0d5bb52b6e6e9a08a633d6fab1fe187f384fc71543c09f1aa4,red,0,320,180,337,208,0.684375,0.538889,0.035417,0.077778,red_folder
red__brightness_low__transition_run_01__frame_048_20260820T154203_199.jpg,train,red/brightness_low/transition_run_01/frame_048_20260820T154203_199.jpg,d92648f7116e713c6d6db612d7588f83f8303e44a85a26cf3c282fdc644b4f84,red,0,320,180,337,208,0.684375,0.538889,0.035417,0.077778,red_folder
red__brightness_low__transition_run_01__frame_049_20260820T154203_332.jpg,train,red/brightness_low/transition_run_01/frame_049_20260820T154203_332.jpg,d92648f7116e713c6d6db612d7588f83f8303e44a85a26cf3c282fdc644b4f84,red,0,320,180,337,208,0.684375,0.538889,0.035417,0.077778,red_folder
red__brightness_low__transition_run_02__frame_033_20260820T154209_253.jpg,train,red/brightness_low/transition_run_02/frame_033_20260820T154209_253.jpg,5743db924bfd961e21d2af833140cbf4b14f8c96e25d24a3fb08cc342ca0b8cb,red,0,348,180,370,216,0.747917,0.550000,0.045833,0.100000,red_folder
red__brightness_low__transition_run_02__frame_034_20260820T154209_386.jpg,train,red/brightness_low/transition_run_02/frame_034_20260820T154209_386.jpg,1ffa023861c95e8c9b2cdbd64bff4224437fe3b9a248fce1de61cc9eb259eb0a,red,0,349,180,371,217,0.750000,0.551389,0.045833,0.102778,red_folder
red__brightness_low__transition_run_02__frame_035_20260820T154209_520.jpg,train,red/brightness_low/transition_run_02/frame_035_20260820T154209_520.jpg,91cb152ffca4427ce9fc2a3a59fba3b7a516dc9e669e6aa8a8e10b9c4b04d902,red,0,351,180,374,217,0.755208,0.551389,0.047917,0.102778,red_folder
red__brightness_low__transition_run_02__frame_036_20260820T154209_640.jpg,train,red/brightness_low/transition_run_02/frame_036_20260820T154209_640.jpg,f0fb35ac5865270f474904ace04313759f19560f0ab125fd82f17ba67bb3df72,red,0,352,180,375,217,0.757292,0.551389,0.047917,0.102778,red_folder
red__brightness_low__transition_run_02__frame_037_20260820T154209_758.jpg,train,red/brightness_low/transition_run_02/frame_037_20260820T154209_758.jpg,817a7596c53cd2f2223b0487bfccf73dfe24cdaee38852801c4c330e8a7a83d2,red,0,353,180,376,218,0.759375,0.552778,0.047917,0.105556,red_folder
red__brightness_low__transition_run_02__frame_038_20260820T154209_883.jpg,train,red/brightness_low/transition_run_02/frame_038_20260820T154209_883.jpg,042429f08f92ab255add68d6d7f5a278c5420ba1c7cac5fcad2a1d0ad93b8861,red,0,354,180,377,218,0.761458,0.552778,0.047917,0.105556,red_folder
red__brightness_low__transition_run_02__frame_039_20260820T154210_011.jpg,train,red/brightness_low/transition_run_02/frame_039_20260820T154210_011.jpg,499fd8f57d3d9f53ebd230858564b6d08efb38e09e057ea1a96214b2b6c035c9,red,0,356,180,379,219,0.765625,0.554167,0.047917,0.108333,red_folder
red__brightness_low__transition_run_02__frame_040_20260820T154210_139.jpg,train,red/brightness_low/transition_run_02/frame_040_20260820T154210_139.jpg,6709bd3fe7f79ee9dea3d569a4088e95eea89bcde7c7c4263a3cf4eb630bf3be,red,0,357,180,381,219,0.768750,0.554167,0.050000,0.108333,red_folder
red__brightness_low__transition_run_02__frame_041_20260820T154210_261.jpg,train,red/brightness_low/transition_run_02/frame_041_20260820T154210_261.jpg,737f9f44b6fa087516f672d0e06606b1560a3271cebb0a91209a96ef9f605cb1,red,0,358,180,382,219,0.770833,0.554167,0.050000,0.108333,red_folder
red__brightness_low__transition_run_02__frame_042_20260820T154210_385.jpg,train,red/brightness_low/transition_run_02/frame_042_20260820T154210_385.jpg,d9b785033404083091dcc87fa0a14d833eb221ebca1f1e8ed52110108adf3365,red,0,359,180,383,220,0.772917,0.555556,0.050000,0.111111,red_folder
red__brightness_low__transition_run_02__frame_043_20260820T154210_516.jpg,train,red/brightness_low/transition_run_02/frame_043_20260820T154210_516.jpg,710ae6a25601dc6372d9d627f2145eaec1e2b4c5a1bc94c777220b59fb90566e,red,0,361,180,385,220,0.777083,0.555556,0.050000,0.111111,red_folder
red__brightness_low__transition_run_02__frame_044_20260820T154210_637.jpg,train,red/brightness_low/transition_run_02/frame_044_20260820T154210_637.jpg,710ae6a25601dc6372d9d627f2145eaec1e2b4c5a1bc94c777220b59fb90566e,red,0,361,180,385,220,0.777083,0.555556,0.050000,0.111111,red_folder
red__brightness_low__transition_run_02__frame_045_20260820T154210_762.jpg,train,red/brightness_low/transition_run_02/frame_045_20260820T154210_762.jpg,305b1937d5ffc591a914e2853baabecfb0b073ad1b352378128ae43fb788dc0f,red,0,362,180,386,220,0.779167,0.555556,0.050000,0.111111,red_folder
red__brightness_low__transition_run_02__frame_046_20260820T154210_880.jpg,train,red/brightness_low/transition_run_02/frame_046_20260820T154210_880.jpg,62daf0e6914509c418b7f9aa16693ea5b6213601b99789d8acb046bc81e2c851,red,0,362,180,386,220,0.779167,0.555556,0.050000,0.111111,red_folder
red__brightness_low__transition_run_02__frame_047_20260820T154211_019.jpg,train,red/brightness_low/transition_run_02/frame_047_20260820T154211_019.jpg,62daf0e6914509c418b7f9aa16693ea5b6213601b99789d8acb046bc81e2c851,red,0,362,180,386,220,0.779167,0.555556,0.050000,0.111111,red_folder
red__brightness_low__transition_run_02__frame_048_20260820T154211_148.jpg,train,red/brightness_low/transition_run_02/frame_048_20260820T154211_148.jpg,c0a9f69c6694ce38a6d88b419dc9b7e965a4742d1eb3f49f2b1b3b7a97e6ec63,red,0,362,180,386,220,0.779167,0.555556,0.050000,0.111111,red_folder
red__brightness_low__transition_run_02__frame_049_20260820T154211_271.jpg,train,red/brightness_low/transition_run_02/frame_049_20260820T154211_271.jpg,7129e109fce536125ecff6953e2b7e225c35cea018dc7f776d59e6417d90cd23,red,0,362,180,386,220,0.779167,0.555556,0.050000,0.111111,red_folder
red__brightness_low__transition_run_03__frame_037_20260820T154217_713.jpg,train,red/brightness_low/transition_run_03/frame_037_20260820T154217_713.jpg,4d6f674ebfa7d548dfe8d7a2970fb5e617ae64dec2286b7e7418d4888e0c085f,,,,,,,,,,,no_visible_signal_in_red_folder
red__brightness_low__transition_run_03__frame_038_20260820T154217_836.jpg,train,red/brightness_low/transition_run_03/frame_038_20260820T154217_836.jpg,a2b257b4ae20695f55bac3ad22f0ed2e7e69002eb6972366e3db3a926803e2a0,,,,,,,,,,,no_visible_signal_in_red_folder
red__brightness_low__transition_run_03__frame_039_20260820T154217_976.jpg,train,red/brightness_low/transition_run_03/frame_039_20260820T154217_976.jpg,80c8f6e547aea7d1f4bd2c00355b212804018c34438f144d9a5893d3c4a83f52,,,,,,,,,,,no_visible_signal_in_red_folder
red__brightness_low__transition_run_03__frame_040_20260820T154218_108.jpg,train,red/brightness_low/transition_run_03/frame_040_20260820T154218_108.jpg,e46589b3005658634e20d3bc8b5d042fe0d281003a491015b605284216d9b4f8,,,,,,,,,,,no_visible_signal_in_red_folder
red__brightness_low__transition_run_03__frame_041_20260820T154218_237.jpg,train,red/brightness_low/transition_run_03/frame_041_20260820T154218_237.jpg,f7b63d6091f175a0586ea0c03131bac0bbf88b6e696e3eb7c76fb3ff05dfce7f,,,,,,,,,,,no_visible_signal_in_red_folder
red__brightness_low__transition_run_03__frame_042_20260820T154218_369.jpg,train,red/brightness_low/transition_run_03/frame_042_20260820T154218_369.jpg,82b680fc0158b33e29a7c1517870a14c99934484bcfd5b1df480ceefdd809e1e,,,,,,,,,,,no_visible_signal_in_red_folder
red__brightness_low__transition_run_03__frame_043_20260820T154218_490.jpg,train,red/brightness_low/transition_run_03/frame_043_20260820T154218_490.jpg,55b27635b76e600b73111b05ed1a5faa3fabd7ea70234910fbabccc808b68117,,,,,,,,,,,no_visible_signal_in_red_folder
red__brightness_low__transition_run_03__frame_044_20260820T154218_611.jpg,train,red/brightness_low/transition_run_03/frame_044_20260820T154218_611.jpg,d73a007e7e2ba4d993d54ee810e4e73565ca769f6fa1ce8a4924765d4cfe1e25,,,,,,,,,,,no_visible_signal_in_red_folder
red__brightness_low__transition_run_03__frame_045_20260820T154218_735.jpg,train,red/brightness_low/transition_run_03/frame_045_20260820T154218_735.jpg,a1c907ec8952db3b9c6e00773afbe7e335d68a30f864bacdf146b208849d7386,,,,,,,,,,,no_visible_signal_in_red_folder
red__brightness_low__transition_run_03__frame_046_20260820T154218_861.jpg,train,red/brightness_low/transition_run_03/frame_046_20260820T154218_861.jpg,19891f68456e40d567e44a5d557515ef417d85edc86f02073127d57f45fe2a35,,,,,,,,,,,no_visible_signal_in_red_folder
red__brightness_low__transition_run_03__frame_047_20260820T154219_000.jpg,train,red/brightness_low/transition_run_03/frame_047_20260820T154219_000.jpg,36ce0f31e27e7ab23d9f83f9f2d0eb9f313799222c167f0271801ab730ea7e7a,,,,,,,,,,,no_visible_signal_in_red_folder
red__brightness_low__transition_run_03__frame_048_20260820T154219_130.jpg,train,red/brightness_low/transition_run_03/frame_048_20260820T154219_130.jpg,2170cd5d7447aabe065ff3e835cfbbf4ddcbafbbfba7c389dff86f72151a2a8f,,,,,,,,,,,no_visible_signal_in_red_folder
red__brightness_low__transition_run_03__frame_049_20260820T154219_255.jpg,train,red/brightness_low/transition_run_03/frame_049_20260820T154219_255.jpg,43ba66693ffac270a484c0b5878e1331c9058a33c659a3851253107021f1415e,,,,,,,,,,,no_visible_signal_in_red_folder
red__brightness_low__transition_run_04__frame_033_20260820T154225_162.jpg,val,red/brightness_low/transition_run_04/frame_033_20260820T154225_162.jpg,cfe362ecaaf2a5daec78590d942466560e5af4ffb40f316d50c9eb005f508132,red,0,365,180,386,215,0.782292,0.548611,0.043750,0.097222,red_folder
red__brightness_low__transition_run_04__frame_034_20260820T154225_297.jpg,val,red/brightness_low/transition_run_04/frame_034_20260820T154225_297.jpg,66457fdf7c2ca7cb8ffb3610b637f6558c02f0f55fa98ad98b4ffad59cb077e2,red,0,366,180,388,215,0.785417,0.548611,0.045833,0.097222,red_folder
red__brightness_low__transition_run_04__frame_035_20260820T154225_434.jpg,val,red/brightness_low/transition_run_04/frame_035_20260820T154225_434.jpg,96ac67f446e809237ec95bc6f96f44036df86c62392a252d211d701edd2c2c6a,red,0,367,180,389,215,0.787500,0.548611,0.045833,0.097222,red_folder
red__brightness_low__transition_run_04__frame_036_20260820T154225_557.jpg,val,red/brightness_low/transition_run_04/frame_036_20260820T154225_557.jpg,bcef7f826ede4b11dd8e5e7740a21d0a0c63ff2d3b954f406b3b68bb211d9d1c,red,0,368,180,390,216,0.789583,0.550000,0.045833,0.100000,red_folder
red__brightness_low__transition_run_04__frame_037_20260820T154225_707.jpg,val,red/brightness_low/transition_run_04/frame_037_20260820T154225_707.jpg,f5c246fbb007321420c2eb25b796c2b30bb7503e23400da406bc7d5db238f6ea,red,0,370,180,392,216,0.793750,0.550000,0.045833,0.100000,red_folder
red__brightness_low__transition_run_04__frame_038_20260820T154225_836.jpg,val,red/brightness_low/transition_run_04/frame_038_20260820T154225_836.jpg,b040cf583f3c377be3f23af93f5bdbd13b19580e10762d459e5082612674bf50,red,0,371,180,392,216,0.794792,0.550000,0.043750,0.100000,red_folder
red__brightness_low__transition_run_04__frame_039_20260820T154225_966.jpg,val,red/brightness_low/transition_run_04/frame_039_20260820T154225_966.jpg,1b246db7a6a7d6b7ded4e46d545c15e1ba12e5d802092b3c4260bb82a9568400,red,0,373,180,395,217,0.800000,0.551389,0.045833,0.102778,red_folder
red__brightness_low__transition_run_04__frame_040_20260820T154226_095.jpg,val,red/brightness_low/transition_run_04/frame_040_20260820T154226_095.jpg,5342baeb53b98e938abadf0c336db563397cde9801a6729964b804e28553963a,red,0,374,180,397,217,0.803125,0.551389,0.047917,0.102778,red_folder
red__brightness_low__transition_run_04__frame_041_20260820T154226_228.jpg,val,red/brightness_low/transition_run_04/frame_041_20260820T154226_228.jpg,99cc99c4cdf0aaeff514ce4894cb871832418aaab19340be1f0f3edd246d0bdd,red,0,376,180,399,217,0.807292,0.551389,0.047917,0.102778,red_folder
red__brightness_low__transition_run_04__frame_042_20260820T154226_359.jpg,val,red/brightness_low/transition_run_04/frame_042_20260820T154226_359.jpg,48d0a13fbf289a3d8486076d54ae7c74ac7039dcfab99b1aea5fb75b11f60489,red,0,378,180,400,217,0.810417,0.551389,0.045833,0.102778,red_folder
red__brightness_low__transition_run_04__frame_043_20260820T154226_485.jpg,val,red/brightness_low/transition_run_04/frame_043_20260820T154226_485.jpg,ea62bf55d92e111a4d966dbf0498813074ec80057e0ff771db53c3276c376298,red,0,379,180,402,218,0.813542,0.552778,0.047917,0.105556,red_folder
red__brightness_low__transition_run_04__frame_044_20260820T154226_607.jpg,val,red/brightness_low/transition_run_04/frame_044_20260820T154226_607.jpg,9b1d5fbdb4e0b2a8625ac47a6587a719130a207519057194e1a83e6ca111cd0e,red,0,380,180,403,218,0.815625,0.552778,0.047917,0.105556,red_folder
red__brightness_low__transition_run_04__frame_045_20260820T154226_733.jpg,val,red/brightness_low/transition_run_04/frame_045_20260820T154226_733.jpg,7bd6226eb95f210d3b4d62ce2b4f1c8575b865846605c7b56510451a543a58cd,red,0,380,180,403,219,0.815625,0.554167,0.047917,0.108333,red_folder
red__brightness_low__transition_run_04__frame_046_20260820T154226_851.jpg,val,red/brightness_low/transition_run_04/frame_046_20260820T154226_851.jpg,17d11d2636772b7a0b3c7d845ff70c7412a9ef1b791f5962861da18a84c2a8b1,red,0,380,180,403,218,0.815625,0.552778,0.047917,0.105556,red_folder
red__brightness_low__transition_run_04__frame_047_20260820T154226_975.jpg,val,red/brightness_low/transition_run_04/frame_047_20260820T154226_975.jpg,73943c64f946f70ec04e400d321379f1c798241c7be5b32697c9bdada58a5292,red,0,380,180,403,218,0.815625,0.552778,0.047917,0.105556,red_folder
red__brightness_low__transition_run_04__frame_048_20260820T154227_103.jpg,val,red/brightness_low/transition_run_04/frame_048_20260820T154227_103.jpg,73943c64f946f70ec04e400d321379f1c798241c7be5b32697c9bdada58a5292,red,0,380,180,403,218,0.815625,0.552778,0.047917,0.105556,red_folder
red__brightness_low__transition_run_04__frame_049_20260820T154227_230.jpg,val,red/brightness_low/transition_run_04/frame_049_20260820T154227_230.jpg,6b73409e7a4d6fbfb77d22cacb45f4056d06ec903a627333eb3de585065ccf64,red,0,380,180,403,218,0.815625,0.552778,0.047917,0.105556,red_folder
red__brightness_low__transition_run_05__frame_033_20260820T154233_225.jpg,test,red/brightness_low/transition_run_05/frame_033_20260820T154233_225.jpg,685fcb1ec9d235f488c1aa65f0589d56373ef61afe85010e08bf1c75796507cd,,,,,,,,,,,no_visible_signal_in_red_folder
red__brightness_low__transition_run_05__frame_034_20260820T154233_347.jpg,test,red/brightness_low/transition_run_05/frame_034_20260820T154233_347.jpg,d1da38b2e36d4cdfbcd8932fa81be1f40f2a5bbec5072cc5cd86ed0a553f1703,red,0,267,180,287,218,0.577083,0.552778,0.041667,0.105556,red_folder
red__brightness_low__transition_run_05__frame_035_20260820T154233_479.jpg,test,red/brightness_low/transition_run_05/frame_035_20260820T154233_479.jpg,3eaf0aa8c95db13ad8c447483a431d163bf9921994b1d3a7f8959c425a9afedb,red,0,267,180,288,218,0.578125,0.552778,0.043750,0.105556,red_folder
red__brightness_low__transition_run_05__frame_036_20260820T154233_611.jpg,test,red/brightness_low/transition_run_05/frame_036_20260820T154233_611.jpg,f6891ba2c59c4692b4b0cb7bd3f2002dd38fd66cca5d5ec4e0fc07fef51e776d,red,0,267,180,289,219,0.579167,0.554167,0.045833,0.108333,red_folder
red__brightness_low__transition_run_05__frame_037_20260820T154233_740.jpg,test,red/brightness_low/transition_run_05/frame_037_20260820T154233_740.jpg,f6891ba2c59c4692b4b0cb7bd3f2002dd38fd66cca5d5ec4e0fc07fef51e776d,red,0,267,180,289,219,0.579167,0.554167,0.045833,0.108333,red_folder
red__brightness_low__transition_run_05__frame_038_20260820T154233_868.jpg,test,red/brightness_low/transition_run_05/frame_038_20260820T154233_868.jpg,39c46cf927c8093e0d808067ad3a51b8fc98dc7a45203d13b2a7ff147125a694,red,0,268,180,289,219,0.580208,0.554167,0.043750,0.108333,red_folder
red__brightness_low__transition_run_05__frame_039_20260820T154233_999.jpg,test,red/brightness_low/transition_run_05/frame_039_20260820T154233_999.jpg,6db9a297dca81c8f83bc69a9c04e5e4f5312df042e9850bf3087055c4057cde8,red,0,268,180,290,220,0.581250,0.555556,0.045833,0.111111,red_folder
red__brightness_low__transition_run_05__frame_040_20260820T154234_124.jpg,test,red/brightness_low/transition_run_05/frame_040_20260820T154234_124.jpg,6db9a297dca81c8f83bc69a9c04e5e4f5312df042e9850bf3087055c4057cde8,red,0,268,180,290,220,0.581250,0.555556,0.045833,0.111111,red_folder
red__brightness_low__transition_run_05__frame_041_20260820T154234_246.jpg,test,red/brightness_low/transition_run_05/frame_041_20260820T154234_246.jpg,29f717ee7c1f8c0e35e07180a6fb8662ac190306454350786014849b77cc106d,red,0,269,180,291,221,0.583333,0.556944,0.045833,0.113889,red_folder
red__brightness_low__transition_run_05__frame_042_20260820T154234_364.jpg,test,red/brightness_low/transition_run_05/frame_042_20260820T154234_364.jpg,29f717ee7c1f8c0e35e07180a6fb8662ac190306454350786014849b77cc106d,red,0,269,180,291,221,0.583333,0.556944,0.045833,0.113889,red_folder
red__brightness_low__transition_run_05__frame_043_20260820T154234_489.jpg,test,red/brightness_low/transition_run_05/frame_043_20260820T154234_489.jpg,1952c3eeef30ee6e028569cd5e4a52bbf78883ef7933761cb51e3303c416292e,red,0,269,180,292,221,0.584375,0.556944,0.047917,0.113889,red_folder
red__brightness_low__transition_run_05__frame_044_20260820T154234_615.jpg,test,red/brightness_low/transition_run_05/frame_044_20260820T154234_615.jpg,237b45f1843a994779aab990d6c0dd54d6ae6c51bc0e280c7757a218049c4f4d,red,0,269,180,292,221,0.584375,0.556944,0.047917,0.113889,red_folder
red__brightness_low__transition_run_05__frame_045_20260820T154234_736.jpg,test,red/brightness_low/transition_run_05/frame_045_20260820T154234_736.jpg,9553ec569069d119d6ce573b9d73b077af7eabcd2b05b8be2754b23fc82e04f0,red,0,269,180,292,221,0.584375,0.556944,0.047917,0.113889,red_folder
red__brightness_low__transition_run_05__frame_046_20260820T154234_859.jpg,test,red/brightness_low/transition_run_05/frame_046_20260820T154234_859.jpg,6607ec000fb2af91954f4b2a5aa230cc4f6ed45181531e3076131f975baa7f15,red,0,269,180,292,221,0.584375,0.556944,0.047917,0.113889,red_folder
red__brightness_low__transition_run_05__frame_047_20260820T154234_977.jpg,test,red/brightness_low/transition_run_05/frame_047_20260820T154234_977.jpg,6607ec000fb2af91954f4b2a5aa230cc4f6ed45181531e3076131f975baa7f15,red,0,269,180,292,221,0.584375,0.556944,0.047917,0.113889,red_folder
red__brightness_low__transition_run_05__frame_048_20260820T154235_096.jpg,test,red/brightness_low/transition_run_05/frame_048_20260820T154235_096.jpg,cfff917cd192681f9a8195aefbc78dc2beed0f018310632655c540779679452f,red,0,269,180,292,221,0.584375,0.556944,0.047917,0.113889,red_folder
red__brightness_low__transition_run_05__frame_049_20260820T154235_217.jpg,test,red/brightness_low/transition_run_05/frame_049_20260820T154235_217.jpg,9d752e0395d175876c45367c28bc21929a3acce5857ba4a2eaf66c9de4687a6a,red,0,269,180,292,221,0.584375,0.556944,0.047917,0.113889,red_folder
red__brightness_medium__run_01__20260820T152222_493.jpg,train,red/brightness_medium/run_01/20260820T152222_493.jpg,91237b1941fda479cd8686c98c4c3df48261a2b55cdbf1dc8265014df23767da,red,0,300,180,313,201,0.638542,0.529167,0.027083,0.058333,red_folder
red__brightness_medium__run_01__20260820T152223_023.jpg,train,red/brightness_medium/run_01/20260820T152223_023.jpg,edbbc7e843cddadf9858b05bcf43557b8b098f5729d083306a7f113d5e943038,red,0,302,180,315,201,0.642708,0.529167,0.027083,0.058333,red_folder
red__brightness_medium__run_01__20260820T152223_542.jpg,train,red/brightness_medium/run_01/20260820T152223_542.jpg,2c3e2261c9888e52282b7a89ede583b549d17831367c233705f17ff817351ec3,red,0,305,180,317,202,0.647917,0.530556,0.025000,0.061111,red_folder
red__brightness_medium__run_01__20260820T152224_059.jpg,train,red/brightness_medium/run_01/20260820T152224_059.jpg,1839ca7eac9489bb6db2fc02f44adac6bc67b9b18c4240a6dd106809e89ed6a3,red,0,307,180,320,203,0.653125,0.531944,0.027083,0.063889,red_folder
red__brightness_medium__run_01__20260820T152224_576.jpg,train,red/brightness_medium/run_01/20260820T152224_576.jpg,1d83a19ed247549549048ff064ce9f1c3d9b44261d0df0376f90a46e41508235,red,0,309,180,322,203,0.657292,0.531944,0.027083,0.063889,red_folder
red__brightness_medium__run_01__20260820T152225_093.jpg,train,red/brightness_medium/run_01/20260820T152225_093.jpg,643fcf926183dc40c1f5da234b00d63066ef375cbf184451fbf197de463ae977,red,0,312,180,325,205,0.663542,0.534722,0.027083,0.069444,red_folder
red__brightness_medium__run_01__20260820T152225_618.jpg,train,red/brightness_medium/run_01/20260820T152225_618.jpg,bcce2b691efb3d4025524a70d0742a9120fba45599343985eab9d6b0893a936a,red,0,314,180,328,206,0.668750,0.536111,0.029167,0.072222,red_folder
red__brightness_medium__run_01__20260820T152226_133.jpg,train,red/brightness_medium/run_01/20260820T152226_133.jpg,443dd49fee71949a68374b31bd1d1d6922f2e03fa0436785476beb4bb53b26ae,red,0,315,180,331,207,0.672917,0.537500,0.033333,0.075000,red_folder
red__brightness_medium__run_01__20260820T152226_658.jpg,train,red/brightness_medium/run_01/20260820T152226_658.jpg,ab1f8f905d30fe24e410d6fc943e43ea77d98c7a32b754c8e430d52daffa6eab,red,0,319,180,335,207,0.681250,0.537500,0.033333,0.075000,red_folder
red__brightness_medium__run_01__20260820T152227_173.jpg,train,red/brightness_medium/run_01/20260820T152227_173.jpg,06af56ca9d99b9b48026bc5c023203f3f4148d2bf3f6a566b9f570f38cc58ea6,red,0,322,180,339,208,0.688542,0.538889,0.035417,0.077778,red_folder
red__brightness_medium__run_01__20260820T152227_693.jpg,train,red/brightness_medium/run_01/20260820T152227_693.jpg,656ff3b7a2e36d0bb547791a8aaefa035c6951847a612e2b8274d815ee7e9e4b,red,0,325,180,342,209,0.694792,0.540278,0.035417,0.080556,red_folder
red__brightness_medium__run_01__20260820T152228_207.jpg,train,red/brightness_medium/run_01/20260820T152228_207.jpg,f6d6f948d930bfd67ce00011b2a2e10b79a2e2315becf518c9191efcd19e6980,red,0,329,180,347,210,0.704167,0.541667,0.037500,0.083333,red_folder
red__brightness_medium__run_01__20260820T152228_739.jpg,train,red/brightness_medium/run_01/20260820T152228_739.jpg,95a3f8a066b7296338e37e971c2788848c003e1f46a79c26009cf6749e42aa77,red,0,333,180,352,211,0.713542,0.543056,0.039583,0.086111,red_folder
red__brightness_medium__run_01__20260820T152229_256.jpg,train,red/brightness_medium/run_01/20260820T152229_256.jpg,d2bc719b955c57ed04d06964a1e5a4d8ec7f850d0fb802eeac9af0432bb5c966,red,0,338,180,358,212,0.725000,0.544444,0.041667,0.088889,red_folder
red__brightness_medium__run_01__20260820T152229_772.jpg,train,red/brightness_medium/run_01/20260820T152229_772.jpg,e16db057fbec3001b3792e2f284d048c9f62b5b45412ee43e9ad19209ef6f57c,red,0,342,180,363,214,0.734375,0.547222,0.043750,0.094444,red_folder
red__brightness_medium__run_01__20260820T152230_289.jpg,train,red/brightness_medium/run_01/20260820T152230_289.jpg,a421f8d33a4955f423dc61893f3db9f93cfc58f48355bd32004cf933b52c6427,red,0,347,180,369,216,0.745833,0.550000,0.045833,0.100000,red_folder
red__brightness_medium__run_01__20260820T152230_806.jpg,train,red/brightness_medium/run_01/20260820T152230_806.jpg,b834fbea382de425d8c8ba2ab6fb0271acebfb66940f3200868839654029a8fd,red,0,354,180,377,218,0.761458,0.552778,0.047917,0.105556,red_folder
red__brightness_medium__run_01__20260820T152231_330.jpg,train,red/brightness_medium/run_01/20260820T152231_330.jpg,724488f8df2f529c30ce56cb40f99668558b3511fb1ab096d02947bda7ae9d1f,red,0,361,180,385,220,0.777083,0.555556,0.050000,0.111111,red_folder
red__brightness_medium__run_01__20260820T152231_859.jpg,train,red/brightness_medium/run_01/20260820T152231_859.jpg,743a66303f05a86f8886a2de0986098769f6ca8a1f4b6aeb1998fd67d4142759,red,0,368,180,394,223,0.793750,0.559722,0.054167,0.119444,red_folder
red__brightness_medium__run_01__20260820T152232_378.jpg,train,red/brightness_medium/run_01/20260820T152232_378.jpg,595d4bce690719a89d7e7941d2bf1f2304c2b2026d2e0fd001fb63d74353b31e,red,0,376,180,404,225,0.812500,0.562500,0.058333,0.125000,red_folder
red__brightness_medium__run_02__20260820T152233_875.jpg,train,red/brightness_medium/run_02/20260820T152233_875.jpg,c1127e8ad893284db4cf7ecd9f90ddddbdb2b920f178d2dc7bf86ec9924725c6,red,0,322,180,339,208,0.688542,0.538889,0.035417,0.077778,red_folder
red__brightness_medium__run_02__20260820T152234_394.jpg,train,red/brightness_medium/run_02/20260820T152234_394.jpg,f08b6ca2737dbcaf2b6394f3682f124ce830aa2d54806a8460519973a459e6aa,red,0,325,180,343,209,0.695833,0.540278,0.037500,0.080556,red_folder
red__brightness_medium__run_02__20260820T152234_914.jpg,train,red/brightness_medium/run_02/20260820T152234_914.jpg,83559b2685ec355090e6bd43d5a73a6fafa72ac398d28a4e95b7631d89a8e414,red,0,329,180,346,209,0.703125,0.540278,0.035417,0.080556,red_folder
red__brightness_medium__run_02__20260820T152235_435.jpg,train,red/brightness_medium/run_02/20260820T152235_435.jpg,dde611119970b76f6e2610f94767ff010bf785658a9a42d8b4e3ce251a108755,red,0,333,180,352,211,0.713542,0.543056,0.039583,0.086111,red_folder
red__brightness_medium__run_02__20260820T152235_952.jpg,train,red/brightness_medium/run_02/20260820T152235_952.jpg,8570225b5b3e450d99e67102f70257380f23974eeb0f3b729c187352beca2bb3,red,0,337,180,356,212,0.721875,0.544444,0.039583,0.088889,red_folder
red__brightness_medium__run_02__20260820T152236_469.jpg,train,red/brightness_medium/run_02/20260820T152236_469.jpg,ac60de251757571e3a0589e3cce157bb8d517ca3637b7e7d46b5ad937f42222f,red,0,343,180,363,215,0.735417,0.548611,0.041667,0.097222,red_folder
red__brightness_medium__run_02__20260820T152236_987.jpg,train,red/brightness_medium/run_02/20260820T152236_987.jpg,5cfc0143953dc7ad63924fb775ff6daae226ccd2645ca72e3257996a1291447a,red,0,346,180,368,216,0.743750,0.550000,0.045833,0.100000,red_folder
red__brightness_medium__run_02__20260820T152237_507.jpg,train,red/brightness_medium/run_02/20260820T152237_507.jpg,5209667076f3f026467c09e10e90607c3be0b714111b12ffc9b85b4519640e46,red,0,353,180,376,218,0.759375,0.552778,0.047917,0.105556,red_folder
red__brightness_medium__run_02__20260820T152238_040.jpg,train,red/brightness_medium/run_02/20260820T152238_040.jpg,6edc5868b253681de7fb28f90a9a269cfa0b110a5fd8aa57590399b3b11e5083,red,0,361,180,384,220,0.776042,0.555556,0.047917,0.111111,red_folder
red__brightness_medium__run_02__20260820T152238_561.jpg,train,red/brightness_medium/run_02/20260820T152238_561.jpg,bca28146cd6e946aabde459dea34d249454b5d476042d4f41801d24feb056896,red,0,367,180,394,222,0.792708,0.558333,0.056250,0.116667,red_folder
red__brightness_medium__run_02__20260820T152239_080.jpg,train,red/brightness_medium/run_02/20260820T152239_080.jpg,5b1c7fdb9e444b624bb26c6e1633d1cdaca30efef93906580a4f90ad3bdcc98a,red,0,374,180,401,225,0.807292,0.562500,0.056250,0.125000,red_folder
red__brightness_medium__run_02__20260820T152239_606.jpg,train,red/brightness_medium/run_02/20260820T152239_606.jpg,14c558b02845e5949067a2b0cdb13bdcaf01dd61d7ea8ec5e7512dc29f5f00fe,red,0,383,180,413,228,0.829167,0.566667,0.062500,0.133333,red_folder
red__brightness_medium__run_02__20260820T152240_120.jpg,train,red/brightness_medium/run_02/20260820T152240_120.jpg,d1a3343028a98010f56fa2804651f6ad6882d7b0d1ef61293d9d87299a497c76,red,0,395,180,426,231,0.855208,0.570833,0.064583,0.141667,red_folder
red__brightness_medium__run_02__20260820T152240_640.jpg,train,red/brightness_medium/run_02/20260820T152240_640.jpg,eebd96516c65cf105ff1e5956d8b4fdfa5c28b8f45f626d776c9c09c2ca0141b,red,0,407,180,441,236,0.883333,0.577778,0.070833,0.155556,red_folder
red__brightness_medium__run_02__20260820T152241_155.jpg,train,red/brightness_medium/run_02/20260820T152241_155.jpg,8f45ae656e6bfbd90c3bb2e1353a710d02cc71aef8aa4a3fb06a561b3676fe69,red,0,419,180,457,239,0.912500,0.581944,0.079167,0.163889,red_folder
red__brightness_medium__run_02__20260820T152241_668.jpg,train,red/brightness_medium/run_02/20260820T152241_668.jpg,b1fe8bdbead12c6c3ef9740f91a798a19296f10cc4c64e9b9dbc14e42d3c1d7a,red,0,436,180,478,245,0.952083,0.590278,0.087500,0.180556,red_folder
red__brightness_medium__run_02__20260820T152242_181.jpg,train,red/brightness_medium/run_02/20260820T152242_181.jpg,e69e4c9383ebb388b2b0c99ec31be1c0316329c3e2a95119afcc356fefcfaaba,red,0,457,180,480,223,0.976042,0.559722,0.047917,0.119444,red_folder
red__brightness_medium__run_02__20260820T152242_704.jpg,train,red/brightness_medium/run_02/20260820T152242_704.jpg,2c21a7b15f8603605513001d71b8f0592c3fc48d63e4cc76ca11478c39837029,,,,,,,,,,,no_visible_signal_in_red_folder
red__brightness_medium__run_02__20260820T152243_219.jpg,train,red/brightness_medium/run_02/20260820T152243_219.jpg,96502dd6d5fbd06afec1b2d79814b190fd5f3d32db6a418193fdac37513453d2,,,,,,,,,,,no_visible_signal_in_red_folder
red__brightness_medium__run_02__20260820T152243_734.jpg,train,red/brightness_medium/run_02/20260820T152243_734.jpg,41c4bf58f9b4a25e7a5a889789f338afcf66ed811858d0123aec31572363f86d,,,,,,,,,,,no_visible_signal_in_red_folder
red__brightness_medium__run_03__20260820T152245_285.jpg,train,red/brightness_medium/run_03/20260820T152245_285.jpg,e83d8558121061460ab4e3767ebac31fa7580179f0ac1471d765b0d1ecbb4863,red,0,376,180,403,225,0.811458,0.562500,0.056250,0.125000,red_folder
red__brightness_medium__run_03__20260820T152245_806.jpg,train,red/brightness_medium/run_03/20260820T152245_806.jpg,f2b772b5e6f200e9a0addd25df3cae45dfc03fac596279218897bf29857a7b4b,red,0,380,180,409,226,0.821875,0.563889,0.060417,0.127778,red_folder
red__brightness_medium__run_03__20260820T152246_322.jpg,train,red/brightness_medium/run_03/20260820T152246_322.jpg,68b8c28b79cf7a9c04b2b162e546c0ac195a05f0ad19c945e5321cc2ddd205c8,red,0,392,180,423,231,0.848958,0.570833,0.064583,0.141667,red_folder
red__brightness_medium__run_03__20260820T152246_836.jpg,train,red/brightness_medium/run_03/20260820T152246_836.jpg,eb594f74998eda4b446896ae83a932d4cae2b4c1494e0dcbda3ea4d9c622da11,red,0,401,180,435,233,0.870833,0.573611,0.070833,0.147222,red_folder
red__brightness_medium__run_03__20260820T152247_354.jpg,train,red/brightness_medium/run_03/20260820T152247_354.jpg,7c3dd363fcfd2809ec609bd48bf732b471d6d1ffcc0f228486ef5aaba2bcf83e,red,0,418,180,455,239,0.909375,0.581944,0.077083,0.163889,red_folder
red__brightness_medium__run_03__20260820T152247_875.jpg,train,red/brightness_medium/run_03/20260820T152247_875.jpg,029aa1d7bfa4d6c3ca6382834838530bc1852cc62f40b27e08506a89cd04093e,red,0,431,180,471,243,0.939583,0.587500,0.083333,0.175000,red_folder
red__brightness_medium__run_03__20260820T152248_395.jpg,train,red/brightness_medium/run_03/20260820T152248_395.jpg,2994b68bb0723acfdec035afbb07d187ff227326ac6e9cf03335196bc9a0c622,red,0,448,180,480,222,0.966667,0.558333,0.066667,0.116667,red_folder
red__brightness_medium__run_03__20260820T152248_911.jpg,train,red/brightness_medium/run_03/20260820T152248_911.jpg,043fa007c167d827bd99f8d35f1adedf5400786918794367d8d97afaf611a419,,,,,,,,,,,no_visible_signal_in_red_folder
red__brightness_medium__run_03__20260820T152249_435.jpg,train,red/brightness_medium/run_03/20260820T152249_435.jpg,3567a3bab2c50057d5fe7a716f2e3a3e82e99afe71402037d9bd4a581c24294c,,,,,,,,,,,no_visible_signal_in_red_folder
red__brightness_medium__run_03__20260820T152249_973.jpg,train,red/brightness_medium/run_03/20260820T152249_973.jpg,2414e5c93cf4e2ea6aa95b2fe6529a303106ff7499f1c77b61435fbaff088cb7,,,,,,,,,,,no_visible_signal_in_red_folder
red__brightness_medium__run_03__20260820T152250_495.jpg,train,red/brightness_medium/run_03/20260820T152250_495.jpg,30112a76e216f06862b01ebb073e13ae4d3a9930ae6f6d6c410dd16273e7aafd,,,,,,,,,,,no_visible_signal_in_red_folder
red__brightness_medium__run_03__20260820T152251_021.jpg,train,red/brightness_medium/run_03/20260820T152251_021.jpg,ca3ef7d9c7eec276564c3a64d9cf53b4d6823ca7121ca9bbb4999de555b5a0f4,,,,,,,,,,,no_visible_signal_in_red_folder
red__brightness_medium__run_03__20260820T152251_537.jpg,train,red/brightness_medium/run_03/20260820T152251_537.jpg,d3fb04c5ed9f064170fe85316d5914956117d7e71937a9ee414b7e588f0b55e8,,,,,,,,,,,no_visible_signal_in_red_folder
red__brightness_medium__run_03__20260820T152252_056.jpg,train,red/brightness_medium/run_03/20260820T152252_056.jpg,70bcf49784679e1325541d6435fc85c22c4952a19ed690900fedf3672c056545,,,,,,,,,,,no_visible_signal_in_red_folder
red__brightness_medium__run_03__20260820T152252_568.jpg,train,red/brightness_medium/run_03/20260820T152252_568.jpg,9f402763795f21be74d074e702a37949a75b3d95d31452bb7a084425cb1cf6c8,,,,,,,,,,,no_visible_signal_in_red_folder
red__brightness_medium__run_03__20260820T152253_096.jpg,train,red/brightness_medium/run_03/20260820T152253_096.jpg,b43368336229f66e44e7f84ec3ec5c9a221eed43255a7c21bf599f835aaf2a87,,,,,,,,,,,no_visible_signal_in_red_folder
red__brightness_medium__run_03__20260820T152253_611.jpg,train,red/brightness_medium/run_03/20260820T152253_611.jpg,5376146c8a7a9ae35837c4258799cf61b83956b0a775d16af87329f0985fb05e,,,,,,,,,,,no_visible_signal_in_red_folder
red__brightness_medium__run_03__20260820T152254_127.jpg,train,red/brightness_medium/run_03/20260820T152254_127.jpg,d4de4aaaa7d19961871411deda4209c96b57970358aecc2cdae896e07273e9df,,,,,,,,,,,no_visible_signal_in_red_folder
red__brightness_medium__run_03__20260820T152254_644.jpg,train,red/brightness_medium/run_03/20260820T152254_644.jpg,83db1db87d3e586439ba7c40e94c270f52d3842bf0584096d498287cc482a6e2,,,,,,,,,,,no_visible_signal_in_red_folder
red__brightness_medium__run_03__20260820T152255_170.jpg,train,red/brightness_medium/run_03/20260820T152255_170.jpg,3b7ca7ee0a922a122f3ed487ceba076aafd594025cd5ff805bd2a597875fa63a,,,,,,,,,,,no_visible_signal_in_red_folder
red__brightness_medium__run_04__20260820T152256_675.jpg,val,red/brightness_medium/run_04/20260820T152256_675.jpg,cbe83454a55f743a0f9b11adab12d14cc40439e91d2e38099a576624d5d58bb5,red,0,337,180,352,207,0.717708,0.537500,0.031250,0.075000,red_folder
red__brightness_medium__run_04__20260820T152257_200.jpg,val,red/brightness_medium/run_04/20260820T152257_200.jpg,33bb79ba9ccbfd3910b7a2e8f5675c3f1a79f9723a71df1a1e6821323adc1ddf,red,0,339,180,356,207,0.723958,0.537500,0.035417,0.075000,red_folder
red__brightness_medium__run_04__20260820T152257_717.jpg,val,red/brightness_medium/run_04/20260820T152257_717.jpg,071debe92eee0edd4641d4cd5ac4f260673b05a14361cc46729f89c4b649933d,red,0,344,180,361,208,0.734375,0.538889,0.035417,0.077778,red_folder
red__brightness_medium__run_04__20260820T152258_238.jpg,val,red/brightness_medium/run_04/20260820T152258_238.jpg,ca649e03bb2468545de5a930e81423bfb3e8e40dad8809d337629272d0060943,red,0,347,180,365,209,0.741667,0.540278,0.037500,0.080556,red_folder
red__brightness_medium__run_04__20260820T152258_755.jpg,val,red/brightness_medium/run_04/20260820T152258_755.jpg,60420fe3a4cef7326a9d1da47e5119c3668b0ee2e514fa6f811ba37be4760958,red,0,352,180,371,212,0.753125,0.544444,0.039583,0.088889,red_folder
red__brightness_medium__run_04__20260820T152259_286.jpg,val,red/brightness_medium/run_04/20260820T152259_286.jpg,74b6667f0e97916bb044dd9074efe625f9b977637b2ee7d50168b4e0d4c46299,red,0,358,180,378,213,0.766667,0.545833,0.041667,0.091667,red_folder
red__brightness_medium__run_04__20260820T152259_820.jpg,val,red/brightness_medium/run_04/20260820T152259_820.jpg,1d151996cabebbb49366b22b02c618d3b77cf9b180beac605897d3f8287ff9ce,red,0,364,180,384,214,0.779167,0.547222,0.041667,0.094444,red_folder
red__brightness_medium__run_04__20260820T152300_340.jpg,val,red/brightness_medium/run_04/20260820T152300_340.jpg,6041f77a81cf558b6f3ea03d5f435e6618d7f5fec89ff5741f547761769b3345,red,0,370,180,391,216,0.792708,0.550000,0.043750,0.100000,red_folder
red__brightness_medium__run_04__20260820T152300_869.jpg,val,red/brightness_medium/run_04/20260820T152300_869.jpg,a46087e04ce9b16b842950e2229d176c3c5abc81a5f1952976eb6fb734a57126,red,0,377,180,400,217,0.809375,0.551389,0.047917,0.102778,red_folder
red__brightness_medium__run_04__20260820T152301_393.jpg,val,red/brightness_medium/run_04/20260820T152301_393.jpg,ac861fa4c3fcfa2efe46e4e3d901b05469eb84f3b3ae7bfc46e157fe71ba3fff,red,0,383,180,408,220,0.823958,0.555556,0.052083,0.111111,red_folder
red__brightness_medium__run_04__20260820T152301_918.jpg,val,red/brightness_medium/run_04/20260820T152301_918.jpg,ff307a37c64d8dd60d706f8f65a287a37395d4aed998d6a45453c806dd5ef140,red,0,392,180,418,222,0.843750,0.558333,0.054167,0.116667,red_folder
red__brightness_medium__run_04__20260820T152302_443.jpg,val,red/brightness_medium/run_04/20260820T152302_443.jpg,ffddc85077f6402d40f22e9d4800e8aa3d8cb9e9e5e9f346175f8a34bf745e6c,red,0,402,180,430,224,0.866667,0.561111,0.058333,0.122222,red_folder
red__brightness_medium__run_04__20260820T152302_961.jpg,val,red/brightness_medium/run_04/20260820T152302_961.jpg,ef80350559074b008fe1f40750f47d9e34f0ce77077dcc0e63e3ab550efd779e,red,0,414,180,443,227,0.892708,0.565278,0.060417,0.130556,red_folder
red__brightness_medium__run_04__20260820T152303_487.jpg,val,red/brightness_medium/run_04/20260820T152303_487.jpg,5eb04a8195aecf80d4cab0653729a307e2b3d8fea01e48a289730d93dfa93c12,red,0,423,180,454,230,0.913542,0.569444,0.064583,0.138889,red_folder
red__brightness_medium__run_04__20260820T152304_009.jpg,val,red/brightness_medium/run_04/20260820T152304_009.jpg,4a911a737a7307b08e53aebd3e5e92409bf94634fe0b3abf1af49a8febd376c6,red,0,440,180,473,234,0.951042,0.575000,0.068750,0.150000,red_folder
red__brightness_medium__run_04__20260820T152304_525.jpg,val,red/brightness_medium/run_04/20260820T152304_525.jpg,58dd6d6c4798e2ef046bdfa103f87b47edeb1e3f29d57c386c08e50f52da0f3d,red,0,456,180,480,213,0.975000,0.545833,0.050000,0.091667,red_folder
red__brightness_medium__run_04__20260820T152305_041.jpg,val,red/brightness_medium/run_04/20260820T152305_041.jpg,ac00fa5d1052551f9b5db729b3dafc14c46b0db20a3ea9948761f7245046f2ca,,,,,,,,,,,no_visible_signal_in_red_folder
red__brightness_medium__run_04__20260820T152305_557.jpg,val,red/brightness_medium/run_04/20260820T152305_557.jpg,8bda658aa6cde5fa8eab80f6d1691192f78718161502dc8a1c191037e09f2d40,,,,,,,,,,,no_visible_signal_in_red_folder
red__brightness_medium__run_04__20260820T152306_079.jpg,val,red/brightness_medium/run_04/20260820T152306_079.jpg,f804f22ddb5670318aa2a187df2b16878eb4e0ebb7a7b50fc4bd5256d8a73dc3,,,,,,,,,,,no_visible_signal_in_red_folder
red__brightness_medium__run_04__20260820T152306_598.jpg,val,red/brightness_medium/run_04/20260820T152306_598.jpg,373aa0d0497c9953def4589de188a9b50d306974de22de5f47bdca877b350642,,,,,,,,,,,no_visible_signal_in_red_folder
red__brightness_medium__run_05__20260820T152308_058.jpg,test,red/brightness_medium/run_05/20260820T152308_058.jpg,648b5ac209ee2a421d0b34a5ac40eafc60bd4eac78c63460e4d6e67285ee1ea9,red,0,260,180,276,208,0.558333,0.538889,0.033333,0.077778,red_folder
red__brightness_medium__run_05__20260820T152308_584.jpg,test,red/brightness_medium/run_05/20260820T152308_584.jpg,13ffb42c2314f90b6fd3d1ab69402fa5a67dbc0c1f997c7b011689b015bb6e40,red,0,260,180,277,209,0.559375,0.540278,0.035417,0.080556,red_folder
red__brightness_medium__run_05__20260820T152309_106.jpg,test,red/brightness_medium/run_05/20260820T152309_106.jpg,cd158c66089819c9dfca2f5e23d999188c833be6a40a1a8bb7ce3ef958375983,red,0,261,180,278,210,0.561458,0.541667,0.035417,0.083333,red_folder
red__brightness_medium__run_05__20260820T152309_620.jpg,test,red/brightness_medium/run_05/20260820T152309_620.jpg,df304a140b93552d5705ab8150c3ce6f24091a3ec1b9e8b53987d16af741104a,red,0,262,180,280,212,0.564583,0.544444,0.037500,0.088889,red_folder
red__brightness_medium__run_05__20260820T152310_133.jpg,test,red/brightness_medium/run_05/20260820T152310_133.jpg,043bcf0bd99cd5f5d3e8d0a8c9ef23ebd3a3604269afaac15f69c16b90764d16,red,0,263,180,282,213,0.567708,0.545833,0.039583,0.091667,red_folder
red__brightness_medium__run_05__20260820T152310_658.jpg,test,red/brightness_medium/run_05/20260820T152310_658.jpg,6ccd232566f090bada4ab80b296aa39f810af488d1c3a22c5017efd3f350b343,red,0,264,180,283,214,0.569792,0.547222,0.039583,0.094444,red_folder
red__brightness_medium__run_05__20260820T152311_175.jpg,test,red/brightness_medium/run_05/20260820T152311_175.jpg,5fb32ecdbe4486dca28732d5be174aa29c352327fbb5e0e9e7d245b0c18942c7,red,0,266,180,286,217,0.575000,0.551389,0.041667,0.102778,red_folder
red__brightness_medium__run_05__20260820T152311_694.jpg,test,red/brightness_medium/run_05/20260820T152311_694.jpg,49a7b7c8ad58dde78fd8c331082f843937f34c56a23cfea7f34de4a6a5557058,red,0,267,180,289,219,0.579167,0.554167,0.045833,0.108333,red_folder
red__brightness_medium__run_05__20260820T152312_217.jpg,test,red/brightness_medium/run_05/20260820T152312_217.jpg,4e6d4f5bf4792028a48c44c78028824145ef9f52e3206f4bfd02e05e271c4736,red,0,269,180,291,221,0.583333,0.556944,0.045833,0.113889,red_folder
red__brightness_medium__run_05__20260820T152312_739.jpg,test,red/brightness_medium/run_05/20260820T152312_739.jpg,fad0abebb0ea950d01329413abf6092f0bd963e085522210a98afe372ac4034a,red,0,271,180,296,223,0.590625,0.559722,0.052083,0.119444,red_folder
red__brightness_medium__run_05__20260820T152313_252.jpg,test,red/brightness_medium/run_05/20260820T152313_252.jpg,b7ffe6d1aefe76c905f319d2cec016cb5e62c28375b845ce098396d982b994f2,red,0,272,180,299,227,0.594792,0.565278,0.056250,0.130556,red_folder
red__brightness_medium__run_05__20260820T152313_771.jpg,test,red/brightness_medium/run_05/20260820T152313_771.jpg,fd265f424f3a27b79804d95871a09a850847680167e302f16503d965ddeaade2,red,0,276,180,304,229,0.604167,0.568056,0.058333,0.136111,red_folder
red__brightness_medium__run_05__20260820T152314_287.jpg,test,red/brightness_medium/run_05/20260820T152314_287.jpg,42102d5fbffaf346c92d9dd76c7bc7367c6d7f08645d7c28481202755a7508a1,red,0,278,180,308,233,0.610417,0.573611,0.062500,0.147222,red_folder
red__brightness_medium__run_05__20260820T152314_805.jpg,test,red/brightness_medium/run_05/20260820T152314_805.jpg,95a4de95b24d0ea5e36dae04ec99e40902a1b50d620d965e90593087c371ab22,red,0,280,180,312,236,0.616667,0.577778,0.066667,0.155556,red_folder
red__brightness_medium__run_05__20260820T152315_318.jpg,test,red/brightness_medium/run_05/20260820T152315_318.jpg,b2d4a9bfd7dcec2a7436df1078e981d847d7008b16d7573eeefc8b0eae66aeaf,red,0,285,180,321,244,0.631250,0.588889,0.075000,0.177778,red_folder
red__brightness_medium__run_05__20260820T152315_834.jpg,test,red/brightness_medium/run_05/20260820T152315_834.jpg,b95d8a0a1ac1b6c3f524608fe13ab0b53f30a0d2f09c29ef8927c8aa7e79f05a,red,0,290,180,330,251,0.645833,0.598611,0.083333,0.197222,red_folder
red__brightness_medium__run_05__20260820T152316_362.jpg,test,red/brightness_medium/run_05/20260820T152316_362.jpg,bdac68ce1337dc2a39be5c291f996d8fd65bb87ec90dc4f304fba63d2c2ddb5d,red,0,296,180,340,259,0.662500,0.609722,0.091667,0.219444,red_folder
red__brightness_medium__run_05__20260820T152316_882.jpg,test,red/brightness_medium/run_05/20260820T152316_882.jpg,0e82e3ab6936fb72a02ef263a433d897c3382d72fa8456ca01e271f277ef5053,red,0,302,180,352,268,0.681250,0.622222,0.104167,0.244444,red_folder
red__brightness_medium__run_05__20260820T152317_401.jpg,test,red/brightness_medium/run_05/20260820T152317_401.jpg,c8cd6e8375c8a80be3d4f83b6ef7e767478ab90667e44e4efaa216a6b9015d64,red,0,311,180,367,280,0.706250,0.638889,0.116667,0.277778,red_folder
red__brightness_medium__run_05__20260820T152317_922.jpg,test,red/brightness_medium/run_05/20260820T152317_922.jpg,338c57f06c4c44b882f7756b88d131094e7e9adaf908a138c05c14c016cd52bc,red,0,323,180,390,298,0.742708,0.663889,0.139583,0.327778,red_folder
red__brightness_medium__transition_run_01__frame_035_20260820T154102_822.jpg,train,red/brightness_medium/transition_run_01/frame_035_20260820T154102_822.jpg,733b45f53d09e1121c58f361455e14a5029afd5fd790d70aeaf0f05619efcd0d,red,0,314,180,329,206,0.669792,0.536111,0.031250,0.072222,red_folder
red__brightness_medium__transition_run_01__frame_036_20260820T154102_958.jpg,train,red/brightness_medium/transition_run_01/frame_036_20260820T154102_958.jpg,733b45f53d09e1121c58f361455e14a5029afd5fd790d70aeaf0f05619efcd0d,red,0,314,180,329,206,0.669792,0.536111,0.031250,0.072222,red_folder
red__brightness_medium__transition_run_01__frame_037_20260820T154103_081.jpg,train,red/brightness_medium/transition_run_01/frame_037_20260820T154103_081.jpg,cd8278b5a67048ac04c6b5a0a95cff329d8bde1440502507a5df3999be694b46,red,0,315,180,331,205,0.672917,0.534722,0.033333,0.069444,red_folder
red__brightness_medium__transition_run_01__frame_038_20260820T154103_200.jpg,train,red/brightness_medium/transition_run_01/frame_038_20260820T154103_200.jpg,7f4027e3565b059d8f154e1da71f6d8be642b7b5ee278a922b042a44f79818d7,red,0,315,180,331,207,0.672917,0.537500,0.033333,0.075000,red_folder
red__brightness_medium__transition_run_01__frame_039_20260820T154103_327.jpg,train,red/brightness_medium/transition_run_01/frame_039_20260820T154103_327.jpg,ad4fcc371f7dc81b6fdf07240a23f6f15f624be13b67ee143c6448ecdc71b05c,red,0,316,180,332,207,0.675000,0.537500,0.033333,0.075000,red_folder
red__brightness_medium__transition_run_01__frame_040_20260820T154103_452.jpg,train,red/brightness_medium/transition_run_01/frame_040_20260820T154103_452.jpg,35dfea697aeff2b6c9c71d2e376fb2f1d1aded371b17b8f9df3676dcca353fb4,red,0,316,180,333,207,0.676042,0.537500,0.035417,0.075000,red_folder
red__brightness_medium__transition_run_01__frame_041_20260820T154103_569.jpg,train,red/brightness_medium/transition_run_01/frame_041_20260820T154103_569.jpg,60267987a7e72e2f81661f0545d5acaa7a15c650a907d2337ea988b5f25d27a6,red,0,317,180,333,207,0.677083,0.537500,0.033333,0.075000,red_folder
red__brightness_medium__transition_run_01__frame_042_20260820T154103_691.jpg,train,red/brightness_medium/transition_run_01/frame_042_20260820T154103_691.jpg,ce67764e0a7aa075a64f03aac1507c10b87b75e347eb6894c429074c0fe161d8,red,0,318,180,334,207,0.679167,0.537500,0.033333,0.075000,red_folder
red__brightness_medium__transition_run_01__frame_043_20260820T154103_816.jpg,train,red/brightness_medium/transition_run_01/frame_043_20260820T154103_816.jpg,0aa22027152dfedac81b5b011528bae5256b55b20da0f3828a5b6f613e02c2e0,red,0,319,180,334,206,0.680208,0.536111,0.031250,0.072222,red_folder
red__brightness_medium__transition_run_01__frame_044_20260820T154103_932.jpg,train,red/brightness_medium/transition_run_01/frame_044_20260820T154103_932.jpg,244b3459629ab9d036d800877415aafee32b20d85d940c2e107662ecfa6cf9a7,red,0,319,180,335,208,0.681250,0.538889,0.033333,0.077778,red_folder
red__brightness_medium__transition_run_01__frame_045_20260820T154104_053.jpg,train,red/brightness_medium/transition_run_01/frame_045_20260820T154104_053.jpg,07bef7df2a84db8d0a91fe5186071ae062883dc80651915ceb8a8b5dc64aa9af,red,0,320,180,336,208,0.683333,0.538889,0.033333,0.077778,red_folder
red__brightness_medium__transition_run_01__frame_046_20260820T154104_166.jpg,train,red/brightness_medium/transition_run_01/frame_046_20260820T154104_166.jpg,f6a411b84e5403b4b9f4fb4160ad7a29e091bdd26413ed8ee93d5db2458245ec,red,0,320,180,336,208,0.683333,0.538889,0.033333,0.077778,red_folder
red__brightness_medium__transition_run_01__frame_047_20260820T154104_280.jpg,train,red/brightness_medium/transition_run_01/frame_047_20260820T154104_280.jpg,61b84e79b0edadfe1242e2b1ffdbddbcfe647f921f8aef3bf5360f6a7bcdace7,red,0,320,180,336,208,0.683333,0.538889,0.033333,0.077778,red_folder
red__brightness_medium__transition_run_01__frame_048_20260820T154104_401.jpg,train,red/brightness_medium/transition_run_01/frame_048_20260820T154104_401.jpg,26e9a0f4b8556716e38d4ec0f82a1c28430e99b3c062243188591a80a3b96c18,red,0,320,180,336,208,0.683333,0.538889,0.033333,0.077778,red_folder
red__brightness_medium__transition_run_01__frame_049_20260820T154104_527.jpg,train,red/brightness_medium/transition_run_01/frame_049_20260820T154104_527.jpg,b63440dd17edb4d4b9303e310022468a4ee9e09d33dc36bdc77eba2954bac586,red,0,320,180,336,208,0.683333,0.538889,0.033333,0.077778,red_folder
red__brightness_medium__transition_run_02__frame_035_20260820T154110_507.jpg,train,red/brightness_medium/transition_run_02/frame_035_20260820T154110_507.jpg,eeb6f95c43ac8f6b5d76ad2aff86acc1fbece2f60d57d2e977658ce1cb83dc35,red,0,349,180,371,217,0.750000,0.551389,0.045833,0.102778,red_folder
red__brightness_medium__transition_run_02__frame_036_20260820T154110_621.jpg,train,red/brightness_medium/transition_run_02/frame_036_20260820T154110_621.jpg,eeb6f95c43ac8f6b5d76ad2aff86acc1fbece2f60d57d2e977658ce1cb83dc35,red,0,349,180,371,217,0.750000,0.551389,0.045833,0.102778,red_folder
red__brightness_medium__transition_run_02__frame_037_20260820T154110_739.jpg,train,red/brightness_medium/transition_run_02/frame_037_20260820T154110_739.jpg,eeb6f95c43ac8f6b5d76ad2aff86acc1fbece2f60d57d2e977658ce1cb83dc35,red,0,349,180,371,217,0.750000,0.551389,0.045833,0.102778,red_folder
red__brightness_medium__transition_run_02__frame_038_20260820T154110_866.jpg,train,red/brightness_medium/transition_run_02/frame_038_20260820T154110_866.jpg,9e942398fe41e84591ee9d585944bc15e17c950fca419477d29294e1f2927d88,red,0,353,180,376,218,0.759375,0.552778,0.047917,0.105556,red_folder
red__brightness_medium__transition_run_02__frame_039_20260820T154110_980.jpg,train,red/brightness_medium/transition_run_02/frame_039_20260820T154110_980.jpg,b2f195c053d972614672533c8f5662b9da12aef07f66d57878d61dafef0be981,red,0,353,180,376,218,0.759375,0.552778,0.047917,0.105556,red_folder
red__brightness_medium__transition_run_02__frame_040_20260820T154111_094.jpg,train,red/brightness_medium/transition_run_02/frame_040_20260820T154111_094.jpg,b2f195c053d972614672533c8f5662b9da12aef07f66d57878d61dafef0be981,red,0,353,180,376,218,0.759375,0.552778,0.047917,0.105556,red_folder
red__brightness_medium__transition_run_02__frame_041_20260820T154111_218.jpg,train,red/brightness_medium/transition_run_02/frame_041_20260820T154111_218.jpg,3fda641959af2d73f7249ce57c3a99d44fadfa6f25b51644f5aecb7d028e5258,red,0,356,180,379,219,0.765625,0.554167,0.047917,0.108333,red_folder
red__brightness_medium__transition_run_02__frame_042_20260820T154111_337.jpg,train,red/brightness_medium/transition_run_02/frame_042_20260820T154111_337.jpg,3fda641959af2d73f7249ce57c3a99d44fadfa6f25b51644f5aecb7d028e5258,red,0,356,180,379,219,0.765625,0.554167,0.047917,0.108333,red_folder
red__brightness_medium__transition_run_02__frame_043_20260820T154111_459.jpg,train,red/brightness_medium/transition_run_02/frame_043_20260820T154111_459.jpg,3f3656b1036c3ba128f19600aba66d06fd9f2b3c06a3b49fc9689a8abc1b6ecc,red,0,358,180,382,219,0.770833,0.554167,0.050000,0.108333,red_folder
red__brightness_medium__transition_run_02__frame_044_20260820T154111_579.jpg,train,red/brightness_medium/transition_run_02/frame_044_20260820T154111_579.jpg,24acc014d296674f3db2a88099bd88fb6e371d57e2b609f64ca5bec1f0ff62c7,red,0,360,180,384,220,0.775000,0.555556,0.050000,0.111111,red_folder
red__brightness_medium__transition_run_02__frame_045_20260820T154111_698.jpg,train,red/brightness_medium/transition_run_02/frame_045_20260820T154111_698.jpg,6d12aaf99747e6afc6fd83f033906551f426b4696dcb5e9375e4d63dba1ed8e5,red,0,361,180,385,220,0.777083,0.555556,0.050000,0.111111,red_folder
red__brightness_medium__transition_run_02__frame_046_20260820T154111_813.jpg,train,red/brightness_medium/transition_run_02/frame_046_20260820T154111_813.jpg,d1f745ae681067ba6683515acab4b9a8e2e89f35ecf7972b0d19c716c4e10519,red,0,362,180,387,221,0.780208,0.556944,0.052083,0.113889,red_folder
red__brightness_medium__transition_run_02__frame_047_20260820T154111_926.jpg,train,red/brightness_medium/transition_run_02/frame_047_20260820T154111_926.jpg,03354948cd944f39b0d4bf88b915ddc8607bb3fa877c7b4c3840c947acf32c79,red,0,362,180,387,220,0.780208,0.555556,0.052083,0.111111,red_folder
red__brightness_medium__transition_run_02__frame_048_20260820T154112_049.jpg,train,red/brightness_medium/transition_run_02/frame_048_20260820T154112_049.jpg,4c023b3367a002ebb87087bc964a3c4517ec7e507dd888264b50ceb8019660c6,red,0,362,180,387,221,0.780208,0.556944,0.052083,0.113889,red_folder
red__brightness_medium__transition_run_02__frame_049_20260820T154112_168.jpg,train,red/brightness_medium/transition_run_02/frame_049_20260820T154112_168.jpg,8c5beb6e595b87e3eb157c90c4e6723df7a7c5faa26c1fede6d8c71954f39b3e,red,0,362,180,387,221,0.780208,0.556944,0.052083,0.113889,red_folder
red__brightness_medium__transition_run_03__frame_037_20260820T154118_347.jpg,train,red/brightness_medium/transition_run_03/frame_037_20260820T154118_347.jpg,b8fc31da9a54626033e856cfacee0afb8b1b33c29a927a63a55050e57a712265,,,,,,,,,,,no_visible_signal_in_red_folder
red__brightness_medium__transition_run_03__frame_038_20260820T154118_459.jpg,train,red/brightness_medium/transition_run_03/frame_038_20260820T154118_459.jpg,0bfa18ada336e25253e54783d8a16519f437941dad6c796d858c4b0ddade93ab,,,,,,,,,,,no_visible_signal_in_red_folder
red__brightness_medium__transition_run_03__frame_039_20260820T154118_578.jpg,train,red/brightness_medium/transition_run_03/frame_039_20260820T154118_578.jpg,9036b9c03a52d45401c6780e985e13cffe018e47b411d434ea01096168dc03b4,,,,,,,,,,,no_visible_signal_in_red_folder
red__brightness_medium__transition_run_03__frame_040_20260820T154118_695.jpg,train,red/brightness_medium/transition_run_03/frame_040_20260820T154118_695.jpg,ed07497f6ff548d8914cfee0fd6e1b124919e48fce54a86be84a73f0a297cd8d,,,,,,,,,,,no_visible_signal_in_red_folder
red__brightness_medium__transition_run_03__frame_041_20260820T154118_814.jpg,train,red/brightness_medium/transition_run_03/frame_041_20260820T154118_814.jpg,4f4d7d22285ce951e5d65ce1ce4d171ca0c10899f72cd3a45979478e642599c1,,,,,,,,,,,no_visible_signal_in_red_folder
red__brightness_medium__transition_run_03__frame_042_20260820T154118_934.jpg,train,red/brightness_medium/transition_run_03/frame_042_20260820T154118_934.jpg,1d3e97ac6d0ac9f223b5d9762bd35480d06f38cd376b78d083006277210d7918,,,,,,,,,,,no_visible_signal_in_red_folder
red__brightness_medium__transition_run_03__frame_043_20260820T154119_063.jpg,train,red/brightness_medium/transition_run_03/frame_043_20260820T154119_063.jpg,972e99b625d0c1c0e1ee654cc238d96ba5bae1dc05d115cc24576f3afe290b9a,,,,,,,,,,,no_visible_signal_in_red_folder
red__brightness_medium__transition_run_03__frame_044_20260820T154119_196.jpg,train,red/brightness_medium/transition_run_03/frame_044_20260820T154119_196.jpg,1790c699210d7f54210908313bed76ad4f42519ccabd2653fbbd358f8bdefb35,,,,,,,,,,,no_visible_signal_in_red_folder
red__brightness_medium__transition_run_03__frame_045_20260820T154119_325.jpg,train,red/brightness_medium/transition_run_03/frame_045_20260820T154119_325.jpg,ca6ad6892e4a362d70e6ae5b404213b12501430e533ab19cb1a239399aeb0a0b,,,,,,,,,,,no_visible_signal_in_red_folder
red__brightness_medium__transition_run_03__frame_046_20260820T154119_442.jpg,train,red/brightness_medium/transition_run_03/frame_046_20260820T154119_442.jpg,b3d5eed72dfb54082b9158ba6c5dca70a2ca83db3044ba08b46277249461f350,,,,,,,,,,,no_visible_signal_in_red_folder
red__brightness_medium__transition_run_03__frame_047_20260820T154119_573.jpg,train,red/brightness_medium/transition_run_03/frame_047_20260820T154119_573.jpg,8bbb07d5e1efbec7dc920ef00ac028ec755db0a6ef3aa4fd14318b1c75bd4a3c,,,,,,,,,,,no_visible_signal_in_red_folder
red__brightness_medium__transition_run_03__frame_048_20260820T154119_694.jpg,train,red/brightness_medium/transition_run_03/frame_048_20260820T154119_694.jpg,8bbb07d5e1efbec7dc920ef00ac028ec755db0a6ef3aa4fd14318b1c75bd4a3c,,,,,,,,,,,no_visible_signal_in_red_folder
red__brightness_medium__transition_run_03__frame_049_20260820T154119_811.jpg,train,red/brightness_medium/transition_run_03/frame_049_20260820T154119_811.jpg,e548045d80c10122b31190242cf567d660357529224404ed5c684d622a8607c4,,,,,,,,,,,no_visible_signal_in_red_folder
red__brightness_medium__transition_run_04__frame_036_20260820T154125_866.jpg,val,red/brightness_medium/transition_run_04/frame_036_20260820T154125_866.jpg,9e14b9d1e963d7e15ac22f6c0f37e48518c70476b3ee9264ba53a8392460e095,red,0,366,180,388,215,0.785417,0.548611,0.045833,0.097222,red_folder
red__brightness_medium__transition_run_04__frame_037_20260820T154125_988.jpg,val,red/brightness_medium/transition_run_04/frame_037_20260820T154125_988.jpg,7859b07da004791e2206e184669fe9dc51fb6e516ddc1c388cf4da45e9c393bd,red,0,368,180,390,216,0.789583,0.550000,0.045833,0.100000,red_folder
red__brightness_medium__transition_run_04__frame_038_20260820T154126_103.jpg,val,red/brightness_medium/transition_run_04/frame_038_20260820T154126_103.jpg,2ea3b8a4dade69f8deca82df3a494505dd5283ac35b18067d98dede7266b2d07,red,0,370,180,391,216,0.792708,0.550000,0.043750,0.100000,red_folder
red__brightness_medium__transition_run_04__frame_039_20260820T154126_227.jpg,val,red/brightness_medium/transition_run_04/frame_039_20260820T154126_227.jpg,67a3af9f72ed6393a5c998ad4121aafcb8ee36b209ea3afe68f3158ca236bd7f,red,0,371,180,393,216,0.795833,0.550000,0.045833,0.100000,red_folder
red__brightness_medium__transition_run_04__frame_040_20260820T154126_352.jpg,val,red/brightness_medium/transition_run_04/frame_040_20260820T154126_352.jpg,67a3af9f72ed6393a5c998ad4121aafcb8ee36b209ea3afe68f3158ca236bd7f,red,0,371,180,393,216,0.795833,0.550000,0.045833,0.100000,red_folder
red__brightness_medium__transition_run_04__frame_041_20260820T154126_473.jpg,val,red/brightness_medium/transition_run_04/frame_041_20260820T154126_473.jpg,67a3af9f72ed6393a5c998ad4121aafcb8ee36b209ea3afe68f3158ca236bd7f,red,0,371,180,393,216,0.795833,0.550000,0.045833,0.100000,red_folder
red__brightness_medium__transition_run_04__frame_042_20260820T154126_597.jpg,val,red/brightness_medium/transition_run_04/frame_042_20260820T154126_597.jpg,314e1d39809e79fff718a205490af11e1aa910cc2aff11d3b744676ebcaf5248,red,0,374,180,396,217,0.802083,0.551389,0.045833,0.102778,red_folder
red__brightness_medium__transition_run_04__frame_043_20260820T154126_715.jpg,val,red/brightness_medium/transition_run_04/frame_043_20260820T154126_715.jpg,314e1d39809e79fff718a205490af11e1aa910cc2aff11d3b744676ebcaf5248,red,0,374,180,396,217,0.802083,0.551389,0.045833,0.102778,red_folder
red__brightness_medium__transition_run_04__frame_044_20260820T154126_829.jpg,val,red/brightness_medium/transition_run_04/frame_044_20260820T154126_829.jpg,4255f2a5d9b46b715fc8a5f0265cf1a42c9cb586e09ca41e327397a48347ecbd,red,0,378,180,401,217,0.811458,0.551389,0.047917,0.102778,red_folder
red__brightness_medium__transition_run_04__frame_045_20260820T154126_953.jpg,val,red/brightness_medium/transition_run_04/frame_045_20260820T154126_953.jpg,1fdeb431c6bd0e9ac6dc84f252e53451a91af6c97591abf02cfbac9e4502417e,red,0,379,180,401,217,0.812500,0.551389,0.045833,0.102778,red_folder
red__brightness_medium__transition_run_04__frame_046_20260820T154127_075.jpg,val,red/brightness_medium/transition_run_04/frame_046_20260820T154127_075.jpg,c4411230742bfbc329b3437dc5dff66aa0fea4e0ad7b221413fd8698fd7d33d0,red,0,380,180,403,218,0.815625,0.552778,0.047917,0.105556,red_folder
red__brightness_medium__transition_run_04__frame_047_20260820T154127_199.jpg,val,red/brightness_medium/transition_run_04/frame_047_20260820T154127_199.jpg,51ceab7e269096adeaa9575c3d176d16f094b2ae86b19f76f110a6ee2c0bda9d,red,0,380,180,404,218,0.816667,0.552778,0.050000,0.105556,red_folder
red__brightness_medium__transition_run_04__frame_048_20260820T154127_314.jpg,val,red/brightness_medium/transition_run_04/frame_048_20260820T154127_314.jpg,51ceab7e269096adeaa9575c3d176d16f094b2ae86b19f76f110a6ee2c0bda9d,red,0,380,180,404,218,0.816667,0.552778,0.050000,0.105556,red_folder
red__brightness_medium__transition_run_04__frame_049_20260820T154127_430.jpg,val,red/brightness_medium/transition_run_04/frame_049_20260820T154127_430.jpg,e4e34b027189fe579e4bc0ba98b4bc73412a2360ea180655d2a24e9578abf584,red,0,380,180,404,218,0.816667,0.552778,0.050000,0.105556,red_folder
red__brightness_medium__transition_run_05__frame_035_20260820T154133_375.jpg,test,red/brightness_medium/transition_run_05/frame_035_20260820T154133_375.jpg,26020a405062f97ffd32aad356d6d2fee37773a8291c61ee60fd2fbb99e5b9c0,red,0,266,180,287,217,0.576042,0.551389,0.043750,0.102778,red_folder
red__brightness_medium__transition_run_05__frame_036_20260820T154133_490.jpg,test,red/brightness_medium/transition_run_05/frame_036_20260820T154133_490.jpg,be3d724d48e7f8a3c8480d5f14a75578361fd5163f42b88a26c9f90c8fe9c161,red,0,267,180,288,218,0.578125,0.552778,0.043750,0.105556,red_folder
red__brightness_medium__transition_run_05__frame_037_20260820T154133_604.jpg,test,red/brightness_medium/transition_run_05/frame_037_20260820T154133_604.jpg,be3d724d48e7f8a3c8480d5f14a75578361fd5163f42b88a26c9f90c8fe9c161,red,0,267,180,288,218,0.578125,0.552778,0.043750,0.105556,red_folder
red__brightness_medium__transition_run_05__frame_038_20260820T154133_723.jpg,test,red/brightness_medium/transition_run_05/frame_038_20260820T154133_723.jpg,331dde15f082833b539e58aa3c2860c8e0f94e542fd42a05ed8d13526256040b,red,0,267,180,288,218,0.578125,0.552778,0.043750,0.105556,red_folder
red__brightness_medium__transition_run_05__frame_039_20260820T154133_846.jpg,test,red/brightness_medium/transition_run_05/frame_039_20260820T154133_846.jpg,3cde6f2bd0432f397ad8e7a2f873509ed518cd8c592f9e1f4acbe91c04dea25b,red,0,267,180,289,219,0.579167,0.554167,0.045833,0.108333,red_folder
red__brightness_medium__transition_run_05__frame_040_20260820T154133_977.jpg,test,red/brightness_medium/transition_run_05/frame_040_20260820T154133_977.jpg,6616f9d545fa0bdfe9c501feaff6679df21f2303e3bf47e952be12f5f749e74a,red,0,267,180,289,219,0.579167,0.554167,0.045833,0.108333,red_folder
red__brightness_medium__transition_run_05__frame_041_20260820T154134_099.jpg,test,red/brightness_medium/transition_run_05/frame_041_20260820T154134_099.jpg,4390f07af0c684fe777c15a83d1e06045879c98401fce3464abc8c51c4fcd786,red,0,268,180,290,219,0.581250,0.554167,0.045833,0.108333,red_folder
red__brightness_medium__transition_run_05__frame_042_20260820T154134_214.jpg,test,red/brightness_medium/transition_run_05/frame_042_20260820T154134_214.jpg,80c9f7cde188e5851b85a361821a607a5b55d97c2d1084af7b7db24c8c361d98,red,0,268,180,290,220,0.581250,0.555556,0.045833,0.111111,red_folder
red__brightness_medium__transition_run_05__frame_043_20260820T154134_330.jpg,test,red/brightness_medium/transition_run_05/frame_043_20260820T154134_330.jpg,80c9f7cde188e5851b85a361821a607a5b55d97c2d1084af7b7db24c8c361d98,red,0,268,180,290,220,0.581250,0.555556,0.045833,0.111111,red_folder
red__brightness_medium__transition_run_05__frame_044_20260820T154134_457.jpg,test,red/brightness_medium/transition_run_05/frame_044_20260820T154134_457.jpg,4d5afd5cfa8a2201289e7f8387fa7c32588dda986174eb537923741aa621db96,red,0,269,180,291,221,0.583333,0.556944,0.045833,0.113889,red_folder
red__brightness_medium__transition_run_05__frame_045_20260820T154134_589.jpg,test,red/brightness_medium/transition_run_05/frame_045_20260820T154134_589.jpg,4c04a4107ffd17ce7a953476f100f630df698d028f407ea328aae92c3a5b38e0,red,0,269,180,292,221,0.584375,0.556944,0.047917,0.113889,red_folder
red__brightness_medium__transition_run_05__frame_046_20260820T154134_720.jpg,test,red/brightness_medium/transition_run_05/frame_046_20260820T154134_720.jpg,4c04a4107ffd17ce7a953476f100f630df698d028f407ea328aae92c3a5b38e0,red,0,269,180,292,221,0.584375,0.556944,0.047917,0.113889,red_folder
red__brightness_medium__transition_run_05__frame_047_20260820T154134_848.jpg,test,red/brightness_medium/transition_run_05/frame_047_20260820T154134_848.jpg,0864c6fa4bb6021ba7bedfd2cd6db3e3cccceee6eef8d27403074d685e83ae28,red,0,269,180,293,222,0.585417,0.558333,0.050000,0.116667,red_folder
red__brightness_medium__transition_run_05__frame_048_20260820T154134_968.jpg,test,red/brightness_medium/transition_run_05/frame_048_20260820T154134_968.jpg,411f155601672ad08bb02711be0398fbd77b01b62e9071cfa9fc5028a632cbd7,red,0,269,180,293,222,0.585417,0.558333,0.050000,0.116667,red_folder
red__brightness_medium__transition_run_05__frame_049_20260820T154135_085.jpg,test,red/brightness_medium/transition_run_05/frame_049_20260820T154135_085.jpg,4289ef6461e766cc1da093d36373ae39db34a858248e6d833c53c19fba1d319c,red,0,269,180,293,222,0.585417,0.558333,0.050000,0.116667,red_folder
transition_candidates__brightness_high__run_01__frame_000_20260820T153958_748.jpg,train,transition_candidates/brightness_high/run_01/frame_000_20260820T153958_748.jpg,cfa5c5d51ac5ae4aac20be54d1fd95db4af56b35cff12665a422c032c98ee5d4,green,2,301,180,313,201,0.639583,0.529167,0.025000,0.058333,transition_hash_matches_green
transition_candidates__brightness_high__run_01__frame_001_20260820T153958_875.jpg,train,transition_candidates/brightness_high/run_01/frame_001_20260820T153958_875.jpg,364515f5a7e6b494a691a30e441a08b864cb24ffbfecfe7c58d2535cff33a0c5,green,2,301,180,314,201,0.640625,0.529167,0.027083,0.058333,transition_hash_matches_green
transition_candidates__brightness_high__run_01__frame_002_20260820T153958_994.jpg,train,transition_candidates/brightness_high/run_01/frame_002_20260820T153958_994.jpg,016210c485c0fd1f99b3efaae179f414edaa842301d246f42174280cfafe8edb,green,2,302,180,314,201,0.641667,0.529167,0.025000,0.058333,transition_hash_matches_green
transition_candidates__brightness_high__run_01__frame_003_20260820T153959_113.jpg,train,transition_candidates/brightness_high/run_01/frame_003_20260820T153959_113.jpg,da4621f6bef7730b580ec5cdc3260fff2674e24768c13e860b618ea71a8fb38d,green,2,301,180,314,201,0.640625,0.529167,0.027083,0.058333,transition_hash_matches_green
transition_candidates__brightness_high__run_01__frame_004_20260820T153959_248.jpg,train,transition_candidates/brightness_high/run_01/frame_004_20260820T153959_248.jpg,3333c1a2109759fb17ad50869d0fe5f4a87ca42346750f6e01b106588e4d5ed0,green,2,302,180,315,201,0.642708,0.529167,0.027083,0.058333,transition_hash_matches_green
transition_candidates__brightness_high__run_01__frame_005_20260820T153959_373.jpg,train,transition_candidates/brightness_high/run_01/frame_005_20260820T153959_373.jpg,a8ae06e4f99ceb16ef61be3ffc44dfb1931765ead10e10ab407fc682c0cccf1b,green,2,303,180,315,202,0.643750,0.530556,0.025000,0.061111,transition_hash_matches_green
transition_candidates__brightness_high__run_01__frame_006_20260820T153959_508.jpg,train,transition_candidates/brightness_high/run_01/frame_006_20260820T153959_508.jpg,e65a2835033d36e993271700a2c4350c81115665832224fd580bb5fd336fa1c6,green,2,303,180,315,202,0.643750,0.530556,0.025000,0.061111,transition_hash_matches_green
transition_candidates__brightness_high__run_01__frame_007_20260820T153959_638.jpg,train,transition_candidates/brightness_high/run_01/frame_007_20260820T153959_638.jpg,c0feb85ced69971e0f43356fd9418e8cb3623f75cab9c85e3365ae9b607b2dc9,,,,,,,,,,,transition_hash_matches_unclear
transition_candidates__brightness_high__run_01__frame_008_20260820T153959_758.jpg,train,transition_candidates/brightness_high/run_01/frame_008_20260820T153959_758.jpg,d67341b9cabff427dd728cf615cf5ddead2045be41a7b9507d56ca0adda45366,yellow,1,304,180,315,202,0.644792,0.530556,0.022917,0.061111,transition_visual_review
transition_candidates__brightness_high__run_01__frame_009_20260820T153959_884.jpg,train,transition_candidates/brightness_high/run_01/frame_009_20260820T153959_884.jpg,93b7b37dba559c007fc50b5e0cc530498dfaa51e538df3868f767c88532930cb,yellow,1,304,180,316,202,0.645833,0.530556,0.025000,0.061111,transition_visual_review
transition_candidates__brightness_high__run_01__frame_010_20260820T154000_016.jpg,train,transition_candidates/brightness_high/run_01/frame_010_20260820T154000_016.jpg,5ea64f7146aa9bc2d5a05555841bd7fa3ca35daae7e42960d3f68446260be501,yellow,1,304,180,316,202,0.645833,0.530556,0.025000,0.061111,transition_hash_matches_yellow
transition_candidates__brightness_high__run_01__frame_011_20260820T154000_144.jpg,train,transition_candidates/brightness_high/run_01/frame_011_20260820T154000_144.jpg,940e45a1e3b8b3261ca4907b2d6fc0008bedfb0c47b08a9651a33568bc3abe83,yellow,1,305,180,317,202,0.647917,0.530556,0.025000,0.061111,transition_hash_matches_yellow
transition_candidates__brightness_high__run_01__frame_012_20260820T154000_278.jpg,train,transition_candidates/brightness_high/run_01/frame_012_20260820T154000_278.jpg,9d7f75cf25218d376432bcdaaf9241d16aa4f1e45a9e10aaee0fb136bb15418b,yellow,1,305,180,318,202,0.648958,0.530556,0.027083,0.061111,transition_hash_matches_yellow
transition_candidates__brightness_high__run_01__frame_013_20260820T154000_412.jpg,train,transition_candidates/brightness_high/run_01/frame_013_20260820T154000_412.jpg,9d7f75cf25218d376432bcdaaf9241d16aa4f1e45a9e10aaee0fb136bb15418b,yellow,1,305,180,318,202,0.648958,0.530556,0.027083,0.061111,transition_hash_matches_yellow
transition_candidates__brightness_high__run_01__frame_014_20260820T154000_554.jpg,train,transition_candidates/brightness_high/run_01/frame_014_20260820T154000_554.jpg,41fc4c2542e0da4944e57e1c1f46063ede012526bf9982fa98ddff98d53233a3,yellow,1,306,180,319,202,0.651042,0.530556,0.027083,0.061111,transition_hash_matches_yellow
transition_candidates__brightness_high__run_01__frame_015_20260820T154000_692.jpg,train,transition_candidates/brightness_high/run_01/frame_015_20260820T154000_692.jpg,1c2b15917a14b5d047b406f05e872776a4a576b5ef17e38124e9b8980720b303,yellow,1,306,180,319,203,0.651042,0.531944,0.027083,0.063889,transition_hash_matches_yellow
transition_candidates__brightness_high__run_01__frame_016_20260820T154000_829.jpg,train,transition_candidates/brightness_high/run_01/frame_016_20260820T154000_829.jpg,70d43644e0cbd5f17de7984fe962f76746d3d9e4c676da8f0ab50e08e9769616,yellow,1,307,180,320,203,0.653125,0.531944,0.027083,0.063889,transition_hash_matches_yellow
transition_candidates__brightness_high__run_01__frame_017_20260820T154000_965.jpg,train,transition_candidates/brightness_high/run_01/frame_017_20260820T154000_965.jpg,3255367f201fe5e9d1c797f1785faa8469b6687fec39ca700425c68fa42d79d5,yellow,1,307,180,320,203,0.653125,0.531944,0.027083,0.063889,transition_hash_matches_yellow
transition_candidates__brightness_high__run_01__frame_018_20260820T154001_092.jpg,train,transition_candidates/brightness_high/run_01/frame_018_20260820T154001_092.jpg,dad484b98117ba0d886fd66a6acec25e83bc54e23a955aff22f8e375e0ca4ef4,yellow,1,308,180,321,203,0.655208,0.531944,0.027083,0.063889,transition_hash_matches_yellow
transition_candidates__brightness_high__run_01__frame_019_20260820T154001_213.jpg,train,transition_candidates/brightness_high/run_01/frame_019_20260820T154001_213.jpg,fa87ed7b4776fd6e6f4d79accfbf0f58913ce4ae463375e081d7dd53d511c023,yellow,1,308,180,321,203,0.655208,0.531944,0.027083,0.063889,transition_hash_matches_yellow
transition_candidates__brightness_high__run_01__frame_020_20260820T154001_340.jpg,train,transition_candidates/brightness_high/run_01/frame_020_20260820T154001_340.jpg,b96e4364bc47301fc1ccbd7d560a7911022c38ea69dd413488ea43327c492b1b,yellow,1,309,180,322,203,0.657292,0.531944,0.027083,0.063889,transition_hash_matches_yellow
transition_candidates__brightness_high__run_01__frame_021_20260820T154001_464.jpg,train,transition_candidates/brightness_high/run_01/frame_021_20260820T154001_464.jpg,b96e4364bc47301fc1ccbd7d560a7911022c38ea69dd413488ea43327c492b1b,yellow,1,309,180,322,203,0.657292,0.531944,0.027083,0.063889,transition_hash_matches_yellow
transition_candidates__brightness_high__run_01__frame_022_20260820T154001_587.jpg,train,transition_candidates/brightness_high/run_01/frame_022_20260820T154001_587.jpg,173fcb0c517ce347e7c17f8d22df55aaa451af314267f39265348cd2a51d3e49,yellow,1,310,180,323,204,0.659375,0.533333,0.027083,0.066667,transition_hash_matches_yellow
transition_candidates__brightness_high__run_01__frame_023_20260820T154001_708.jpg,train,transition_candidates/brightness_high/run_01/frame_023_20260820T154001_708.jpg,7e118176eeb6f36c8f131479f1aba9872bc3fb0f2ae70cec9532d076976012a1,yellow,1,311,180,323,204,0.660417,0.533333,0.025000,0.066667,transition_hash_matches_yellow
transition_candidates__brightness_high__run_01__frame_024_20260820T154001_825.jpg,train,transition_candidates/brightness_high/run_01/frame_024_20260820T154001_825.jpg,283e44d9df2cf700058d84a8645b25ffc698d872dc0e6ca050e87fbdea710823,yellow,1,311,180,324,204,0.661458,0.533333,0.027083,0.066667,transition_hash_matches_yellow
transition_candidates__brightness_high__run_01__frame_025_20260820T154001_951.jpg,train,transition_candidates/brightness_high/run_01/frame_025_20260820T154001_951.jpg,2554144dda1224381fc6c97c58a41ebe7e8cbce9e46f7de0168330344be488a5,yellow,1,311,180,324,204,0.661458,0.533333,0.027083,0.066667,transition_hash_matches_yellow
transition_candidates__brightness_high__run_01__frame_026_20260820T154002_072.jpg,train,transition_candidates/brightness_high/run_01/frame_026_20260820T154002_072.jpg,2554144dda1224381fc6c97c58a41ebe7e8cbce9e46f7de0168330344be488a5,yellow,1,311,180,324,204,0.661458,0.533333,0.027083,0.066667,transition_hash_matches_yellow
transition_candidates__brightness_high__run_01__frame_027_20260820T154002_204.jpg,train,transition_candidates/brightness_high/run_01/frame_027_20260820T154002_204.jpg,c680697352412804bcda71bf081f92fc3b679d0133bc1f17708609eff820dc07,yellow,1,312,180,325,204,0.663542,0.533333,0.027083,0.066667,transition_hash_matches_yellow
transition_candidates__brightness_high__run_01__frame_028_20260820T154002_327.jpg,train,transition_candidates/brightness_high/run_01/frame_028_20260820T154002_327.jpg,295f7deff42f785c2cae1785cd057b5ac78fc632d3fd975babd85ed193f11003,yellow,1,313,180,326,204,0.665625,0.533333,0.027083,0.066667,transition_hash_matches_yellow
transition_candidates__brightness_high__run_01__frame_029_20260820T154002_447.jpg,train,transition_candidates/brightness_high/run_01/frame_029_20260820T154002_447.jpg,2bd34e9e0e2daf5d5a4d219050b6067531c62d50988eb4f8a6841ca74b796eac,yellow,1,312,180,327,205,0.665625,0.534722,0.031250,0.069444,transition_hash_matches_yellow
transition_candidates__brightness_high__run_01__frame_030_20260820T154002_571.jpg,train,transition_candidates/brightness_high/run_01/frame_030_20260820T154002_571.jpg,2bd34e9e0e2daf5d5a4d219050b6067531c62d50988eb4f8a6841ca74b796eac,yellow,1,312,180,327,205,0.665625,0.534722,0.031250,0.069444,transition_hash_matches_yellow
transition_candidates__brightness_high__run_01__frame_031_20260820T154002_692.jpg,train,transition_candidates/brightness_high/run_01/frame_031_20260820T154002_692.jpg,52983008d08c72998e0db679ec73d314412352eb406157928f745a1161acbb60,yellow,1,314,180,328,205,0.668750,0.534722,0.029167,0.069444,transition_visual_review
transition_candidates__brightness_high__run_01__frame_032_20260820T154002_825.jpg,train,transition_candidates/brightness_high/run_01/frame_032_20260820T154002_825.jpg,52983008d08c72998e0db679ec73d314412352eb406157928f745a1161acbb60,yellow,1,314,180,328,205,0.668750,0.534722,0.029167,0.069444,transition_visual_review
transition_candidates__brightness_high__run_01__frame_033_20260820T154002_946.jpg,train,transition_candidates/brightness_high/run_01/frame_033_20260820T154002_946.jpg,cd0452c0ddd792f79b1bf4b8d2b86fa2f2b73d63672710b271186efa9735df68,red,0,314,180,329,205,0.669792,0.534722,0.031250,0.069444,transition_hash_matches_red
transition_candidates__brightness_high__run_01__frame_034_20260820T154003_071.jpg,train,transition_candidates/brightness_high/run_01/frame_034_20260820T154003_071.jpg,ae2a2aae8c77bf637184834537879d3bfd56542660debaf7a9b120673aa6a0c0,red,0,314,180,330,205,0.670833,0.534722,0.033333,0.069444,transition_hash_matches_red
transition_candidates__brightness_high__run_01__frame_035_20260820T154003_199.jpg,train,transition_candidates/brightness_high/run_01/frame_035_20260820T154003_199.jpg,03bc6bd936ba3655facf54554384a55f7ffaf922b2a53169b5b577c66bfec0db,red,0,314,180,330,205,0.670833,0.534722,0.033333,0.069444,transition_hash_matches_red
transition_candidates__brightness_high__run_01__frame_036_20260820T154003_324.jpg,train,transition_candidates/brightness_high/run_01/frame_036_20260820T154003_324.jpg,cb086872d37ff693ce037df01c87eecdb811dc9950b4838ad0ef05f3a438863b,red,0,315,180,331,205,0.672917,0.534722,0.033333,0.069444,transition_hash_matches_red
transition_candidates__brightness_high__run_01__frame_037_20260820T154003_459.jpg,train,transition_candidates/brightness_high/run_01/frame_037_20260820T154003_459.jpg,7605b3015d7ee4480dd4f766c582d5bfb2b1b97e419fb1ff2f0ae75843066040,red,0,315,180,331,206,0.672917,0.536111,0.033333,0.072222,transition_hash_matches_red
transition_candidates__brightness_high__run_01__frame_038_20260820T154003_594.jpg,train,transition_candidates/brightness_high/run_01/frame_038_20260820T154003_594.jpg,35a36a13c5749b25065d7c52399b3af27dd9c16304e4d334018575fbc36c3863,red,0,316,180,332,206,0.675000,0.536111,0.033333,0.072222,transition_hash_matches_red
transition_candidates__brightness_high__run_01__frame_039_20260820T154003_720.jpg,train,transition_candidates/brightness_high/run_01/frame_039_20260820T154003_720.jpg,fb9d8d96e10f1f686f532ef1eb6575b4b964d3810e76fe3aeda67baff46bdb11,red,0,317,180,333,206,0.677083,0.536111,0.033333,0.072222,transition_hash_matches_red
transition_candidates__brightness_high__run_01__frame_040_20260820T154003_850.jpg,train,transition_candidates/brightness_high/run_01/frame_040_20260820T154003_850.jpg,9e8b7b25f6c2b940225a1cf3ab2148f17708804c742e7d291bd377e447cf016d,red,0,318,180,333,206,0.678125,0.536111,0.031250,0.072222,transition_hash_matches_red
transition_candidates__brightness_high__run_01__frame_041_20260820T154003_982.jpg,train,transition_candidates/brightness_high/run_01/frame_041_20260820T154003_982.jpg,fc70bd0574d9a6df2832ec20f99393f6c90d95bb9b24f93d79e4c91762534750,red,0,319,180,335,206,0.681250,0.536111,0.033333,0.072222,transition_hash_matches_red
transition_candidates__brightness_high__run_01__frame_042_20260820T154004_114.jpg,train,transition_candidates/brightness_high/run_01/frame_042_20260820T154004_114.jpg,d11b0e6971885152efcac49edcbb933da89a2f5048a6be5104208743b66020e8,red,0,319,180,336,207,0.682292,0.537500,0.035417,0.075000,transition_hash_matches_red
transition_candidates__brightness_high__run_01__frame_043_20260820T154004_242.jpg,train,transition_candidates/brightness_high/run_01/frame_043_20260820T154004_242.jpg,0c2dee0737d6db5d834bc9876d7a25f7557c2fb8743d07fb98a2fceafc8d252c,red,0,320,180,336,208,0.683333,0.538889,0.033333,0.077778,transition_hash_matches_red
transition_candidates__brightness_high__run_01__frame_044_20260820T154004_370.jpg,train,transition_candidates/brightness_high/run_01/frame_044_20260820T154004_370.jpg,958541cbc53206023b59538a9d5efecb4bf3835fbf41631a3d5a3576e10bd976,red,0,320,180,337,208,0.684375,0.538889,0.035417,0.077778,transition_hash_matches_red
transition_candidates__brightness_high__run_01__frame_045_20260820T154004_503.jpg,train,transition_candidates/brightness_high/run_01/frame_045_20260820T154004_503.jpg,1c9e8050fd09a2d45ae2fa924372df280fbc0edf5ba93b36ebe7d695593df673,red,0,320,180,337,208,0.684375,0.538889,0.035417,0.077778,transition_hash_matches_red
transition_candidates__brightness_high__run_01__frame_046_20260820T154004_629.jpg,train,transition_candidates/brightness_high/run_01/frame_046_20260820T154004_629.jpg,4318604777576045955040eb61b37fe5e1eb4c48e2fc3ab358f1a2f47e1a80a2,red,0,320,180,337,208,0.684375,0.538889,0.035417,0.077778,transition_hash_matches_red
transition_candidates__brightness_high__run_01__frame_047_20260820T154004_744.jpg,train,transition_candidates/brightness_high/run_01/frame_047_20260820T154004_744.jpg,8e11d885361c9bec53d0400767227cd5a5fae1daaa9acbb92fb501b984930980,red,0,320,180,337,208,0.684375,0.538889,0.035417,0.077778,transition_hash_matches_red
transition_candidates__brightness_high__run_01__frame_048_20260820T154004_871.jpg,train,transition_candidates/brightness_high/run_01/frame_048_20260820T154004_871.jpg,3bb314e9f2dd0b5b24515b46cd947fcb6100bccf171cf8fa418e115c407a06c4,red,0,320,180,337,208,0.684375,0.538889,0.035417,0.077778,transition_hash_matches_red
transition_candidates__brightness_high__run_01__frame_049_20260820T154004_991.jpg,train,transition_candidates/brightness_high/run_01/frame_049_20260820T154004_991.jpg,cb16a65e8d385e063050a8eab7b54c59a82ecac88cb61dc2cab6c13899147346,red,0,320,180,337,207,0.684375,0.537500,0.035417,0.075000,transition_hash_matches_red
transition_candidates__brightness_high__run_02__frame_000_20260820T154006_709.jpg,train,transition_candidates/brightness_high/run_02/frame_000_20260820T154006_709.jpg,92f004969ec5b95347d933848a6976ed2239dda018735121279a7f30fddfea4c,green,2,322,180,339,208,0.688542,0.538889,0.035417,0.077778,transition_hash_matches_green
transition_candidates__brightness_high__run_02__frame_001_20260820T154006_835.jpg,train,transition_candidates/brightness_high/run_02/frame_001_20260820T154006_835.jpg,5aabf6f9f9488cb0355ae606801a8a7070d7305854ef21cd051438db64c9c6f8,green,2,322,180,339,208,0.688542,0.538889,0.035417,0.077778,transition_hash_matches_green
transition_candidates__brightness_high__run_02__frame_002_20260820T154006_963.jpg,train,transition_candidates/brightness_high/run_02/frame_002_20260820T154006_963.jpg,d0388c5c1d4ea6a1ffaa9b7a769c81bc17e55c1ed4851ed97532d5a3f3fe81c7,green,2,323,180,340,209,0.690625,0.540278,0.035417,0.080556,transition_hash_matches_green
transition_candidates__brightness_high__run_02__frame_003_20260820T154007_086.jpg,train,transition_candidates/brightness_high/run_02/frame_003_20260820T154007_086.jpg,af4943e586c2be247925c44de95a0ac07ae00f0f8e143381f316def71c5b2379,green,2,324,180,341,209,0.692708,0.540278,0.035417,0.080556,transition_hash_matches_green
transition_candidates__brightness_high__run_02__frame_004_20260820T154007_204.jpg,train,transition_candidates/brightness_high/run_02/frame_004_20260820T154007_204.jpg,0376c4d5f71e8b50d75c86389524a947519b5983b1814fe59724b3fc48beb6a0,green,2,324,180,342,209,0.693750,0.540278,0.037500,0.080556,transition_hash_matches_green
transition_candidates__brightness_high__run_02__frame_005_20260820T154007_322.jpg,train,transition_candidates/brightness_high/run_02/frame_005_20260820T154007_322.jpg,0376c4d5f71e8b50d75c86389524a947519b5983b1814fe59724b3fc48beb6a0,green,2,324,180,342,209,0.693750,0.540278,0.037500,0.080556,transition_hash_matches_green
transition_candidates__brightness_high__run_02__frame_006_20260820T154007_464.jpg,train,transition_candidates/brightness_high/run_02/frame_006_20260820T154007_464.jpg,bdc2ea96f35d9a038b55b2d2a00c558f895daac1eba4913353079ab72f2f0ac3,green,2,326,180,344,210,0.697917,0.541667,0.037500,0.083333,transition_hash_matches_green
transition_candidates__brightness_high__run_02__frame_007_20260820T154007_592.jpg,train,transition_candidates/brightness_high/run_02/frame_007_20260820T154007_592.jpg,c0d709d5021f100d480313e71f49a086eca54a6147bb72a7239f3003b66c142c,green,2,327,180,345,210,0.700000,0.541667,0.037500,0.083333,transition_visual_review
transition_candidates__brightness_high__run_02__frame_008_20260820T154007_720.jpg,train,transition_candidates/brightness_high/run_02/frame_008_20260820T154007_720.jpg,a143f430fd4d8f613db58bcf4a6705e8d931670dd3a8f03c9fbcc571718cd235,,,,,,,,,,,transition_hash_matches_unclear
transition_candidates__brightness_high__run_02__frame_009_20260820T154007_837.jpg,train,transition_candidates/brightness_high/run_02/frame_009_20260820T154007_837.jpg,5091ce8a3fb9e5cdf6b126cab271d4b53cc28726c26bd732971cfc52a543b8fd,yellow,1,328,180,345,209,0.701042,0.540278,0.035417,0.080556,transition_visual_review
transition_candidates__brightness_high__run_02__frame_010_20260820T154007_965.jpg,train,transition_candidates/brightness_high/run_02/frame_010_20260820T154007_965.jpg,57527b426cb30a2a3399403a0c54ec566b31db86a3a58bf831376a0dcae2ffb7,yellow,1,329,180,346,209,0.703125,0.540278,0.035417,0.080556,transition_hash_matches_yellow
transition_candidates__brightness_high__run_02__frame_011_20260820T154008_100.jpg,train,transition_candidates/brightness_high/run_02/frame_011_20260820T154008_100.jpg,c05dafe2c0cbbaf3845b58e05586dd0f908bd82e77a0ecd5245496bbd70a36f9,yellow,1,329,180,347,210,0.704167,0.541667,0.037500,0.083333,transition_hash_matches_yellow
transition_candidates__brightness_high__run_02__frame_012_20260820T154008_231.jpg,train,transition_candidates/brightness_high/run_02/frame_012_20260820T154008_231.jpg,03f877cc96bbfe800ad3078d54f03ab111b475fb2299b8e567654c3b3a9233e6,yellow,1,330,180,348,210,0.706250,0.541667,0.037500,0.083333,transition_hash_matches_yellow
transition_candidates__brightness_high__run_02__frame_013_20260820T154008_353.jpg,train,transition_candidates/brightness_high/run_02/frame_013_20260820T154008_353.jpg,6fb9eeeaca0a3953f09d985159180e3d8d13a44778b4a8146efb3d1280a9b132,yellow,1,331,180,349,210,0.708333,0.541667,0.037500,0.083333,transition_hash_matches_yellow
transition_candidates__brightness_high__run_02__frame_014_20260820T154008_471.jpg,train,transition_candidates/brightness_high/run_02/frame_014_20260820T154008_471.jpg,5e11219a181af33eab2a427baa6bf0a60c9edea4ee66d87b2d6ad4ea0ee553c7,yellow,1,331,180,349,210,0.708333,0.541667,0.037500,0.083333,transition_hash_matches_yellow
transition_candidates__brightness_high__run_02__frame_015_20260820T154008_593.jpg,train,transition_candidates/brightness_high/run_02/frame_015_20260820T154008_593.jpg,0f6dbe394ffb9ef77d6e3ae517083c69b6b165879366e0f840261da2b29debcf,yellow,1,332,180,350,210,0.710417,0.541667,0.037500,0.083333,transition_hash_matches_yellow
transition_candidates__brightness_high__run_02__frame_016_20260820T154008_713.jpg,train,transition_candidates/brightness_high/run_02/frame_016_20260820T154008_713.jpg,fefafb03fbb119d75403337cb01ebdac689128ed01a473a062e103791e6322d4,yellow,1,333,180,351,211,0.712500,0.543056,0.037500,0.086111,transition_hash_matches_yellow
transition_candidates__brightness_high__run_02__frame_017_20260820T154008_846.jpg,train,transition_candidates/brightness_high/run_02/frame_017_20260820T154008_846.jpg,912f910256b6afbdcbb513bb28f7e9f31948832d834f8938feeb4a235485ee30,yellow,1,333,180,352,211,0.713542,0.543056,0.039583,0.086111,transition_hash_matches_yellow
transition_candidates__brightness_high__run_02__frame_018_20260820T154008_969.jpg,train,transition_candidates/brightness_high/run_02/frame_018_20260820T154008_969.jpg,08461df7abe453e7257ce6454cc27e233229b17af82a60340241fe5479cf967e,yellow,1,335,180,353,211,0.716667,0.543056,0.037500,0.086111,transition_hash_matches_yellow
transition_candidates__brightness_high__run_02__frame_019_20260820T154009_102.jpg,train,transition_candidates/brightness_high/run_02/frame_019_20260820T154009_102.jpg,7a568f7ddb31112810043e7afd6ad75c3389edad7020c9553a5c4868fa72c092,yellow,1,336,180,355,211,0.719792,0.543056,0.039583,0.086111,transition_hash_matches_yellow
transition_candidates__brightness_high__run_02__frame_020_20260820T154009_232.jpg,train,transition_candidates/brightness_high/run_02/frame_020_20260820T154009_232.jpg,e89ef5e5e1e17ce9467778964ff654553f4f454f50d5bf222b82536ddd9b0f79,yellow,1,337,180,356,212,0.721875,0.544444,0.039583,0.088889,transition_hash_matches_yellow
transition_candidates__brightness_high__run_02__frame_021_20260820T154009_364.jpg,train,transition_candidates/brightness_high/run_02/frame_021_20260820T154009_364.jpg,fcb7ff3251746682e0b55e3ca02bc70efdc199782e80642119e116f8a8b0ee0e,yellow,1,338,180,357,212,0.723958,0.544444,0.039583,0.088889,transition_hash_matches_yellow
transition_candidates__brightness_high__run_02__frame_022_20260820T154009_492.jpg,train,transition_candidates/brightness_high/run_02/frame_022_20260820T154009_492.jpg,a40884ac8bf82fad9764a81230583a66040df80f911716247aaf6951080b645d,yellow,1,338,180,358,212,0.725000,0.544444,0.041667,0.088889,transition_hash_matches_yellow
transition_candidates__brightness_high__run_02__frame_023_20260820T154009_610.jpg,train,transition_candidates/brightness_high/run_02/frame_023_20260820T154009_610.jpg,7fd710cd1ed3146397eb9e45d452a89cec20b7f40336cbfaacd3135a58917388,yellow,1,339,180,359,213,0.727083,0.545833,0.041667,0.091667,transition_hash_matches_yellow
transition_candidates__brightness_high__run_02__frame_024_20260820T154009_745.jpg,train,transition_candidates/brightness_high/run_02/frame_024_20260820T154009_745.jpg,7fd710cd1ed3146397eb9e45d452a89cec20b7f40336cbfaacd3135a58917388,yellow,1,339,180,359,213,0.727083,0.545833,0.041667,0.091667,transition_hash_matches_yellow
transition_candidates__brightness_high__run_02__frame_025_20260820T154009_873.jpg,train,transition_candidates/brightness_high/run_02/frame_025_20260820T154009_873.jpg,04ba6c607a935ea117c0f1f567865ef9d2e3dbe91ef050217f82cfb6033355bb,yellow,1,341,180,362,213,0.732292,0.545833,0.043750,0.091667,transition_hash_matches_yellow
transition_candidates__brightness_high__run_02__frame_026_20260820T154010_008.jpg,train,transition_candidates/brightness_high/run_02/frame_026_20260820T154010_008.jpg,04ba6c607a935ea117c0f1f567865ef9d2e3dbe91ef050217f82cfb6033355bb,yellow,1,341,180,362,213,0.732292,0.545833,0.043750,0.091667,transition_hash_matches_yellow
transition_candidates__brightness_high__run_02__frame_027_20260820T154010_133.jpg,train,transition_candidates/brightness_high/run_02/frame_027_20260820T154010_133.jpg,0f093b32f249cf3e0f87f57b09a10333114059e59c8b1ec5578a171c65fdf8d8,yellow,1,343,180,364,215,0.736458,0.548611,0.043750,0.097222,transition_hash_matches_yellow
transition_candidates__brightness_high__run_02__frame_028_20260820T154010_263.jpg,train,transition_candidates/brightness_high/run_02/frame_028_20260820T154010_263.jpg,0f093b32f249cf3e0f87f57b09a10333114059e59c8b1ec5578a171c65fdf8d8,yellow,1,343,180,364,215,0.736458,0.548611,0.043750,0.097222,transition_hash_matches_yellow
transition_candidates__brightness_high__run_02__frame_029_20260820T154010_396.jpg,train,transition_candidates/brightness_high/run_02/frame_029_20260820T154010_396.jpg,f8e1c4d032715ec2aec735c05171a7194e3dd9e54a7726b1dc6416a8299aac1c,yellow,1,345,180,366,215,0.740625,0.548611,0.043750,0.097222,transition_hash_matches_yellow
transition_candidates__brightness_high__run_02__frame_030_20260820T154010_522.jpg,train,transition_candidates/brightness_high/run_02/frame_030_20260820T154010_522.jpg,ed0c080fdd5149ccc1c79071504db8b8f58c6d41b7c62536ccd0799da0847113,yellow,1,346,180,367,216,0.742708,0.550000,0.043750,0.100000,transition_visual_review
transition_candidates__brightness_high__run_02__frame_031_20260820T154010_661.jpg,train,transition_candidates/brightness_high/run_02/frame_031_20260820T154010_661.jpg,97262f0e9333f871432e8a0dc2ac6e4e30e5ff08b0936c30ee624eb5b3ec9e92,yellow,1,347,180,369,216,0.745833,0.550000,0.045833,0.100000,transition_visual_review
transition_candidates__brightness_high__run_02__frame_032_20260820T154010_778.jpg,train,transition_candidates/brightness_high/run_02/frame_032_20260820T154010_778.jpg,d6b2951fd9ab3293a9cbf4c161b99e85ecb8c3c3bb3f7a8cd5a555cfd89947a1,yellow,1,347,180,369,216,0.745833,0.550000,0.045833,0.100000,transition_visual_review
transition_candidates__brightness_high__run_02__frame_033_20260820T154010_904.jpg,train,transition_candidates/brightness_high/run_02/frame_033_20260820T154010_904.jpg,d6b2951fd9ab3293a9cbf4c161b99e85ecb8c3c3bb3f7a8cd5a555cfd89947a1,yellow,1,347,180,369,216,0.745833,0.550000,0.045833,0.100000,transition_visual_review
transition_candidates__brightness_high__run_02__frame_034_20260820T154011_021.jpg,train,transition_candidates/brightness_high/run_02/frame_034_20260820T154011_021.jpg,3c58a4c3f6adffffe9e8a68f57213829a64a6c6d248688c9f46cee744e44e896,red,0,350,180,373,217,0.753125,0.551389,0.047917,0.102778,transition_hash_matches_red
transition_candidates__brightness_high__run_02__frame_035_20260820T154011_145.jpg,train,transition_candidates/brightness_high/run_02/frame_035_20260820T154011_145.jpg,7d98ab779ed9c26012a9903b1a0ea32a3cac4b339f188e4b5c15fca5c10526b1,red,0,352,180,374,217,0.756250,0.551389,0.045833,0.102778,transition_hash_matches_red
transition_candidates__brightness_high__run_02__frame_036_20260820T154011_270.jpg,train,transition_candidates/brightness_high/run_02/frame_036_20260820T154011_270.jpg,ec6a33b41930bd27ada806d6802db5d0b4f14c33943ea515da53f4c62506c963,red,0,352,180,375,218,0.757292,0.552778,0.047917,0.105556,transition_hash_matches_red
transition_candidates__brightness_high__run_02__frame_037_20260820T154011_393.jpg,train,transition_candidates/brightness_high/run_02/frame_037_20260820T154011_393.jpg,ec6a33b41930bd27ada806d6802db5d0b4f14c33943ea515da53f4c62506c963,red,0,352,180,375,218,0.757292,0.552778,0.047917,0.105556,transition_hash_matches_red
transition_candidates__brightness_high__run_02__frame_038_20260820T154011_520.jpg,train,transition_candidates/brightness_high/run_02/frame_038_20260820T154011_520.jpg,1c5d358ea2ae5c70abd32e82685e60e45b04086e11c12f177a01bdbdb74cd1fd,red,0,355,180,378,218,0.763542,0.552778,0.047917,0.105556,transition_hash_matches_red
transition_candidates__brightness_high__run_02__frame_039_20260820T154011_646.jpg,train,transition_candidates/brightness_high/run_02/frame_039_20260820T154011_646.jpg,d8c1bb1cfefb2247895e00c42f297206058f6f2dc26756410d724b8b3e40f260,red,0,356,180,380,219,0.766667,0.554167,0.050000,0.108333,transition_hash_matches_red
transition_candidates__brightness_high__run_02__frame_040_20260820T154011_780.jpg,train,transition_candidates/brightness_high/run_02/frame_040_20260820T154011_780.jpg,d8c1bb1cfefb2247895e00c42f297206058f6f2dc26756410d724b8b3e40f260,red,0,356,180,380,219,0.766667,0.554167,0.050000,0.108333,transition_hash_matches_red
transition_candidates__brightness_high__run_02__frame_041_20260820T154011_898.jpg,train,transition_candidates/brightness_high/run_02/frame_041_20260820T154011_898.jpg,0fd6067b4d89381d178ebdd070387dba3eaa2cba0a8045dcff4510eed0afc0cb,red,0,358,180,382,219,0.770833,0.554167,0.050000,0.108333,transition_hash_matches_red
transition_candidates__brightness_high__run_02__frame_042_20260820T154012_015.jpg,train,transition_candidates/brightness_high/run_02/frame_042_20260820T154012_015.jpg,9ace37822520e103e7a411d22dfa65662ba554bb0dc61b1837e6cdbad2700f41,red,0,360,180,384,220,0.775000,0.555556,0.050000,0.111111,transition_hash_matches_red
transition_candidates__brightness_high__run_02__frame_043_20260820T154012_140.jpg,train,transition_candidates/brightness_high/run_02/frame_043_20260820T154012_140.jpg,bf58ee9855c29a84028d77a22a8370bb5129ca77dc7f1b9a22157058e64a5b48,red,0,361,180,384,220,0.776042,0.555556,0.047917,0.111111,transition_hash_matches_red
transition_candidates__brightness_high__run_02__frame_044_20260820T154012_261.jpg,train,transition_candidates/brightness_high/run_02/frame_044_20260820T154012_261.jpg,cd597c7284169af6f00c2e6f6c75587b782ebfa39b0750748ccdaebfd4640b38,red,0,363,180,387,221,0.781250,0.556944,0.050000,0.113889,transition_hash_matches_red
transition_candidates__brightness_high__run_02__frame_045_20260820T154012_385.jpg,train,transition_candidates/brightness_high/run_02/frame_045_20260820T154012_385.jpg,cd597c7284169af6f00c2e6f6c75587b782ebfa39b0750748ccdaebfd4640b38,red,0,363,180,387,221,0.781250,0.556944,0.050000,0.113889,transition_hash_matches_red
transition_candidates__brightness_high__run_02__frame_046_20260820T154012_514.jpg,train,transition_candidates/brightness_high/run_02/frame_046_20260820T154012_514.jpg,7009124cc5e27a32da28363f1bc573d7d46150b8c1ae67b32785a50ed6d333ce,red,0,363,180,387,221,0.781250,0.556944,0.050000,0.113889,transition_hash_matches_red
transition_candidates__brightness_high__run_02__frame_047_20260820T154012_636.jpg,train,transition_candidates/brightness_high/run_02/frame_047_20260820T154012_636.jpg,a9a2f53560cfbc12cfd81dee06479c6054adea1510beda78bdf72cf927b6ac0a,red,0,363,180,387,221,0.781250,0.556944,0.050000,0.113889,transition_hash_matches_red
transition_candidates__brightness_high__run_02__frame_048_20260820T154012_763.jpg,train,transition_candidates/brightness_high/run_02/frame_048_20260820T154012_763.jpg,f8f16e91c7c2d1ffe8ff0aa3246b8993bce015131410487956cb56076cba3c7b,red,0,363,180,387,221,0.781250,0.556944,0.050000,0.113889,transition_hash_matches_red
transition_candidates__brightness_high__run_02__frame_049_20260820T154012_880.jpg,train,transition_candidates/brightness_high/run_02/frame_049_20260820T154012_880.jpg,c80f5741df1fbf7d8f19272ed54afb8ab48f0e08922d64e94e42172bffacc68f,red,0,363,180,387,221,0.781250,0.556944,0.050000,0.113889,transition_hash_matches_red
transition_candidates__brightness_high__run_03__frame_000_20260820T154014_604.jpg,train,transition_candidates/brightness_high/run_03/frame_000_20260820T154014_604.jpg,d8a31cc131b0b56277cbbe0c825e3b054900bf7e759d8f3fac7c40678e8fd9cc,green,2,376,180,403,225,0.811458,0.562500,0.056250,0.125000,transition_hash_matches_green
transition_candidates__brightness_high__run_03__frame_001_20260820T154014_727.jpg,train,transition_candidates/brightness_high/run_03/frame_001_20260820T154014_727.jpg,5fa2ed2b79f2ff2ffaa7e9dd5d85a7a870f53b2c4911e63aeb367be7d4d4ec59,green,2,376,180,404,225,0.812500,0.562500,0.058333,0.125000,transition_hash_matches_green
transition_candidates__brightness_high__run_03__frame_002_20260820T154014_879.jpg,train,transition_candidates/brightness_high/run_03/frame_002_20260820T154014_879.jpg,913ee41498393937bd025c467963264d19534f2433c6de262c1f4a0e49de7fc2,green,2,379,180,407,227,0.818750,0.565278,0.058333,0.130556,transition_hash_matches_green
transition_candidates__brightness_high__run_03__frame_003_20260820T154015_012.jpg,train,transition_candidates/brightness_high/run_03/frame_003_20260820T154015_012.jpg,7fdc99e2b65586092569e7423d3afbcf83287f4aaf5d1a2f4e41b09db8932993,green,2,380,180,408,227,0.820833,0.565278,0.058333,0.130556,transition_hash_matches_green
transition_candidates__brightness_high__run_03__frame_004_20260820T154015_139.jpg,train,transition_candidates/brightness_high/run_03/frame_004_20260820T154015_139.jpg,f57a57cb92a9e266a620615d2278e93bfb55b21a91ceb0f8d96e8e83aa980df2,green,2,382,180,411,227,0.826042,0.565278,0.060417,0.130556,transition_hash_matches_green
transition_candidates__brightness_high__run_03__frame_005_20260820T154015_261.jpg,train,transition_candidates/brightness_high/run_03/frame_005_20260820T154015_261.jpg,f42063805463da55aa6482757acc39399f71a4df0fd258a69b6b6a64f1b0a0d1,green,2,384,180,413,229,0.830208,0.568056,0.060417,0.136111,transition_hash_matches_green
transition_candidates__brightness_high__run_03__frame_006_20260820T154015_389.jpg,train,transition_candidates/brightness_high/run_03/frame_006_20260820T154015_389.jpg,6aa925ba8b648ce23372a0d967c2ba992ddae619909620e31629392b6f2bb9cf,green,2,387,180,416,229,0.836458,0.568056,0.060417,0.136111,transition_hash_matches_green
transition_candidates__brightness_high__run_03__frame_007_20260820T154015_518.jpg,train,transition_candidates/brightness_high/run_03/frame_007_20260820T154015_518.jpg,6aa925ba8b648ce23372a0d967c2ba992ddae619909620e31629392b6f2bb9cf,green,2,387,180,416,229,0.836458,0.568056,0.060417,0.136111,transition_hash_matches_green
transition_candidates__brightness_high__run_03__frame_008_20260820T154015_645.jpg,train,transition_candidates/brightness_high/run_03/frame_008_20260820T154015_645.jpg,7d4a56c23e76982e6853cb5138f67a8a5adb45fe5b814c306788c6529f29bb68,,,,,,,,,,,transition_hash_matches_unclear
transition_candidates__brightness_high__run_03__frame_009_20260820T154015_775.jpg,train,transition_candidates/brightness_high/run_03/frame_009_20260820T154015_775.jpg,03269213bff9667732f72920853374d0042d9fc567ed3399743df2c7e77ba604,yellow,1,390,180,421,230,0.844792,0.569444,0.064583,0.138889,transition_hash_matches_yellow
transition_candidates__brightness_high__run_03__frame_010_20260820T154015_905.jpg,train,transition_candidates/brightness_high/run_03/frame_010_20260820T154015_905.jpg,c5111c29d3cf556093d9df10a97f126479859444c9428bb0fb1e9d278acd7335,yellow,1,392,180,424,231,0.850000,0.570833,0.066667,0.141667,transition_hash_matches_yellow
transition_candidates__brightness_high__run_03__frame_011_20260820T154016_043.jpg,train,transition_candidates/brightness_high/run_03/frame_011_20260820T154016_043.jpg,bf082a59816df77637efa78c6832fb7bbb84a80790ba35898e904d35ea3b4497,yellow,1,393,180,425,231,0.852083,0.570833,0.066667,0.141667,transition_hash_matches_yellow
transition_candidates__brightness_high__run_03__frame_012_20260820T154016_190.jpg,train,transition_candidates/brightness_high/run_03/frame_012_20260820T154016_190.jpg,95c409eeb161acef6a14017588c5f38e43190271bdc77a9f8e6ced1ec70e0011,yellow,1,397,180,429,232,0.860417,0.572222,0.066667,0.144444,transition_hash_matches_yellow
transition_candidates__brightness_high__run_03__frame_013_20260820T154016_330.jpg,train,transition_candidates/brightness_high/run_03/frame_013_20260820T154016_330.jpg,f6354c9903989a28a91169fb5f87447b4be744040d18b6c39718f144715ceb3e,yellow,1,399,180,431,232,0.864583,0.572222,0.066667,0.144444,transition_hash_matches_yellow
transition_candidates__brightness_high__run_03__frame_014_20260820T154016_457.jpg,train,transition_candidates/brightness_high/run_03/frame_014_20260820T154016_457.jpg,bca969fe2153f75790c8993f7d2e6eeb7596982513fedf5b035c0923a8c6b8c8,yellow,1,402,180,436,233,0.872917,0.573611,0.070833,0.147222,transition_hash_matches_yellow
transition_candidates__brightness_high__run_03__frame_015_20260820T154016_588.jpg,train,transition_candidates/brightness_high/run_03/frame_015_20260820T154016_588.jpg,f8ed113838007393e13ad0c2e29c8e5b2d93f5310e3204b36f548e38b3658872,yellow,1,405,180,439,235,0.879167,0.576389,0.070833,0.152778,transition_hash_matches_yellow
transition_candidates__brightness_high__run_03__frame_016_20260820T154016_720.jpg,train,transition_candidates/brightness_high/run_03/frame_016_20260820T154016_720.jpg,c81cb119f6142925c3e9a025ce749c53a9712d50fb0754bc6c416e1b7bbe7659,yellow,1,408,180,442,236,0.885417,0.577778,0.070833,0.155556,transition_hash_matches_yellow
transition_candidates__brightness_high__run_03__frame_017_20260820T154016_837.jpg,train,transition_candidates/brightness_high/run_03/frame_017_20260820T154016_837.jpg,9cf887d37b3d009f6a682ea16e41bbe7f4aadebf41b5bddeca7ff6d765a8a335,yellow,1,410,180,445,236,0.890625,0.577778,0.072917,0.155556,transition_hash_matches_yellow
transition_candidates__brightness_high__run_03__frame_018_20260820T154016_967.jpg,train,transition_candidates/brightness_high/run_03/frame_018_20260820T154016_967.jpg,9cf887d37b3d009f6a682ea16e41bbe7f4aadebf41b5bddeca7ff6d765a8a335,yellow,1,410,180,445,236,0.890625,0.577778,0.072917,0.155556,transition_hash_matches_yellow
transition_candidates__brightness_high__run_03__frame_019_20260820T154017_087.jpg,train,transition_candidates/brightness_high/run_03/frame_019_20260820T154017_087.jpg,4979436df9f9c1c77d9cd37e2e746a0b92c2f98ab1e21301ae1fe89853b1a871,yellow,1,415,180,450,238,0.901042,0.580556,0.072917,0.161111,transition_hash_matches_yellow
transition_candidates__brightness_high__run_03__frame_020_20260820T154017_224.jpg,train,transition_candidates/brightness_high/run_03/frame_020_20260820T154017_224.jpg,3bb3f714b95e5ee7f4f95adb3d8c6f1f755c74073775ce589b49ee816cc4296c,yellow,1,417,180,454,239,0.907292,0.581944,0.077083,0.163889,transition_hash_matches_yellow
transition_candidates__brightness_high__run_03__frame_021_20260820T154017_352.jpg,train,transition_candidates/brightness_high/run_03/frame_021_20260820T154017_352.jpg,b5b702c9bbd9ab93623f6e463b2a41e0ba7b1189e17a9a9847065f41c419b9ef,yellow,1,421,180,458,240,0.915625,0.583333,0.077083,0.166667,transition_hash_matches_yellow
transition_candidates__brightness_high__run_03__frame_022_20260820T154017_475.jpg,train,transition_candidates/brightness_high/run_03/frame_022_20260820T154017_475.jpg,b5b702c9bbd9ab93623f6e463b2a41e0ba7b1189e17a9a9847065f41c419b9ef,yellow,1,421,180,458,240,0.915625,0.583333,0.077083,0.166667,transition_hash_matches_yellow
transition_candidates__brightness_high__run_03__frame_023_20260820T154017_607.jpg,train,transition_candidates/brightness_high/run_03/frame_023_20260820T154017_607.jpg,0cd8368af9166fb0a7f0985c0e486bce7aab8e702e9a09e0e0134051e4fed577,yellow,1,427,180,466,242,0.930208,0.586111,0.081250,0.172222,transition_hash_matches_yellow
transition_candidates__brightness_high__run_03__frame_024_20260820T154017_741.jpg,train,transition_candidates/brightness_high/run_03/frame_024_20260820T154017_741.jpg,fe73590f72a5830723142158c35ec9a08a3b841494cdc54dcc0ad4e6150b809d,yellow,1,431,180,470,243,0.938542,0.587500,0.081250,0.175000,transition_hash_matches_yellow
transition_candidates__brightness_high__run_03__frame_025_20260820T154017_869.jpg,train,transition_candidates/brightness_high/run_03/frame_025_20260820T154017_869.jpg,fe73590f72a5830723142158c35ec9a08a3b841494cdc54dcc0ad4e6150b809d,yellow,1,431,180,470,243,0.938542,0.587500,0.081250,0.175000,transition_hash_matches_yellow
transition_candidates__brightness_high__run_03__frame_026_20260820T154017_989.jpg,train,transition_candidates/brightness_high/run_03/frame_026_20260820T154017_989.jpg,b2c01907e2e95e02104e019f450ce2a6f7ed00dec3b914e0631e3c4d63d24411,yellow,1,438,180,478,246,0.954167,0.591667,0.083333,0.183333,transition_hash_matches_yellow
transition_candidates__brightness_high__run_03__frame_027_20260820T154018_116.jpg,train,transition_candidates/brightness_high/run_03/frame_027_20260820T154018_116.jpg,c067698b44f102efa2448493dc760847a47366601a3f5642c1eb92ee1563d469,yellow,1,440,180,478,246,0.956250,0.591667,0.079167,0.183333,transition_hash_matches_yellow
transition_candidates__brightness_high__run_03__frame_028_20260820T154018_244.jpg,train,transition_candidates/brightness_high/run_03/frame_028_20260820T154018_244.jpg,64965e0bdb1af3e95b81b9f6f1e37ca5baf37c662332e135cf742c6f9a3905d1,yellow,1,445,180,480,248,0.963542,0.594444,0.072917,0.188889,transition_hash_matches_yellow
transition_candidates__brightness_high__run_03__frame_029_20260820T154018_373.jpg,train,transition_candidates/brightness_high/run_03/frame_029_20260820T154018_373.jpg,1b7b6b26ae623c36570167700cfe6fea67da7e8a3c0cf6760e7c1c7f9f502746,yellow,1,448,180,480,233,0.966667,0.573611,0.066667,0.147222,transition_visual_review
transition_candidates__brightness_high__run_03__frame_030_20260820T154018_493.jpg,train,transition_candidates/brightness_high/run_03/frame_030_20260820T154018_493.jpg,691cab517b378a8bb3a760ce62fd56273e452af03a35ff1e16354938d4223976,,,,,,,,,,,transition_hash_matches_unclear
transition_candidates__brightness_high__run_03__frame_031_20260820T154018_617.jpg,train,transition_candidates/brightness_high/run_03/frame_031_20260820T154018_617.jpg,7396e70c2943cded4e0d2714ad7d45037780b31f654295d751c9f80f4c4eed0b,,,,,,,,,,,transition_hash_matches_unclear
transition_candidates__brightness_high__run_03__frame_032_20260820T154018_735.jpg,train,transition_candidates/brightness_high/run_03/frame_032_20260820T154018_735.jpg,8273941cfab44635b5172beeb36759a237365887b86136da835bc2aa4a2ce2bd,,,,,,,,,,,transition_hash_matches_unclear
transition_candidates__brightness_high__run_03__frame_033_20260820T154018_862.jpg,train,transition_candidates/brightness_high/run_03/frame_033_20260820T154018_862.jpg,16417fbc85bf722506db80f68d0ae4886f4fb3f9ae0303590fee6cf226b02be1,,,,,,,,,,,transition_hash_matches_unclear
transition_candidates__brightness_high__run_03__frame_034_20260820T154018_990.jpg,train,transition_candidates/brightness_high/run_03/frame_034_20260820T154018_990.jpg,16417fbc85bf722506db80f68d0ae4886f4fb3f9ae0303590fee6cf226b02be1,,,,,,,,,,,transition_hash_matches_unclear
transition_candidates__brightness_high__run_03__frame_035_20260820T154019_110.jpg,train,transition_candidates/brightness_high/run_03/frame_035_20260820T154019_110.jpg,85c330fb2eed20e4f9433ef6321f88d5ab74b10e04fffd78972d1c60253fa7fc,,,,,,,,,,,transition_hash_matches_unclear
transition_candidates__brightness_high__run_03__frame_036_20260820T154019_233.jpg,train,transition_candidates/brightness_high/run_03/frame_036_20260820T154019_233.jpg,85c330fb2eed20e4f9433ef6321f88d5ab74b10e04fffd78972d1c60253fa7fc,,,,,,,,,,,transition_hash_matches_unclear
transition_candidates__brightness_high__run_03__frame_037_20260820T154019_365.jpg,train,transition_candidates/brightness_high/run_03/frame_037_20260820T154019_365.jpg,d798247e671feec583e2469bd001f0438cf395dac641b0101f4cc4c15756c73d,,,,,,,,,,,transition_hash_red_but_no_visible_signal
transition_candidates__brightness_high__run_03__frame_038_20260820T154019_496.jpg,train,transition_candidates/brightness_high/run_03/frame_038_20260820T154019_496.jpg,ad4175e3303244a9240d0af084ffdd8dca51c642953578925e8b8bb3fff47021,,,,,,,,,,,transition_hash_red_but_no_visible_signal
transition_candidates__brightness_high__run_03__frame_039_20260820T154019_626.jpg,train,transition_candidates/brightness_high/run_03/frame_039_20260820T154019_626.jpg,368f4b5601706cd8dd336c579d4211c6798517c40265b3a2e1315e289b6721f6,,,,,,,,,,,transition_hash_red_but_no_visible_signal
transition_candidates__brightness_high__run_03__frame_040_20260820T154019_754.jpg,train,transition_candidates/brightness_high/run_03/frame_040_20260820T154019_754.jpg,72218ea3327c50ef5e85c25077ae72d30a05d6c20a62ff64a5db236eb697532d,,,,,,,,,,,transition_hash_red_but_no_visible_signal
transition_candidates__brightness_high__run_03__frame_041_20260820T154019_873.jpg,train,transition_candidates/brightness_high/run_03/frame_041_20260820T154019_873.jpg,234e390d38e1ce99320029f3023274633de28c5d73f3e940af682335757c734b,,,,,,,,,,,transition_hash_red_but_no_visible_signal
transition_candidates__brightness_high__run_03__frame_042_20260820T154019_992.jpg,train,transition_candidates/brightness_high/run_03/frame_042_20260820T154019_992.jpg,234e390d38e1ce99320029f3023274633de28c5d73f3e940af682335757c734b,,,,,,,,,,,transition_hash_red_but_no_visible_signal
transition_candidates__brightness_high__run_03__frame_043_20260820T154020_125.jpg,train,transition_candidates/brightness_high/run_03/frame_043_20260820T154020_125.jpg,bd6d7177dc3baa46e157d6b23bbc9d8a2e7b999bd77794cacc16eebdac8c6336,,,,,,,,,,,transition_hash_red_but_no_visible_signal
transition_candidates__brightness_high__run_03__frame_044_20260820T154020_249.jpg,train,transition_candidates/brightness_high/run_03/frame_044_20260820T154020_249.jpg,ba86ff06358adafb193a58ca7b1e5cf3d83816e8ff4d9498d85487c3cf9744ac,,,,,,,,,,,transition_hash_red_but_no_visible_signal
transition_candidates__brightness_high__run_03__frame_045_20260820T154020_389.jpg,train,transition_candidates/brightness_high/run_03/frame_045_20260820T154020_389.jpg,03288be6bfab4b0b883eba8d40b851a11bc458ae8c4532e46ad839d75c6ed53f,,,,,,,,,,,transition_hash_red_but_no_visible_signal
transition_candidates__brightness_high__run_03__frame_046_20260820T154020_516.jpg,train,transition_candidates/brightness_high/run_03/frame_046_20260820T154020_516.jpg,7d94bdf8862695ed5912c4aa09e6d0ab641d94fb28c5aa8a8abf049e3f4c3e3b,,,,,,,,,,,transition_hash_red_but_no_visible_signal
transition_candidates__brightness_high__run_03__frame_047_20260820T154020_649.jpg,train,transition_candidates/brightness_high/run_03/frame_047_20260820T154020_649.jpg,fe7245a99d8d921d12978fbdc2d1c5d98b1e3e4cf9a04e490084fd4448913467,,,,,,,,,,,transition_hash_red_but_no_visible_signal
transition_candidates__brightness_high__run_03__frame_048_20260820T154020_776.jpg,train,transition_candidates/brightness_high/run_03/frame_048_20260820T154020_776.jpg,f8c8089fa46df00ec0fde00297599eb9225c0f5127bb79db4b9a913cd08c3e3b,,,,,,,,,,,transition_hash_red_but_no_visible_signal
transition_candidates__brightness_high__run_03__frame_049_20260820T154020_893.jpg,train,transition_candidates/brightness_high/run_03/frame_049_20260820T154020_893.jpg,4a65f6727c0f4bbf8a54e73537b6ffe2a0f5c8b1f54e5b333e8afa34d296bdd1,,,,,,,,,,,transition_hash_red_but_no_visible_signal
transition_candidates__brightness_high__run_04__frame_000_20260820T154022_649.jpg,val,transition_candidates/brightness_high/run_04/frame_000_20260820T154022_649.jpg,11c64e13a258951f13c266467d849317889260fdae670d17047cdd1d706c64e0,green,2,337,180,352,207,0.717708,0.537500,0.031250,0.075000,transition_hash_matches_green
transition_candidates__brightness_high__run_04__frame_001_20260820T154022_784.jpg,val,transition_candidates/brightness_high/run_04/frame_001_20260820T154022_784.jpg,2dd5d5ec3d595e9df39fd8fe3ed7dd21c5f400733b8b1788c26683f43560ecf8,green,2,337,180,353,207,0.718750,0.537500,0.033333,0.075000,transition_hash_matches_green
transition_candidates__brightness_high__run_04__frame_002_20260820T154022_915.jpg,val,transition_candidates/brightness_high/run_04/frame_002_20260820T154022_915.jpg,6c9497d38bb2fcf29a9cf0d4f96eb9591ca6322f5878d48914412050aad32255,green,2,338,180,353,207,0.719792,0.537500,0.031250,0.075000,transition_hash_matches_green
transition_candidates__brightness_high__run_04__frame_003_20260820T154023_046.jpg,val,transition_candidates/brightness_high/run_04/frame_003_20260820T154023_046.jpg,4ff955e06ac6f78f026de62d3b5fb73b22df89213283922565e9c652a70f1c21,green,2,338,180,354,207,0.720833,0.537500,0.033333,0.075000,transition_hash_matches_green
transition_candidates__brightness_high__run_04__frame_004_20260820T154023_174.jpg,val,transition_candidates/brightness_high/run_04/frame_004_20260820T154023_174.jpg,4ff955e06ac6f78f026de62d3b5fb73b22df89213283922565e9c652a70f1c21,green,2,338,180,354,207,0.720833,0.537500,0.033333,0.075000,transition_hash_matches_green
transition_candidates__brightness_high__run_04__frame_005_20260820T154023_295.jpg,val,transition_candidates/brightness_high/run_04/frame_005_20260820T154023_295.jpg,a38f1b9ba4bcfa0824aefa48a44d7efa4d9dd349adbd395a8b56e8cd12790ec2,green,2,340,180,356,207,0.725000,0.537500,0.033333,0.075000,transition_hash_matches_green
transition_candidates__brightness_high__run_04__frame_006_20260820T154023_415.jpg,val,transition_candidates/brightness_high/run_04/frame_006_20260820T154023_415.jpg,d93e255c1878f203055b1d4dc3af2a8fe148406faaf73834be8e7b2203c5e6bf,green,2,341,180,357,208,0.727083,0.538889,0.033333,0.077778,transition_hash_matches_green
transition_candidates__brightness_high__run_04__frame_007_20260820T154023_547.jpg,val,transition_candidates/brightness_high/run_04/frame_007_20260820T154023_547.jpg,d93e255c1878f203055b1d4dc3af2a8fe148406faaf73834be8e7b2203c5e6bf,green,2,341,180,357,208,0.727083,0.538889,0.033333,0.077778,transition_hash_matches_green
transition_candidates__brightness_high__run_04__frame_008_20260820T154023_672.jpg,val,transition_candidates/brightness_high/run_04/frame_008_20260820T154023_672.jpg,d93e255c1878f203055b1d4dc3af2a8fe148406faaf73834be8e7b2203c5e6bf,green,2,341,180,357,208,0.727083,0.538889,0.033333,0.077778,transition_hash_matches_green
transition_candidates__brightness_high__run_04__frame_009_20260820T154023_813.jpg,val,transition_candidates/brightness_high/run_04/frame_009_20260820T154023_813.jpg,6271dc2f0f02533800955d054be46dbeea247b67cd8501f57a914380b3c859d9,yellow,1,343,180,360,208,0.732292,0.538889,0.035417,0.077778,transition_visual_review
transition_candidates__brightness_high__run_04__frame_010_20260820T154023_943.jpg,val,transition_candidates/brightness_high/run_04/frame_010_20260820T154023_943.jpg,c37021f095a2b6c1b731dd8f891f36ee35af8d63e424a92c8d437c789b5bbd39,yellow,1,344,180,360,208,0.733333,0.538889,0.033333,0.077778,transition_hash_matches_yellow
transition_candidates__brightness_high__run_04__frame_011_20260820T154024_072.jpg,val,transition_candidates/brightness_high/run_04/frame_011_20260820T154024_072.jpg,7cfc3d25be8955425e1d2347c6a8ee6a306cc3097c35fe00adccf33c1f2be7fa,yellow,1,345,180,362,209,0.736458,0.540278,0.035417,0.080556,transition_hash_matches_yellow
transition_candidates__brightness_high__run_04__frame_012_20260820T154024_206.jpg,val,transition_candidates/brightness_high/run_04/frame_012_20260820T154024_206.jpg,d6e742e15c1a065481d6c8c87160537f02015c1e7d5e70eff06bae2aeed37ad5,yellow,1,345,180,363,209,0.737500,0.540278,0.037500,0.080556,transition_hash_matches_yellow
transition_candidates__brightness_high__run_04__frame_013_20260820T154024_330.jpg,val,transition_candidates/brightness_high/run_04/frame_013_20260820T154024_330.jpg,d6e742e15c1a065481d6c8c87160537f02015c1e7d5e70eff06bae2aeed37ad5,yellow,1,345,180,363,209,0.737500,0.540278,0.037500,0.080556,transition_hash_matches_yellow
transition_candidates__brightness_high__run_04__frame_014_20260820T154024_462.jpg,val,transition_candidates/brightness_high/run_04/frame_014_20260820T154024_462.jpg,9e51cab2b9e2d73ae7b0aed138b00dd6c2052b3af86e0d9689ef0e93244005f2,yellow,1,346,180,365,209,0.740625,0.540278,0.039583,0.080556,transition_hash_matches_yellow
transition_candidates__brightness_high__run_04__frame_015_20260820T154024_593.jpg,val,transition_candidates/brightness_high/run_04/frame_015_20260820T154024_593.jpg,9e51cab2b9e2d73ae7b0aed138b00dd6c2052b3af86e0d9689ef0e93244005f2,yellow,1,346,180,365,209,0.740625,0.540278,0.039583,0.080556,transition_hash_matches_yellow
transition_candidates__brightness_high__run_04__frame_016_20260820T154024_721.jpg,val,transition_candidates/brightness_high/run_04/frame_016_20260820T154024_721.jpg,792249f08d85119fdf657bb4874c624effdbf36f02861136786c6071b8cc1f1c,yellow,1,348,180,367,210,0.744792,0.541667,0.039583,0.083333,transition_hash_matches_yellow
transition_candidates__brightness_high__run_04__frame_017_20260820T154024_853.jpg,val,transition_candidates/brightness_high/run_04/frame_017_20260820T154024_853.jpg,e449cdbf8c786fd5eeaca39cdd6ae7418205bae93e02cff98e79b6daf4208705,yellow,1,349,180,368,210,0.746875,0.541667,0.039583,0.083333,transition_hash_matches_yellow
transition_candidates__brightness_high__run_04__frame_018_20260820T154024_991.jpg,val,transition_candidates/brightness_high/run_04/frame_018_20260820T154024_991.jpg,5d2a8ff45ecb845f95e11f376f366361d8772e586a37e9e6419e713929619349,yellow,1,350,180,369,210,0.748958,0.541667,0.039583,0.083333,transition_hash_matches_yellow
transition_candidates__brightness_high__run_04__frame_019_20260820T154025_119.jpg,val,transition_candidates/brightness_high/run_04/frame_019_20260820T154025_119.jpg,68f4b9b0cedcae675f223f0d0ce15656a243da2984ef0fb26b7dbf353ef626d2,yellow,1,352,180,370,210,0.752083,0.541667,0.037500,0.083333,transition_hash_matches_yellow
transition_candidates__brightness_high__run_04__frame_020_20260820T154025_243.jpg,val,transition_candidates/brightness_high/run_04/frame_020_20260820T154025_243.jpg,b394bc76ea1d034d5ab4259b6e95a2ec248d879f334281de58da0ce3bed3fdc5,yellow,1,353,180,371,211,0.754167,0.543056,0.037500,0.086111,transition_hash_matches_yellow
transition_candidates__brightness_high__run_04__frame_021_20260820T154025_367.jpg,val,transition_candidates/brightness_high/run_04/frame_021_20260820T154025_367.jpg,c9ebc0460361519b450faa1677f216b871a34605aff77a4c40f6d62cea4f059b,yellow,1,354,180,373,211,0.757292,0.543056,0.039583,0.086111,transition_hash_matches_yellow
transition_candidates__brightness_high__run_04__frame_022_20260820T154025_501.jpg,val,transition_candidates/brightness_high/run_04/frame_022_20260820T154025_501.jpg,cb3f4c4cb89af05d069d322b861bf7b47741bfbd2d06add8d926f4cccf39961e,yellow,1,355,180,374,211,0.759375,0.543056,0.039583,0.086111,transition_hash_matches_yellow
transition_candidates__brightness_high__run_04__frame_023_20260820T154025_624.jpg,val,transition_candidates/brightness_high/run_04/frame_023_20260820T154025_624.jpg,a101e79b05e76f742eb7deeda09acd7b3547cb824f655d31e8b6969bcceff31e,yellow,1,356,180,376,211,0.762500,0.543056,0.041667,0.086111,transition_hash_matches_yellow
transition_candidates__brightness_high__run_04__frame_024_20260820T154025_746.jpg,val,transition_candidates/brightness_high/run_04/frame_024_20260820T154025_746.jpg,cd7e175b02be628befb1fec1187a4812b20eac291a821da310602d67b6f6b286,yellow,1,356,180,376,212,0.762500,0.544444,0.041667,0.088889,transition_hash_matches_yellow
transition_candidates__brightness_high__run_04__frame_025_20260820T154025_869.jpg,val,transition_candidates/brightness_high/run_04/frame_025_20260820T154025_869.jpg,9b125921bd9bd33dcda566e25402ad6a2888e96f3d953099050df348c5b95a9b,yellow,1,357,180,378,212,0.765625,0.544444,0.043750,0.088889,transition_hash_matches_yellow
transition_candidates__brightness_high__run_04__frame_026_20260820T154025_993.jpg,val,transition_candidates/brightness_high/run_04/frame_026_20260820T154025_993.jpg,4f569ba62f412e991c7c60cc73a90cc66f15e1b09d0e6175473cc612dd0aa678,yellow,1,358,180,378,212,0.766667,0.544444,0.041667,0.088889,transition_hash_matches_yellow
transition_candidates__brightness_high__run_04__frame_027_20260820T154026_116.jpg,val,transition_candidates/brightness_high/run_04/frame_027_20260820T154026_116.jpg,0965faeac9cd551c5509165127e8b4c793fe290e256dfbed73f0e7e55c791c16,yellow,1,361,180,380,212,0.771875,0.544444,0.039583,0.088889,transition_hash_matches_yellow
transition_candidates__brightness_high__run_04__frame_028_20260820T154026_242.jpg,val,transition_candidates/brightness_high/run_04/frame_028_20260820T154026_242.jpg,0965faeac9cd551c5509165127e8b4c793fe290e256dfbed73f0e7e55c791c16,yellow,1,361,180,380,212,0.771875,0.544444,0.039583,0.088889,transition_hash_matches_yellow
transition_candidates__brightness_high__run_04__frame_029_20260820T154026_364.jpg,val,transition_candidates/brightness_high/run_04/frame_029_20260820T154026_364.jpg,96cc89ef7e6e6dd06dcc7e31b8913dce008cbe8a2e592fdd38215b11648957e7,yellow,1,362,180,382,213,0.775000,0.545833,0.041667,0.091667,transition_hash_matches_yellow
transition_candidates__brightness_high__run_04__frame_030_20260820T154026_492.jpg,val,transition_candidates/brightness_high/run_04/frame_030_20260820T154026_492.jpg,74a6ea25aba362f6d2f5f2adf0458692274600a20af359e7d47e8ed629f47c44,yellow,1,363,180,383,213,0.777083,0.545833,0.041667,0.091667,transition_visual_review
transition_candidates__brightness_high__run_04__frame_031_20260820T154026_623.jpg,val,transition_candidates/brightness_high/run_04/frame_031_20260820T154026_623.jpg,2377a2be33927ff2844983a3189652f0e8f84e0e34d0c2b66ca6f1b6b2aeaac3,yellow,1,364,180,385,215,0.780208,0.548611,0.043750,0.097222,transition_visual_review
transition_candidates__brightness_high__run_04__frame_032_20260820T154026_741.jpg,val,transition_candidates/brightness_high/run_04/frame_032_20260820T154026_741.jpg,2377a2be33927ff2844983a3189652f0e8f84e0e34d0c2b66ca6f1b6b2aeaac3,yellow,1,364,180,385,215,0.780208,0.548611,0.043750,0.097222,transition_visual_review
transition_candidates__brightness_high__run_04__frame_033_20260820T154026_876.jpg,val,transition_candidates/brightness_high/run_04/frame_033_20260820T154026_876.jpg,3385a0b86b3d079c3ca1f177ae2edc1933fb118835f809ac69d810b77662662e,red,0,365,180,386,215,0.782292,0.548611,0.043750,0.097222,transition_hash_matches_red
transition_candidates__brightness_high__run_04__frame_034_20260820T154027_003.jpg,val,transition_candidates/brightness_high/run_04/frame_034_20260820T154027_003.jpg,6eaa05d6068713b004775428635d5d037c1cbc51020637568d82665a88da3106,red,0,366,180,388,215,0.785417,0.548611,0.045833,0.097222,transition_hash_matches_red
transition_candidates__brightness_high__run_04__frame_035_20260820T154027_145.jpg,val,transition_candidates/brightness_high/run_04/frame_035_20260820T154027_145.jpg,9503ceded157baa3233f4c722b3fe259444f053301b7495a4e4e4cd67454edad,red,0,367,180,390,216,0.788542,0.550000,0.047917,0.100000,transition_hash_matches_red
transition_candidates__brightness_high__run_04__frame_036_20260820T154027_273.jpg,val,transition_candidates/brightness_high/run_04/frame_036_20260820T154027_273.jpg,4e81f1eefbee1718f3ac8cfa74a90cac8cd8dca17b77ebffc9d1d773e970ac43,red,0,370,180,391,216,0.792708,0.550000,0.043750,0.100000,transition_hash_matches_red
transition_candidates__brightness_high__run_04__frame_037_20260820T154027_404.jpg,val,transition_candidates/brightness_high/run_04/frame_037_20260820T154027_404.jpg,0800b1f64d5929c438ce7336428cc8bc83499ad683147c72a2fc8f540b9ed070,red,0,371,180,392,216,0.794792,0.550000,0.043750,0.100000,transition_hash_matches_red
transition_candidates__brightness_high__run_04__frame_038_20260820T154027_530.jpg,val,transition_candidates/brightness_high/run_04/frame_038_20260820T154027_530.jpg,6db9b2aeededa23367dfd8fed0d11fa7563e241af2a6ee5715235727a6d83e0a,red,0,372,180,394,216,0.797917,0.550000,0.045833,0.100000,transition_hash_matches_red
transition_candidates__brightness_high__run_04__frame_039_20260820T154027_669.jpg,val,transition_candidates/brightness_high/run_04/frame_039_20260820T154027_669.jpg,9c49e0eeeef6bf3a09546a035478639a11049aa23f5b764b916b8a244f20777e,red,0,374,180,396,217,0.802083,0.551389,0.045833,0.102778,transition_hash_matches_red
transition_candidates__brightness_high__run_04__frame_040_20260820T154027_809.jpg,val,transition_candidates/brightness_high/run_04/frame_040_20260820T154027_809.jpg,dc4f155b393550fa85bcbd4763032b599c036a1708c93674a2f3ee911a2d0d04,red,0,375,180,397,217,0.804167,0.551389,0.045833,0.102778,transition_hash_matches_red
transition_candidates__brightness_high__run_04__frame_041_20260820T154027_939.jpg,val,transition_candidates/brightness_high/run_04/frame_041_20260820T154027_939.jpg,68dc07337e1d77230c750f0569e1b846c2d7d7afba8c1330a1e6583befc9c452,red,0,377,180,399,217,0.808333,0.551389,0.045833,0.102778,transition_hash_matches_red
transition_candidates__brightness_high__run_04__frame_042_20260820T154028_071.jpg,val,transition_candidates/brightness_high/run_04/frame_042_20260820T154028_071.jpg,addb3a7eb1a0168d9de453c6e625c2b1f47d148d2b72e922892d31e72113640d,red,0,378,180,401,217,0.811458,0.551389,0.047917,0.102778,transition_hash_matches_red
transition_candidates__brightness_high__run_04__frame_043_20260820T154028_198.jpg,val,transition_candidates/brightness_high/run_04/frame_043_20260820T154028_198.jpg,9de0445011399456fe66210911939731493c0e75260172936f822fad93a109fa,red,0,380,180,403,218,0.815625,0.552778,0.047917,0.105556,transition_hash_matches_red
transition_candidates__brightness_high__run_04__frame_044_20260820T154028_329.jpg,val,transition_candidates/brightness_high/run_04/frame_044_20260820T154028_329.jpg,b5e48295c62f349962bb93223217386f03aec41be6d8f4032fec843de56b56c1,red,0,380,180,404,218,0.816667,0.552778,0.050000,0.105556,transition_hash_matches_red
transition_candidates__brightness_high__run_04__frame_045_20260820T154028_463.jpg,val,transition_candidates/brightness_high/run_04/frame_045_20260820T154028_463.jpg,b5e48295c62f349962bb93223217386f03aec41be6d8f4032fec843de56b56c1,red,0,380,180,404,218,0.816667,0.552778,0.050000,0.105556,transition_hash_matches_red
transition_candidates__brightness_high__run_04__frame_046_20260820T154028_600.jpg,val,transition_candidates/brightness_high/run_04/frame_046_20260820T154028_600.jpg,cb05fa1082819680a8aa1e600d2c8f20f38699d286275eed414a19acc60e3b3c,red,0,380,180,404,218,0.816667,0.552778,0.050000,0.105556,transition_hash_matches_red
transition_candidates__brightness_high__run_04__frame_047_20260820T154028_734.jpg,val,transition_candidates/brightness_high/run_04/frame_047_20260820T154028_734.jpg,151e67f7618ad16099c7bd73d2173a7ed902b2d39488e8f200c41631e7e3063f,red,0,380,180,404,218,0.816667,0.552778,0.050000,0.105556,transition_hash_matches_red
transition_candidates__brightness_high__run_04__frame_048_20260820T154028_861.jpg,val,transition_candidates/brightness_high/run_04/frame_048_20260820T154028_861.jpg,7c1fb31a9484c1cfffbc2562487d8ad7c0153006e05e9e9e4aa1a5463ebd765f,red,0,380,180,404,218,0.816667,0.552778,0.050000,0.105556,transition_hash_matches_red
transition_candidates__brightness_high__run_04__frame_049_20260820T154028_986.jpg,val,transition_candidates/brightness_high/run_04/frame_049_20260820T154028_986.jpg,b5c688f4aa176573c713e245d9c4d867c8fc047ea9aa4e204e3884d75ea243c7,red,0,380,180,404,218,0.816667,0.552778,0.050000,0.105556,transition_hash_matches_red
transition_candidates__brightness_high__run_05__frame_000_20260820T154030_740.jpg,test,transition_candidates/brightness_high/run_05/frame_000_20260820T154030_740.jpg,5fcc3e3e1748171dce82365ee007cab50622b9b6434d843e7d8533931a5ad83f,green,2,260,180,276,208,0.558333,0.538889,0.033333,0.077778,transition_hash_matches_green
transition_candidates__brightness_high__run_05__frame_001_20260820T154030_889.jpg,test,transition_candidates/brightness_high/run_05/frame_001_20260820T154030_889.jpg,71435dd2e70f6bbb31f6ff41521f16be27c63912df6014f71c6c595de816dfd3,green,2,260,180,276,209,0.558333,0.540278,0.033333,0.080556,transition_hash_matches_green
transition_candidates__brightness_high__run_05__frame_002_20260820T154031_009.jpg,test,transition_candidates/brightness_high/run_05/frame_002_20260820T154031_009.jpg,04e14be4f16076d66b1a92b048a7617c082921f067a89b64839dbd0f1ad785c4,green,2,260,180,276,209,0.558333,0.540278,0.033333,0.080556,transition_hash_matches_green
transition_candidates__brightness_high__run_05__frame_003_20260820T154031_132.jpg,test,transition_candidates/brightness_high/run_05/frame_003_20260820T154031_132.jpg,04e14be4f16076d66b1a92b048a7617c082921f067a89b64839dbd0f1ad785c4,green,2,260,180,276,209,0.558333,0.540278,0.033333,0.080556,transition_hash_matches_green
transition_candidates__brightness_high__run_05__frame_004_20260820T154031_266.jpg,test,transition_candidates/brightness_high/run_05/frame_004_20260820T154031_266.jpg,9b539b522406b6fb9c3384c796c4318c8b5c84b4ab427724826540ba4a660d7b,green,2,260,180,276,209,0.558333,0.540278,0.033333,0.080556,transition_hash_matches_green
transition_candidates__brightness_high__run_05__frame_005_20260820T154031_401.jpg,test,transition_candidates/brightness_high/run_05/frame_005_20260820T154031_401.jpg,9b539b522406b6fb9c3384c796c4318c8b5c84b4ab427724826540ba4a660d7b,green,2,260,180,276,209,0.558333,0.540278,0.033333,0.080556,transition_hash_matches_green
transition_candidates__brightness_high__run_05__frame_006_20260820T154031_522.jpg,test,transition_candidates/brightness_high/run_05/frame_006_20260820T154031_522.jpg,1c6221eff6e429d500a917a4519a7df3896c04f20a06b8a678ac39cccf6f7531,green,2,260,180,277,210,0.559375,0.541667,0.035417,0.083333,transition_hash_matches_green
transition_candidates__brightness_high__run_05__frame_007_20260820T154031_649.jpg,test,transition_candidates/brightness_high/run_05/frame_007_20260820T154031_649.jpg,6c7095b3204f99daa377316d0d2eb914313c1d8260feec06f9a8431c9d661355,,,,,,,,,,,transition_visual_review_empty
transition_candidates__brightness_high__run_05__frame_008_20260820T154031_770.jpg,test,transition_candidates/brightness_high/run_05/frame_008_20260820T154031_770.jpg,ac8e75babde763b079c8bad90e6ac4a284c07b49afdded57a1841c34b2e7d27c,,,,,,,,,,,transition_hash_matches_unclear
transition_candidates__brightness_high__run_05__frame_009_20260820T154031_896.jpg,test,transition_candidates/brightness_high/run_05/frame_009_20260820T154031_896.jpg,b3de26645446a80486f4c05dcfef51059b3934ffc304a26dc3f8fa3c7aea1504,yellow,1,261,180,278,210,0.561458,0.541667,0.035417,0.083333,transition_visual_review
transition_candidates__brightness_high__run_05__frame_010_20260820T154032_016.jpg,test,transition_candidates/brightness_high/run_05/frame_010_20260820T154032_016.jpg,90dbacbab90e0ec727a5e598852c72a3943f183e51542aedeb5a4e01c0c0cd13,yellow,1,261,180,278,210,0.561458,0.541667,0.035417,0.083333,transition_hash_matches_yellow
transition_candidates__brightness_high__run_05__frame_011_20260820T154032_138.jpg,test,transition_candidates/brightness_high/run_05/frame_011_20260820T154032_138.jpg,084f56e1836bb2187b150ab986537f3542f23c61039631b65b08c5e5890f2c4e,yellow,1,261,180,278,210,0.561458,0.541667,0.035417,0.083333,transition_hash_matches_yellow
transition_candidates__brightness_high__run_05__frame_012_20260820T154032_266.jpg,test,transition_candidates/brightness_high/run_05/frame_012_20260820T154032_266.jpg,19816dd2d83e03fdadcb9541eac7d5b1900110f03a1041ac2aadb78446196cd1,yellow,1,261,180,279,211,0.562500,0.543056,0.037500,0.086111,transition_hash_matches_yellow
transition_candidates__brightness_high__run_05__frame_013_20260820T154032_399.jpg,test,transition_candidates/brightness_high/run_05/frame_013_20260820T154032_399.jpg,ef21d92816f75aafbfbbf47c5f095b3276d55132a5022f07af314ea117bb97a1,yellow,1,261,180,279,211,0.562500,0.543056,0.037500,0.086111,transition_hash_matches_yellow
transition_candidates__brightness_high__run_05__frame_014_20260820T154032_521.jpg,test,transition_candidates/brightness_high/run_05/frame_014_20260820T154032_521.jpg,c025aef6ff7b009dd93cb8c17fc0601ba7bfa8feb2ae97b629f2169d8486ea26,yellow,1,262,180,279,211,0.563542,0.543056,0.035417,0.086111,transition_hash_matches_yellow
transition_candidates__brightness_high__run_05__frame_015_20260820T154032_650.jpg,test,transition_candidates/brightness_high/run_05/frame_015_20260820T154032_650.jpg,6f6517adf4f2c397432529386bf64739cde9c0fb07b443e507e5e121d39df383,yellow,1,262,180,279,211,0.563542,0.543056,0.035417,0.086111,transition_hash_matches_yellow
transition_candidates__brightness_high__run_05__frame_016_20260820T154032_774.jpg,test,transition_candidates/brightness_high/run_05/frame_016_20260820T154032_774.jpg,8c8830ba1cb64066755b3f14b797367e2084312a931143f479ae1da6c12477ee,yellow,1,262,180,280,212,0.564583,0.544444,0.037500,0.088889,transition_hash_matches_yellow
transition_candidates__brightness_high__run_05__frame_017_20260820T154032_907.jpg,test,transition_candidates/brightness_high/run_05/frame_017_20260820T154032_907.jpg,af32318f2d68b006b044c499fea3033eb3f90906dbf0a1259b86ae31ca8c1ab9,yellow,1,262,180,280,212,0.564583,0.544444,0.037500,0.088889,transition_hash_matches_yellow
transition_candidates__brightness_high__run_05__frame_018_20260820T154033_043.jpg,test,transition_candidates/brightness_high/run_05/frame_018_20260820T154033_043.jpg,3466f385a9a53647864c5e78150e485869b1720ce714d8e9a724fb052afa5e38,yellow,1,262,180,281,212,0.565625,0.544444,0.039583,0.088889,transition_hash_matches_yellow
transition_candidates__brightness_high__run_05__frame_019_20260820T154033_165.jpg,test,transition_candidates/brightness_high/run_05/frame_019_20260820T154033_165.jpg,644bb563f24be498fc2c8fb53854d3677bd25452f1807f49bc8feab026eb50ae,yellow,1,262,180,281,212,0.565625,0.544444,0.039583,0.088889,transition_hash_matches_yellow
transition_candidates__brightness_high__run_05__frame_020_20260820T154033_296.jpg,test,transition_candidates/brightness_high/run_05/frame_020_20260820T154033_296.jpg,644bb563f24be498fc2c8fb53854d3677bd25452f1807f49bc8feab026eb50ae,yellow,1,262,180,281,212,0.565625,0.544444,0.039583,0.088889,transition_hash_matches_yellow
transition_candidates__brightness_high__run_05__frame_021_20260820T154033_427.jpg,test,transition_candidates/brightness_high/run_05/frame_021_20260820T154033_427.jpg,fdf1b71f1bfc7e80f5fb85da2a554c2e1953cf444847cd498dcb4d51f51dc925,yellow,1,263,180,281,213,0.566667,0.545833,0.037500,0.091667,transition_hash_matches_yellow
transition_candidates__brightness_high__run_05__frame_022_20260820T154033_549.jpg,test,transition_candidates/brightness_high/run_05/frame_022_20260820T154033_549.jpg,3492a0094819fe03421105e39f687da559df84e96c2a460d4da81f9bfbb1f98f,yellow,1,263,180,282,213,0.567708,0.545833,0.039583,0.091667,transition_hash_matches_yellow
transition_candidates__brightness_high__run_05__frame_023_20260820T154033_673.jpg,test,transition_candidates/brightness_high/run_05/frame_023_20260820T154033_673.jpg,18bd5619f6ef74ae8e72f54ae44ee5eb3363771eda5b83b352319ba7f02e5db4,yellow,1,263,180,282,213,0.567708,0.545833,0.039583,0.091667,transition_hash_matches_yellow
transition_candidates__brightness_high__run_05__frame_024_20260820T154033_799.jpg,test,transition_candidates/brightness_high/run_05/frame_024_20260820T154033_799.jpg,18bd5619f6ef74ae8e72f54ae44ee5eb3363771eda5b83b352319ba7f02e5db4,yellow,1,263,180,282,213,0.567708,0.545833,0.039583,0.091667,transition_hash_matches_yellow
transition_candidates__brightness_high__run_05__frame_025_20260820T154033_924.jpg,test,transition_candidates/brightness_high/run_05/frame_025_20260820T154033_924.jpg,a216374457d0127af8cbe78936917699f10acc5615b85c5923f317fd37715f51,yellow,1,264,180,283,214,0.569792,0.547222,0.039583,0.094444,transition_hash_matches_yellow
transition_candidates__brightness_high__run_05__frame_026_20260820T154034_058.jpg,test,transition_candidates/brightness_high/run_05/frame_026_20260820T154034_058.jpg,5b45738868f3b6f7af2230cc3a96aa597fd93e0a092f940ccc594ecda43b50cf,yellow,1,264,180,283,214,0.569792,0.547222,0.039583,0.094444,transition_hash_matches_yellow
transition_candidates__brightness_high__run_05__frame_027_20260820T154034_185.jpg,test,transition_candidates/brightness_high/run_05/frame_027_20260820T154034_185.jpg,6cc4aa26f354edcb5c042dd9b5d584377f49eac24e02c27e7839f895e4f06770,yellow,1,264,180,284,215,0.570833,0.548611,0.041667,0.097222,transition_hash_matches_yellow
transition_candidates__brightness_high__run_05__frame_028_20260820T154034_309.jpg,test,transition_candidates/brightness_high/run_05/frame_028_20260820T154034_309.jpg,f3e9db64ad71b43eee9cc6359ed34989037f943dd71948ebee2235bdb8e1e916,yellow,1,264,180,285,215,0.571875,0.548611,0.043750,0.097222,transition_hash_matches_yellow
transition_candidates__brightness_high__run_05__frame_029_20260820T154034_431.jpg,test,transition_candidates/brightness_high/run_05/frame_029_20260820T154034_431.jpg,b9fbbba431d7049415945bc6e8a3280320e0785b3f6af946f71b9bf280076a5e,yellow,1,265,180,286,215,0.573958,0.548611,0.043750,0.097222,transition_hash_matches_yellow
transition_candidates__brightness_high__run_05__frame_030_20260820T154034_550.jpg,test,transition_candidates/brightness_high/run_05/frame_030_20260820T154034_550.jpg,eaed679ce6b6b1a5710263287e1396b8a2bc3fb7a18eab84e6234717edbccb44,yellow,1,265,180,286,216,0.573958,0.550000,0.043750,0.100000,transition_visual_review
transition_candidates__brightness_high__run_05__frame_031_20260820T154034_680.jpg,test,transition_candidates/brightness_high/run_05/frame_031_20260820T154034_680.jpg,d76fd8aada1f1e1a181b2de150aeae25cb2ade99625440d13b987c272705fd42,yellow,1,266,180,286,217,0.575000,0.551389,0.041667,0.102778,transition_visual_review
transition_candidates__brightness_high__run_05__frame_032_20260820T154034_809.jpg,test,transition_candidates/brightness_high/run_05/frame_032_20260820T154034_809.jpg,ca56e2449aca5fb42583ca9112bd2b600db4a638245306578c6cd30f1a920372,,,,,,,,,,,transition_visual_review_empty
transition_candidates__brightness_high__run_05__frame_033_20260820T154034_931.jpg,test,transition_candidates/brightness_high/run_05/frame_033_20260820T154034_931.jpg,eae969cd419b3557da50b412378b827fa9a8203b747de449826542d1b5d20a29,red,0,266,180,287,217,0.576042,0.551389,0.043750,0.102778,transition_hash_matches_red
transition_candidates__brightness_high__run_05__frame_034_20260820T154035_070.jpg,test,transition_candidates/brightness_high/run_05/frame_034_20260820T154035_070.jpg,bfdbebe9852b524c1b8e497062e47068ae361fd322ae2377c300a1bede161808,red,0,267,180,287,218,0.577083,0.552778,0.041667,0.105556,transition_hash_matches_red
transition_candidates__brightness_high__run_05__frame_035_20260820T154035_210.jpg,test,transition_candidates/brightness_high/run_05/frame_035_20260820T154035_210.jpg,3b45aab10e6027bd829c83f312a2db80504fa64b2012ce9e440fdd6be3ce2086,red,0,267,180,288,218,0.578125,0.552778,0.043750,0.105556,transition_hash_matches_red
transition_candidates__brightness_high__run_05__frame_036_20260820T154035_339.jpg,test,transition_candidates/brightness_high/run_05/frame_036_20260820T154035_339.jpg,3b45aab10e6027bd829c83f312a2db80504fa64b2012ce9e440fdd6be3ce2086,red,0,267,180,288,218,0.578125,0.552778,0.043750,0.105556,transition_hash_matches_red
transition_candidates__brightness_high__run_05__frame_037_20260820T154035_467.jpg,test,transition_candidates/brightness_high/run_05/frame_037_20260820T154035_467.jpg,8d898fa5e9cd20f1f6738b8e1b908de243da6b7f4e1bef7dfe72a11a0f25e216,red,0,267,180,289,219,0.579167,0.554167,0.045833,0.108333,transition_hash_matches_red
transition_candidates__brightness_high__run_05__frame_038_20260820T154035_598.jpg,test,transition_candidates/brightness_high/run_05/frame_038_20260820T154035_598.jpg,47d84097db400111a7036ef6193eec914b4db769044685f9ead6244952338225,red,0,268,180,290,219,0.581250,0.554167,0.045833,0.108333,transition_hash_matches_red
transition_candidates__brightness_high__run_05__frame_039_20260820T154035_729.jpg,test,transition_candidates/brightness_high/run_05/frame_039_20260820T154035_729.jpg,f50ae50f0d32b34e02ba3a355bcc702ed9ce698937de8cde492379026d4da335,red,0,268,180,290,220,0.581250,0.555556,0.045833,0.111111,transition_hash_matches_red
transition_candidates__brightness_high__run_05__frame_040_20260820T154035_864.jpg,test,transition_candidates/brightness_high/run_05/frame_040_20260820T154035_864.jpg,9da10a76df9978059ebbfb20936e81ecdc29a72482c3aa6ee3ab8db261dfe2b6,red,0,268,180,290,220,0.581250,0.555556,0.045833,0.111111,transition_hash_matches_red
transition_candidates__brightness_high__run_05__frame_041_20260820T154035_985.jpg,test,transition_candidates/brightness_high/run_05/frame_041_20260820T154035_985.jpg,9da10a76df9978059ebbfb20936e81ecdc29a72482c3aa6ee3ab8db261dfe2b6,red,0,268,180,290,220,0.581250,0.555556,0.045833,0.111111,transition_hash_matches_red
transition_candidates__brightness_high__run_05__frame_042_20260820T154036_123.jpg,test,transition_candidates/brightness_high/run_05/frame_042_20260820T154036_123.jpg,8d28ec59197330dcf29a4c47b7e9ef80745dd263f496216dcca0ea9b3c27c021,red,0,269,180,292,221,0.584375,0.556944,0.047917,0.113889,transition_hash_matches_red
transition_candidates__brightness_high__run_05__frame_043_20260820T154036_266.jpg,test,transition_candidates/brightness_high/run_05/frame_043_20260820T154036_266.jpg,e29fba5a92a9aba71d2ac7d56a6546e1cccc638218259c7d29e721d7567e9b78,red,0,269,180,292,221,0.584375,0.556944,0.047917,0.113889,transition_hash_matches_red
transition_candidates__brightness_high__run_05__frame_044_20260820T154036_392.jpg,test,transition_candidates/brightness_high/run_05/frame_044_20260820T154036_392.jpg,e1cce04d04fad2787bd7cc4cd83b6350eb53dbbf424f635c49a6ad6f2c1be944,red,0,269,180,293,222,0.585417,0.558333,0.050000,0.116667,transition_hash_matches_red
transition_candidates__brightness_high__run_05__frame_045_20260820T154036_510.jpg,test,transition_candidates/brightness_high/run_05/frame_045_20260820T154036_510.jpg,42e31f827a315c5a123b70f67bbc25f7fbf8a08b8bad3b139943c7141867cb48,red,0,269,180,293,222,0.585417,0.558333,0.050000,0.116667,transition_hash_matches_red
transition_candidates__brightness_high__run_05__frame_046_20260820T154036_635.jpg,test,transition_candidates/brightness_high/run_05/frame_046_20260820T154036_635.jpg,42e31f827a315c5a123b70f67bbc25f7fbf8a08b8bad3b139943c7141867cb48,red,0,269,180,293,222,0.585417,0.558333,0.050000,0.116667,transition_hash_matches_red
transition_candidates__brightness_high__run_05__frame_047_20260820T154036_753.jpg,test,transition_candidates/brightness_high/run_05/frame_047_20260820T154036_753.jpg,c6c219a9b1f3d9e10722bb0f4bdd76908699c7abf22e4fb5e1227214ce255d92,red,0,269,180,293,222,0.585417,0.558333,0.050000,0.116667,transition_hash_matches_red
transition_candidates__brightness_high__run_05__frame_048_20260820T154036_873.jpg,test,transition_candidates/brightness_high/run_05/frame_048_20260820T154036_873.jpg,5785b377a3f4ca1ca725e83ce3badd64439451c06be07537f3f9781e139d7847,red,0,269,180,293,222,0.585417,0.558333,0.050000,0.116667,transition_hash_matches_red
transition_candidates__brightness_high__run_05__frame_049_20260820T154037_002.jpg,test,transition_candidates/brightness_high/run_05/frame_049_20260820T154037_002.jpg,8d624b5f31cc3f1b6b017858e6f9d073f94a9eab179daadcd240335387b8f0c5,red,0,269,180,293,222,0.585417,0.558333,0.050000,0.116667,transition_hash_matches_red
transition_candidates__brightness_low__run_01__frame_000_20260820T154156_979.jpg,train,transition_candidates/brightness_low/run_01/frame_000_20260820T154156_979.jpg,419d1992a49ac5e4c5b72c78bc547400200d81e4a22854f7d2e4f6062ee916ee,green,2,301,180,313,202,0.639583,0.530556,0.025000,0.061111,transition_hash_matches_green
transition_candidates__brightness_low__run_01__frame_001_20260820T154157_104.jpg,train,transition_candidates/brightness_low/run_01/frame_001_20260820T154157_104.jpg,419d1992a49ac5e4c5b72c78bc547400200d81e4a22854f7d2e4f6062ee916ee,green,2,301,180,313,202,0.639583,0.530556,0.025000,0.061111,transition_hash_matches_green
transition_candidates__brightness_low__run_01__frame_002_20260820T154157_235.jpg,train,transition_candidates/brightness_low/run_01/frame_002_20260820T154157_235.jpg,ac6db149f85ceefcb46c01928be8464271bd0e6a19530dc1683b4062e4b716e7,green,2,301,180,314,202,0.640625,0.530556,0.027083,0.061111,transition_hash_matches_green
transition_candidates__brightness_low__run_01__frame_003_20260820T154157_363.jpg,train,transition_candidates/brightness_low/run_01/frame_003_20260820T154157_363.jpg,e409b189711979b33273c98ba174e240241f8e98b951a3d708a7f051adb460f5,green,2,302,180,314,202,0.641667,0.530556,0.025000,0.061111,transition_hash_matches_green
transition_candidates__brightness_low__run_01__frame_004_20260820T154157_488.jpg,train,transition_candidates/brightness_low/run_01/frame_004_20260820T154157_488.jpg,192c1c35a95f645f66331f99831a64d070ce3846f8c32181d826644e033f2b5d,green,2,302,180,315,202,0.642708,0.530556,0.027083,0.061111,transition_hash_matches_green
transition_candidates__brightness_low__run_01__frame_005_20260820T154157_615.jpg,train,transition_candidates/brightness_low/run_01/frame_005_20260820T154157_615.jpg,192c1c35a95f645f66331f99831a64d070ce3846f8c32181d826644e033f2b5d,green,2,302,180,315,202,0.642708,0.530556,0.027083,0.061111,transition_hash_matches_green
transition_candidates__brightness_low__run_01__frame_006_20260820T154157_733.jpg,train,transition_candidates/brightness_low/run_01/frame_006_20260820T154157_733.jpg,d3fc0173e12f9773e04e6d6439ef8ca5fdb5f26398fd45d09e125de575e7efd4,green,2,303,180,315,203,0.643750,0.531944,0.025000,0.063889,transition_hash_matches_green
transition_candidates__brightness_low__run_01__frame_007_20260820T154157_860.jpg,train,transition_candidates/brightness_low/run_01/frame_007_20260820T154157_860.jpg,3bc3ae09850ca68909a2406d0a55d15f577fe1a0654984b8035fab7b53aa296c,green,2,303,180,315,203,0.643750,0.531944,0.025000,0.063889,transition_visual_review
transition_candidates__brightness_low__run_01__frame_008_20260820T154157_988.jpg,train,transition_candidates/brightness_low/run_01/frame_008_20260820T154157_988.jpg,3bc3ae09850ca68909a2406d0a55d15f577fe1a0654984b8035fab7b53aa296c,green,2,303,180,315,203,0.643750,0.531944,0.025000,0.063889,transition_visual_review
transition_candidates__brightness_low__run_01__frame_009_20260820T154158_126.jpg,train,transition_candidates/brightness_low/run_01/frame_009_20260820T154158_126.jpg,abcda97f76e3deac5a93ca0179dd4d92222e1033a1cc871c58475ebc09606037,yellow,1,304,180,316,202,0.645833,0.530556,0.025000,0.061111,transition_visual_review
transition_candidates__brightness_low__run_01__frame_010_20260820T154158_255.jpg,train,transition_candidates/brightness_low/run_01/frame_010_20260820T154158_255.jpg,918f6bc82b08565475138fa8e54ed0c88e80a9c28b7c382ffc8a2949267bfc20,yellow,1,304,180,316,202,0.645833,0.530556,0.025000,0.061111,transition_hash_matches_yellow
transition_candidates__brightness_low__run_01__frame_011_20260820T154158_379.jpg,train,transition_candidates/brightness_low/run_01/frame_011_20260820T154158_379.jpg,24b07c428ee34ae1697e65d38cbe2b3f65312a9a010f3d0075df59305e8b0c70,yellow,1,305,180,317,202,0.647917,0.530556,0.025000,0.061111,transition_hash_matches_yellow
transition_candidates__brightness_low__run_01__frame_012_20260820T154158_516.jpg,train,transition_candidates/brightness_low/run_01/frame_012_20260820T154158_516.jpg,4cb3e93b43f9f1851db875906720227ada430edeb571e491e31ef72f7508b513,yellow,1,305,180,318,202,0.648958,0.530556,0.027083,0.061111,transition_hash_matches_yellow
transition_candidates__brightness_low__run_01__frame_013_20260820T154158_652.jpg,train,transition_candidates/brightness_low/run_01/frame_013_20260820T154158_652.jpg,1fef9e3f68303d7da17d34ec8d1fe694fd66cedaf3813f9c2048332e5dd30009,yellow,1,305,180,318,202,0.648958,0.530556,0.027083,0.061111,transition_hash_matches_yellow
transition_candidates__brightness_low__run_01__frame_014_20260820T154158_781.jpg,train,transition_candidates/brightness_low/run_01/frame_014_20260820T154158_781.jpg,0d2ed1e3deff9b1834a605ba9b282e485c7fcdbc281587d4631742b5652fd09a,yellow,1,306,180,319,202,0.651042,0.530556,0.027083,0.061111,transition_hash_matches_yellow
transition_candidates__brightness_low__run_01__frame_015_20260820T154158_906.jpg,train,transition_candidates/brightness_low/run_01/frame_015_20260820T154158_906.jpg,8fef189ec6a7ab6cc95bf7ca4c53c3f5115d890a866d8d49d17830b3110cc34b,yellow,1,306,180,319,203,0.651042,0.531944,0.027083,0.063889,transition_hash_matches_yellow
transition_candidates__brightness_low__run_01__frame_016_20260820T154159_031.jpg,train,transition_candidates/brightness_low/run_01/frame_016_20260820T154159_031.jpg,7c4ead85282cd94921c4ed6db3e601caa21bbc8d789034955f464bb571ef54a0,yellow,1,306,180,320,203,0.652083,0.531944,0.029167,0.063889,transition_hash_matches_yellow
transition_candidates__brightness_low__run_01__frame_017_20260820T154159_151.jpg,train,transition_candidates/brightness_low/run_01/frame_017_20260820T154159_151.jpg,7c4ead85282cd94921c4ed6db3e601caa21bbc8d789034955f464bb571ef54a0,yellow,1,306,180,320,203,0.652083,0.531944,0.029167,0.063889,transition_hash_matches_yellow
transition_candidates__brightness_low__run_01__frame_018_20260820T154159_278.jpg,train,transition_candidates/brightness_low/run_01/frame_018_20260820T154159_278.jpg,741443e1516b35352f3e35eb41513c90fdb68efdd260fc0c5c8077d9e0449995,yellow,1,307,180,321,203,0.654167,0.531944,0.029167,0.063889,transition_hash_matches_yellow
transition_candidates__brightness_low__run_01__frame_019_20260820T154159_410.jpg,train,transition_candidates/brightness_low/run_01/frame_019_20260820T154159_410.jpg,daebf4a986e5598d2ba907599df4e70563c350d34717a4a90ed96d763fad850f,yellow,1,308,180,321,204,0.655208,0.533333,0.027083,0.066667,transition_hash_matches_yellow
transition_candidates__brightness_low__run_01__frame_020_20260820T154159_543.jpg,train,transition_candidates/brightness_low/run_01/frame_020_20260820T154159_543.jpg,342ee565a0455b6ca67b2a1dc4ea404d64c885797b1f38e1c8b7e8cdd67c63bd,yellow,1,308,180,321,204,0.655208,0.533333,0.027083,0.066667,transition_hash_matches_yellow
transition_candidates__brightness_low__run_01__frame_021_20260820T154159_662.jpg,train,transition_candidates/brightness_low/run_01/frame_021_20260820T154159_662.jpg,0e071e6c61c3bae61cd604a081f24e085c8bee9e49da4dd5bba7d16463348cf3,yellow,1,310,180,322,203,0.658333,0.531944,0.025000,0.063889,transition_hash_matches_yellow
transition_candidates__brightness_low__run_01__frame_022_20260820T154159_784.jpg,train,transition_candidates/brightness_low/run_01/frame_022_20260820T154159_784.jpg,e83f3dc91d0b16e1d0ae32a035d91e2a0cbaefa47f7ca830ce3b53f7f969add2,yellow,1,310,180,322,204,0.658333,0.533333,0.025000,0.066667,transition_hash_matches_yellow
transition_candidates__brightness_low__run_01__frame_023_20260820T154159_910.jpg,train,transition_candidates/brightness_low/run_01/frame_023_20260820T154159_910.jpg,e46a2299bca0b2b3d37b4cb22906ac1d070c3031fd0703775c7ad600337189a3,yellow,1,310,180,323,205,0.659375,0.534722,0.027083,0.069444,transition_hash_matches_yellow
transition_candidates__brightness_low__run_01__frame_024_20260820T154200_039.jpg,train,transition_candidates/brightness_low/run_01/frame_024_20260820T154200_039.jpg,e46a2299bca0b2b3d37b4cb22906ac1d070c3031fd0703775c7ad600337189a3,yellow,1,310,180,323,205,0.659375,0.534722,0.027083,0.069444,transition_hash_matches_yellow
transition_candidates__brightness_low__run_01__frame_025_20260820T154200_175.jpg,train,transition_candidates/brightness_low/run_01/frame_025_20260820T154200_175.jpg,7b885340f52ccd354e5cdc7ba3f2748d329007604ff054821684d3c5e3bb425d,yellow,1,311,180,324,205,0.661458,0.534722,0.027083,0.069444,transition_hash_matches_yellow
transition_candidates__brightness_low__run_01__frame_026_20260820T154200_296.jpg,train,transition_candidates/brightness_low/run_01/frame_026_20260820T154200_296.jpg,4e0f301c23a72dd67c5bb4d6c51f3c81fe488a3680c66c4d28f2ed31952f7f95,yellow,1,311,180,324,205,0.661458,0.534722,0.027083,0.069444,transition_hash_matches_yellow
transition_candidates__brightness_low__run_01__frame_027_20260820T154200_421.jpg,train,transition_candidates/brightness_low/run_01/frame_027_20260820T154200_421.jpg,2e7238c53c2191769f5b82f5a1a89ff051e6a8b04af5df69c7b3c1b777efd57f,yellow,1,312,180,325,205,0.663542,0.534722,0.027083,0.069444,transition_hash_matches_yellow
transition_candidates__brightness_low__run_01__frame_028_20260820T154200_547.jpg,train,transition_candidates/brightness_low/run_01/frame_028_20260820T154200_547.jpg,0290605298c2695213ef55d750da45d4c15684defc74f860c8617c211cfeb407,yellow,1,312,180,326,204,0.664583,0.533333,0.029167,0.066667,transition_hash_matches_yellow
transition_candidates__brightness_low__run_01__frame_029_20260820T154200_672.jpg,train,transition_candidates/brightness_low/run_01/frame_029_20260820T154200_672.jpg,c2f670defddd8adeeeec362f9564c2f63bfd6ba2a360532befef3bfe9058bbea,yellow,1,312,180,326,205,0.664583,0.534722,0.029167,0.069444,transition_hash_matches_yellow
transition_candidates__brightness_low__run_01__frame_030_20260820T154200_797.jpg,train,transition_candidates/brightness_low/run_01/frame_030_20260820T154200_797.jpg,bbec282c4a12c65e606cc132b5be09f1bf3884b0cbdb67cc9238c5a2dad43660,yellow,1,313,180,328,206,0.667708,0.536111,0.031250,0.072222,transition_visual_review
transition_candidates__brightness_low__run_01__frame_031_20260820T154200_930.jpg,train,transition_candidates/brightness_low/run_01/frame_031_20260820T154200_930.jpg,910601e0d4ae4d357cfc5d1f936c6c97494f30ce43cc95985aebc17060840c81,yellow,1,313,180,328,206,0.667708,0.536111,0.031250,0.072222,transition_visual_review
transition_candidates__brightness_low__run_01__frame_032_20260820T154201_064.jpg,train,transition_candidates/brightness_low/run_01/frame_032_20260820T154201_064.jpg,bc759a88f96fd57b127d3d6f773bf844e603c6ab122fe5bc7caaa9e3f6e27237,,,,,,,,,,,transition_hash_matches_unclear
transition_candidates__brightness_low__run_01__frame_033_20260820T154201_201.jpg,train,transition_candidates/brightness_low/run_01/frame_033_20260820T154201_201.jpg,bc759a88f96fd57b127d3d6f773bf844e603c6ab122fe5bc7caaa9e3f6e27237,,,,,,,,,,,transition_hash_matches_unclear
transition_candidates__brightness_low__run_01__frame_034_20260820T154201_322.jpg,train,transition_candidates/brightness_low/run_01/frame_034_20260820T154201_322.jpg,bc759a88f96fd57b127d3d6f773bf844e603c6ab122fe5bc7caaa9e3f6e27237,,,,,,,,,,,transition_hash_matches_unclear
transition_candidates__brightness_low__run_01__frame_035_20260820T154201_452.jpg,train,transition_candidates/brightness_low/run_01/frame_035_20260820T154201_452.jpg,7a6404937d9fa5e43b5eae52cf8fcf0312f15243ff1a46046bc81618306ad749,red,0,315,180,330,205,0.671875,0.534722,0.031250,0.069444,transition_hash_matches_red
transition_candidates__brightness_low__run_01__frame_036_20260820T154201_583.jpg,train,transition_candidates/brightness_low/run_01/frame_036_20260820T154201_583.jpg,7a6404937d9fa5e43b5eae52cf8fcf0312f15243ff1a46046bc81618306ad749,red,0,315,180,330,205,0.671875,0.534722,0.031250,0.069444,transition_hash_matches_red
transition_candidates__brightness_low__run_01__frame_037_20260820T154201_720.jpg,train,transition_candidates/brightness_low/run_01/frame_037_20260820T154201_720.jpg,277268a5376741cee31ce5488f65fceb8ca34e8083854ca9e60fdad28d27456b,red,0,315,180,331,207,0.672917,0.537500,0.033333,0.075000,transition_hash_matches_red
transition_candidates__brightness_low__run_01__frame_038_20260820T154201_853.jpg,train,transition_candidates/brightness_low/run_01/frame_038_20260820T154201_853.jpg,ae0dcedbfe267d4d89c8d748f0b3614500612f5358d33b866e92e5c61fd0bb67,red,0,316,180,332,207,0.675000,0.537500,0.033333,0.075000,transition_hash_matches_red
transition_candidates__brightness_low__run_01__frame_039_20260820T154201_985.jpg,train,transition_candidates/brightness_low/run_01/frame_039_20260820T154201_985.jpg,a90df99b3632e27e9324f09f86fbbab6da8e98d3104814331e7d34606c8d14f4,red,0,317,180,334,207,0.678125,0.537500,0.035417,0.075000,transition_hash_matches_red
transition_candidates__brightness_low__run_01__frame_040_20260820T154202_127.jpg,train,transition_candidates/brightness_low/run_01/frame_040_20260820T154202_127.jpg,65900f698501ac5f2b8042c23a8fc9f4fde73e924865079ee584a64c2b528b96,red,0,318,180,334,207,0.679167,0.537500,0.033333,0.075000,transition_hash_matches_red
transition_candidates__brightness_low__run_01__frame_041_20260820T154202_269.jpg,train,transition_candidates/brightness_low/run_01/frame_041_20260820T154202_269.jpg,54703bd62525cb97a06d257cbbf02903a59e32e2c3dde44d151aecbfcb814ca5,red,0,319,180,334,206,0.680208,0.536111,0.031250,0.072222,transition_hash_matches_red
transition_candidates__brightness_low__run_01__frame_042_20260820T154202_402.jpg,train,transition_candidates/brightness_low/run_01/frame_042_20260820T154202_402.jpg,e944a1d3d8bd1b89bdcbde10800b34ee8773a6bdc598c9bc468bbcbe4eff1df0,red,0,319,180,335,208,0.681250,0.538889,0.033333,0.077778,transition_hash_matches_red
transition_candidates__brightness_low__run_01__frame_043_20260820T154202_531.jpg,train,transition_candidates/brightness_low/run_01/frame_043_20260820T154202_531.jpg,8fbdb8f755afbfffd37ca0da05865c6a69256bf58f1313cf74a94a03d36ec9a4,red,0,320,180,337,208,0.684375,0.538889,0.035417,0.077778,transition_hash_matches_red
transition_candidates__brightness_low__run_01__frame_044_20260820T154202_663.jpg,train,transition_candidates/brightness_low/run_01/frame_044_20260820T154202_663.jpg,8fbdb8f755afbfffd37ca0da05865c6a69256bf58f1313cf74a94a03d36ec9a4,red,0,320,180,337,208,0.684375,0.538889,0.035417,0.077778,transition_hash_matches_red
transition_candidates__brightness_low__run_01__frame_045_20260820T154202_799.jpg,train,transition_candidates/brightness_low/run_01/frame_045_20260820T154202_799.jpg,e2e46407c62e487b633ea0def15f637591308a491822201a205394960fa5fb3b,red,0,320,180,337,208,0.684375,0.538889,0.035417,0.077778,transition_hash_matches_red
transition_candidates__brightness_low__run_01__frame_046_20260820T154202_933.jpg,train,transition_candidates/brightness_low/run_01/frame_046_20260820T154202_933.jpg,aa460ea52a8ab56db6117bc44a2ad4507106f2b393d92b0d3e6ddf421778a0e2,red,0,320,180,337,208,0.684375,0.538889,0.035417,0.077778,transition_hash_matches_red
transition_candidates__brightness_low__run_01__frame_047_20260820T154203_067.jpg,train,transition_candidates/brightness_low/run_01/frame_047_20260820T154203_067.jpg,e317129a08340d0d5bb52b6e6e9a08a633d6fab1fe187f384fc71543c09f1aa4,red,0,320,180,337,208,0.684375,0.538889,0.035417,0.077778,transition_hash_matches_red
transition_candidates__brightness_low__run_01__frame_048_20260820T154203_199.jpg,train,transition_candidates/brightness_low/run_01/frame_048_20260820T154203_199.jpg,d92648f7116e713c6d6db612d7588f83f8303e44a85a26cf3c282fdc644b4f84,red,0,320,180,337,208,0.684375,0.538889,0.035417,0.077778,transition_hash_matches_red
transition_candidates__brightness_low__run_01__frame_049_20260820T154203_332.jpg,train,transition_candidates/brightness_low/run_01/frame_049_20260820T154203_332.jpg,d92648f7116e713c6d6db612d7588f83f8303e44a85a26cf3c282fdc644b4f84,red,0,320,180,337,208,0.684375,0.538889,0.035417,0.077778,transition_hash_matches_red
transition_candidates__brightness_low__run_02__frame_000_20260820T154205_059.jpg,train,transition_candidates/brightness_low/run_02/frame_000_20260820T154205_059.jpg,b2e324ddeba4adf1c57d000292ab74538a281b0f782b4718535946ab88a36f68,green,2,322,180,339,209,0.688542,0.540278,0.035417,0.080556,transition_hash_matches_green
transition_candidates__brightness_low__run_02__frame_001_20260820T154205_197.jpg,train,transition_candidates/brightness_low/run_02/frame_001_20260820T154205_197.jpg,b1278e1ff1936c73f178bddeb28974beaf04a17b45995e4d803698793bc588f8,green,2,322,180,340,209,0.689583,0.540278,0.037500,0.080556,transition_hash_matches_green
transition_candidates__brightness_low__run_02__frame_002_20260820T154205_336.jpg,train,transition_candidates/brightness_low/run_02/frame_002_20260820T154205_336.jpg,975816a47a1057fc21ba17bf571b46651aa560ab21e4d4ff13764515dcd17ba7,green,2,323,180,341,209,0.691667,0.540278,0.037500,0.080556,transition_hash_matches_green
transition_candidates__brightness_low__run_02__frame_003_20260820T154205_460.jpg,train,transition_candidates/brightness_low/run_02/frame_003_20260820T154205_460.jpg,ae5b99bca8df6197e77140b47f285ac5a1deb2d4cab245507a38ce32f8151bd3,green,2,324,180,341,209,0.692708,0.540278,0.035417,0.080556,transition_hash_matches_green
transition_candidates__brightness_low__run_02__frame_004_20260820T154205_583.jpg,train,transition_candidates/brightness_low/run_02/frame_004_20260820T154205_583.jpg,27ddf9eeffbf782c26c1d1f689fd83fa80efb50b2ff8bcb039e95da90e997a42,green,2,324,180,342,209,0.693750,0.540278,0.037500,0.080556,transition_hash_matches_green
transition_candidates__brightness_low__run_02__frame_005_20260820T154205_701.jpg,train,transition_candidates/brightness_low/run_02/frame_005_20260820T154205_701.jpg,27ddf9eeffbf782c26c1d1f689fd83fa80efb50b2ff8bcb039e95da90e997a42,green,2,324,180,342,209,0.693750,0.540278,0.037500,0.080556,transition_hash_matches_green
transition_candidates__brightness_low__run_02__frame_006_20260820T154205_819.jpg,train,transition_candidates/brightness_low/run_02/frame_006_20260820T154205_819.jpg,12701f0b65366b2321e6d555518af92acbd904fdb72da6751cad62f0ce751176,green,2,326,180,344,210,0.697917,0.541667,0.037500,0.083333,transition_hash_matches_green
transition_candidates__brightness_low__run_02__frame_007_20260820T154205_942.jpg,train,transition_candidates/brightness_low/run_02/frame_007_20260820T154205_942.jpg,149cfc32231afdab7602d76eb155c2c6187550da3cd33469e58f038cb1042d15,green,2,327,180,345,210,0.700000,0.541667,0.037500,0.083333,transition_visual_review
transition_candidates__brightness_low__run_02__frame_008_20260820T154206_062.jpg,train,transition_candidates/brightness_low/run_02/frame_008_20260820T154206_062.jpg,fed3f97b467d8a53706e739af0c77d696bb17acd39e04aa2732e0190add350d4,yellow,1,327,180,345,210,0.700000,0.541667,0.037500,0.083333,transition_visual_review
transition_candidates__brightness_low__run_02__frame_009_20260820T154206_191.jpg,train,transition_candidates/brightness_low/run_02/frame_009_20260820T154206_191.jpg,fed3f97b467d8a53706e739af0c77d696bb17acd39e04aa2732e0190add350d4,yellow,1,327,180,345,210,0.700000,0.541667,0.037500,0.083333,transition_visual_review
transition_candidates__brightness_low__run_02__frame_010_20260820T154206_312.jpg,train,transition_candidates/brightness_low/run_02/frame_010_20260820T154206_312.jpg,4d194cd373c7246be4e36bc90d79d2d08373746b82ff9b282c0f84dd4604dcde,yellow,1,328,180,346,209,0.702083,0.540278,0.037500,0.080556,transition_hash_matches_yellow
transition_candidates__brightness_low__run_02__frame_011_20260820T154206_436.jpg,train,transition_candidates/brightness_low/run_02/frame_011_20260820T154206_436.jpg,d915c7e9e723919787d58b5e36fe3165814771ec4b970d9b761c01580702595f,yellow,1,329,180,347,210,0.704167,0.541667,0.037500,0.083333,transition_hash_matches_yellow
transition_candidates__brightness_low__run_02__frame_012_20260820T154206_573.jpg,train,transition_candidates/brightness_low/run_02/frame_012_20260820T154206_573.jpg,51e95301748281e8ea8ef141d2fcc57fc9756d3ee3387d6529d94ec465b10516,yellow,1,330,180,348,210,0.706250,0.541667,0.037500,0.083333,transition_hash_matches_yellow
transition_candidates__brightness_low__run_02__frame_013_20260820T154206_709.jpg,train,transition_candidates/brightness_low/run_02/frame_013_20260820T154206_709.jpg,5400b14cc102541bffbe3a092667e94f2a28bb8597ab5f839e1bbe979706346a,yellow,1,331,180,349,210,0.708333,0.541667,0.037500,0.083333,transition_hash_matches_yellow
transition_candidates__brightness_low__run_02__frame_014_20260820T154206_855.jpg,train,transition_candidates/brightness_low/run_02/frame_014_20260820T154206_855.jpg,fe3a11ab564535cd5d2e2481d1f34d946011c88d0738325f49f29172eb7959d1,yellow,1,331,180,350,210,0.709375,0.541667,0.039583,0.083333,transition_hash_matches_yellow
transition_candidates__brightness_low__run_02__frame_015_20260820T154206_974.jpg,train,transition_candidates/brightness_low/run_02/frame_015_20260820T154206_974.jpg,adff17f275b20f8cb3f1836a367977836f228dd558817770fd60414a16cbf98a,yellow,1,332,180,351,211,0.711458,0.543056,0.039583,0.086111,transition_hash_matches_yellow
transition_candidates__brightness_low__run_02__frame_016_20260820T154207_100.jpg,train,transition_candidates/brightness_low/run_02/frame_016_20260820T154207_100.jpg,adff17f275b20f8cb3f1836a367977836f228dd558817770fd60414a16cbf98a,yellow,1,332,180,351,211,0.711458,0.543056,0.039583,0.086111,transition_hash_matches_yellow
transition_candidates__brightness_low__run_02__frame_017_20260820T154207_226.jpg,train,transition_candidates/brightness_low/run_02/frame_017_20260820T154207_226.jpg,9a33ef5e2f7db2a79160a8717b10a78bc3d1262339ecd55ba545541396449cdf,yellow,1,334,180,352,211,0.714583,0.543056,0.037500,0.086111,transition_hash_matches_yellow
transition_candidates__brightness_low__run_02__frame_018_20260820T154207_356.jpg,train,transition_candidates/brightness_low/run_02/frame_018_20260820T154207_356.jpg,5a7c552b7d05761db4e0769877b8646b02d4b5353c2c1394b548f93b7f703a72,yellow,1,335,180,353,211,0.716667,0.543056,0.037500,0.086111,transition_hash_matches_yellow
transition_candidates__brightness_low__run_02__frame_019_20260820T154207_489.jpg,train,transition_candidates/brightness_low/run_02/frame_019_20260820T154207_489.jpg,09be88bcb5fe8e714db4cbefb7e3dbc6db8ca820304f03bd99363f059b8dd1d8,yellow,1,336,180,355,211,0.719792,0.543056,0.039583,0.086111,transition_hash_matches_yellow
transition_candidates__brightness_low__run_02__frame_020_20260820T154207_612.jpg,train,transition_candidates/brightness_low/run_02/frame_020_20260820T154207_612.jpg,a18f13917f7e996c0002919ddd161f33261e2c4a83224b1c3881c70319a0f11e,yellow,1,337,180,356,212,0.721875,0.544444,0.039583,0.088889,transition_hash_matches_yellow
transition_candidates__brightness_low__run_02__frame_021_20260820T154207_738.jpg,train,transition_candidates/brightness_low/run_02/frame_021_20260820T154207_738.jpg,854579b29e2eea80fabd53248060e988f6a18f9d72086dec245edb47384ffa88,yellow,1,337,180,357,212,0.722917,0.544444,0.041667,0.088889,transition_hash_matches_yellow
transition_candidates__brightness_low__run_02__frame_022_20260820T154207_867.jpg,train,transition_candidates/brightness_low/run_02/frame_022_20260820T154207_867.jpg,c4249ce25ee68087a64664c900b3ef60c21567c24145a7abb28965421fcefe3b,yellow,1,338,180,358,212,0.725000,0.544444,0.041667,0.088889,transition_hash_matches_yellow
transition_candidates__brightness_low__run_02__frame_023_20260820T154207_991.jpg,train,transition_candidates/brightness_low/run_02/frame_023_20260820T154207_991.jpg,354f4b2eaacafdc1b4f8b9c56a62ec485ee2c75bbe958485bc9e1eb295003897,yellow,1,339,180,359,213,0.727083,0.545833,0.041667,0.091667,transition_hash_matches_yellow
transition_candidates__brightness_low__run_02__frame_024_20260820T154208_120.jpg,train,transition_candidates/brightness_low/run_02/frame_024_20260820T154208_120.jpg,e3ac94da2168affb70c7f83bf17b6d5e85bf46884ecf34ff558ed9aa8cc0dab9,yellow,1,340,180,360,213,0.729167,0.545833,0.041667,0.091667,transition_hash_matches_yellow
transition_candidates__brightness_low__run_02__frame_025_20260820T154208_244.jpg,train,transition_candidates/brightness_low/run_02/frame_025_20260820T154208_244.jpg,76f93e5f793d10ff68a4a12c7ce9a39fdc0bb4de6514f78c40a1d9365b77ece1,yellow,1,341,180,361,213,0.731250,0.545833,0.041667,0.091667,transition_hash_matches_yellow
transition_candidates__brightness_low__run_02__frame_026_20260820T154208_360.jpg,train,transition_candidates/brightness_low/run_02/frame_026_20260820T154208_360.jpg,0dad2d3c17e9d535ee4aee296ba4901bd35642f9fc2e9d28ffdb7113614ae64b,yellow,1,342,180,363,214,0.734375,0.547222,0.043750,0.094444,transition_hash_matches_yellow
transition_candidates__brightness_low__run_02__frame_027_20260820T154208_483.jpg,train,transition_candidates/brightness_low/run_02/frame_027_20260820T154208_483.jpg,a83b1e5280f4174cbbc375dfa0e10a19ea501908a16ec1c4c8cd75442fcce45c,yellow,1,343,180,364,215,0.736458,0.548611,0.043750,0.097222,transition_hash_matches_yellow
transition_candidates__brightness_low__run_02__frame_028_20260820T154208_607.jpg,train,transition_candidates/brightness_low/run_02/frame_028_20260820T154208_607.jpg,a83b1e5280f4174cbbc375dfa0e10a19ea501908a16ec1c4c8cd75442fcce45c,yellow,1,343,180,364,215,0.736458,0.548611,0.043750,0.097222,transition_hash_matches_yellow
transition_candidates__brightness_low__run_02__frame_029_20260820T154208_734.jpg,train,transition_candidates/brightness_low/run_02/frame_029_20260820T154208_734.jpg,1daa30a03ce45c5c8d220a44b2406beb628bf75895ecac80d798f3f325dd2af4,yellow,1,345,180,366,215,0.740625,0.548611,0.043750,0.097222,transition_hash_matches_yellow
transition_candidates__brightness_low__run_02__frame_030_20260820T154208_869.jpg,train,transition_candidates/brightness_low/run_02/frame_030_20260820T154208_869.jpg,8b18cbab13c51ff06c744bca5b6d2c4e3e80d98abe7043ac65b2d02f9cc02c3b,yellow,1,346,180,368,216,0.743750,0.550000,0.045833,0.100000,transition_visual_review
transition_candidates__brightness_low__run_02__frame_031_20260820T154209_004.jpg,train,transition_candidates/brightness_low/run_02/frame_031_20260820T154209_004.jpg,8b18cbab13c51ff06c744bca5b6d2c4e3e80d98abe7043ac65b2d02f9cc02c3b,yellow,1,346,180,368,216,0.743750,0.550000,0.045833,0.100000,transition_visual_review
transition_candidates__brightness_low__run_02__frame_032_20260820T154209_126.jpg,train,transition_candidates/brightness_low/run_02/frame_032_20260820T154209_126.jpg,8b18cbab13c51ff06c744bca5b6d2c4e3e80d98abe7043ac65b2d02f9cc02c3b,yellow,1,346,180,368,216,0.743750,0.550000,0.045833,0.100000,transition_visual_review
transition_candidates__brightness_low__run_02__frame_033_20260820T154209_253.jpg,train,transition_candidates/brightness_low/run_02/frame_033_20260820T154209_253.jpg,5743db924bfd961e21d2af833140cbf4b14f8c96e25d24a3fb08cc342ca0b8cb,red,0,348,180,370,216,0.747917,0.550000,0.045833,0.100000,transition_hash_matches_red
transition_candidates__brightness_low__run_02__frame_034_20260820T154209_386.jpg,train,transition_candidates/brightness_low/run_02/frame_034_20260820T154209_386.jpg,1ffa023861c95e8c9b2cdbd64bff4224437fe3b9a248fce1de61cc9eb259eb0a,red,0,349,180,371,217,0.750000,0.551389,0.045833,0.102778,transition_hash_matches_red
transition_candidates__brightness_low__run_02__frame_035_20260820T154209_520.jpg,train,transition_candidates/brightness_low/run_02/frame_035_20260820T154209_520.jpg,91cb152ffca4427ce9fc2a3a59fba3b7a516dc9e669e6aa8a8e10b9c4b04d902,red,0,351,180,374,217,0.755208,0.551389,0.047917,0.102778,transition_hash_matches_red
transition_candidates__brightness_low__run_02__frame_036_20260820T154209_640.jpg,train,transition_candidates/brightness_low/run_02/frame_036_20260820T154209_640.jpg,f0fb35ac5865270f474904ace04313759f19560f0ab125fd82f17ba67bb3df72,red,0,352,180,375,217,0.757292,0.551389,0.047917,0.102778,transition_hash_matches_red
transition_candidates__brightness_low__run_02__frame_037_20260820T154209_758.jpg,train,transition_candidates/brightness_low/run_02/frame_037_20260820T154209_758.jpg,817a7596c53cd2f2223b0487bfccf73dfe24cdaee38852801c4c330e8a7a83d2,red,0,353,180,376,218,0.759375,0.552778,0.047917,0.105556,transition_hash_matches_red
transition_candidates__brightness_low__run_02__frame_038_20260820T154209_883.jpg,train,transition_candidates/brightness_low/run_02/frame_038_20260820T154209_883.jpg,042429f08f92ab255add68d6d7f5a278c5420ba1c7cac5fcad2a1d0ad93b8861,red,0,354,180,377,218,0.761458,0.552778,0.047917,0.105556,transition_hash_matches_red
transition_candidates__brightness_low__run_02__frame_039_20260820T154210_011.jpg,train,transition_candidates/brightness_low/run_02/frame_039_20260820T154210_011.jpg,499fd8f57d3d9f53ebd230858564b6d08efb38e09e057ea1a96214b2b6c035c9,red,0,356,180,379,219,0.765625,0.554167,0.047917,0.108333,transition_hash_matches_red
transition_candidates__brightness_low__run_02__frame_040_20260820T154210_139.jpg,train,transition_candidates/brightness_low/run_02/frame_040_20260820T154210_139.jpg,6709bd3fe7f79ee9dea3d569a4088e95eea89bcde7c7c4263a3cf4eb630bf3be,red,0,357,180,381,219,0.768750,0.554167,0.050000,0.108333,transition_hash_matches_red
transition_candidates__brightness_low__run_02__frame_041_20260820T154210_261.jpg,train,transition_candidates/brightness_low/run_02/frame_041_20260820T154210_261.jpg,737f9f44b6fa087516f672d0e06606b1560a3271cebb0a91209a96ef9f605cb1,red,0,358,180,382,219,0.770833,0.554167,0.050000,0.108333,transition_hash_matches_red
transition_candidates__brightness_low__run_02__frame_042_20260820T154210_385.jpg,train,transition_candidates/brightness_low/run_02/frame_042_20260820T154210_385.jpg,d9b785033404083091dcc87fa0a14d833eb221ebca1f1e8ed52110108adf3365,red,0,359,180,383,220,0.772917,0.555556,0.050000,0.111111,transition_hash_matches_red
transition_candidates__brightness_low__run_02__frame_043_20260820T154210_516.jpg,train,transition_candidates/brightness_low/run_02/frame_043_20260820T154210_516.jpg,710ae6a25601dc6372d9d627f2145eaec1e2b4c5a1bc94c777220b59fb90566e,red,0,361,180,385,220,0.777083,0.555556,0.050000,0.111111,transition_hash_matches_red
transition_candidates__brightness_low__run_02__frame_044_20260820T154210_637.jpg,train,transition_candidates/brightness_low/run_02/frame_044_20260820T154210_637.jpg,710ae6a25601dc6372d9d627f2145eaec1e2b4c5a1bc94c777220b59fb90566e,red,0,361,180,385,220,0.777083,0.555556,0.050000,0.111111,transition_hash_matches_red
transition_candidates__brightness_low__run_02__frame_045_20260820T154210_762.jpg,train,transition_candidates/brightness_low/run_02/frame_045_20260820T154210_762.jpg,305b1937d5ffc591a914e2853baabecfb0b073ad1b352378128ae43fb788dc0f,red,0,362,180,386,220,0.779167,0.555556,0.050000,0.111111,transition_hash_matches_red
transition_candidates__brightness_low__run_02__frame_046_20260820T154210_880.jpg,train,transition_candidates/brightness_low/run_02/frame_046_20260820T154210_880.jpg,62daf0e6914509c418b7f9aa16693ea5b6213601b99789d8acb046bc81e2c851,red,0,362,180,386,220,0.779167,0.555556,0.050000,0.111111,transition_hash_matches_red
transition_candidates__brightness_low__run_02__frame_047_20260820T154211_019.jpg,train,transition_candidates/brightness_low/run_02/frame_047_20260820T154211_019.jpg,62daf0e6914509c418b7f9aa16693ea5b6213601b99789d8acb046bc81e2c851,red,0,362,180,386,220,0.779167,0.555556,0.050000,0.111111,transition_hash_matches_red
transition_candidates__brightness_low__run_02__frame_048_20260820T154211_148.jpg,train,transition_candidates/brightness_low/run_02/frame_048_20260820T154211_148.jpg,c0a9f69c6694ce38a6d88b419dc9b7e965a4742d1eb3f49f2b1b3b7a97e6ec63,red,0,362,180,386,220,0.779167,0.555556,0.050000,0.111111,transition_hash_matches_red
transition_candidates__brightness_low__run_02__frame_049_20260820T154211_271.jpg,train,transition_candidates/brightness_low/run_02/frame_049_20260820T154211_271.jpg,7129e109fce536125ecff6953e2b7e225c35cea018dc7f776d59e6417d90cd23,red,0,362,180,386,220,0.779167,0.555556,0.050000,0.111111,transition_hash_matches_red
transition_candidates__brightness_low__run_03__frame_000_20260820T154213_009.jpg,train,transition_candidates/brightness_low/run_03/frame_000_20260820T154213_009.jpg,064bd277f18816b9a1f41369944fcf063bbdd3d8ab56b75a8a15665f151ed653,green,2,376,180,403,225,0.811458,0.562500,0.056250,0.125000,transition_hash_matches_green
transition_candidates__brightness_low__run_03__frame_001_20260820T154213_136.jpg,train,transition_candidates/brightness_low/run_03/frame_001_20260820T154213_136.jpg,a84a81abb7c98ef9ad7a710bdd1f2c147defeb6cf9114b9188ca63878201d6c6,green,2,376,180,403,225,0.811458,0.562500,0.056250,0.125000,transition_hash_matches_green
transition_candidates__brightness_low__run_03__frame_002_20260820T154213_254.jpg,train,transition_candidates/brightness_low/run_03/frame_002_20260820T154213_254.jpg,a84a81abb7c98ef9ad7a710bdd1f2c147defeb6cf9114b9188ca63878201d6c6,green,2,376,180,403,225,0.811458,0.562500,0.056250,0.125000,transition_hash_matches_green
transition_candidates__brightness_low__run_03__frame_003_20260820T154213_374.jpg,train,transition_candidates/brightness_low/run_03/frame_003_20260820T154213_374.jpg,2b3af0bc14a062472882f2a707c0b6b55a33ac477af8a196fbe12ebd5c9ccc38,green,2,379,180,408,226,0.819792,0.563889,0.060417,0.127778,transition_hash_matches_green
transition_candidates__brightness_low__run_03__frame_004_20260820T154213_493.jpg,train,transition_candidates/brightness_low/run_03/frame_004_20260820T154213_493.jpg,cee5ae5c68a9b4d5574dbb7fd98a1f2ca1256ba7e9dee7dd35785fbe737574c1,green,2,381,180,410,227,0.823958,0.565278,0.060417,0.130556,transition_hash_matches_green
transition_candidates__brightness_low__run_03__frame_005_20260820T154213_616.jpg,train,transition_candidates/brightness_low/run_03/frame_005_20260820T154213_616.jpg,cee5ae5c68a9b4d5574dbb7fd98a1f2ca1256ba7e9dee7dd35785fbe737574c1,green,2,381,180,410,227,0.823958,0.565278,0.060417,0.130556,transition_hash_matches_green
transition_candidates__brightness_low__run_03__frame_006_20260820T154213_739.jpg,train,transition_candidates/brightness_low/run_03/frame_006_20260820T154213_739.jpg,9e8066df3568eb56c879c3925ba08db08383da894d1ea99e8269de5f3bceb6fa,green,2,384,180,413,228,0.830208,0.566667,0.060417,0.133333,transition_hash_matches_green
transition_candidates__brightness_low__run_03__frame_007_20260820T154213_862.jpg,train,transition_candidates/brightness_low/run_03/frame_007_20260820T154213_862.jpg,e483838da28fffe0d236a81d8c4363977ae982e0e1893d336b130a505b900537,green,2,387,180,416,229,0.836458,0.568056,0.060417,0.136111,transition_visual_review
transition_candidates__brightness_low__run_03__frame_008_20260820T154213_985.jpg,train,transition_candidates/brightness_low/run_03/frame_008_20260820T154213_985.jpg,ca55d046cd60e38848b71f54e1faf9259a0f2d12aab7a2c1e6f9d3906e4afd6b,,,,,,,,,,,transition_visual_review_empty
transition_candidates__brightness_low__run_03__frame_009_20260820T154214_104.jpg,train,transition_candidates/brightness_low/run_03/frame_009_20260820T154214_104.jpg,4e351e00d253d9eb08eb80518123a997f8b41693d4bfed9bf93de2d186df8b26,yellow,1,390,180,420,230,0.843750,0.569444,0.062500,0.138889,transition_hash_matches_yellow
transition_candidates__brightness_low__run_03__frame_010_20260820T154214_223.jpg,train,transition_candidates/brightness_low/run_03/frame_010_20260820T154214_223.jpg,c4f8f7096e89255b26684f2dfa1b8dbf197d63f0a244797bdee08a8244618b11,yellow,1,391,180,421,230,0.845833,0.569444,0.062500,0.138889,transition_hash_matches_yellow
transition_candidates__brightness_low__run_03__frame_011_20260820T154214_347.jpg,train,transition_candidates/brightness_low/run_03/frame_011_20260820T154214_347.jpg,c4f8f7096e89255b26684f2dfa1b8dbf197d63f0a244797bdee08a8244618b11,yellow,1,391,180,421,230,0.845833,0.569444,0.062500,0.138889,transition_hash_matches_yellow
transition_candidates__brightness_low__run_03__frame_012_20260820T154214_481.jpg,train,transition_candidates/brightness_low/run_03/frame_012_20260820T154214_481.jpg,757d1591ff292c2b3c6b9978b44b968e52aa52980624a5750eb5b83a94022084,yellow,1,395,180,427,231,0.856250,0.570833,0.066667,0.141667,transition_hash_matches_yellow
transition_candidates__brightness_low__run_03__frame_013_20260820T154214_604.jpg,train,transition_candidates/brightness_low/run_03/frame_013_20260820T154214_604.jpg,757d1591ff292c2b3c6b9978b44b968e52aa52980624a5750eb5b83a94022084,yellow,1,395,180,427,231,0.856250,0.570833,0.066667,0.141667,transition_hash_matches_yellow
transition_candidates__brightness_low__run_03__frame_014_20260820T154214_736.jpg,train,transition_candidates/brightness_low/run_03/frame_014_20260820T154214_736.jpg,64c818802e37809b59b748e76b7e182a3a1dbb5f3dfbb2cdaf2df521f203cce8,yellow,1,400,180,433,233,0.867708,0.573611,0.068750,0.147222,transition_hash_matches_yellow
transition_candidates__brightness_low__run_03__frame_015_20260820T154214_867.jpg,train,transition_candidates/brightness_low/run_03/frame_015_20260820T154214_867.jpg,881959a690be9a07faff320acd0a99a883d1ad8f78f2ca5bee628c28890bc9c5,yellow,1,402,180,436,234,0.872917,0.575000,0.070833,0.150000,transition_hash_matches_yellow
transition_candidates__brightness_low__run_03__frame_016_20260820T154215_003.jpg,train,transition_candidates/brightness_low/run_03/frame_016_20260820T154215_003.jpg,5e1bb9f95ee31f8624a0d16a44bc08b185cd430feaf077191372686895d9eb80,yellow,1,405,180,439,235,0.879167,0.576389,0.070833,0.152778,transition_hash_matches_yellow
transition_candidates__brightness_low__run_03__frame_017_20260820T154215_139.jpg,train,transition_candidates/brightness_low/run_03/frame_017_20260820T154215_139.jpg,5e1bb9f95ee31f8624a0d16a44bc08b185cd430feaf077191372686895d9eb80,yellow,1,405,180,439,235,0.879167,0.576389,0.070833,0.152778,transition_hash_matches_yellow
transition_candidates__brightness_low__run_03__frame_018_20260820T154215_295.jpg,train,transition_candidates/brightness_low/run_03/frame_018_20260820T154215_295.jpg,3b39b7b0ab8e85a02f333c9d2c32aa9aef90a2047f7c733b9f74549acb7af4d0,yellow,1,409,180,444,236,0.888542,0.577778,0.072917,0.155556,transition_hash_matches_yellow
transition_candidates__brightness_low__run_03__frame_019_20260820T154215_435.jpg,train,transition_candidates/brightness_low/run_03/frame_019_20260820T154215_435.jpg,af1857cc3986fb61ee1b79c0611838fa2214de4d517ec2faf9d59a63ba9c8408,yellow,1,414,180,449,237,0.898958,0.579167,0.072917,0.158333,transition_hash_matches_yellow
transition_candidates__brightness_low__run_03__frame_020_20260820T154215_562.jpg,train,transition_candidates/brightness_low/run_03/frame_020_20260820T154215_562.jpg,af1857cc3986fb61ee1b79c0611838fa2214de4d517ec2faf9d59a63ba9c8408,yellow,1,414,180,449,237,0.898958,0.579167,0.072917,0.158333,transition_hash_matches_yellow
transition_candidates__brightness_low__run_03__frame_021_20260820T154215_696.jpg,train,transition_candidates/brightness_low/run_03/frame_021_20260820T154215_696.jpg,194dfcc3f02e8f2adf74705ed395053a8748196619392bf8ffd8db0aee0f5372,yellow,1,419,180,457,239,0.912500,0.581944,0.079167,0.163889,transition_hash_matches_yellow
transition_candidates__brightness_low__run_03__frame_022_20260820T154215_830.jpg,train,transition_candidates/brightness_low/run_03/frame_022_20260820T154215_830.jpg,437d5e82d303d1b61920641cf2acdde99d1612feb5071dcd7c50befeade97ea1,yellow,1,423,180,460,241,0.919792,0.584722,0.077083,0.169444,transition_hash_matches_yellow
transition_candidates__brightness_low__run_03__frame_023_20260820T154215_966.jpg,train,transition_candidates/brightness_low/run_03/frame_023_20260820T154215_966.jpg,9cf14a43520d6d521f47358519a03bf00bd35e82aade52b1f096b9672f185cf5,yellow,1,426,180,464,242,0.927083,0.586111,0.079167,0.172222,transition_hash_matches_yellow
transition_candidates__brightness_low__run_03__frame_024_20260820T154216_089.jpg,train,transition_candidates/brightness_low/run_03/frame_024_20260820T154216_089.jpg,f8e48cf31200acd3306888906012accb6022e46bed4f08f751b26c58fb086364,yellow,1,430,180,469,243,0.936458,0.587500,0.081250,0.175000,transition_hash_matches_yellow
transition_candidates__brightness_low__run_03__frame_025_20260820T154216_219.jpg,train,transition_candidates/brightness_low/run_03/frame_025_20260820T154216_219.jpg,e970e6c276d2d0df964130cef3e1d4749ba16906592be854efdc7b4d410199be,yellow,1,431,180,471,243,0.939583,0.587500,0.083333,0.175000,transition_hash_matches_yellow
transition_candidates__brightness_low__run_03__frame_026_20260820T154216_343.jpg,train,transition_candidates/brightness_low/run_03/frame_026_20260820T154216_343.jpg,c3dbf564a6e965b529416a0a50a8b7d77d6407df3c7d8956870bd381af2c68a8,yellow,1,436,180,477,245,0.951042,0.590278,0.085417,0.180556,transition_hash_matches_yellow
transition_candidates__brightness_low__run_03__frame_027_20260820T154216_471.jpg,train,transition_candidates/brightness_low/run_03/frame_027_20260820T154216_471.jpg,197eb9edfc7f3a20cf2197455eb46071133fb1be9fa0fd196f945283bf4f524f,yellow,1,440,180,478,246,0.956250,0.591667,0.079167,0.183333,transition_hash_matches_yellow
transition_candidates__brightness_low__run_03__frame_028_20260820T154216_590.jpg,train,transition_candidates/brightness_low/run_03/frame_028_20260820T154216_590.jpg,7234bc661a90151ed631e0cc6db33ef7ba1aa6b18d9ae77b79bc98fa87606c3b,yellow,1,444,180,480,248,0.962500,0.594444,0.075000,0.188889,transition_hash_matches_yellow
transition_candidates__brightness_low__run_03__frame_029_20260820T154216_712.jpg,train,transition_candidates/brightness_low/run_03/frame_029_20260820T154216_712.jpg,7234bc661a90151ed631e0cc6db33ef7ba1aa6b18d9ae77b79bc98fa87606c3b,yellow,1,444,180,480,248,0.962500,0.594444,0.075000,0.188889,transition_hash_matches_yellow
transition_candidates__brightness_low__run_03__frame_030_20260820T154216_843.jpg,train,transition_candidates/brightness_low/run_03/frame_030_20260820T154216_843.jpg,f2b4d03d1e09c9cd3230ff44359b21d9cdc193d6d53f5c29e5d22cbbba4bf97d,,,,,,,,,,,transition_hash_matches_unclear
transition_candidates__brightness_low__run_03__frame_031_20260820T154216_962.jpg,train,transition_candidates/brightness_low/run_03/frame_031_20260820T154216_962.jpg,c8a56180aec9bf900b24995e998b2af2cf21a79068e3c94af07fe7d7494c3bb3,,,,,,,,,,,transition_hash_matches_unclear
transition_candidates__brightness_low__run_03__frame_032_20260820T154217_087.jpg,train,transition_candidates/brightness_low/run_03/frame_032_20260820T154217_087.jpg,c8a56180aec9bf900b24995e998b2af2cf21a79068e3c94af07fe7d7494c3bb3,,,,,,,,,,,transition_hash_matches_unclear
transition_candidates__brightness_low__run_03__frame_033_20260820T154217_210.jpg,train,transition_candidates/brightness_low/run_03/frame_033_20260820T154217_210.jpg,210fc8c482bdd218cd013332377575dc4715c45c4db3d3df5cc7f4def692426b,,,,,,,,,,,transition_hash_matches_unclear
transition_candidates__brightness_low__run_03__frame_034_20260820T154217_346.jpg,train,transition_candidates/brightness_low/run_03/frame_034_20260820T154217_346.jpg,de48f67a8a0f1c84a28aec9c1b821ef36f177bc6fcab07449185519907e7f505,,,,,,,,,,,transition_hash_matches_unclear
transition_candidates__brightness_low__run_03__frame_035_20260820T154217_475.jpg,train,transition_candidates/brightness_low/run_03/frame_035_20260820T154217_475.jpg,cfc35a0c80561997312bd88e3daa32c6630e0ed4c7c480ee2bef787da7af6de5,,,,,,,,,,,transition_hash_matches_unclear
transition_candidates__brightness_low__run_03__frame_036_20260820T154217_593.jpg,train,transition_candidates/brightness_low/run_03/frame_036_20260820T154217_593.jpg,3e9e5a1fc45f1307ae0fd7b36c3dfbc0d95a022ec397056fe054fe59776cd26e,,,,,,,,,,,transition_hash_matches_unclear
transition_candidates__brightness_low__run_03__frame_037_20260820T154217_713.jpg,train,transition_candidates/brightness_low/run_03/frame_037_20260820T154217_713.jpg,4d6f674ebfa7d548dfe8d7a2970fb5e617ae64dec2286b7e7418d4888e0c085f,,,,,,,,,,,transition_hash_red_but_no_visible_signal
transition_candidates__brightness_low__run_03__frame_038_20260820T154217_836.jpg,train,transition_candidates/brightness_low/run_03/frame_038_20260820T154217_836.jpg,a2b257b4ae20695f55bac3ad22f0ed2e7e69002eb6972366e3db3a926803e2a0,,,,,,,,,,,transition_hash_red_but_no_visible_signal
transition_candidates__brightness_low__run_03__frame_039_20260820T154217_976.jpg,train,transition_candidates/brightness_low/run_03/frame_039_20260820T154217_976.jpg,80c8f6e547aea7d1f4bd2c00355b212804018c34438f144d9a5893d3c4a83f52,,,,,,,,,,,transition_hash_red_but_no_visible_signal
transition_candidates__brightness_low__run_03__frame_040_20260820T154218_108.jpg,train,transition_candidates/brightness_low/run_03/frame_040_20260820T154218_108.jpg,e46589b3005658634e20d3bc8b5d042fe0d281003a491015b605284216d9b4f8,,,,,,,,,,,transition_hash_red_but_no_visible_signal
transition_candidates__brightness_low__run_03__frame_041_20260820T154218_237.jpg,train,transition_candidates/brightness_low/run_03/frame_041_20260820T154218_237.jpg,f7b63d6091f175a0586ea0c03131bac0bbf88b6e696e3eb7c76fb3ff05dfce7f,,,,,,,,,,,transition_hash_red_but_no_visible_signal
transition_candidates__brightness_low__run_03__frame_042_20260820T154218_369.jpg,train,transition_candidates/brightness_low/run_03/frame_042_20260820T154218_369.jpg,82b680fc0158b33e29a7c1517870a14c99934484bcfd5b1df480ceefdd809e1e,,,,,,,,,,,transition_hash_red_but_no_visible_signal
transition_candidates__brightness_low__run_03__frame_043_20260820T154218_490.jpg,train,transition_candidates/brightness_low/run_03/frame_043_20260820T154218_490.jpg,55b27635b76e600b73111b05ed1a5faa3fabd7ea70234910fbabccc808b68117,,,,,,,,,,,transition_hash_red_but_no_visible_signal
transition_candidates__brightness_low__run_03__frame_044_20260820T154218_611.jpg,train,transition_candidates/brightness_low/run_03/frame_044_20260820T154218_611.jpg,d73a007e7e2ba4d993d54ee810e4e73565ca769f6fa1ce8a4924765d4cfe1e25,,,,,,,,,,,transition_hash_red_but_no_visible_signal
transition_candidates__brightness_low__run_03__frame_045_20260820T154218_735.jpg,train,transition_candidates/brightness_low/run_03/frame_045_20260820T154218_735.jpg,a1c907ec8952db3b9c6e00773afbe7e335d68a30f864bacdf146b208849d7386,,,,,,,,,,,transition_hash_red_but_no_visible_signal
transition_candidates__brightness_low__run_03__frame_046_20260820T154218_861.jpg,train,transition_candidates/brightness_low/run_03/frame_046_20260820T154218_861.jpg,19891f68456e40d567e44a5d557515ef417d85edc86f02073127d57f45fe2a35,,,,,,,,,,,transition_hash_red_but_no_visible_signal
transition_candidates__brightness_low__run_03__frame_047_20260820T154219_000.jpg,train,transition_candidates/brightness_low/run_03/frame_047_20260820T154219_000.jpg,36ce0f31e27e7ab23d9f83f9f2d0eb9f313799222c167f0271801ab730ea7e7a,,,,,,,,,,,transition_hash_red_but_no_visible_signal
transition_candidates__brightness_low__run_03__frame_048_20260820T154219_130.jpg,train,transition_candidates/brightness_low/run_03/frame_048_20260820T154219_130.jpg,2170cd5d7447aabe065ff3e835cfbbf4ddcbafbbfba7c389dff86f72151a2a8f,,,,,,,,,,,transition_hash_red_but_no_visible_signal
transition_candidates__brightness_low__run_03__frame_049_20260820T154219_255.jpg,train,transition_candidates/brightness_low/run_03/frame_049_20260820T154219_255.jpg,43ba66693ffac270a484c0b5878e1331c9058a33c659a3851253107021f1415e,,,,,,,,,,,transition_hash_red_but_no_visible_signal
transition_candidates__brightness_low__run_04__frame_000_20260820T154220_992.jpg,val,transition_candidates/brightness_low/run_04/frame_000_20260820T154220_992.jpg,299bd6f37ccaec1ed58cd51d052d2d8a7bd27b6c7a5656990b1c1a5ad6c312ea,green,2,337,180,352,207,0.717708,0.537500,0.031250,0.075000,transition_hash_matches_green
transition_candidates__brightness_low__run_04__frame_001_20260820T154221_118.jpg,val,transition_candidates/brightness_low/run_04/frame_001_20260820T154221_118.jpg,130c690d53818a874bf21e862e784d1370ec235290b854b72a05054771821423,green,2,337,180,352,207,0.717708,0.537500,0.031250,0.075000,transition_hash_matches_green
transition_candidates__brightness_low__run_04__frame_002_20260820T154221_244.jpg,val,transition_candidates/brightness_low/run_04/frame_002_20260820T154221_244.jpg,ce254e208b790166ffa97216344b337147831ae89452e7b861f69b6fd440ada8,green,2,337,180,353,207,0.718750,0.537500,0.033333,0.075000,transition_hash_matches_green
transition_candidates__brightness_low__run_04__frame_003_20260820T154221_371.jpg,val,transition_candidates/brightness_low/run_04/frame_003_20260820T154221_371.jpg,8b255879c5b3ea52d3a712263f488987cdab50056c4ecc8078d38199f3395e01,green,2,338,180,355,208,0.721875,0.538889,0.035417,0.077778,transition_hash_matches_green
transition_candidates__brightness_low__run_04__frame_004_20260820T154221_496.jpg,val,transition_candidates/brightness_low/run_04/frame_004_20260820T154221_496.jpg,06b6b1956d021c7118e9893d13690db61d07be8dfaf24c44e6ed66aea8282169,green,2,339,180,356,208,0.723958,0.538889,0.035417,0.077778,transition_hash_matches_green
transition_candidates__brightness_low__run_04__frame_005_20260820T154221_615.jpg,val,transition_candidates/brightness_low/run_04/frame_005_20260820T154221_615.jpg,7c90381c0cd48a89c8a0fea19f65aaffab4c87737c6b631cf699163920256a34,green,2,339,180,356,207,0.723958,0.537500,0.035417,0.075000,transition_hash_matches_green
transition_candidates__brightness_low__run_04__frame_006_20260820T154221_734.jpg,val,transition_candidates/brightness_low/run_04/frame_006_20260820T154221_734.jpg,7c90381c0cd48a89c8a0fea19f65aaffab4c87737c6b631cf699163920256a34,green,2,339,180,356,207,0.723958,0.537500,0.035417,0.075000,transition_hash_matches_green
transition_candidates__brightness_low__run_04__frame_007_20260820T154221_868.jpg,val,transition_candidates/brightness_low/run_04/frame_007_20260820T154221_868.jpg,f0a986a870cc820711de3d5630b2387c7bc9491260871f38720eb05220db9b9f,green,2,341,180,358,208,0.728125,0.538889,0.035417,0.077778,transition_visual_review
transition_candidates__brightness_low__run_04__frame_008_20260820T154222_002.jpg,val,transition_candidates/brightness_low/run_04/frame_008_20260820T154222_002.jpg,f0a986a870cc820711de3d5630b2387c7bc9491260871f38720eb05220db9b9f,green,2,341,180,358,208,0.728125,0.538889,0.035417,0.077778,transition_visual_review
transition_candidates__brightness_low__run_04__frame_009_20260820T154222_135.jpg,val,transition_candidates/brightness_low/run_04/frame_009_20260820T154222_135.jpg,6430faf805d3ccd92205c646802f6d5b9f047d40e1aeba56f93c50547a5a0526,yellow,1,342,180,359,208,0.730208,0.538889,0.035417,0.077778,transition_visual_review
transition_candidates__brightness_low__run_04__frame_010_20260820T154222_257.jpg,val,transition_candidates/brightness_low/run_04/frame_010_20260820T154222_257.jpg,2d79bc07bcb76d0e50dcb196cddf6dad7a7198791f69da224b2531164e92acf9,yellow,1,343,180,360,208,0.732292,0.538889,0.035417,0.077778,transition_hash_matches_yellow
transition_candidates__brightness_low__run_04__frame_011_20260820T154222_375.jpg,val,transition_candidates/brightness_low/run_04/frame_011_20260820T154222_375.jpg,2d79bc07bcb76d0e50dcb196cddf6dad7a7198791f69da224b2531164e92acf9,yellow,1,343,180,360,208,0.732292,0.538889,0.035417,0.077778,transition_hash_matches_yellow
transition_candidates__brightness_low__run_04__frame_012_20260820T154222_505.jpg,val,transition_candidates/brightness_low/run_04/frame_012_20260820T154222_505.jpg,993446f49780a3c6ac8492abd8bd3d4d1f7b8e3864436b9852608f77e19d86c5,yellow,1,345,180,362,209,0.736458,0.540278,0.035417,0.080556,transition_hash_matches_yellow
transition_candidates__brightness_low__run_04__frame_013_20260820T154222_632.jpg,val,transition_candidates/brightness_low/run_04/frame_013_20260820T154222_632.jpg,b6dce8a8bb1ad4d30d31691d6885d0b37cf204029582a7dd51de94ec76ca83d0,yellow,1,345,180,363,209,0.737500,0.540278,0.037500,0.080556,transition_hash_matches_yellow
transition_candidates__brightness_low__run_04__frame_014_20260820T154222_760.jpg,val,transition_candidates/brightness_low/run_04/frame_014_20260820T154222_760.jpg,084b9f174d43d43bc26d3d4c9584827f8e9ef718860c11c6c42d1f64f8b3d4db,yellow,1,346,180,364,209,0.739583,0.540278,0.037500,0.080556,transition_hash_matches_yellow
transition_candidates__brightness_low__run_04__frame_015_20260820T154222_890.jpg,val,transition_candidates/brightness_low/run_04/frame_015_20260820T154222_890.jpg,59403ded385644087fd8c43f42ac274d677bc2e0736c9dc67a28ef3a12be8952,yellow,1,347,180,365,209,0.741667,0.540278,0.037500,0.080556,transition_hash_matches_yellow
transition_candidates__brightness_low__run_04__frame_016_20260820T154223_035.jpg,val,transition_candidates/brightness_low/run_04/frame_016_20260820T154223_035.jpg,f7427f7ceca13df8bce295fd21308447f22e155fd245e04f96487284a7731b11,yellow,1,348,180,366,209,0.743750,0.540278,0.037500,0.080556,transition_hash_matches_yellow
transition_candidates__brightness_low__run_04__frame_017_20260820T154223_161.jpg,val,transition_candidates/brightness_low/run_04/frame_017_20260820T154223_161.jpg,e51948a2444281bdee77ccf3b1a3d7eebb563a69103352d8da25f6d6f8571c41,yellow,1,348,180,367,210,0.744792,0.541667,0.039583,0.083333,transition_hash_matches_yellow
transition_candidates__brightness_low__run_04__frame_018_20260820T154223_291.jpg,val,transition_candidates/brightness_low/run_04/frame_018_20260820T154223_291.jpg,b5df1332fbb84b9bb1dcdfc7d032356271cb910f030ba3076e88a3118a719d10,yellow,1,349,180,368,210,0.746875,0.541667,0.039583,0.083333,transition_hash_matches_yellow
transition_candidates__brightness_low__run_04__frame_019_20260820T154223_413.jpg,val,transition_candidates/brightness_low/run_04/frame_019_20260820T154223_413.jpg,4262d04a2b3a2ac3174335ab95950903d4857b3edaca7f1ae12853a77293dc60,yellow,1,350,180,369,210,0.748958,0.541667,0.039583,0.083333,transition_hash_matches_yellow
transition_candidates__brightness_low__run_04__frame_020_20260820T154223_544.jpg,val,transition_candidates/brightness_low/run_04/frame_020_20260820T154223_544.jpg,3693da11ad718cdf66f5381b238f8778cb0d2b773e1ccb9a23ac1b0c9ab63836,yellow,1,352,180,371,210,0.753125,0.541667,0.039583,0.083333,transition_hash_matches_yellow
transition_candidates__brightness_low__run_04__frame_021_20260820T154223_664.jpg,val,transition_candidates/brightness_low/run_04/frame_021_20260820T154223_664.jpg,83bc556912755824bcf075ed2a1a790223e6a18dac585b9de89726ecc337fa2b,yellow,1,353,180,372,211,0.755208,0.543056,0.039583,0.086111,transition_hash_matches_yellow
transition_candidates__brightness_low__run_04__frame_022_20260820T154223_795.jpg,val,transition_candidates/brightness_low/run_04/frame_022_20260820T154223_795.jpg,dc79cdf830af350419896d95b569729b89906cba2dd4adfe498f79d8508147e3,yellow,1,354,180,373,211,0.757292,0.543056,0.039583,0.086111,transition_hash_matches_yellow
transition_candidates__brightness_low__run_04__frame_023_20260820T154223_926.jpg,val,transition_candidates/brightness_low/run_04/frame_023_20260820T154223_926.jpg,a677d9477f2eadfb56e2b1df49e1062aa46d0b97b192a6158f229d8f82d491a5,yellow,1,354,180,374,211,0.758333,0.543056,0.041667,0.086111,transition_hash_matches_yellow
transition_candidates__brightness_low__run_04__frame_024_20260820T154224_046.jpg,val,transition_candidates/brightness_low/run_04/frame_024_20260820T154224_046.jpg,65dfeeacc958d72daeb92a2d3dd028c8f47fdfcf90a7701c336c36222bd8c00e,yellow,1,356,180,376,211,0.762500,0.543056,0.041667,0.086111,transition_hash_matches_yellow
transition_candidates__brightness_low__run_04__frame_025_20260820T154224_168.jpg,val,transition_candidates/brightness_low/run_04/frame_025_20260820T154224_168.jpg,65dfeeacc958d72daeb92a2d3dd028c8f47fdfcf90a7701c336c36222bd8c00e,yellow,1,356,180,376,211,0.762500,0.543056,0.041667,0.086111,transition_hash_matches_yellow
transition_candidates__brightness_low__run_04__frame_026_20260820T154224_291.jpg,val,transition_candidates/brightness_low/run_04/frame_026_20260820T154224_291.jpg,311613cc7feb812cb4ebf2f756b569f2acefea3e87179b91012d7678d46f7fcc,yellow,1,357,180,377,213,0.764583,0.545833,0.041667,0.091667,transition_hash_matches_yellow
transition_candidates__brightness_low__run_04__frame_027_20260820T154224_417.jpg,val,transition_candidates/brightness_low/run_04/frame_027_20260820T154224_417.jpg,f2b7aa4d2383e8f784a064f9a185579785d6f9125bd28a88ad0c94e794f05ac1,yellow,1,358,180,379,213,0.767708,0.545833,0.043750,0.091667,transition_hash_matches_yellow
transition_candidates__brightness_low__run_04__frame_028_20260820T154224_556.jpg,val,transition_candidates/brightness_low/run_04/frame_028_20260820T154224_556.jpg,3b01ce4a83cb556cf09c5aed728d5e7889c3e77bf22d5b3c16f3d4e405e12342,yellow,1,360,180,380,213,0.770833,0.545833,0.041667,0.091667,transition_hash_matches_yellow
transition_candidates__brightness_low__run_04__frame_029_20260820T154224_680.jpg,val,transition_candidates/brightness_low/run_04/frame_029_20260820T154224_680.jpg,70f79acded644374e2afc1c92e6a9dafbc019cc2c3628bd747bb75441cf26dfa,yellow,1,361,180,381,214,0.772917,0.547222,0.041667,0.094444,transition_hash_matches_yellow
transition_candidates__brightness_low__run_04__frame_030_20260820T154224_801.jpg,val,transition_candidates/brightness_low/run_04/frame_030_20260820T154224_801.jpg,2800f572e5839c2078de943dc04079b9dc92441ec804680241549d67a9100816,yellow,1,362,180,382,214,0.775000,0.547222,0.041667,0.094444,transition_visual_review
transition_candidates__brightness_low__run_04__frame_031_20260820T154224_920.jpg,val,transition_candidates/brightness_low/run_04/frame_031_20260820T154224_920.jpg,77efc8377c9f4f49426358685e9fc94d4aec69e8ff77c49d351dd63a1a2dded1,yellow,1,363,180,384,213,0.778125,0.545833,0.043750,0.091667,transition_visual_review
transition_candidates__brightness_low__run_04__frame_032_20260820T154225_037.jpg,val,transition_candidates/brightness_low/run_04/frame_032_20260820T154225_037.jpg,68f47c6a00e112e495fb0e8f721c988ee676bbb41b198b361546cf63279b64a2,,,,,,,,,,,transition_visual_review_empty
transition_candidates__brightness_low__run_04__frame_033_20260820T154225_162.jpg,val,transition_candidates/brightness_low/run_04/frame_033_20260820T154225_162.jpg,cfe362ecaaf2a5daec78590d942466560e5af4ffb40f316d50c9eb005f508132,red,0,365,180,386,215,0.782292,0.548611,0.043750,0.097222,transition_hash_matches_red
transition_candidates__brightness_low__run_04__frame_034_20260820T154225_297.jpg,val,transition_candidates/brightness_low/run_04/frame_034_20260820T154225_297.jpg,66457fdf7c2ca7cb8ffb3610b637f6558c02f0f55fa98ad98b4ffad59cb077e2,red,0,366,180,388,215,0.785417,0.548611,0.045833,0.097222,transition_hash_matches_red
transition_candidates__brightness_low__run_04__frame_035_20260820T154225_434.jpg,val,transition_candidates/brightness_low/run_04/frame_035_20260820T154225_434.jpg,96ac67f446e809237ec95bc6f96f44036df86c62392a252d211d701edd2c2c6a,red,0,367,180,389,215,0.787500,0.548611,0.045833,0.097222,transition_hash_matches_red
transition_candidates__brightness_low__run_04__frame_036_20260820T154225_557.jpg,val,transition_candidates/brightness_low/run_04/frame_036_20260820T154225_557.jpg,bcef7f826ede4b11dd8e5e7740a21d0a0c63ff2d3b954f406b3b68bb211d9d1c,red,0,368,180,390,216,0.789583,0.550000,0.045833,0.100000,transition_hash_matches_red
transition_candidates__brightness_low__run_04__frame_037_20260820T154225_707.jpg,val,transition_candidates/brightness_low/run_04/frame_037_20260820T154225_707.jpg,f5c246fbb007321420c2eb25b796c2b30bb7503e23400da406bc7d5db238f6ea,red,0,370,180,392,216,0.793750,0.550000,0.045833,0.100000,transition_hash_matches_red
transition_candidates__brightness_low__run_04__frame_038_20260820T154225_836.jpg,val,transition_candidates/brightness_low/run_04/frame_038_20260820T154225_836.jpg,b040cf583f3c377be3f23af93f5bdbd13b19580e10762d459e5082612674bf50,red,0,371,180,392,216,0.794792,0.550000,0.043750,0.100000,transition_hash_matches_red
transition_candidates__brightness_low__run_04__frame_039_20260820T154225_966.jpg,val,transition_candidates/brightness_low/run_04/frame_039_20260820T154225_966.jpg,1b246db7a6a7d6b7ded4e46d545c15e1ba12e5d802092b3c4260bb82a9568400,red,0,373,180,395,217,0.800000,0.551389,0.045833,0.102778,transition_hash_matches_red
transition_candidates__brightness_low__run_04__frame_040_20260820T154226_095.jpg,val,transition_candidates/brightness_low/run_04/frame_040_20260820T154226_095.jpg,5342baeb53b98e938abadf0c336db563397cde9801a6729964b804e28553963a,red,0,374,180,397,217,0.803125,0.551389,0.047917,0.102778,transition_hash_matches_red
transition_candidates__brightness_low__run_04__frame_041_20260820T154226_228.jpg,val,transition_candidates/brightness_low/run_04/frame_041_20260820T154226_228.jpg,99cc99c4cdf0aaeff514ce4894cb871832418aaab19340be1f0f3edd246d0bdd,red,0,376,180,399,217,0.807292,0.551389,0.047917,0.102778,transition_hash_matches_red
transition_candidates__brightness_low__run_04__frame_042_20260820T154226_359.jpg,val,transition_candidates/brightness_low/run_04/frame_042_20260820T154226_359.jpg,48d0a13fbf289a3d8486076d54ae7c74ac7039dcfab99b1aea5fb75b11f60489,red,0,378,180,400,217,0.810417,0.551389,0.045833,0.102778,transition_hash_matches_red
transition_candidates__brightness_low__run_04__frame_043_20260820T154226_485.jpg,val,transition_candidates/brightness_low/run_04/frame_043_20260820T154226_485.jpg,ea62bf55d92e111a4d966dbf0498813074ec80057e0ff771db53c3276c376298,red,0,379,180,402,218,0.813542,0.552778,0.047917,0.105556,transition_hash_matches_red
transition_candidates__brightness_low__run_04__frame_044_20260820T154226_607.jpg,val,transition_candidates/brightness_low/run_04/frame_044_20260820T154226_607.jpg,9b1d5fbdb4e0b2a8625ac47a6587a719130a207519057194e1a83e6ca111cd0e,red,0,380,180,403,218,0.815625,0.552778,0.047917,0.105556,transition_hash_matches_red
transition_candidates__brightness_low__run_04__frame_045_20260820T154226_733.jpg,val,transition_candidates/brightness_low/run_04/frame_045_20260820T154226_733.jpg,7bd6226eb95f210d3b4d62ce2b4f1c8575b865846605c7b56510451a543a58cd,red,0,380,180,403,219,0.815625,0.554167,0.047917,0.108333,transition_hash_matches_red
transition_candidates__brightness_low__run_04__frame_046_20260820T154226_851.jpg,val,transition_candidates/brightness_low/run_04/frame_046_20260820T154226_851.jpg,17d11d2636772b7a0b3c7d845ff70c7412a9ef1b791f5962861da18a84c2a8b1,red,0,380,180,403,218,0.815625,0.552778,0.047917,0.105556,transition_hash_matches_red
transition_candidates__brightness_low__run_04__frame_047_20260820T154226_975.jpg,val,transition_candidates/brightness_low/run_04/frame_047_20260820T154226_975.jpg,73943c64f946f70ec04e400d321379f1c798241c7be5b32697c9bdada58a5292,red,0,380,180,403,218,0.815625,0.552778,0.047917,0.105556,transition_hash_matches_red
transition_candidates__brightness_low__run_04__frame_048_20260820T154227_103.jpg,val,transition_candidates/brightness_low/run_04/frame_048_20260820T154227_103.jpg,73943c64f946f70ec04e400d321379f1c798241c7be5b32697c9bdada58a5292,red,0,380,180,403,218,0.815625,0.552778,0.047917,0.105556,transition_hash_matches_red
transition_candidates__brightness_low__run_04__frame_049_20260820T154227_230.jpg,val,transition_candidates/brightness_low/run_04/frame_049_20260820T154227_230.jpg,6b73409e7a4d6fbfb77d22cacb45f4056d06ec903a627333eb3de585065ccf64,red,0,380,180,403,218,0.815625,0.552778,0.047917,0.105556,transition_hash_matches_red
transition_candidates__brightness_low__run_05__frame_000_20260820T154228_950.jpg,test,transition_candidates/brightness_low/run_05/frame_000_20260820T154228_950.jpg,a55311bb772a9cf09a3de133cfd388acca31860f65cd333b332b7c94d6648b5f,green,2,260,180,276,208,0.558333,0.538889,0.033333,0.077778,transition_hash_matches_green
transition_candidates__brightness_low__run_05__frame_001_20260820T154229_081.jpg,test,transition_candidates/brightness_low/run_05/frame_001_20260820T154229_081.jpg,a55311bb772a9cf09a3de133cfd388acca31860f65cd333b332b7c94d6648b5f,green,2,260,180,276,208,0.558333,0.538889,0.033333,0.077778,transition_hash_matches_green
transition_candidates__brightness_low__run_05__frame_002_20260820T154229_202.jpg,test,transition_candidates/brightness_low/run_05/frame_002_20260820T154229_202.jpg,2e3424db6035ac2c4bd56d270a30d67832144dde7f4161d5af09eef844708a98,green,2,260,180,276,209,0.558333,0.540278,0.033333,0.080556,transition_hash_matches_green
transition_candidates__brightness_low__run_05__frame_003_20260820T154229_323.jpg,test,transition_candidates/brightness_low/run_05/frame_003_20260820T154229_323.jpg,2bc298b4ae38ddd24d95219de1cab2008de4cd543714838a71933cbd37fa3954,green,2,260,180,276,209,0.558333,0.540278,0.033333,0.080556,transition_hash_matches_green
transition_candidates__brightness_low__run_05__frame_004_20260820T154229_449.jpg,test,transition_candidates/brightness_low/run_05/frame_004_20260820T154229_449.jpg,9ea3638a1fddfc74445263a3b40c90280521f98743d558ae4c4cc5110f2169b6,green,2,260,180,277,209,0.559375,0.540278,0.035417,0.080556,transition_hash_matches_green
transition_candidates__brightness_low__run_05__frame_005_20260820T154229_577.jpg,test,transition_candidates/brightness_low/run_05/frame_005_20260820T154229_577.jpg,4ec6ac768b07bb09243eff30497e2c79454b1d9aeed41482001a8d4395ef7e6d,green,2,260,180,277,209,0.559375,0.540278,0.035417,0.080556,transition_hash_matches_green
transition_candidates__brightness_low__run_05__frame_006_20260820T154229_708.jpg,test,transition_candidates/brightness_low/run_05/frame_006_20260820T154229_708.jpg,42aac25123b0af6c3556641ac8c6a2e2ee05610e8d642a00c873b219d24f1e21,green,2,260,180,277,209,0.559375,0.540278,0.035417,0.080556,transition_hash_matches_green
transition_candidates__brightness_low__run_05__frame_007_20260820T154229_835.jpg,test,transition_candidates/brightness_low/run_05/frame_007_20260820T154229_835.jpg,d090174ce0d97f730406dd5609f72f1b935ea282d8cdbb412c9cb858013f9441,green,2,260,180,277,211,0.559375,0.543056,0.035417,0.086111,transition_visual_review
transition_candidates__brightness_low__run_05__frame_008_20260820T154229_956.jpg,test,transition_candidates/brightness_low/run_05/frame_008_20260820T154229_956.jpg,0ca7de0745248a91cc023aad9ecf6c0ce48f2a85802455bd37bac44524a8fbec,,,,,,,,,,,transition_visual_review_empty
transition_candidates__brightness_low__run_05__frame_009_20260820T154230_083.jpg,test,transition_candidates/brightness_low/run_05/frame_009_20260820T154230_083.jpg,cb18aa2a1ea486abcb1171a6966068c0991f5a31df3874ad49b92c94f83c0f35,yellow,1,261,180,278,210,0.561458,0.541667,0.035417,0.083333,transition_hash_matches_yellow
transition_candidates__brightness_low__run_05__frame_010_20260820T154230_213.jpg,test,transition_candidates/brightness_low/run_05/frame_010_20260820T154230_213.jpg,cb18aa2a1ea486abcb1171a6966068c0991f5a31df3874ad49b92c94f83c0f35,yellow,1,261,180,278,210,0.561458,0.541667,0.035417,0.083333,transition_hash_matches_yellow
transition_candidates__brightness_low__run_05__frame_011_20260820T154230_348.jpg,test,transition_candidates/brightness_low/run_05/frame_011_20260820T154230_348.jpg,fd718521dca8b91fdf4ed5a6fc9510b3d88b5652742387208252886c4f069747,yellow,1,261,180,278,211,0.561458,0.543056,0.035417,0.086111,transition_hash_matches_yellow
transition_candidates__brightness_low__run_05__frame_012_20260820T154230_546.jpg,test,transition_candidates/brightness_low/run_05/frame_012_20260820T154230_546.jpg,e65205a62c801a3ab1c6ba2f1723466147462a02e7e993fe0b20575669464dd3,yellow,1,261,180,279,211,0.562500,0.543056,0.037500,0.086111,transition_hash_matches_yellow
transition_candidates__brightness_low__run_05__frame_013_20260820T154230_679.jpg,test,transition_candidates/brightness_low/run_05/frame_013_20260820T154230_679.jpg,65f981d945c6e034d3964c8f36443482b36d273a1a994324de5fa5b22d079403,yellow,1,261,180,279,211,0.562500,0.543056,0.037500,0.086111,transition_hash_matches_yellow
transition_candidates__brightness_low__run_05__frame_014_20260820T154230_805.jpg,test,transition_candidates/brightness_low/run_05/frame_014_20260820T154230_805.jpg,cc311d2e9769115cc43543efe50e2494a8db62efc65d2b08ae8894fd95aa6a17,yellow,1,262,180,279,211,0.563542,0.543056,0.035417,0.086111,transition_hash_matches_yellow
transition_candidates__brightness_low__run_05__frame_015_20260820T154230_930.jpg,test,transition_candidates/brightness_low/run_05/frame_015_20260820T154230_930.jpg,cc311d2e9769115cc43543efe50e2494a8db62efc65d2b08ae8894fd95aa6a17,yellow,1,262,180,279,211,0.563542,0.543056,0.035417,0.086111,transition_hash_matches_yellow
transition_candidates__brightness_low__run_05__frame_016_20260820T154231_059.jpg,test,transition_candidates/brightness_low/run_05/frame_016_20260820T154231_059.jpg,ceb95cab192913e619e0bb704b1da59bf78c2dcca082f425b8833361910f9475,yellow,1,262,180,280,212,0.564583,0.544444,0.037500,0.088889,transition_hash_matches_yellow
transition_candidates__brightness_low__run_05__frame_017_20260820T154231_184.jpg,test,transition_candidates/brightness_low/run_05/frame_017_20260820T154231_184.jpg,83cfdf48c799b9b5da5f1c722c9949c29ba26b9448f3c19b73eae1bdb38e896d,yellow,1,262,180,280,212,0.564583,0.544444,0.037500,0.088889,transition_hash_matches_yellow
transition_candidates__brightness_low__run_05__frame_018_20260820T154231_308.jpg,test,transition_candidates/brightness_low/run_05/frame_018_20260820T154231_308.jpg,c62fb6969493f39f021973fd637c490b039fecd4798aac127a5f7a8e73791873,yellow,1,262,180,281,212,0.565625,0.544444,0.039583,0.088889,transition_hash_matches_yellow
transition_candidates__brightness_low__run_05__frame_019_20260820T154231_435.jpg,test,transition_candidates/brightness_low/run_05/frame_019_20260820T154231_435.jpg,d043853d6a9e33a43ad352320eb240980ef4bf3f15215bf7e33bfbbc8a3e8cdd,yellow,1,262,180,281,213,0.565625,0.545833,0.039583,0.091667,transition_hash_matches_yellow
transition_candidates__brightness_low__run_05__frame_020_20260820T154231_570.jpg,test,transition_candidates/brightness_low/run_05/frame_020_20260820T154231_570.jpg,8ba767c117449f742c9b4d020d58d33ff4b9cd289ca0755f61d61481eea385bb,yellow,1,263,180,281,213,0.566667,0.545833,0.037500,0.091667,transition_hash_matches_yellow
transition_candidates__brightness_low__run_05__frame_021_20260820T154231_704.jpg,test,transition_candidates/brightness_low/run_05/frame_021_20260820T154231_704.jpg,8ba767c117449f742c9b4d020d58d33ff4b9cd289ca0755f61d61481eea385bb,yellow,1,263,180,281,213,0.566667,0.545833,0.037500,0.091667,transition_hash_matches_yellow
transition_candidates__brightness_low__run_05__frame_022_20260820T154231_824.jpg,test,transition_candidates/brightness_low/run_05/frame_022_20260820T154231_824.jpg,db22d15ca6010913b0fb0811ce3adfacbfa9d87431303ae96153f6ca7b90e8cd,yellow,1,263,180,282,213,0.567708,0.545833,0.039583,0.091667,transition_hash_matches_yellow
transition_candidates__brightness_low__run_05__frame_023_20260820T154231_951.jpg,test,transition_candidates/brightness_low/run_05/frame_023_20260820T154231_951.jpg,4137032d925f63095bc4eca64645e669b21552e321e7203e0de08c0309e3459c,yellow,1,263,180,282,214,0.567708,0.547222,0.039583,0.094444,transition_hash_matches_yellow
transition_candidates__brightness_low__run_05__frame_024_20260820T154232_082.jpg,test,transition_candidates/brightness_low/run_05/frame_024_20260820T154232_082.jpg,9b2e3e596a8b67ed7c3b31a8b9694dedc4151ff278bd24af5c4a03cad57cd499,yellow,1,263,180,283,214,0.568750,0.547222,0.041667,0.094444,transition_hash_matches_yellow
transition_candidates__brightness_low__run_05__frame_025_20260820T154232_202.jpg,test,transition_candidates/brightness_low/run_05/frame_025_20260820T154232_202.jpg,59b9970916a54a181342d674251d87306f90c30f2c6021717397ea5bac6bfda1,yellow,1,264,180,283,214,0.569792,0.547222,0.039583,0.094444,transition_hash_matches_yellow
transition_candidates__brightness_low__run_05__frame_026_20260820T154232_326.jpg,test,transition_candidates/brightness_low/run_05/frame_026_20260820T154232_326.jpg,59b9970916a54a181342d674251d87306f90c30f2c6021717397ea5bac6bfda1,yellow,1,264,180,283,214,0.569792,0.547222,0.039583,0.094444,transition_hash_matches_yellow
transition_candidates__brightness_low__run_05__frame_027_20260820T154232_460.jpg,test,transition_candidates/brightness_low/run_05/frame_027_20260820T154232_460.jpg,a4c106ef70b4ba6adc0e7a7062850ec7fc6db91866466bdc23389dbb982f4cdf,yellow,1,264,180,285,215,0.571875,0.548611,0.043750,0.097222,transition_hash_matches_yellow
transition_candidates__brightness_low__run_05__frame_028_20260820T154232_592.jpg,test,transition_candidates/brightness_low/run_05/frame_028_20260820T154232_592.jpg,aa74f50364c2da5b846250aefd392ac0a06d22a257764962fb0118719011bbb5,yellow,1,264,180,285,215,0.571875,0.548611,0.043750,0.097222,transition_hash_matches_yellow
transition_candidates__brightness_low__run_05__frame_029_20260820T154232_723.jpg,test,transition_candidates/brightness_low/run_05/frame_029_20260820T154232_723.jpg,952d26287c94390fae9998f9ef4eca1029d9567ffd9d0eba29e800c004463824,yellow,1,265,180,285,215,0.572917,0.548611,0.041667,0.097222,transition_hash_matches_yellow
transition_candidates__brightness_low__run_05__frame_030_20260820T154232_842.jpg,test,transition_candidates/brightness_low/run_05/frame_030_20260820T154232_842.jpg,bd5d5a0c4c0531f71d7db26a38a3241c1c145530026a65064b6712e7f64a700a,yellow,1,265,180,286,217,0.573958,0.551389,0.043750,0.102778,transition_visual_review
transition_candidates__brightness_low__run_05__frame_031_20260820T154232_970.jpg,test,transition_candidates/brightness_low/run_05/frame_031_20260820T154232_970.jpg,04a2a0c33db703cbdeb27ab250eeebcf61bc2018b332e144a958777d97cc940c,yellow,1,266,180,286,217,0.575000,0.551389,0.041667,0.102778,transition_visual_review
transition_candidates__brightness_low__run_05__frame_032_20260820T154233_107.jpg,test,transition_candidates/brightness_low/run_05/frame_032_20260820T154233_107.jpg,04a2a0c33db703cbdeb27ab250eeebcf61bc2018b332e144a958777d97cc940c,yellow,1,266,180,286,217,0.575000,0.551389,0.041667,0.102778,transition_visual_review
transition_candidates__brightness_low__run_05__frame_033_20260820T154233_225.jpg,test,transition_candidates/brightness_low/run_05/frame_033_20260820T154233_225.jpg,685fcb1ec9d235f488c1aa65f0589d56373ef61afe85010e08bf1c75796507cd,,,,,,,,,,,transition_hash_red_but_no_visible_signal
transition_candidates__brightness_low__run_05__frame_034_20260820T154233_347.jpg,test,transition_candidates/brightness_low/run_05/frame_034_20260820T154233_347.jpg,d1da38b2e36d4cdfbcd8932fa81be1f40f2a5bbec5072cc5cd86ed0a553f1703,red,0,267,180,287,218,0.577083,0.552778,0.041667,0.105556,transition_hash_matches_red
transition_candidates__brightness_low__run_05__frame_035_20260820T154233_479.jpg,test,transition_candidates/brightness_low/run_05/frame_035_20260820T154233_479.jpg,3eaf0aa8c95db13ad8c447483a431d163bf9921994b1d3a7f8959c425a9afedb,red,0,267,180,288,218,0.578125,0.552778,0.043750,0.105556,transition_hash_matches_red
transition_candidates__brightness_low__run_05__frame_036_20260820T154233_611.jpg,test,transition_candidates/brightness_low/run_05/frame_036_20260820T154233_611.jpg,f6891ba2c59c4692b4b0cb7bd3f2002dd38fd66cca5d5ec4e0fc07fef51e776d,red,0,267,180,289,219,0.579167,0.554167,0.045833,0.108333,transition_hash_matches_red
transition_candidates__brightness_low__run_05__frame_037_20260820T154233_740.jpg,test,transition_candidates/brightness_low/run_05/frame_037_20260820T154233_740.jpg,f6891ba2c59c4692b4b0cb7bd3f2002dd38fd66cca5d5ec4e0fc07fef51e776d,red,0,267,180,289,219,0.579167,0.554167,0.045833,0.108333,transition_hash_matches_red
transition_candidates__brightness_low__run_05__frame_038_20260820T154233_868.jpg,test,transition_candidates/brightness_low/run_05/frame_038_20260820T154233_868.jpg,39c46cf927c8093e0d808067ad3a51b8fc98dc7a45203d13b2a7ff147125a694,red,0,268,180,289,219,0.580208,0.554167,0.043750,0.108333,transition_hash_matches_red
transition_candidates__brightness_low__run_05__frame_039_20260820T154233_999.jpg,test,transition_candidates/brightness_low/run_05/frame_039_20260820T154233_999.jpg,6db9a297dca81c8f83bc69a9c04e5e4f5312df042e9850bf3087055c4057cde8,red,0,268,180,290,220,0.581250,0.555556,0.045833,0.111111,transition_hash_matches_red
transition_candidates__brightness_low__run_05__frame_040_20260820T154234_124.jpg,test,transition_candidates/brightness_low/run_05/frame_040_20260820T154234_124.jpg,6db9a297dca81c8f83bc69a9c04e5e4f5312df042e9850bf3087055c4057cde8,red,0,268,180,290,220,0.581250,0.555556,0.045833,0.111111,transition_hash_matches_red
transition_candidates__brightness_low__run_05__frame_041_20260820T154234_246.jpg,test,transition_candidates/brightness_low/run_05/frame_041_20260820T154234_246.jpg,29f717ee7c1f8c0e35e07180a6fb8662ac190306454350786014849b77cc106d,red,0,269,180,291,221,0.583333,0.556944,0.045833,0.113889,transition_hash_matches_red
transition_candidates__brightness_low__run_05__frame_042_20260820T154234_364.jpg,test,transition_candidates/brightness_low/run_05/frame_042_20260820T154234_364.jpg,29f717ee7c1f8c0e35e07180a6fb8662ac190306454350786014849b77cc106d,red,0,269,180,291,221,0.583333,0.556944,0.045833,0.113889,transition_hash_matches_red
transition_candidates__brightness_low__run_05__frame_043_20260820T154234_489.jpg,test,transition_candidates/brightness_low/run_05/frame_043_20260820T154234_489.jpg,1952c3eeef30ee6e028569cd5e4a52bbf78883ef7933761cb51e3303c416292e,red,0,269,180,292,221,0.584375,0.556944,0.047917,0.113889,transition_hash_matches_red
transition_candidates__brightness_low__run_05__frame_044_20260820T154234_615.jpg,test,transition_candidates/brightness_low/run_05/frame_044_20260820T154234_615.jpg,237b45f1843a994779aab990d6c0dd54d6ae6c51bc0e280c7757a218049c4f4d,red,0,269,180,292,221,0.584375,0.556944,0.047917,0.113889,transition_hash_matches_red
transition_candidates__brightness_low__run_05__frame_045_20260820T154234_736.jpg,test,transition_candidates/brightness_low/run_05/frame_045_20260820T154234_736.jpg,9553ec569069d119d6ce573b9d73b077af7eabcd2b05b8be2754b23fc82e04f0,red,0,269,180,292,221,0.584375,0.556944,0.047917,0.113889,transition_hash_matches_red
transition_candidates__brightness_low__run_05__frame_046_20260820T154234_859.jpg,test,transition_candidates/brightness_low/run_05/frame_046_20260820T154234_859.jpg,6607ec000fb2af91954f4b2a5aa230cc4f6ed45181531e3076131f975baa7f15,red,0,269,180,292,221,0.584375,0.556944,0.047917,0.113889,transition_hash_matches_red
transition_candidates__brightness_low__run_05__frame_047_20260820T154234_977.jpg,test,transition_candidates/brightness_low/run_05/frame_047_20260820T154234_977.jpg,6607ec000fb2af91954f4b2a5aa230cc4f6ed45181531e3076131f975baa7f15,red,0,269,180,292,221,0.584375,0.556944,0.047917,0.113889,transition_hash_matches_red
transition_candidates__brightness_low__run_05__frame_048_20260820T154235_096.jpg,test,transition_candidates/brightness_low/run_05/frame_048_20260820T154235_096.jpg,cfff917cd192681f9a8195aefbc78dc2beed0f018310632655c540779679452f,red,0,269,180,292,221,0.584375,0.556944,0.047917,0.113889,transition_hash_matches_red
transition_candidates__brightness_low__run_05__frame_049_20260820T154235_217.jpg,test,transition_candidates/brightness_low/run_05/frame_049_20260820T154235_217.jpg,9d752e0395d175876c45367c28bc21929a3acce5857ba4a2eaf66c9de4687a6a,red,0,269,180,292,221,0.584375,0.556944,0.047917,0.113889,transition_hash_matches_red
transition_candidates__brightness_medium__run_01__frame_000_20260820T154058_495.jpg,train,transition_candidates/brightness_medium/run_01/frame_000_20260820T154058_495.jpg,63dc8bc5495b6de7517fce4e7ce0e974de5a4b2904b8c4203e5c3900ae6f2bf8,green,2,301,180,313,201,0.639583,0.529167,0.025000,0.058333,transition_hash_matches_green
transition_candidates__brightness_medium__run_01__frame_001_20260820T154058_619.jpg,train,transition_candidates/brightness_medium/run_01/frame_001_20260820T154058_619.jpg,92c6633634fb559f26c9f7b970630e6ed42dc3d8ac03f3e6dc961370ae38b74d,green,2,301,180,313,201,0.639583,0.529167,0.025000,0.058333,transition_hash_matches_green
transition_candidates__brightness_medium__run_01__frame_002_20260820T154058_742.jpg,train,transition_candidates/brightness_medium/run_01/frame_002_20260820T154058_742.jpg,029f36cc1d2270e7cdce8f01eaa0d65f8bf0414accc6293a1dffaa19d4cfef6c,green,2,302,180,314,202,0.641667,0.530556,0.025000,0.061111,transition_hash_matches_green
transition_candidates__brightness_medium__run_01__frame_003_20260820T154058_866.jpg,train,transition_candidates/brightness_medium/run_01/frame_003_20260820T154058_866.jpg,50f8cfe93147e7bd6122d88d38f3c7f37e83f4a8d3d0791c76061bb598c5ca8d,green,2,302,180,314,202,0.641667,0.530556,0.025000,0.061111,transition_hash_matches_green
transition_candidates__brightness_medium__run_01__frame_004_20260820T154058_993.jpg,train,transition_candidates/brightness_medium/run_01/frame_004_20260820T154058_993.jpg,bf150eb1fcfec95debe32b7a5119204382aefeb57c4a598a588358fa85d955c2,green,2,302,180,315,202,0.642708,0.530556,0.027083,0.061111,transition_hash_matches_green
transition_candidates__brightness_medium__run_01__frame_005_20260820T154059_130.jpg,train,transition_candidates/brightness_medium/run_01/frame_005_20260820T154059_130.jpg,bf150eb1fcfec95debe32b7a5119204382aefeb57c4a598a588358fa85d955c2,green,2,302,180,315,202,0.642708,0.530556,0.027083,0.061111,transition_hash_matches_green
transition_candidates__brightness_medium__run_01__frame_006_20260820T154059_269.jpg,train,transition_candidates/brightness_medium/run_01/frame_006_20260820T154059_269.jpg,bf150eb1fcfec95debe32b7a5119204382aefeb57c4a598a588358fa85d955c2,green,2,302,180,315,202,0.642708,0.530556,0.027083,0.061111,transition_hash_matches_green
transition_candidates__brightness_medium__run_01__frame_007_20260820T154059_398.jpg,train,transition_candidates/brightness_medium/run_01/frame_007_20260820T154059_398.jpg,bf150eb1fcfec95debe32b7a5119204382aefeb57c4a598a588358fa85d955c2,green,2,302,180,315,202,0.642708,0.530556,0.027083,0.061111,transition_hash_matches_green
transition_candidates__brightness_medium__run_01__frame_008_20260820T154059_515.jpg,train,transition_candidates/brightness_medium/run_01/frame_008_20260820T154059_515.jpg,bf150eb1fcfec95debe32b7a5119204382aefeb57c4a598a588358fa85d955c2,green,2,302,180,315,202,0.642708,0.530556,0.027083,0.061111,transition_hash_matches_green
transition_candidates__brightness_medium__run_01__frame_009_20260820T154059_644.jpg,train,transition_candidates/brightness_medium/run_01/frame_009_20260820T154059_644.jpg,1c390bcd43844fa92738094f177db3aa7c717361e9bb3ae6402dd88091d76bfd,yellow,1,304,180,316,202,0.645833,0.530556,0.025000,0.061111,transition_visual_review
transition_candidates__brightness_medium__run_01__frame_010_20260820T154059_775.jpg,train,transition_candidates/brightness_medium/run_01/frame_010_20260820T154059_775.jpg,0eb9633e3401e21286dbfb948455ee7d45b1761124018455250d93e413eef27f,yellow,1,304,180,316,202,0.645833,0.530556,0.025000,0.061111,transition_hash_matches_yellow
transition_candidates__brightness_medium__run_01__frame_011_20260820T154059_896.jpg,train,transition_candidates/brightness_medium/run_01/frame_011_20260820T154059_896.jpg,19d6d2ef78e880138354e41bde58a54811eb7e803c5f3b52ba66021c2fc07d0c,yellow,1,305,180,317,202,0.647917,0.530556,0.025000,0.061111,transition_hash_matches_yellow
transition_candidates__brightness_medium__run_01__frame_012_20260820T154100_017.jpg,train,transition_candidates/brightness_medium/run_01/frame_012_20260820T154100_017.jpg,19d6d2ef78e880138354e41bde58a54811eb7e803c5f3b52ba66021c2fc07d0c,yellow,1,305,180,317,202,0.647917,0.530556,0.025000,0.061111,transition_hash_matches_yellow
transition_candidates__brightness_medium__run_01__frame_013_20260820T154100_139.jpg,train,transition_candidates/brightness_medium/run_01/frame_013_20260820T154100_139.jpg,19d6d2ef78e880138354e41bde58a54811eb7e803c5f3b52ba66021c2fc07d0c,yellow,1,305,180,317,202,0.647917,0.530556,0.025000,0.061111,transition_hash_matches_yellow
transition_candidates__brightness_medium__run_01__frame_014_20260820T154100_264.jpg,train,transition_candidates/brightness_medium/run_01/frame_014_20260820T154100_264.jpg,eb98c118d93a2d249a3cc432106c44db205d596a912202bdbaca6ccdb2b3eeb3,yellow,1,305,180,317,202,0.647917,0.530556,0.025000,0.061111,transition_hash_matches_yellow
transition_candidates__brightness_medium__run_01__frame_015_20260820T154100_400.jpg,train,transition_candidates/brightness_medium/run_01/frame_015_20260820T154100_400.jpg,236422d19564d2542971ca7d020368f4aaa56fbb9c33188a1b740200f8ce5bcf,yellow,1,306,180,319,203,0.651042,0.531944,0.027083,0.063889,transition_hash_matches_yellow
transition_candidates__brightness_medium__run_01__frame_016_20260820T154100_516.jpg,train,transition_candidates/brightness_medium/run_01/frame_016_20260820T154100_516.jpg,667b0b2c9446f2167512e47e4d4b87f67a7bb2f2489f944b0aa51f02ae1ca82c,yellow,1,306,180,319,203,0.651042,0.531944,0.027083,0.063889,transition_hash_matches_yellow
transition_candidates__brightness_medium__run_01__frame_017_20260820T154100_631.jpg,train,transition_candidates/brightness_medium/run_01/frame_017_20260820T154100_631.jpg,607c71f3a4e3a5a5dfe11d6d2b3487a7f14af16d781990fa0b838dd50ebfb141,yellow,1,307,180,320,203,0.653125,0.531944,0.027083,0.063889,transition_hash_matches_yellow
transition_candidates__brightness_medium__run_01__frame_018_20260820T154100_746.jpg,train,transition_candidates/brightness_medium/run_01/frame_018_20260820T154100_746.jpg,c3eee4711b4235b9b01029fa67ffcc1641d83726a6d3e98db8fa15d44f409f1d,yellow,1,307,180,320,203,0.653125,0.531944,0.027083,0.063889,transition_hash_matches_yellow
transition_candidates__brightness_medium__run_01__frame_019_20260820T154100_862.jpg,train,transition_candidates/brightness_medium/run_01/frame_019_20260820T154100_862.jpg,0cf445fbec65c156c43d5fd958d72dddb4130456943f8e3c83ca3cc318e630a7,yellow,1,307,180,321,203,0.654167,0.531944,0.029167,0.063889,transition_hash_matches_yellow
transition_candidates__brightness_medium__run_01__frame_020_20260820T154100_987.jpg,train,transition_candidates/brightness_medium/run_01/frame_020_20260820T154100_987.jpg,b396a320846920c786af49a65a55adc705ef0440d2820fd5e1a204f43b1b54a7,yellow,1,308,180,321,203,0.655208,0.531944,0.027083,0.063889,transition_hash_matches_yellow
transition_candidates__brightness_medium__run_01__frame_021_20260820T154101_105.jpg,train,transition_candidates/brightness_medium/run_01/frame_021_20260820T154101_105.jpg,f2009930a0d02c7a9fcf71244b9cd0aaa39dfe2573b57e8bd22faf8fe8a34950,yellow,1,309,180,322,203,0.657292,0.531944,0.027083,0.063889,transition_hash_matches_yellow
transition_candidates__brightness_medium__run_01__frame_022_20260820T154101_224.jpg,train,transition_candidates/brightness_medium/run_01/frame_022_20260820T154101_224.jpg,a61e8faf6c6c8a06a5d792515b901fa53596644aa69feea9848e026764448b73,yellow,1,309,180,322,203,0.657292,0.531944,0.027083,0.063889,transition_hash_matches_yellow
transition_candidates__brightness_medium__run_01__frame_023_20260820T154101_354.jpg,train,transition_candidates/brightness_medium/run_01/frame_023_20260820T154101_354.jpg,9e11f2361608df1d1a2b06689cf2933507b3850364eab52f4c5c651d505b7b95,yellow,1,310,180,322,203,0.658333,0.531944,0.025000,0.063889,transition_hash_matches_yellow
transition_candidates__brightness_medium__run_01__frame_024_20260820T154101_474.jpg,train,transition_candidates/brightness_medium/run_01/frame_024_20260820T154101_474.jpg,02bc93b71bc79f6b84e35db025febf95a97d9f5c9165f1356ec19c7596fe0eea,yellow,1,310,180,323,204,0.659375,0.533333,0.027083,0.066667,transition_hash_matches_yellow
transition_candidates__brightness_medium__run_01__frame_025_20260820T154101_591.jpg,train,transition_candidates/brightness_medium/run_01/frame_025_20260820T154101_591.jpg,9b27059027e391a2018ec9e3680d688f6fd91d3025ebf065082b5897286db2c0,yellow,1,311,180,324,205,0.661458,0.534722,0.027083,0.069444,transition_hash_matches_yellow
transition_candidates__brightness_medium__run_01__frame_026_20260820T154101_712.jpg,train,transition_candidates/brightness_medium/run_01/frame_026_20260820T154101_712.jpg,f13c198a3f3c66075d410451a76f670486581316d5fb0e271cc2c44b5352ff27,yellow,1,311,180,324,205,0.661458,0.534722,0.027083,0.069444,transition_hash_matches_yellow
transition_candidates__brightness_medium__run_01__frame_027_20260820T154101_834.jpg,train,transition_candidates/brightness_medium/run_01/frame_027_20260820T154101_834.jpg,927a6d731f36a4514626873d23761a605b77b5434f86bdf17a6874975876a456,yellow,1,311,180,324,205,0.661458,0.534722,0.027083,0.069444,transition_hash_matches_yellow
transition_candidates__brightness_medium__run_01__frame_028_20260820T154101_959.jpg,train,transition_candidates/brightness_medium/run_01/frame_028_20260820T154101_959.jpg,a4a65af9824556e96b89672e6f3b793d79d85fe049d85dcb17a93cd3fafec552,yellow,1,312,180,325,205,0.663542,0.534722,0.027083,0.069444,transition_hash_matches_yellow
transition_candidates__brightness_medium__run_01__frame_029_20260820T154102_081.jpg,train,transition_candidates/brightness_medium/run_01/frame_029_20260820T154102_081.jpg,c8d42bb3d47ec7a107a423f7230817243b47b5f6fc8cb648598d9c9cf8277a71,yellow,1,312,180,325,205,0.663542,0.534722,0.027083,0.069444,transition_hash_matches_yellow
transition_candidates__brightness_medium__run_01__frame_030_20260820T154102_199.jpg,train,transition_candidates/brightness_medium/run_01/frame_030_20260820T154102_199.jpg,31de3b8c7c6f9dcb1d4a8d20ccdef6b0e1582f1a64194acc4564a45b6b1ad575,yellow,1,313,180,326,204,0.665625,0.533333,0.027083,0.066667,transition_visual_review
transition_candidates__brightness_medium__run_01__frame_031_20260820T154102_324.jpg,train,transition_candidates/brightness_medium/run_01/frame_031_20260820T154102_324.jpg,4e86272bce604f78b31ead1afe2e095153af0e1bedde8b463d39ba7d97f29b78,yellow,1,313,180,327,206,0.666667,0.536111,0.029167,0.072222,transition_visual_review
transition_candidates__brightness_medium__run_01__frame_032_20260820T154102_453.jpg,train,transition_candidates/brightness_medium/run_01/frame_032_20260820T154102_453.jpg,dc5d712d3c90c9acf266c7ebb9a9681ef111451361265adf47656ad33e648bbc,yellow,1,313,180,328,206,0.667708,0.536111,0.031250,0.072222,transition_visual_review
transition_candidates__brightness_medium__run_01__frame_033_20260820T154102_578.jpg,train,transition_candidates/brightness_medium/run_01/frame_033_20260820T154102_578.jpg,dc5d712d3c90c9acf266c7ebb9a9681ef111451361265adf47656ad33e648bbc,yellow,1,313,180,328,206,0.667708,0.536111,0.031250,0.072222,transition_visual_review
transition_candidates__brightness_medium__run_01__frame_034_20260820T154102_699.jpg,train,transition_candidates/brightness_medium/run_01/frame_034_20260820T154102_699.jpg,728e5a4fab5f817729dca4eeed2f2b11c88992891225342449fdc0507dd0ec0b,,,,,,,,,,,transition_hash_matches_unclear
transition_candidates__brightness_medium__run_01__frame_035_20260820T154102_822.jpg,train,transition_candidates/brightness_medium/run_01/frame_035_20260820T154102_822.jpg,733b45f53d09e1121c58f361455e14a5029afd5fd790d70aeaf0f05619efcd0d,red,0,314,180,329,206,0.669792,0.536111,0.031250,0.072222,transition_hash_matches_red
transition_candidates__brightness_medium__run_01__frame_036_20260820T154102_958.jpg,train,transition_candidates/brightness_medium/run_01/frame_036_20260820T154102_958.jpg,733b45f53d09e1121c58f361455e14a5029afd5fd790d70aeaf0f05619efcd0d,red,0,314,180,329,206,0.669792,0.536111,0.031250,0.072222,transition_hash_matches_red
transition_candidates__brightness_medium__run_01__frame_037_20260820T154103_081.jpg,train,transition_candidates/brightness_medium/run_01/frame_037_20260820T154103_081.jpg,cd8278b5a67048ac04c6b5a0a95cff329d8bde1440502507a5df3999be694b46,red,0,315,180,331,205,0.672917,0.534722,0.033333,0.069444,transition_hash_matches_red
transition_candidates__brightness_medium__run_01__frame_038_20260820T154103_200.jpg,train,transition_candidates/brightness_medium/run_01/frame_038_20260820T154103_200.jpg,7f4027e3565b059d8f154e1da71f6d8be642b7b5ee278a922b042a44f79818d7,red,0,315,180,331,207,0.672917,0.537500,0.033333,0.075000,transition_hash_matches_red
transition_candidates__brightness_medium__run_01__frame_039_20260820T154103_327.jpg,train,transition_candidates/brightness_medium/run_01/frame_039_20260820T154103_327.jpg,ad4fcc371f7dc81b6fdf07240a23f6f15f624be13b67ee143c6448ecdc71b05c,red,0,316,180,332,207,0.675000,0.537500,0.033333,0.075000,transition_hash_matches_red
transition_candidates__brightness_medium__run_01__frame_040_20260820T154103_452.jpg,train,transition_candidates/brightness_medium/run_01/frame_040_20260820T154103_452.jpg,35dfea697aeff2b6c9c71d2e376fb2f1d1aded371b17b8f9df3676dcca353fb4,red,0,316,180,333,207,0.676042,0.537500,0.035417,0.075000,transition_hash_matches_red
transition_candidates__brightness_medium__run_01__frame_041_20260820T154103_569.jpg,train,transition_candidates/brightness_medium/run_01/frame_041_20260820T154103_569.jpg,60267987a7e72e2f81661f0545d5acaa7a15c650a907d2337ea988b5f25d27a6,red,0,317,180,333,207,0.677083,0.537500,0.033333,0.075000,transition_hash_matches_red
transition_candidates__brightness_medium__run_01__frame_042_20260820T154103_691.jpg,train,transition_candidates/brightness_medium/run_01/frame_042_20260820T154103_691.jpg,ce67764e0a7aa075a64f03aac1507c10b87b75e347eb6894c429074c0fe161d8,red,0,318,180,334,207,0.679167,0.537500,0.033333,0.075000,transition_hash_matches_red
transition_candidates__brightness_medium__run_01__frame_043_20260820T154103_816.jpg,train,transition_candidates/brightness_medium/run_01/frame_043_20260820T154103_816.jpg,0aa22027152dfedac81b5b011528bae5256b55b20da0f3828a5b6f613e02c2e0,red,0,319,180,334,206,0.680208,0.536111,0.031250,0.072222,transition_hash_matches_red
transition_candidates__brightness_medium__run_01__frame_044_20260820T154103_932.jpg,train,transition_candidates/brightness_medium/run_01/frame_044_20260820T154103_932.jpg,244b3459629ab9d036d800877415aafee32b20d85d940c2e107662ecfa6cf9a7,red,0,319,180,335,208,0.681250,0.538889,0.033333,0.077778,transition_hash_matches_red
transition_candidates__brightness_medium__run_01__frame_045_20260820T154104_053.jpg,train,transition_candidates/brightness_medium/run_01/frame_045_20260820T154104_053.jpg,07bef7df2a84db8d0a91fe5186071ae062883dc80651915ceb8a8b5dc64aa9af,red,0,320,180,336,208,0.683333,0.538889,0.033333,0.077778,transition_hash_matches_red
transition_candidates__brightness_medium__run_01__frame_046_20260820T154104_166.jpg,train,transition_candidates/brightness_medium/run_01/frame_046_20260820T154104_166.jpg,f6a411b84e5403b4b9f4fb4160ad7a29e091bdd26413ed8ee93d5db2458245ec,red,0,320,180,336,208,0.683333,0.538889,0.033333,0.077778,transition_hash_matches_red
transition_candidates__brightness_medium__run_01__frame_047_20260820T154104_280.jpg,train,transition_candidates/brightness_medium/run_01/frame_047_20260820T154104_280.jpg,61b84e79b0edadfe1242e2b1ffdbddbcfe647f921f8aef3bf5360f6a7bcdace7,red,0,320,180,336,208,0.683333,0.538889,0.033333,0.077778,transition_hash_matches_red
transition_candidates__brightness_medium__run_01__frame_048_20260820T154104_401.jpg,train,transition_candidates/brightness_medium/run_01/frame_048_20260820T154104_401.jpg,26e9a0f4b8556716e38d4ec0f82a1c28430e99b3c062243188591a80a3b96c18,red,0,320,180,336,208,0.683333,0.538889,0.033333,0.077778,transition_hash_matches_red
transition_candidates__brightness_medium__run_01__frame_049_20260820T154104_527.jpg,train,transition_candidates/brightness_medium/run_01/frame_049_20260820T154104_527.jpg,b63440dd17edb4d4b9303e310022468a4ee9e09d33dc36bdc77eba2954bac586,red,0,320,180,336,208,0.683333,0.538889,0.033333,0.077778,transition_hash_matches_red
transition_candidates__brightness_medium__run_02__frame_000_20260820T154106_258.jpg,train,transition_candidates/brightness_medium/run_02/frame_000_20260820T154106_258.jpg,2719cc88f7f56fffe43422728c52d14cd57da02019565ef32f27cbb6316e0466,green,2,322,180,339,208,0.688542,0.538889,0.035417,0.077778,transition_hash_matches_green
transition_candidates__brightness_medium__run_02__frame_001_20260820T154106_383.jpg,train,transition_candidates/brightness_medium/run_02/frame_001_20260820T154106_383.jpg,43478bacd8bb0d3d41e1bc2fdbfbcacc095a21940fefcb2add4a45658769c848,green,2,322,180,340,209,0.689583,0.540278,0.037500,0.080556,transition_hash_matches_green
transition_candidates__brightness_medium__run_02__frame_002_20260820T154106_505.jpg,train,transition_candidates/brightness_medium/run_02/frame_002_20260820T154106_505.jpg,cd421413cf6bcc2529f02ccebd8a607625f0c02c7943897af8347225bcb247f4,green,2,323,180,340,209,0.690625,0.540278,0.035417,0.080556,transition_hash_matches_green
transition_candidates__brightness_medium__run_02__frame_003_20260820T154106_626.jpg,train,transition_candidates/brightness_medium/run_02/frame_003_20260820T154106_626.jpg,3a1d33dba84638f07c809112f76fbc960e72acd2ae360718f660e9f319efa9ff,green,2,324,180,341,209,0.692708,0.540278,0.035417,0.080556,transition_hash_matches_green
transition_candidates__brightness_medium__run_02__frame_004_20260820T154106_741.jpg,train,transition_candidates/brightness_medium/run_02/frame_004_20260820T154106_741.jpg,63ae7eb11db01ee35e1d2d782d3a19de60b8b517f70a868e96a30a5cc695a4f3,green,2,324,180,342,209,0.693750,0.540278,0.037500,0.080556,transition_hash_matches_green
transition_candidates__brightness_medium__run_02__frame_005_20260820T154106_867.jpg,train,transition_candidates/brightness_medium/run_02/frame_005_20260820T154106_867.jpg,7af91c1fe83b4b558e406078711a91416dc009f1dd4969646c04e5f2945aec26,green,2,325,180,342,209,0.694792,0.540278,0.035417,0.080556,transition_hash_matches_green
transition_candidates__brightness_medium__run_02__frame_006_20260820T154106_987.jpg,train,transition_candidates/brightness_medium/run_02/frame_006_20260820T154106_987.jpg,7af91c1fe83b4b558e406078711a91416dc009f1dd4969646c04e5f2945aec26,green,2,325,180,342,209,0.694792,0.540278,0.035417,0.080556,transition_hash_matches_green
transition_candidates__brightness_medium__run_02__frame_007_20260820T154107_113.jpg,train,transition_candidates/brightness_medium/run_02/frame_007_20260820T154107_113.jpg,7af91c1fe83b4b558e406078711a91416dc009f1dd4969646c04e5f2945aec26,green,2,325,180,342,209,0.694792,0.540278,0.035417,0.080556,transition_hash_matches_green
transition_candidates__brightness_medium__run_02__frame_008_20260820T154107_228.jpg,train,transition_candidates/brightness_medium/run_02/frame_008_20260820T154107_228.jpg,a7563aec49ccb1f2452b17eb6b6b385f5bfce600b44bf861f699875c45fe928e,green,2,325,180,343,210,0.695833,0.541667,0.037500,0.083333,transition_visual_review
transition_candidates__brightness_medium__run_02__frame_009_20260820T154107_363.jpg,train,transition_candidates/brightness_medium/run_02/frame_009_20260820T154107_363.jpg,0c920f2149f830d2af7c5848b5d6479e374479618fc4161f2311b67dca2a9fbf,yellow,1,327,180,345,209,0.700000,0.540278,0.037500,0.080556,transition_visual_review
transition_candidates__brightness_medium__run_02__frame_010_20260820T154107_485.jpg,train,transition_candidates/brightness_medium/run_02/frame_010_20260820T154107_485.jpg,8c15041cfdbcf19d4e0d9268ea080be4918a586a7f1e444bf94bb3fd54921110,yellow,1,328,180,346,209,0.702083,0.540278,0.037500,0.080556,transition_hash_matches_yellow
transition_candidates__brightness_medium__run_02__frame_011_20260820T154107_614.jpg,train,transition_candidates/brightness_medium/run_02/frame_011_20260820T154107_614.jpg,8c15041cfdbcf19d4e0d9268ea080be4918a586a7f1e444bf94bb3fd54921110,yellow,1,328,180,346,209,0.702083,0.540278,0.037500,0.080556,transition_hash_matches_yellow
transition_candidates__brightness_medium__run_02__frame_012_20260820T154107_731.jpg,train,transition_candidates/brightness_medium/run_02/frame_012_20260820T154107_731.jpg,0093f579af24319361eff8b6319e4129fdffa08877ea239e276fcd89d2beb8b1,yellow,1,329,180,347,210,0.704167,0.541667,0.037500,0.083333,transition_hash_matches_yellow
transition_candidates__brightness_medium__run_02__frame_013_20260820T154107_850.jpg,train,transition_candidates/brightness_medium/run_02/frame_013_20260820T154107_850.jpg,932a48953fd4529bbb2628a9f2516f2777ee2a90796cbbf224fb3ca7bbb9049f,yellow,1,330,180,348,210,0.706250,0.541667,0.037500,0.083333,transition_hash_matches_yellow
transition_candidates__brightness_medium__run_02__frame_014_20260820T154107_966.jpg,train,transition_candidates/brightness_medium/run_02/frame_014_20260820T154107_966.jpg,9bba69f4b6ac8eef55c8abf5a5c0a910a2ac178f28adf1bad74e6dc59b8eca5e,yellow,1,331,180,349,210,0.708333,0.541667,0.037500,0.083333,transition_hash_matches_yellow
transition_candidates__brightness_medium__run_02__frame_015_20260820T154108_082.jpg,train,transition_candidates/brightness_medium/run_02/frame_015_20260820T154108_082.jpg,9bba69f4b6ac8eef55c8abf5a5c0a910a2ac178f28adf1bad74e6dc59b8eca5e,yellow,1,331,180,349,210,0.708333,0.541667,0.037500,0.083333,transition_hash_matches_yellow
transition_candidates__brightness_medium__run_02__frame_016_20260820T154108_198.jpg,train,transition_candidates/brightness_medium/run_02/frame_016_20260820T154108_198.jpg,9bba69f4b6ac8eef55c8abf5a5c0a910a2ac178f28adf1bad74e6dc59b8eca5e,yellow,1,331,180,349,210,0.708333,0.541667,0.037500,0.083333,transition_hash_matches_yellow
transition_candidates__brightness_medium__run_02__frame_017_20260820T154108_324.jpg,train,transition_candidates/brightness_medium/run_02/frame_017_20260820T154108_324.jpg,45ead50da4b465f2b5f60f1525ffe3a857a57a983e359fc0769f6c0275a953b2,yellow,1,333,180,351,211,0.712500,0.543056,0.037500,0.086111,transition_hash_matches_yellow
transition_candidates__brightness_medium__run_02__frame_018_20260820T154108_446.jpg,train,transition_candidates/brightness_medium/run_02/frame_018_20260820T154108_446.jpg,adbdbf11ed6faa56a64b9d697e44208e6a022f3f42dfb87a669e2bd4e49062ef,yellow,1,335,180,352,211,0.715625,0.543056,0.035417,0.086111,transition_hash_matches_yellow
transition_candidates__brightness_medium__run_02__frame_019_20260820T154108_561.jpg,train,transition_candidates/brightness_medium/run_02/frame_019_20260820T154108_561.jpg,22817a3ae5628e55a49f9a6f76c98ca4f255f4e8e21d2b22d7f669eefdaba0bd,yellow,1,335,180,353,211,0.716667,0.543056,0.037500,0.086111,transition_hash_matches_yellow
transition_candidates__brightness_medium__run_02__frame_020_20260820T154108_685.jpg,train,transition_candidates/brightness_medium/run_02/frame_020_20260820T154108_685.jpg,22817a3ae5628e55a49f9a6f76c98ca4f255f4e8e21d2b22d7f669eefdaba0bd,yellow,1,335,180,353,211,0.716667,0.543056,0.037500,0.086111,transition_hash_matches_yellow
transition_candidates__brightness_medium__run_02__frame_021_20260820T154108_815.jpg,train,transition_candidates/brightness_medium/run_02/frame_021_20260820T154108_815.jpg,67c2ef05405daf731548fb96d39ab1d0fc41c0a62325bd7c9fedf66a73114d6e,yellow,1,337,180,356,212,0.721875,0.544444,0.039583,0.088889,transition_hash_matches_yellow
transition_candidates__brightness_medium__run_02__frame_022_20260820T154108_937.jpg,train,transition_candidates/brightness_medium/run_02/frame_022_20260820T154108_937.jpg,b928b4dceeeacaf070e92357a03e11d9f0e6b38d149f033498c5987597b42d1d,yellow,1,337,180,357,212,0.722917,0.544444,0.041667,0.088889,transition_hash_matches_yellow
transition_candidates__brightness_medium__run_02__frame_023_20260820T154109_056.jpg,train,transition_candidates/brightness_medium/run_02/frame_023_20260820T154109_056.jpg,3093484a1dbfcf4bb599392ae57abcec3482e4e0a0b0f24534269336cf1aa303,yellow,1,338,180,358,212,0.725000,0.544444,0.041667,0.088889,transition_hash_matches_yellow
transition_candidates__brightness_medium__run_02__frame_024_20260820T154109_170.jpg,train,transition_candidates/brightness_medium/run_02/frame_024_20260820T154109_170.jpg,3093484a1dbfcf4bb599392ae57abcec3482e4e0a0b0f24534269336cf1aa303,yellow,1,338,180,358,212,0.725000,0.544444,0.041667,0.088889,transition_hash_matches_yellow
transition_candidates__brightness_medium__run_02__frame_025_20260820T154109_286.jpg,train,transition_candidates/brightness_medium/run_02/frame_025_20260820T154109_286.jpg,3093484a1dbfcf4bb599392ae57abcec3482e4e0a0b0f24534269336cf1aa303,yellow,1,338,180,358,212,0.725000,0.544444,0.041667,0.088889,transition_hash_matches_yellow
transition_candidates__brightness_medium__run_02__frame_026_20260820T154109_409.jpg,train,transition_candidates/brightness_medium/run_02/frame_026_20260820T154109_409.jpg,f60bcdfe926ef4b4383496ea84211c35864b23779110cadc997de933f9f947c2,yellow,1,341,180,361,213,0.731250,0.545833,0.041667,0.091667,transition_hash_matches_yellow
transition_candidates__brightness_medium__run_02__frame_027_20260820T154109_530.jpg,train,transition_candidates/brightness_medium/run_02/frame_027_20260820T154109_530.jpg,a21b6dbd493cab238e969a38e246bb0a6d050b6ced08a1ebb8429d53173d7b23,yellow,1,342,180,363,213,0.734375,0.545833,0.043750,0.091667,transition_hash_matches_yellow
transition_candidates__brightness_medium__run_02__frame_028_20260820T154109_659.jpg,train,transition_candidates/brightness_medium/run_02/frame_028_20260820T154109_659.jpg,32cdb7fb0cd5f50caea2e2415b3270ef45b748ea60afb91106e7595d4119b39a,yellow,1,343,180,364,215,0.736458,0.548611,0.043750,0.097222,transition_hash_matches_yellow
transition_candidates__brightness_medium__run_02__frame_029_20260820T154109_788.jpg,train,transition_candidates/brightness_medium/run_02/frame_029_20260820T154109_788.jpg,c46825e2496b50a136ff074aa80e99d70bcb299a48b0c41532b814c2627fd5fd,yellow,1,344,180,365,215,0.738542,0.548611,0.043750,0.097222,transition_hash_matches_yellow
transition_candidates__brightness_medium__run_02__frame_030_20260820T154109_907.jpg,train,transition_candidates/brightness_medium/run_02/frame_030_20260820T154109_907.jpg,cc65dea1b708b7c6b7f953e42901d0a0ed8472a295b463484c25be9fe3a77963,yellow,1,345,180,366,215,0.740625,0.548611,0.043750,0.097222,transition_visual_review
transition_candidates__brightness_medium__run_02__frame_031_20260820T154110_023.jpg,train,transition_candidates/brightness_medium/run_02/frame_031_20260820T154110_023.jpg,cc65dea1b708b7c6b7f953e42901d0a0ed8472a295b463484c25be9fe3a77963,yellow,1,345,180,366,215,0.740625,0.548611,0.043750,0.097222,transition_visual_review
transition_candidates__brightness_medium__run_02__frame_032_20260820T154110_154.jpg,train,transition_candidates/brightness_medium/run_02/frame_032_20260820T154110_154.jpg,b34672f313c0ecab16797f1315ce7cac3a9256370ea21818a5f37bc9e2547d06,yellow,1,346,180,367,216,0.742708,0.550000,0.043750,0.100000,transition_visual_review
transition_candidates__brightness_medium__run_02__frame_033_20260820T154110_271.jpg,train,transition_candidates/brightness_medium/run_02/frame_033_20260820T154110_271.jpg,cd6d41a9bcf4736c0241329de13e5e29cd1940d0554185cb6d52de4c9609e170,,,,,,,,,,,transition_hash_matches_unclear
transition_candidates__brightness_medium__run_02__frame_034_20260820T154110_384.jpg,train,transition_candidates/brightness_medium/run_02/frame_034_20260820T154110_384.jpg,cd6d41a9bcf4736c0241329de13e5e29cd1940d0554185cb6d52de4c9609e170,,,,,,,,,,,transition_hash_matches_unclear
transition_candidates__brightness_medium__run_02__frame_035_20260820T154110_507.jpg,train,transition_candidates/brightness_medium/run_02/frame_035_20260820T154110_507.jpg,eeb6f95c43ac8f6b5d76ad2aff86acc1fbece2f60d57d2e977658ce1cb83dc35,red,0,349,180,371,217,0.750000,0.551389,0.045833,0.102778,transition_hash_matches_red
transition_candidates__brightness_medium__run_02__frame_036_20260820T154110_621.jpg,train,transition_candidates/brightness_medium/run_02/frame_036_20260820T154110_621.jpg,eeb6f95c43ac8f6b5d76ad2aff86acc1fbece2f60d57d2e977658ce1cb83dc35,red,0,349,180,371,217,0.750000,0.551389,0.045833,0.102778,transition_hash_matches_red
transition_candidates__brightness_medium__run_02__frame_037_20260820T154110_739.jpg,train,transition_candidates/brightness_medium/run_02/frame_037_20260820T154110_739.jpg,eeb6f95c43ac8f6b5d76ad2aff86acc1fbece2f60d57d2e977658ce1cb83dc35,red,0,349,180,371,217,0.750000,0.551389,0.045833,0.102778,transition_hash_matches_red
transition_candidates__brightness_medium__run_02__frame_038_20260820T154110_866.jpg,train,transition_candidates/brightness_medium/run_02/frame_038_20260820T154110_866.jpg,9e942398fe41e84591ee9d585944bc15e17c950fca419477d29294e1f2927d88,red,0,353,180,376,218,0.759375,0.552778,0.047917,0.105556,transition_hash_matches_red
transition_candidates__brightness_medium__run_02__frame_039_20260820T154110_980.jpg,train,transition_candidates/brightness_medium/run_02/frame_039_20260820T154110_980.jpg,b2f195c053d972614672533c8f5662b9da12aef07f66d57878d61dafef0be981,red,0,353,180,376,218,0.759375,0.552778,0.047917,0.105556,transition_hash_matches_red
transition_candidates__brightness_medium__run_02__frame_040_20260820T154111_094.jpg,train,transition_candidates/brightness_medium/run_02/frame_040_20260820T154111_094.jpg,b2f195c053d972614672533c8f5662b9da12aef07f66d57878d61dafef0be981,red,0,353,180,376,218,0.759375,0.552778,0.047917,0.105556,transition_hash_matches_red
transition_candidates__brightness_medium__run_02__frame_041_20260820T154111_218.jpg,train,transition_candidates/brightness_medium/run_02/frame_041_20260820T154111_218.jpg,3fda641959af2d73f7249ce57c3a99d44fadfa6f25b51644f5aecb7d028e5258,red,0,356,180,379,219,0.765625,0.554167,0.047917,0.108333,transition_hash_matches_red
transition_candidates__brightness_medium__run_02__frame_042_20260820T154111_337.jpg,train,transition_candidates/brightness_medium/run_02/frame_042_20260820T154111_337.jpg,3fda641959af2d73f7249ce57c3a99d44fadfa6f25b51644f5aecb7d028e5258,red,0,356,180,379,219,0.765625,0.554167,0.047917,0.108333,transition_hash_matches_red
transition_candidates__brightness_medium__run_02__frame_043_20260820T154111_459.jpg,train,transition_candidates/brightness_medium/run_02/frame_043_20260820T154111_459.jpg,3f3656b1036c3ba128f19600aba66d06fd9f2b3c06a3b49fc9689a8abc1b6ecc,red,0,358,180,382,219,0.770833,0.554167,0.050000,0.108333,transition_hash_matches_red
transition_candidates__brightness_medium__run_02__frame_044_20260820T154111_579.jpg,train,transition_candidates/brightness_medium/run_02/frame_044_20260820T154111_579.jpg,24acc014d296674f3db2a88099bd88fb6e371d57e2b609f64ca5bec1f0ff62c7,red,0,360,180,384,220,0.775000,0.555556,0.050000,0.111111,transition_hash_matches_red
transition_candidates__brightness_medium__run_02__frame_045_20260820T154111_698.jpg,train,transition_candidates/brightness_medium/run_02/frame_045_20260820T154111_698.jpg,6d12aaf99747e6afc6fd83f033906551f426b4696dcb5e9375e4d63dba1ed8e5,red,0,361,180,385,220,0.777083,0.555556,0.050000,0.111111,transition_hash_matches_red
transition_candidates__brightness_medium__run_02__frame_046_20260820T154111_813.jpg,train,transition_candidates/brightness_medium/run_02/frame_046_20260820T154111_813.jpg,d1f745ae681067ba6683515acab4b9a8e2e89f35ecf7972b0d19c716c4e10519,red,0,362,180,387,221,0.780208,0.556944,0.052083,0.113889,transition_hash_matches_red
transition_candidates__brightness_medium__run_02__frame_047_20260820T154111_926.jpg,train,transition_candidates/brightness_medium/run_02/frame_047_20260820T154111_926.jpg,03354948cd944f39b0d4bf88b915ddc8607bb3fa877c7b4c3840c947acf32c79,red,0,362,180,387,220,0.780208,0.555556,0.052083,0.111111,transition_hash_matches_red
transition_candidates__brightness_medium__run_02__frame_048_20260820T154112_049.jpg,train,transition_candidates/brightness_medium/run_02/frame_048_20260820T154112_049.jpg,4c023b3367a002ebb87087bc964a3c4517ec7e507dd888264b50ceb8019660c6,red,0,362,180,387,221,0.780208,0.556944,0.052083,0.113889,transition_hash_matches_red
transition_candidates__brightness_medium__run_02__frame_049_20260820T154112_168.jpg,train,transition_candidates/brightness_medium/run_02/frame_049_20260820T154112_168.jpg,8c5beb6e595b87e3eb157c90c4e6723df7a7c5faa26c1fede6d8c71954f39b3e,red,0,362,180,387,221,0.780208,0.556944,0.052083,0.113889,transition_hash_matches_red
transition_candidates__brightness_medium__run_03__frame_000_20260820T154113_882.jpg,train,transition_candidates/brightness_medium/run_03/frame_000_20260820T154113_882.jpg,4cea1495025cbec987ff9475f961d7f2e2a0c6877b9eb340ce6f8f0d8d753a22,green,2,376,180,403,225,0.811458,0.562500,0.056250,0.125000,transition_hash_matches_green
transition_candidates__brightness_medium__run_03__frame_001_20260820T154114_000.jpg,train,transition_candidates/brightness_medium/run_03/frame_001_20260820T154114_000.jpg,e24e3efcafc0b780fe54e375b995e2c50eeb97ab91206f6b9cc0d4cd108329f8,green,2,377,180,404,225,0.813542,0.562500,0.056250,0.125000,transition_hash_matches_green
transition_candidates__brightness_medium__run_03__frame_002_20260820T154114_128.jpg,train,transition_candidates/brightness_medium/run_03/frame_002_20260820T154114_128.jpg,b9a0f90fe4fb86afdc633276f0bc7364455cbab4b3c539706a1a868c43bd4aa6,green,2,379,180,406,226,0.817708,0.563889,0.056250,0.127778,transition_hash_matches_green
transition_candidates__brightness_medium__run_03__frame_003_20260820T154114_256.jpg,train,transition_candidates/brightness_medium/run_03/frame_003_20260820T154114_256.jpg,d2b16c41808f493093fb1b1e67b45ef77cca47f585f81bf197ac0fe0c4621db0,green,2,379,180,408,226,0.819792,0.563889,0.060417,0.127778,transition_hash_matches_green
transition_candidates__brightness_medium__run_03__frame_004_20260820T154114_375.jpg,train,transition_candidates/brightness_medium/run_03/frame_004_20260820T154114_375.jpg,358b5b8c981df102734fb0affc0834207daca4394e8e8d7559926496de658ea4,green,2,381,180,410,227,0.823958,0.565278,0.060417,0.130556,transition_hash_matches_green
transition_candidates__brightness_medium__run_03__frame_005_20260820T154114_489.jpg,train,transition_candidates/brightness_medium/run_03/frame_005_20260820T154114_489.jpg,358b5b8c981df102734fb0affc0834207daca4394e8e8d7559926496de658ea4,green,2,381,180,410,227,0.823958,0.565278,0.060417,0.130556,transition_hash_matches_green
transition_candidates__brightness_medium__run_03__frame_006_20260820T154114_613.jpg,train,transition_candidates/brightness_medium/run_03/frame_006_20260820T154114_613.jpg,eb34d8b7950f78f33d5cca979d9691b2af50aea0f868813ae030f711630f31a8,green,2,384,180,414,228,0.831250,0.566667,0.062500,0.133333,transition_hash_matches_green
transition_candidates__brightness_medium__run_03__frame_007_20260820T154114_735.jpg,train,transition_candidates/brightness_medium/run_03/frame_007_20260820T154114_735.jpg,4d26f413f8e85206533bcf1c26e6de2339f4665cd71ee44cf6d78d46ecc9c750,green,2,385,180,415,228,0.833333,0.566667,0.062500,0.133333,transition_visual_review
transition_candidates__brightness_medium__run_03__frame_008_20260820T154114_852.jpg,train,transition_candidates/brightness_medium/run_03/frame_008_20260820T154114_852.jpg,fd61bcb1827fcfc972c6c61e9ee110e8c425e76cbebb5720dc10b2664c603d0f,,,,,,,,,,,transition_hash_yellow_but_no_visible_signal
transition_candidates__brightness_medium__run_03__frame_009_20260820T154114_970.jpg,train,transition_candidates/brightness_medium/run_03/frame_009_20260820T154114_970.jpg,fd61bcb1827fcfc972c6c61e9ee110e8c425e76cbebb5720dc10b2664c603d0f,,,,,,,,,,,transition_hash_yellow_but_no_visible_signal
transition_candidates__brightness_medium__run_03__frame_010_20260820T154115_086.jpg,train,transition_candidates/brightness_medium/run_03/frame_010_20260820T154115_086.jpg,79273e1a5331eeeaa10dddc1666bce06f9925ac0a7e735ba55fec84e011ada5b,yellow,1,391,180,421,230,0.845833,0.569444,0.062500,0.138889,transition_hash_matches_yellow
transition_candidates__brightness_medium__run_03__frame_011_20260820T154115_209.jpg,train,transition_candidates/brightness_medium/run_03/frame_011_20260820T154115_209.jpg,79273e1a5331eeeaa10dddc1666bce06f9925ac0a7e735ba55fec84e011ada5b,yellow,1,391,180,421,230,0.845833,0.569444,0.062500,0.138889,transition_hash_matches_yellow
transition_candidates__brightness_medium__run_03__frame_012_20260820T154115_329.jpg,train,transition_candidates/brightness_medium/run_03/frame_012_20260820T154115_329.jpg,cb0ffe8a60c1493d9816e20020f9309263f08d0e61d8774f4dfcc7d196b3b765,yellow,1,396,180,427,232,0.857292,0.572222,0.064583,0.144444,transition_hash_matches_yellow
transition_candidates__brightness_medium__run_03__frame_013_20260820T154115_446.jpg,train,transition_candidates/brightness_medium/run_03/frame_013_20260820T154115_446.jpg,ecc3db73f2bf4741a36cc80fcd7cac6bfeb9b7c9614cd5efcbbc1eba85425af4,yellow,1,398,180,430,232,0.862500,0.572222,0.066667,0.144444,transition_hash_matches_yellow
transition_candidates__brightness_medium__run_03__frame_014_20260820T154115_568.jpg,train,transition_candidates/brightness_medium/run_03/frame_014_20260820T154115_568.jpg,27cabbfcb5ab0d151f3dac036c93f2bd9d50647778fa4fc4c41941e610de4b9d,yellow,1,399,180,431,232,0.864583,0.572222,0.066667,0.144444,transition_hash_matches_yellow
transition_candidates__brightness_medium__run_03__frame_015_20260820T154115_691.jpg,train,transition_candidates/brightness_medium/run_03/frame_015_20260820T154115_691.jpg,60c2d96df8ba5531e663dd7a2f9046daa98ad47fe8a0ba04a6f430465d9efec1,yellow,1,400,180,433,233,0.867708,0.573611,0.068750,0.147222,transition_hash_matches_yellow
transition_candidates__brightness_medium__run_03__frame_016_20260820T154115_811.jpg,train,transition_candidates/brightness_medium/run_03/frame_016_20260820T154115_811.jpg,60c2d96df8ba5531e663dd7a2f9046daa98ad47fe8a0ba04a6f430465d9efec1,yellow,1,400,180,433,233,0.867708,0.573611,0.068750,0.147222,transition_hash_matches_yellow
transition_candidates__brightness_medium__run_03__frame_017_20260820T154115_934.jpg,train,transition_candidates/brightness_medium/run_03/frame_017_20260820T154115_934.jpg,5141ebaf592cf2eb68e0e30e31dc99f0eb939b02d7c71e08fc5adf2adb17c209,yellow,1,407,180,441,235,0.883333,0.576389,0.070833,0.152778,transition_hash_matches_yellow
transition_candidates__brightness_medium__run_03__frame_018_20260820T154116_049.jpg,train,transition_candidates/brightness_medium/run_03/frame_018_20260820T154116_049.jpg,d213563a5dea2ea2ab7d8e1e9440aa94af3454958f75b625883636330f7e3a4b,yellow,1,409,180,444,236,0.888542,0.577778,0.072917,0.155556,transition_hash_matches_yellow
transition_candidates__brightness_medium__run_03__frame_019_20260820T154116_172.jpg,train,transition_candidates/brightness_medium/run_03/frame_019_20260820T154116_172.jpg,9444f697c894ed370666ebfdd0e84a40aec809c8abd9736cd82bfb416355d19c,yellow,1,411,180,446,237,0.892708,0.579167,0.072917,0.158333,transition_hash_matches_yellow
transition_candidates__brightness_medium__run_03__frame_020_20260820T154116_294.jpg,train,transition_candidates/brightness_medium/run_03/frame_020_20260820T154116_294.jpg,4bac9aa1c95db4527a3b73eae08558c3a393cf1a5cff75cd5a4947f027fdcc06,yellow,1,414,180,449,238,0.898958,0.580556,0.072917,0.161111,transition_hash_matches_yellow
transition_candidates__brightness_medium__run_03__frame_021_20260820T154116_421.jpg,train,transition_candidates/brightness_medium/run_03/frame_021_20260820T154116_421.jpg,924c3da49406852b90f445c515ee4e2b38195718f531e31fdd730e98b8aa83b2,yellow,1,415,180,451,238,0.902083,0.580556,0.075000,0.161111,transition_hash_matches_yellow
transition_candidates__brightness_medium__run_03__frame_022_20260820T154116_545.jpg,train,transition_candidates/brightness_medium/run_03/frame_022_20260820T154116_545.jpg,924c3da49406852b90f445c515ee4e2b38195718f531e31fdd730e98b8aa83b2,yellow,1,415,180,451,238,0.902083,0.580556,0.075000,0.161111,transition_hash_matches_yellow
transition_candidates__brightness_medium__run_03__frame_023_20260820T154116_667.jpg,train,transition_candidates/brightness_medium/run_03/frame_023_20260820T154116_667.jpg,cd1fe083c8570a440626c3393825fe44d5fcdef6f228c0fffe82360e1939207b,yellow,1,423,180,461,241,0.920833,0.584722,0.079167,0.169444,transition_hash_matches_yellow
transition_candidates__brightness_medium__run_03__frame_024_20260820T154116_781.jpg,train,transition_candidates/brightness_medium/run_03/frame_024_20260820T154116_781.jpg,9b1829eaf492806f0bca5d51f043f51c684819e62cf39566e83d37a08a9962f1,yellow,1,426,180,465,242,0.928125,0.586111,0.081250,0.172222,transition_hash_matches_yellow
transition_candidates__brightness_medium__run_03__frame_025_20260820T154116_911.jpg,train,transition_candidates/brightness_medium/run_03/frame_025_20260820T154116_911.jpg,bbf056a6e88c4ca1a47c9f5c656e187b396e1383cbd306e3c8ce1b671ff34c99,yellow,1,430,180,469,243,0.936458,0.587500,0.081250,0.175000,transition_hash_matches_yellow
transition_candidates__brightness_medium__run_03__frame_026_20260820T154117_036.jpg,train,transition_candidates/brightness_medium/run_03/frame_026_20260820T154117_036.jpg,271bccaaebe9dbabeffba204f7d6d3168951fc14fb657ab6d1cac52de3573ee8,yellow,1,433,180,473,244,0.943750,0.588889,0.083333,0.177778,transition_hash_matches_yellow
transition_candidates__brightness_medium__run_03__frame_027_20260820T154117_165.jpg,train,transition_candidates/brightness_medium/run_03/frame_027_20260820T154117_165.jpg,c3d5d6373e3258aa3e4611ec4ebbf2f6916a18247d6197d1d208116c376e95ac,yellow,1,435,180,476,245,0.948958,0.590278,0.085417,0.180556,transition_hash_matches_yellow
transition_candidates__brightness_medium__run_03__frame_028_20260820T154117_293.jpg,train,transition_candidates/brightness_medium/run_03/frame_028_20260820T154117_293.jpg,353569f5c61b2afaba9177f061d3ebd5d20820676b5f432fcfe82973e0152705,yellow,1,439,180,478,246,0.955208,0.591667,0.081250,0.183333,transition_hash_matches_yellow
transition_candidates__brightness_medium__run_03__frame_029_20260820T154117_413.jpg,train,transition_candidates/brightness_medium/run_03/frame_029_20260820T154117_413.jpg,5279474bcf9b7a443b07de287da1d2c1e11402ba1986c61de8e308bcf8cf7823,yellow,1,442,180,480,247,0.960417,0.593056,0.079167,0.186111,transition_visual_review
transition_candidates__brightness_medium__run_03__frame_030_20260820T154117_525.jpg,train,transition_candidates/brightness_medium/run_03/frame_030_20260820T154117_525.jpg,6dd66cabe14991b57b2a74f044c1282ec32be485790248ef3ef2821aa3c0543a,,,,,,,,,,,transition_hash_matches_unclear
transition_candidates__brightness_medium__run_03__frame_031_20260820T154117_639.jpg,train,transition_candidates/brightness_medium/run_03/frame_031_20260820T154117_639.jpg,6dd66cabe14991b57b2a74f044c1282ec32be485790248ef3ef2821aa3c0543a,,,,,,,,,,,transition_hash_matches_unclear
transition_candidates__brightness_medium__run_03__frame_032_20260820T154117_764.jpg,train,transition_candidates/brightness_medium/run_03/frame_032_20260820T154117_764.jpg,a11594a657a30df0265f82722fc660084553e876aea2f414c3f11c2f6ea79b14,,,,,,,,,,,transition_hash_matches_unclear
transition_candidates__brightness_medium__run_03__frame_033_20260820T154117_879.jpg,train,transition_candidates/brightness_medium/run_03/frame_033_20260820T154117_879.jpg,955599f0bfdb1b0fd025c7ee8297705aa5649dd741a3ab12e5322c219639af15,,,,,,,,,,,transition_hash_matches_unclear
transition_candidates__brightness_medium__run_03__frame_034_20260820T154117_993.jpg,train,transition_candidates/brightness_medium/run_03/frame_034_20260820T154117_993.jpg,955599f0bfdb1b0fd025c7ee8297705aa5649dd741a3ab12e5322c219639af15,,,,,,,,,,,transition_hash_matches_unclear
transition_candidates__brightness_medium__run_03__frame_035_20260820T154118_109.jpg,train,transition_candidates/brightness_medium/run_03/frame_035_20260820T154118_109.jpg,5cdcfb70b67caaa9ad1e10b52da7f06bf40012bf1ac996208fd08a1b526391a3,,,,,,,,,,,transition_hash_matches_unclear
transition_candidates__brightness_medium__run_03__frame_036_20260820T154118_229.jpg,train,transition_candidates/brightness_medium/run_03/frame_036_20260820T154118_229.jpg,559c9d40650e9c05a5f8c8c7ad0f39b281ff76955af969de29488257332efeaf,,,,,,,,,,,transition_hash_matches_unclear
transition_candidates__brightness_medium__run_03__frame_037_20260820T154118_347.jpg,train,transition_candidates/brightness_medium/run_03/frame_037_20260820T154118_347.jpg,b8fc31da9a54626033e856cfacee0afb8b1b33c29a927a63a55050e57a712265,,,,,,,,,,,transition_hash_red_but_no_visible_signal
transition_candidates__brightness_medium__run_03__frame_038_20260820T154118_459.jpg,train,transition_candidates/brightness_medium/run_03/frame_038_20260820T154118_459.jpg,0bfa18ada336e25253e54783d8a16519f437941dad6c796d858c4b0ddade93ab,,,,,,,,,,,transition_hash_red_but_no_visible_signal
transition_candidates__brightness_medium__run_03__frame_039_20260820T154118_578.jpg,train,transition_candidates/brightness_medium/run_03/frame_039_20260820T154118_578.jpg,9036b9c03a52d45401c6780e985e13cffe018e47b411d434ea01096168dc03b4,,,,,,,,,,,transition_hash_red_but_no_visible_signal
transition_candidates__brightness_medium__run_03__frame_040_20260820T154118_695.jpg,train,transition_candidates/brightness_medium/run_03/frame_040_20260820T154118_695.jpg,ed07497f6ff548d8914cfee0fd6e1b124919e48fce54a86be84a73f0a297cd8d,,,,,,,,,,,transition_hash_red_but_no_visible_signal
transition_candidates__brightness_medium__run_03__frame_041_20260820T154118_814.jpg,train,transition_candidates/brightness_medium/run_03/frame_041_20260820T154118_814.jpg,4f4d7d22285ce951e5d65ce1ce4d171ca0c10899f72cd3a45979478e642599c1,,,,,,,,,,,transition_hash_red_but_no_visible_signal
transition_candidates__brightness_medium__run_03__frame_042_20260820T154118_934.jpg,train,transition_candidates/brightness_medium/run_03/frame_042_20260820T154118_934.jpg,1d3e97ac6d0ac9f223b5d9762bd35480d06f38cd376b78d083006277210d7918,,,,,,,,,,,transition_hash_red_but_no_visible_signal
transition_candidates__brightness_medium__run_03__frame_043_20260820T154119_063.jpg,train,transition_candidates/brightness_medium/run_03/frame_043_20260820T154119_063.jpg,972e99b625d0c1c0e1ee654cc238d96ba5bae1dc05d115cc24576f3afe290b9a,,,,,,,,,,,transition_hash_red_but_no_visible_signal
transition_candidates__brightness_medium__run_03__frame_044_20260820T154119_196.jpg,train,transition_candidates/brightness_medium/run_03/frame_044_20260820T154119_196.jpg,1790c699210d7f54210908313bed76ad4f42519ccabd2653fbbd358f8bdefb35,,,,,,,,,,,transition_hash_red_but_no_visible_signal
transition_candidates__brightness_medium__run_03__frame_045_20260820T154119_325.jpg,train,transition_candidates/brightness_medium/run_03/frame_045_20260820T154119_325.jpg,ca6ad6892e4a362d70e6ae5b404213b12501430e533ab19cb1a239399aeb0a0b,,,,,,,,,,,transition_hash_red_but_no_visible_signal
transition_candidates__brightness_medium__run_03__frame_046_20260820T154119_442.jpg,train,transition_candidates/brightness_medium/run_03/frame_046_20260820T154119_442.jpg,b3d5eed72dfb54082b9158ba6c5dca70a2ca83db3044ba08b46277249461f350,,,,,,,,,,,transition_hash_red_but_no_visible_signal
transition_candidates__brightness_medium__run_03__frame_047_20260820T154119_573.jpg,train,transition_candidates/brightness_medium/run_03/frame_047_20260820T154119_573.jpg,8bbb07d5e1efbec7dc920ef00ac028ec755db0a6ef3aa4fd14318b1c75bd4a3c,,,,,,,,,,,transition_hash_red_but_no_visible_signal
transition_candidates__brightness_medium__run_03__frame_048_20260820T154119_694.jpg,train,transition_candidates/brightness_medium/run_03/frame_048_20260820T154119_694.jpg,8bbb07d5e1efbec7dc920ef00ac028ec755db0a6ef3aa4fd14318b1c75bd4a3c,,,,,,,,,,,transition_hash_red_but_no_visible_signal
transition_candidates__brightness_medium__run_03__frame_049_20260820T154119_811.jpg,train,transition_candidates/brightness_medium/run_03/frame_049_20260820T154119_811.jpg,e548045d80c10122b31190242cf567d660357529224404ed5c684d622a8607c4,,,,,,,,,,,transition_hash_red_but_no_visible_signal
transition_candidates__brightness_medium__run_04__frame_000_20260820T154121_519.jpg,val,transition_candidates/brightness_medium/run_04/frame_000_20260820T154121_519.jpg,b56ff851a1c1735d970d5fbe58a47aa8451adc0794fa5fcf323b867888ca8f12,green,2,337,180,352,207,0.717708,0.537500,0.031250,0.075000,transition_hash_matches_green
transition_candidates__brightness_medium__run_04__frame_001_20260820T154121_645.jpg,val,transition_candidates/brightness_medium/run_04/frame_001_20260820T154121_645.jpg,a9a262cb12733e31ad9f52a1214cf0280685a88042dcc268c7d808df31bfe126,green,2,337,180,352,207,0.717708,0.537500,0.031250,0.075000,transition_hash_matches_green
transition_candidates__brightness_medium__run_04__frame_002_20260820T154121_770.jpg,val,transition_candidates/brightness_medium/run_04/frame_002_20260820T154121_770.jpg,4192a239a6719f422128cc4138c006e8193100707c2f787a0e7c691d07af8a85,green,2,338,180,353,207,0.719792,0.537500,0.031250,0.075000,transition_hash_matches_green
transition_candidates__brightness_medium__run_04__frame_003_20260820T154121_886.jpg,val,transition_candidates/brightness_medium/run_04/frame_003_20260820T154121_886.jpg,e0d7a6da1e0d7b5a920290c4fd15d68f6ae990d3ced6125f9a448301a4f9d01c,green,2,338,180,354,207,0.720833,0.537500,0.033333,0.075000,transition_hash_matches_green
transition_candidates__brightness_medium__run_04__frame_004_20260820T154122_014.jpg,val,transition_candidates/brightness_medium/run_04/frame_004_20260820T154122_014.jpg,e0d7a6da1e0d7b5a920290c4fd15d68f6ae990d3ced6125f9a448301a4f9d01c,green,2,338,180,354,207,0.720833,0.537500,0.033333,0.075000,transition_hash_matches_green
transition_candidates__brightness_medium__run_04__frame_005_20260820T154122_132.jpg,val,transition_candidates/brightness_medium/run_04/frame_005_20260820T154122_132.jpg,751f1ed6f74f48b875fb2d6ce6c040e4ecec6307e05591f44cdde01660b1dcb5,green,2,339,180,356,207,0.723958,0.537500,0.035417,0.075000,transition_hash_matches_green
transition_candidates__brightness_medium__run_04__frame_006_20260820T154122_258.jpg,val,transition_candidates/brightness_medium/run_04/frame_006_20260820T154122_258.jpg,14a3343610b9712aedef39a34ec915b5e93cba72a880faac64b8754de92998c0,green,2,340,180,357,208,0.726042,0.538889,0.035417,0.077778,transition_hash_matches_green
transition_candidates__brightness_medium__run_04__frame_007_20260820T154122_379.jpg,val,transition_candidates/brightness_medium/run_04/frame_007_20260820T154122_379.jpg,925f7451eac3684639728466a5981e31165a723bd6aa038571c9f1180ddea265,green,2,341,180,358,208,0.728125,0.538889,0.035417,0.077778,transition_visual_review
transition_candidates__brightness_medium__run_04__frame_008_20260820T154122_501.jpg,val,transition_candidates/brightness_medium/run_04/frame_008_20260820T154122_501.jpg,925f7451eac3684639728466a5981e31165a723bd6aa038571c9f1180ddea265,green,2,341,180,358,208,0.728125,0.538889,0.035417,0.077778,transition_visual_review
transition_candidates__brightness_medium__run_04__frame_009_20260820T154122_620.jpg,val,transition_candidates/brightness_medium/run_04/frame_009_20260820T154122_620.jpg,925f7451eac3684639728466a5981e31165a723bd6aa038571c9f1180ddea265,green,2,341,180,358,208,0.728125,0.538889,0.035417,0.077778,transition_visual_review
transition_candidates__brightness_medium__run_04__frame_010_20260820T154122_747.jpg,val,transition_candidates/brightness_medium/run_04/frame_010_20260820T154122_747.jpg,6e043ea1ba84c00fac7051586b734f80d55eb26946b384b6b0f9e5faa87ab908,yellow,1,344,180,360,208,0.733333,0.538889,0.033333,0.077778,transition_hash_matches_yellow
transition_candidates__brightness_medium__run_04__frame_011_20260820T154122_876.jpg,val,transition_candidates/brightness_medium/run_04/frame_011_20260820T154122_876.jpg,ab57027194191e81149d3276c1e8890c17fa3888b9814db2510165ab07e7d885,yellow,1,344,180,361,208,0.734375,0.538889,0.035417,0.077778,transition_hash_matches_yellow
transition_candidates__brightness_medium__run_04__frame_012_20260820T154122_998.jpg,val,transition_candidates/brightness_medium/run_04/frame_012_20260820T154122_998.jpg,3ebaf8da8bb9f31d914956d2a6f0f0bbab9369046b70ccaa6b8493518f2de0a8,yellow,1,345,180,362,208,0.736458,0.538889,0.035417,0.077778,transition_hash_matches_yellow
transition_candidates__brightness_medium__run_04__frame_013_20260820T154123_113.jpg,val,transition_candidates/brightness_medium/run_04/frame_013_20260820T154123_113.jpg,4c14bbc49deda876fb8ced3288a6753cefb14d12587829b40d2e2821bdd0ae1e,yellow,1,345,180,364,209,0.738542,0.540278,0.039583,0.080556,transition_hash_matches_yellow
transition_candidates__brightness_medium__run_04__frame_014_20260820T154123_231.jpg,val,transition_candidates/brightness_medium/run_04/frame_014_20260820T154123_231.jpg,4c14bbc49deda876fb8ced3288a6753cefb14d12587829b40d2e2821bdd0ae1e,yellow,1,345,180,364,209,0.738542,0.540278,0.039583,0.080556,transition_hash_matches_yellow
transition_candidates__brightness_medium__run_04__frame_015_20260820T154123_351.jpg,val,transition_candidates/brightness_medium/run_04/frame_015_20260820T154123_351.jpg,6c8f674671178ea4653f2fcd28cd545dfe36104d14ba8fe8ec833ca051c9a07b,yellow,1,347,180,365,209,0.741667,0.540278,0.037500,0.080556,transition_hash_matches_yellow
transition_candidates__brightness_medium__run_04__frame_016_20260820T154123_482.jpg,val,transition_candidates/brightness_medium/run_04/frame_016_20260820T154123_482.jpg,903c11e929617f9dc0937c9f23adbf960a6516d7d4ca56e7d35cd59b19e5408d,yellow,1,347,180,366,209,0.742708,0.540278,0.039583,0.080556,transition_hash_matches_yellow
transition_candidates__brightness_medium__run_04__frame_017_20260820T154123_598.jpg,val,transition_candidates/brightness_medium/run_04/frame_017_20260820T154123_598.jpg,903c11e929617f9dc0937c9f23adbf960a6516d7d4ca56e7d35cd59b19e5408d,yellow,1,347,180,366,209,0.742708,0.540278,0.039583,0.080556,transition_hash_matches_yellow
transition_candidates__brightness_medium__run_04__frame_018_20260820T154123_715.jpg,val,transition_candidates/brightness_medium/run_04/frame_018_20260820T154123_715.jpg,ff26bf6393153e46e703deddfca5532fcb08ce3aa49ba20693a51a1f65eca9b7,yellow,1,348,180,367,210,0.744792,0.541667,0.039583,0.083333,transition_hash_matches_yellow
transition_candidates__brightness_medium__run_04__frame_019_20260820T154123_842.jpg,val,transition_candidates/brightness_medium/run_04/frame_019_20260820T154123_842.jpg,49d81d5a83b702ef50f8925b9441df142c62ae0832a85f73210fb178737bd01d,yellow,1,350,180,368,210,0.747917,0.541667,0.037500,0.083333,transition_hash_matches_yellow
transition_candidates__brightness_medium__run_04__frame_020_20260820T154123_960.jpg,val,transition_candidates/brightness_medium/run_04/frame_020_20260820T154123_960.jpg,49d81d5a83b702ef50f8925b9441df142c62ae0832a85f73210fb178737bd01d,yellow,1,350,180,368,210,0.747917,0.541667,0.037500,0.083333,transition_hash_matches_yellow
transition_candidates__brightness_medium__run_04__frame_021_20260820T154124_085.jpg,val,transition_candidates/brightness_medium/run_04/frame_021_20260820T154124_085.jpg,cdc76a53add601b0ac628a1a62afc7cbd7c1416c4539b2be4648fb393b466e07,yellow,1,352,180,370,210,0.752083,0.541667,0.037500,0.083333,transition_hash_matches_yellow
transition_candidates__brightness_medium__run_04__frame_022_20260820T154124_200.jpg,val,transition_candidates/brightness_medium/run_04/frame_022_20260820T154124_200.jpg,2521ea8f8d6edaefcdfdc4887432b3a8fbea1b330a50ee31f134c895cadc7d39,yellow,1,353,180,371,212,0.754167,0.544444,0.037500,0.088889,transition_hash_matches_yellow
transition_candidates__brightness_medium__run_04__frame_023_20260820T154124_315.jpg,val,transition_candidates/brightness_medium/run_04/frame_023_20260820T154124_315.jpg,4742ce25acf75ababe47c770a651303a56c99aafe3fd27464ba1814701d962a2,yellow,1,354,180,373,212,0.757292,0.544444,0.039583,0.088889,transition_hash_matches_yellow
transition_candidates__brightness_medium__run_04__frame_024_20260820T154124_429.jpg,val,transition_candidates/brightness_medium/run_04/frame_024_20260820T154124_429.jpg,4742ce25acf75ababe47c770a651303a56c99aafe3fd27464ba1814701d962a2,yellow,1,354,180,373,212,0.757292,0.544444,0.039583,0.088889,transition_hash_matches_yellow
transition_candidates__brightness_medium__run_04__frame_025_20260820T154124_559.jpg,val,transition_candidates/brightness_medium/run_04/frame_025_20260820T154124_559.jpg,c97531bdb9d9a815b3a8d945546379f9c660ef657f600bb2012c17c73ba7ad25,yellow,1,355,180,375,211,0.760417,0.543056,0.041667,0.086111,transition_hash_matches_yellow
transition_candidates__brightness_medium__run_04__frame_026_20260820T154124_674.jpg,val,transition_candidates/brightness_medium/run_04/frame_026_20260820T154124_674.jpg,c97531bdb9d9a815b3a8d945546379f9c660ef657f600bb2012c17c73ba7ad25,yellow,1,355,180,375,211,0.760417,0.543056,0.041667,0.086111,transition_hash_matches_yellow
transition_candidates__brightness_medium__run_04__frame_027_20260820T154124_796.jpg,val,transition_candidates/brightness_medium/run_04/frame_027_20260820T154124_796.jpg,c97531bdb9d9a815b3a8d945546379f9c660ef657f600bb2012c17c73ba7ad25,yellow,1,355,180,375,211,0.760417,0.543056,0.041667,0.086111,transition_hash_matches_yellow
transition_candidates__brightness_medium__run_04__frame_028_20260820T154124_914.jpg,val,transition_candidates/brightness_medium/run_04/frame_028_20260820T154124_914.jpg,a2bc5ffe1bb17a26a03ab4e6985727975da6dd1687253c025f1fd224f20ca61d,yellow,1,359,180,379,212,0.768750,0.544444,0.041667,0.088889,transition_hash_matches_yellow
transition_candidates__brightness_medium__run_04__frame_029_20260820T154125_028.jpg,val,transition_candidates/brightness_medium/run_04/frame_029_20260820T154125_028.jpg,0930cd49e68161e99af1320786a33333f4912da9d8a69a2254969c4aa3fb9ff6,yellow,1,361,180,380,214,0.771875,0.547222,0.039583,0.094444,transition_hash_matches_yellow
transition_candidates__brightness_medium__run_04__frame_030_20260820T154125_151.jpg,val,transition_candidates/brightness_medium/run_04/frame_030_20260820T154125_151.jpg,0930cd49e68161e99af1320786a33333f4912da9d8a69a2254969c4aa3fb9ff6,yellow,1,361,180,380,214,0.771875,0.547222,0.039583,0.094444,transition_hash_matches_yellow
transition_candidates__brightness_medium__run_04__frame_031_20260820T154125_273.jpg,val,transition_candidates/brightness_medium/run_04/frame_031_20260820T154125_273.jpg,e6439f5d994365f32f70046522ca266ccd5a0edc5c73e67bb87b39901e47d692,yellow,1,362,180,382,214,0.775000,0.547222,0.041667,0.094444,transition_visual_review
transition_candidates__brightness_medium__run_04__frame_032_20260820T154125_395.jpg,val,transition_candidates/brightness_medium/run_04/frame_032_20260820T154125_395.jpg,08df50e7d8c2fc5742862b87e5baff1ee72f0f8c14148b685a62babed787ffc4,yellow,1,363,180,384,213,0.778125,0.545833,0.043750,0.091667,transition_visual_review
transition_candidates__brightness_medium__run_04__frame_033_20260820T154125_511.jpg,val,transition_candidates/brightness_medium/run_04/frame_033_20260820T154125_511.jpg,08df50e7d8c2fc5742862b87e5baff1ee72f0f8c14148b685a62babed787ffc4,yellow,1,363,180,384,213,0.778125,0.545833,0.043750,0.091667,transition_visual_review
transition_candidates__brightness_medium__run_04__frame_034_20260820T154125_625.jpg,val,transition_candidates/brightness_medium/run_04/frame_034_20260820T154125_625.jpg,08df50e7d8c2fc5742862b87e5baff1ee72f0f8c14148b685a62babed787ffc4,yellow,1,363,180,384,213,0.778125,0.545833,0.043750,0.091667,transition_visual_review
transition_candidates__brightness_medium__run_04__frame_035_20260820T154125_749.jpg,val,transition_candidates/brightness_medium/run_04/frame_035_20260820T154125_749.jpg,4d321b346fe805a785788bf0d38db8e2558353b33444dad0ed76364125a8577e,,,,,,,,,,,transition_hash_matches_unclear
transition_candidates__brightness_medium__run_04__frame_036_20260820T154125_866.jpg,val,transition_candidates/brightness_medium/run_04/frame_036_20260820T154125_866.jpg,9e14b9d1e963d7e15ac22f6c0f37e48518c70476b3ee9264ba53a8392460e095,red,0,366,180,388,215,0.785417,0.548611,0.045833,0.097222,transition_hash_matches_red
transition_candidates__brightness_medium__run_04__frame_037_20260820T154125_988.jpg,val,transition_candidates/brightness_medium/run_04/frame_037_20260820T154125_988.jpg,7859b07da004791e2206e184669fe9dc51fb6e516ddc1c388cf4da45e9c393bd,red,0,368,180,390,216,0.789583,0.550000,0.045833,0.100000,transition_hash_matches_red
transition_candidates__brightness_medium__run_04__frame_038_20260820T154126_103.jpg,val,transition_candidates/brightness_medium/run_04/frame_038_20260820T154126_103.jpg,2ea3b8a4dade69f8deca82df3a494505dd5283ac35b18067d98dede7266b2d07,red,0,370,180,391,216,0.792708,0.550000,0.043750,0.100000,transition_hash_matches_red
transition_candidates__brightness_medium__run_04__frame_039_20260820T154126_227.jpg,val,transition_candidates/brightness_medium/run_04/frame_039_20260820T154126_227.jpg,67a3af9f72ed6393a5c998ad4121aafcb8ee36b209ea3afe68f3158ca236bd7f,red,0,371,180,393,216,0.795833,0.550000,0.045833,0.100000,transition_hash_matches_red
transition_candidates__brightness_medium__run_04__frame_040_20260820T154126_352.jpg,val,transition_candidates/brightness_medium/run_04/frame_040_20260820T154126_352.jpg,67a3af9f72ed6393a5c998ad4121aafcb8ee36b209ea3afe68f3158ca236bd7f,red,0,371,180,393,216,0.795833,0.550000,0.045833,0.100000,transition_hash_matches_red
transition_candidates__brightness_medium__run_04__frame_041_20260820T154126_473.jpg,val,transition_candidates/brightness_medium/run_04/frame_041_20260820T154126_473.jpg,67a3af9f72ed6393a5c998ad4121aafcb8ee36b209ea3afe68f3158ca236bd7f,red,0,371,180,393,216,0.795833,0.550000,0.045833,0.100000,transition_hash_matches_red
transition_candidates__brightness_medium__run_04__frame_042_20260820T154126_597.jpg,val,transition_candidates/brightness_medium/run_04/frame_042_20260820T154126_597.jpg,314e1d39809e79fff718a205490af11e1aa910cc2aff11d3b744676ebcaf5248,red,0,374,180,396,217,0.802083,0.551389,0.045833,0.102778,transition_hash_matches_red
transition_candidates__brightness_medium__run_04__frame_043_20260820T154126_715.jpg,val,transition_candidates/brightness_medium/run_04/frame_043_20260820T154126_715.jpg,314e1d39809e79fff718a205490af11e1aa910cc2aff11d3b744676ebcaf5248,red,0,374,180,396,217,0.802083,0.551389,0.045833,0.102778,transition_hash_matches_red
transition_candidates__brightness_medium__run_04__frame_044_20260820T154126_829.jpg,val,transition_candidates/brightness_medium/run_04/frame_044_20260820T154126_829.jpg,4255f2a5d9b46b715fc8a5f0265cf1a42c9cb586e09ca41e327397a48347ecbd,red,0,378,180,401,217,0.811458,0.551389,0.047917,0.102778,transition_hash_matches_red
transition_candidates__brightness_medium__run_04__frame_045_20260820T154126_953.jpg,val,transition_candidates/brightness_medium/run_04/frame_045_20260820T154126_953.jpg,1fdeb431c6bd0e9ac6dc84f252e53451a91af6c97591abf02cfbac9e4502417e,red,0,379,180,401,217,0.812500,0.551389,0.045833,0.102778,transition_hash_matches_red
transition_candidates__brightness_medium__run_04__frame_046_20260820T154127_075.jpg,val,transition_candidates/brightness_medium/run_04/frame_046_20260820T154127_075.jpg,c4411230742bfbc329b3437dc5dff66aa0fea4e0ad7b221413fd8698fd7d33d0,red,0,380,180,403,218,0.815625,0.552778,0.047917,0.105556,transition_hash_matches_red
transition_candidates__brightness_medium__run_04__frame_047_20260820T154127_199.jpg,val,transition_candidates/brightness_medium/run_04/frame_047_20260820T154127_199.jpg,51ceab7e269096adeaa9575c3d176d16f094b2ae86b19f76f110a6ee2c0bda9d,red,0,380,180,404,218,0.816667,0.552778,0.050000,0.105556,transition_hash_matches_red
transition_candidates__brightness_medium__run_04__frame_048_20260820T154127_314.jpg,val,transition_candidates/brightness_medium/run_04/frame_048_20260820T154127_314.jpg,51ceab7e269096adeaa9575c3d176d16f094b2ae86b19f76f110a6ee2c0bda9d,red,0,380,180,404,218,0.816667,0.552778,0.050000,0.105556,transition_hash_matches_red
transition_candidates__brightness_medium__run_04__frame_049_20260820T154127_430.jpg,val,transition_candidates/brightness_medium/run_04/frame_049_20260820T154127_430.jpg,e4e34b027189fe579e4bc0ba98b4bc73412a2360ea180655d2a24e9578abf584,red,0,380,180,404,218,0.816667,0.552778,0.050000,0.105556,transition_hash_matches_red
transition_candidates__brightness_medium__run_05__frame_000_20260820T154129_156.jpg,test,transition_candidates/brightness_medium/run_05/frame_000_20260820T154129_156.jpg,b405ec0392c48a96f8a1395f8e8ca3072b445f4dbf151d3eeec8482e8838fded,green,2,259,180,276,208,0.557292,0.538889,0.035417,0.077778,transition_hash_matches_green
transition_candidates__brightness_medium__run_05__frame_001_20260820T154129_282.jpg,test,transition_candidates/brightness_medium/run_05/frame_001_20260820T154129_282.jpg,aa452891046bcd56c8f5d9c89b2c21bc868cf87c393ce061328c7b0fee40224d,green,2,260,180,276,208,0.558333,0.538889,0.033333,0.077778,transition_hash_matches_green
transition_candidates__brightness_medium__run_05__frame_002_20260820T154129_405.jpg,test,transition_candidates/brightness_medium/run_05/frame_002_20260820T154129_405.jpg,aa452891046bcd56c8f5d9c89b2c21bc868cf87c393ce061328c7b0fee40224d,green,2,260,180,276,208,0.558333,0.538889,0.033333,0.077778,transition_hash_matches_green
transition_candidates__brightness_medium__run_05__frame_003_20260820T154129_523.jpg,test,transition_candidates/brightness_medium/run_05/frame_003_20260820T154129_523.jpg,f5c9445e0e7140c17c93cba2139764ece8352c82ce1f8dd8b29256d9278ef42f,green,2,260,180,276,209,0.558333,0.540278,0.033333,0.080556,transition_hash_matches_green
transition_candidates__brightness_medium__run_05__frame_004_20260820T154129_642.jpg,test,transition_candidates/brightness_medium/run_05/frame_004_20260820T154129_642.jpg,f5c9445e0e7140c17c93cba2139764ece8352c82ce1f8dd8b29256d9278ef42f,green,2,260,180,276,209,0.558333,0.540278,0.033333,0.080556,transition_hash_matches_green
transition_candidates__brightness_medium__run_05__frame_005_20260820T154129_761.jpg,test,transition_candidates/brightness_medium/run_05/frame_005_20260820T154129_761.jpg,f5c9445e0e7140c17c93cba2139764ece8352c82ce1f8dd8b29256d9278ef42f,green,2,260,180,276,209,0.558333,0.540278,0.033333,0.080556,transition_hash_matches_green
transition_candidates__brightness_medium__run_05__frame_006_20260820T154129_885.jpg,test,transition_candidates/brightness_medium/run_05/frame_006_20260820T154129_885.jpg,6b1dd0ec3fc885cafe05930689adf71cd308dd03da1446bba6b9d927c5456daf,green,2,260,180,277,209,0.559375,0.540278,0.035417,0.080556,transition_hash_matches_green
transition_candidates__brightness_medium__run_05__frame_007_20260820T154130_011.jpg,test,transition_candidates/brightness_medium/run_05/frame_007_20260820T154130_011.jpg,8322c63a45cb2533076680e0709e63eb9aa084ca2230765e47bc0be176cdd753,green,2,260,180,277,210,0.559375,0.541667,0.035417,0.083333,transition_visual_review
transition_candidates__brightness_medium__run_05__frame_008_20260820T154130_124.jpg,test,transition_candidates/brightness_medium/run_05/frame_008_20260820T154130_124.jpg,b4cdb0850ce0d1f03f174f4e1e8ed4024f899d1bb194de0ab40bca24c4dedce1,,,,,,,,,,,transition_visual_review_empty
transition_candidates__brightness_medium__run_05__frame_009_20260820T154130_243.jpg,test,transition_candidates/brightness_medium/run_05/frame_009_20260820T154130_243.jpg,7207f418df1f42fc3042e26995cbf97475512a9c3da1639ac64449d8bfda726f,yellow,1,261,180,278,210,0.561458,0.541667,0.035417,0.083333,transition_visual_review
transition_candidates__brightness_medium__run_05__frame_010_20260820T154130_367.jpg,test,transition_candidates/brightness_medium/run_05/frame_010_20260820T154130_367.jpg,6e7b8d52ec53a3adc37189a03a97032247a4455fb38e2f608f8d476087f6d5b7,yellow,1,261,180,278,210,0.561458,0.541667,0.035417,0.083333,transition_hash_matches_yellow
transition_candidates__brightness_medium__run_05__frame_011_20260820T154130_480.jpg,test,transition_candidates/brightness_medium/run_05/frame_011_20260820T154130_480.jpg,6e7b8d52ec53a3adc37189a03a97032247a4455fb38e2f608f8d476087f6d5b7,yellow,1,261,180,278,210,0.561458,0.541667,0.035417,0.083333,transition_hash_matches_yellow
transition_candidates__brightness_medium__run_05__frame_012_20260820T154130_598.jpg,test,transition_candidates/brightness_medium/run_05/frame_012_20260820T154130_598.jpg,fd834bf60696a68fdde7341e35ac78f07b12ea7ef6449dff3a61ec0c3cb5e1b1,yellow,1,261,180,279,211,0.562500,0.543056,0.037500,0.086111,transition_hash_matches_yellow
transition_candidates__brightness_medium__run_05__frame_013_20260820T154130_716.jpg,test,transition_candidates/brightness_medium/run_05/frame_013_20260820T154130_716.jpg,71fd3311b89e00a192071c34b064ce7ef8336290317fcbd73d341b788248e487,yellow,1,261,180,279,211,0.562500,0.543056,0.037500,0.086111,transition_hash_matches_yellow
transition_candidates__brightness_medium__run_05__frame_014_20260820T154130_835.jpg,test,transition_candidates/brightness_medium/run_05/frame_014_20260820T154130_835.jpg,d42efdbf276cc571c3ffb66f89362cd24dac34e737812f60565b69b71ee22071,yellow,1,261,180,279,211,0.562500,0.543056,0.037500,0.086111,transition_hash_matches_yellow
transition_candidates__brightness_medium__run_05__frame_015_20260820T154130_961.jpg,test,transition_candidates/brightness_medium/run_05/frame_015_20260820T154130_961.jpg,0f1c31348c3c72aade0d606e461a103ea2c27e6056c6020d8d243562315cfe5a,yellow,1,262,180,280,211,0.564583,0.543056,0.037500,0.086111,transition_hash_matches_yellow
transition_candidates__brightness_medium__run_05__frame_016_20260820T154131_087.jpg,test,transition_candidates/brightness_medium/run_05/frame_016_20260820T154131_087.jpg,c30260efac45ca44e324f3af4e9d804d5f5816b2e0fc27efc439446d361564e5,yellow,1,262,180,280,212,0.564583,0.544444,0.037500,0.088889,transition_hash_matches_yellow
transition_candidates__brightness_medium__run_05__frame_017_20260820T154131_211.jpg,test,transition_candidates/brightness_medium/run_05/frame_017_20260820T154131_211.jpg,c30260efac45ca44e324f3af4e9d804d5f5816b2e0fc27efc439446d361564e5,yellow,1,262,180,280,212,0.564583,0.544444,0.037500,0.088889,transition_hash_matches_yellow
transition_candidates__brightness_medium__run_05__frame_018_20260820T154131_329.jpg,test,transition_candidates/brightness_medium/run_05/frame_018_20260820T154131_329.jpg,d7ed984c409cbb473387ddd3077104434a5df8e37d6d60f2d536bfe667043f7d,yellow,1,262,180,280,212,0.564583,0.544444,0.037500,0.088889,transition_hash_matches_yellow
transition_candidates__brightness_medium__run_05__frame_019_20260820T154131_450.jpg,test,transition_candidates/brightness_medium/run_05/frame_019_20260820T154131_450.jpg,2319229cac60a842ab76bcd2cb88d3257b14018938d38d9318a82d5949ae0c66,yellow,1,262,180,281,212,0.565625,0.544444,0.039583,0.088889,transition_hash_matches_yellow
transition_candidates__brightness_medium__run_05__frame_020_20260820T154131_573.jpg,test,transition_candidates/brightness_medium/run_05/frame_020_20260820T154131_573.jpg,e05138e4f8ec33a8844d6b41b09b0f8db4290bbdf40391aa4fefa0a517c35bc7,yellow,1,262,180,281,212,0.565625,0.544444,0.039583,0.088889,transition_hash_matches_yellow
transition_candidates__brightness_medium__run_05__frame_021_20260820T154131_688.jpg,test,transition_candidates/brightness_medium/run_05/frame_021_20260820T154131_688.jpg,dc2d9f142884a21d4e0d5bbcf3fb798af9e51a96fe79d40e1ddee8397d0dc87b,yellow,1,263,180,281,213,0.566667,0.545833,0.037500,0.091667,transition_hash_matches_yellow
transition_candidates__brightness_medium__run_05__frame_022_20260820T154131_812.jpg,test,transition_candidates/brightness_medium/run_05/frame_022_20260820T154131_812.jpg,0aaf7d304e6b96fc0e453992dbbcd875ecb3f9afd6889dae1f973794a78746e2,yellow,1,263,180,282,213,0.567708,0.545833,0.039583,0.091667,transition_hash_matches_yellow
transition_candidates__brightness_medium__run_05__frame_023_20260820T154131_932.jpg,test,transition_candidates/brightness_medium/run_05/frame_023_20260820T154131_932.jpg,0aaf7d304e6b96fc0e453992dbbcd875ecb3f9afd6889dae1f973794a78746e2,yellow,1,263,180,282,213,0.567708,0.545833,0.039583,0.091667,transition_hash_matches_yellow
transition_candidates__brightness_medium__run_05__frame_024_20260820T154132_050.jpg,test,transition_candidates/brightness_medium/run_05/frame_024_20260820T154132_050.jpg,0287de60a797c6402e6c30cbf2caecc9f380e0d795147b7209647f395b223c53,yellow,1,263,180,282,213,0.567708,0.545833,0.039583,0.091667,transition_hash_matches_yellow
transition_candidates__brightness_medium__run_05__frame_025_20260820T154132_164.jpg,test,transition_candidates/brightness_medium/run_05/frame_025_20260820T154132_164.jpg,0ccfdaf816dbd97bbb75ab15380fa3ba9e675fba2de5d643259b9434eddbfce1,yellow,1,263,180,282,214,0.567708,0.547222,0.039583,0.094444,transition_hash_matches_yellow
transition_candidates__brightness_medium__run_05__frame_026_20260820T154132_284.jpg,test,transition_candidates/brightness_medium/run_05/frame_026_20260820T154132_284.jpg,6af8e1b2576e261c7ff5b573cc549f9559aea175360ce5a056975c9ef4455dc9,yellow,1,264,180,283,214,0.569792,0.547222,0.039583,0.094444,transition_hash_matches_yellow
transition_candidates__brightness_medium__run_05__frame_027_20260820T154132_404.jpg,test,transition_candidates/brightness_medium/run_05/frame_027_20260820T154132_404.jpg,6af8e1b2576e261c7ff5b573cc549f9559aea175360ce5a056975c9ef4455dc9,yellow,1,264,180,283,214,0.569792,0.547222,0.039583,0.094444,transition_hash_matches_yellow
transition_candidates__brightness_medium__run_05__frame_028_20260820T154132_526.jpg,test,transition_candidates/brightness_medium/run_05/frame_028_20260820T154132_526.jpg,913b93630f1aa021a072c8ecd89b69b051eba85684b1fa7b3e5f289c9f252f4d,yellow,1,264,180,284,214,0.570833,0.547222,0.041667,0.094444,transition_hash_matches_yellow
transition_candidates__brightness_medium__run_05__frame_029_20260820T154132_641.jpg,test,transition_candidates/brightness_medium/run_05/frame_029_20260820T154132_641.jpg,9b178f52feac5abdd0b12f0d4a98e7997d01f29173bc2c156b7875668c3b0960,yellow,1,264,180,285,215,0.571875,0.548611,0.043750,0.097222,transition_hash_matches_yellow
transition_candidates__brightness_medium__run_05__frame_030_20260820T154132_767.jpg,test,transition_candidates/brightness_medium/run_05/frame_030_20260820T154132_767.jpg,7a05fa5c04b2cd19b9e3167bd08d77ee5201e1317eb67e7b4521f5c3099aaa43,yellow,1,264,180,285,215,0.571875,0.548611,0.043750,0.097222,transition_visual_review
transition_candidates__brightness_medium__run_05__frame_031_20260820T154132_882.jpg,test,transition_candidates/brightness_medium/run_05/frame_031_20260820T154132_882.jpg,7a05fa5c04b2cd19b9e3167bd08d77ee5201e1317eb67e7b4521f5c3099aaa43,yellow,1,264,180,285,215,0.571875,0.548611,0.043750,0.097222,transition_visual_review
transition_candidates__brightness_medium__run_05__frame_032_20260820T154133_019.jpg,test,transition_candidates/brightness_medium/run_05/frame_032_20260820T154133_019.jpg,7a05fa5c04b2cd19b9e3167bd08d77ee5201e1317eb67e7b4521f5c3099aaa43,yellow,1,264,180,285,215,0.571875,0.548611,0.043750,0.097222,transition_visual_review
transition_candidates__brightness_medium__run_05__frame_033_20260820T154133_136.jpg,test,transition_candidates/brightness_medium/run_05/frame_033_20260820T154133_136.jpg,758812043a833d556b9648c012c204f2b85ea0ef850bdf193f2aea61f6542950,yellow,1,266,180,287,216,0.576042,0.550000,0.043750,0.100000,transition_visual_review
transition_candidates__brightness_medium__run_05__frame_034_20260820T154133_257.jpg,test,transition_candidates/brightness_medium/run_05/frame_034_20260820T154133_257.jpg,893a45ee515c5fe23834793e8a4d392d9d3417d749630fde2155dbe659ba01e4,,,,,,,,,,,transition_hash_matches_unclear
transition_candidates__brightness_medium__run_05__frame_035_20260820T154133_375.jpg,test,transition_candidates/brightness_medium/run_05/frame_035_20260820T154133_375.jpg,26020a405062f97ffd32aad356d6d2fee37773a8291c61ee60fd2fbb99e5b9c0,red,0,266,180,287,217,0.576042,0.551389,0.043750,0.102778,transition_hash_matches_red
transition_candidates__brightness_medium__run_05__frame_036_20260820T154133_490.jpg,test,transition_candidates/brightness_medium/run_05/frame_036_20260820T154133_490.jpg,be3d724d48e7f8a3c8480d5f14a75578361fd5163f42b88a26c9f90c8fe9c161,red,0,267,180,288,218,0.578125,0.552778,0.043750,0.105556,transition_hash_matches_red
transition_candidates__brightness_medium__run_05__frame_037_20260820T154133_604.jpg,test,transition_candidates/brightness_medium/run_05/frame_037_20260820T154133_604.jpg,be3d724d48e7f8a3c8480d5f14a75578361fd5163f42b88a26c9f90c8fe9c161,red,0,267,180,288,218,0.578125,0.552778,0.043750,0.105556,transition_hash_matches_red
transition_candidates__brightness_medium__run_05__frame_038_20260820T154133_723.jpg,test,transition_candidates/brightness_medium/run_05/frame_038_20260820T154133_723.jpg,331dde15f082833b539e58aa3c2860c8e0f94e542fd42a05ed8d13526256040b,red,0,267,180,288,218,0.578125,0.552778,0.043750,0.105556,transition_hash_matches_red
transition_candidates__brightness_medium__run_05__frame_039_20260820T154133_846.jpg,test,transition_candidates/brightness_medium/run_05/frame_039_20260820T154133_846.jpg,3cde6f2bd0432f397ad8e7a2f873509ed518cd8c592f9e1f4acbe91c04dea25b,red,0,267,180,289,219,0.579167,0.554167,0.045833,0.108333,transition_hash_matches_red
transition_candidates__brightness_medium__run_05__frame_040_20260820T154133_977.jpg,test,transition_candidates/brightness_medium/run_05/frame_040_20260820T154133_977.jpg,6616f9d545fa0bdfe9c501feaff6679df21f2303e3bf47e952be12f5f749e74a,red,0,267,180,289,219,0.579167,0.554167,0.045833,0.108333,transition_hash_matches_red
transition_candidates__brightness_medium__run_05__frame_041_20260820T154134_099.jpg,test,transition_candidates/brightness_medium/run_05/frame_041_20260820T154134_099.jpg,4390f07af0c684fe777c15a83d1e06045879c98401fce3464abc8c51c4fcd786,red,0,268,180,290,219,0.581250,0.554167,0.045833,0.108333,transition_hash_matches_red
transition_candidates__brightness_medium__run_05__frame_042_20260820T154134_214.jpg,test,transition_candidates/brightness_medium/run_05/frame_042_20260820T154134_214.jpg,80c9f7cde188e5851b85a361821a607a5b55d97c2d1084af7b7db24c8c361d98,red,0,268,180,290,220,0.581250,0.555556,0.045833,0.111111,transition_hash_matches_red
transition_candidates__brightness_medium__run_05__frame_043_20260820T154134_330.jpg,test,transition_candidates/brightness_medium/run_05/frame_043_20260820T154134_330.jpg,80c9f7cde188e5851b85a361821a607a5b55d97c2d1084af7b7db24c8c361d98,red,0,268,180,290,220,0.581250,0.555556,0.045833,0.111111,transition_hash_matches_red
transition_candidates__brightness_medium__run_05__frame_044_20260820T154134_457.jpg,test,transition_candidates/brightness_medium/run_05/frame_044_20260820T154134_457.jpg,4d5afd5cfa8a2201289e7f8387fa7c32588dda986174eb537923741aa621db96,red,0,269,180,291,221,0.583333,0.556944,0.045833,0.113889,transition_hash_matches_red
transition_candidates__brightness_medium__run_05__frame_045_20260820T154134_589.jpg,test,transition_candidates/brightness_medium/run_05/frame_045_20260820T154134_589.jpg,4c04a4107ffd17ce7a953476f100f630df698d028f407ea328aae92c3a5b38e0,red,0,269,180,292,221,0.584375,0.556944,0.047917,0.113889,transition_hash_matches_red
transition_candidates__brightness_medium__run_05__frame_046_20260820T154134_720.jpg,test,transition_candidates/brightness_medium/run_05/frame_046_20260820T154134_720.jpg,4c04a4107ffd17ce7a953476f100f630df698d028f407ea328aae92c3a5b38e0,red,0,269,180,292,221,0.584375,0.556944,0.047917,0.113889,transition_hash_matches_red
transition_candidates__brightness_medium__run_05__frame_047_20260820T154134_848.jpg,test,transition_candidates/brightness_medium/run_05/frame_047_20260820T154134_848.jpg,0864c6fa4bb6021ba7bedfd2cd6db3e3cccceee6eef8d27403074d685e83ae28,red,0,269,180,293,222,0.585417,0.558333,0.050000,0.116667,transition_hash_matches_red
transition_candidates__brightness_medium__run_05__frame_048_20260820T154134_968.jpg,test,transition_candidates/brightness_medium/run_05/frame_048_20260820T154134_968.jpg,411f155601672ad08bb02711be0398fbd77b01b62e9071cfa9fc5028a632cbd7,red,0,269,180,293,222,0.585417,0.558333,0.050000,0.116667,transition_hash_matches_red
transition_candidates__brightness_medium__run_05__frame_049_20260820T154135_085.jpg,test,transition_candidates/brightness_medium/run_05/frame_049_20260820T154135_085.jpg,4289ef6461e766cc1da093d36373ae39db34a858248e6d833c53c19fba1d319c,red,0,269,180,293,222,0.585417,0.558333,0.050000,0.116667,transition_hash_matches_red
unclear__brightness_high__run_01__frame_007_20260820T153959_638.jpg,train,unclear/brightness_high/run_01/frame_007_20260820T153959_638.jpg,c0feb85ced69971e0f43356fd9418e8cb3623f75cab9c85e3365ae9b607b2dc9,,,,,,,,,,,unclear_folder_empty
unclear__brightness_high__run_02__frame_008_20260820T154007_720.jpg,train,unclear/brightness_high/run_02/frame_008_20260820T154007_720.jpg,a143f430fd4d8f613db58bcf4a6705e8d931670dd3a8f03c9fbcc571718cd235,,,,,,,,,,,unclear_folder_empty
unclear__brightness_high__run_03__frame_008_20260820T154015_645.jpg,train,unclear/brightness_high/run_03/frame_008_20260820T154015_645.jpg,7d4a56c23e76982e6853cb5138f67a8a5adb45fe5b814c306788c6529f29bb68,,,,,,,,,,,unclear_folder_empty
unclear__brightness_high__run_03__frame_030_20260820T154018_493.jpg,train,unclear/brightness_high/run_03/frame_030_20260820T154018_493.jpg,691cab517b378a8bb3a760ce62fd56273e452af03a35ff1e16354938d4223976,,,,,,,,,,,unclear_folder_empty
unclear__brightness_high__run_03__frame_031_20260820T154018_617.jpg,train,unclear/brightness_high/run_03/frame_031_20260820T154018_617.jpg,7396e70c2943cded4e0d2714ad7d45037780b31f654295d751c9f80f4c4eed0b,,,,,,,,,,,unclear_folder_empty
unclear__brightness_high__run_03__frame_032_20260820T154018_735.jpg,train,unclear/brightness_high/run_03/frame_032_20260820T154018_735.jpg,8273941cfab44635b5172beeb36759a237365887b86136da835bc2aa4a2ce2bd,,,,,,,,,,,unclear_folder_empty
unclear__brightness_high__run_03__frame_033_20260820T154018_862.jpg,train,unclear/brightness_high/run_03/frame_033_20260820T154018_862.jpg,16417fbc85bf722506db80f68d0ae4886f4fb3f9ae0303590fee6cf226b02be1,,,,,,,,,,,unclear_folder_empty
unclear__brightness_high__run_03__frame_034_20260820T154018_990.jpg,train,unclear/brightness_high/run_03/frame_034_20260820T154018_990.jpg,16417fbc85bf722506db80f68d0ae4886f4fb3f9ae0303590fee6cf226b02be1,,,,,,,,,,,unclear_folder_empty
unclear__brightness_high__run_03__frame_035_20260820T154019_110.jpg,train,unclear/brightness_high/run_03/frame_035_20260820T154019_110.jpg,85c330fb2eed20e4f9433ef6321f88d5ab74b10e04fffd78972d1c60253fa7fc,,,,,,,,,,,unclear_folder_empty
unclear__brightness_high__run_03__frame_036_20260820T154019_233.jpg,train,unclear/brightness_high/run_03/frame_036_20260820T154019_233.jpg,85c330fb2eed20e4f9433ef6321f88d5ab74b10e04fffd78972d1c60253fa7fc,,,,,,,,,,,unclear_folder_empty
unclear__brightness_high__run_04__frame_008_20260820T154023_672.jpg,val,unclear/brightness_high/run_04/frame_008_20260820T154023_672.jpg,d93e255c1878f203055b1d4dc3af2a8fe148406faaf73834be8e7b2203c5e6bf,green,2,341,180,357,208,0.727083,0.538889,0.033333,0.077778,unclear_duplicate_matches_green
unclear__brightness_high__run_05__frame_008_20260820T154031_770.jpg,test,unclear/brightness_high/run_05/frame_008_20260820T154031_770.jpg,ac8e75babde763b079c8bad90e6ac4a284c07b49afdded57a1841c34b2e7d27c,,,,,,,,,,,unclear_folder_empty
unclear__brightness_low__run_01__frame_032_20260820T154201_064.jpg,train,unclear/brightness_low/run_01/frame_032_20260820T154201_064.jpg,bc759a88f96fd57b127d3d6f773bf844e603c6ab122fe5bc7caaa9e3f6e27237,,,,,,,,,,,unclear_folder_empty
unclear__brightness_low__run_01__frame_033_20260820T154201_201.jpg,train,unclear/brightness_low/run_01/frame_033_20260820T154201_201.jpg,bc759a88f96fd57b127d3d6f773bf844e603c6ab122fe5bc7caaa9e3f6e27237,,,,,,,,,,,unclear_folder_empty
unclear__brightness_low__run_01__frame_034_20260820T154201_322.jpg,train,unclear/brightness_low/run_01/frame_034_20260820T154201_322.jpg,bc759a88f96fd57b127d3d6f773bf844e603c6ab122fe5bc7caaa9e3f6e27237,,,,,,,,,,,unclear_folder_empty
unclear__brightness_low__run_03__frame_030_20260820T154216_843.jpg,train,unclear/brightness_low/run_03/frame_030_20260820T154216_843.jpg,f2b4d03d1e09c9cd3230ff44359b21d9cdc193d6d53f5c29e5d22cbbba4bf97d,,,,,,,,,,,unclear_folder_empty
unclear__brightness_low__run_03__frame_031_20260820T154216_962.jpg,train,unclear/brightness_low/run_03/frame_031_20260820T154216_962.jpg,c8a56180aec9bf900b24995e998b2af2cf21a79068e3c94af07fe7d7494c3bb3,,,,,,,,,,,unclear_folder_empty
unclear__brightness_low__run_03__frame_032_20260820T154217_087.jpg,train,unclear/brightness_low/run_03/frame_032_20260820T154217_087.jpg,c8a56180aec9bf900b24995e998b2af2cf21a79068e3c94af07fe7d7494c3bb3,,,,,,,,,,,unclear_folder_empty
unclear__brightness_low__run_03__frame_033_20260820T154217_210.jpg,train,unclear/brightness_low/run_03/frame_033_20260820T154217_210.jpg,210fc8c482bdd218cd013332377575dc4715c45c4db3d3df5cc7f4def692426b,,,,,,,,,,,unclear_folder_empty
unclear__brightness_low__run_03__frame_034_20260820T154217_346.jpg,train,unclear/brightness_low/run_03/frame_034_20260820T154217_346.jpg,de48f67a8a0f1c84a28aec9c1b821ef36f177bc6fcab07449185519907e7f505,,,,,,,,,,,unclear_folder_empty
unclear__brightness_low__run_03__frame_035_20260820T154217_475.jpg,train,unclear/brightness_low/run_03/frame_035_20260820T154217_475.jpg,cfc35a0c80561997312bd88e3daa32c6630e0ed4c7c480ee2bef787da7af6de5,,,,,,,,,,,unclear_folder_empty
unclear__brightness_low__run_03__frame_036_20260820T154217_593.jpg,train,unclear/brightness_low/run_03/frame_036_20260820T154217_593.jpg,3e9e5a1fc45f1307ae0fd7b36c3dfbc0d95a022ec397056fe054fe59776cd26e,,,,,,,,,,,unclear_folder_empty
unclear__brightness_medium__run_01__frame_034_20260820T154102_699.jpg,train,unclear/brightness_medium/run_01/frame_034_20260820T154102_699.jpg,728e5a4fab5f817729dca4eeed2f2b11c88992891225342449fdc0507dd0ec0b,,,,,,,,,,,unclear_folder_empty
unclear__brightness_medium__run_02__frame_034_20260820T154110_384.jpg,train,unclear/brightness_medium/run_02/frame_034_20260820T154110_384.jpg,cd6d41a9bcf4736c0241329de13e5e29cd1940d0554185cb6d52de4c9609e170,,,,,,,,,,,unclear_folder_empty
unclear__brightness_medium__run_03__frame_030_20260820T154117_525.jpg,train,unclear/brightness_medium/run_03/frame_030_20260820T154117_525.jpg,6dd66cabe14991b57b2a74f044c1282ec32be485790248ef3ef2821aa3c0543a,,,,,,,,,,,unclear_folder_empty
unclear__brightness_medium__run_03__frame_031_20260820T154117_639.jpg,train,unclear/brightness_medium/run_03/frame_031_20260820T154117_639.jpg,6dd66cabe14991b57b2a74f044c1282ec32be485790248ef3ef2821aa3c0543a,,,,,,,,,,,unclear_folder_empty
unclear__brightness_medium__run_03__frame_032_20260820T154117_764.jpg,train,unclear/brightness_medium/run_03/frame_032_20260820T154117_764.jpg,a11594a657a30df0265f82722fc660084553e876aea2f414c3f11c2f6ea79b14,,,,,,,,,,,unclear_folder_empty
unclear__brightness_medium__run_03__frame_033_20260820T154117_879.jpg,train,unclear/brightness_medium/run_03/frame_033_20260820T154117_879.jpg,955599f0bfdb1b0fd025c7ee8297705aa5649dd741a3ab12e5322c219639af15,,,,,,,,,,,unclear_folder_empty
unclear__brightness_medium__run_03__frame_034_20260820T154117_993.jpg,train,unclear/brightness_medium/run_03/frame_034_20260820T154117_993.jpg,955599f0bfdb1b0fd025c7ee8297705aa5649dd741a3ab12e5322c219639af15,,,,,,,,,,,unclear_folder_empty
unclear__brightness_medium__run_03__frame_035_20260820T154118_109.jpg,train,unclear/brightness_medium/run_03/frame_035_20260820T154118_109.jpg,5cdcfb70b67caaa9ad1e10b52da7f06bf40012bf1ac996208fd08a1b526391a3,,,,,,,,,,,unclear_folder_empty
unclear__brightness_medium__run_03__frame_036_20260820T154118_229.jpg,train,unclear/brightness_medium/run_03/frame_036_20260820T154118_229.jpg,559c9d40650e9c05a5f8c8c7ad0f39b281ff76955af969de29488257332efeaf,,,,,,,,,,,unclear_folder_empty
unclear__brightness_medium__run_04__frame_035_20260820T154125_749.jpg,val,unclear/brightness_medium/run_04/frame_035_20260820T154125_749.jpg,4d321b346fe805a785788bf0d38db8e2558353b33444dad0ed76364125a8577e,,,,,,,,,,,unclear_folder_empty
unclear__brightness_medium__run_05__frame_034_20260820T154133_257.jpg,test,unclear/brightness_medium/run_05/frame_034_20260820T154133_257.jpg,893a45ee515c5fe23834793e8a4d392d9d3417d749630fde2155dbe659ba01e4,,,,,,,,,,,unclear_folder_empty
yellow__brightness_high__run_01__frame_010_20260820T154000_016.jpg,train,yellow/brightness_high/run_01/frame_010_20260820T154000_016.jpg,5ea64f7146aa9bc2d5a05555841bd7fa3ca35daae7e42960d3f68446260be501,yellow,1,304,180,316,202,0.645833,0.530556,0.025000,0.061111,yellow_folder
yellow__brightness_high__run_01__frame_011_20260820T154000_144.jpg,train,yellow/brightness_high/run_01/frame_011_20260820T154000_144.jpg,940e45a1e3b8b3261ca4907b2d6fc0008bedfb0c47b08a9651a33568bc3abe83,yellow,1,305,180,317,202,0.647917,0.530556,0.025000,0.061111,yellow_folder
yellow__brightness_high__run_01__frame_012_20260820T154000_278.jpg,train,yellow/brightness_high/run_01/frame_012_20260820T154000_278.jpg,9d7f75cf25218d376432bcdaaf9241d16aa4f1e45a9e10aaee0fb136bb15418b,yellow,1,305,180,318,202,0.648958,0.530556,0.027083,0.061111,yellow_folder
yellow__brightness_high__run_01__frame_013_20260820T154000_412.jpg,train,yellow/brightness_high/run_01/frame_013_20260820T154000_412.jpg,9d7f75cf25218d376432bcdaaf9241d16aa4f1e45a9e10aaee0fb136bb15418b,yellow,1,305,180,318,202,0.648958,0.530556,0.027083,0.061111,yellow_folder
yellow__brightness_high__run_01__frame_014_20260820T154000_554.jpg,train,yellow/brightness_high/run_01/frame_014_20260820T154000_554.jpg,41fc4c2542e0da4944e57e1c1f46063ede012526bf9982fa98ddff98d53233a3,yellow,1,306,180,319,202,0.651042,0.530556,0.027083,0.061111,yellow_folder
yellow__brightness_high__run_01__frame_015_20260820T154000_692.jpg,train,yellow/brightness_high/run_01/frame_015_20260820T154000_692.jpg,1c2b15917a14b5d047b406f05e872776a4a576b5ef17e38124e9b8980720b303,yellow,1,306,180,319,203,0.651042,0.531944,0.027083,0.063889,yellow_folder
yellow__brightness_high__run_01__frame_016_20260820T154000_829.jpg,train,yellow/brightness_high/run_01/frame_016_20260820T154000_829.jpg,70d43644e0cbd5f17de7984fe962f76746d3d9e4c676da8f0ab50e08e9769616,yellow,1,307,180,320,203,0.653125,0.531944,0.027083,0.063889,yellow_folder
yellow__brightness_high__run_01__frame_017_20260820T154000_965.jpg,train,yellow/brightness_high/run_01/frame_017_20260820T154000_965.jpg,3255367f201fe5e9d1c797f1785faa8469b6687fec39ca700425c68fa42d79d5,yellow,1,307,180,320,203,0.653125,0.531944,0.027083,0.063889,yellow_folder
yellow__brightness_high__run_01__frame_018_20260820T154001_092.jpg,train,yellow/brightness_high/run_01/frame_018_20260820T154001_092.jpg,dad484b98117ba0d886fd66a6acec25e83bc54e23a955aff22f8e375e0ca4ef4,yellow,1,308,180,321,203,0.655208,0.531944,0.027083,0.063889,yellow_folder
yellow__brightness_high__run_01__frame_019_20260820T154001_213.jpg,train,yellow/brightness_high/run_01/frame_019_20260820T154001_213.jpg,fa87ed7b4776fd6e6f4d79accfbf0f58913ce4ae463375e081d7dd53d511c023,yellow,1,308,180,321,203,0.655208,0.531944,0.027083,0.063889,yellow_folder
yellow__brightness_high__run_01__frame_020_20260820T154001_340.jpg,train,yellow/brightness_high/run_01/frame_020_20260820T154001_340.jpg,b96e4364bc47301fc1ccbd7d560a7911022c38ea69dd413488ea43327c492b1b,yellow,1,309,180,322,203,0.657292,0.531944,0.027083,0.063889,yellow_folder
yellow__brightness_high__run_01__frame_021_20260820T154001_464.jpg,train,yellow/brightness_high/run_01/frame_021_20260820T154001_464.jpg,b96e4364bc47301fc1ccbd7d560a7911022c38ea69dd413488ea43327c492b1b,yellow,1,309,180,322,203,0.657292,0.531944,0.027083,0.063889,yellow_folder
yellow__brightness_high__run_01__frame_022_20260820T154001_587.jpg,train,yellow/brightness_high/run_01/frame_022_20260820T154001_587.jpg,173fcb0c517ce347e7c17f8d22df55aaa451af314267f39265348cd2a51d3e49,yellow,1,310,180,323,204,0.659375,0.533333,0.027083,0.066667,yellow_folder
yellow__brightness_high__run_01__frame_023_20260820T154001_708.jpg,train,yellow/brightness_high/run_01/frame_023_20260820T154001_708.jpg,7e118176eeb6f36c8f131479f1aba9872bc3fb0f2ae70cec9532d076976012a1,yellow,1,311,180,323,204,0.660417,0.533333,0.025000,0.066667,yellow_folder
yellow__brightness_high__run_01__frame_024_20260820T154001_825.jpg,train,yellow/brightness_high/run_01/frame_024_20260820T154001_825.jpg,283e44d9df2cf700058d84a8645b25ffc698d872dc0e6ca050e87fbdea710823,yellow,1,311,180,324,204,0.661458,0.533333,0.027083,0.066667,yellow_folder
yellow__brightness_high__run_01__frame_025_20260820T154001_951.jpg,train,yellow/brightness_high/run_01/frame_025_20260820T154001_951.jpg,2554144dda1224381fc6c97c58a41ebe7e8cbce9e46f7de0168330344be488a5,yellow,1,311,180,324,204,0.661458,0.533333,0.027083,0.066667,yellow_folder
yellow__brightness_high__run_01__frame_026_20260820T154002_072.jpg,train,yellow/brightness_high/run_01/frame_026_20260820T154002_072.jpg,2554144dda1224381fc6c97c58a41ebe7e8cbce9e46f7de0168330344be488a5,yellow,1,311,180,324,204,0.661458,0.533333,0.027083,0.066667,yellow_folder
yellow__brightness_high__run_01__frame_027_20260820T154002_204.jpg,train,yellow/brightness_high/run_01/frame_027_20260820T154002_204.jpg,c680697352412804bcda71bf081f92fc3b679d0133bc1f17708609eff820dc07,yellow,1,312,180,325,204,0.663542,0.533333,0.027083,0.066667,yellow_folder
yellow__brightness_high__run_01__frame_028_20260820T154002_327.jpg,train,yellow/brightness_high/run_01/frame_028_20260820T154002_327.jpg,295f7deff42f785c2cae1785cd057b5ac78fc632d3fd975babd85ed193f11003,yellow,1,313,180,326,204,0.665625,0.533333,0.027083,0.066667,yellow_folder
yellow__brightness_high__run_01__frame_029_20260820T154002_447.jpg,train,yellow/brightness_high/run_01/frame_029_20260820T154002_447.jpg,2bd34e9e0e2daf5d5a4d219050b6067531c62d50988eb4f8a6841ca74b796eac,yellow,1,312,180,327,205,0.665625,0.534722,0.031250,0.069444,yellow_folder
yellow__brightness_high__run_02__frame_010_20260820T154007_965.jpg,train,yellow/brightness_high/run_02/frame_010_20260820T154007_965.jpg,57527b426cb30a2a3399403a0c54ec566b31db86a3a58bf831376a0dcae2ffb7,yellow,1,329,180,346,209,0.703125,0.540278,0.035417,0.080556,yellow_folder
yellow__brightness_high__run_02__frame_011_20260820T154008_100.jpg,train,yellow/brightness_high/run_02/frame_011_20260820T154008_100.jpg,c05dafe2c0cbbaf3845b58e05586dd0f908bd82e77a0ecd5245496bbd70a36f9,yellow,1,329,180,347,210,0.704167,0.541667,0.037500,0.083333,yellow_folder
yellow__brightness_high__run_02__frame_012_20260820T154008_231.jpg,train,yellow/brightness_high/run_02/frame_012_20260820T154008_231.jpg,03f877cc96bbfe800ad3078d54f03ab111b475fb2299b8e567654c3b3a9233e6,yellow,1,330,180,348,210,0.706250,0.541667,0.037500,0.083333,yellow_folder
yellow__brightness_high__run_02__frame_013_20260820T154008_353.jpg,train,yellow/brightness_high/run_02/frame_013_20260820T154008_353.jpg,6fb9eeeaca0a3953f09d985159180e3d8d13a44778b4a8146efb3d1280a9b132,yellow,1,331,180,349,210,0.708333,0.541667,0.037500,0.083333,yellow_folder
yellow__brightness_high__run_02__frame_014_20260820T154008_471.jpg,train,yellow/brightness_high/run_02/frame_014_20260820T154008_471.jpg,5e11219a181af33eab2a427baa6bf0a60c9edea4ee66d87b2d6ad4ea0ee553c7,yellow,1,331,180,349,210,0.708333,0.541667,0.037500,0.083333,yellow_folder
yellow__brightness_high__run_02__frame_015_20260820T154008_593.jpg,train,yellow/brightness_high/run_02/frame_015_20260820T154008_593.jpg,0f6dbe394ffb9ef77d6e3ae517083c69b6b165879366e0f840261da2b29debcf,yellow,1,332,180,350,210,0.710417,0.541667,0.037500,0.083333,yellow_folder
yellow__brightness_high__run_02__frame_016_20260820T154008_713.jpg,train,yellow/brightness_high/run_02/frame_016_20260820T154008_713.jpg,fefafb03fbb119d75403337cb01ebdac689128ed01a473a062e103791e6322d4,yellow,1,333,180,351,211,0.712500,0.543056,0.037500,0.086111,yellow_folder
yellow__brightness_high__run_02__frame_017_20260820T154008_846.jpg,train,yellow/brightness_high/run_02/frame_017_20260820T154008_846.jpg,912f910256b6afbdcbb513bb28f7e9f31948832d834f8938feeb4a235485ee30,yellow,1,333,180,352,211,0.713542,0.543056,0.039583,0.086111,yellow_folder
yellow__brightness_high__run_02__frame_018_20260820T154008_969.jpg,train,yellow/brightness_high/run_02/frame_018_20260820T154008_969.jpg,08461df7abe453e7257ce6454cc27e233229b17af82a60340241fe5479cf967e,yellow,1,335,180,353,211,0.716667,0.543056,0.037500,0.086111,yellow_folder
yellow__brightness_high__run_02__frame_019_20260820T154009_102.jpg,train,yellow/brightness_high/run_02/frame_019_20260820T154009_102.jpg,7a568f7ddb31112810043e7afd6ad75c3389edad7020c9553a5c4868fa72c092,yellow,1,336,180,355,211,0.719792,0.543056,0.039583,0.086111,yellow_folder
yellow__brightness_high__run_02__frame_020_20260820T154009_232.jpg,train,yellow/brightness_high/run_02/frame_020_20260820T154009_232.jpg,e89ef5e5e1e17ce9467778964ff654553f4f454f50d5bf222b82536ddd9b0f79,yellow,1,337,180,356,212,0.721875,0.544444,0.039583,0.088889,yellow_folder
yellow__brightness_high__run_02__frame_021_20260820T154009_364.jpg,train,yellow/brightness_high/run_02/frame_021_20260820T154009_364.jpg,fcb7ff3251746682e0b55e3ca02bc70efdc199782e80642119e116f8a8b0ee0e,yellow,1,338,180,357,212,0.723958,0.544444,0.039583,0.088889,yellow_folder
yellow__brightness_high__run_02__frame_022_20260820T154009_492.jpg,train,yellow/brightness_high/run_02/frame_022_20260820T154009_492.jpg,a40884ac8bf82fad9764a81230583a66040df80f911716247aaf6951080b645d,yellow,1,338,180,358,212,0.725000,0.544444,0.041667,0.088889,yellow_folder
yellow__brightness_high__run_02__frame_023_20260820T154009_610.jpg,train,yellow/brightness_high/run_02/frame_023_20260820T154009_610.jpg,7fd710cd1ed3146397eb9e45d452a89cec20b7f40336cbfaacd3135a58917388,yellow,1,339,180,359,213,0.727083,0.545833,0.041667,0.091667,yellow_folder
yellow__brightness_high__run_02__frame_024_20260820T154009_745.jpg,train,yellow/brightness_high/run_02/frame_024_20260820T154009_745.jpg,7fd710cd1ed3146397eb9e45d452a89cec20b7f40336cbfaacd3135a58917388,yellow,1,339,180,359,213,0.727083,0.545833,0.041667,0.091667,yellow_folder
yellow__brightness_high__run_02__frame_025_20260820T154009_873.jpg,train,yellow/brightness_high/run_02/frame_025_20260820T154009_873.jpg,04ba6c607a935ea117c0f1f567865ef9d2e3dbe91ef050217f82cfb6033355bb,yellow,1,341,180,362,213,0.732292,0.545833,0.043750,0.091667,yellow_folder
yellow__brightness_high__run_02__frame_026_20260820T154010_008.jpg,train,yellow/brightness_high/run_02/frame_026_20260820T154010_008.jpg,04ba6c607a935ea117c0f1f567865ef9d2e3dbe91ef050217f82cfb6033355bb,yellow,1,341,180,362,213,0.732292,0.545833,0.043750,0.091667,yellow_folder
yellow__brightness_high__run_02__frame_027_20260820T154010_133.jpg,train,yellow/brightness_high/run_02/frame_027_20260820T154010_133.jpg,0f093b32f249cf3e0f87f57b09a10333114059e59c8b1ec5578a171c65fdf8d8,yellow,1,343,180,364,215,0.736458,0.548611,0.043750,0.097222,yellow_folder
yellow__brightness_high__run_02__frame_028_20260820T154010_263.jpg,train,yellow/brightness_high/run_02/frame_028_20260820T154010_263.jpg,0f093b32f249cf3e0f87f57b09a10333114059e59c8b1ec5578a171c65fdf8d8,yellow,1,343,180,364,215,0.736458,0.548611,0.043750,0.097222,yellow_folder
yellow__brightness_high__run_02__frame_029_20260820T154010_396.jpg,train,yellow/brightness_high/run_02/frame_029_20260820T154010_396.jpg,f8e1c4d032715ec2aec735c05171a7194e3dd9e54a7726b1dc6416a8299aac1c,yellow,1,345,180,366,215,0.740625,0.548611,0.043750,0.097222,yellow_folder
yellow__brightness_high__run_03__frame_009_20260820T154015_775.jpg,train,yellow/brightness_high/run_03/frame_009_20260820T154015_775.jpg,03269213bff9667732f72920853374d0042d9fc567ed3399743df2c7e77ba604,yellow,1,390,180,421,230,0.844792,0.569444,0.064583,0.138889,yellow_folder
yellow__brightness_high__run_03__frame_010_20260820T154015_905.jpg,train,yellow/brightness_high/run_03/frame_010_20260820T154015_905.jpg,c5111c29d3cf556093d9df10a97f126479859444c9428bb0fb1e9d278acd7335,yellow,1,392,180,424,231,0.850000,0.570833,0.066667,0.141667,yellow_folder
yellow__brightness_high__run_03__frame_011_20260820T154016_043.jpg,train,yellow/brightness_high/run_03/frame_011_20260820T154016_043.jpg,bf082a59816df77637efa78c6832fb7bbb84a80790ba35898e904d35ea3b4497,yellow,1,393,180,425,231,0.852083,0.570833,0.066667,0.141667,yellow_folder
yellow__brightness_high__run_03__frame_012_20260820T154016_190.jpg,train,yellow/brightness_high/run_03/frame_012_20260820T154016_190.jpg,95c409eeb161acef6a14017588c5f38e43190271bdc77a9f8e6ced1ec70e0011,yellow,1,397,180,429,232,0.860417,0.572222,0.066667,0.144444,yellow_folder
yellow__brightness_high__run_03__frame_013_20260820T154016_330.jpg,train,yellow/brightness_high/run_03/frame_013_20260820T154016_330.jpg,f6354c9903989a28a91169fb5f87447b4be744040d18b6c39718f144715ceb3e,yellow,1,399,180,431,232,0.864583,0.572222,0.066667,0.144444,yellow_folder
yellow__brightness_high__run_03__frame_014_20260820T154016_457.jpg,train,yellow/brightness_high/run_03/frame_014_20260820T154016_457.jpg,bca969fe2153f75790c8993f7d2e6eeb7596982513fedf5b035c0923a8c6b8c8,yellow,1,402,180,436,233,0.872917,0.573611,0.070833,0.147222,yellow_folder
yellow__brightness_high__run_03__frame_015_20260820T154016_588.jpg,train,yellow/brightness_high/run_03/frame_015_20260820T154016_588.jpg,f8ed113838007393e13ad0c2e29c8e5b2d93f5310e3204b36f548e38b3658872,yellow,1,405,180,439,235,0.879167,0.576389,0.070833,0.152778,yellow_folder
yellow__brightness_high__run_03__frame_016_20260820T154016_720.jpg,train,yellow/brightness_high/run_03/frame_016_20260820T154016_720.jpg,c81cb119f6142925c3e9a025ce749c53a9712d50fb0754bc6c416e1b7bbe7659,yellow,1,408,180,442,236,0.885417,0.577778,0.070833,0.155556,yellow_folder
yellow__brightness_high__run_03__frame_017_20260820T154016_837.jpg,train,yellow/brightness_high/run_03/frame_017_20260820T154016_837.jpg,9cf887d37b3d009f6a682ea16e41bbe7f4aadebf41b5bddeca7ff6d765a8a335,yellow,1,410,180,445,236,0.890625,0.577778,0.072917,0.155556,yellow_folder
yellow__brightness_high__run_03__frame_018_20260820T154016_967.jpg,train,yellow/brightness_high/run_03/frame_018_20260820T154016_967.jpg,9cf887d37b3d009f6a682ea16e41bbe7f4aadebf41b5bddeca7ff6d765a8a335,yellow,1,410,180,445,236,0.890625,0.577778,0.072917,0.155556,yellow_folder
yellow__brightness_high__run_03__frame_019_20260820T154017_087.jpg,train,yellow/brightness_high/run_03/frame_019_20260820T154017_087.jpg,4979436df9f9c1c77d9cd37e2e746a0b92c2f98ab1e21301ae1fe89853b1a871,yellow,1,415,180,450,238,0.901042,0.580556,0.072917,0.161111,yellow_folder
yellow__brightness_high__run_03__frame_020_20260820T154017_224.jpg,train,yellow/brightness_high/run_03/frame_020_20260820T154017_224.jpg,3bb3f714b95e5ee7f4f95adb3d8c6f1f755c74073775ce589b49ee816cc4296c,yellow,1,417,180,454,239,0.907292,0.581944,0.077083,0.163889,yellow_folder
yellow__brightness_high__run_03__frame_021_20260820T154017_352.jpg,train,yellow/brightness_high/run_03/frame_021_20260820T154017_352.jpg,b5b702c9bbd9ab93623f6e463b2a41e0ba7b1189e17a9a9847065f41c419b9ef,yellow,1,421,180,458,240,0.915625,0.583333,0.077083,0.166667,yellow_folder
yellow__brightness_high__run_03__frame_022_20260820T154017_475.jpg,train,yellow/brightness_high/run_03/frame_022_20260820T154017_475.jpg,b5b702c9bbd9ab93623f6e463b2a41e0ba7b1189e17a9a9847065f41c419b9ef,yellow,1,421,180,458,240,0.915625,0.583333,0.077083,0.166667,yellow_folder
yellow__brightness_high__run_03__frame_023_20260820T154017_607.jpg,train,yellow/brightness_high/run_03/frame_023_20260820T154017_607.jpg,0cd8368af9166fb0a7f0985c0e486bce7aab8e702e9a09e0e0134051e4fed577,yellow,1,427,180,466,242,0.930208,0.586111,0.081250,0.172222,yellow_folder
yellow__brightness_high__run_03__frame_024_20260820T154017_741.jpg,train,yellow/brightness_high/run_03/frame_024_20260820T154017_741.jpg,fe73590f72a5830723142158c35ec9a08a3b841494cdc54dcc0ad4e6150b809d,yellow,1,431,180,470,243,0.938542,0.587500,0.081250,0.175000,yellow_folder
yellow__brightness_high__run_03__frame_025_20260820T154017_869.jpg,train,yellow/brightness_high/run_03/frame_025_20260820T154017_869.jpg,fe73590f72a5830723142158c35ec9a08a3b841494cdc54dcc0ad4e6150b809d,yellow,1,431,180,470,243,0.938542,0.587500,0.081250,0.175000,yellow_folder
yellow__brightness_high__run_03__frame_026_20260820T154017_989.jpg,train,yellow/brightness_high/run_03/frame_026_20260820T154017_989.jpg,b2c01907e2e95e02104e019f450ce2a6f7ed00dec3b914e0631e3c4d63d24411,yellow,1,438,180,478,246,0.954167,0.591667,0.083333,0.183333,yellow_folder
yellow__brightness_high__run_03__frame_027_20260820T154018_116.jpg,train,yellow/brightness_high/run_03/frame_027_20260820T154018_116.jpg,c067698b44f102efa2448493dc760847a47366601a3f5642c1eb92ee1563d469,yellow,1,440,180,478,246,0.956250,0.591667,0.079167,0.183333,yellow_folder
yellow__brightness_high__run_03__frame_028_20260820T154018_244.jpg,train,yellow/brightness_high/run_03/frame_028_20260820T154018_244.jpg,64965e0bdb1af3e95b81b9f6f1e37ca5baf37c662332e135cf742c6f9a3905d1,yellow,1,445,180,480,248,0.963542,0.594444,0.072917,0.188889,yellow_folder
yellow__brightness_high__run_04__frame_010_20260820T154023_943.jpg,val,yellow/brightness_high/run_04/frame_010_20260820T154023_943.jpg,c37021f095a2b6c1b731dd8f891f36ee35af8d63e424a92c8d437c789b5bbd39,yellow,1,344,180,360,208,0.733333,0.538889,0.033333,0.077778,yellow_folder
yellow__brightness_high__run_04__frame_011_20260820T154024_072.jpg,val,yellow/brightness_high/run_04/frame_011_20260820T154024_072.jpg,7cfc3d25be8955425e1d2347c6a8ee6a306cc3097c35fe00adccf33c1f2be7fa,yellow,1,345,180,362,209,0.736458,0.540278,0.035417,0.080556,yellow_folder
yellow__brightness_high__run_04__frame_012_20260820T154024_206.jpg,val,yellow/brightness_high/run_04/frame_012_20260820T154024_206.jpg,d6e742e15c1a065481d6c8c87160537f02015c1e7d5e70eff06bae2aeed37ad5,yellow,1,345,180,363,209,0.737500,0.540278,0.037500,0.080556,yellow_folder
yellow__brightness_high__run_04__frame_013_20260820T154024_330.jpg,val,yellow/brightness_high/run_04/frame_013_20260820T154024_330.jpg,d6e742e15c1a065481d6c8c87160537f02015c1e7d5e70eff06bae2aeed37ad5,yellow,1,345,180,363,209,0.737500,0.540278,0.037500,0.080556,yellow_folder
yellow__brightness_high__run_04__frame_014_20260820T154024_462.jpg,val,yellow/brightness_high/run_04/frame_014_20260820T154024_462.jpg,9e51cab2b9e2d73ae7b0aed138b00dd6c2052b3af86e0d9689ef0e93244005f2,yellow,1,346,180,365,209,0.740625,0.540278,0.039583,0.080556,yellow_folder
yellow__brightness_high__run_04__frame_015_20260820T154024_593.jpg,val,yellow/brightness_high/run_04/frame_015_20260820T154024_593.jpg,9e51cab2b9e2d73ae7b0aed138b00dd6c2052b3af86e0d9689ef0e93244005f2,yellow,1,346,180,365,209,0.740625,0.540278,0.039583,0.080556,yellow_folder
yellow__brightness_high__run_04__frame_016_20260820T154024_721.jpg,val,yellow/brightness_high/run_04/frame_016_20260820T154024_721.jpg,792249f08d85119fdf657bb4874c624effdbf36f02861136786c6071b8cc1f1c,yellow,1,348,180,367,210,0.744792,0.541667,0.039583,0.083333,yellow_folder
yellow__brightness_high__run_04__frame_017_20260820T154024_853.jpg,val,yellow/brightness_high/run_04/frame_017_20260820T154024_853.jpg,e449cdbf8c786fd5eeaca39cdd6ae7418205bae93e02cff98e79b6daf4208705,yellow,1,349,180,368,210,0.746875,0.541667,0.039583,0.083333,yellow_folder
yellow__brightness_high__run_04__frame_018_20260820T154024_991.jpg,val,yellow/brightness_high/run_04/frame_018_20260820T154024_991.jpg,5d2a8ff45ecb845f95e11f376f366361d8772e586a37e9e6419e713929619349,yellow,1,350,180,369,210,0.748958,0.541667,0.039583,0.083333,yellow_folder
yellow__brightness_high__run_04__frame_019_20260820T154025_119.jpg,val,yellow/brightness_high/run_04/frame_019_20260820T154025_119.jpg,68f4b9b0cedcae675f223f0d0ce15656a243da2984ef0fb26b7dbf353ef626d2,yellow,1,352,180,370,210,0.752083,0.541667,0.037500,0.083333,yellow_folder
yellow__brightness_high__run_04__frame_020_20260820T154025_243.jpg,val,yellow/brightness_high/run_04/frame_020_20260820T154025_243.jpg,b394bc76ea1d034d5ab4259b6e95a2ec248d879f334281de58da0ce3bed3fdc5,yellow,1,353,180,371,211,0.754167,0.543056,0.037500,0.086111,yellow_folder
yellow__brightness_high__run_04__frame_021_20260820T154025_367.jpg,val,yellow/brightness_high/run_04/frame_021_20260820T154025_367.jpg,c9ebc0460361519b450faa1677f216b871a34605aff77a4c40f6d62cea4f059b,yellow,1,354,180,373,211,0.757292,0.543056,0.039583,0.086111,yellow_folder
yellow__brightness_high__run_04__frame_022_20260820T154025_501.jpg,val,yellow/brightness_high/run_04/frame_022_20260820T154025_501.jpg,cb3f4c4cb89af05d069d322b861bf7b47741bfbd2d06add8d926f4cccf39961e,yellow,1,355,180,374,211,0.759375,0.543056,0.039583,0.086111,yellow_folder
yellow__brightness_high__run_04__frame_023_20260820T154025_624.jpg,val,yellow/brightness_high/run_04/frame_023_20260820T154025_624.jpg,a101e79b05e76f742eb7deeda09acd7b3547cb824f655d31e8b6969bcceff31e,yellow,1,356,180,376,211,0.762500,0.543056,0.041667,0.086111,yellow_folder
yellow__brightness_high__run_04__frame_024_20260820T154025_746.jpg,val,yellow/brightness_high/run_04/frame_024_20260820T154025_746.jpg,cd7e175b02be628befb1fec1187a4812b20eac291a821da310602d67b6f6b286,yellow,1,356,180,376,212,0.762500,0.544444,0.041667,0.088889,yellow_folder
yellow__brightness_high__run_04__frame_025_20260820T154025_869.jpg,val,yellow/brightness_high/run_04/frame_025_20260820T154025_869.jpg,9b125921bd9bd33dcda566e25402ad6a2888e96f3d953099050df348c5b95a9b,yellow,1,357,180,378,212,0.765625,0.544444,0.043750,0.088889,yellow_folder
yellow__brightness_high__run_04__frame_026_20260820T154025_993.jpg,val,yellow/brightness_high/run_04/frame_026_20260820T154025_993.jpg,4f569ba62f412e991c7c60cc73a90cc66f15e1b09d0e6175473cc612dd0aa678,yellow,1,358,180,378,212,0.766667,0.544444,0.041667,0.088889,yellow_folder
yellow__brightness_high__run_04__frame_027_20260820T154026_116.jpg,val,yellow/brightness_high/run_04/frame_027_20260820T154026_116.jpg,0965faeac9cd551c5509165127e8b4c793fe290e256dfbed73f0e7e55c791c16,yellow,1,361,180,380,212,0.771875,0.544444,0.039583,0.088889,yellow_folder
yellow__brightness_high__run_04__frame_028_20260820T154026_242.jpg,val,yellow/brightness_high/run_04/frame_028_20260820T154026_242.jpg,0965faeac9cd551c5509165127e8b4c793fe290e256dfbed73f0e7e55c791c16,yellow,1,361,180,380,212,0.771875,0.544444,0.039583,0.088889,yellow_folder
yellow__brightness_high__run_04__frame_029_20260820T154026_364.jpg,val,yellow/brightness_high/run_04/frame_029_20260820T154026_364.jpg,96cc89ef7e6e6dd06dcc7e31b8913dce008cbe8a2e592fdd38215b11648957e7,yellow,1,362,180,382,213,0.775000,0.545833,0.041667,0.091667,yellow_folder
yellow__brightness_high__run_05__frame_010_20260820T154032_016.jpg,test,yellow/brightness_high/run_05/frame_010_20260820T154032_016.jpg,90dbacbab90e0ec727a5e598852c72a3943f183e51542aedeb5a4e01c0c0cd13,yellow,1,261,180,278,210,0.561458,0.541667,0.035417,0.083333,yellow_folder
yellow__brightness_high__run_05__frame_011_20260820T154032_138.jpg,test,yellow/brightness_high/run_05/frame_011_20260820T154032_138.jpg,084f56e1836bb2187b150ab986537f3542f23c61039631b65b08c5e5890f2c4e,yellow,1,261,180,278,210,0.561458,0.541667,0.035417,0.083333,yellow_folder
yellow__brightness_high__run_05__frame_012_20260820T154032_266.jpg,test,yellow/brightness_high/run_05/frame_012_20260820T154032_266.jpg,19816dd2d83e03fdadcb9541eac7d5b1900110f03a1041ac2aadb78446196cd1,yellow,1,261,180,279,211,0.562500,0.543056,0.037500,0.086111,yellow_folder
yellow__brightness_high__run_05__frame_013_20260820T154032_399.jpg,test,yellow/brightness_high/run_05/frame_013_20260820T154032_399.jpg,ef21d92816f75aafbfbbf47c5f095b3276d55132a5022f07af314ea117bb97a1,yellow,1,261,180,279,211,0.562500,0.543056,0.037500,0.086111,yellow_folder
yellow__brightness_high__run_05__frame_014_20260820T154032_521.jpg,test,yellow/brightness_high/run_05/frame_014_20260820T154032_521.jpg,c025aef6ff7b009dd93cb8c17fc0601ba7bfa8feb2ae97b629f2169d8486ea26,yellow,1,262,180,279,211,0.563542,0.543056,0.035417,0.086111,yellow_folder
yellow__brightness_high__run_05__frame_015_20260820T154032_650.jpg,test,yellow/brightness_high/run_05/frame_015_20260820T154032_650.jpg,6f6517adf4f2c397432529386bf64739cde9c0fb07b443e507e5e121d39df383,yellow,1,262,180,279,211,0.563542,0.543056,0.035417,0.086111,yellow_folder
yellow__brightness_high__run_05__frame_016_20260820T154032_774.jpg,test,yellow/brightness_high/run_05/frame_016_20260820T154032_774.jpg,8c8830ba1cb64066755b3f14b797367e2084312a931143f479ae1da6c12477ee,yellow,1,262,180,280,212,0.564583,0.544444,0.037500,0.088889,yellow_folder
yellow__brightness_high__run_05__frame_017_20260820T154032_907.jpg,test,yellow/brightness_high/run_05/frame_017_20260820T154032_907.jpg,af32318f2d68b006b044c499fea3033eb3f90906dbf0a1259b86ae31ca8c1ab9,yellow,1,262,180,280,212,0.564583,0.544444,0.037500,0.088889,yellow_folder
yellow__brightness_high__run_05__frame_018_20260820T154033_043.jpg,test,yellow/brightness_high/run_05/frame_018_20260820T154033_043.jpg,3466f385a9a53647864c5e78150e485869b1720ce714d8e9a724fb052afa5e38,yellow,1,262,180,281,212,0.565625,0.544444,0.039583,0.088889,yellow_folder
yellow__brightness_high__run_05__frame_019_20260820T154033_165.jpg,test,yellow/brightness_high/run_05/frame_019_20260820T154033_165.jpg,644bb563f24be498fc2c8fb53854d3677bd25452f1807f49bc8feab026eb50ae,yellow,1,262,180,281,212,0.565625,0.544444,0.039583,0.088889,yellow_folder
yellow__brightness_high__run_05__frame_020_20260820T154033_296.jpg,test,yellow/brightness_high/run_05/frame_020_20260820T154033_296.jpg,644bb563f24be498fc2c8fb53854d3677bd25452f1807f49bc8feab026eb50ae,yellow,1,262,180,281,212,0.565625,0.544444,0.039583,0.088889,yellow_folder
yellow__brightness_high__run_05__frame_021_20260820T154033_427.jpg,test,yellow/brightness_high/run_05/frame_021_20260820T154033_427.jpg,fdf1b71f1bfc7e80f5fb85da2a554c2e1953cf444847cd498dcb4d51f51dc925,yellow,1,263,180,281,213,0.566667,0.545833,0.037500,0.091667,yellow_folder
yellow__brightness_high__run_05__frame_022_20260820T154033_549.jpg,test,yellow/brightness_high/run_05/frame_022_20260820T154033_549.jpg,3492a0094819fe03421105e39f687da559df84e96c2a460d4da81f9bfbb1f98f,yellow,1,263,180,282,213,0.567708,0.545833,0.039583,0.091667,yellow_folder
yellow__brightness_high__run_05__frame_023_20260820T154033_673.jpg,test,yellow/brightness_high/run_05/frame_023_20260820T154033_673.jpg,18bd5619f6ef74ae8e72f54ae44ee5eb3363771eda5b83b352319ba7f02e5db4,yellow,1,263,180,282,213,0.567708,0.545833,0.039583,0.091667,yellow_folder
yellow__brightness_high__run_05__frame_024_20260820T154033_799.jpg,test,yellow/brightness_high/run_05/frame_024_20260820T154033_799.jpg,18bd5619f6ef74ae8e72f54ae44ee5eb3363771eda5b83b352319ba7f02e5db4,yellow,1,263,180,282,213,0.567708,0.545833,0.039583,0.091667,yellow_folder
yellow__brightness_high__run_05__frame_025_20260820T154033_924.jpg,test,yellow/brightness_high/run_05/frame_025_20260820T154033_924.jpg,a216374457d0127af8cbe78936917699f10acc5615b85c5923f317fd37715f51,yellow,1,264,180,283,214,0.569792,0.547222,0.039583,0.094444,yellow_folder
yellow__brightness_high__run_05__frame_026_20260820T154034_058.jpg,test,yellow/brightness_high/run_05/frame_026_20260820T154034_058.jpg,5b45738868f3b6f7af2230cc3a96aa597fd93e0a092f940ccc594ecda43b50cf,yellow,1,264,180,283,214,0.569792,0.547222,0.039583,0.094444,yellow_folder
yellow__brightness_high__run_05__frame_027_20260820T154034_185.jpg,test,yellow/brightness_high/run_05/frame_027_20260820T154034_185.jpg,6cc4aa26f354edcb5c042dd9b5d584377f49eac24e02c27e7839f895e4f06770,yellow,1,264,180,284,215,0.570833,0.548611,0.041667,0.097222,yellow_folder
yellow__brightness_high__run_05__frame_028_20260820T154034_309.jpg,test,yellow/brightness_high/run_05/frame_028_20260820T154034_309.jpg,f3e9db64ad71b43eee9cc6359ed34989037f943dd71948ebee2235bdb8e1e916,yellow,1,264,180,285,215,0.571875,0.548611,0.043750,0.097222,yellow_folder
yellow__brightness_high__run_05__frame_029_20260820T154034_431.jpg,test,yellow/brightness_high/run_05/frame_029_20260820T154034_431.jpg,b9fbbba431d7049415945bc6e8a3280320e0785b3f6af946f71b9bf280076a5e,yellow,1,265,180,286,215,0.573958,0.548611,0.043750,0.097222,yellow_folder
yellow__brightness_low__run_01__frame_010_20260820T154158_255.jpg,train,yellow/brightness_low/run_01/frame_010_20260820T154158_255.jpg,918f6bc82b08565475138fa8e54ed0c88e80a9c28b7c382ffc8a2949267bfc20,yellow,1,304,180,316,202,0.645833,0.530556,0.025000,0.061111,yellow_folder
yellow__brightness_low__run_01__frame_011_20260820T154158_379.jpg,train,yellow/brightness_low/run_01/frame_011_20260820T154158_379.jpg,24b07c428ee34ae1697e65d38cbe2b3f65312a9a010f3d0075df59305e8b0c70,yellow,1,305,180,317,202,0.647917,0.530556,0.025000,0.061111,yellow_folder
yellow__brightness_low__run_01__frame_012_20260820T154158_516.jpg,train,yellow/brightness_low/run_01/frame_012_20260820T154158_516.jpg,4cb3e93b43f9f1851db875906720227ada430edeb571e491e31ef72f7508b513,yellow,1,305,180,318,202,0.648958,0.530556,0.027083,0.061111,yellow_folder
yellow__brightness_low__run_01__frame_013_20260820T154158_652.jpg,train,yellow/brightness_low/run_01/frame_013_20260820T154158_652.jpg,1fef9e3f68303d7da17d34ec8d1fe694fd66cedaf3813f9c2048332e5dd30009,yellow,1,305,180,318,202,0.648958,0.530556,0.027083,0.061111,yellow_folder
yellow__brightness_low__run_01__frame_014_20260820T154158_781.jpg,train,yellow/brightness_low/run_01/frame_014_20260820T154158_781.jpg,0d2ed1e3deff9b1834a605ba9b282e485c7fcdbc281587d4631742b5652fd09a,yellow,1,306,180,319,202,0.651042,0.530556,0.027083,0.061111,yellow_folder
yellow__brightness_low__run_01__frame_015_20260820T154158_906.jpg,train,yellow/brightness_low/run_01/frame_015_20260820T154158_906.jpg,8fef189ec6a7ab6cc95bf7ca4c53c3f5115d890a866d8d49d17830b3110cc34b,yellow,1,306,180,319,203,0.651042,0.531944,0.027083,0.063889,yellow_folder
yellow__brightness_low__run_01__frame_016_20260820T154159_031.jpg,train,yellow/brightness_low/run_01/frame_016_20260820T154159_031.jpg,7c4ead85282cd94921c4ed6db3e601caa21bbc8d789034955f464bb571ef54a0,yellow,1,306,180,320,203,0.652083,0.531944,0.029167,0.063889,yellow_folder
yellow__brightness_low__run_01__frame_017_20260820T154159_151.jpg,train,yellow/brightness_low/run_01/frame_017_20260820T154159_151.jpg,7c4ead85282cd94921c4ed6db3e601caa21bbc8d789034955f464bb571ef54a0,yellow,1,306,180,320,203,0.652083,0.531944,0.029167,0.063889,yellow_folder
yellow__brightness_low__run_01__frame_018_20260820T154159_278.jpg,train,yellow/brightness_low/run_01/frame_018_20260820T154159_278.jpg,741443e1516b35352f3e35eb41513c90fdb68efdd260fc0c5c8077d9e0449995,yellow,1,307,180,321,203,0.654167,0.531944,0.029167,0.063889,yellow_folder
yellow__brightness_low__run_01__frame_019_20260820T154159_410.jpg,train,yellow/brightness_low/run_01/frame_019_20260820T154159_410.jpg,daebf4a986e5598d2ba907599df4e70563c350d34717a4a90ed96d763fad850f,yellow,1,308,180,321,204,0.655208,0.533333,0.027083,0.066667,yellow_folder
yellow__brightness_low__run_01__frame_020_20260820T154159_543.jpg,train,yellow/brightness_low/run_01/frame_020_20260820T154159_543.jpg,342ee565a0455b6ca67b2a1dc4ea404d64c885797b1f38e1c8b7e8cdd67c63bd,yellow,1,308,180,321,204,0.655208,0.533333,0.027083,0.066667,yellow_folder
yellow__brightness_low__run_01__frame_021_20260820T154159_662.jpg,train,yellow/brightness_low/run_01/frame_021_20260820T154159_662.jpg,0e071e6c61c3bae61cd604a081f24e085c8bee9e49da4dd5bba7d16463348cf3,yellow,1,310,180,322,203,0.658333,0.531944,0.025000,0.063889,yellow_folder
yellow__brightness_low__run_01__frame_022_20260820T154159_784.jpg,train,yellow/brightness_low/run_01/frame_022_20260820T154159_784.jpg,e83f3dc91d0b16e1d0ae32a035d91e2a0cbaefa47f7ca830ce3b53f7f969add2,yellow,1,310,180,322,204,0.658333,0.533333,0.025000,0.066667,yellow_folder
yellow__brightness_low__run_01__frame_023_20260820T154159_910.jpg,train,yellow/brightness_low/run_01/frame_023_20260820T154159_910.jpg,e46a2299bca0b2b3d37b4cb22906ac1d070c3031fd0703775c7ad600337189a3,yellow,1,310,180,323,205,0.659375,0.534722,0.027083,0.069444,yellow_folder
yellow__brightness_low__run_01__frame_024_20260820T154200_039.jpg,train,yellow/brightness_low/run_01/frame_024_20260820T154200_039.jpg,e46a2299bca0b2b3d37b4cb22906ac1d070c3031fd0703775c7ad600337189a3,yellow,1,310,180,323,205,0.659375,0.534722,0.027083,0.069444,yellow_folder
yellow__brightness_low__run_01__frame_025_20260820T154200_175.jpg,train,yellow/brightness_low/run_01/frame_025_20260820T154200_175.jpg,7b885340f52ccd354e5cdc7ba3f2748d329007604ff054821684d3c5e3bb425d,yellow,1,311,180,324,205,0.661458,0.534722,0.027083,0.069444,yellow_folder
yellow__brightness_low__run_01__frame_026_20260820T154200_296.jpg,train,yellow/brightness_low/run_01/frame_026_20260820T154200_296.jpg,4e0f301c23a72dd67c5bb4d6c51f3c81fe488a3680c66c4d28f2ed31952f7f95,yellow,1,311,180,324,205,0.661458,0.534722,0.027083,0.069444,yellow_folder
yellow__brightness_low__run_01__frame_027_20260820T154200_421.jpg,train,yellow/brightness_low/run_01/frame_027_20260820T154200_421.jpg,2e7238c53c2191769f5b82f5a1a89ff051e6a8b04af5df69c7b3c1b777efd57f,yellow,1,312,180,325,205,0.663542,0.534722,0.027083,0.069444,yellow_folder
yellow__brightness_low__run_01__frame_028_20260820T154200_547.jpg,train,yellow/brightness_low/run_01/frame_028_20260820T154200_547.jpg,0290605298c2695213ef55d750da45d4c15684defc74f860c8617c211cfeb407,yellow,1,312,180,326,204,0.664583,0.533333,0.029167,0.066667,yellow_folder
yellow__brightness_low__run_01__frame_029_20260820T154200_672.jpg,train,yellow/brightness_low/run_01/frame_029_20260820T154200_672.jpg,c2f670defddd8adeeeec362f9564c2f63bfd6ba2a360532befef3bfe9058bbea,yellow,1,312,180,326,205,0.664583,0.534722,0.029167,0.069444,yellow_folder
yellow__brightness_low__run_02__frame_010_20260820T154206_312.jpg,train,yellow/brightness_low/run_02/frame_010_20260820T154206_312.jpg,4d194cd373c7246be4e36bc90d79d2d08373746b82ff9b282c0f84dd4604dcde,yellow,1,328,180,346,209,0.702083,0.540278,0.037500,0.080556,yellow_folder
yellow__brightness_low__run_02__frame_011_20260820T154206_436.jpg,train,yellow/brightness_low/run_02/frame_011_20260820T154206_436.jpg,d915c7e9e723919787d58b5e36fe3165814771ec4b970d9b761c01580702595f,yellow,1,329,180,347,210,0.704167,0.541667,0.037500,0.083333,yellow_folder
yellow__brightness_low__run_02__frame_012_20260820T154206_573.jpg,train,yellow/brightness_low/run_02/frame_012_20260820T154206_573.jpg,51e95301748281e8ea8ef141d2fcc57fc9756d3ee3387d6529d94ec465b10516,yellow,1,330,180,348,210,0.706250,0.541667,0.037500,0.083333,yellow_folder
yellow__brightness_low__run_02__frame_013_20260820T154206_709.jpg,train,yellow/brightness_low/run_02/frame_013_20260820T154206_709.jpg,5400b14cc102541bffbe3a092667e94f2a28bb8597ab5f839e1bbe979706346a,yellow,1,331,180,349,210,0.708333,0.541667,0.037500,0.083333,yellow_folder
yellow__brightness_low__run_02__frame_014_20260820T154206_855.jpg,train,yellow/brightness_low/run_02/frame_014_20260820T154206_855.jpg,fe3a11ab564535cd5d2e2481d1f34d946011c88d0738325f49f29172eb7959d1,yellow,1,331,180,350,210,0.709375,0.541667,0.039583,0.083333,yellow_folder
yellow__brightness_low__run_02__frame_015_20260820T154206_974.jpg,train,yellow/brightness_low/run_02/frame_015_20260820T154206_974.jpg,adff17f275b20f8cb3f1836a367977836f228dd558817770fd60414a16cbf98a,yellow,1,332,180,351,211,0.711458,0.543056,0.039583,0.086111,yellow_folder
yellow__brightness_low__run_02__frame_016_20260820T154207_100.jpg,train,yellow/brightness_low/run_02/frame_016_20260820T154207_100.jpg,adff17f275b20f8cb3f1836a367977836f228dd558817770fd60414a16cbf98a,yellow,1,332,180,351,211,0.711458,0.543056,0.039583,0.086111,yellow_folder
yellow__brightness_low__run_02__frame_017_20260820T154207_226.jpg,train,yellow/brightness_low/run_02/frame_017_20260820T154207_226.jpg,9a33ef5e2f7db2a79160a8717b10a78bc3d1262339ecd55ba545541396449cdf,yellow,1,334,180,352,211,0.714583,0.543056,0.037500,0.086111,yellow_folder
yellow__brightness_low__run_02__frame_018_20260820T154207_356.jpg,train,yellow/brightness_low/run_02/frame_018_20260820T154207_356.jpg,5a7c552b7d05761db4e0769877b8646b02d4b5353c2c1394b548f93b7f703a72,yellow,1,335,180,353,211,0.716667,0.543056,0.037500,0.086111,yellow_folder
yellow__brightness_low__run_02__frame_019_20260820T154207_489.jpg,train,yellow/brightness_low/run_02/frame_019_20260820T154207_489.jpg,09be88bcb5fe8e714db4cbefb7e3dbc6db8ca820304f03bd99363f059b8dd1d8,yellow,1,336,180,355,211,0.719792,0.543056,0.039583,0.086111,yellow_folder
yellow__brightness_low__run_02__frame_020_20260820T154207_612.jpg,train,yellow/brightness_low/run_02/frame_020_20260820T154207_612.jpg,a18f13917f7e996c0002919ddd161f33261e2c4a83224b1c3881c70319a0f11e,yellow,1,337,180,356,212,0.721875,0.544444,0.039583,0.088889,yellow_folder
yellow__brightness_low__run_02__frame_021_20260820T154207_738.jpg,train,yellow/brightness_low/run_02/frame_021_20260820T154207_738.jpg,854579b29e2eea80fabd53248060e988f6a18f9d72086dec245edb47384ffa88,yellow,1,337,180,357,212,0.722917,0.544444,0.041667,0.088889,yellow_folder
yellow__brightness_low__run_02__frame_022_20260820T154207_867.jpg,train,yellow/brightness_low/run_02/frame_022_20260820T154207_867.jpg,c4249ce25ee68087a64664c900b3ef60c21567c24145a7abb28965421fcefe3b,yellow,1,338,180,358,212,0.725000,0.544444,0.041667,0.088889,yellow_folder
yellow__brightness_low__run_02__frame_023_20260820T154207_991.jpg,train,yellow/brightness_low/run_02/frame_023_20260820T154207_991.jpg,354f4b2eaacafdc1b4f8b9c56a62ec485ee2c75bbe958485bc9e1eb295003897,yellow,1,339,180,359,213,0.727083,0.545833,0.041667,0.091667,yellow_folder
yellow__brightness_low__run_02__frame_024_20260820T154208_120.jpg,train,yellow/brightness_low/run_02/frame_024_20260820T154208_120.jpg,e3ac94da2168affb70c7f83bf17b6d5e85bf46884ecf34ff558ed9aa8cc0dab9,yellow,1,340,180,360,213,0.729167,0.545833,0.041667,0.091667,yellow_folder
yellow__brightness_low__run_02__frame_025_20260820T154208_244.jpg,train,yellow/brightness_low/run_02/frame_025_20260820T154208_244.jpg,76f93e5f793d10ff68a4a12c7ce9a39fdc0bb4de6514f78c40a1d9365b77ece1,yellow,1,341,180,361,213,0.731250,0.545833,0.041667,0.091667,yellow_folder
yellow__brightness_low__run_02__frame_026_20260820T154208_360.jpg,train,yellow/brightness_low/run_02/frame_026_20260820T154208_360.jpg,0dad2d3c17e9d535ee4aee296ba4901bd35642f9fc2e9d28ffdb7113614ae64b,yellow,1,342,180,363,214,0.734375,0.547222,0.043750,0.094444,yellow_folder
yellow__brightness_low__run_02__frame_027_20260820T154208_483.jpg,train,yellow/brightness_low/run_02/frame_027_20260820T154208_483.jpg,a83b1e5280f4174cbbc375dfa0e10a19ea501908a16ec1c4c8cd75442fcce45c,yellow,1,343,180,364,215,0.736458,0.548611,0.043750,0.097222,yellow_folder
yellow__brightness_low__run_02__frame_028_20260820T154208_607.jpg,train,yellow/brightness_low/run_02/frame_028_20260820T154208_607.jpg,a83b1e5280f4174cbbc375dfa0e10a19ea501908a16ec1c4c8cd75442fcce45c,yellow,1,343,180,364,215,0.736458,0.548611,0.043750,0.097222,yellow_folder
yellow__brightness_low__run_02__frame_029_20260820T154208_734.jpg,train,yellow/brightness_low/run_02/frame_029_20260820T154208_734.jpg,1daa30a03ce45c5c8d220a44b2406beb628bf75895ecac80d798f3f325dd2af4,yellow,1,345,180,366,215,0.740625,0.548611,0.043750,0.097222,yellow_folder
yellow__brightness_low__run_03__frame_009_20260820T154214_104.jpg,train,yellow/brightness_low/run_03/frame_009_20260820T154214_104.jpg,4e351e00d253d9eb08eb80518123a997f8b41693d4bfed9bf93de2d186df8b26,yellow,1,390,180,420,230,0.843750,0.569444,0.062500,0.138889,yellow_folder
yellow__brightness_low__run_03__frame_010_20260820T154214_223.jpg,train,yellow/brightness_low/run_03/frame_010_20260820T154214_223.jpg,c4f8f7096e89255b26684f2dfa1b8dbf197d63f0a244797bdee08a8244618b11,yellow,1,391,180,421,230,0.845833,0.569444,0.062500,0.138889,yellow_folder
yellow__brightness_low__run_03__frame_011_20260820T154214_347.jpg,train,yellow/brightness_low/run_03/frame_011_20260820T154214_347.jpg,c4f8f7096e89255b26684f2dfa1b8dbf197d63f0a244797bdee08a8244618b11,yellow,1,391,180,421,230,0.845833,0.569444,0.062500,0.138889,yellow_folder
yellow__brightness_low__run_03__frame_012_20260820T154214_481.jpg,train,yellow/brightness_low/run_03/frame_012_20260820T154214_481.jpg,757d1591ff292c2b3c6b9978b44b968e52aa52980624a5750eb5b83a94022084,yellow,1,395,180,427,231,0.856250,0.570833,0.066667,0.141667,yellow_folder
yellow__brightness_low__run_03__frame_013_20260820T154214_604.jpg,train,yellow/brightness_low/run_03/frame_013_20260820T154214_604.jpg,757d1591ff292c2b3c6b9978b44b968e52aa52980624a5750eb5b83a94022084,yellow,1,395,180,427,231,0.856250,0.570833,0.066667,0.141667,yellow_folder
yellow__brightness_low__run_03__frame_014_20260820T154214_736.jpg,train,yellow/brightness_low/run_03/frame_014_20260820T154214_736.jpg,64c818802e37809b59b748e76b7e182a3a1dbb5f3dfbb2cdaf2df521f203cce8,yellow,1,400,180,433,233,0.867708,0.573611,0.068750,0.147222,yellow_folder
yellow__brightness_low__run_03__frame_015_20260820T154214_867.jpg,train,yellow/brightness_low/run_03/frame_015_20260820T154214_867.jpg,881959a690be9a07faff320acd0a99a883d1ad8f78f2ca5bee628c28890bc9c5,yellow,1,402,180,436,234,0.872917,0.575000,0.070833,0.150000,yellow_folder
yellow__brightness_low__run_03__frame_016_20260820T154215_003.jpg,train,yellow/brightness_low/run_03/frame_016_20260820T154215_003.jpg,5e1bb9f95ee31f8624a0d16a44bc08b185cd430feaf077191372686895d9eb80,yellow,1,405,180,439,235,0.879167,0.576389,0.070833,0.152778,yellow_folder
yellow__brightness_low__run_03__frame_017_20260820T154215_139.jpg,train,yellow/brightness_low/run_03/frame_017_20260820T154215_139.jpg,5e1bb9f95ee31f8624a0d16a44bc08b185cd430feaf077191372686895d9eb80,yellow,1,405,180,439,235,0.879167,0.576389,0.070833,0.152778,yellow_folder
yellow__brightness_low__run_03__frame_018_20260820T154215_295.jpg,train,yellow/brightness_low/run_03/frame_018_20260820T154215_295.jpg,3b39b7b0ab8e85a02f333c9d2c32aa9aef90a2047f7c733b9f74549acb7af4d0,yellow,1,409,180,444,236,0.888542,0.577778,0.072917,0.155556,yellow_folder
yellow__brightness_low__run_03__frame_019_20260820T154215_435.jpg,train,yellow/brightness_low/run_03/frame_019_20260820T154215_435.jpg,af1857cc3986fb61ee1b79c0611838fa2214de4d517ec2faf9d59a63ba9c8408,yellow,1,414,180,449,237,0.898958,0.579167,0.072917,0.158333,yellow_folder
yellow__brightness_low__run_03__frame_020_20260820T154215_562.jpg,train,yellow/brightness_low/run_03/frame_020_20260820T154215_562.jpg,af1857cc3986fb61ee1b79c0611838fa2214de4d517ec2faf9d59a63ba9c8408,yellow,1,414,180,449,237,0.898958,0.579167,0.072917,0.158333,yellow_folder
yellow__brightness_low__run_03__frame_021_20260820T154215_696.jpg,train,yellow/brightness_low/run_03/frame_021_20260820T154215_696.jpg,194dfcc3f02e8f2adf74705ed395053a8748196619392bf8ffd8db0aee0f5372,yellow,1,419,180,457,239,0.912500,0.581944,0.079167,0.163889,yellow_folder
yellow__brightness_low__run_03__frame_022_20260820T154215_830.jpg,train,yellow/brightness_low/run_03/frame_022_20260820T154215_830.jpg,437d5e82d303d1b61920641cf2acdde99d1612feb5071dcd7c50befeade97ea1,yellow,1,423,180,460,241,0.919792,0.584722,0.077083,0.169444,yellow_folder
yellow__brightness_low__run_03__frame_023_20260820T154215_966.jpg,train,yellow/brightness_low/run_03/frame_023_20260820T154215_966.jpg,9cf14a43520d6d521f47358519a03bf00bd35e82aade52b1f096b9672f185cf5,yellow,1,426,180,464,242,0.927083,0.586111,0.079167,0.172222,yellow_folder
yellow__brightness_low__run_03__frame_024_20260820T154216_089.jpg,train,yellow/brightness_low/run_03/frame_024_20260820T154216_089.jpg,f8e48cf31200acd3306888906012accb6022e46bed4f08f751b26c58fb086364,yellow,1,430,180,469,243,0.936458,0.587500,0.081250,0.175000,yellow_folder
yellow__brightness_low__run_03__frame_025_20260820T154216_219.jpg,train,yellow/brightness_low/run_03/frame_025_20260820T154216_219.jpg,e970e6c276d2d0df964130cef3e1d4749ba16906592be854efdc7b4d410199be,yellow,1,431,180,471,243,0.939583,0.587500,0.083333,0.175000,yellow_folder
yellow__brightness_low__run_03__frame_026_20260820T154216_343.jpg,train,yellow/brightness_low/run_03/frame_026_20260820T154216_343.jpg,c3dbf564a6e965b529416a0a50a8b7d77d6407df3c7d8956870bd381af2c68a8,yellow,1,436,180,477,245,0.951042,0.590278,0.085417,0.180556,yellow_folder
yellow__brightness_low__run_03__frame_027_20260820T154216_471.jpg,train,yellow/brightness_low/run_03/frame_027_20260820T154216_471.jpg,197eb9edfc7f3a20cf2197455eb46071133fb1be9fa0fd196f945283bf4f524f,yellow,1,440,180,478,246,0.956250,0.591667,0.079167,0.183333,yellow_folder
yellow__brightness_low__run_03__frame_028_20260820T154216_590.jpg,train,yellow/brightness_low/run_03/frame_028_20260820T154216_590.jpg,7234bc661a90151ed631e0cc6db33ef7ba1aa6b18d9ae77b79bc98fa87606c3b,yellow,1,444,180,480,248,0.962500,0.594444,0.075000,0.188889,yellow_folder
yellow__brightness_low__run_04__frame_010_20260820T154222_257.jpg,val,yellow/brightness_low/run_04/frame_010_20260820T154222_257.jpg,2d79bc07bcb76d0e50dcb196cddf6dad7a7198791f69da224b2531164e92acf9,yellow,1,343,180,360,208,0.732292,0.538889,0.035417,0.077778,yellow_folder
yellow__brightness_low__run_04__frame_011_20260820T154222_375.jpg,val,yellow/brightness_low/run_04/frame_011_20260820T154222_375.jpg,2d79bc07bcb76d0e50dcb196cddf6dad7a7198791f69da224b2531164e92acf9,yellow,1,343,180,360,208,0.732292,0.538889,0.035417,0.077778,yellow_folder
yellow__brightness_low__run_04__frame_012_20260820T154222_505.jpg,val,yellow/brightness_low/run_04/frame_012_20260820T154222_505.jpg,993446f49780a3c6ac8492abd8bd3d4d1f7b8e3864436b9852608f77e19d86c5,yellow,1,345,180,362,209,0.736458,0.540278,0.035417,0.080556,yellow_folder
yellow__brightness_low__run_04__frame_013_20260820T154222_632.jpg,val,yellow/brightness_low/run_04/frame_013_20260820T154222_632.jpg,b6dce8a8bb1ad4d30d31691d6885d0b37cf204029582a7dd51de94ec76ca83d0,yellow,1,345,180,363,209,0.737500,0.540278,0.037500,0.080556,yellow_folder
yellow__brightness_low__run_04__frame_014_20260820T154222_760.jpg,val,yellow/brightness_low/run_04/frame_014_20260820T154222_760.jpg,084b9f174d43d43bc26d3d4c9584827f8e9ef718860c11c6c42d1f64f8b3d4db,yellow,1,346,180,364,209,0.739583,0.540278,0.037500,0.080556,yellow_folder
yellow__brightness_low__run_04__frame_015_20260820T154222_890.jpg,val,yellow/brightness_low/run_04/frame_015_20260820T154222_890.jpg,59403ded385644087fd8c43f42ac274d677bc2e0736c9dc67a28ef3a12be8952,yellow,1,347,180,365,209,0.741667,0.540278,0.037500,0.080556,yellow_folder
yellow__brightness_low__run_04__frame_016_20260820T154223_035.jpg,val,yellow/brightness_low/run_04/frame_016_20260820T154223_035.jpg,f7427f7ceca13df8bce295fd21308447f22e155fd245e04f96487284a7731b11,yellow,1,348,180,366,209,0.743750,0.540278,0.037500,0.080556,yellow_folder
yellow__brightness_low__run_04__frame_017_20260820T154223_161.jpg,val,yellow/brightness_low/run_04/frame_017_20260820T154223_161.jpg,e51948a2444281bdee77ccf3b1a3d7eebb563a69103352d8da25f6d6f8571c41,yellow,1,348,180,367,210,0.744792,0.541667,0.039583,0.083333,yellow_folder
yellow__brightness_low__run_04__frame_018_20260820T154223_291.jpg,val,yellow/brightness_low/run_04/frame_018_20260820T154223_291.jpg,b5df1332fbb84b9bb1dcdfc7d032356271cb910f030ba3076e88a3118a719d10,yellow,1,349,180,368,210,0.746875,0.541667,0.039583,0.083333,yellow_folder
yellow__brightness_low__run_04__frame_019_20260820T154223_413.jpg,val,yellow/brightness_low/run_04/frame_019_20260820T154223_413.jpg,4262d04a2b3a2ac3174335ab95950903d4857b3edaca7f1ae12853a77293dc60,yellow,1,350,180,369,210,0.748958,0.541667,0.039583,0.083333,yellow_folder
yellow__brightness_low__run_04__frame_020_20260820T154223_544.jpg,val,yellow/brightness_low/run_04/frame_020_20260820T154223_544.jpg,3693da11ad718cdf66f5381b238f8778cb0d2b773e1ccb9a23ac1b0c9ab63836,yellow,1,352,180,371,210,0.753125,0.541667,0.039583,0.083333,yellow_folder
yellow__brightness_low__run_04__frame_021_20260820T154223_664.jpg,val,yellow/brightness_low/run_04/frame_021_20260820T154223_664.jpg,83bc556912755824bcf075ed2a1a790223e6a18dac585b9de89726ecc337fa2b,yellow,1,353,180,372,211,0.755208,0.543056,0.039583,0.086111,yellow_folder
yellow__brightness_low__run_04__frame_022_20260820T154223_795.jpg,val,yellow/brightness_low/run_04/frame_022_20260820T154223_795.jpg,dc79cdf830af350419896d95b569729b89906cba2dd4adfe498f79d8508147e3,yellow,1,354,180,373,211,0.757292,0.543056,0.039583,0.086111,yellow_folder
yellow__brightness_low__run_04__frame_023_20260820T154223_926.jpg,val,yellow/brightness_low/run_04/frame_023_20260820T154223_926.jpg,a677d9477f2eadfb56e2b1df49e1062aa46d0b97b192a6158f229d8f82d491a5,yellow,1,354,180,374,211,0.758333,0.543056,0.041667,0.086111,yellow_folder
yellow__brightness_low__run_04__frame_024_20260820T154224_046.jpg,val,yellow/brightness_low/run_04/frame_024_20260820T154224_046.jpg,65dfeeacc958d72daeb92a2d3dd028c8f47fdfcf90a7701c336c36222bd8c00e,yellow,1,356,180,376,211,0.762500,0.543056,0.041667,0.086111,yellow_folder
yellow__brightness_low__run_04__frame_025_20260820T154224_168.jpg,val,yellow/brightness_low/run_04/frame_025_20260820T154224_168.jpg,65dfeeacc958d72daeb92a2d3dd028c8f47fdfcf90a7701c336c36222bd8c00e,yellow,1,356,180,376,211,0.762500,0.543056,0.041667,0.086111,yellow_folder
yellow__brightness_low__run_04__frame_026_20260820T154224_291.jpg,val,yellow/brightness_low/run_04/frame_026_20260820T154224_291.jpg,311613cc7feb812cb4ebf2f756b569f2acefea3e87179b91012d7678d46f7fcc,yellow,1,357,180,377,213,0.764583,0.545833,0.041667,0.091667,yellow_folder
yellow__brightness_low__run_04__frame_027_20260820T154224_417.jpg,val,yellow/brightness_low/run_04/frame_027_20260820T154224_417.jpg,f2b7aa4d2383e8f784a064f9a185579785d6f9125bd28a88ad0c94e794f05ac1,yellow,1,358,180,379,213,0.767708,0.545833,0.043750,0.091667,yellow_folder
yellow__brightness_low__run_04__frame_028_20260820T154224_556.jpg,val,yellow/brightness_low/run_04/frame_028_20260820T154224_556.jpg,3b01ce4a83cb556cf09c5aed728d5e7889c3e77bf22d5b3c16f3d4e405e12342,yellow,1,360,180,380,213,0.770833,0.545833,0.041667,0.091667,yellow_folder
yellow__brightness_low__run_04__frame_029_20260820T154224_680.jpg,val,yellow/brightness_low/run_04/frame_029_20260820T154224_680.jpg,70f79acded644374e2afc1c92e6a9dafbc019cc2c3628bd747bb75441cf26dfa,yellow,1,361,180,381,214,0.772917,0.547222,0.041667,0.094444,yellow_folder
yellow__brightness_low__run_05__frame_010_20260820T154230_213.jpg,test,yellow/brightness_low/run_05/frame_010_20260820T154230_213.jpg,cb18aa2a1ea486abcb1171a6966068c0991f5a31df3874ad49b92c94f83c0f35,yellow,1,261,180,278,210,0.561458,0.541667,0.035417,0.083333,yellow_folder
yellow__brightness_low__run_05__frame_011_20260820T154230_348.jpg,test,yellow/brightness_low/run_05/frame_011_20260820T154230_348.jpg,fd718521dca8b91fdf4ed5a6fc9510b3d88b5652742387208252886c4f069747,yellow,1,261,180,278,211,0.561458,0.543056,0.035417,0.086111,yellow_folder
yellow__brightness_low__run_05__frame_012_20260820T154230_546.jpg,test,yellow/brightness_low/run_05/frame_012_20260820T154230_546.jpg,e65205a62c801a3ab1c6ba2f1723466147462a02e7e993fe0b20575669464dd3,yellow,1,261,180,279,211,0.562500,0.543056,0.037500,0.086111,yellow_folder
yellow__brightness_low__run_05__frame_013_20260820T154230_679.jpg,test,yellow/brightness_low/run_05/frame_013_20260820T154230_679.jpg,65f981d945c6e034d3964c8f36443482b36d273a1a994324de5fa5b22d079403,yellow,1,261,180,279,211,0.562500,0.543056,0.037500,0.086111,yellow_folder
yellow__brightness_low__run_05__frame_014_20260820T154230_805.jpg,test,yellow/brightness_low/run_05/frame_014_20260820T154230_805.jpg,cc311d2e9769115cc43543efe50e2494a8db62efc65d2b08ae8894fd95aa6a17,yellow,1,262,180,279,211,0.563542,0.543056,0.035417,0.086111,yellow_folder
yellow__brightness_low__run_05__frame_015_20260820T154230_930.jpg,test,yellow/brightness_low/run_05/frame_015_20260820T154230_930.jpg,cc311d2e9769115cc43543efe50e2494a8db62efc65d2b08ae8894fd95aa6a17,yellow,1,262,180,279,211,0.563542,0.543056,0.035417,0.086111,yellow_folder
yellow__brightness_low__run_05__frame_016_20260820T154231_059.jpg,test,yellow/brightness_low/run_05/frame_016_20260820T154231_059.jpg,ceb95cab192913e619e0bb704b1da59bf78c2dcca082f425b8833361910f9475,yellow,1,262,180,280,212,0.564583,0.544444,0.037500,0.088889,yellow_folder
yellow__brightness_low__run_05__frame_017_20260820T154231_184.jpg,test,yellow/brightness_low/run_05/frame_017_20260820T154231_184.jpg,83cfdf48c799b9b5da5f1c722c9949c29ba26b9448f3c19b73eae1bdb38e896d,yellow,1,262,180,280,212,0.564583,0.544444,0.037500,0.088889,yellow_folder
yellow__brightness_low__run_05__frame_018_20260820T154231_308.jpg,test,yellow/brightness_low/run_05/frame_018_20260820T154231_308.jpg,c62fb6969493f39f021973fd637c490b039fecd4798aac127a5f7a8e73791873,yellow,1,262,180,281,212,0.565625,0.544444,0.039583,0.088889,yellow_folder
yellow__brightness_low__run_05__frame_019_20260820T154231_435.jpg,test,yellow/brightness_low/run_05/frame_019_20260820T154231_435.jpg,d043853d6a9e33a43ad352320eb240980ef4bf3f15215bf7e33bfbbc8a3e8cdd,yellow,1,262,180,281,213,0.565625,0.545833,0.039583,0.091667,yellow_folder
yellow__brightness_low__run_05__frame_020_20260820T154231_570.jpg,test,yellow/brightness_low/run_05/frame_020_20260820T154231_570.jpg,8ba767c117449f742c9b4d020d58d33ff4b9cd289ca0755f61d61481eea385bb,yellow,1,263,180,281,213,0.566667,0.545833,0.037500,0.091667,yellow_folder
yellow__brightness_low__run_05__frame_021_20260820T154231_704.jpg,test,yellow/brightness_low/run_05/frame_021_20260820T154231_704.jpg,8ba767c117449f742c9b4d020d58d33ff4b9cd289ca0755f61d61481eea385bb,yellow,1,263,180,281,213,0.566667,0.545833,0.037500,0.091667,yellow_folder
yellow__brightness_low__run_05__frame_022_20260820T154231_824.jpg,test,yellow/brightness_low/run_05/frame_022_20260820T154231_824.jpg,db22d15ca6010913b0fb0811ce3adfacbfa9d87431303ae96153f6ca7b90e8cd,yellow,1,263,180,282,213,0.567708,0.545833,0.039583,0.091667,yellow_folder
yellow__brightness_low__run_05__frame_023_20260820T154231_951.jpg,test,yellow/brightness_low/run_05/frame_023_20260820T154231_951.jpg,4137032d925f63095bc4eca64645e669b21552e321e7203e0de08c0309e3459c,yellow,1,263,180,282,214,0.567708,0.547222,0.039583,0.094444,yellow_folder
yellow__brightness_low__run_05__frame_024_20260820T154232_082.jpg,test,yellow/brightness_low/run_05/frame_024_20260820T154232_082.jpg,9b2e3e596a8b67ed7c3b31a8b9694dedc4151ff278bd24af5c4a03cad57cd499,yellow,1,263,180,283,214,0.568750,0.547222,0.041667,0.094444,yellow_folder
yellow__brightness_low__run_05__frame_025_20260820T154232_202.jpg,test,yellow/brightness_low/run_05/frame_025_20260820T154232_202.jpg,59b9970916a54a181342d674251d87306f90c30f2c6021717397ea5bac6bfda1,yellow,1,264,180,283,214,0.569792,0.547222,0.039583,0.094444,yellow_folder
yellow__brightness_low__run_05__frame_026_20260820T154232_326.jpg,test,yellow/brightness_low/run_05/frame_026_20260820T154232_326.jpg,59b9970916a54a181342d674251d87306f90c30f2c6021717397ea5bac6bfda1,yellow,1,264,180,283,214,0.569792,0.547222,0.039583,0.094444,yellow_folder
yellow__brightness_low__run_05__frame_027_20260820T154232_460.jpg,test,yellow/brightness_low/run_05/frame_027_20260820T154232_460.jpg,a4c106ef70b4ba6adc0e7a7062850ec7fc6db91866466bdc23389dbb982f4cdf,yellow,1,264,180,285,215,0.571875,0.548611,0.043750,0.097222,yellow_folder
yellow__brightness_low__run_05__frame_028_20260820T154232_592.jpg,test,yellow/brightness_low/run_05/frame_028_20260820T154232_592.jpg,aa74f50364c2da5b846250aefd392ac0a06d22a257764962fb0118719011bbb5,yellow,1,264,180,285,215,0.571875,0.548611,0.043750,0.097222,yellow_folder
yellow__brightness_low__run_05__frame_029_20260820T154232_723.jpg,test,yellow/brightness_low/run_05/frame_029_20260820T154232_723.jpg,952d26287c94390fae9998f9ef4eca1029d9567ffd9d0eba29e800c004463824,yellow,1,265,180,285,215,0.572917,0.548611,0.041667,0.097222,yellow_folder
yellow__brightness_medium__run_01__frame_010_20260820T154059_775.jpg,train,yellow/brightness_medium/run_01/frame_010_20260820T154059_775.jpg,0eb9633e3401e21286dbfb948455ee7d45b1761124018455250d93e413eef27f,yellow,1,304,180,316,202,0.645833,0.530556,0.025000,0.061111,yellow_folder
yellow__brightness_medium__run_01__frame_011_20260820T154059_896.jpg,train,yellow/brightness_medium/run_01/frame_011_20260820T154059_896.jpg,19d6d2ef78e880138354e41bde58a54811eb7e803c5f3b52ba66021c2fc07d0c,yellow,1,305,180,317,202,0.647917,0.530556,0.025000,0.061111,yellow_folder
yellow__brightness_medium__run_01__frame_012_20260820T154100_017.jpg,train,yellow/brightness_medium/run_01/frame_012_20260820T154100_017.jpg,19d6d2ef78e880138354e41bde58a54811eb7e803c5f3b52ba66021c2fc07d0c,yellow,1,305,180,317,202,0.647917,0.530556,0.025000,0.061111,yellow_folder
yellow__brightness_medium__run_01__frame_013_20260820T154100_139.jpg,train,yellow/brightness_medium/run_01/frame_013_20260820T154100_139.jpg,19d6d2ef78e880138354e41bde58a54811eb7e803c5f3b52ba66021c2fc07d0c,yellow,1,305,180,317,202,0.647917,0.530556,0.025000,0.061111,yellow_folder
yellow__brightness_medium__run_01__frame_014_20260820T154100_264.jpg,train,yellow/brightness_medium/run_01/frame_014_20260820T154100_264.jpg,eb98c118d93a2d249a3cc432106c44db205d596a912202bdbaca6ccdb2b3eeb3,yellow,1,305,180,317,202,0.647917,0.530556,0.025000,0.061111,yellow_folder
yellow__brightness_medium__run_01__frame_015_20260820T154100_400.jpg,train,yellow/brightness_medium/run_01/frame_015_20260820T154100_400.jpg,236422d19564d2542971ca7d020368f4aaa56fbb9c33188a1b740200f8ce5bcf,yellow,1,306,180,319,203,0.651042,0.531944,0.027083,0.063889,yellow_folder
yellow__brightness_medium__run_01__frame_016_20260820T154100_516.jpg,train,yellow/brightness_medium/run_01/frame_016_20260820T154100_516.jpg,667b0b2c9446f2167512e47e4d4b87f67a7bb2f2489f944b0aa51f02ae1ca82c,yellow,1,306,180,319,203,0.651042,0.531944,0.027083,0.063889,yellow_folder
yellow__brightness_medium__run_01__frame_017_20260820T154100_631.jpg,train,yellow/brightness_medium/run_01/frame_017_20260820T154100_631.jpg,607c71f3a4e3a5a5dfe11d6d2b3487a7f14af16d781990fa0b838dd50ebfb141,yellow,1,307,180,320,203,0.653125,0.531944,0.027083,0.063889,yellow_folder
yellow__brightness_medium__run_01__frame_018_20260820T154100_746.jpg,train,yellow/brightness_medium/run_01/frame_018_20260820T154100_746.jpg,c3eee4711b4235b9b01029fa67ffcc1641d83726a6d3e98db8fa15d44f409f1d,yellow,1,307,180,320,203,0.653125,0.531944,0.027083,0.063889,yellow_folder
yellow__brightness_medium__run_01__frame_019_20260820T154100_862.jpg,train,yellow/brightness_medium/run_01/frame_019_20260820T154100_862.jpg,0cf445fbec65c156c43d5fd958d72dddb4130456943f8e3c83ca3cc318e630a7,yellow,1,307,180,321,203,0.654167,0.531944,0.029167,0.063889,yellow_folder
yellow__brightness_medium__run_01__frame_020_20260820T154100_987.jpg,train,yellow/brightness_medium/run_01/frame_020_20260820T154100_987.jpg,b396a320846920c786af49a65a55adc705ef0440d2820fd5e1a204f43b1b54a7,yellow,1,308,180,321,203,0.655208,0.531944,0.027083,0.063889,yellow_folder
yellow__brightness_medium__run_01__frame_021_20260820T154101_105.jpg,train,yellow/brightness_medium/run_01/frame_021_20260820T154101_105.jpg,f2009930a0d02c7a9fcf71244b9cd0aaa39dfe2573b57e8bd22faf8fe8a34950,yellow,1,309,180,322,203,0.657292,0.531944,0.027083,0.063889,yellow_folder
yellow__brightness_medium__run_01__frame_022_20260820T154101_224.jpg,train,yellow/brightness_medium/run_01/frame_022_20260820T154101_224.jpg,a61e8faf6c6c8a06a5d792515b901fa53596644aa69feea9848e026764448b73,yellow,1,309,180,322,203,0.657292,0.531944,0.027083,0.063889,yellow_folder
yellow__brightness_medium__run_01__frame_023_20260820T154101_354.jpg,train,yellow/brightness_medium/run_01/frame_023_20260820T154101_354.jpg,9e11f2361608df1d1a2b06689cf2933507b3850364eab52f4c5c651d505b7b95,yellow,1,310,180,322,203,0.658333,0.531944,0.025000,0.063889,yellow_folder
yellow__brightness_medium__run_01__frame_024_20260820T154101_474.jpg,train,yellow/brightness_medium/run_01/frame_024_20260820T154101_474.jpg,02bc93b71bc79f6b84e35db025febf95a97d9f5c9165f1356ec19c7596fe0eea,yellow,1,310,180,323,204,0.659375,0.533333,0.027083,0.066667,yellow_folder
yellow__brightness_medium__run_01__frame_025_20260820T154101_591.jpg,train,yellow/brightness_medium/run_01/frame_025_20260820T154101_591.jpg,9b27059027e391a2018ec9e3680d688f6fd91d3025ebf065082b5897286db2c0,yellow,1,311,180,324,205,0.661458,0.534722,0.027083,0.069444,yellow_folder
yellow__brightness_medium__run_01__frame_026_20260820T154101_712.jpg,train,yellow/brightness_medium/run_01/frame_026_20260820T154101_712.jpg,f13c198a3f3c66075d410451a76f670486581316d5fb0e271cc2c44b5352ff27,yellow,1,311,180,324,205,0.661458,0.534722,0.027083,0.069444,yellow_folder
yellow__brightness_medium__run_01__frame_027_20260820T154101_834.jpg,train,yellow/brightness_medium/run_01/frame_027_20260820T154101_834.jpg,927a6d731f36a4514626873d23761a605b77b5434f86bdf17a6874975876a456,yellow,1,311,180,324,205,0.661458,0.534722,0.027083,0.069444,yellow_folder
yellow__brightness_medium__run_01__frame_028_20260820T154101_959.jpg,train,yellow/brightness_medium/run_01/frame_028_20260820T154101_959.jpg,a4a65af9824556e96b89672e6f3b793d79d85fe049d85dcb17a93cd3fafec552,yellow,1,312,180,325,205,0.663542,0.534722,0.027083,0.069444,yellow_folder
yellow__brightness_medium__run_01__frame_029_20260820T154102_081.jpg,train,yellow/brightness_medium/run_01/frame_029_20260820T154102_081.jpg,c8d42bb3d47ec7a107a423f7230817243b47b5f6fc8cb648598d9c9cf8277a71,yellow,1,312,180,325,205,0.663542,0.534722,0.027083,0.069444,yellow_folder
yellow__brightness_medium__run_02__frame_010_20260820T154107_485.jpg,train,yellow/brightness_medium/run_02/frame_010_20260820T154107_485.jpg,8c15041cfdbcf19d4e0d9268ea080be4918a586a7f1e444bf94bb3fd54921110,yellow,1,328,180,346,209,0.702083,0.540278,0.037500,0.080556,yellow_folder
yellow__brightness_medium__run_02__frame_011_20260820T154107_614.jpg,train,yellow/brightness_medium/run_02/frame_011_20260820T154107_614.jpg,8c15041cfdbcf19d4e0d9268ea080be4918a586a7f1e444bf94bb3fd54921110,yellow,1,328,180,346,209,0.702083,0.540278,0.037500,0.080556,yellow_folder
yellow__brightness_medium__run_02__frame_012_20260820T154107_731.jpg,train,yellow/brightness_medium/run_02/frame_012_20260820T154107_731.jpg,0093f579af24319361eff8b6319e4129fdffa08877ea239e276fcd89d2beb8b1,yellow,1,329,180,347,210,0.704167,0.541667,0.037500,0.083333,yellow_folder
yellow__brightness_medium__run_02__frame_013_20260820T154107_850.jpg,train,yellow/brightness_medium/run_02/frame_013_20260820T154107_850.jpg,932a48953fd4529bbb2628a9f2516f2777ee2a90796cbbf224fb3ca7bbb9049f,yellow,1,330,180,348,210,0.706250,0.541667,0.037500,0.083333,yellow_folder
yellow__brightness_medium__run_02__frame_014_20260820T154107_966.jpg,train,yellow/brightness_medium/run_02/frame_014_20260820T154107_966.jpg,9bba69f4b6ac8eef55c8abf5a5c0a910a2ac178f28adf1bad74e6dc59b8eca5e,yellow,1,331,180,349,210,0.708333,0.541667,0.037500,0.083333,yellow_folder
yellow__brightness_medium__run_02__frame_015_20260820T154108_082.jpg,train,yellow/brightness_medium/run_02/frame_015_20260820T154108_082.jpg,9bba69f4b6ac8eef55c8abf5a5c0a910a2ac178f28adf1bad74e6dc59b8eca5e,yellow,1,331,180,349,210,0.708333,0.541667,0.037500,0.083333,yellow_folder
yellow__brightness_medium__run_02__frame_016_20260820T154108_198.jpg,train,yellow/brightness_medium/run_02/frame_016_20260820T154108_198.jpg,9bba69f4b6ac8eef55c8abf5a5c0a910a2ac178f28adf1bad74e6dc59b8eca5e,yellow,1,331,180,349,210,0.708333,0.541667,0.037500,0.083333,yellow_folder
yellow__brightness_medium__run_02__frame_017_20260820T154108_324.jpg,train,yellow/brightness_medium/run_02/frame_017_20260820T154108_324.jpg,45ead50da4b465f2b5f60f1525ffe3a857a57a983e359fc0769f6c0275a953b2,yellow,1,333,180,351,211,0.712500,0.543056,0.037500,0.086111,yellow_folder
yellow__brightness_medium__run_02__frame_018_20260820T154108_446.jpg,train,yellow/brightness_medium/run_02/frame_018_20260820T154108_446.jpg,adbdbf11ed6faa56a64b9d697e44208e6a022f3f42dfb87a669e2bd4e49062ef,yellow,1,335,180,352,211,0.715625,0.543056,0.035417,0.086111,yellow_folder
yellow__brightness_medium__run_02__frame_019_20260820T154108_561.jpg,train,yellow/brightness_medium/run_02/frame_019_20260820T154108_561.jpg,22817a3ae5628e55a49f9a6f76c98ca4f255f4e8e21d2b22d7f669eefdaba0bd,yellow,1,335,180,353,211,0.716667,0.543056,0.037500,0.086111,yellow_folder
yellow__brightness_medium__run_02__frame_020_20260820T154108_685.jpg,train,yellow/brightness_medium/run_02/frame_020_20260820T154108_685.jpg,22817a3ae5628e55a49f9a6f76c98ca4f255f4e8e21d2b22d7f669eefdaba0bd,yellow,1,335,180,353,211,0.716667,0.543056,0.037500,0.086111,yellow_folder
yellow__brightness_medium__run_02__frame_021_20260820T154108_815.jpg,train,yellow/brightness_medium/run_02/frame_021_20260820T154108_815.jpg,67c2ef05405daf731548fb96d39ab1d0fc41c0a62325bd7c9fedf66a73114d6e,yellow,1,337,180,356,212,0.721875,0.544444,0.039583,0.088889,yellow_folder
yellow__brightness_medium__run_02__frame_022_20260820T154108_937.jpg,train,yellow/brightness_medium/run_02/frame_022_20260820T154108_937.jpg,b928b4dceeeacaf070e92357a03e11d9f0e6b38d149f033498c5987597b42d1d,yellow,1,337,180,357,212,0.722917,0.544444,0.041667,0.088889,yellow_folder
yellow__brightness_medium__run_02__frame_023_20260820T154109_056.jpg,train,yellow/brightness_medium/run_02/frame_023_20260820T154109_056.jpg,3093484a1dbfcf4bb599392ae57abcec3482e4e0a0b0f24534269336cf1aa303,yellow,1,338,180,358,212,0.725000,0.544444,0.041667,0.088889,yellow_folder
yellow__brightness_medium__run_02__frame_024_20260820T154109_170.jpg,train,yellow/brightness_medium/run_02/frame_024_20260820T154109_170.jpg,3093484a1dbfcf4bb599392ae57abcec3482e4e0a0b0f24534269336cf1aa303,yellow,1,338,180,358,212,0.725000,0.544444,0.041667,0.088889,yellow_folder
yellow__brightness_medium__run_02__frame_025_20260820T154109_286.jpg,train,yellow/brightness_medium/run_02/frame_025_20260820T154109_286.jpg,3093484a1dbfcf4bb599392ae57abcec3482e4e0a0b0f24534269336cf1aa303,yellow,1,338,180,358,212,0.725000,0.544444,0.041667,0.088889,yellow_folder
yellow__brightness_medium__run_02__frame_026_20260820T154109_409.jpg,train,yellow/brightness_medium/run_02/frame_026_20260820T154109_409.jpg,f60bcdfe926ef4b4383496ea84211c35864b23779110cadc997de933f9f947c2,yellow,1,341,180,361,213,0.731250,0.545833,0.041667,0.091667,yellow_folder
yellow__brightness_medium__run_02__frame_027_20260820T154109_530.jpg,train,yellow/brightness_medium/run_02/frame_027_20260820T154109_530.jpg,a21b6dbd493cab238e969a38e246bb0a6d050b6ced08a1ebb8429d53173d7b23,yellow,1,342,180,363,213,0.734375,0.545833,0.043750,0.091667,yellow_folder
yellow__brightness_medium__run_02__frame_028_20260820T154109_659.jpg,train,yellow/brightness_medium/run_02/frame_028_20260820T154109_659.jpg,32cdb7fb0cd5f50caea2e2415b3270ef45b748ea60afb91106e7595d4119b39a,yellow,1,343,180,364,215,0.736458,0.548611,0.043750,0.097222,yellow_folder
yellow__brightness_medium__run_02__frame_029_20260820T154109_788.jpg,train,yellow/brightness_medium/run_02/frame_029_20260820T154109_788.jpg,c46825e2496b50a136ff074aa80e99d70bcb299a48b0c41532b814c2627fd5fd,yellow,1,344,180,365,215,0.738542,0.548611,0.043750,0.097222,yellow_folder
yellow__brightness_medium__run_03__frame_009_20260820T154114_970.jpg,train,yellow/brightness_medium/run_03/frame_009_20260820T154114_970.jpg,fd61bcb1827fcfc972c6c61e9ee110e8c425e76cbebb5720dc10b2664c603d0f,,,,,,,,,,,no_visible_signal_in_yellow_folder
yellow__brightness_medium__run_03__frame_010_20260820T154115_086.jpg,train,yellow/brightness_medium/run_03/frame_010_20260820T154115_086.jpg,79273e1a5331eeeaa10dddc1666bce06f9925ac0a7e735ba55fec84e011ada5b,yellow,1,391,180,421,230,0.845833,0.569444,0.062500,0.138889,yellow_folder
yellow__brightness_medium__run_03__frame_011_20260820T154115_209.jpg,train,yellow/brightness_medium/run_03/frame_011_20260820T154115_209.jpg,79273e1a5331eeeaa10dddc1666bce06f9925ac0a7e735ba55fec84e011ada5b,yellow,1,391,180,421,230,0.845833,0.569444,0.062500,0.138889,yellow_folder
yellow__brightness_medium__run_03__frame_012_20260820T154115_329.jpg,train,yellow/brightness_medium/run_03/frame_012_20260820T154115_329.jpg,cb0ffe8a60c1493d9816e20020f9309263f08d0e61d8774f4dfcc7d196b3b765,yellow,1,396,180,427,232,0.857292,0.572222,0.064583,0.144444,yellow_folder
yellow__brightness_medium__run_03__frame_013_20260820T154115_446.jpg,train,yellow/brightness_medium/run_03/frame_013_20260820T154115_446.jpg,ecc3db73f2bf4741a36cc80fcd7cac6bfeb9b7c9614cd5efcbbc1eba85425af4,yellow,1,398,180,430,232,0.862500,0.572222,0.066667,0.144444,yellow_folder
yellow__brightness_medium__run_03__frame_014_20260820T154115_568.jpg,train,yellow/brightness_medium/run_03/frame_014_20260820T154115_568.jpg,27cabbfcb5ab0d151f3dac036c93f2bd9d50647778fa4fc4c41941e610de4b9d,yellow,1,399,180,431,232,0.864583,0.572222,0.066667,0.144444,yellow_folder
yellow__brightness_medium__run_03__frame_015_20260820T154115_691.jpg,train,yellow/brightness_medium/run_03/frame_015_20260820T154115_691.jpg,60c2d96df8ba5531e663dd7a2f9046daa98ad47fe8a0ba04a6f430465d9efec1,yellow,1,400,180,433,233,0.867708,0.573611,0.068750,0.147222,yellow_folder
yellow__brightness_medium__run_03__frame_016_20260820T154115_811.jpg,train,yellow/brightness_medium/run_03/frame_016_20260820T154115_811.jpg,60c2d96df8ba5531e663dd7a2f9046daa98ad47fe8a0ba04a6f430465d9efec1,yellow,1,400,180,433,233,0.867708,0.573611,0.068750,0.147222,yellow_folder
yellow__brightness_medium__run_03__frame_017_20260820T154115_934.jpg,train,yellow/brightness_medium/run_03/frame_017_20260820T154115_934.jpg,5141ebaf592cf2eb68e0e30e31dc99f0eb939b02d7c71e08fc5adf2adb17c209,yellow,1,407,180,441,235,0.883333,0.576389,0.070833,0.152778,yellow_folder
yellow__brightness_medium__run_03__frame_018_20260820T154116_049.jpg,train,yellow/brightness_medium/run_03/frame_018_20260820T154116_049.jpg,d213563a5dea2ea2ab7d8e1e9440aa94af3454958f75b625883636330f7e3a4b,yellow,1,409,180,444,236,0.888542,0.577778,0.072917,0.155556,yellow_folder
yellow__brightness_medium__run_03__frame_019_20260820T154116_172.jpg,train,yellow/brightness_medium/run_03/frame_019_20260820T154116_172.jpg,9444f697c894ed370666ebfdd0e84a40aec809c8abd9736cd82bfb416355d19c,yellow,1,411,180,446,237,0.892708,0.579167,0.072917,0.158333,yellow_folder
yellow__brightness_medium__run_03__frame_020_20260820T154116_294.jpg,train,yellow/brightness_medium/run_03/frame_020_20260820T154116_294.jpg,4bac9aa1c95db4527a3b73eae08558c3a393cf1a5cff75cd5a4947f027fdcc06,yellow,1,414,180,449,238,0.898958,0.580556,0.072917,0.161111,yellow_folder
yellow__brightness_medium__run_03__frame_021_20260820T154116_421.jpg,train,yellow/brightness_medium/run_03/frame_021_20260820T154116_421.jpg,924c3da49406852b90f445c515ee4e2b38195718f531e31fdd730e98b8aa83b2,yellow,1,415,180,451,238,0.902083,0.580556,0.075000,0.161111,yellow_folder
yellow__brightness_medium__run_03__frame_022_20260820T154116_545.jpg,train,yellow/brightness_medium/run_03/frame_022_20260820T154116_545.jpg,924c3da49406852b90f445c515ee4e2b38195718f531e31fdd730e98b8aa83b2,yellow,1,415,180,451,238,0.902083,0.580556,0.075000,0.161111,yellow_folder
yellow__brightness_medium__run_03__frame_023_20260820T154116_667.jpg,train,yellow/brightness_medium/run_03/frame_023_20260820T154116_667.jpg,cd1fe083c8570a440626c3393825fe44d5fcdef6f228c0fffe82360e1939207b,yellow,1,423,180,461,241,0.920833,0.584722,0.079167,0.169444,yellow_folder
yellow__brightness_medium__run_03__frame_024_20260820T154116_781.jpg,train,yellow/brightness_medium/run_03/frame_024_20260820T154116_781.jpg,9b1829eaf492806f0bca5d51f043f51c684819e62cf39566e83d37a08a9962f1,yellow,1,426,180,465,242,0.928125,0.586111,0.081250,0.172222,yellow_folder
yellow__brightness_medium__run_03__frame_025_20260820T154116_911.jpg,train,yellow/brightness_medium/run_03/frame_025_20260820T154116_911.jpg,bbf056a6e88c4ca1a47c9f5c656e187b396e1383cbd306e3c8ce1b671ff34c99,yellow,1,430,180,469,243,0.936458,0.587500,0.081250,0.175000,yellow_folder
yellow__brightness_medium__run_03__frame_026_20260820T154117_036.jpg,train,yellow/brightness_medium/run_03/frame_026_20260820T154117_036.jpg,271bccaaebe9dbabeffba204f7d6d3168951fc14fb657ab6d1cac52de3573ee8,yellow,1,433,180,473,244,0.943750,0.588889,0.083333,0.177778,yellow_folder
yellow__brightness_medium__run_03__frame_027_20260820T154117_165.jpg,train,yellow/brightness_medium/run_03/frame_027_20260820T154117_165.jpg,c3d5d6373e3258aa3e4611ec4ebbf2f6916a18247d6197d1d208116c376e95ac,yellow,1,435,180,476,245,0.948958,0.590278,0.085417,0.180556,yellow_folder
yellow__brightness_medium__run_03__frame_028_20260820T154117_293.jpg,train,yellow/brightness_medium/run_03/frame_028_20260820T154117_293.jpg,353569f5c61b2afaba9177f061d3ebd5d20820676b5f432fcfe82973e0152705,yellow,1,439,180,478,246,0.955208,0.591667,0.081250,0.183333,yellow_folder
yellow__brightness_medium__run_04__frame_010_20260820T154122_747.jpg,val,yellow/brightness_medium/run_04/frame_010_20260820T154122_747.jpg,6e043ea1ba84c00fac7051586b734f80d55eb26946b384b6b0f9e5faa87ab908,yellow,1,344,180,360,208,0.733333,0.538889,0.033333,0.077778,yellow_folder
yellow__brightness_medium__run_04__frame_011_20260820T154122_876.jpg,val,yellow/brightness_medium/run_04/frame_011_20260820T154122_876.jpg,ab57027194191e81149d3276c1e8890c17fa3888b9814db2510165ab07e7d885,yellow,1,344,180,361,208,0.734375,0.538889,0.035417,0.077778,yellow_folder
yellow__brightness_medium__run_04__frame_012_20260820T154122_998.jpg,val,yellow/brightness_medium/run_04/frame_012_20260820T154122_998.jpg,3ebaf8da8bb9f31d914956d2a6f0f0bbab9369046b70ccaa6b8493518f2de0a8,yellow,1,345,180,362,208,0.736458,0.538889,0.035417,0.077778,yellow_folder
yellow__brightness_medium__run_04__frame_013_20260820T154123_113.jpg,val,yellow/brightness_medium/run_04/frame_013_20260820T154123_113.jpg,4c14bbc49deda876fb8ced3288a6753cefb14d12587829b40d2e2821bdd0ae1e,yellow,1,345,180,364,209,0.738542,0.540278,0.039583,0.080556,yellow_folder
yellow__brightness_medium__run_04__frame_014_20260820T154123_231.jpg,val,yellow/brightness_medium/run_04/frame_014_20260820T154123_231.jpg,4c14bbc49deda876fb8ced3288a6753cefb14d12587829b40d2e2821bdd0ae1e,yellow,1,345,180,364,209,0.738542,0.540278,0.039583,0.080556,yellow_folder
yellow__brightness_medium__run_04__frame_015_20260820T154123_351.jpg,val,yellow/brightness_medium/run_04/frame_015_20260820T154123_351.jpg,6c8f674671178ea4653f2fcd28cd545dfe36104d14ba8fe8ec833ca051c9a07b,yellow,1,347,180,365,209,0.741667,0.540278,0.037500,0.080556,yellow_folder
yellow__brightness_medium__run_04__frame_016_20260820T154123_482.jpg,val,yellow/brightness_medium/run_04/frame_016_20260820T154123_482.jpg,903c11e929617f9dc0937c9f23adbf960a6516d7d4ca56e7d35cd59b19e5408d,yellow,1,347,180,366,209,0.742708,0.540278,0.039583,0.080556,yellow_folder
yellow__brightness_medium__run_04__frame_017_20260820T154123_598.jpg,val,yellow/brightness_medium/run_04/frame_017_20260820T154123_598.jpg,903c11e929617f9dc0937c9f23adbf960a6516d7d4ca56e7d35cd59b19e5408d,yellow,1,347,180,366,209,0.742708,0.540278,0.039583,0.080556,yellow_folder
yellow__brightness_medium__run_04__frame_018_20260820T154123_715.jpg,val,yellow/brightness_medium/run_04/frame_018_20260820T154123_715.jpg,ff26bf6393153e46e703deddfca5532fcb08ce3aa49ba20693a51a1f65eca9b7,yellow,1,348,180,367,210,0.744792,0.541667,0.039583,0.083333,yellow_folder
yellow__brightness_medium__run_04__frame_019_20260820T154123_842.jpg,val,yellow/brightness_medium/run_04/frame_019_20260820T154123_842.jpg,49d81d5a83b702ef50f8925b9441df142c62ae0832a85f73210fb178737bd01d,yellow,1,350,180,368,210,0.747917,0.541667,0.037500,0.083333,yellow_folder
yellow__brightness_medium__run_04__frame_020_20260820T154123_960.jpg,val,yellow/brightness_medium/run_04/frame_020_20260820T154123_960.jpg,49d81d5a83b702ef50f8925b9441df142c62ae0832a85f73210fb178737bd01d,yellow,1,350,180,368,210,0.747917,0.541667,0.037500,0.083333,yellow_folder
yellow__brightness_medium__run_04__frame_021_20260820T154124_085.jpg,val,yellow/brightness_medium/run_04/frame_021_20260820T154124_085.jpg,cdc76a53add601b0ac628a1a62afc7cbd7c1416c4539b2be4648fb393b466e07,yellow,1,352,180,370,210,0.752083,0.541667,0.037500,0.083333,yellow_folder
yellow__brightness_medium__run_04__frame_022_20260820T154124_200.jpg,val,yellow/brightness_medium/run_04/frame_022_20260820T154124_200.jpg,2521ea8f8d6edaefcdfdc4887432b3a8fbea1b330a50ee31f134c895cadc7d39,yellow,1,353,180,371,212,0.754167,0.544444,0.037500,0.088889,yellow_folder
yellow__brightness_medium__run_04__frame_023_20260820T154124_315.jpg,val,yellow/brightness_medium/run_04/frame_023_20260820T154124_315.jpg,4742ce25acf75ababe47c770a651303a56c99aafe3fd27464ba1814701d962a2,yellow,1,354,180,373,212,0.757292,0.544444,0.039583,0.088889,yellow_folder
yellow__brightness_medium__run_04__frame_024_20260820T154124_429.jpg,val,yellow/brightness_medium/run_04/frame_024_20260820T154124_429.jpg,4742ce25acf75ababe47c770a651303a56c99aafe3fd27464ba1814701d962a2,yellow,1,354,180,373,212,0.757292,0.544444,0.039583,0.088889,yellow_folder
yellow__brightness_medium__run_04__frame_025_20260820T154124_559.jpg,val,yellow/brightness_medium/run_04/frame_025_20260820T154124_559.jpg,c97531bdb9d9a815b3a8d945546379f9c660ef657f600bb2012c17c73ba7ad25,yellow,1,355,180,375,211,0.760417,0.543056,0.041667,0.086111,yellow_folder
yellow__brightness_medium__run_04__frame_026_20260820T154124_674.jpg,val,yellow/brightness_medium/run_04/frame_026_20260820T154124_674.jpg,c97531bdb9d9a815b3a8d945546379f9c660ef657f600bb2012c17c73ba7ad25,yellow,1,355,180,375,211,0.760417,0.543056,0.041667,0.086111,yellow_folder
yellow__brightness_medium__run_04__frame_027_20260820T154124_796.jpg,val,yellow/brightness_medium/run_04/frame_027_20260820T154124_796.jpg,c97531bdb9d9a815b3a8d945546379f9c660ef657f600bb2012c17c73ba7ad25,yellow,1,355,180,375,211,0.760417,0.543056,0.041667,0.086111,yellow_folder
yellow__brightness_medium__run_04__frame_028_20260820T154124_914.jpg,val,yellow/brightness_medium/run_04/frame_028_20260820T154124_914.jpg,a2bc5ffe1bb17a26a03ab4e6985727975da6dd1687253c025f1fd224f20ca61d,yellow,1,359,180,379,212,0.768750,0.544444,0.041667,0.088889,yellow_folder
yellow__brightness_medium__run_04__frame_029_20260820T154125_028.jpg,val,yellow/brightness_medium/run_04/frame_029_20260820T154125_028.jpg,0930cd49e68161e99af1320786a33333f4912da9d8a69a2254969c4aa3fb9ff6,yellow,1,361,180,380,214,0.771875,0.547222,0.039583,0.094444,yellow_folder
yellow__brightness_medium__run_05__frame_010_20260820T154130_367.jpg,test,yellow/brightness_medium/run_05/frame_010_20260820T154130_367.jpg,6e7b8d52ec53a3adc37189a03a97032247a4455fb38e2f608f8d476087f6d5b7,yellow,1,261,180,278,210,0.561458,0.541667,0.035417,0.083333,yellow_folder
yellow__brightness_medium__run_05__frame_011_20260820T154130_480.jpg,test,yellow/brightness_medium/run_05/frame_011_20260820T154130_480.jpg,6e7b8d52ec53a3adc37189a03a97032247a4455fb38e2f608f8d476087f6d5b7,yellow,1,261,180,278,210,0.561458,0.541667,0.035417,0.083333,yellow_folder
yellow__brightness_medium__run_05__frame_012_20260820T154130_598.jpg,test,yellow/brightness_medium/run_05/frame_012_20260820T154130_598.jpg,fd834bf60696a68fdde7341e35ac78f07b12ea7ef6449dff3a61ec0c3cb5e1b1,yellow,1,261,180,279,211,0.562500,0.543056,0.037500,0.086111,yellow_folder
yellow__brightness_medium__run_05__frame_013_20260820T154130_716.jpg,test,yellow/brightness_medium/run_05/frame_013_20260820T154130_716.jpg,71fd3311b89e00a192071c34b064ce7ef8336290317fcbd73d341b788248e487,yellow,1,261,180,279,211,0.562500,0.543056,0.037500,0.086111,yellow_folder
yellow__brightness_medium__run_05__frame_014_20260820T154130_835.jpg,test,yellow/brightness_medium/run_05/frame_014_20260820T154130_835.jpg,d42efdbf276cc571c3ffb66f89362cd24dac34e737812f60565b69b71ee22071,yellow,1,261,180,279,211,0.562500,0.543056,0.037500,0.086111,yellow_folder
yellow__brightness_medium__run_05__frame_015_20260820T154130_961.jpg,test,yellow/brightness_medium/run_05/frame_015_20260820T154130_961.jpg,0f1c31348c3c72aade0d606e461a103ea2c27e6056c6020d8d243562315cfe5a,yellow,1,262,180,280,211,0.564583,0.543056,0.037500,0.086111,yellow_folder
yellow__brightness_medium__run_05__frame_016_20260820T154131_087.jpg,test,yellow/brightness_medium/run_05/frame_016_20260820T154131_087.jpg,c30260efac45ca44e324f3af4e9d804d5f5816b2e0fc27efc439446d361564e5,yellow,1,262,180,280,212,0.564583,0.544444,0.037500,0.088889,yellow_folder
yellow__brightness_medium__run_05__frame_017_20260820T154131_211.jpg,test,yellow/brightness_medium/run_05/frame_017_20260820T154131_211.jpg,c30260efac45ca44e324f3af4e9d804d5f5816b2e0fc27efc439446d361564e5,yellow,1,262,180,280,212,0.564583,0.544444,0.037500,0.088889,yellow_folder
yellow__brightness_medium__run_05__frame_018_20260820T154131_329.jpg,test,yellow/brightness_medium/run_05/frame_018_20260820T154131_329.jpg,d7ed984c409cbb473387ddd3077104434a5df8e37d6d60f2d536bfe667043f7d,yellow,1,262,180,280,212,0.564583,0.544444,0.037500,0.088889,yellow_folder
yellow__brightness_medium__run_05__frame_019_20260820T154131_450.jpg,test,yellow/brightness_medium/run_05/frame_019_20260820T154131_450.jpg,2319229cac60a842ab76bcd2cb88d3257b14018938d38d9318a82d5949ae0c66,yellow,1,262,180,281,212,0.565625,0.544444,0.039583,0.088889,yellow_folder
yellow__brightness_medium__run_05__frame_020_20260820T154131_573.jpg,test,yellow/brightness_medium/run_05/frame_020_20260820T154131_573.jpg,e05138e4f8ec33a8844d6b41b09b0f8db4290bbdf40391aa4fefa0a517c35bc7,yellow,1,262,180,281,212,0.565625,0.544444,0.039583,0.088889,yellow_folder
yellow__brightness_medium__run_05__frame_021_20260820T154131_688.jpg,test,yellow/brightness_medium/run_05/frame_021_20260820T154131_688.jpg,dc2d9f142884a21d4e0d5bbcf3fb798af9e51a96fe79d40e1ddee8397d0dc87b,yellow,1,263,180,281,213,0.566667,0.545833,0.037500,0.091667,yellow_folder
yellow__brightness_medium__run_05__frame_022_20260820T154131_812.jpg,test,yellow/brightness_medium/run_05/frame_022_20260820T154131_812.jpg,0aaf7d304e6b96fc0e453992dbbcd875ecb3f9afd6889dae1f973794a78746e2,yellow,1,263,180,282,213,0.567708,0.545833,0.039583,0.091667,yellow_folder
yellow__brightness_medium__run_05__frame_023_20260820T154131_932.jpg,test,yellow/brightness_medium/run_05/frame_023_20260820T154131_932.jpg,0aaf7d304e6b96fc0e453992dbbcd875ecb3f9afd6889dae1f973794a78746e2,yellow,1,263,180,282,213,0.567708,0.545833,0.039583,0.091667,yellow_folder
yellow__brightness_medium__run_05__frame_024_20260820T154132_050.jpg,test,yellow/brightness_medium/run_05/frame_024_20260820T154132_050.jpg,0287de60a797c6402e6c30cbf2caecc9f380e0d795147b7209647f395b223c53,yellow,1,263,180,282,213,0.567708,0.545833,0.039583,0.091667,yellow_folder
yellow__brightness_medium__run_05__frame_025_20260820T154132_164.jpg,test,yellow/brightness_medium/run_05/frame_025_20260820T154132_164.jpg,0ccfdaf816dbd97bbb75ab15380fa3ba9e675fba2de5d643259b9434eddbfce1,yellow,1,263,180,282,214,0.567708,0.547222,0.039583,0.094444,yellow_folder
yellow__brightness_medium__run_05__frame_026_20260820T154132_284.jpg,test,yellow/brightness_medium/run_05/frame_026_20260820T154132_284.jpg,6af8e1b2576e261c7ff5b573cc549f9559aea175360ce5a056975c9ef4455dc9,yellow,1,264,180,283,214,0.569792,0.547222,0.039583,0.094444,yellow_folder
yellow__brightness_medium__run_05__frame_027_20260820T154132_404.jpg,test,yellow/brightness_medium/run_05/frame_027_20260820T154132_404.jpg,6af8e1b2576e261c7ff5b573cc549f9559aea175360ce5a056975c9ef4455dc9,yellow,1,264,180,283,214,0.569792,0.547222,0.039583,0.094444,yellow_folder
yellow__brightness_medium__run_05__frame_028_20260820T154132_526.jpg,test,yellow/brightness_medium/run_05/frame_028_20260820T154132_526.jpg,913b93630f1aa021a072c8ecd89b69b051eba85684b1fa7b3e5f289c9f252f4d,yellow,1,264,180,284,214,0.570833,0.547222,0.041667,0.094444,yellow_folder
yellow__brightness_medium__run_05__frame_029_20260820T154132_641.jpg,test,yellow/brightness_medium/run_05/frame_029_20260820T154132_641.jpg,9b178f52feac5abdd0b12f0d4a98e7997d01f29173bc2c156b7875668c3b0960,yellow,1,264,180,285,215,0.571875,0.548611,0.043750,0.097222,yellow_folder
