time_sec,success,candidate_count,match_count,keep_ratio,mean_match_distance_m,max_match_distance_m,mean_tangent_angle_deg,lateral_m,yaw_correction_rad,rms_error_m,measured_x,measured_y,measured_yaw,innovation_x,innovation_y,innovation_yaw,gain_x,gain_y,gain_yaw
0.04999999999999716,0.0,14.0,14.0,1.0,0.015473668604116256,0.031684341766198915,0.10694824482409476,nan,nan,nan,nan,nan,nan,nan,nan,nan,nan,nan,nan
0.18999999999999773,0.0,14.0,14.0,1.0,0.015473668604116256,0.031684341766198915,0.10694824482409476,nan,nan,nan,nan,nan,nan,nan,nan,nan,nan,nan,nan
0.39000000000000057,0.0,14.0,14.0,1.0,0.015473668604116256,0.031684341766198915,0.10694824482409476,nan,nan,nan,nan,nan,nan,nan,nan,nan,nan,nan,nan
0.8299999999999983,0.0,15.0,15.0,1.0,0.01540825376518115,0.03112373695759847,0.12236985144002423,nan,nan,nan,nan,nan,nan,nan,nan,nan,nan,nan,nan
1.25,0.0,15.0,15.0,1.0,0.015429189438696245,0.03143778269578658,0.09992781139662653,nan,nan,nan,nan,nan,nan,nan,nan,nan,nan,nan,nan
1.490000000000002,0.0,15.0,15.0,1.0,0.015372821851109853,0.030592167096945524,0.1001142511390769,nan,nan,nan,nan,nan,nan,nan,nan,nan,nan,nan,nan
2.5899999999999963,0.0,15.0,15.0,1.0,0.01561811270837879,0.034271661696880916,0.12233328115749614,nan,nan,nan,nan,nan,nan,nan,nan,nan,nan,nan,nan
3.3299999999999983,0.0,14.0,14.0,1.0,0.015494403789274889,0.031539198057961,0.10698242886561143,nan,nan,nan,nan,nan,nan,nan,nan,nan,nan,nan,nan
3.530000000000001,0.0,15.0,15.0,1.0,0.015526595595878495,0.0328989109820751,0.0996099765931842,nan,nan,nan,nan,nan,nan,nan,nan,nan,nan,nan,nan
3.950000000000003,0.0,15.0,15.0,1.0,0.01550294410329466,0.032544133876394626,0.09968609672068245,nan,nan,nan,nan,nan,nan,nan,nan,nan,nan,nan,nan
4.630000000000003,0.0,15.0,15.0,1.0,0.015350050859574308,0.030250364847800207,0.10019607434394408,nan,nan,nan,nan,nan,nan,nan,nan,nan,nan,nan,nan
5.25,0.0,15.0,15.0,1.0,0.015472073597794048,0.032081064815257854,0.1222258412780521,nan,nan,nan,nan,nan,nan,nan,nan,nan,nan,nan,nan
5.490000000000002,0.0,15.0,15.0,1.0,0.015465613749709006,0.031984165552546996,0.12223905206394325,nan,nan,nan,nan,nan,nan,nan,nan,nan,nan,nan,nan
6.089999999999996,0.0,16.0,16.0,1.0,0.0164652616504282,0.03609267323601507,0.2444466908594247,nan,nan,nan,nan,nan,nan,nan,nan,nan,nan,nan,nan
6.329999999999998,0.0,13.0,13.0,1.0,0.014981152091146293,0.02524517201550951,0.11177619125537129,nan,nan,nan,nan,nan,nan,nan,nan,nan,nan,nan,nan
6.549999999999997,0.0,17.0,17.0,1.0,0.014600600508281929,0.03180445658582919,0.5918494868107774,nan,nan,nan,nan,nan,nan,nan,nan,nan,nan,nan,nan
6.789999999999999,0.0,17.0,17.0,1.0,0.01344988987903341,0.030516875131971415,1.098238202562481,nan,nan,nan,nan,nan,nan,nan,nan,nan,nan,nan,nan
6.990000000000002,0.0,20.0,20.0,1.0,0.012213022901030436,0.02589252278629663,1.018830279098901,nan,nan,nan,nan,nan,nan,nan,nan,nan,nan,nan,nan
7.189999999999998,0.0,20.0,20.0,1.0,0.015462686105043033,0.026853038577784788,1.4594740854136863,nan,nan,nan,nan,nan,nan,nan,nan,nan,nan,nan,nan
7.43,0.0,21.0,21.0,1.0,0.015171083576338798,0.03208292122152454,0.937044201448104,nan,nan,nan,nan,nan,nan,nan,nan,nan,nan,nan,nan
7.649999999999999,0.0,20.0,20.0,1.0,0.013492650621818458,0.03800976593120604,0.8726239458037853,nan,nan,nan,nan,nan,nan,nan,nan,nan,nan,nan,nan
7.850000000000001,0.0,18.0,18.0,1.0,0.013199749892624109,0.035609317512053824,0.4054603264266356,nan,nan,nan,nan,nan,nan,nan,nan,nan,nan,nan,nan
8.089999999999996,0.0,14.0,14.0,1.0,0.01320588395643823,0.031405871173604695,0.7920293325089173,nan,nan,nan,nan,nan,nan,nan,nan,nan,nan,nan,nan
8.329999999999998,0.0,17.0,17.0,1.0,0.011733278249598831,0.03436437229708743,0.6373662003398627,nan,nan,nan,nan,nan,nan,nan,nan,nan,nan,nan,nan
8.530000000000001,0.0,17.0,17.0,1.0,0.011434708799754523,0.027330004673604524,0.26091070101402725,nan,nan,nan,nan,nan,nan,nan,nan,nan,nan,nan,nan
8.75,0.0,15.0,15.0,1.0,0.013351953889717442,0.02675964362950887,0.28371931412986817,nan,nan,nan,nan,nan,nan,nan,nan,nan,nan,nan,nan
8.990000000000002,0.0,18.0,18.0,1.0,0.015354476065192984,0.027644109822746416,0.6085826411432776,nan,nan,nan,nan,nan,nan,nan,nan,nan,nan,nan,nan
9.43,0.0,18.0,18.0,1.0,0.015354476065192984,0.027644109822746416,0.6085826411432776,nan,nan,nan,nan,nan,nan,nan,nan,nan,nan,nan,nan
9.490000000000002,0.0,19.0,19.0,1.0,0.01304784770331466,0.03209331336079406,0.2860063882754135,nan,nan,nan,nan,nan,nan,nan,nan,nan,nan,nan,nan
9.729999999999997,0.0,19.0,19.0,1.0,0.012667298629962338,0.03310757056929367,0.23068253028729796,nan,nan,nan,nan,nan,nan,nan,nan,nan,nan,nan,nan
9.950000000000003,0.0,17.0,17.0,1.0,0.01320622897408335,0.03223664174416415,0.800387310663272,nan,nan,nan,nan,nan,nan,nan,nan,nan,nan,nan,nan
10.189999999999998,0.0,12.0,10.0,0.8333333333333334,0.011184854848544128,0.026577666485939778,0.33304666717955594,nan,nan,nan,nan,nan,nan,nan,nan,nan,nan,nan,nan
10.43,0.0,14.0,12.0,0.8571428571428571,0.013786254568150145,0.028179005287306765,0.41295670776315285,nan,nan,nan,nan,nan,nan,nan,nan,nan,nan,nan,nan
11.049999999999997,0.0,13.0,13.0,1.0,0.009476457243418102,0.023193930814783194,0.11479852825326105,nan,nan,nan,nan,nan,nan,nan,nan,nan,nan,nan,nan
11.29,0.0,12.0,11.0,0.9166666666666666,0.008916542315132973,0.01936034691682439,0.13625603719370538,nan,nan,nan,nan,nan,nan,nan,nan,nan,nan,nan,nan
11.530000000000001,0.0,17.0,17.0,1.0,0.007119993375626716,0.016994312645311493,0.2808622448182099,nan,nan,nan,nan,nan,nan,nan,nan,nan,nan,nan,nan
11.75,0.0,19.0,19.0,1.0,0.011402065296149674,0.028628099661297295,1.394984627093077,nan,nan,nan,nan,nan,nan,nan,nan,nan,nan,nan,nan
11.990000000000002,0.0,18.0,18.0,1.0,0.01658169252935782,0.032735258421808695,1.029014234198104,nan,nan,nan,nan,nan,nan,nan,nan,nan,nan,nan,nan
12.229999999999997,0.0,20.0,20.0,1.0,0.014945088150261996,0.03639456322858842,0.48522112285014357,nan,nan,nan,nan,nan,nan,nan,nan,nan,nan,nan,nan
12.43,0.0,19.0,19.0,1.0,0.011506999487293841,0.03993289166818294,0.4497753959514479,nan,nan,nan,nan,nan,nan,nan,nan,nan,nan,nan,nan
12.649999999999999,0.0,17.0,17.0,1.0,0.012598392045052375,0.03417202205367625,0.16330925083565384,nan,nan,nan,nan,nan,nan,nan,nan,nan,nan,nan,nan
12.89,0.0,19.0,19.0,1.0,0.013550473633299942,0.029312299386062744,0.7051491937720946,nan,nan,nan,nan,nan,nan,nan,nan,nan,nan,nan,nan
13.130000000000003,0.0,16.0,16.0,1.0,0.010750014930838065,0.03117783557184552,1.101497864911092,nan,nan,nan,nan,nan,nan,nan,nan,nan,nan,nan,nan
13.350000000000001,0.0,15.0,15.0,1.0,0.011364754383234792,0.02494349469126674,0.5509351658705248,nan,nan,nan,nan,nan,nan,nan,nan,nan,nan,nan,nan
13.589999999999996,0.0,18.0,18.0,1.0,0.013076690596012568,0.031330604532977195,0.09302325169695126,nan,nan,nan,nan,nan,nan,nan,nan,nan,nan,nan,nan
13.79,0.0,17.0,17.0,1.0,0.012301977456625571,0.03630344722410208,0.3704453873692617,nan,nan,nan,nan,nan,nan,nan,nan,nan,nan,nan,nan
13.990000000000002,0.0,17.0,17.0,1.0,0.012523568509042323,0.03856075486772365,0.7139393175834136,nan,nan,nan,nan,nan,nan,nan,nan,nan,nan,nan,nan
14.229999999999997,0.0,20.0,20.0,1.0,0.014157559984605161,0.03403553356615294,0.6943408571153972,nan,nan,nan,nan,nan,nan,nan,nan,nan,nan,nan,nan
14.450000000000003,0.0,16.0,16.0,1.0,0.013018464938817271,0.02853679929125476,0.3894167799769661,nan,nan,nan,nan,nan,nan,nan,nan,nan,nan,nan,nan
14.689999999999998,0.0,19.0,19.0,1.0,0.011615454869569044,0.02452142058624041,0.32560694773685894,nan,nan,nan,nan,nan,nan,nan,nan,nan,nan,nan,nan
14.89,0.0,17.0,17.0,1.0,0.008593167189791837,0.022297591386711862,0.46608852856362776,nan,nan,nan,nan,nan,nan,nan,nan,nan,nan,nan,nan
15.130000000000003,0.0,14.0,12.0,0.8571428571428571,0.011214459346431468,0.02864330331009484,0.1558352066802739,nan,nan,nan,nan,nan,nan,nan,nan,nan,nan,nan,nan
15.350000000000001,0.0,14.0,12.0,0.8571428571428571,0.011029339326892137,0.025446420255705697,0.4432424809671282,nan,nan,nan,nan,nan,nan,nan,nan,nan,nan,nan,nan
15.829999999999998,0.0,14.0,14.0,1.0,0.011863015430372496,0.03339247056731957,0.3158318601569069,nan,nan,nan,nan,nan,nan,nan,nan,nan,nan,nan,nan
16.049999999999997,0.0,14.0,14.0,1.0,0.013406346754653024,0.031158415378868088,0.35748829754978845,nan,nan,nan,nan,nan,nan,nan,nan,nan,nan,nan,nan
16.29,0.0,12.0,11.0,0.9166666666666666,0.008822569477014887,0.021408745217250884,0.38154678445221746,nan,nan,nan,nan,nan,nan,nan,nan,nan,nan,nan,nan
16.53,0.0,17.0,17.0,1.0,0.012260029580725992,0.03631691868703585,0.376549909675729,nan,nan,nan,nan,nan,nan,nan,nan,nan,nan,nan,nan
16.75,0.0,19.0,19.0,1.0,0.014162128629626406,0.02797187210841073,0.7783094142125562,nan,nan,nan,nan,nan,nan,nan,nan,nan,nan,nan,nan
16.990000000000002,0.0,19.0,19.0,1.0,0.014756259437048277,0.0343691631418134,0.6758186062387919,nan,nan,nan,nan,nan,nan,nan,nan,nan,nan,nan,nan
17.189999999999998,0.0,18.0,18.0,1.0,0.0112592965471481,0.0308156945634364,0.5864827804294035,nan,nan,nan,nan,nan,nan,nan,nan,nan,nan,nan,nan
17.43,0.0,20.0,20.0,1.0,0.012311645575159616,0.03329627098163064,0.4121558994201842,nan,nan,nan,nan,nan,nan,nan,nan,nan,nan,nan,nan
17.65,0.0,17.0,17.0,1.0,0.012756150300743323,0.03104927122869877,0.37191711468330824,nan,nan,nan,nan,nan,nan,nan,nan,nan,nan,nan,nan
17.85,0.0,18.0,18.0,1.0,0.011342433757311053,0.03764147808955307,0.35350931068408425,nan,nan,nan,nan,nan,nan,nan,nan,nan,nan,nan,nan
18.089999999999996,0.0,18.0,18.0,1.0,0.015557477836232058,0.03746408049855688,1.1886831676805478,nan,nan,nan,nan,nan,nan,nan,nan,nan,nan,nan,nan
18.29,0.0,14.0,14.0,1.0,0.01910367862577949,0.034910413285499715,0.8552527105854668,nan,nan,nan,nan,nan,nan,nan,nan,nan,nan,nan,nan
18.53,0.0,19.0,19.0,1.0,0.017546805302751663,0.03943126532738605,0.7281178103582581,nan,nan,nan,nan,nan,nan,nan,nan,nan,nan,nan,nan
18.75,0.0,16.0,16.0,1.0,0.012430420570313686,0.031573596806751245,0.380556422767397,nan,nan,nan,nan,nan,nan,nan,nan,nan,nan,nan,nan
18.990000000000002,0.0,22.0,22.0,1.0,0.014850069258240917,0.03773900042497459,0.7931815558517178,nan,nan,nan,nan,nan,nan,nan,nan,nan,nan,nan,nan
19.21,0.0,14.0,14.0,1.0,0.013896200947087873,0.0310193215304045,1.4370449740348734,nan,nan,nan,nan,nan,nan,nan,nan,nan,nan,nan,nan
19.450000000000003,0.0,14.0,14.0,1.0,0.007160650958809139,0.018291851348686643,0.3096790386711298,nan,nan,nan,nan,nan,nan,nan,nan,nan,nan,nan,nan
19.689999999999998,0.0,16.0,16.0,1.0,0.009621596923951987,0.023138946201678133,0.29957911827962386,nan,nan,nan,nan,nan,nan,nan,nan,nan,nan,nan,nan
19.93,0.0,17.0,17.0,1.0,0.012044930789999918,0.031745696997532366,0.16156031335897258,nan,nan,nan,nan,nan,nan,nan,nan,nan,nan,nan,nan
20.17,0.0,20.0,20.0,1.0,0.01433337699511732,0.037212527059618854,1.6446272832435231,nan,nan,nan,nan,nan,nan,nan,nan,nan,nan,nan,nan
20.35,0.0,17.0,17.0,1.0,0.013323922104315496,0.03946730858041067,0.8274925765471579,nan,nan,nan,nan,nan,nan,nan,nan,nan,nan,nan,nan
20.549999999999997,0.0,17.0,17.0,1.0,0.014442590162461516,0.034216082148153595,1.673328671720229,nan,nan,nan,nan,nan,nan,nan,nan,nan,nan,nan,nan
20.990000000000002,0.0,19.0,19.0,1.0,0.014141445503728142,0.037051481847694245,0.8006319827660431,nan,nan,nan,nan,nan,nan,nan,nan,nan,nan,nan,nan
21.229999999999997,0.0,13.0,13.0,1.0,0.010873110190625097,0.022788488186932562,1.7225925693612332,nan,nan,nan,nan,nan,nan,nan,nan,nan,nan,nan,nan
21.450000000000003,0.0,22.0,22.0,1.0,0.01592636581127414,0.03249579425955848,1.9146932716060039,nan,nan,nan,nan,nan,nan,nan,nan,nan,nan,nan,nan
21.689999999999998,0.0,22.0,22.0,1.0,0.017363707172539024,0.033191283949457584,1.873939027116541,nan,nan,nan,nan,nan,nan,nan,nan,nan,nan,nan,nan
21.93,0.0,24.0,24.0,1.0,0.015487257442694566,0.03955552861326015,1.6058804874917243,nan,nan,nan,nan,nan,nan,nan,nan,nan,nan,nan,nan
22.15,0.0,23.0,23.0,1.0,0.013728842969306333,0.036002340517804564,1.5313990532495674,nan,nan,nan,nan,nan,nan,nan,nan,nan,nan,nan,nan
22.39,0.0,23.0,23.0,1.0,0.014743376467330885,0.03270812955288704,1.227518150630215,nan,nan,nan,nan,nan,nan,nan,nan,nan,nan,nan,nan
22.630000000000003,0.0,22.0,22.0,1.0,0.013890372619900516,0.02447616080326491,1.4372229952036162,nan,nan,nan,nan,nan,nan,nan,nan,nan,nan,nan,nan
22.85,0.0,16.0,16.0,1.0,0.013351843524210899,0.030566101440598938,1.220732722051788,nan,nan,nan,nan,nan,nan,nan,nan,nan,nan,nan,nan
23.089999999999996,0.0,19.0,19.0,1.0,0.013825623557724426,0.02897749536395561,1.6482510173348675,nan,nan,nan,nan,nan,nan,nan,nan,nan,nan,nan,nan
23.29,0.0,29.0,29.0,1.0,0.012666763998102114,0.03746968559038132,1.2096838003340513,nan,nan,nan,nan,nan,nan,nan,nan,nan,nan,nan,nan
23.490000000000002,0.0,30.0,30.0,1.0,0.012998917776269105,0.037830349841886594,1.1322885546486394,nan,nan,nan,nan,nan,nan,nan,nan,nan,nan,nan,nan
23.689999999999998,0.0,30.0,30.0,1.0,0.013576288212225897,0.03542163959494057,0.9960171912319745,nan,nan,nan,nan,nan,nan,nan,nan,nan,nan,nan,nan
23.93,0.0,28.0,28.0,1.0,0.01593807202896506,0.030530938204213,0.9688667031136999,nan,nan,nan,nan,nan,nan,nan,nan,nan,nan,nan,nan
24.130000000000003,0.0,32.0,32.0,1.0,0.016276024577705134,0.03530236963085778,1.0060093304976945,nan,nan,nan,nan,nan,nan,nan,nan,nan,nan,nan,nan
24.35,0.0,30.0,30.0,1.0,0.014244654924739452,0.03829344152036604,1.254283029607011,nan,nan,nan,nan,nan,nan,nan,nan,nan,nan,nan,nan
24.589999999999996,0.0,33.0,33.0,1.0,0.014463755759895868,0.034244898808716215,1.101024570549394,nan,nan,nan,nan,nan,nan,nan,nan,nan,nan,nan,nan
24.79,0.0,30.0,30.0,1.0,0.015259320333576453,0.03209324039829169,1.4676235166489584,nan,nan,nan,nan,nan,nan,nan,nan,nan,nan,nan,nan
24.990000000000002,0.0,34.0,34.0,1.0,0.01323186614433806,0.03664674614487407,1.0007901183045615,nan,nan,nan,nan,nan,nan,nan,nan,nan,nan,nan,nan
25.229999999999997,0.0,29.0,29.0,1.0,0.014841634920548833,0.03942409633655224,1.1123955569232549,nan,nan,nan,nan,nan,nan,nan,nan,nan,nan,nan,nan
25.490000000000002,0.0,29.0,29.0,1.0,0.015372675511586635,0.035875831017635064,0.9924225740631852,nan,nan,nan,nan,nan,nan,nan,nan,nan,nan,nan,nan
25.93,0.0,29.0,29.0,1.0,0.015372675511586635,0.035875831017635064,0.9924225740631852,nan,nan,nan,nan,nan,nan,nan,nan,nan,nan,nan,nan
26.03,0.0,30.0,30.0,1.0,0.01617194666327608,0.039587541590587,1.4015794807745379,nan,nan,nan,nan,nan,nan,nan,nan,nan,nan,nan,nan
26.25,0.0,34.0,34.0,1.0,0.01575617847989411,0.03480616095133724,1.098608823169779,nan,nan,nan,nan,nan,nan,nan,nan,nan,nan,nan,nan
26.490000000000002,0.0,36.0,36.0,1.0,0.018484139965350768,0.030713202132216663,0.9352457616164859,nan,nan,nan,nan,nan,nan,nan,nan,nan,nan,nan,nan
26.729999999999997,0.0,33.0,33.0,1.0,0.013036190390421242,0.037317441515582056,1.0979353012101938,nan,nan,nan,nan,nan,nan,nan,nan,nan,nan,nan,nan
26.93,0.0,35.0,35.0,1.0,0.014001915989562413,0.038643062144102444,0.8890466535364875,nan,nan,nan,nan,nan,nan,nan,nan,nan,nan,nan,nan
27.130000000000003,0.0,37.0,37.0,1.0,0.014487263607644489,0.03434848557080826,1.176662316319409,nan,nan,nan,nan,nan,nan,nan,nan,nan,nan,nan,nan
27.35,0.0,38.0,38.0,1.0,0.014879806433234255,0.03151447887776622,0.9471780921474128,nan,nan,nan,nan,nan,nan,nan,nan,nan,nan,nan,nan
27.589999999999996,0.0,33.0,33.0,1.0,0.01298089292843447,0.03823741813377478,1.0801952958473373,nan,nan,nan,nan,nan,nan,nan,nan,nan,nan,nan,nan
27.83,0.0,33.0,33.0,1.0,0.01334307160552153,0.03629371211446933,0.9953664995719281,nan,nan,nan,nan,nan,nan,nan,nan,nan,nan,nan,nan
28.049999999999997,0.0,32.0,32.0,1.0,0.015713831153630023,0.032155721197364776,0.9122295873831344,nan,nan,nan,nan,nan,nan,nan,nan,nan,nan,nan,nan
28.29,0.0,35.0,35.0,1.0,0.015890984996977536,0.0354131142933826,0.9478331927834015,nan,nan,nan,nan,nan,nan,nan,nan,nan,nan,nan,nan
28.53,0.0,36.0,36.0,1.0,0.015617105660059897,0.039611222436723895,1.0230193437415542,nan,nan,nan,nan,nan,nan,nan,nan,nan,nan,nan,nan
28.75,0.0,34.0,34.0,1.0,0.01760078688749254,0.03308811103723797,0.9304921401874408,nan,nan,nan,nan,nan,nan,nan,nan,nan,nan,nan,nan
28.990000000000002,0.0,42.0,40.0,0.9523809523809523,0.01705229451940811,0.032490136960544626,1.0180133617196137,nan,nan,nan,nan,nan,nan,nan,nan,nan,nan,nan,nan
29.229999999999997,0.0,39.0,37.0,0.9487179487179487,0.015403084924361158,0.03931360812537147,0.7904733395049099,nan,nan,nan,nan,nan,nan,nan,nan,nan,nan,nan,nan
29.450000000000003,0.0,40.0,38.0,0.95,0.016679967504930154,0.03558988066976756,0.668046652369664,nan,nan,nan,nan,nan,nan,nan,nan,nan,nan,nan,nan
29.689999999999998,0.0,37.0,35.0,0.9459459459459459,0.01803369462303247,0.03243806593108982,1.1153372783957487,nan,nan,nan,nan,nan,nan,nan,nan,nan,nan,nan,nan
29.93,0.0,39.0,37.0,0.9487179487179487,0.01503761921048576,0.03818136374210287,1.2377550978578742,nan,nan,nan,nan,nan,nan,nan,nan,nan,nan,nan,nan
30.15,0.0,40.0,38.0,0.95,0.017153552234205234,0.036896738634620035,0.7854276178730445,nan,nan,nan,nan,nan,nan,nan,nan,nan,nan,nan,nan
30.39,0.0,41.0,37.0,0.9024390243902439,0.016935336135721995,0.030426920034686084,0.6918013760678416,nan,nan,nan,nan,nan,nan,nan,nan,nan,nan,nan,nan
30.630000000000003,0.0,42.0,38.0,0.9047619047619048,0.014094736766713167,0.02475575952133018,0.7273209046829778,nan,nan,nan,nan,nan,nan,nan,nan,nan,nan,nan,nan
30.83,0.0,41.0,37.0,0.9024390243902439,0.012558915960405372,0.023269641130522493,0.7420771098517657,nan,nan,nan,nan,nan,nan,nan,nan,nan,nan,nan,nan
31.050000000000004,0.0,43.0,39.0,0.9069767441860465,0.01237532920969845,0.026637546178159107,0.7078066142650575,nan,nan,nan,nan,nan,nan,nan,nan,nan,nan,nan,nan
31.249999999999993,0.0,44.0,40.0,0.9090909090909091,0.01440155449853312,0.03188815293289402,0.6536285033004412,nan,nan,nan,nan,nan,nan,nan,nan,nan,nan,nan,nan
31.490000000000002,0.0,41.0,41.0,1.0,0.01355894930137382,0.037513516974308,0.684768700421939,nan,nan,nan,nan,nan,nan,nan,nan,nan,nan,nan,nan
31.729999999999997,0.0,41.0,41.0,1.0,0.014708483693045291,0.03525312039265799,0.6766487086952946,nan,nan,nan,nan,nan,nan,nan,nan,nan,nan,nan,nan
31.970000000000006,0.0,44.0,40.0,0.9090909090909091,0.01866641797738785,0.031103663839460224,0.8207730598452794,nan,nan,nan,nan,nan,nan,nan,nan,nan,nan,nan,nan
32.190000000000005,0.0,45.0,40.0,0.8888888888888888,0.015467147138278316,0.03687455338801669,0.6746133959675322,nan,nan,nan,nan,nan,nan,nan,nan,nan,nan,nan,nan
32.43,0.0,41.0,36.0,0.8780487804878049,0.015124221270342603,0.03880699716801371,0.8139284249282901,nan,nan,nan,nan,nan,nan,nan,nan,nan,nan,nan,nan
32.65,0.0,45.0,40.0,0.8888888888888888,0.015648508001116286,0.03059121103478998,0.7851884071136686,nan,nan,nan,nan,nan,nan,nan,nan,nan,nan,nan,nan
32.88999999999999,0.0,44.0,39.0,0.8863636363636364,0.01465823160111877,0.03672014605730504,0.6573713334746522,nan,nan,nan,nan,nan,nan,nan,nan,nan,nan,nan,nan
33.13,0.0,49.0,44.0,0.8979591836734694,0.013516454597332011,0.03761336410269415,0.5790372763269076,nan,nan,nan,nan,nan,nan,nan,nan,nan,nan,nan,nan
33.35,0.0,44.0,38.0,0.8636363636363636,0.01613234178998675,0.028277796701057196,0.6819120341808333,nan,nan,nan,nan,nan,nan,nan,nan,nan,nan,nan,nan
33.589999999999996,0.0,45.0,37.0,0.8222222222222222,0.015529997531461583,0.03382046924654044,1.1370679100420287,nan,nan,nan,nan,nan,nan,nan,nan,nan,nan,nan,nan
33.79,0.0,45.0,37.0,0.8222222222222222,0.014416419143747295,0.03898672209516293,0.7091741285000446,nan,nan,nan,nan,nan,nan,nan,nan,nan,nan,nan,nan
34.029999999999994,0.0,48.0,36.0,0.75,0.015531904394301512,0.03710276695404403,0.9298472699496972,nan,nan,nan,nan,nan,nan,nan,nan,nan,nan,nan,nan
34.24999999999999,0.0,49.0,38.0,0.7755102040816326,0.0176379906170982,0.030845285653168603,1.886692303523416,nan,nan,nan,nan,nan,nan,nan,nan,nan,nan,nan,nan
34.49,0.0,52.0,42.0,0.8076923076923077,0.02711126032696929,0.06377377536959446,4.934266500937553,nan,nan,nan,nan,nan,nan,nan,nan,nan,nan,nan,nan
34.73,0.0,52.0,42.0,0.8076923076923077,0.02488570779020978,0.05242846116044855,5.698294692896214,nan,nan,nan,nan,nan,nan,nan,nan,nan,nan,nan,nan
34.949999999999996,0.0,53.0,43.0,0.8113207547169812,0.02591504342511278,0.051635937705570234,6.126301405964344,nan,nan,nan,nan,nan,nan,nan,nan,nan,nan,nan,nan
35.190000000000005,0.0,54.0,44.0,0.8148148148148148,0.02738308193693058,0.05273783506132333,6.356400651122881,nan,nan,nan,nan,nan,nan,nan,nan,nan,nan,nan,nan
35.43,0.0,54.0,45.0,0.8333333333333334,0.02921731117110116,0.07095128114817667,6.917484300112877,nan,nan,nan,nan,nan,nan,nan,nan,nan,nan,nan,nan
35.65,0.0,50.0,39.0,0.78,0.023675534084045085,0.10912852624095866,3.2912018330893273,nan,nan,nan,nan,nan,nan,nan,nan,nan,nan,nan,nan
35.88999999999999,0.0,45.0,32.0,0.7111111111111111,0.014016377494086752,0.03266565970738545,0.8827277259785835,nan,nan,nan,nan,nan,nan,nan,nan,nan,nan,nan,nan
36.13,0.0,53.0,42.0,0.7924528301886793,0.028471060764603352,0.12580138241109629,3.896763980532828,nan,nan,nan,nan,nan,nan,nan,nan,nan,nan,nan,nan
36.35,0.0,52.0,46.0,0.8846153846153846,0.024034825101829815,0.14371774053940345,2.1728122418052562,nan,nan,nan,nan,nan,nan,nan,nan,nan,nan,nan,nan
36.589999999999996,0.0,50.0,42.0,0.84,0.01739157528882989,0.03326024061361955,0.7808855854529181,nan,nan,nan,nan,nan,nan,nan,nan,nan,nan,nan,nan
36.79,0.0,47.0,34.0,0.723404255319149,0.017654942606986187,0.03100041366811455,0.7317330136164729,nan,nan,nan,nan,nan,nan,nan,nan,nan,nan,nan,nan
36.99,0.0,50.0,36.0,0.72,0.016399054367233313,0.036965890132047624,0.702050780937785,nan,nan,nan,nan,nan,nan,nan,nan,nan,nan,nan,nan
37.190000000000005,0.0,52.0,40.0,0.7692307692307693,0.015743604460337134,0.038727613434365905,0.7889053022190814,nan,nan,nan,nan,nan,nan,nan,nan,nan,nan,nan,nan
37.43,0.0,53.0,39.0,0.7358490566037735,0.015615066845904359,0.031876093318403506,0.8520334783602478,nan,nan,nan,nan,nan,nan,nan,nan,nan,nan,nan,nan
37.690000000000005,0.0,47.0,33.0,0.7021276595744681,0.013967955326081354,0.037510399425312965,0.8952643518567933,nan,nan,nan,nan,nan,nan,nan,nan,nan,nan,nan,nan
37.88999999999999,0.0,54.0,42.0,0.7777777777777778,0.029866880664472857,0.09908978998789707,7.31729910547535,nan,nan,nan,nan,nan,nan,nan,nan,nan,nan,nan,nan
38.13,0.0,57.0,46.0,0.8070175438596491,0.03402486561673258,0.08590277059716557,8.309972720821477,nan,nan,nan,nan,nan,nan,nan,nan,nan,nan,nan,nan
38.35,0.0,60.0,48.0,0.8,0.04304476237431624,0.1009688841325928,8.74975532544173,nan,nan,nan,nan,nan,nan,nan,nan,nan,nan,nan,nan
38.63,0.0,47.0,31.0,0.6595744680851063,0.06657743892231406,0.13825900491305154,7.151038938712051,nan,nan,nan,nan,nan,nan,nan,nan,nan,nan,nan,nan
38.85,0.0,45.0,33.0,0.7333333333333333,0.07472155992801557,0.11315993590539966,7.3760284597591825,nan,nan,nan,nan,nan,nan,nan,nan,nan,nan,nan,nan
39.089999999999996,0.0,47.0,31.0,0.6595744680851063,0.07494634350213382,0.12022131215558907,6.40977309243304,nan,nan,nan,nan,nan,nan,nan,nan,nan,nan,nan,nan
39.330000000000005,0.0,51.0,36.0,0.7058823529411765,0.11474528230502828,0.16296324813835336,6.811426132281961,nan,nan,nan,nan,nan,nan,nan,nan,nan,nan,nan,nan
39.589999999999996,0.0,55.0,39.0,0.7090909090909091,0.12359328589158053,0.17531400870599323,7.1116524100072755,nan,nan,nan,nan,nan,nan,nan,nan,nan,nan,nan,nan
39.79,0.0,55.0,43.0,0.7818181818181819,0.1262628389498326,0.182351611050624,7.706618848475597,nan,nan,nan,nan,nan,nan,nan,nan,nan,nan,nan,nan
40.029999999999994,0.0,55.0,41.0,0.7454545454545455,0.13565492613691854,0.18860711104309943,6.3949544548367,nan,nan,nan,nan,nan,nan,nan,nan,nan,nan,nan,nan
40.24999999999999,0.0,53.0,45.0,0.8490566037735849,0.14704158903302814,0.2492257404732945,6.992522236267096,nan,nan,nan,nan,nan,nan,nan,nan,nan,nan,nan,nan
40.49,0.0,69.0,59.0,0.855072463768116,0.15396012324700345,0.25417909806238126,7.399325801003927,nan,nan,nan,nan,nan,nan,nan,nan,nan,nan,nan,nan
40.73,0.0,61.0,45.0,0.7377049180327869,0.15745999998151025,0.24389358488977783,9.312093632626553,nan,nan,nan,nan,nan,nan,nan,nan,nan,nan,nan,nan
40.949999999999996,0.0,61.0,45.0,0.7377049180327869,0.16008473605857046,0.2297809911503645,9.558534377977015,nan,nan,nan,nan,nan,nan,nan,nan,nan,nan,nan,nan
41.190000000000005,0.0,63.0,50.0,0.7936507936507936,0.08085982793160477,0.22591779060357306,7.434897773400911,nan,nan,nan,nan,nan,nan,nan,nan,nan,nan,nan,nan
41.449999999999996,0.0,66.0,54.0,0.8181818181818182,0.07787765780867825,0.23311598603258435,7.450827338080243,nan,nan,nan,nan,nan,nan,nan,nan,nan,nan,nan,nan
41.690000000000005,0.0,74.0,60.0,0.8108108108108109,0.0837808295170932,0.19079860084867573,7.2286663063302985,nan,nan,nan,nan,nan,nan,nan,nan,nan,nan,nan,nan
41.93,0.0,66.0,51.0,0.7727272727272727,0.103404349594081,0.20084470593629075,5.646043722607528,nan,nan,nan,nan,nan,nan,nan,nan,nan,nan,nan,nan
42.190000000000005,0.0,74.0,52.0,0.7027027027027027,0.1174376545604998,0.22080258579712783,9.326548917389262,nan,nan,nan,nan,nan,nan,nan,nan,nan,nan,nan,nan
42.43,0.0,63.0,46.0,0.7301587301587301,0.13793758090429994,0.21798616466761753,7.212642478256595,nan,nan,nan,nan,nan,nan,nan,nan,nan,nan,nan,nan
42.65,0.0,63.0,46.0,0.7301587301587301,0.15347801938038308,0.22347520886761488,7.62086495978659,nan,nan,nan,nan,nan,nan,nan,nan,nan,nan,nan,nan
42.88999999999999,0.0,63.0,47.0,0.746031746031746,0.16013137392556784,0.250145802698675,6.304082090690904,nan,nan,nan,nan,nan,nan,nan,nan,nan,nan,nan,nan
43.13,0.0,58.0,43.0,0.7413793103448276,0.17213721556183004,0.2621541600566833,7.0743011473276445,nan,nan,nan,nan,nan,nan,nan,nan,nan,nan,nan,nan
43.35,0.0,68.0,54.0,0.7941176470588235,0.18423320394756912,0.32588705574576776,9.679334596777268,nan,nan,nan,nan,nan,nan,nan,nan,nan,nan,nan,nan
43.589999999999996,0.0,60.0,40.0,0.6666666666666666,0.18017924820808945,0.27218228856657345,9.900664635703597,nan,nan,nan,nan,nan,nan,nan,nan,nan,nan,nan,nan
43.830000000000005,0.0,55.0,48.0,0.8727272727272727,0.1567363642998606,0.298831198113559,11.280879963576927,nan,nan,nan,nan,nan,nan,nan,nan,nan,nan,nan,nan
44.050000000000004,0.0,57.0,51.0,0.8947368421052632,0.1528809613731805,0.2981871263844522,7.694502302950371,nan,nan,nan,nan,nan,nan,nan,nan,nan,nan,nan,nan
44.29,0.0,67.0,61.0,0.9104477611940298,0.1554511920294967,0.30350479548399417,8.374327523093575,nan,nan,nan,nan,nan,nan,nan,nan,nan,nan,nan,nan
44.49,0.0,58.0,49.0,0.8448275862068966,0.15506347381372934,0.3100476454160144,8.768785508745527,nan,nan,nan,nan,nan,nan,nan,nan,nan,nan,nan,nan
44.73,0.0,49.0,40.0,0.8163265306122449,0.15312233815827353,0.2524736227182008,7.248453152722716,nan,nan,nan,nan,nan,nan,nan,nan,nan,nan,nan,nan
44.949999999999996,0.0,49.0,36.0,0.7346938775510204,0.15222420062609598,0.2585667144048908,8.849536695065796,nan,nan,nan,nan,nan,nan,nan,nan,nan,nan,nan,nan
45.190000000000005,0.0,53.0,40.0,0.7547169811320755,0.16024748268020536,0.2284496714632568,7.066052155602833,nan,nan,nan,nan,nan,nan,nan,nan,nan,nan,nan,nan
45.43,0.0,51.0,42.0,0.8235294117647058,0.16285875399051908,0.21590814125061458,7.789212991486998,nan,nan,nan,nan,nan,nan,nan,nan,nan,nan,nan,nan
45.65,0.0,54.0,41.0,0.7592592592592593,0.16465879305078815,0.21979548263711488,7.252941214477567,nan,nan,nan,nan,nan,nan,nan,nan,nan,nan,nan,nan
45.88999999999999,0.0,59.0,52.0,0.8813559322033898,0.1262617810821941,0.25453818912165876,6.855086476345925,nan,nan,nan,nan,nan,nan,nan,nan,nan,nan,nan,nan
46.15,0.0,67.0,58.0,0.8656716417910447,0.1522220633347336,0.3041646386588598,8.839680679049074,nan,nan,nan,nan,nan,nan,nan,nan,nan,nan,nan,nan
46.38999999999999,0.0,73.0,63.0,0.863013698630137,0.14517899826263167,0.30583734756999575,8.912895700152381,nan,nan,nan,nan,nan,nan,nan,nan,nan,nan,nan,nan
46.589999999999996,0.0,72.0,64.0,0.8888888888888888,0.14355769530093446,0.3112173005687363,8.791728775249597,nan,nan,nan,nan,nan,nan,nan,nan,nan,nan,nan,nan
46.830000000000005,0.0,64.0,58.0,0.90625,0.14706178062852152,0.3185026878781373,7.507293335072992,nan,nan,nan,nan,nan,nan,nan,nan,nan,nan,nan,nan
47.050000000000004,0.0,58.0,43.0,0.7413793103448276,0.12709783250369688,0.21952929236375285,7.569278922501357,nan,nan,nan,nan,nan,nan,nan,nan,nan,nan,nan,nan
47.24999999999999,0.0,54.0,38.0,0.7037037037037037,0.13075732901685666,0.22327617358981916,9.848311175954379,nan,nan,nan,nan,nan,nan,nan,nan,nan,nan,nan,nan
47.529999999999994,0.0,47.0,36.0,0.7659574468085106,0.1665957494373533,0.24666782097923415,7.474017292554412,nan,nan,nan,nan,nan,nan,nan,nan,nan,nan,nan,nan
47.74999999999999,0.0,50.0,38.0,0.76,0.18065703399272262,0.25975557238495145,6.926460848383847,nan,nan,nan,nan,nan,nan,nan,nan,nan,nan,nan,nan
47.99,0.0,57.0,43.0,0.7543859649122807,0.190126773187158,0.2777078839389141,7.468287204682666,nan,nan,nan,nan,nan,nan,nan,nan,nan,nan,nan,nan
48.23,0.0,71.0,44.0,0.6197183098591549,0.19591045368843343,0.2894805931739918,6.8935438063183465,nan,nan,nan,nan,nan,nan,nan,nan,nan,nan,nan,nan
48.449999999999996,0.0,79.0,65.0,0.8227848101265823,0.18574606184462777,0.34723754516323374,8.884969624587175,nan,nan,nan,nan,nan,nan,nan,nan,nan,nan,nan,nan
48.690000000000005,0.0,71.0,62.0,0.8732394366197183,0.18062638964068387,0.3473171032182018,7.481607052488498,nan,nan,nan,nan,nan,nan,nan,nan,nan,nan,nan,nan
48.949999999999996,0.0,66.0,53.0,0.803030303030303,0.17089701836374582,0.3149432272181934,9.86604671075524,nan,nan,nan,nan,nan,nan,nan,nan,nan,nan,nan,nan
49.190000000000005,0.0,59.0,48.0,0.8135593220338984,0.16089738282934765,0.3289169618887915,8.632557545521797,nan,nan,nan,nan,nan,nan,nan,nan,nan,nan,nan,nan
49.43,0.0,58.0,49.0,0.8448275862068966,0.18586929613121772,0.33641774812970743,7.803479524632753,nan,nan,nan,nan,nan,nan,nan,nan,nan,nan,nan,nan
49.690000000000005,0.0,56.0,44.0,0.7857142857142857,0.18966603295242426,0.3480449939019592,8.703012888060378,nan,nan,nan,nan,nan,nan,nan,nan,nan,nan,nan,nan
49.88999999999999,0.0,62.0,43.0,0.6935483870967742,0.17350630742119097,0.27029424808523345,6.940066115869943,nan,nan,nan,nan,nan,nan,nan,nan,nan,nan,nan,nan
50.13,0.0,56.0,36.0,0.6428571428571429,0.1898751146441561,0.29685481872239794,7.672364330083003,nan,nan,nan,nan,nan,nan,nan,nan,nan,nan,nan,nan
50.35,0.0,52.0,41.0,0.7884615384615384,0.18631712131485895,0.2817974824258841,9.910965272695744,nan,nan,nan,nan,nan,nan,nan,nan,nan,nan,nan,nan
50.550000000000004,0.0,57.0,48.0,0.8421052631578947,0.16453233686370586,0.30138750844401213,6.802943063755872,nan,nan,nan,nan,nan,nan,nan,nan,nan,nan,nan,nan
50.79,0.0,69.0,63.0,0.9130434782608695,0.16989765138061047,0.3072330879305054,7.515997886857497,nan,nan,nan,nan,nan,nan,nan,nan,nan,nan,nan,nan
51.029999999999994,0.0,63.0,57.0,0.9047619047619048,0.17341514949087897,0.3098384782205911,7.694350489170124,nan,nan,nan,nan,nan,nan,nan,nan,nan,nan,nan,nan
51.29,0.0,69.0,62.0,0.8985507246376812,0.18623388855878872,0.34100652300638107,9.454834291532846,nan,nan,nan,nan,nan,nan,nan,nan,nan,nan,nan,nan
51.529999999999994,0.0,57.0,52.0,0.9122807017543859,0.18454477224462734,0.3311226814579202,8.471949756652043,nan,nan,nan,nan,nan,nan,nan,nan,nan,nan,nan,nan
51.74999999999999,0.0,58.0,51.0,0.8793103448275862,0.20619796253078593,0.30528663993625194,7.132712122080461,nan,nan,nan,nan,nan,nan,nan,nan,nan,nan,nan,nan
51.99,0.0,58.0,42.0,0.7241379310344828,0.19610212835076485,0.267288344946069,7.932162359392308,nan,nan,nan,nan,nan,nan,nan,nan,nan,nan,nan,nan
52.24999999999999,0.0,57.0,39.0,0.6842105263157895,0.19963714117890696,0.27147574521336076,9.54005636532421,nan,nan,nan,nan,nan,nan,nan,nan,nan,nan,nan,nan
52.49,0.0,68.0,49.0,0.7205882352941176,0.17752605547126768,0.3064859288811888,8.100015300694546,nan,nan,nan,nan,nan,nan,nan,nan,nan,nan,nan,nan
52.73,0.0,60.0,47.0,0.7833333333333333,0.1914539216344931,0.30783427862740337,8.322419471657549,nan,nan,nan,nan,nan,nan,nan,nan,nan,nan,nan,nan
52.949999999999996,0.0,69.0,59.0,0.855072463768116,0.18463835287518357,0.3285106227916739,8.944220457064928,nan,nan,nan,nan,nan,nan,nan,nan,nan,nan,nan,nan
53.190000000000005,0.0,71.0,59.0,0.8309859154929577,0.1909421964249853,0.3393466294463317,8.138943744655622,nan,nan,nan,nan,nan,nan,nan,nan,nan,nan,nan,nan
53.38999999999999,0.0,69.0,57.0,0.8260869565217391,0.19586604343126343,0.3459390623515609,9.004535789329912,nan,nan,nan,nan,nan,nan,nan,nan,nan,nan,nan,nan
53.65,0.0,59.0,50.0,0.847457627118644,0.20001819990214906,0.3480749425823347,8.65339328103689,nan,nan,nan,nan,nan,nan,nan,nan,nan,nan,nan,nan
53.88999999999999,0.0,51.0,36.0,0.7058823529411765,0.17807291396401226,0.3157311870035295,9.224728173294002,nan,nan,nan,nan,nan,nan,nan,nan,nan,nan,nan,nan
54.13,0.0,51.0,33.0,0.6470588235294118,0.19759582948344312,0.26014142690025305,5.640170319778348,nan,nan,nan,nan,nan,nan,nan,nan,nan,nan,nan,nan
54.35,0.0,46.0,33.0,0.717391304347826,0.18264721547096774,0.2710726084355058,7.602334185133866,nan,nan,nan,nan,nan,nan,nan,nan,nan,nan,nan,nan
54.589999999999996,0.0,49.0,38.0,0.7755102040816326,0.18873945951839363,0.29435779417364183,6.171707037707141,nan,nan,nan,nan,nan,nan,nan,nan,nan,nan,nan,nan
54.830000000000005,0.0,56.0,49.0,0.875,0.1980467622326623,0.2979485593450843,6.584168120958119,nan,nan,nan,nan,nan,nan,nan,nan,nan,nan,nan,nan
55.050000000000004,0.0,59.0,53.0,0.8983050847457628,0.19634625880335643,0.3297970380751764,7.340263477767759,nan,nan,nan,nan,nan,nan,nan,nan,nan,nan,nan,nan
55.29,0.0,54.0,44.0,0.8148148148148148,0.21496485443437574,0.3179190935182814,8.774714435589305,nan,nan,nan,nan,nan,nan,nan,nan,nan,nan,nan,nan
55.529999999999994,0.0,53.0,44.0,0.8301886792452831,0.21294639024109518,0.31919132090258606,8.066759824687125,nan,nan,nan,nan,nan,nan,nan,nan,nan,nan,nan,nan
55.79,0.0,57.0,50.0,0.8771929824561403,0.20812678941080398,0.32956238281407946,8.404698460848666,nan,nan,nan,nan,nan,nan,nan,nan,nan,nan,nan,nan
56.029999999999994,0.0,59.0,45.0,0.7627118644067796,0.18589476154810505,0.3310047861803727,8.78608184394689,nan,nan,nan,nan,nan,nan,nan,nan,nan,nan,nan,nan
56.24999999999999,0.0,53.0,42.0,0.7924528301886793,0.189414974251773,0.29739285685453176,8.207227903344986,nan,nan,nan,nan,nan,nan,nan,nan,nan,nan,nan,nan
56.49,0.0,61.0,48.0,0.7868852459016393,0.19454867387722594,0.3184765903144185,9.573716125425761,nan,nan,nan,nan,nan,nan,nan,nan,nan,nan,nan,nan
56.690000000000005,0.0,59.0,48.0,0.8135593220338984,0.22460764382667134,0.3341903825586281,9.119486778063711,nan,nan,nan,nan,nan,nan,nan,nan,nan,nan,nan,nan
56.93,0.0,55.0,45.0,0.8181818181818182,0.2250887367246877,0.34304636646379094,8.933424338625175,nan,nan,nan,nan,nan,nan,nan,nan,nan,nan,nan,nan
57.15,0.0,62.0,48.0,0.7741935483870968,0.2150187481375985,0.34437058439241497,10.249753621248919,nan,nan,nan,nan,nan,nan,nan,nan,nan,nan,nan,nan
57.38999999999999,0.0,55.0,46.0,0.8363636363636363,0.1971690116044666,0.348772275435524,9.974468504977846,nan,nan,nan,nan,nan,nan,nan,nan,nan,nan,nan,nan
57.63,0.0,53.0,38.0,0.7169811320754716,0.16737354005559957,0.27226523927355645,6.9100741307279545,nan,nan,nan,nan,nan,nan,nan,nan,nan,nan,nan,nan
57.830000000000005,0.0,53.0,42.0,0.7924528301886793,0.19063673275252127,0.2993755061603348,6.700614319190058,nan,nan,nan,nan,nan,nan,nan,nan,nan,nan,nan,nan
58.089999999999996,0.0,54.0,43.0,0.7962962962962963,0.18911165064280866,0.30865858927928025,5.376976289631879,nan,nan,nan,nan,nan,nan,nan,nan,nan,nan,nan,nan
58.330000000000005,0.0,52.0,41.0,0.7884615384615384,0.2086642840715488,0.31686595656339944,7.503259086128112,nan,nan,nan,nan,nan,nan,nan,nan,nan,nan,nan,nan
58.57,0.0,61.0,50.0,0.819672131147541,0.21962832040795655,0.3434888879744877,6.9284303447528535,nan,nan,nan,nan,nan,nan,nan,nan,nan,nan,nan,nan
58.79,0.0,54.0,45.0,0.8333333333333334,0.2166279065447662,0.3444520461058832,8.596880631806988,nan,nan,nan,nan,nan,nan,nan,nan,nan,nan,nan,nan
59.029999999999994,0.0,60.0,48.0,0.8,0.20909519104979524,0.32981534809833424,6.6363327324752515,nan,nan,nan,nan,nan,nan,nan,nan,nan,nan,nan,nan
59.24999999999999,0.0,49.0,40.0,0.8163265306122449,0.22987908752037384,0.3429581069006122,5.4666821497923275,nan,nan,nan,nan,nan,nan,nan,nan,nan,nan,nan,nan
59.529999999999994,0.0,54.0,41.0,0.7592592592592593,0.208026711925805,0.3063877253597323,7.660376055958533,nan,nan,nan,nan,nan,nan,nan,nan,nan,nan,nan,nan
59.73,0.0,47.0,40.0,0.851063829787234,0.22473317234935247,0.307937614007586,6.700915978522456,nan,nan,nan,nan,nan,nan,nan,nan,nan,nan,nan,nan
59.949999999999996,0.0,60.0,50.0,0.8333333333333334,0.22736075630299246,0.31625458404397316,7.9694742500730475,nan,nan,nan,nan,nan,nan,nan,nan,nan,nan,nan,nan
60.190000000000005,0.0,56.0,40.0,0.7142857142857143,0.23690674828933744,0.3332751017116333,9.592321140683714,nan,nan,nan,nan,nan,nan,nan,nan,nan,nan,nan,nan
60.38999999999999,0.0,60.0,49.0,0.8166666666666667,0.21730300732303412,0.33965204300003954,8.424686523449338,nan,nan,nan,nan,nan,nan,nan,nan,nan,nan,nan,nan
60.63,0.0,49.0,44.0,0.8979591836734694,0.22864100206617508,0.34868608394382355,6.743192756456369,nan,nan,nan,nan,nan,nan,nan,nan,nan,nan,nan,nan
60.85,0.0,55.0,38.0,0.6909090909090909,0.20178198132117756,0.30153888207651797,6.500676970998721,nan,nan,nan,nan,nan,nan,nan,nan,nan,nan,nan,nan
61.089999999999996,0.0,59.0,44.0,0.7457627118644068,0.22263074517654521,0.3425637931394325,7.637820240226749,nan,nan,nan,nan,nan,nan,nan,nan,nan,nan,nan,nan
61.330000000000005,0.0,55.0,42.0,0.7636363636363637,0.22490857836328393,0.3215064967723726,7.153859830501771,nan,nan,nan,nan,nan,nan,nan,nan,nan,nan,nan,nan
61.550000000000004,0.0,55.0,45.0,0.8181818181818182,0.22216582865137294,0.34717185472703854,6.836396256291499,nan,nan,nan,nan,nan,nan,nan,nan,nan,nan,nan,nan
61.79,0.0,49.0,36.0,0.7346938775510204,0.241248969677264,0.34907336501534514,8.007832436657443,nan,nan,nan,nan,nan,nan,nan,nan,nan,nan,nan,nan
62.029999999999994,0.0,61.0,49.0,0.8032786885245902,0.23678223990478706,0.3357152895202671,7.435381975377394,nan,nan,nan,nan,nan,nan,nan,nan,nan,nan,nan,nan
62.29,0.0,46.0,38.0,0.8260869565217391,0.24389109849112586,0.34164060713824745,8.63328133843802,nan,nan,nan,nan,nan,nan,nan,nan,nan,nan,nan,nan
62.49,0.0,59.0,45.0,0.7627118644067796,0.2272829250163354,0.34436089525956504,8.390100602438668,nan,nan,nan,nan,nan,nan,nan,nan,nan,nan,nan,nan
62.73,0.0,48.0,39.0,0.8125,0.2446394242948525,0.32736794236563854,7.71315784587968,nan,nan,nan,nan,nan,nan,nan,nan,nan,nan,nan,nan
62.949999999999996,0.0,55.0,49.0,0.8909090909090909,0.2237033736404153,0.34329270276268037,7.39340262661681,nan,nan,nan,nan,nan,nan,nan,nan,nan,nan,nan,nan
63.190000000000005,0.0,55.0,45.0,0.8181818181818182,0.23148448766265828,0.34440778368695324,8.927701504248756,nan,nan,nan,nan,nan,nan,nan,nan,nan,nan,nan,nan
63.38999999999999,0.0,49.0,44.0,0.8979591836734694,0.21765660772026685,0.34577601103474426,8.909303049146398,nan,nan,nan,nan,nan,nan,nan,nan,nan,nan,nan,nan
63.63,0.0,53.0,44.0,0.8301886792452831,0.2406091869736308,0.3386265482821163,7.911278476864075,nan,nan,nan,nan,nan,nan,nan,nan,nan,nan,nan,nan
63.85,0.0,58.0,49.0,0.8448275862068966,0.22805446142272887,0.33786100098432403,7.645282447223182,nan,nan,nan,nan,nan,nan,nan,nan,nan,nan,nan,nan
64.09,0.0,54.0,44.0,0.8148148148148148,0.23331783450148658,0.3383910598509784,8.951574405855425,nan,nan,nan,nan,nan,nan,nan,nan,nan,nan,nan,nan
64.33000000000001,0.0,50.0,40.0,0.8,0.24930665156732754,0.3431963526372252,8.764790142039299,nan,nan,nan,nan,nan,nan,nan,nan,nan,nan,nan,nan
64.55000000000001,0.0,53.0,42.0,0.7924528301886793,0.24245453907127165,0.3465080232714245,8.017779769687367,nan,nan,nan,nan,nan,nan,nan,nan,nan,nan,nan,nan
64.78999999999999,0.0,48.0,39.0,0.8125,0.2549540167575575,0.33686291587215716,7.529201032374303,nan,nan,nan,nan,nan,nan,nan,nan,nan,nan,nan,nan
65.03,0.0,48.0,39.0,0.8125,0.24927920987629024,0.3207952864996625,6.847543691324968,nan,nan,nan,nan,nan,nan,nan,nan,nan,nan,nan,nan
65.25,0.0,50.0,40.0,0.8,0.24713135037448905,0.3199747000891853,6.830358123053715,nan,nan,nan,nan,nan,nan,nan,nan,nan,nan,nan,nan
65.49000000000001,0.0,49.0,40.0,0.8163265306122449,0.24701487932090913,0.3195296007503362,6.943725942615821,nan,nan,nan,nan,nan,nan,nan,nan,nan,nan,nan,nan
65.72999999999999,0.0,48.0,38.0,0.7916666666666666,0.24789955811238884,0.32508471517533855,6.637320913963385,nan,nan,nan,nan,nan,nan,nan,nan,nan,nan,nan,nan
65.99000000000001,0.0,52.0,40.0,0.7692307692307693,0.2509023928654326,0.337853989080835,6.686238729783067,nan,nan,nan,nan,nan,nan,nan,nan,nan,nan,nan,nan
66.22999999999999,0.0,55.0,45.0,0.8181818181818182,0.2387220322343353,0.33906836132398094,6.985149305634881,nan,nan,nan,nan,nan,nan,nan,nan,nan,nan,nan,nan
66.43,0.0,53.0,43.0,0.8113207547169812,0.24174152405816535,0.33554898949619544,6.57955988055932,nan,nan,nan,nan,nan,nan,nan,nan,nan,nan,nan,nan
66.66999999999999,0.0,54.0,45.0,0.8333333333333334,0.24622868058198547,0.33990637582109967,7.817563668137009,nan,nan,nan,nan,nan,nan,nan,nan,nan,nan,nan,nan
66.88999999999999,0.0,50.0,41.0,0.82,0.24088325956231418,0.340319362016796,7.1473323360522185,nan,nan,nan,nan,nan,nan,nan,nan,nan,nan,nan,nan
67.13,0.0,50.0,41.0,0.82,0.24404653737263632,0.3396587565318964,7.275019032344307,nan,nan,nan,nan,nan,nan,nan,nan,nan,nan,nan,nan
67.33000000000001,0.0,53.0,43.0,0.8113207547169812,0.24104905176889788,0.33994714587012426,7.933275161814076,nan,nan,nan,nan,nan,nan,nan,nan,nan,nan,nan,nan
67.53,0.0,54.0,44.0,0.8148148148148148,0.2452256479546639,0.3398025357348325,7.690890610113361,nan,nan,nan,nan,nan,nan,nan,nan,nan,nan,nan,nan
67.72999999999999,0.0,54.0,44.0,0.8148148148148148,0.24511737041103665,0.3397120292837527,7.57781474850031,nan,nan,nan,nan,nan,nan,nan,nan,nan,nan,nan,nan
67.99000000000001,0.0,51.0,43.0,0.8431372549019608,0.24783891548071035,0.3408482576598526,8.114589312625553,nan,nan,nan,nan,nan,nan,nan,nan,nan,nan,nan,nan
68.19,0.0,55.0,45.0,0.8181818181818182,0.23838464108801757,0.3402031199742414,7.218535320765093,nan,nan,nan,nan,nan,nan,nan,nan,nan,nan,nan,nan
68.44999999999999,0.0,55.0,46.0,0.8363636363636363,0.23974744934651038,0.34105785068044114,7.495061363660016,nan,nan,nan,nan,nan,nan,nan,nan,nan,nan,nan,nan
68.69,0.0,53.0,44.0,0.8301886792452831,0.2415133254487107,0.34167779576373686,7.382120004131148,nan,nan,nan,nan,nan,nan,nan,nan,nan,nan,nan,nan
68.93,0.0,53.0,44.0,0.8301886792452831,0.2410189722531914,0.3416165832881055,7.524799872011281,nan,nan,nan,nan,nan,nan,nan,nan,nan,nan,nan,nan
69.15,0.0,55.0,47.0,0.8545454545454545,0.24025200659888565,0.34188740895498915,7.9173984599432,nan,nan,nan,nan,nan,nan,nan,nan,nan,nan,nan,nan
69.38999999999999,0.0,56.0,47.0,0.8392857142857143,0.24131633247573703,0.3398211989503667,7.574770410565297,nan,nan,nan,nan,nan,nan,nan,nan,nan,nan,nan,nan
69.63,0.0,49.0,44.0,0.8979591836734694,0.24543692410369802,0.3402754820946645,8.014833132657891,nan,nan,nan,nan,nan,nan,nan,nan,nan,nan,nan,nan
69.85,0.0,53.0,46.0,0.8679245283018868,0.24213059031963508,0.34133700884843216,8.480942831661745,nan,nan,nan,nan,nan,nan,nan,nan,nan,nan,nan,nan
70.09,0.0,51.0,46.0,0.9019607843137255,0.24370731467920692,0.3424361240447495,8.191693002634533,nan,nan,nan,nan,nan,nan,nan,nan,nan,nan,nan,nan
70.28999999999999,0.0,52.0,47.0,0.9038461538461539,0.2391969625277728,0.3407166993126217,7.2366347248408465,nan,nan,nan,nan,nan,nan,nan,nan,nan,nan,nan,nan
70.53,0.0,52.0,46.0,0.8846153846153846,0.2370717268286571,0.33943136980413574,8.370242724982779,nan,nan,nan,nan,nan,nan,nan,nan,nan,nan,nan,nan
70.75,0.0,51.0,44.0,0.8627450980392157,0.24904254799216635,0.3428489839446398,8.524346738713865,nan,nan,nan,nan,nan,nan,nan,nan,nan,nan,nan,nan
70.99000000000001,0.0,51.0,46.0,0.9019607843137255,0.2430160272283782,0.342088582104211,6.5873459591920955,nan,nan,nan,nan,nan,nan,nan,nan,nan,nan,nan,nan
71.22999999999999,0.0,50.0,45.0,0.9,0.24486653424666824,0.34459250298891514,7.869972107911961,nan,nan,nan,nan,nan,nan,nan,nan,nan,nan,nan,nan
71.49000000000001,0.0,52.0,47.0,0.9038461538461539,0.2488724064116515,0.34613291695810794,6.633546427364518,nan,nan,nan,nan,nan,nan,nan,nan,nan,nan,nan,nan
71.72999999999999,0.0,54.0,44.0,0.8148148148148148,0.2543328427751141,0.34299974170726477,7.11388975673406,nan,nan,nan,nan,nan,nan,nan,nan,nan,nan,nan,nan
71.94999999999999,0.0,56.0,46.0,0.8214285714285714,0.24641999612679424,0.34266586596307186,7.872565350380295,nan,nan,nan,nan,nan,nan,nan,nan,nan,nan,nan,nan
72.19,0.0,51.0,46.0,0.9019607843137255,0.2431219501494006,0.34318953351183684,8.937500386837112,nan,nan,nan,nan,nan,nan,nan,nan,nan,nan,nan,nan
72.43,0.0,53.0,48.0,0.9056603773584906,0.2434692252078056,0.3401389500372767,6.48764381456421,nan,nan,nan,nan,nan,nan,nan,nan,nan,nan,nan,nan
72.66999999999999,0.0,52.0,46.0,0.8846153846153846,0.23948803230931134,0.3403389064496674,8.421554706381116,nan,nan,nan,nan,nan,nan,nan,nan,nan,nan,nan,nan
72.88999999999999,0.0,50.0,45.0,0.9,0.2454102060611839,0.3416126925340097,7.621801472793278,nan,nan,nan,nan,nan,nan,nan,nan,nan,nan,nan,nan
73.13,0.0,50.0,45.0,0.9,0.245488992763804,0.34492375449426743,7.5952704817341035,nan,nan,nan,nan,nan,nan,nan,nan,nan,nan,nan,nan
73.33000000000001,0.0,57.0,48.0,0.8421052631578947,0.24389127947257752,0.3420196780209692,7.612469124191879,nan,nan,nan,nan,nan,nan,nan,nan,nan,nan,nan,nan
73.53,0.0,54.0,47.0,0.8703703703703703,0.2483382963871778,0.3471693031589574,8.816188288088497,nan,nan,nan,nan,nan,nan,nan,nan,nan,nan,nan,nan
73.75,0.0,55.0,43.0,0.7818181818181819,0.2547539174866073,0.34016550698792813,7.077914565670985,nan,nan,nan,nan,nan,nan,nan,nan,nan,nan,nan,nan
73.99000000000001,0.0,28.0,7.0,0.25,0.32353425095259464,0.3499906912417395,5.87010327023697,nan,nan,nan,nan,nan,nan,nan,nan,nan,nan,nan,nan
74.22999999999999,0.0,28.0,1.0,0.03571428571428571,0.3479262058645413,0.3479262058645413,11.185403883107645,nan,nan,nan,nan,nan,nan,nan,nan,nan,nan,nan,nan
74.43,0.0,19.0,5.0,0.2631578947368421,0.3386819646555087,0.34813624510882485,6.678524713215244,nan,nan,nan,nan,nan,nan,nan,nan,nan,nan,nan,nan
74.63,0.0,26.0,25.0,0.9615384615384616,0.2956019639698191,0.3447065432747881,10.118835853685871,nan,nan,nan,nan,nan,nan,nan,nan,nan,nan,nan,nan
74.87,0.0,13.0,13.0,1.0,0.32709290753228965,0.3476786472047672,4.609891426914901,nan,nan,nan,nan,nan,nan,nan,nan,nan,nan,nan,nan
75.53,1.0,40.0,37.0,0.925,0.0926781920974825,0.1876308004657422,6.416078543867552,0.2,-0.12,0.10612787240855562,2.157155226097539,0.41676683597124375,0.8791040609505466,-0.1540335442092413,0.12756828468839604,0.0,0.9868040759710088,0.9969832236807417,0.9878554004916802
75.75,1.0,40.0,38.0,0.95,0.05194905853552904,0.13923246414541185,6.732919930169347,0.2,-0.12,0.06879337184796175,2.030162757910326,0.610810672485666,1.0780781669773232,-0.17621007285963497,0.09460449367129553,0.0,0.8489589274850322,0.7736456725935832,0.5392626906178138
75.99000000000001,1.0,37.0,37.0,1.0,0.08022387283930148,0.12743181537718049,4.056744206448581,0.2,-0.12,0.07938721196827613,1.8918537706690244,0.7692436885522808,1.2888156991687205,-0.1921012391963397,0.055651719643068254,0.0,0.8010742222732696,0.5250068465935599,0.4253496496819624
76.19,1.0,36.0,36.0,1.0,0.0707316562566823,0.10467551925546148,4.181414859767371,0.2,-0.11772939821054776,0.06863738310734242,1.7389814663536527,0.8897885823523378,1.4226463400116958,-0.19780916964806194,0.029521727644977402,0.0,0.8374073950670963,0.5396048123428544,0.37227681667349743
76.38999999999999,1.0,38.0,38.0,1.0,0.03700305917164605,0.0649123020698979,3.0069714603236646,0.2,-0.06543322369740025,0.03519321282811129,1.573152536093252,0.995331420089349,1.5186904569646666,-0.19972855925522026,0.010416458987296262,0.0,0.9085592919160306,0.652402720480415,0.3507035521223276
76.63,1.0,30.0,30.0,1.0,0.0284115174675925,0.04415235202886217,2.669693702828962,0.2,-0.028239858388230708,0.02429060515431439,1.3913080090000132,1.1121160749011205,1.5940222468577652,-0.1999460580886725,-0.004644766388224086,0.0,0.9317626901643754,0.6228135767328458,0.3411505946573388
76.83000000000001,1.0,38.0,35.0,0.9210526315789473,0.02170356420722557,0.04306997410448145,1.9556902706150856,0.2,-0.03069752777763618,0.017776779138255663,1.2025459601175912,1.1960677229325032,1.6355863261243473,-0.19958037242026694,-0.012948936040753756,0.0,0.9074850703122709,0.6094265160821674,0.34719415796370956
77.03,1.0,44.0,44.0,1.0,0.014747288067572355,0.03193735238286825,2.7968244423466624,0.19715070851007643,-0.017668138443060533,0.008606025264083288,1.0189960870350174,1.2857769224454838,1.662025138861141,-0.19633086463461802,-0.017960886889250238,0.0,0.905570905342417,0.6018671406817642,0.33997111694277815
77.28999999999999,1.0,40.0,40.0,1.0,0.013684661042772628,0.03371192536004678,2.83708193960788,0.16592735848389006,0.003882411740146306,0.008567158154807209,0.870656270588909,1.4060996514647244,1.6487208200798145,-0.16542383908720815,-0.012916723852851808,0.0,0.9448051816156309,0.6374665073881901,0.35833720994316093
77.49000000000001,1.0,48.0,42.0,0.875,0.014735587789081569,0.03295440406386639,1.783064977908038,0.1616316031584041,0.008471168716526494,0.009537872325366646,0.7264232692570379,1.49777595353432,1.5901769936355166,-0.16160124886532945,-0.003132332153792605,0.0,0.9083470951905289,0.5992639661355045,0.34482090400673915
77.72999999999999,1.0,37.0,31.0,0.8378378378378378,0.015415720997352358,0.031017511598782938,1.9573401340336642,0.1451460206742372,0.023400826645418035,0.010269313257472948,0.6183745791875319,1.6306040698842292,1.4903711036603713,-0.1446768557003354,0.01166082082146902,0.0,0.9337215436297469,0.6246691984056553,0.34612399868580485
77.94999999999999,1.0,24.0,19.0,0.7916666666666666,0.015350310483926587,0.03139674014749182,4.616790841652719,0.12987926666950547,0.017533870202988147,0.009485516120263746,0.5357122240090872,1.7657116998177143,1.4036590878335369,-0.12806940639508813,0.021606736362030032,0.0,0.8678756350593075,0.4899905693017261,0.24344573609311698
78.38999999999999,0.0,24.0,19.0,0.7916666666666666,0.015350310483926587,0.03139674014749182,4.616790841652719,nan,nan,nan,nan,nan,nan,-0.12806940639508813,0.021606736362030032,0.0,0.8678756350593075,0.4899905693017261,0.24344573609311698
78.49000000000001,1.0,29.0,23.0,0.7931034482758621,0.02048193787970729,0.04324613183197747,5.489388043947203,0.03469561505094118,0.0014012238446374748,0.017829284162942105,0.6122612616504873,2.033913046977616,1.2786011144363076,-0.03322500120488958,0.009994248280795759,0.0,0.8831123383501414,0.6977426121074438,0.38130175755977636
78.69,1.0,41.0,29.0,0.7073170731707317,0.0364171954772854,0.10180768403126378,10.042455529185881,0.0794186808354693,-0.056577694289054584,0.039738996838595594,0.5802922606388108,2.1518701329490146,1.2601826611356615,-0.07561819409996795,0.024273763340399324,0.0,0.8771021445401429,0.6464086285919516,0.38730759360196626
78.94999999999999,1.0,57.0,48.0,0.8421052631578947,0.0565812324152822,0.191823371021325,8.639402177037878,0.05349396343631041,-0.06863324720562604,0.07057838966448782,0.5836115436488682,2.2836725724105844,1.2431135911858402,-0.0506475868864914,0.017217028393442746,0.0,0.8535973797641815,0.5137481301405882,0.3923479029863574
79.19,1.0,46.0,35.0,0.7608695652173914,0.04781951981529251,0.18673079890481623,9.567458430505491,0.015228508291591267,-0.010019609079030201,0.06632543203495692,0.6185826885111496,2.3880066564323887,1.2294094279467926,-0.014349690054692887,0.005098417413404999,0.0,0.8439504445349308,0.5651656212801957,0.3725992113733808
79.43,1.0,50.0,41.0,0.82,0.06792853684432168,0.22589238481238116,12.439770823719899,-0.2,0.12,0.07970641517983569,0.8586113382898322,2.4313910134653938,1.2284531660132607,0.18839413286356566,-0.0671390400779246,0.0,0.810612188312501,0.48735587099591315,0.36475265803827805
79.65,1.0,55.0,47.0,0.8545454545454545,0.07081464056756293,0.11809608816781325,5.942480021071288,-0.08742260385829938,-0.08857154708173955,0.07192779959867865,0.9542842312143149,2.527502416197563,1.2608340356575392,0.08325648602031,-0.026665880838912415,0.0,0.8272501140980072,0.5299003726129528,0.35460648395477096
79.87,1.0,52.0,49.0,0.9423076923076923,0.06445427416339776,0.12171288675123623,6.65112131072722,-0.15265621619025435,-0.07506123243657296,0.0681445075306119,1.121343016784371,2.5996311101977243,1.3374611222449,0.14851932881540497,-0.03529772386071528,0.0,0.8336422187482811,0.5332784237715639,0.35035821088312813
80.09,1.0,46.0,43.0,0.9347826086956522,0.03625331707499048,0.08987578316726914,3.8093382364531836,-0.12401532780906925,-0.12,0.040869917562961065,1.2382873990802663,2.6966639473494043,1.4543037173586815,0.12317480224315802,-0.014414216036600536,0.0,0.9206905091893842,0.6619723262320325,0.3485867358584498
80.28999999999999,1.0,46.0,42.0,0.9130434782608695,0.03509503743809488,0.08915405313297026,3.145180503173148,-0.16803562819003134,-0.08154602163988471,0.03690268861608242,1.394270733390952,2.799689478531343,1.588842452009317,0.16800826746982733,0.003032227400020293,0.0,0.9046133108522334,0.6040781705670212,0.34059883515723177
80.53,1.0,42.0,41.0,0.9761904761904762,0.029611880801099194,0.06835763437832353,5.898969196829248,-0.12729943491176182,-0.10817923342504812,0.029723713527001604,1.4803026961227839,2.9415414502699777,1.7717131439707174,0.12473868234493013,0.025404866772027912,0.0,0.9245941881584487,0.6448723715313113,0.35159517319786177
80.75,1.0,43.0,43.0,1.0,0.02183014131652232,0.07578862794942114,4.477520488842864,-0.2,-0.09122320556087975,0.019246737234293227,1.6100619780432452,3.1130011205117323,1.950829826146298,0.18573044189205778,0.07419031577356261,0.0,0.8806146488677803,0.6491245838802003,0.34910813851368777
80.99000000000001,1.0,48.0,46.0,0.9583333333333334,0.03949892876821081,0.060141100375582436,2.1561573301665438,-0.2,-0.02991960464773129,0.036397311865184315,1.7055663185705106,3.3085899885736065,2.1014576998974155,0.17249450713654668,0.10122077359771486,0.0,0.8518312844204269,0.6971144374897009,0.3551023403287429
81.22999999999999,1.0,36.0,34.0,0.9444444444444444,0.07009960994749655,0.09224938230762543,2.1976486551338392,-0.2,-0.008007195109826249,0.06771321068102011,1.8015034002237893,3.5113198557923,2.143757795452616,0.16805983644825573,0.10842458841510805,0.0,0.7624462039300521,0.5870233059888017,0.35763096069311145
81.44999999999999,1.0,43.0,42.0,0.9767441860465116,0.04981362751703341,0.07116279325589579,2.859853816611329,-0.2,0.006118615847286771,0.04714253096739434,1.902767725422099,3.698249628943007,2.0986939944957532,0.1727735924172522,0.10074366363815246,0.0,0.851012499508404,0.7121297427678582,0.35164322781614227
81.69,1.0,54.0,43.0,0.7962962962962963,0.06973407638612922,0.11629513694182228,2.0170651265215467,-0.2,0.058309270818242775,0.06669588957819851,2.0313320735210243,3.8812027433011167,1.9802752734157585,0.1834656790093816,0.07962628099833946,0.0,0.8102233078285963,0.5519430644939571,0.3561723546099438
81.93,1.0,39.0,26.0,0.6666666666666666,0.05036971814801588,0.06258039052908276,2.053579568049183,-0.2,0.06642820085288641,0.047104639618190676,2.180858664654995,4.041015227656876,1.819927173496554,0.19382541753585625,0.04931234649711014,0.0,0.9050714769501758,0.6401928270873463,0.311853558128928
82.15,1.0,41.0,30.0,0.7317073170731707,0.0192198001097953,0.03353149527416434,2.436665658293042,-0.1938018908866229,0.007224408272044235,0.00820203874003521,2.3694152268887367,4.163906269845621,1.6483029378578968,0.19322007163283805,0.01500589315673917,0.0,0.9164753334617234,0.6157263605469037,0.3476437784982394
82.38999999999999,1.0,38.0,32.0,0.8421052631578947,0.029638570681646676,0.09866384706837454,5.22774768745618,-0.2,0.07236348778150604,0.031215653685048986,2.574630427675785,4.263245231385958,1.4843185411808004,0.19925262519817633,-0.017274007978318906,0.0,0.9253056871107783,0.6327597626530614,0.36396332829767425
82.63,1.0,38.0,33.0,0.868421052631579,0.05278237957809803,0.08765371896237671,7.572852505450749,-0.2,0.12,0.05385820410756918,2.7936715775119065,4.356183950025861,1.3668355451800505,0.1958544013072081,-0.04050991839778373,0.0,0.9162277489391429,0.6134040683168398,0.3611879555138299
82.83000000000001,1.0,27.0,26.0,0.9629629629629629,0.04338828398672657,0.10166575886599456,7.488596207919927,-0.2,0.12,0.049038208807466614,3.010810083462049,4.408854285791115,1.3008066472381687,0.192754729820245,-0.05334429802635299,0.0,0.871873191418377,0.5857973273829604,0.30061457862979984
83.03,1.0,34.0,29.0,0.8529411764705882,0.03432124395902224,0.07289869110230933,8.495859870472119,-0.2,0.12,0.035593270013216764,3.2241692477426613,4.454278531852782,1.2509080769748073,0.1898541130050071,-0.06289209628468395,0.0,0.8751167007097737,0.6197231606563551,0.32765419523893535
83.22999999999999,1.0,46.0,41.0,0.8913043478260869,0.04064185721100469,0.10026149845042778,9.029265565991658,-0.16093536932178132,0.06942330700404857,0.04194273753178515,3.3980638208122533,4.4955677687254525,1.2183085468074537,0.15104054018046886,-0.055560312460698036,0.0,0.8776626170756368,0.6421657968391553,0.34617621077644073
83.49000000000001,1.0,40.0,35.0,0.875,0.04064060297983255,0.08352297310293988,10.277567144438448,-0.14335719715238968,0.10461170183329904,0.039997412179002705,3.5698342458712986,4.563636359236529,1.193526084066281,0.13327541549154187,-0.05281050653938113,0.0,0.9068107722978617,0.6785900889209531,0.36089928105432995
83.69,1.0,41.0,30.0,0.7317073170731707,0.01656776944548429,0.04754982022654382,2.5506596021444103,0.14037197936745224,-0.07169165168395894,0.015037063585693728,3.4742178110322612,4.708728986365654,1.1837980155067946,-0.1299909238520205,0.052977847329186645,0.0,0.8594827412707114,0.6288440305931565,0.3314639779753881
83.93,1.0,44.0,44.0,1.0,0.016652403140995926,0.04354091596579168,2.316429376606453,0.10473579968515555,-0.0656716176231333,0.010165378251424058,3.4420615475940135,4.851423606984886,1.1804157411341307,-0.09685592833595313,0.039856202552045694,0.0,0.8863377635920846,0.6730761023175267,0.35695383036571193
84.13,1.0,49.0,49.0,1.0,0.015254629946354861,0.033114833461821695,1.6416815128797277,0.149774137929397,-0.08386363352667253,0.00915994458279351,3.3532380722977058,4.9988186822565535,1.1794189637939658,-0.13844889538172245,0.05713314064599384,0.0,0.8651897934447642,0.6474637557536369,0.34420389057082695
84.33000000000001,1.0,45.0,45.0,1.0,0.015396648648405556,0.03322374387358619,1.3265287807778112,0.1579953313249264,-0.08579291947626236,0.007289375033828518,3.260624314754078,5.142796473144234,1.185854908861733,-0.14643330125045262,0.05932801197889148,0.0,0.8659377657678747,0.6425968761618268,0.3386998162696531
84.55000000000001,1.0,46.0,45.0,0.9782608695652174,0.013420877363358057,0.036001690601533326,2.108310581569439,0.15528530490847642,-0.08080610049241405,0.007205724873877114,3.166611946398768,5.293574733423554,1.2247881571810817,-0.14608216832497822,0.05266427648787353,0.0,0.8866428016739643,0.6387342004423915,0.3436229244088307
84.78999999999999,1.0,44.0,44.0,1.0,0.015709384153604847,0.03536022693887247,2.11678729535475,0.2,-0.12,0.008771941995267948,3.018521362196853,5.454942426270687,1.3109579320508182,-0.19328630221669352,0.05138487496722188,0.0,0.9064975311483372,0.6433077020694525,0.35283591034103046
85.03,1.0,43.0,43.0,1.0,0.02459201450982942,0.06234381587308401,3.2572878813112576,0.19270158487008937,-0.12,0.02148960251304096,2.85925628950824,5.595663292795839,1.4510609420550966,-0.19132189524213583,0.023018106186248666,0.0,0.9338843167662434,0.6405223181924763,0.35669406520286373
85.25,1.0,41.0,41.0,1.0,0.03107799211815201,0.058356990439222815,2.5591088447827954,0.1844559314471508,-0.12,0.02886598866773124,2.6761451245568972,5.701724082228153,1.5996409548164174,-0.184379201940974,-0.005319824963807562,0.0,0.9248816471069201,0.608875933710975,0.35126263847422645
85.49000000000001,1.0,34.0,34.0,1.0,0.01730899211091417,0.03605070068583507,1.8635908176529523,0.15608636421280064,-0.10151209103097195,0.009506254892392227,2.5137604140527334,5.798059836984366,1.750522927943357,-0.15357221909972507,-0.027902089777596117,0.0,0.9213681972478065,0.6327146700646241,0.3559901697768982
85.69,1.0,27.0,26.0,0.9629629629629629,0.017641951639527507,0.0348211524334289,4.489115756354312,0.18045982198786537,-0.1135704181976896,0.00913133640257323,2.320002270297767,5.860295046309257,1.8404710879222494,-0.17393757034417323,-0.04807773886798117,0.0,0.8715593395849159,0.5701100990452952,0.2985530499741906
85.93,1.0,27.0,25.0,0.9259259259259259,0.0176669780218889,0.03617171706434264,4.400376061661507,0.1613402493689077,-0.08535644442604128,0.010752968694596812,2.143459348128609,5.932918559777319,1.9158263483709925,-0.15183171001068807,-0.05456929449472092,0.0,0.8901889785584184,0.6208172914629978,0.3077423545200637
86.15,1.0,32.0,23.0,0.71875,0.01808463442408473,0.046298349111890146,5.209523139643219,0.13955941225354992,-0.07639012484884863,0.013215852947565181,1.9811472124626537,5.995523117758141,1.9612341037052934,-0.12905652446448412,-0.053115374814683314,0.0,0.860345771815535,0.6090388778329505,0.2937125349251263
86.35,1.0,25.0,16.0,0.64,0.015888907403225568,0.06565339931146004,9.016501551093038,0.12604335493198368,-0.07305627098734993,0.011574432998977946,1.8366175238635103,6.0550789964263725,1.9882626658493183,-0.11521864260621228,-0.05110373487810804,0.0,0.767425201237007,0.5063193433361324,0.22367973180570996
86.59,1.0,40.0,31.0,0.775,0.11684901182153672,0.2501833394159153,6.016828950878709,0.2,-0.12,0.14408913100994772,1.6226836700871088,6.099466711944301,2.0085835061972914,-0.18113839499622375,-0.08478727415238652,0.0,0.5632715219476189,0.26532605281541616,0.3859472734108327
86.78999999999999,1.0,29.0,25.0,0.8620689655172413,0.177280913051724,0.285790601558059,3.503713816857235,0.2,-0.12,0.19378109555574966,1.460737882198759,6.144718261158646,2.018885661549975,-0.18025530635428466,-0.08664885764465069,0.0,0.39453471332807144,0.17596136490733574,0.3067819454220119
86.99000000000001,1.0,32.0,23.0,0.71875,0.08942560742189923,0.12689909134372374,7.693468179004669,-0.2,0.0010033083716353816,0.0888569403174456,1.6957148434269464,6.373559732819877,2.0257404056615407,0.17965712040093895,0.08788241626879945,0.0,0.740473379096511,0.48466737180974034,0.2871739445146411
87.22999999999999,1.0,43.0,36.0,0.8372093023255814,0.0631280910789137,0.09763803988518378,5.3149719661259756,-0.2,-0.010551704668543415,0.06278854355000486,1.7950318060859514,6.555273238789175,2.0290724095624406,0.17936329909073634,0.08848054554130602,0.0,0.8741935259233793,0.7021043546264334,0.37544018433236015
87.44999999999999,1.0,44.0,37.0,0.8409090909090909,0.09938632155749269,0.1287653186988542,4.807334488224607,-0.2,0.007625584662117255,0.09786702815219639,1.9176972001752712,6.7373770893555935,2.0285594232682382,0.17940866479574336,0.08838852298917921,0.0,0.70286499308357,0.4238819049783445,0.3591054515369934
87.69,1.0,34.0,34.0,1.0,0.10443085344231075,0.12451440532238549,1.6564126204078604,-0.2,-0.026584610887038757,0.10242156537625516,2.0110132520481354,6.920289721380361,2.027825431328557,0.17947349292566872,0.0882568146777345,0.0,0.7132484107332682,0.44211128805326505,0.3592762165466546
87.93,1.0,40.0,37.0,0.925,0.1248185217084497,0.1557229617015343,2.676712152180432,-0.2,0.000291071812392466,0.12307449145957866,2.106796090703938,7.099847669923966,2.0257229125966942,0.17965865770625755,0.087879273501696,0.0,0.6744169777026269,0.3897302653875699,0.3593927056531457
88.15,1.0,44.0,36.0,0.8181818181818182,0.1354251836528936,0.15747575263688837,1.5327320989291935,-0.2,0.005586204597142203,0.13384536633870367,2.204026900381483,7.272475619634819,2.0220572121261364,0.17997958901136224,0.08722010971846572,0.0,0.6265536379379981,0.35818722106562867,0.3524545396877115
88.38999999999999,1.0,41.0,31.0,0.7560975609756098,0.12655207104946814,0.14105793806614475,0.7715730643668287,-0.2,0.03225094824422627,0.12459500663799707,2.291026789606199,7.441394706591352,1.9844040398713652,0.18313535788433644,0.08038308710528685,0.0,0.6733998430598671,0.3917970953510881,0.3493025433646026
88.63,1.0,41.0,22.0,0.5365853658536586,0.10175181625397277,0.11203509520734488,1.2659263175495512,-0.2,0.04465118632494291,0.10027311038489904,2.4028216870436654,7.601733023970421,1.899863058866626,0.1892688700908094,0.06463199528521724,0.0,0.7276861155243959,0.3925104411373872,0.27879488909265643
88.85,1.0,44.0,28.0,0.6363636363636364,0.07127534097629772,0.08672374044667433,1.4913253125977872,-0.2,0.041384531996872136,0.0684919796358526,2.541473338461035,7.739527927518173,1.7836734683987447,0.1954854197722713,0.042254593317872846,0.0,0.871716171828696,0.5965962314919561,0.34056499303466153
89.09,1.0,34.0,19.0,0.5588235294117647,0.04312646117526651,0.057249139680393614,3.4947319908662355,-0.2,0.060615052719572626,0.041487737564395395,2.7214263782261625,7.8654183040627075,1.6295484484129863,0.19965491810081915,0.011743665448030072,0.0,0.8983944854775476,0.580454703366446,0.25966906647122495
89.28999999999999,1.0,32.0,18.0,0.5625,0.01392956653907611,0.026312386059693212,2.746746903666811,-0.2,0.00020246072971848636,0.00888927496776457,2.918169371489198,7.9524933968242255,1.5097132962587663,0.19962700233512853,-0.01220901055329815,0.0,0.8652704733849407,0.5101171361015424,0.25393490010365816
89.53,1.0,30.0,13.0,0.43333333333333335,0.016689604264948504,0.03046111630617658,2.9272050916106447,-0.17882406951060334,0.0017093818971479692,0.009990425960166943,3.098856237447488,8.040533723150224,1.3929304275129144,0.17600285501823043,-0.03163926139727202,0.0,0.8636137419790344,0.459177020782736,0.20962736713578375
89.75,0.0,26.0,5.0,0.19230769230769232,0.17563545773740005,0.18296018015343973,1.6796951824608544,nan,nan,nan,nan,nan,nan,0.17600285501823043,-0.03163926139727202,0.0,0.8636137419790344,0.459177020782736,0.20962736713578375
89.94999999999999,0.0,45.0,5.0,0.1111111111111111,0.23567537536423283,0.3328067091050207,21.15594255829761,nan,nan,nan,nan,nan,nan,0.17600285501823043,-0.03163926139727202,0.0,0.8636137419790344,0.459177020782736,0.20962736713578375
90.19,0.0,36.0,3.0,0.08333333333333333,0.31679542897941443,0.34270141822498357,19.88335667022502,nan,nan,nan,nan,nan,nan,0.17600285501823043,-0.03163926139727202,0.0,0.8636137419790344,0.459177020782736,0.20962736713578375
90.43,0.0,52.0,3.0,0.057692307692307696,0.14738411692644196,0.15452676345971567,19.449096889045226,nan,nan,nan,nan,nan,nan,0.17600285501823043,-0.03163926139727202,0.0,0.8636137419790344,0.459177020782736,0.20962736713578375
90.63,0.0,44.0,0.0,0.0,nan,nan,nan,nan,nan,nan,nan,nan,nan,0.17600285501823043,-0.03163926139727202,0.0,0.8636137419790344,0.459177020782736,0.20962736713578375
90.83000000000001,0.0,43.0,0.0,0.0,nan,nan,nan,nan,nan,nan,nan,nan,nan,0.17600285501823043,-0.03163926139727202,0.0,0.8636137419790344,0.459177020782736,0.20962736713578375
91.05000000000001,0.0,33.0,0.0,0.0,nan,nan,nan,nan,nan,nan,nan,nan,nan,0.17600285501823043,-0.03163926139727202,0.0,0.8636137419790344,0.459177020782736,0.20962736713578375
91.28999999999999,0.0,33.0,0.0,0.0,nan,nan,nan,nan,nan,nan,nan,nan,nan,0.17600285501823043,-0.03163926139727202,0.0,0.8636137419790344,0.459177020782736,0.20962736713578375
91.53,0.0,17.0,0.0,0.0,nan,nan,nan,nan,nan,nan,nan,nan,nan,0.17600285501823043,-0.03163926139727202,0.0,0.8636137419790344,0.459177020782736,0.20962736713578375
92.19,0.0,18.0,0.0,0.0,nan,nan,nan,nan,nan,nan,nan,nan,nan,0.17600285501823043,-0.03163926139727202,0.0,0.8636137419790344,0.459177020782736,0.20962736713578375
92.43,1.0,20.0,11.0,0.55,0.20540537077121399,0.22136124183132333,4.252165682723325,0.2,-0.018567942925433012,0.1993944734538903,3.2452880348624507,9.389801816279174,1.8355123938751872,-0.19303336532833404,-0.05232704721287007,0.0,0.7542218526690943,0.30515613638418,0.4972684755182816
93.25,0.0,13.0,0.0,0.0,nan,nan,nan,nan,nan,nan,nan,nan,nan,-0.19303336532833404,-0.05232704721287007,0.0,0.7542218526690943,0.30515613638418,0.4972684755182816
93.49000000000001,0.0,37.0,0.0,0.0,nan,nan,nan,nan,nan,nan,nan,nan,nan,-0.19303336532833404,-0.05232704721287007,0.0,0.7542218526690943,0.30515613638418,0.4972684755182816
93.69,0.0,29.0,0.0,0.0,nan,nan,nan,nan,nan,nan,nan,nan,nan,-0.19303336532833404,-0.05232704721287007,0.0,0.7542218526690943,0.30515613638418,0.4972684755182816
93.93,0.0,38.0,0.0,0.0,nan,nan,nan,nan,nan,nan,nan,nan,nan,-0.19303336532833404,-0.05232704721287007,0.0,0.7542218526690943,0.30515613638418,0.4972684755182816
94.13,0.0,46.0,0.0,0.0,nan,nan,nan,nan,nan,nan,nan,nan,nan,-0.19303336532833404,-0.05232704721287007,0.0,0.7542218526690943,0.30515613638418,0.4972684755182816
94.35,0.0,40.0,0.0,0.0,nan,nan,nan,nan,nan,nan,nan,nan,nan,-0.19303336532833404,-0.05232704721287007,0.0,0.7542218526690943,0.30515613638418,0.4972684755182816
94.55000000000001,0.0,46.0,0.0,0.0,nan,nan,nan,nan,nan,nan,nan,nan,nan,-0.19303336532833404,-0.05232704721287007,0.0,0.7542218526690943,0.30515613638418,0.4972684755182816
94.78999999999999,0.0,44.0,0.0,0.0,nan,nan,nan,nan,nan,nan,nan,nan,nan,-0.19303336532833404,-0.05232704721287007,0.0,0.7542218526690943,0.30515613638418,0.4972684755182816
94.99000000000001,0.0,45.0,0.0,0.0,nan,nan,nan,nan,nan,nan,nan,nan,nan,-0.19303336532833404,-0.05232704721287007,0.0,0.7542218526690943,0.30515613638418,0.4972684755182816
95.23000000000002,0.0,44.0,0.0,0.0,nan,nan,nan,nan,nan,nan,nan,nan,nan,-0.19303336532833404,-0.05232704721287007,0.0,0.7542218526690943,0.30515613638418,0.4972684755182816
95.49000000000001,0.0,45.0,5.0,0.1111111111111111,0.3381349340160772,0.34241679518270024,3.445650870902374,nan,nan,nan,nan,nan,nan,-0.19303336532833404,-0.05232704721287007,0.0,0.7542218526690943,0.30515613638418,0.4972684755182816
95.73000000000002,0.0,38.0,37.0,0.9736842105263158,0.30776681439479797,0.33894780484986253,5.018264672045597,nan,nan,nan,nan,nan,nan,-0.19303336532833404,-0.05232704721287007,0.0,0.7542218526690943,0.30515613638418,0.4972684755182816
95.93,0.0,43.0,0.0,0.0,nan,nan,nan,nan,nan,nan,nan,nan,nan,-0.19303336532833404,-0.05232704721287007,0.0,0.7542218526690943,0.30515613638418,0.4972684755182816
96.15,0.0,29.0,0.0,0.0,nan,nan,nan,nan,nan,nan,nan,nan,nan,-0.19303336532833404,-0.05232704721287007,0.0,0.7542218526690943,0.30515613638418,0.4972684755182816
96.35,0.0,29.0,0.0,0.0,nan,nan,nan,nan,nan,nan,nan,nan,nan,-0.19303336532833404,-0.05232704721287007,0.0,0.7542218526690943,0.30515613638418,0.4972684755182816
96.59,0.0,34.0,0.0,0.0,nan,nan,nan,nan,nan,nan,nan,nan,nan,-0.19303336532833404,-0.05232704721287007,0.0,0.7542218526690943,0.30515613638418,0.4972684755182816
96.79000000000002,0.0,37.0,0.0,0.0,nan,nan,nan,nan,nan,nan,nan,nan,nan,-0.19303336532833404,-0.05232704721287007,0.0,0.7542218526690943,0.30515613638418,0.4972684755182816
96.99000000000001,0.0,27.0,0.0,0.0,nan,nan,nan,nan,nan,nan,nan,nan,nan,-0.19303336532833404,-0.05232704721287007,0.0,0.7542218526690943,0.30515613638418,0.4972684755182816
97.23000000000002,0.0,32.0,0.0,0.0,nan,nan,nan,nan,nan,nan,nan,nan,nan,-0.19303336532833404,-0.05232704721287007,0.0,0.7542218526690943,0.30515613638418,0.4972684755182816
97.43,0.0,36.0,0.0,0.0,nan,nan,nan,nan,nan,nan,nan,nan,nan,-0.19303336532833404,-0.05232704721287007,0.0,0.7542218526690943,0.30515613638418,0.4972684755182816
97.65,0.0,33.0,0.0,0.0,nan,nan,nan,nan,nan,nan,nan,nan,nan,-0.19303336532833404,-0.05232704721287007,0.0,0.7542218526690943,0.30515613638418,0.4972684755182816
97.89000000000001,0.0,33.0,0.0,0.0,nan,nan,nan,nan,nan,nan,nan,nan,nan,-0.19303336532833404,-0.05232704721287007,0.0,0.7542218526690943,0.30515613638418,0.4972684755182816
98.13,0.0,31.0,0.0,0.0,nan,nan,nan,nan,nan,nan,nan,nan,nan,-0.19303336532833404,-0.05232704721287007,0.0,0.7542218526690943,0.30515613638418,0.4972684755182816
98.35,0.0,28.0,0.0,0.0,nan,nan,nan,nan,nan,nan,nan,nan,nan,-0.19303336532833404,-0.05232704721287007,0.0,0.7542218526690943,0.30515613638418,0.4972684755182816
98.55000000000001,0.0,34.0,0.0,0.0,nan,nan,nan,nan,nan,nan,nan,nan,nan,-0.19303336532833404,-0.05232704721287007,0.0,0.7542218526690943,0.30515613638418,0.4972684755182816
98.79000000000002,0.0,26.0,0.0,0.0,nan,nan,nan,nan,nan,nan,nan,nan,nan,-0.19303336532833404,-0.05232704721287007,0.0,0.7542218526690943,0.30515613638418,0.4972684755182816
98.99000000000001,0.0,29.0,0.0,0.0,nan,nan,nan,nan,nan,nan,nan,nan,nan,-0.19303336532833404,-0.05232704721287007,0.0,0.7542218526690943,0.30515613638418,0.4972684755182816
99.23000000000002,0.0,41.0,0.0,0.0,nan,nan,nan,nan,nan,nan,nan,nan,nan,-0.19303336532833404,-0.05232704721287007,0.0,0.7542218526690943,0.30515613638418,0.4972684755182816
99.45000000000002,0.0,56.0,0.0,0.0,nan,nan,nan,nan,nan,nan,nan,nan,nan,-0.19303336532833404,-0.05232704721287007,0.0,0.7542218526690943,0.30515613638418,0.4972684755182816
99.95000000000002,0.0,40.0,1.0,0.025,0.3288605395691852,0.3288605395691852,20.557182522587052,nan,nan,nan,nan,nan,nan,-0.19303336532833404,-0.05232704721287007,0.0,0.7542218526690943,0.30515613638418,0.4972684755182816
100.03,0.0,48.0,0.0,0.0,nan,nan,nan,nan,nan,nan,nan,nan,nan,-0.19303336532833404,-0.05232704721287007,0.0,0.7542218526690943,0.30515613638418,0.4972684755182816
100.29000000000002,0.0,43.0,0.0,0.0,nan,nan,nan,nan,nan,nan,nan,nan,nan,-0.19303336532833404,-0.05232704721287007,0.0,0.7542218526690943,0.30515613638418,0.4972684755182816
100.55000000000001,0.0,47.0,0.0,0.0,nan,nan,nan,nan,nan,nan,nan,nan,nan,-0.19303336532833404,-0.05232704721287007,0.0,0.7542218526690943,0.30515613638418,0.4972684755182816
100.63,0.0,37.0,0.0,0.0,nan,nan,nan,nan,nan,nan,nan,nan,nan,-0.19303336532833404,-0.05232704721287007,0.0,0.7542218526690943,0.30515613638418,0.4972684755182816
100.83000000000001,0.0,33.0,0.0,0.0,nan,nan,nan,nan,nan,nan,nan,nan,nan,-0.19303336532833404,-0.05232704721287007,0.0,0.7542218526690943,0.30515613638418,0.4972684755182816
101.03,0.0,21.0,0.0,0.0,nan,nan,nan,nan,nan,nan,nan,nan,nan,-0.19303336532833404,-0.05232704721287007,0.0,0.7542218526690943,0.30515613638418,0.4972684755182816
101.23000000000002,0.0,19.0,0.0,0.0,nan,nan,nan,nan,nan,nan,nan,nan,nan,-0.19303336532833404,-0.05232704721287007,0.0,0.7542218526690943,0.30515613638418,0.4972684755182816
101.43,0.0,22.0,0.0,0.0,nan,nan,nan,nan,nan,nan,nan,nan,nan,-0.19303336532833404,-0.05232704721287007,0.0,0.7542218526690943,0.30515613638418,0.4972684755182816
101.89000000000001,0.0,25.0,0.0,0.0,nan,nan,nan,nan,nan,nan,nan,nan,nan,-0.19303336532833404,-0.05232704721287007,0.0,0.7542218526690943,0.30515613638418,0.4972684755182816
102.03,0.0,40.0,0.0,0.0,nan,nan,nan,nan,nan,nan,nan,nan,nan,-0.19303336532833404,-0.05232704721287007,0.0,0.7542218526690943,0.30515613638418,0.4972684755182816
102.19,0.0,45.0,0.0,0.0,nan,nan,nan,nan,nan,nan,nan,nan,nan,-0.19303336532833404,-0.05232704721287007,0.0,0.7542218526690943,0.30515613638418,0.4972684755182816
102.43,0.0,47.0,0.0,0.0,nan,nan,nan,nan,nan,nan,nan,nan,nan,-0.19303336532833404,-0.05232704721287007,0.0,0.7542218526690943,0.30515613638418,0.4972684755182816
102.59,0.0,37.0,0.0,0.0,nan,nan,nan,nan,nan,nan,nan,nan,nan,-0.19303336532833404,-0.05232704721287007,0.0,0.7542218526690943,0.30515613638418,0.4972684755182816
102.83000000000001,0.0,48.0,0.0,0.0,nan,nan,nan,nan,nan,nan,nan,nan,nan,-0.19303336532833404,-0.05232704721287007,0.0,0.7542218526690943,0.30515613638418,0.4972684755182816
103.05000000000001,0.0,40.0,0.0,0.0,nan,nan,nan,nan,nan,nan,nan,nan,nan,-0.19303336532833404,-0.05232704721287007,0.0,0.7542218526690943,0.30515613638418,0.4972684755182816
103.19,0.0,43.0,0.0,0.0,nan,nan,nan,nan,nan,nan,nan,nan,nan,-0.19303336532833404,-0.05232704721287007,0.0,0.7542218526690943,0.30515613638418,0.4972684755182816
103.45000000000002,0.0,44.0,0.0,0.0,nan,nan,nan,nan,nan,nan,nan,nan,nan,-0.19303336532833404,-0.05232704721287007,0.0,0.7542218526690943,0.30515613638418,0.4972684755182816
103.59,0.0,45.0,0.0,0.0,nan,nan,nan,nan,nan,nan,nan,nan,nan,-0.19303336532833404,-0.05232704721287007,0.0,0.7542218526690943,0.30515613638418,0.4972684755182816
103.93,0.0,45.0,0.0,0.0,nan,nan,nan,nan,nan,nan,nan,nan,nan,-0.19303336532833404,-0.05232704721287007,0.0,0.7542218526690943,0.30515613638418,0.4972684755182816
103.99000000000001,0.0,37.0,0.0,0.0,nan,nan,nan,nan,nan,nan,nan,nan,nan,-0.19303336532833404,-0.05232704721287007,0.0,0.7542218526690943,0.30515613638418,0.4972684755182816
104.09,0.0,37.0,0.0,0.0,nan,nan,nan,nan,nan,nan,nan,nan,nan,-0.19303336532833404,-0.05232704721287007,0.0,0.7542218526690943,0.30515613638418,0.4972684755182816
104.45000000000002,0.0,30.0,0.0,0.0,nan,nan,nan,nan,nan,nan,nan,nan,nan,-0.19303336532833404,-0.05232704721287007,0.0,0.7542218526690943,0.30515613638418,0.4972684755182816
104.79000000000002,0.0,37.0,0.0,0.0,nan,nan,nan,nan,nan,nan,nan,nan,nan,-0.19303336532833404,-0.05232704721287007,0.0,0.7542218526690943,0.30515613638418,0.4972684755182816
104.99000000000001,0.0,43.0,0.0,0.0,nan,nan,nan,nan,nan,nan,nan,nan,nan,-0.19303336532833404,-0.05232704721287007,0.0,0.7542218526690943,0.30515613638418,0.4972684755182816
105.25,0.0,39.0,0.0,0.0,nan,nan,nan,nan,nan,nan,nan,nan,nan,-0.19303336532833404,-0.05232704721287007,0.0,0.7542218526690943,0.30515613638418,0.4972684755182816
105.59,0.0,34.0,0.0,0.0,nan,nan,nan,nan,nan,nan,nan,nan,nan,-0.19303336532833404,-0.05232704721287007,0.0,0.7542218526690943,0.30515613638418,0.4972684755182816
105.85,0.0,36.0,0.0,0.0,nan,nan,nan,nan,nan,nan,nan,nan,nan,-0.19303336532833404,-0.05232704721287007,0.0,0.7542218526690943,0.30515613638418,0.4972684755182816
105.99000000000001,0.0,51.0,0.0,0.0,nan,nan,nan,nan,nan,nan,nan,nan,nan,-0.19303336532833404,-0.05232704721287007,0.0,0.7542218526690943,0.30515613638418,0.4972684755182816
106.43,0.0,51.0,0.0,0.0,nan,nan,nan,nan,nan,nan,nan,nan,nan,-0.19303336532833404,-0.05232704721287007,0.0,0.7542218526690943,0.30515613638418,0.4972684755182816
106.45000000000002,0.0,48.0,0.0,0.0,nan,nan,nan,nan,nan,nan,nan,nan,nan,-0.19303336532833404,-0.05232704721287007,0.0,0.7542218526690943,0.30515613638418,0.4972684755182816
106.55000000000001,0.0,40.0,0.0,0.0,nan,nan,nan,nan,nan,nan,nan,nan,nan,-0.19303336532833404,-0.05232704721287007,0.0,0.7542218526690943,0.30515613638418,0.4972684755182816
106.83000000000001,0.0,38.0,0.0,0.0,nan,nan,nan,nan,nan,nan,nan,nan,nan,-0.19303336532833404,-0.05232704721287007,0.0,0.7542218526690943,0.30515613638418,0.4972684755182816
106.95000000000002,0.0,61.0,0.0,0.0,nan,nan,nan,nan,nan,nan,nan,nan,nan,-0.19303336532833404,-0.05232704721287007,0.0,0.7542218526690943,0.30515613638418,0.4972684755182816
107.15,0.0,59.0,0.0,0.0,nan,nan,nan,nan,nan,nan,nan,nan,nan,-0.19303336532833404,-0.05232704721287007,0.0,0.7542218526690943,0.30515613638418,0.4972684755182816
107.33000000000001,0.0,56.0,0.0,0.0,nan,nan,nan,nan,nan,nan,nan,nan,nan,-0.19303336532833404,-0.05232704721287007,0.0,0.7542218526690943,0.30515613638418,0.4972684755182816
107.55000000000001,0.0,32.0,0.0,0.0,nan,nan,nan,nan,nan,nan,nan,nan,nan,-0.19303336532833404,-0.05232704721287007,0.0,0.7542218526690943,0.30515613638418,0.4972684755182816
107.89000000000001,0.0,23.0,0.0,0.0,nan,nan,nan,nan,nan,nan,nan,nan,nan,-0.19303336532833404,-0.05232704721287007,0.0,0.7542218526690943,0.30515613638418,0.4972684755182816
108.13,0.0,23.0,0.0,0.0,nan,nan,nan,nan,nan,nan,nan,nan,nan,-0.19303336532833404,-0.05232704721287007,0.0,0.7542218526690943,0.30515613638418,0.4972684755182816
108.15,0.0,17.0,0.0,0.0,nan,nan,nan,nan,nan,nan,nan,nan,nan,-0.19303336532833404,-0.05232704721287007,0.0,0.7542218526690943,0.30515613638418,0.4972684755182816
108.69,0.0,29.0,0.0,0.0,nan,nan,nan,nan,nan,nan,nan,nan,nan,-0.19303336532833404,-0.05232704721287007,0.0,0.7542218526690943,0.30515613638418,0.4972684755182816
108.75,0.0,44.0,0.0,0.0,nan,nan,nan,nan,nan,nan,nan,nan,nan,-0.19303336532833404,-0.05232704721287007,0.0,0.7542218526690943,0.30515613638418,0.4972684755182816
108.93,0.0,35.0,0.0,0.0,nan,nan,nan,nan,nan,nan,nan,nan,nan,-0.19303336532833404,-0.05232704721287007,0.0,0.7542218526690943,0.30515613638418,0.4972684755182816
109.23000000000002,0.0,38.0,0.0,0.0,nan,nan,nan,nan,nan,nan,nan,nan,nan,-0.19303336532833404,-0.05232704721287007,0.0,0.7542218526690943,0.30515613638418,0.4972684755182816
109.39000000000001,0.0,31.0,0.0,0.0,nan,nan,nan,nan,nan,nan,nan,nan,nan,-0.19303336532833404,-0.05232704721287007,0.0,0.7542218526690943,0.30515613638418,0.4972684755182816
109.55000000000001,0.0,33.0,0.0,0.0,nan,nan,nan,nan,nan,nan,nan,nan,nan,-0.19303336532833404,-0.05232704721287007,0.0,0.7542218526690943,0.30515613638418,0.4972684755182816
109.73000000000002,0.0,32.0,0.0,0.0,nan,nan,nan,nan,nan,nan,nan,nan,nan,-0.19303336532833404,-0.05232704721287007,0.0,0.7542218526690943,0.30515613638418,0.4972684755182816
109.99000000000001,0.0,38.0,0.0,0.0,nan,nan,nan,nan,nan,nan,nan,nan,nan,-0.19303336532833404,-0.05232704721287007,0.0,0.7542218526690943,0.30515613638418,0.4972684755182816
110.13,0.0,29.0,0.0,0.0,nan,nan,nan,nan,nan,nan,nan,nan,nan,-0.19303336532833404,-0.05232704721287007,0.0,0.7542218526690943,0.30515613638418,0.4972684755182816
110.33000000000001,0.0,30.0,0.0,0.0,nan,nan,nan,nan,nan,nan,nan,nan,nan,-0.19303336532833404,-0.05232704721287007,0.0,0.7542218526690943,0.30515613638418,0.4972684755182816
110.53,0.0,32.0,0.0,0.0,nan,nan,nan,nan,nan,nan,nan,nan,nan,-0.19303336532833404,-0.05232704721287007,0.0,0.7542218526690943,0.30515613638418,0.4972684755182816
110.73000000000002,0.0,27.0,0.0,0.0,nan,nan,nan,nan,nan,nan,nan,nan,nan,-0.19303336532833404,-0.05232704721287007,0.0,0.7542218526690943,0.30515613638418,0.4972684755182816
110.93,0.0,26.0,0.0,0.0,nan,nan,nan,nan,nan,nan,nan,nan,nan,-0.19303336532833404,-0.05232704721287007,0.0,0.7542218526690943,0.30515613638418,0.4972684755182816
111.13,0.0,37.0,0.0,0.0,nan,nan,nan,nan,nan,nan,nan,nan,nan,-0.19303336532833404,-0.05232704721287007,0.0,0.7542218526690943,0.30515613638418,0.4972684755182816
111.33000000000001,0.0,48.0,0.0,0.0,nan,nan,nan,nan,nan,nan,nan,nan,nan,-0.19303336532833404,-0.05232704721287007,0.0,0.7542218526690943,0.30515613638418,0.4972684755182816
111.53,0.0,63.0,0.0,0.0,nan,nan,nan,nan,nan,nan,nan,nan,nan,-0.19303336532833404,-0.05232704721287007,0.0,0.7542218526690943,0.30515613638418,0.4972684755182816
111.73000000000002,0.0,43.0,0.0,0.0,nan,nan,nan,nan,nan,nan,nan,nan,nan,-0.19303336532833404,-0.05232704721287007,0.0,0.7542218526690943,0.30515613638418,0.4972684755182816
111.93,0.0,65.0,0.0,0.0,nan,nan,nan,nan,nan,nan,nan,nan,nan,-0.19303336532833404,-0.05232704721287007,0.0,0.7542218526690943,0.30515613638418,0.4972684755182816
112.19,0.0,63.0,0.0,0.0,nan,nan,nan,nan,nan,nan,nan,nan,nan,-0.19303336532833404,-0.05232704721287007,0.0,0.7542218526690943,0.30515613638418,0.4972684755182816
112.33000000000001,0.0,60.0,0.0,0.0,nan,nan,nan,nan,nan,nan,nan,nan,nan,-0.19303336532833404,-0.05232704721287007,0.0,0.7542218526690943,0.30515613638418,0.4972684755182816
112.49000000000001,0.0,35.0,0.0,0.0,nan,nan,nan,nan,nan,nan,nan,nan,nan,-0.19303336532833404,-0.05232704721287007,0.0,0.7542218526690943,0.30515613638418,0.4972684755182816
112.69,0.0,44.0,0.0,0.0,nan,nan,nan,nan,nan,nan,nan,nan,nan,-0.19303336532833404,-0.05232704721287007,0.0,0.7542218526690943,0.30515613638418,0.4972684755182816
112.93,0.0,35.0,0.0,0.0,nan,nan,nan,nan,nan,nan,nan,nan,nan,-0.19303336532833404,-0.05232704721287007,0.0,0.7542218526690943,0.30515613638418,0.4972684755182816
113.09,0.0,31.0,0.0,0.0,nan,nan,nan,nan,nan,nan,nan,nan,nan,-0.19303336532833404,-0.05232704721287007,0.0,0.7542218526690943,0.30515613638418,0.4972684755182816
113.35,0.0,32.0,0.0,0.0,nan,nan,nan,nan,nan,nan,nan,nan,nan,-0.19303336532833404,-0.05232704721287007,0.0,0.7542218526690943,0.30515613638418,0.4972684755182816
113.49000000000001,0.0,23.0,0.0,0.0,nan,nan,nan,nan,nan,nan,nan,nan,nan,-0.19303336532833404,-0.05232704721287007,0.0,0.7542218526690943,0.30515613638418,0.4972684755182816
113.75,0.0,17.0,0.0,0.0,nan,nan,nan,nan,nan,nan,nan,nan,nan,-0.19303336532833404,-0.05232704721287007,0.0,0.7542218526690943,0.30515613638418,0.4972684755182816
114.29000000000002,0.0,14.0,0.0,0.0,nan,nan,nan,nan,nan,nan,nan,nan,nan,-0.19303336532833404,-0.05232704721287007,0.0,0.7542218526690943,0.30515613638418,0.4972684755182816
114.49000000000001,0.0,34.0,0.0,0.0,nan,nan,nan,nan,nan,nan,nan,nan,nan,-0.19303336532833404,-0.05232704721287007,0.0,0.7542218526690943,0.30515613638418,0.4972684755182816
114.59,0.0,34.0,0.0,0.0,nan,nan,nan,nan,nan,nan,nan,nan,nan,-0.19303336532833404,-0.05232704721287007,0.0,0.7542218526690943,0.30515613638418,0.4972684755182816
114.79000000000002,0.0,34.0,0.0,0.0,nan,nan,nan,nan,nan,nan,nan,nan,nan,-0.19303336532833404,-0.05232704721287007,0.0,0.7542218526690943,0.30515613638418,0.4972684755182816
115.03,0.0,34.0,0.0,0.0,nan,nan,nan,nan,nan,nan,nan,nan,nan,-0.19303336532833404,-0.05232704721287007,0.0,0.7542218526690943,0.30515613638418,0.4972684755182816
115.25,0.0,37.0,0.0,0.0,nan,nan,nan,nan,nan,nan,nan,nan,nan,-0.19303336532833404,-0.05232704721287007,0.0,0.7542218526690943,0.30515613638418,0.4972684755182816
115.49000000000001,0.0,31.0,0.0,0.0,nan,nan,nan,nan,nan,nan,nan,nan,nan,-0.19303336532833404,-0.05232704721287007,0.0,0.7542218526690943,0.30515613638418,0.4972684755182816
115.69,0.0,28.0,0.0,0.0,nan,nan,nan,nan,nan,nan,nan,nan,nan,-0.19303336532833404,-0.05232704721287007,0.0,0.7542218526690943,0.30515613638418,0.4972684755182816
115.93,0.0,26.0,0.0,0.0,nan,nan,nan,nan,nan,nan,nan,nan,nan,-0.19303336532833404,-0.05232704721287007,0.0,0.7542218526690943,0.30515613638418,0.4972684755182816
116.13,0.0,30.0,0.0,0.0,nan,nan,nan,nan,nan,nan,nan,nan,nan,-0.19303336532833404,-0.05232704721287007,0.0,0.7542218526690943,0.30515613638418,0.4972684755182816
116.35,0.0,49.0,0.0,0.0,nan,nan,nan,nan,nan,nan,nan,nan,nan,-0.19303336532833404,-0.05232704721287007,0.0,0.7542218526690943,0.30515613638418,0.4972684755182816
116.59,0.0,86.0,0.0,0.0,nan,nan,nan,nan,nan,nan,nan,nan,nan,-0.19303336532833404,-0.05232704721287007,0.0,0.7542218526690943,0.30515613638418,0.4972684755182816
116.83000000000001,0.0,59.0,0.0,0.0,nan,nan,nan,nan,nan,nan,nan,nan,nan,-0.19303336532833404,-0.05232704721287007,0.0,0.7542218526690943,0.30515613638418,0.4972684755182816
117.05000000000001,0.0,48.0,0.0,0.0,nan,nan,nan,nan,nan,nan,nan,nan,nan,-0.19303336532833404,-0.05232704721287007,0.0,0.7542218526690943,0.30515613638418,0.4972684755182816
117.29000000000002,0.0,39.0,0.0,0.0,nan,nan,nan,nan,nan,nan,nan,nan,nan,-0.19303336532833404,-0.05232704721287007,0.0,0.7542218526690943,0.30515613638418,0.4972684755182816
117.53,0.0,40.0,0.0,0.0,nan,nan,nan,nan,nan,nan,nan,nan,nan,-0.19303336532833404,-0.05232704721287007,0.0,0.7542218526690943,0.30515613638418,0.4972684755182816
117.75,0.0,28.0,0.0,0.0,nan,nan,nan,nan,nan,nan,nan,nan,nan,-0.19303336532833404,-0.05232704721287007,0.0,0.7542218526690943,0.30515613638418,0.4972684755182816
117.99000000000001,0.0,22.0,0.0,0.0,nan,nan,nan,nan,nan,nan,nan,nan,nan,-0.19303336532833404,-0.05232704721287007,0.0,0.7542218526690943,0.30515613638418,0.4972684755182816
118.43,0.0,12.0,0.0,0.0,nan,nan,nan,nan,nan,nan,nan,nan,nan,-0.19303336532833404,-0.05232704721287007,0.0,0.7542218526690943,0.30515613638418,0.4972684755182816
118.89000000000001,0.0,28.0,0.0,0.0,nan,nan,nan,nan,nan,nan,nan,nan,nan,-0.19303336532833404,-0.05232704721287007,0.0,0.7542218526690943,0.30515613638418,0.4972684755182816
119.09,0.0,27.0,0.0,0.0,nan,nan,nan,nan,nan,nan,nan,nan,nan,-0.19303336532833404,-0.05232704721287007,0.0,0.7542218526690943,0.30515613638418,0.4972684755182816
119.25,0.0,28.0,0.0,0.0,nan,nan,nan,nan,nan,nan,nan,nan,nan,-0.19303336532833404,-0.05232704721287007,0.0,0.7542218526690943,0.30515613638418,0.4972684755182816
119.49000000000001,0.0,38.0,0.0,0.0,nan,nan,nan,nan,nan,nan,nan,nan,nan,-0.19303336532833404,-0.05232704721287007,0.0,0.7542218526690943,0.30515613638418,0.4972684755182816
119.73000000000002,0.0,24.0,0.0,0.0,nan,nan,nan,nan,nan,nan,nan,nan,nan,-0.19303336532833404,-0.05232704721287007,0.0,0.7542218526690943,0.30515613638418,0.4972684755182816
119.93,0.0,20.0,0.0,0.0,nan,nan,nan,nan,nan,nan,nan,nan,nan,-0.19303336532833404,-0.05232704721287007,0.0,0.7542218526690943,0.30515613638418,0.4972684755182816
120.15,0.0,27.0,0.0,0.0,nan,nan,nan,nan,nan,nan,nan,nan,nan,-0.19303336532833404,-0.05232704721287007,0.0,0.7542218526690943,0.30515613638418,0.4972684755182816
120.39000000000001,0.0,14.0,0.0,0.0,nan,nan,nan,nan,nan,nan,nan,nan,nan,-0.19303336532833404,-0.05232704721287007,0.0,0.7542218526690943,0.30515613638418,0.4972684755182816
120.59,0.0,14.0,0.0,0.0,nan,nan,nan,nan,nan,nan,nan,nan,nan,-0.19303336532833404,-0.05232704721287007,0.0,0.7542218526690943,0.30515613638418,0.4972684755182816
120.83000000000001,0.0,16.0,3.0,0.1875,0.3411133519028205,0.3490478947576984,9.821523917932707,nan,nan,nan,nan,nan,nan,-0.19303336532833404,-0.05232704721287007,0.0,0.7542218526690943,0.30515613638418,0.4972684755182816
121.05000000000001,0.0,62.0,16.0,0.25806451612903225,0.29546205028525296,0.30986321122198285,1.7076714442152063,nan,nan,nan,nan,nan,nan,-0.19303336532833404,-0.05232704721287007,0.0,0.7542218526690943,0.30515613638418,0.4972684755182816
121.49000000000001,0.0,62.0,16.0,0.25806451612903225,0.29546205028525296,0.30986321122198285,1.7076714442152063,nan,nan,nan,nan,nan,nan,-0.19303336532833404,-0.05232704721287007,0.0,0.7542218526690943,0.30515613638418,0.4972684755182816
121.59,1.0,85.0,16.0,0.18823529411764706,0.21028028680305882,0.2288245853473888,4.568452599411871,0.2,-0.12,0.20919786158353365,-0.9038981785922755,3.91434276897173,-0.41090872777612736,0.07988851529049068,0.18335164336509502,0.0,0.9640796400608732,0.9650097800141891,0.8336713515426338
121.85,1.0,54.0,11.0,0.2037037037037037,0.20535176182276604,0.2180128644226169,4.93957121221567,0.2,-0.11874191864138593,0.20450945417765562,-0.7362704505835543,4.076216994803415,-0.22443014770418657,0.04451016745542091,0.19498421729229864,-2.7755575615628914e-17,0.4220720709939668,0.5064405795268884,0.3928381094109037
122.09,0.0,45.0,1.0,0.022222222222222223,0.30826536126122794,0.30826536126122794,22.880753602683367,nan,nan,nan,nan,nan,nan,0.04451016745542091,0.19498421729229864,-2.7755575615628914e-17,0.4220720709939668,0.5064405795268884,0.3928381094109037
122.29000000000002,0.0,34.0,1.0,0.029411764705882353,0.32385955425408364,0.32385955425408364,8.167488105223418,nan,nan,nan,nan,nan,nan,0.04451016745542091,0.19498421729229864,-2.7755575615628914e-17,0.4220720709939668,0.5064405795268884,0.3928381094109037
122.53,0.0,33.0,1.0,0.030303030303030304,0.30022209765837593,0.30022209765837593,2.5942618944958,nan,nan,nan,nan,nan,nan,0.04451016745542091,0.19498421729229864,-2.7755575615628914e-17,0.4220720709939668,0.5064405795268884,0.3928381094109037
122.73000000000002,0.0,22.0,0.0,0.0,nan,nan,nan,nan,nan,nan,nan,nan,nan,0.04451016745542091,0.19498421729229864,-2.7755575615628914e-17,0.4220720709939668,0.5064405795268884,0.3928381094109037
123.59,0.0,22.0,0.0,0.0,nan,nan,nan,nan,nan,nan,nan,nan,nan,0.04451016745542091,0.19498421729229864,-2.7755575615628914e-17,0.4220720709939668,0.5064405795268884,0.3928381094109037
123.83000000000001,0.0,19.0,0.0,0.0,nan,nan,nan,nan,nan,nan,nan,nan,nan,0.04451016745542091,0.19498421729229864,-2.7755575615628914e-17,0.4220720709939668,0.5064405795268884,0.3928381094109037
124.03,0.0,24.0,0.0,0.0,nan,nan,nan,nan,nan,nan,nan,nan,nan,0.04451016745542091,0.19498421729229864,-2.7755575615628914e-17,0.4220720709939668,0.5064405795268884,0.3928381094109037
124.25,0.0,29.0,0.0,0.0,nan,nan,nan,nan,nan,nan,nan,nan,nan,0.04451016745542091,0.19498421729229864,-2.7755575615628914e-17,0.4220720709939668,0.5064405795268884,0.3928381094109037
124.49000000000001,0.0,28.0,0.0,0.0,nan,nan,nan,nan,nan,nan,nan,nan,nan,0.04451016745542091,0.19498421729229864,-2.7755575615628914e-17,0.4220720709939668,0.5064405795268884,0.3928381094109037
124.73000000000002,0.0,19.0,0.0,0.0,nan,nan,nan,nan,nan,nan,nan,nan,nan,0.04451016745542091,0.19498421729229864,-2.7755575615628914e-17,0.4220720709939668,0.5064405795268884,0.3928381094109037
124.95000000000002,0.0,21.0,0.0,0.0,nan,nan,nan,nan,nan,nan,nan,nan,nan,0.04451016745542091,0.19498421729229864,-2.7755575615628914e-17,0.4220720709939668,0.5064405795268884,0.3928381094109037
125.19,0.0,14.0,0.0,0.0,nan,nan,nan,nan,nan,nan,nan,nan,nan,0.04451016745542091,0.19498421729229864,-2.7755575615628914e-17,0.4220720709939668,0.5064405795268884,0.3928381094109037
125.43,0.0,65.0,1.0,0.015384615384615385,0.1730276695503453,0.1730276695503453,0.5765920183226265,nan,nan,nan,nan,nan,nan,0.04451016745542091,0.19498421729229864,-2.7755575615628914e-17,0.4220720709939668,0.5064405795268884,0.3928381094109037
125.63,1.0,91.0,24.0,0.26373626373626374,0.0642727455642861,0.08300504412846439,5.16197549037985,-0.2,0.03655834398622167,0.062473079385256564,-0.22494064902299699,2.8603311212710403,-2.2026852394630203,-0.16138264489204948,0.11813399987999507,0.0,0.9847060700313567,0.9829799658637832,0.7503990261725185
125.85,1.0,74.0,20.0,0.2702702702702703,0.03169816378811925,0.05346181371390693,7.7683204909677945,-0.2,0.06028548604617074,0.030162068917678496,-0.4521340289520276,2.931682382593248,-2.392268488281277,-0.13622882073398257,0.146429875371894,0.0,0.7558747604386646,0.7555453131239678,0.4246965956661647
126.09,1.0,76.0,18.0,0.23684210526315788,0.025053956634499504,0.07598907870003013,8.297511759163157,-0.2,0.0708809076315541,0.021675159583703484,-0.6440621553178214,3.0298323540303294,-2.6058325618400566,-0.10209895503515276,0.1719761709677532,0.0,0.6372481650836136,0.7814155694835397,0.33098626810738524
126.33000000000001,1.0,60.0,22.0,0.36666666666666664,0.03898137110827107,0.06208463045598264,9.789698340645208,-0.14605947465487992,0.021544872760784498,0.03603216152411889,-0.8004857642813559,3.1115497710394706,-2.7723355537715424,-0.05271618084197893,0.13621444275074257,0.0,0.6358635968290905,0.8644535442922189,0.3517149989285355
126.53,0.0,55.0,2.0,0.03636363636363636,0.11857855030350606,0.13305850234775607,19.66236441567485,nan,nan,nan,nan,nan,nan,-0.05271618084197893,0.13621444275074257,0.0,0.6358635968290905,0.8644535442922189,0.3517149989285355
126.75,0.0,43.0,0.0,0.0,nan,nan,nan,nan,nan,nan,nan,nan,nan,-0.05271618084197893,0.13621444275074257,0.0,0.6358635968290905,0.8644535442922189,0.3517149989285355
126.99000000000001,0.0,25.0,0.0,0.0,nan,nan,nan,nan,nan,nan,nan,nan,nan,-0.05271618084197893,0.13621444275074257,0.0,0.6358635968290905,0.8644535442922189,0.3517149989285355
127.19,0.0,18.0,0.0,0.0,nan,nan,nan,nan,nan,nan,nan,nan,nan,-0.05271618084197893,0.13621444275074257,0.0,0.6358635968290905,0.8644535442922189,0.3517149989285355
127.43,0.0,17.0,0.0,0.0,nan,nan,nan,nan,nan,nan,nan,nan,nan,-0.05271618084197893,0.13621444275074257,0.0,0.6358635968290905,0.8644535442922189,0.3517149989285355
127.65,0.0,16.0,0.0,0.0,nan,nan,nan,nan,nan,nan,nan,nan,nan,-0.05271618084197893,0.13621444275074257,0.0,0.6358635968290905,0.8644535442922189,0.3517149989285355
127.89000000000001,0.0,20.0,0.0,0.0,nan,nan,nan,nan,nan,nan,nan,nan,nan,-0.05271618084197893,0.13621444275074257,0.0,0.6358635968290905,0.8644535442922189,0.3517149989285355
128.09,0.0,22.0,2.0,0.09090909090909091,0.0391751104642217,0.04732339184349374,17.32875533660967,nan,nan,nan,nan,nan,nan,-0.05271618084197893,0.13621444275074257,0.0,0.6358635968290905,0.8644535442922189,0.3517149989285355
128.33,0.0,18.0,3.0,0.16666666666666666,0.06996516752097567,0.07586535194894503,2.831669461989223,nan,nan,nan,nan,nan,nan,-0.05271618084197893,0.13621444275074257,0.0,0.6358635968290905,0.8644535442922189,0.3517149989285355
128.79000000000002,0.0,17.0,7.0,0.4117647058823529,0.14048956949235664,0.2002835285997901,12.720988956451436,nan,nan,nan,nan,nan,nan,-0.05271618084197893,0.13621444275074257,0.0,0.6358635968290905,0.8644535442922189,0.3517149989285355
129.03,1.0,20.0,20.0,1.0,0.15388253385967027,0.18772343768735686,4.7851840483457755,-0.2,-0.12,0.15331237938625883,-1.8271137618353652,2.269600342448951,-1.4880612940325524,-0.19931588180628035,-0.016528135399519694,0.0,0.7933380130661921,0.7992785696063743,0.6272324047985113
129.23000000000002,0.0,12.0,5.0,0.4166666666666667,0.18899905758259494,0.2037303007342261,4.9216953682144355,nan,nan,nan,nan,nan,nan,-0.19931588180628035,-0.016528135399519694,0.0,0.7933380130661921,0.7992785696063743,0.6272324047985113
129.65,0.0,12.0,0.0,0.0,nan,nan,nan,nan,nan,nan,nan,nan,nan,-0.19931588180628035,-0.016528135399519694,0.0,0.7933380130661921,0.7992785696063743,0.6272324047985113
129.89000000000001,0.0,42.0,0.0,0.0,nan,nan,nan,nan,nan,nan,nan,nan,nan,-0.19931588180628035,-0.016528135399519694,0.0,0.7933380130661921,0.7992785696063743,0.6272324047985113
130.09,0.0,45.0,0.0,0.0,nan,nan,nan,nan,nan,nan,nan,nan,nan,-0.19931588180628035,-0.016528135399519694,0.0,0.7933380130661921,0.7992785696063743,0.6272324047985113
130.33,0.0,37.0,0.0,0.0,nan,nan,nan,nan,nan,nan,nan,nan,nan,-0.19931588180628035,-0.016528135399519694,0.0,0.7933380130661921,0.7992785696063743,0.6272324047985113
130.57,0.0,36.0,0.0,0.0,nan,nan,nan,nan,nan,nan,nan,nan,nan,-0.19931588180628035,-0.016528135399519694,0.0,0.7933380130661921,0.7992785696063743,0.6272324047985113
130.75,0.0,27.0,0.0,0.0,nan,nan,nan,nan,nan,nan,nan,nan,nan,-0.19931588180628035,-0.016528135399519694,0.0,0.7933380130661921,0.7992785696063743,0.6272324047985113
130.99,0.0,27.0,0.0,0.0,nan,nan,nan,nan,nan,nan,nan,nan,nan,-0.19931588180628035,-0.016528135399519694,0.0,0.7933380130661921,0.7992785696063743,0.6272324047985113
131.23000000000002,0.0,25.0,0.0,0.0,nan,nan,nan,nan,nan,nan,nan,nan,nan,-0.19931588180628035,-0.016528135399519694,0.0,0.7933380130661921,0.7992785696063743,0.6272324047985113
131.45000000000002,0.0,27.0,0.0,0.0,nan,nan,nan,nan,nan,nan,nan,nan,nan,-0.19931588180628035,-0.016528135399519694,0.0,0.7933380130661921,0.7992785696063743,0.6272324047985113
131.83,0.0,28.0,0.0,0.0,nan,nan,nan,nan,nan,nan,nan,nan,nan,-0.19931588180628035,-0.016528135399519694,0.0,0.7933380130661921,0.7992785696063743,0.6272324047985113
131.93,0.0,20.0,0.0,0.0,nan,nan,nan,nan,nan,nan,nan,nan,nan,-0.19931588180628035,-0.016528135399519694,0.0,0.7933380130661921,0.7992785696063743,0.6272324047985113
132.15,0.0,26.0,0.0,0.0,nan,nan,nan,nan,nan,nan,nan,nan,nan,-0.19931588180628035,-0.016528135399519694,0.0,0.7933380130661921,0.7992785696063743,0.6272324047985113
132.35,0.0,27.0,0.0,0.0,nan,nan,nan,nan,nan,nan,nan,nan,nan,-0.19931588180628035,-0.016528135399519694,0.0,0.7933380130661921,0.7992785696063743,0.6272324047985113
132.55,0.0,30.0,0.0,0.0,nan,nan,nan,nan,nan,nan,nan,nan,nan,-0.19931588180628035,-0.016528135399519694,0.0,0.7933380130661921,0.7992785696063743,0.6272324047985113
132.79000000000002,0.0,38.0,0.0,0.0,nan,nan,nan,nan,nan,nan,nan,nan,nan,-0.19931588180628035,-0.016528135399519694,0.0,0.7933380130661921,0.7992785696063743,0.6272324047985113
132.99,0.0,39.0,0.0,0.0,nan,nan,nan,nan,nan,nan,nan,nan,nan,-0.19931588180628035,-0.016528135399519694,0.0,0.7933380130661921,0.7992785696063743,0.6272324047985113
133.23000000000002,0.0,46.0,0.0,0.0,nan,nan,nan,nan,nan,nan,nan,nan,nan,-0.19931588180628035,-0.016528135399519694,0.0,0.7933380130661921,0.7992785696063743,0.6272324047985113
133.45000000000002,0.0,42.0,0.0,0.0,nan,nan,nan,nan,nan,nan,nan,nan,nan,-0.19931588180628035,-0.016528135399519694,0.0,0.7933380130661921,0.7992785696063743,0.6272324047985113
133.69,0.0,45.0,0.0,0.0,nan,nan,nan,nan,nan,nan,nan,nan,nan,-0.19931588180628035,-0.016528135399519694,0.0,0.7933380130661921,0.7992785696063743,0.6272324047985113
133.93,0.0,42.0,0.0,0.0,nan,nan,nan,nan,nan,nan,nan,nan,nan,-0.19931588180628035,-0.016528135399519694,0.0,0.7933380130661921,0.7992785696063743,0.6272324047985113
134.15,0.0,35.0,0.0,0.0,nan,nan,nan,nan,nan,nan,nan,nan,nan,-0.19931588180628035,-0.016528135399519694,0.0,0.7933380130661921,0.7992785696063743,0.6272324047985113
134.39000000000001,0.0,41.0,0.0,0.0,nan,nan,nan,nan,nan,nan,nan,nan,nan,-0.19931588180628035,-0.016528135399519694,0.0,0.7933380130661921,0.7992785696063743,0.6272324047985113
134.63,1.0,44.0,12.0,0.2727272727272727,0.06571919494433817,0.12811909987304268,12.268067406588736,0.2,-0.12,0.07116128238111931,1.0006905749371837,1.9887640072687933,-0.019667380089775574,0.003933222440943851,0.19996132066284744,0.0,0.9198038042349134,0.9808313118844824,0.64484584937511
134.85,1.0,54.0,15.0,0.2777777777777778,0.06130763607683183,0.3443133079490159,9.467076069960898,0.13148276592432848,-0.02718925708783168,0.09602118240805992,1.1152881726079034,2.1165405964345956,-0.013366121420797038,0.0017573622865962868,0.13147102119062337,0.0,0.42745278574831286,0.7021094963523943,0.4707440960457544
135.13,1.0,65.0,27.0,0.4153846153846154,0.1860883071914848,0.3139665291345718,8.908151032690846,0.2,-0.12,0.20519413088768063,1.2565883747304338,2.277235516030258,-0.0119918229394729,0.0023983071059774375,0.1999856197905876,0.0,0.18945126165543613,0.5655706197571918,0.5108432035894054
135.35,0.0,42.0,4.0,0.09523809523809523,0.06787510759197679,0.12165867775164156,22.063891412094222,nan,nan,nan,nan,nan,nan,0.0023983071059774375,0.1999856197905876,0.0,0.18945126165543613,0.5655706197571918,0.5108432035894054
135.59,1.0,55.0,23.0,0.41818181818181815,0.125592918612472,0.2898420465711872,10.18905877350252,0.2,-0.12,0.14655022705973725,1.488427701603859,2.3915330989083263,-0.011866752713026668,0.0023732948405315035,0.19998591818325595,0.0,0.3237064388600631,0.757236141213173,0.41574826126315423
135.83,1.0,30.0,27.0,0.9,0.10972556701911103,0.22973810834935363,13.454789610904188,0.2,-0.12,0.12532574353005424,1.6097510699573605,2.5413462640959352,-0.010237618836814268,0.002047488001118758,0.19998951920759556,0.0,0.40049721252439563,0.7690986837619674,0.39675984585657825
136.03,0.0,19.0,3.0,0.15789473684210525,0.06827015767057774,0.08222749584380551,18.24580103402369,nan,nan,nan,nan,nan,nan,0.002047488001118758,0.19998951920759556,0.0,0.40049721252439563,0.7690986837619674,0.39675984585657825
136.25,1.0,29.0,22.0,0.7586206896551724,0.10509397647041592,0.20141400296507456,14.75220322769107,0.2,-0.12,0.11906746364248243,1.8128527679560593,2.7030753002728467,0.037103332074046015,-0.007418963912963594,0.19986235006738573,0.0,0.36724589252166034,0.7740171654386767,0.36114931682605694
136.45000000000002,1.0,22.0,22.0,1.0,0.054617751928554364,0.11449320944759647,17.292714447011136,0.2,-0.12,0.061036057210765306,1.8913825795540116,2.871790054734124,0.11468342034458395,-0.022886438814059273,0.19868621220006766,0.0,0.6425359462348446,0.869021928918938,0.3225819315790377
137.33,1.0,43.0,23.0,0.5348837209302325,0.03262024429999021,0.273593312582928,6.728843390429619,0.2,-0.057734955793860086,0.060934632531135687,2.1212301366505395,3.216653527628973,0.7582567327321824,-0.13753136320984938,0.14520717659138116,0.0,0.8164789529668744,0.9189730958468811,0.4636483086743286
137.55,1.0,45.0,35.0,0.7777777777777778,0.05448673989174905,0.14822810349449272,8.49633966332544,0.2,-0.12,0.060813089505518864,2.0226891848437205,3.425509906317196,0.961551137101335,-0.1640160381149962,0.11444972363907269,0.0,0.809754704007944,0.7305816506772044,0.4532173371627364
137.79000000000002,1.0,38.0,29.0,0.7631578947368421,0.08161759753207828,0.11948751721958759,5.690175221881628,0.2,-0.12,0.07983838472320154,1.8890475387381962,3.6025428256927574,1.180958375342328,-0.18499413133870646,0.07600770599246776,0.0,0.7630078213906132,0.48559379433229205,0.37232755776723553
137.99,1.0,39.0,31.0,0.7948717948717948,0.04680493305188859,0.07109862249853613,4.934123996518446,0.2,-0.006290524837577312,0.044687010309692285,1.742537351398037,3.7379545334419246,1.3262725445593466,-0.19405054491870288,0.04841886013481167,0.0,0.8995485485680688,0.6854482058214209,0.3591769134129925
138.25,1.0,26.0,26.0,1.0,0.03515148158096375,0.07056419597537043,2.400043651536658,0.2,-0.015587561165577047,0.031603442240075136,1.569794452747766,3.8924242320563205,1.4519272967637697,-0.1985886783578199,0.023717858842955852,0.0,0.930525175019512,0.5967857249560296,0.32372786904444856
138.47,1.0,33.0,33.0,1.0,0.02171791365537271,0.0398402645083459,1.0268793049799867,0.2,0.04342548458229506,0.016559263162939077,1.3817642135592265,4.011841342698825,1.5196537857364698,-0.19973850105403468,0.010224049916124578,0.0,0.9145317445559394,0.6244141271366629,0.36828458218350246
138.73000000000002,1.0,39.0,39.0,1.0,0.015095087612186796,0.03208915670630801,1.3455019846926317,0.1901248921134454,0.04609035441459987,0.008522602019423644,1.2016953217040462,4.144389962135104,1.5677538591531748,-0.19012401215819708,0.0005784479397288322,0.0,0.9487866013377346,0.6483126565103849,0.36976506514584156
138.93,1.0,35.0,33.0,0.9428571428571428,0.017806608284991116,0.03451056742115088,1.635388269574805,0.2,0.055898077134126235,0.011221593176046308,1.0070529782305484,4.240838650500143,1.58444738785742,-0.19998136514257547,-0.0027301274167861322,0.0,0.9114798394416552,0.605765990314292,0.34967668083166015
139.13,1.0,41.0,41.0,1.0,0.016241102221170343,0.03170301264371096,1.3550104797682663,0.18581400487976896,0.0664857063734134,0.009412691402354807,0.8371679960410541,4.338775981206619,1.5703307765020544,-0.1858139847433773,8.650576126090215e-05,0.0,0.9112221768630412,0.598992538098243,0.34108889676751347
139.35,1.0,37.0,37.0,1.0,0.015868821211595354,0.032987605665257595,1.7340094748897985,0.1737322617001119,0.07416408755655826,0.008448891425463134,0.6895066441521907,4.459524041383464,1.502013043351614,-0.1733214478732138,0.011940454872783945,0.0,0.9246450076547383,0.6025009843668166,0.34465605092628343
139.59,1.0,31.0,31.0,1.0,0.01570990100734807,0.03344872407259956,2.6962288566053547,0.14124218654681905,0.1002651222180337,0.007686792007520528,0.5835119013820138,4.604937598769116,1.3943848690340697,-0.13905008123154927,0.024787701991632716,0.0,0.919730375986737,0.6231062796376826,0.3460379289374457
139.79000000000002,1.0,35.0,34.0,0.9714285714285714,0.014496726073762371,0.04972195437828503,3.3338572554554853,0.15331144109164271,0.03814211187846802,0.01130700674515167,0.47592303431133115,4.7461851863295985,1.3083603446571734,-0.14806219039839225,0.0397741843917192,0.0,0.893146183990753,0.6190572368937831,0.34429483606326805
139.99,1.0,40.0,32.0,0.8,0.01793097879045965,0.048112429078086036,5.871977304809162,0.13940533995149573,0.02307937698864418,0.012386095097089614,0.3940093500835087,4.891607627052611,1.242573732776722,-0.13196343748911388,0.04493884703737727,0.0,0.8825749059205816,0.6243643937185283,0.3387070862807365
140.19,1.0,40.0,36.0,0.9,0.09870670393469799,0.28333791341531256,12.515825873484314,0.2,-0.12,0.11854715517855721,0.2525303046811981,5.050530163475844,1.2009349270277634,-0.18647549132678742,0.07229724154096928,0.0,0.6025304376522294,0.26252898809326325,0.3363624923362933
140.43,1.0,48.0,48.0,1.0,0.07673529591778477,0.244195407027931,11.92009529989691,0.2,-0.12,0.10076404897408278,0.176617301083221,5.216606273838592,1.1703931571659414,-0.18418078350025752,0.07795793089372793,0.0,0.7590616812827962,0.4265898499476098,0.34984015629444365
140.65,1.0,56.0,53.0,0.9464285714285714,0.1115816393223721,0.2484008607568439,11.544878989770721,0.2,-0.12,0.1313374731622592,0.06565915150168433,5.387826337499989,1.1542980754887893,-0.1829022427548288,0.08091211031269463,0.0,0.627240002978899,0.3259493567245952,0.34843832325491
140.93,1.0,49.0,37.0,0.7551020408163265,0.15955640649816724,0.3142988099627659,11.58794879448222,0.2,-0.12,0.18129910048282977,-0.006247655011297787,5.572157925661835,1.1439822825280068,-0.1820578532422142,0.08279455340079078,0.0,0.5753807960718045,0.26760091500020605,0.3686430082438967
141.15,1.0,48.0,24.0,0.5,0.22395135956212223,0.3268745324490661,13.99368125457149,0.2,-0.12,0.2344286104600183,-0.082300614275235,5.731281973887775,1.1404155818954944,-0.1817613924724227,0.08344337125551604,0.0,0.36687939344819837,0.15840149626935388,0.2934190499649505
141.39000000000001,0.0,43.0,22.0,0.5116279069767442,0.24349912211587482,0.3476371110919756,14.204892286124851,nan,nan,nan,nan,nan,nan,-0.1817613924724227,0.08344337125551604,0.0,0.36687939344819837,0.15840149626935388,0.2934190499649505
141.63,1.0,53.0,22.0,0.41509433962264153,0.2379723628862388,0.3498524668137607,16.679517202077026,0.08876705808203979,-0.12,0.24653024371378843,0.026124529073515937,5.938680846002775,1.2085817387461912,-0.08300735310448065,0.031454251399902766,0.0,0.4811095423686052,0.19129668388005175,0.35326228843293345
141.85,0.0,36.0,2.0,0.05555555555555555,0.3230452837645387,0.33048235406521054,24.20209156346539,nan,nan,nan,nan,nan,nan,-0.08300735310448065,0.031454251399902766,0.0,0.4811095423686052,0.19129668388005175,0.35326228843293345
142.09,0.0,39.0,1.0,0.02564102564102564,0.32930902023511816,0.32930902023511816,23.72538480819284,nan,nan,nan,nan,nan,nan,-0.08300735310448065,0.031454251399902766,0.0,0.4811095423686052,0.19129668388005175,0.35326228843293345
142.29000000000002,0.0,46.0,0.0,0.0,nan,nan,nan,nan,nan,nan,nan,nan,nan,-0.08300735310448065,0.031454251399902766,0.0,0.4811095423686052,0.19129668388005175,0.35326228843293345
142.49,0.0,44.0,0.0,0.0,nan,nan,nan,nan,nan,nan,nan,nan,nan,-0.08300735310448065,0.031454251399902766,0.0,0.4811095423686052,0.19129668388005175,0.35326228843293345
142.69,0.0,39.0,0.0,0.0,nan,nan,nan,nan,nan,nan,nan,nan,nan,-0.08300735310448065,0.031454251399902766,0.0,0.4811095423686052,0.19129668388005175,0.35326228843293345
142.93,0.0,54.0,0.0,0.0,nan,nan,nan,nan,nan,nan,nan,nan,nan,-0.08300735310448065,0.031454251399902766,0.0,0.4811095423686052,0.19129668388005175,0.35326228843293345
143.13,0.0,40.0,0.0,0.0,nan,nan,nan,nan,nan,nan,nan,nan,nan,-0.08300735310448065,0.031454251399902766,0.0,0.4811095423686052,0.19129668388005175,0.35326228843293345
143.35,0.0,45.0,0.0,0.0,nan,nan,nan,nan,nan,nan,nan,nan,nan,-0.08300735310448065,0.031454251399902766,0.0,0.4811095423686052,0.19129668388005175,0.35326228843293345
143.59,0.0,43.0,0.0,0.0,nan,nan,nan,nan,nan,nan,nan,nan,nan,-0.08300735310448065,0.031454251399902766,0.0,0.4811095423686052,0.19129668388005175,0.35326228843293345
143.79000000000002,0.0,42.0,0.0,0.0,nan,nan,nan,nan,nan,nan,nan,nan,nan,-0.08300735310448065,0.031454251399902766,0.0,0.4811095423686052,0.19129668388005175,0.35326228843293345
144.03,0.0,40.0,3.0,0.075,0.06094495002458026,0.07021315113928507,22.418589503229164,nan,nan,nan,nan,nan,nan,-0.08300735310448065,0.031454251399902766,0.0,0.4811095423686052,0.19129668388005175,0.35326228843293345
144.25,0.0,29.0,0.0,0.0,nan,nan,nan,nan,nan,nan,nan,nan,nan,-0.08300735310448065,0.031454251399902766,0.0,0.4811095423686052,0.19129668388005175,0.35326228843293345
144.49,0.0,31.0,0.0,0.0,nan,nan,nan,nan,nan,nan,nan,nan,nan,-0.08300735310448065,0.031454251399902766,0.0,0.4811095423686052,0.19129668388005175,0.35326228843293345
144.73000000000002,0.0,34.0,0.0,0.0,nan,nan,nan,nan,nan,nan,nan,nan,nan,-0.08300735310448065,0.031454251399902766,0.0,0.4811095423686052,0.19129668388005175,0.35326228843293345
144.93,0.0,40.0,0.0,0.0,nan,nan,nan,nan,nan,nan,nan,nan,nan,-0.08300735310448065,0.031454251399902766,0.0,0.4811095423686052,0.19129668388005175,0.35326228843293345
145.15,0.0,33.0,0.0,0.0,nan,nan,nan,nan,nan,nan,nan,nan,nan,-0.08300735310448065,0.031454251399902766,0.0,0.4811095423686052,0.19129668388005175,0.35326228843293345
145.39000000000001,0.0,47.0,0.0,0.0,nan,nan,nan,nan,nan,nan,nan,nan,nan,-0.08300735310448065,0.031454251399902766,0.0,0.4811095423686052,0.19129668388005175,0.35326228843293345
145.55,0.0,46.0,0.0,0.0,nan,nan,nan,nan,nan,nan,nan,nan,nan,-0.08300735310448065,0.031454251399902766,0.0,0.4811095423686052,0.19129668388005175,0.35326228843293345
145.79000000000002,0.0,43.0,0.0,0.0,nan,nan,nan,nan,nan,nan,nan,nan,nan,-0.08300735310448065,0.031454251399902766,0.0,0.4811095423686052,0.19129668388005175,0.35326228843293345
145.99,0.0,45.0,0.0,0.0,nan,nan,nan,nan,nan,nan,nan,nan,nan,-0.08300735310448065,0.031454251399902766,0.0,0.4811095423686052,0.19129668388005175,0.35326228843293345
146.19,0.0,47.0,0.0,0.0,nan,nan,nan,nan,nan,nan,nan,nan,nan,-0.08300735310448065,0.031454251399902766,0.0,0.4811095423686052,0.19129668388005175,0.35326228843293345
146.39000000000001,0.0,52.0,0.0,0.0,nan,nan,nan,nan,nan,nan,nan,nan,nan,-0.08300735310448065,0.031454251399902766,0.0,0.4811095423686052,0.19129668388005175,0.35326228843293345
146.59,0.0,39.0,2.0,0.05128205128205128,0.3276224447910762,0.33448322659955587,24.509851547938506,nan,nan,nan,nan,nan,nan,-0.08300735310448065,0.031454251399902766,0.0,0.4811095423686052,0.19129668388005175,0.35326228843293345
146.79000000000002,0.0,46.0,0.0,0.0,nan,nan,nan,nan,nan,nan,nan,nan,nan,-0.08300735310448065,0.031454251399902766,0.0,0.4811095423686052,0.19129668388005175,0.35326228843293345
146.99,0.0,44.0,0.0,0.0,nan,nan,nan,nan,nan,nan,nan,nan,nan,-0.08300735310448065,0.031454251399902766,0.0,0.4811095423686052,0.19129668388005175,0.35326228843293345
147.19,0.0,34.0,0.0,0.0,nan,nan,nan,nan,nan,nan,nan,nan,nan,-0.08300735310448065,0.031454251399902766,0.0,0.4811095423686052,0.19129668388005175,0.35326228843293345
147.43,0.0,30.0,1.0,0.03333333333333333,0.23906560612776265,0.23906560612776265,21.783351822522263,nan,nan,nan,nan,nan,nan,-0.08300735310448065,0.031454251399902766,0.0,0.4811095423686052,0.19129668388005175,0.35326228843293345
147.65,0.0,30.0,0.0,0.0,nan,nan,nan,nan,nan,nan,nan,nan,nan,-0.08300735310448065,0.031454251399902766,0.0,0.4811095423686052,0.19129668388005175,0.35326228843293345
147.89000000000001,0.0,30.0,0.0,0.0,nan,nan,nan,nan,nan,nan,nan,nan,nan,-0.08300735310448065,0.031454251399902766,0.0,0.4811095423686052,0.19129668388005175,0.35326228843293345
148.13,0.0,25.0,0.0,0.0,nan,nan,nan,nan,nan,nan,nan,nan,nan,-0.08300735310448065,0.031454251399902766,0.0,0.4811095423686052,0.19129668388005175,0.35326228843293345
148.35,0.0,34.0,0.0,0.0,nan,nan,nan,nan,nan,nan,nan,nan,nan,-0.08300735310448065,0.031454251399902766,0.0,0.4811095423686052,0.19129668388005175,0.35326228843293345
148.59,0.0,28.0,0.0,0.0,nan,nan,nan,nan,nan,nan,nan,nan,nan,-0.08300735310448065,0.031454251399902766,0.0,0.4811095423686052,0.19129668388005175,0.35326228843293345
148.79000000000002,0.0,35.0,0.0,0.0,nan,nan,nan,nan,nan,nan,nan,nan,nan,-0.08300735310448065,0.031454251399902766,0.0,0.4811095423686052,0.19129668388005175,0.35326228843293345
148.99,0.0,34.0,0.0,0.0,nan,nan,nan,nan,nan,nan,nan,nan,nan,-0.08300735310448065,0.031454251399902766,0.0,0.4811095423686052,0.19129668388005175,0.35326228843293345
149.23000000000002,0.0,36.0,0.0,0.0,nan,nan,nan,nan,nan,nan,nan,nan,nan,-0.08300735310448065,0.031454251399902766,0.0,0.4811095423686052,0.19129668388005175,0.35326228843293345
149.43,0.0,41.0,0.0,0.0,nan,nan,nan,nan,nan,nan,nan,nan,nan,-0.08300735310448065,0.031454251399902766,0.0,0.4811095423686052,0.19129668388005175,0.35326228843293345
149.63,0.0,41.0,0.0,0.0,nan,nan,nan,nan,nan,nan,nan,nan,nan,-0.08300735310448065,0.031454251399902766,0.0,0.4811095423686052,0.19129668388005175,0.35326228843293345
149.85,0.0,44.0,0.0,0.0,nan,nan,nan,nan,nan,nan,nan,nan,nan,-0.08300735310448065,0.031454251399902766,0.0,0.4811095423686052,0.19129668388005175,0.35326228843293345
150.09,0.0,43.0,0.0,0.0,nan,nan,nan,nan,nan,nan,nan,nan,nan,-0.08300735310448065,0.031454251399902766,0.0,0.4811095423686052,0.19129668388005175,0.35326228843293345
150.29000000000002,0.0,48.0,0.0,0.0,nan,nan,nan,nan,nan,nan,nan,nan,nan,-0.08300735310448065,0.031454251399902766,0.0,0.4811095423686052,0.19129668388005175,0.35326228843293345
150.53,0.0,40.0,0.0,0.0,nan,nan,nan,nan,nan,nan,nan,nan,nan,-0.08300735310448065,0.031454251399902766,0.0,0.4811095423686052,0.19129668388005175,0.35326228843293345
150.75,0.0,40.0,0.0,0.0,nan,nan,nan,nan,nan,nan,nan,nan,nan,-0.08300735310448065,0.031454251399902766,0.0,0.4811095423686052,0.19129668388005175,0.35326228843293345
150.99,0.0,39.0,0.0,0.0,nan,nan,nan,nan,nan,nan,nan,nan,nan,-0.08300735310448065,0.031454251399902766,0.0,0.4811095423686052,0.19129668388005175,0.35326228843293345
151.23000000000002,0.0,35.0,0.0,0.0,nan,nan,nan,nan,nan,nan,nan,nan,nan,-0.08300735310448065,0.031454251399902766,0.0,0.4811095423686052,0.19129668388005175,0.35326228843293345
151.47,0.0,30.0,0.0,0.0,nan,nan,nan,nan,nan,nan,nan,nan,nan,-0.08300735310448065,0.031454251399902766,0.0,0.4811095423686052,0.19129668388005175,0.35326228843293345
151.69,0.0,31.0,0.0,0.0,nan,nan,nan,nan,nan,nan,nan,nan,nan,-0.08300735310448065,0.031454251399902766,0.0,0.4811095423686052,0.19129668388005175,0.35326228843293345
151.93,0.0,47.0,0.0,0.0,nan,nan,nan,nan,nan,nan,nan,nan,nan,-0.08300735310448065,0.031454251399902766,0.0,0.4811095423686052,0.19129668388005175,0.35326228843293345
152.13,0.0,66.0,0.0,0.0,nan,nan,nan,nan,nan,nan,nan,nan,nan,-0.08300735310448065,0.031454251399902766,0.0,0.4811095423686052,0.19129668388005175,0.35326228843293345
152.33,0.0,48.0,0.0,0.0,nan,nan,nan,nan,nan,nan,nan,nan,nan,-0.08300735310448065,0.031454251399902766,0.0,0.4811095423686052,0.19129668388005175,0.35326228843293345
152.53,0.0,50.0,0.0,0.0,nan,nan,nan,nan,nan,nan,nan,nan,nan,-0.08300735310448065,0.031454251399902766,0.0,0.4811095423686052,0.19129668388005175,0.35326228843293345
152.75,0.0,52.0,0.0,0.0,nan,nan,nan,nan,nan,nan,nan,nan,nan,-0.08300735310448065,0.031454251399902766,0.0,0.4811095423686052,0.19129668388005175,0.35326228843293345
152.95000000000002,0.0,49.0,0.0,0.0,nan,nan,nan,nan,nan,nan,nan,nan,nan,-0.08300735310448065,0.031454251399902766,0.0,0.4811095423686052,0.19129668388005175,0.35326228843293345
153.19,0.0,37.0,0.0,0.0,nan,nan,nan,nan,nan,nan,nan,nan,nan,-0.08300735310448065,0.031454251399902766,0.0,0.4811095423686052,0.19129668388005175,0.35326228843293345
153.39000000000001,0.0,23.0,0.0,0.0,nan,nan,nan,nan,nan,nan,nan,nan,nan,-0.08300735310448065,0.031454251399902766,0.0,0.4811095423686052,0.19129668388005175,0.35326228843293345
153.63,0.0,18.0,0.0,0.0,nan,nan,nan,nan,nan,nan,nan,nan,nan,-0.08300735310448065,0.031454251399902766,0.0,0.4811095423686052,0.19129668388005175,0.35326228843293345
153.85,0.0,18.0,0.0,0.0,nan,nan,nan,nan,nan,nan,nan,nan,nan,-0.08300735310448065,0.031454251399902766,0.0,0.4811095423686052,0.19129668388005175,0.35326228843293345
154.09,0.0,34.0,0.0,0.0,nan,nan,nan,nan,nan,nan,nan,nan,nan,-0.08300735310448065,0.031454251399902766,0.0,0.4811095423686052,0.19129668388005175,0.35326228843293345
154.33,0.0,39.0,0.0,0.0,nan,nan,nan,nan,nan,nan,nan,nan,nan,-0.08300735310448065,0.031454251399902766,0.0,0.4811095423686052,0.19129668388005175,0.35326228843293345
154.55,0.0,35.0,0.0,0.0,nan,nan,nan,nan,nan,nan,nan,nan,nan,-0.08300735310448065,0.031454251399902766,0.0,0.4811095423686052,0.19129668388005175,0.35326228843293345
154.79000000000002,0.0,48.0,0.0,0.0,nan,nan,nan,nan,nan,nan,nan,nan,nan,-0.08300735310448065,0.031454251399902766,0.0,0.4811095423686052,0.19129668388005175,0.35326228843293345
155.03,0.0,41.0,0.0,0.0,nan,nan,nan,nan,nan,nan,nan,nan,nan,-0.08300735310448065,0.031454251399902766,0.0,0.4811095423686052,0.19129668388005175,0.35326228843293345
155.23000000000002,0.0,39.0,0.0,0.0,nan,nan,nan,nan,nan,nan,nan,nan,nan,-0.08300735310448065,0.031454251399902766,0.0,0.4811095423686052,0.19129668388005175,0.35326228843293345
155.45000000000002,0.0,42.0,0.0,0.0,nan,nan,nan,nan,nan,nan,nan,nan,nan,-0.08300735310448065,0.031454251399902766,0.0,0.4811095423686052,0.19129668388005175,0.35326228843293345
155.65,0.0,52.0,0.0,0.0,nan,nan,nan,nan,nan,nan,nan,nan,nan,-0.08300735310448065,0.031454251399902766,0.0,0.4811095423686052,0.19129668388005175,0.35326228843293345
155.85,0.0,44.0,0.0,0.0,nan,nan,nan,nan,nan,nan,nan,nan,nan,-0.08300735310448065,0.031454251399902766,0.0,0.4811095423686052,0.19129668388005175,0.35326228843293345
156.05,0.0,43.0,0.0,0.0,nan,nan,nan,nan,nan,nan,nan,nan,nan,-0.08300735310448065,0.031454251399902766,0.0,0.4811095423686052,0.19129668388005175,0.35326228843293345
156.25,0.0,39.0,0.0,0.0,nan,nan,nan,nan,nan,nan,nan,nan,nan,-0.08300735310448065,0.031454251399902766,0.0,0.4811095423686052,0.19129668388005175,0.35326228843293345
156.49,0.0,45.0,0.0,0.0,nan,nan,nan,nan,nan,nan,nan,nan,nan,-0.08300735310448065,0.031454251399902766,0.0,0.4811095423686052,0.19129668388005175,0.35326228843293345
156.73000000000002,0.0,40.0,0.0,0.0,nan,nan,nan,nan,nan,nan,nan,nan,nan,-0.08300735310448065,0.031454251399902766,0.0,0.4811095423686052,0.19129668388005175,0.35326228843293345
156.93,0.0,42.0,0.0,0.0,nan,nan,nan,nan,nan,nan,nan,nan,nan,-0.08300735310448065,0.031454251399902766,0.0,0.4811095423686052,0.19129668388005175,0.35326228843293345
157.15,0.0,48.0,0.0,0.0,nan,nan,nan,nan,nan,nan,nan,nan,nan,-0.08300735310448065,0.031454251399902766,0.0,0.4811095423686052,0.19129668388005175,0.35326228843293345
157.39000000000001,0.0,40.0,0.0,0.0,nan,nan,nan,nan,nan,nan,nan,nan,nan,-0.08300735310448065,0.031454251399902766,0.0,0.4811095423686052,0.19129668388005175,0.35326228843293345
157.63,0.0,32.0,0.0,0.0,nan,nan,nan,nan,nan,nan,nan,nan,nan,-0.08300735310448065,0.031454251399902766,0.0,0.4811095423686052,0.19129668388005175,0.35326228843293345
157.89000000000001,0.0,28.0,0.0,0.0,nan,nan,nan,nan,nan,nan,nan,nan,nan,-0.08300735310448065,0.031454251399902766,0.0,0.4811095423686052,0.19129668388005175,0.35326228843293345
158.13,0.0,24.0,0.0,0.0,nan,nan,nan,nan,nan,nan,nan,nan,nan,-0.08300735310448065,0.031454251399902766,0.0,0.4811095423686052,0.19129668388005175,0.35326228843293345
158.33,0.0,27.0,0.0,0.0,nan,nan,nan,nan,nan,nan,nan,nan,nan,-0.08300735310448065,0.031454251399902766,0.0,0.4811095423686052,0.19129668388005175,0.35326228843293345
158.59,0.0,30.0,0.0,0.0,nan,nan,nan,nan,nan,nan,nan,nan,nan,-0.08300735310448065,0.031454251399902766,0.0,0.4811095423686052,0.19129668388005175,0.35326228843293345
158.79000000000002,0.0,37.0,0.0,0.0,nan,nan,nan,nan,nan,nan,nan,nan,nan,-0.08300735310448065,0.031454251399902766,0.0,0.4811095423686052,0.19129668388005175,0.35326228843293345
158.99,0.0,34.0,0.0,0.0,nan,nan,nan,nan,nan,nan,nan,nan,nan,-0.08300735310448065,0.031454251399902766,0.0,0.4811095423686052,0.19129668388005175,0.35326228843293345
159.19,0.0,36.0,0.0,0.0,nan,nan,nan,nan,nan,nan,nan,nan,nan,-0.08300735310448065,0.031454251399902766,0.0,0.4811095423686052,0.19129668388005175,0.35326228843293345
159.43,0.0,32.0,0.0,0.0,nan,nan,nan,nan,nan,nan,nan,nan,nan,-0.08300735310448065,0.031454251399902766,0.0,0.4811095423686052,0.19129668388005175,0.35326228843293345
159.65,0.0,29.0,0.0,0.0,nan,nan,nan,nan,nan,nan,nan,nan,nan,-0.08300735310448065,0.031454251399902766,0.0,0.4811095423686052,0.19129668388005175,0.35326228843293345
159.85,0.0,28.0,0.0,0.0,nan,nan,nan,nan,nan,nan,nan,nan,nan,-0.08300735310448065,0.031454251399902766,0.0,0.4811095423686052,0.19129668388005175,0.35326228843293345
160.09,0.0,29.0,0.0,0.0,nan,nan,nan,nan,nan,nan,nan,nan,nan,-0.08300735310448065,0.031454251399902766,0.0,0.4811095423686052,0.19129668388005175,0.35326228843293345
160.33,0.0,27.0,0.0,0.0,nan,nan,nan,nan,nan,nan,nan,nan,nan,-0.08300735310448065,0.031454251399902766,0.0,0.4811095423686052,0.19129668388005175,0.35326228843293345
160.75,0.0,27.0,0.0,0.0,nan,nan,nan,nan,nan,nan,nan,nan,nan,-0.08300735310448065,0.031454251399902766,0.0,0.4811095423686052,0.19129668388005175,0.35326228843293345
160.85,0.0,30.0,0.0,0.0,nan,nan,nan,nan,nan,nan,nan,nan,nan,-0.08300735310448065,0.031454251399902766,0.0,0.4811095423686052,0.19129668388005175,0.35326228843293345
161.05,0.0,38.0,0.0,0.0,nan,nan,nan,nan,nan,nan,nan,nan,nan,-0.08300735310448065,0.031454251399902766,0.0,0.4811095423686052,0.19129668388005175,0.35326228843293345
161.29000000000002,0.0,53.0,0.0,0.0,nan,nan,nan,nan,nan,nan,nan,nan,nan,-0.08300735310448065,0.031454251399902766,0.0,0.4811095423686052,0.19129668388005175,0.35326228843293345
161.53,0.0,56.0,0.0,0.0,nan,nan,nan,nan,nan,nan,nan,nan,nan,-0.08300735310448065,0.031454251399902766,0.0,0.4811095423686052,0.19129668388005175,0.35326228843293345
161.75,0.0,46.0,0.0,0.0,nan,nan,nan,nan,nan,nan,nan,nan,nan,-0.08300735310448065,0.031454251399902766,0.0,0.4811095423686052,0.19129668388005175,0.35326228843293345
161.95000000000002,0.0,43.0,0.0,0.0,nan,nan,nan,nan,nan,nan,nan,nan,nan,-0.08300735310448065,0.031454251399902766,0.0,0.4811095423686052,0.19129668388005175,0.35326228843293345
162.19,0.0,46.0,0.0,0.0,nan,nan,nan,nan,nan,nan,nan,nan,nan,-0.08300735310448065,0.031454251399902766,0.0,0.4811095423686052,0.19129668388005175,0.35326228843293345
162.39000000000001,0.0,40.0,0.0,0.0,nan,nan,nan,nan,nan,nan,nan,nan,nan,-0.08300735310448065,0.031454251399902766,0.0,0.4811095423686052,0.19129668388005175,0.35326228843293345
162.63,0.0,36.0,0.0,0.0,nan,nan,nan,nan,nan,nan,nan,nan,nan,-0.08300735310448065,0.031454251399902766,0.0,0.4811095423686052,0.19129668388005175,0.35326228843293345
162.85,0.0,29.0,0.0,0.0,nan,nan,nan,nan,nan,nan,nan,nan,nan,-0.08300735310448065,0.031454251399902766,0.0,0.4811095423686052,0.19129668388005175,0.35326228843293345
163.09,0.0,22.0,0.0,0.0,nan,nan,nan,nan,nan,nan,nan,nan,nan,-0.08300735310448065,0.031454251399902766,0.0,0.4811095423686052,0.19129668388005175,0.35326228843293345
163.73000000000002,0.0,36.0,0.0,0.0,nan,nan,nan,nan,nan,nan,nan,nan,nan,-0.08300735310448065,0.031454251399902766,0.0,0.4811095423686052,0.19129668388005175,0.35326228843293345
163.93,0.0,44.0,0.0,0.0,nan,nan,nan,nan,nan,nan,nan,nan,nan,-0.08300735310448065,0.031454251399902766,0.0,0.4811095423686052,0.19129668388005175,0.35326228843293345
164.15,0.0,50.0,0.0,0.0,nan,nan,nan,nan,nan,nan,nan,nan,nan,-0.08300735310448065,0.031454251399902766,0.0,0.4811095423686052,0.19129668388005175,0.35326228843293345
164.39000000000001,0.0,55.0,0.0,0.0,nan,nan,nan,nan,nan,nan,nan,nan,nan,-0.08300735310448065,0.031454251399902766,0.0,0.4811095423686052,0.19129668388005175,0.35326228843293345
164.63,0.0,48.0,0.0,0.0,nan,nan,nan,nan,nan,nan,nan,nan,nan,-0.08300735310448065,0.031454251399902766,0.0,0.4811095423686052,0.19129668388005175,0.35326228843293345
164.85,0.0,41.0,0.0,0.0,nan,nan,nan,nan,nan,nan,nan,nan,nan,-0.08300735310448065,0.031454251399902766,0.0,0.4811095423686052,0.19129668388005175,0.35326228843293345
165.09,0.0,45.0,0.0,0.0,nan,nan,nan,nan,nan,nan,nan,nan,nan,-0.08300735310448065,0.031454251399902766,0.0,0.4811095423686052,0.19129668388005175,0.35326228843293345
165.29000000000002,0.0,40.0,0.0,0.0,nan,nan,nan,nan,nan,nan,nan,nan,nan,-0.08300735310448065,0.031454251399902766,0.0,0.4811095423686052,0.19129668388005175,0.35326228843293345
165.53,0.0,49.0,0.0,0.0,nan,nan,nan,nan,nan,nan,nan,nan,nan,-0.08300735310448065,0.031454251399902766,0.0,0.4811095423686052,0.19129668388005175,0.35326228843293345
165.73000000000002,0.0,34.0,0.0,0.0,nan,nan,nan,nan,nan,nan,nan,nan,nan,-0.08300735310448065,0.031454251399902766,0.0,0.4811095423686052,0.19129668388005175,0.35326228843293345
165.95000000000002,0.0,29.0,0.0,0.0,nan,nan,nan,nan,nan,nan,nan,nan,nan,-0.08300735310448065,0.031454251399902766,0.0,0.4811095423686052,0.19129668388005175,0.35326228843293345
166.19,0.0,32.0,0.0,0.0,nan,nan,nan,nan,nan,nan,nan,nan,nan,-0.08300735310448065,0.031454251399902766,0.0,0.4811095423686052,0.19129668388005175,0.35326228843293345
166.39000000000001,0.0,32.0,0.0,0.0,nan,nan,nan,nan,nan,nan,nan,nan,nan,-0.08300735310448065,0.031454251399902766,0.0,0.4811095423686052,0.19129668388005175,0.35326228843293345
166.59,0.0,40.0,0.0,0.0,nan,nan,nan,nan,nan,nan,nan,nan,nan,-0.08300735310448065,0.031454251399902766,0.0,0.4811095423686052,0.19129668388005175,0.35326228843293345
166.83,0.0,41.0,0.0,0.0,nan,nan,nan,nan,nan,nan,nan,nan,nan,-0.08300735310448065,0.031454251399902766,0.0,0.4811095423686052,0.19129668388005175,0.35326228843293345
167.05,0.0,49.0,0.0,0.0,nan,nan,nan,nan,nan,nan,nan,nan,nan,-0.08300735310448065,0.031454251399902766,0.0,0.4811095423686052,0.19129668388005175,0.35326228843293345
167.29000000000002,0.0,41.0,0.0,0.0,nan,nan,nan,nan,nan,nan,nan,nan,nan,-0.08300735310448065,0.031454251399902766,0.0,0.4811095423686052,0.19129668388005175,0.35326228843293345
167.53,0.0,38.0,0.0,0.0,nan,nan,nan,nan,nan,nan,nan,nan,nan,-0.08300735310448065,0.031454251399902766,0.0,0.4811095423686052,0.19129668388005175,0.35326228843293345
167.73000000000002,0.0,31.0,0.0,0.0,nan,nan,nan,nan,nan,nan,nan,nan,nan,-0.08300735310448065,0.031454251399902766,0.0,0.4811095423686052,0.19129668388005175,0.35326228843293345
167.99,0.0,49.0,0.0,0.0,nan,nan,nan,nan,nan,nan,nan,nan,nan,-0.08300735310448065,0.031454251399902766,0.0,0.4811095423686052,0.19129668388005175,0.35326228843293345
168.23000000000002,0.0,45.0,0.0,0.0,nan,nan,nan,nan,nan,nan,nan,nan,nan,-0.08300735310448065,0.031454251399902766,0.0,0.4811095423686052,0.19129668388005175,0.35326228843293345
168.43,0.0,45.0,0.0,0.0,nan,nan,nan,nan,nan,nan,nan,nan,nan,-0.08300735310448065,0.031454251399902766,0.0,0.4811095423686052,0.19129668388005175,0.35326228843293345
168.63,0.0,65.0,0.0,0.0,nan,nan,nan,nan,nan,nan,nan,nan,nan,-0.08300735310448065,0.031454251399902766,0.0,0.4811095423686052,0.19129668388005175,0.35326228843293345
168.85,0.0,36.0,0.0,0.0,nan,nan,nan,nan,nan,nan,nan,nan,nan,-0.08300735310448065,0.031454251399902766,0.0,0.4811095423686052,0.19129668388005175,0.35326228843293345
169.09,0.0,56.0,0.0,0.0,nan,nan,nan,nan,nan,nan,nan,nan,nan,-0.08300735310448065,0.031454251399902766,0.0,0.4811095423686052,0.19129668388005175,0.35326228843293345
169.29000000000002,0.0,47.0,0.0,0.0,nan,nan,nan,nan,nan,nan,nan,nan,nan,-0.08300735310448065,0.031454251399902766,0.0,0.4811095423686052,0.19129668388005175,0.35326228843293345
169.53,0.0,35.0,0.0,0.0,nan,nan,nan,nan,nan,nan,nan,nan,nan,-0.08300735310448065,0.031454251399902766,0.0,0.4811095423686052,0.19129668388005175,0.35326228843293345
169.73000000000002,0.0,26.0,0.0,0.0,nan,nan,nan,nan,nan,nan,nan,nan,nan,-0.08300735310448065,0.031454251399902766,0.0,0.4811095423686052,0.19129668388005175,0.35326228843293345
169.95000000000002,0.0,18.0,0.0,0.0,nan,nan,nan,nan,nan,nan,nan,nan,nan,-0.08300735310448065,0.031454251399902766,0.0,0.4811095423686052,0.19129668388005175,0.35326228843293345
170.43,0.0,36.0,2.0,0.05555555555555555,0.020480183836006874,0.02870194044224316,24.868141005259446,nan,nan,nan,nan,nan,nan,-0.08300735310448065,0.031454251399902766,0.0,0.4811095423686052,0.19129668388005175,0.35326228843293345
170.83,1.0,42.0,25.0,0.5952380952380952,0.1977339771570138,0.2805417246502549,12.536160106858187,0.2,-0.12,0.2035213566295197,-2.8117739273658082,10.32859332849323,-0.8855090453281749,0.15484745198141692,0.12657909232911635,0.0,0.9843026203500105,0.9792668070834905,0.9455895670868256
170.93,0.0,38.0,5.0,0.13157894736842105,0.06677513492586946,0.09119817306040455,23.946583609345044,nan,nan,nan,nan,nan,nan,0.15484745198141692,0.12657909232911635,0.0,0.9843026203500105,0.9792668070834905,0.9455895670868256
171.15,0.0,36.0,0.0,0.0,nan,nan,nan,nan,nan,nan,nan,nan,nan,0.15484745198141692,0.12657909232911635,0.0,0.9843026203500105,0.9792668070834905,0.9455895670868256
171.39000000000001,0.0,25.0,0.0,0.0,nan,nan,nan,nan,nan,nan,nan,nan,nan,0.15484745198141692,0.12657909232911635,0.0,0.9843026203500105,0.9792668070834905,0.9455895670868256
171.59,0.0,37.0,0.0,0.0,nan,nan,nan,nan,nan,nan,nan,nan,nan,0.15484745198141692,0.12657909232911635,0.0,0.9843026203500105,0.9792668070834905,0.9455895670868256
171.79000000000002,0.0,30.0,0.0,0.0,nan,nan,nan,nan,nan,nan,nan,nan,nan,0.15484745198141692,0.12657909232911635,0.0,0.9843026203500105,0.9792668070834905,0.9455895670868256
172.03,0.0,33.0,0.0,0.0,nan,nan,nan,nan,nan,nan,nan,nan,nan,0.15484745198141692,0.12657909232911635,0.0,0.9843026203500105,0.9792668070834905,0.9455895670868256
172.23000000000002,0.0,29.0,0.0,0.0,nan,nan,nan,nan,nan,nan,nan,nan,nan,0.15484745198141692,0.12657909232911635,0.0,0.9843026203500105,0.9792668070834905,0.9455895670868256
172.45000000000002,0.0,31.0,0.0,0.0,nan,nan,nan,nan,nan,nan,nan,nan,nan,0.15484745198141692,0.12657909232911635,0.0,0.9843026203500105,0.9792668070834905,0.9455895670868256
172.65,0.0,36.0,0.0,0.0,nan,nan,nan,nan,nan,nan,nan,nan,nan,0.15484745198141692,0.12657909232911635,0.0,0.9843026203500105,0.9792668070834905,0.9455895670868256
172.85,0.0,32.0,3.0,0.09375,0.13273760692255657,0.14533385810351518,18.16977441963196,nan,nan,nan,nan,nan,nan,0.15484745198141692,0.12657909232911635,0.0,0.9843026203500105,0.9792668070834905,0.9455895670868256
173.09,0.0,35.0,6.0,0.17142857142857143,0.21087517230973316,0.2522061383452594,6.033135294082048,nan,nan,nan,nan,nan,nan,0.15484745198141692,0.12657909232911635,0.0,0.9843026203500105,0.9792668070834905,0.9455895670868256
173.29000000000002,0.0,71.0,2.0,0.028169014084507043,0.24124675752267788,0.24289159482702435,24.690015117747787,nan,nan,nan,nan,nan,nan,0.15484745198141692,0.12657909232911635,0.0,0.9843026203500105,0.9792668070834905,0.9455895670868256
173.53,0.0,66.0,3.0,0.045454545454545456,0.0643788322323219,0.09241919967064645,15.833738385417478,nan,nan,nan,nan,nan,nan,0.15484745198141692,0.12657909232911635,0.0,0.9843026203500105,0.9792668070834905,0.9455895670868256
173.75,0.0,58.0,4.0,0.06896551724137931,0.04457371106352952,0.0666002782784936,4.531340818786384,nan,nan,nan,nan,nan,nan,0.15484745198141692,0.12657909232911635,0.0,0.9843026203500105,0.9792668070834905,0.9455895670868256
173.99,0.0,44.0,3.0,0.06818181818181818,0.17705883169430656,0.20953857387887062,23.913054342370344,nan,nan,nan,nan,nan,nan,0.15484745198141692,0.12657909232911635,0.0,0.9843026203500105,0.9792668070834905,0.9455895670868256
174.19,0.0,41.0,4.0,0.0975609756097561,0.10885638712306289,0.13992006511128388,22.80182022019908,nan,nan,nan,nan,nan,nan,0.15484745198141692,0.12657909232911635,0.0,0.9843026203500105,0.9792668070834905,0.9455895670868256
174.45000000000002,0.0,47.0,0.0,0.0,nan,nan,nan,nan,nan,nan,nan,nan,nan,0.15484745198141692,0.12657909232911635,0.0,0.9843026203500105,0.9792668070834905,0.9455895670868256
174.69,0.0,40.0,0.0,0.0,nan,nan,nan,nan,nan,nan,nan,nan,nan,0.15484745198141692,0.12657909232911635,0.0,0.9843026203500105,0.9792668070834905,0.9455895670868256
174.89000000000001,0.0,32.0,0.0,0.0,nan,nan,nan,nan,nan,nan,nan,nan,nan,0.15484745198141692,0.12657909232911635,0.0,0.9843026203500105,0.9792668070834905,0.9455895670868256
175.13,0.0,32.0,0.0,0.0,nan,nan,nan,nan,nan,nan,nan,nan,nan,0.15484745198141692,0.12657909232911635,0.0,0.9843026203500105,0.9792668070834905,0.9455895670868256
175.33,0.0,22.0,0.0,0.0,nan,nan,nan,nan,nan,nan,nan,nan,nan,0.15484745198141692,0.12657909232911635,0.0,0.9843026203500105,0.9792668070834905,0.9455895670868256
176.13,0.0,14.0,0.0,0.0,nan,nan,nan,nan,nan,nan,nan,nan,nan,0.15484745198141692,0.12657909232911635,0.0,0.9843026203500105,0.9792668070834905,0.9455895670868256
176.33,0.0,43.0,0.0,0.0,nan,nan,nan,nan,nan,nan,nan,nan,nan,0.15484745198141692,0.12657909232911635,0.0,0.9843026203500105,0.9792668070834905,0.9455895670868256
176.55,0.0,45.0,0.0,0.0,nan,nan,nan,nan,nan,nan,nan,nan,nan,0.15484745198141692,0.12657909232911635,0.0,0.9843026203500105,0.9792668070834905,0.9455895670868256
176.77,0.0,52.0,0.0,0.0,nan,nan,nan,nan,nan,nan,nan,nan,nan,0.15484745198141692,0.12657909232911635,0.0,0.9843026203500105,0.9792668070834905,0.9455895670868256
177.03,0.0,35.0,0.0,0.0,nan,nan,nan,nan,nan,nan,nan,nan,nan,0.15484745198141692,0.12657909232911635,0.0,0.9843026203500105,0.9792668070834905,0.9455895670868256
177.25,0.0,26.0,0.0,0.0,nan,nan,nan,nan,nan,nan,nan,nan,nan,0.15484745198141692,0.12657909232911635,0.0,0.9843026203500105,0.9792668070834905,0.9455895670868256
177.49,0.0,30.0,0.0,0.0,nan,nan,nan,nan,nan,nan,nan,nan,nan,0.15484745198141692,0.12657909232911635,0.0,0.9843026203500105,0.9792668070834905,0.9455895670868256
177.73000000000002,0.0,27.0,0.0,0.0,nan,nan,nan,nan,nan,nan,nan,nan,nan,0.15484745198141692,0.12657909232911635,0.0,0.9843026203500105,0.9792668070834905,0.9455895670868256
177.93,0.0,35.0,0.0,0.0,nan,nan,nan,nan,nan,nan,nan,nan,nan,0.15484745198141692,0.12657909232911635,0.0,0.9843026203500105,0.9792668070834905,0.9455895670868256
178.19,0.0,35.0,0.0,0.0,nan,nan,nan,nan,nan,nan,nan,nan,nan,0.15484745198141692,0.12657909232911635,0.0,0.9843026203500105,0.9792668070834905,0.9455895670868256
178.39000000000001,0.0,36.0,0.0,0.0,nan,nan,nan,nan,nan,nan,nan,nan,nan,0.15484745198141692,0.12657909232911635,0.0,0.9843026203500105,0.9792668070834905,0.9455895670868256
178.59,0.0,60.0,0.0,0.0,nan,nan,nan,nan,nan,nan,nan,nan,nan,0.15484745198141692,0.12657909232911635,0.0,0.9843026203500105,0.9792668070834905,0.9455895670868256
178.79000000000002,0.0,24.0,0.0,0.0,nan,nan,nan,nan,nan,nan,nan,nan,nan,0.15484745198141692,0.12657909232911635,0.0,0.9843026203500105,0.9792668070834905,0.9455895670868256
179.03,0.0,41.0,0.0,0.0,nan,nan,nan,nan,nan,nan,nan,nan,nan,0.15484745198141692,0.12657909232911635,0.0,0.9843026203500105,0.9792668070834905,0.9455895670868256
179.25,0.0,42.0,0.0,0.0,nan,nan,nan,nan,nan,nan,nan,nan,nan,0.15484745198141692,0.12657909232911635,0.0,0.9843026203500105,0.9792668070834905,0.9455895670868256
179.49,0.0,21.0,0.0,0.0,nan,nan,nan,nan,nan,nan,nan,nan,nan,0.15484745198141692,0.12657909232911635,0.0,0.9843026203500105,0.9792668070834905,0.9455895670868256
179.69,0.0,21.0,0.0,0.0,nan,nan,nan,nan,nan,nan,nan,nan,nan,0.15484745198141692,0.12657909232911635,0.0,0.9843026203500105,0.9792668070834905,0.9455895670868256
179.93,0.0,21.0,0.0,0.0,nan,nan,nan,nan,nan,nan,nan,nan,nan,0.15484745198141692,0.12657909232911635,0.0,0.9843026203500105,0.9792668070834905,0.9455895670868256
180.39000000000001,0.0,15.0,0.0,0.0,nan,nan,nan,nan,nan,nan,nan,nan,nan,0.15484745198141692,0.12657909232911635,0.0,0.9843026203500105,0.9792668070834905,0.9455895670868256
180.63,0.0,29.0,0.0,0.0,nan,nan,nan,nan,nan,nan,nan,nan,nan,0.15484745198141692,0.12657909232911635,0.0,0.9843026203500105,0.9792668070834905,0.9455895670868256
180.83,0.0,31.0,0.0,0.0,nan,nan,nan,nan,nan,nan,nan,nan,nan,0.15484745198141692,0.12657909232911635,0.0,0.9843026203500105,0.9792668070834905,0.9455895670868256
181.05,0.0,27.0,0.0,0.0,nan,nan,nan,nan,nan,nan,nan,nan,nan,0.15484745198141692,0.12657909232911635,0.0,0.9843026203500105,0.9792668070834905,0.9455895670868256
181.29000000000002,0.0,33.0,0.0,0.0,nan,nan,nan,nan,nan,nan,nan,nan,nan,0.15484745198141692,0.12657909232911635,0.0,0.9843026203500105,0.9792668070834905,0.9455895670868256
181.53,0.0,25.0,0.0,0.0,nan,nan,nan,nan,nan,nan,nan,nan,nan,0.15484745198141692,0.12657909232911635,0.0,0.9843026203500105,0.9792668070834905,0.9455895670868256
181.75,0.0,17.0,0.0,0.0,nan,nan,nan,nan,nan,nan,nan,nan,nan,0.15484745198141692,0.12657909232911635,0.0,0.9843026203500105,0.9792668070834905,0.9455895670868256
181.95000000000002,0.0,16.0,0.0,0.0,nan,nan,nan,nan,nan,nan,nan,nan,nan,0.15484745198141692,0.12657909232911635,0.0,0.9843026203500105,0.9792668070834905,0.9455895670868256
182.83,0.0,46.0,0.0,0.0,nan,nan,nan,nan,nan,nan,nan,nan,nan,0.15484745198141692,0.12657909232911635,0.0,0.9843026203500105,0.9792668070834905,0.9455895670868256
183.03,0.0,75.0,0.0,0.0,nan,nan,nan,nan,nan,nan,nan,nan,nan,0.15484745198141692,0.12657909232911635,0.0,0.9843026203500105,0.9792668070834905,0.9455895670868256
183.25,0.0,62.0,0.0,0.0,nan,nan,nan,nan,nan,nan,nan,nan,nan,0.15484745198141692,0.12657909232911635,0.0,0.9843026203500105,0.9792668070834905,0.9455895670868256
183.49,0.0,71.0,0.0,0.0,nan,nan,nan,nan,nan,nan,nan,nan,nan,0.15484745198141692,0.12657909232911635,0.0,0.9843026203500105,0.9792668070834905,0.9455895670868256
183.69,0.0,60.0,0.0,0.0,nan,nan,nan,nan,nan,nan,nan,nan,nan,0.15484745198141692,0.12657909232911635,0.0,0.9843026203500105,0.9792668070834905,0.9455895670868256
183.95000000000002,0.0,45.0,0.0,0.0,nan,nan,nan,nan,nan,nan,nan,nan,nan,0.15484745198141692,0.12657909232911635,0.0,0.9843026203500105,0.9792668070834905,0.9455895670868256
184.19,0.0,27.0,0.0,0.0,nan,nan,nan,nan,nan,nan,nan,nan,nan,0.15484745198141692,0.12657909232911635,0.0,0.9843026203500105,0.9792668070834905,0.9455895670868256
184.39000000000001,0.0,20.0,0.0,0.0,nan,nan,nan,nan,nan,nan,nan,nan,nan,0.15484745198141692,0.12657909232911635,0.0,0.9843026203500105,0.9792668070834905,0.9455895670868256
184.63,0.0,17.0,0.0,0.0,nan,nan,nan,nan,nan,nan,nan,nan,nan,0.15484745198141692,0.12657909232911635,0.0,0.9843026203500105,0.9792668070834905,0.9455895670868256
185.41,0.0,27.0,0.0,0.0,nan,nan,nan,nan,nan,nan,nan,nan,nan,0.15484745198141692,0.12657909232911635,0.0,0.9843026203500105,0.9792668070834905,0.9455895670868256
185.65,0.0,19.0,0.0,0.0,nan,nan,nan,nan,nan,nan,nan,nan,nan,0.15484745198141692,0.12657909232911635,0.0,0.9843026203500105,0.9792668070834905,0.9455895670868256
185.89000000000001,0.0,28.0,0.0,0.0,nan,nan,nan,nan,nan,nan,nan,nan,nan,0.15484745198141692,0.12657909232911635,0.0,0.9843026203500105,0.9792668070834905,0.9455895670868256
186.13,0.0,26.0,0.0,0.0,nan,nan,nan,nan,nan,nan,nan,nan,nan,0.15484745198141692,0.12657909232911635,0.0,0.9843026203500105,0.9792668070834905,0.9455895670868256
186.33,0.0,29.0,0.0,0.0,nan,nan,nan,nan,nan,nan,nan,nan,nan,0.15484745198141692,0.12657909232911635,0.0,0.9843026203500105,0.9792668070834905,0.9455895670868256
186.55,0.0,26.0,0.0,0.0,nan,nan,nan,nan,nan,nan,nan,nan,nan,0.15484745198141692,0.12657909232911635,0.0,0.9843026203500105,0.9792668070834905,0.9455895670868256
186.79000000000002,0.0,16.0,0.0,0.0,nan,nan,nan,nan,nan,nan,nan,nan,nan,0.15484745198141692,0.12657909232911635,0.0,0.9843026203500105,0.9792668070834905,0.9455895670868256
186.99,0.0,16.0,0.0,0.0,nan,nan,nan,nan,nan,nan,nan,nan,nan,0.15484745198141692,0.12657909232911635,0.0,0.9843026203500105,0.9792668070834905,0.9455895670868256
187.23000000000002,0.0,48.0,0.0,0.0,nan,nan,nan,nan,nan,nan,nan,nan,nan,0.15484745198141692,0.12657909232911635,0.0,0.9843026203500105,0.9792668070834905,0.9455895670868256
187.45000000000002,0.0,68.0,0.0,0.0,nan,nan,nan,nan,nan,nan,nan,nan,nan,0.15484745198141692,0.12657909232911635,0.0,0.9843026203500105,0.9792668070834905,0.9455895670868256
187.69,0.0,87.0,0.0,0.0,nan,nan,nan,nan,nan,nan,nan,nan,nan,0.15484745198141692,0.12657909232911635,0.0,0.9843026203500105,0.9792668070834905,0.9455895670868256
187.93,0.0,83.0,0.0,0.0,nan,nan,nan,nan,nan,nan,nan,nan,nan,0.15484745198141692,0.12657909232911635,0.0,0.9843026203500105,0.9792668070834905,0.9455895670868256
188.15,0.0,58.0,0.0,0.0,nan,nan,nan,nan,nan,nan,nan,nan,nan,0.15484745198141692,0.12657909232911635,0.0,0.9843026203500105,0.9792668070834905,0.9455895670868256
188.35,0.0,58.0,0.0,0.0,nan,nan,nan,nan,nan,nan,nan,nan,nan,0.15484745198141692,0.12657909232911635,0.0,0.9843026203500105,0.9792668070834905,0.9455895670868256
188.59,0.0,35.0,0.0,0.0,nan,nan,nan,nan,nan,nan,nan,nan,nan,0.15484745198141692,0.12657909232911635,0.0,0.9843026203500105,0.9792668070834905,0.9455895670868256
188.83,0.0,24.0,0.0,0.0,nan,nan,nan,nan,nan,nan,nan,nan,nan,0.15484745198141692,0.12657909232911635,0.0,0.9843026203500105,0.9792668070834905,0.9455895670868256
189.03,0.0,22.0,0.0,0.0,nan,nan,nan,nan,nan,nan,nan,nan,nan,0.15484745198141692,0.12657909232911635,0.0,0.9843026203500105,0.9792668070834905,0.9455895670868256
189.65,0.0,23.0,0.0,0.0,nan,nan,nan,nan,nan,nan,nan,nan,nan,0.15484745198141692,0.12657909232911635,0.0,0.9843026203500105,0.9792668070834905,0.9455895670868256
189.89000000000001,0.0,15.0,0.0,0.0,nan,nan,nan,nan,nan,nan,nan,nan,nan,0.15484745198141692,0.12657909232911635,0.0,0.9843026203500105,0.9792668070834905,0.9455895670868256
190.09,0.0,16.0,0.0,0.0,nan,nan,nan,nan,nan,nan,nan,nan,nan,0.15484745198141692,0.12657909232911635,0.0,0.9843026203500105,0.9792668070834905,0.9455895670868256
190.53,0.0,16.0,0.0,0.0,nan,nan,nan,nan,nan,nan,nan,nan,nan,0.15484745198141692,0.12657909232911635,0.0,0.9843026203500105,0.9792668070834905,0.9455895670868256
190.63,0.0,17.0,0.0,0.0,nan,nan,nan,nan,nan,nan,nan,nan,nan,0.15484745198141692,0.12657909232911635,0.0,0.9843026203500105,0.9792668070834905,0.9455895670868256
191.59,0.0,21.0,0.0,0.0,nan,nan,nan,nan,nan,nan,nan,nan,nan,0.15484745198141692,0.12657909232911635,0.0,0.9843026203500105,0.9792668070834905,0.9455895670868256
191.79000000000002,0.0,39.0,0.0,0.0,nan,nan,nan,nan,nan,nan,nan,nan,nan,0.15484745198141692,0.12657909232911635,0.0,0.9843026203500105,0.9792668070834905,0.9455895670868256
191.99,0.0,43.0,0.0,0.0,nan,nan,nan,nan,nan,nan,nan,nan,nan,0.15484745198141692,0.12657909232911635,0.0,0.9843026203500105,0.9792668070834905,0.9455895670868256
192.19,0.0,42.0,0.0,0.0,nan,nan,nan,nan,nan,nan,nan,nan,nan,0.15484745198141692,0.12657909232911635,0.0,0.9843026203500105,0.9792668070834905,0.9455895670868256
192.43,0.0,30.0,0.0,0.0,nan,nan,nan,nan,nan,nan,nan,nan,nan,0.15484745198141692,0.12657909232911635,0.0,0.9843026203500105,0.9792668070834905,0.9455895670868256
192.63,0.0,28.0,0.0,0.0,nan,nan,nan,nan,nan,nan,nan,nan,nan,0.15484745198141692,0.12657909232911635,0.0,0.9843026203500105,0.9792668070834905,0.9455895670868256
192.85,0.0,22.0,0.0,0.0,nan,nan,nan,nan,nan,nan,nan,nan,nan,0.15484745198141692,0.12657909232911635,0.0,0.9843026203500105,0.9792668070834905,0.9455895670868256
193.09,0.0,16.0,0.0,0.0,nan,nan,nan,nan,nan,nan,nan,nan,nan,0.15484745198141692,0.12657909232911635,0.0,0.9843026203500105,0.9792668070834905,0.9455895670868256
193.33,0.0,28.0,0.0,0.0,nan,nan,nan,nan,nan,nan,nan,nan,nan,0.15484745198141692,0.12657909232911635,0.0,0.9843026203500105,0.9792668070834905,0.9455895670868256
193.55,0.0,19.0,0.0,0.0,nan,nan,nan,nan,nan,nan,nan,nan,nan,0.15484745198141692,0.12657909232911635,0.0,0.9843026203500105,0.9792668070834905,0.9455895670868256
193.79000000000002,0.0,19.0,0.0,0.0,nan,nan,nan,nan,nan,nan,nan,nan,nan,0.15484745198141692,0.12657909232911635,0.0,0.9843026203500105,0.9792668070834905,0.9455895670868256
194.03,0.0,30.0,0.0,0.0,nan,nan,nan,nan,nan,nan,nan,nan,nan,0.15484745198141692,0.12657909232911635,0.0,0.9843026203500105,0.9792668070834905,0.9455895670868256
194.23000000000002,0.0,37.0,0.0,0.0,nan,nan,nan,nan,nan,nan,nan,nan,nan,0.15484745198141692,0.12657909232911635,0.0,0.9843026203500105,0.9792668070834905,0.9455895670868256
194.45000000000002,0.0,35.0,0.0,0.0,nan,nan,nan,nan,nan,nan,nan,nan,nan,0.15484745198141692,0.12657909232911635,0.0,0.9843026203500105,0.9792668070834905,0.9455895670868256
194.69,0.0,45.0,0.0,0.0,nan,nan,nan,nan,nan,nan,nan,nan,nan,0.15484745198141692,0.12657909232911635,0.0,0.9843026203500105,0.9792668070834905,0.9455895670868256
194.93,0.0,37.0,0.0,0.0,nan,nan,nan,nan,nan,nan,nan,nan,nan,0.15484745198141692,0.12657909232911635,0.0,0.9843026203500105,0.9792668070834905,0.9455895670868256
195.13,0.0,42.0,0.0,0.0,nan,nan,nan,nan,nan,nan,nan,nan,nan,0.15484745198141692,0.12657909232911635,0.0,0.9843026203500105,0.9792668070834905,0.9455895670868256
195.33,0.0,42.0,0.0,0.0,nan,nan,nan,nan,nan,nan,nan,nan,nan,0.15484745198141692,0.12657909232911635,0.0,0.9843026203500105,0.9792668070834905,0.9455895670868256
195.55,0.0,43.0,0.0,0.0,nan,nan,nan,nan,nan,nan,nan,nan,nan,0.15484745198141692,0.12657909232911635,0.0,0.9843026203500105,0.9792668070834905,0.9455895670868256
195.79000000000002,0.0,44.0,0.0,0.0,nan,nan,nan,nan,nan,nan,nan,nan,nan,0.15484745198141692,0.12657909232911635,0.0,0.9843026203500105,0.9792668070834905,0.9455895670868256
195.99,0.0,41.0,0.0,0.0,nan,nan,nan,nan,nan,nan,nan,nan,nan,0.15484745198141692,0.12657909232911635,0.0,0.9843026203500105,0.9792668070834905,0.9455895670868256
196.23000000000002,0.0,35.0,0.0,0.0,nan,nan,nan,nan,nan,nan,nan,nan,nan,0.15484745198141692,0.12657909232911635,0.0,0.9843026203500105,0.9792668070834905,0.9455895670868256
196.43,0.0,45.0,0.0,0.0,nan,nan,nan,nan,nan,nan,nan,nan,nan,0.15484745198141692,0.12657909232911635,0.0,0.9843026203500105,0.9792668070834905,0.9455895670868256
196.65,0.0,57.0,0.0,0.0,nan,nan,nan,nan,nan,nan,nan,nan,nan,0.15484745198141692,0.12657909232911635,0.0,0.9843026203500105,0.9792668070834905,0.9455895670868256
196.89000000000001,0.0,56.0,0.0,0.0,nan,nan,nan,nan,nan,nan,nan,nan,nan,0.15484745198141692,0.12657909232911635,0.0,0.9843026203500105,0.9792668070834905,0.9455895670868256
197.13,0.0,52.0,0.0,0.0,nan,nan,nan,nan,nan,nan,nan,nan,nan,0.15484745198141692,0.12657909232911635,0.0,0.9843026203500105,0.9792668070834905,0.9455895670868256
197.39000000000001,0.0,54.0,0.0,0.0,nan,nan,nan,nan,nan,nan,nan,nan,nan,0.15484745198141692,0.12657909232911635,0.0,0.9843026203500105,0.9792668070834905,0.9455895670868256
197.59,0.0,38.0,0.0,0.0,nan,nan,nan,nan,nan,nan,nan,nan,nan,0.15484745198141692,0.12657909232911635,0.0,0.9843026203500105,0.9792668070834905,0.9455895670868256
197.83,0.0,27.0,0.0,0.0,nan,nan,nan,nan,nan,nan,nan,nan,nan,0.15484745198141692,0.12657909232911635,0.0,0.9843026203500105,0.9792668070834905,0.9455895670868256
198.05,0.0,28.0,0.0,0.0,nan,nan,nan,nan,nan,nan,nan,nan,nan,0.15484745198141692,0.12657909232911635,0.0,0.9843026203500105,0.9792668070834905,0.9455895670868256
198.29000000000002,0.0,29.0,0.0,0.0,nan,nan,nan,nan,nan,nan,nan,nan,nan,0.15484745198141692,0.12657909232911635,0.0,0.9843026203500105,0.9792668070834905,0.9455895670868256
198.49,0.0,14.0,0.0,0.0,nan,nan,nan,nan,nan,nan,nan,nan,nan,0.15484745198141692,0.12657909232911635,0.0,0.9843026203500105,0.9792668070834905,0.9455895670868256
199.13,0.0,43.0,0.0,0.0,nan,nan,nan,nan,nan,nan,nan,nan,nan,0.15484745198141692,0.12657909232911635,0.0,0.9843026203500105,0.9792668070834905,0.9455895670868256
199.33,0.0,39.0,0.0,0.0,nan,nan,nan,nan,nan,nan,nan,nan,nan,0.15484745198141692,0.12657909232911635,0.0,0.9843026203500105,0.9792668070834905,0.9455895670868256
199.55,0.0,31.0,0.0,0.0,nan,nan,nan,nan,nan,nan,nan,nan,nan,0.15484745198141692,0.12657909232911635,0.0,0.9843026203500105,0.9792668070834905,0.9455895670868256
199.75,0.0,44.0,0.0,0.0,nan,nan,nan,nan,nan,nan,nan,nan,nan,0.15484745198141692,0.12657909232911635,0.0,0.9843026203500105,0.9792668070834905,0.9455895670868256
199.99,0.0,35.0,0.0,0.0,nan,nan,nan,nan,nan,nan,nan,nan,nan,0.15484745198141692,0.12657909232911635,0.0,0.9843026203500105,0.9792668070834905,0.9455895670868256
200.23000000000002,0.0,32.0,0.0,0.0,nan,nan,nan,nan,nan,nan,nan,nan,nan,0.15484745198141692,0.12657909232911635,0.0,0.9843026203500105,0.9792668070834905,0.9455895670868256
200.43,0.0,32.0,0.0,0.0,nan,nan,nan,nan,nan,nan,nan,nan,nan,0.15484745198141692,0.12657909232911635,0.0,0.9843026203500105,0.9792668070834905,0.9455895670868256
200.65,0.0,35.0,0.0,0.0,nan,nan,nan,nan,nan,nan,nan,nan,nan,0.15484745198141692,0.12657909232911635,0.0,0.9843026203500105,0.9792668070834905,0.9455895670868256
200.89000000000001,0.0,38.0,0.0,0.0,nan,nan,nan,nan,nan,nan,nan,nan,nan,0.15484745198141692,0.12657909232911635,0.0,0.9843026203500105,0.9792668070834905,0.9455895670868256
201.13,0.0,38.0,0.0,0.0,nan,nan,nan,nan,nan,nan,nan,nan,nan,0.15484745198141692,0.12657909232911635,0.0,0.9843026203500105,0.9792668070834905,0.9455895670868256
201.35,0.0,34.0,0.0,0.0,nan,nan,nan,nan,nan,nan,nan,nan,nan,0.15484745198141692,0.12657909232911635,0.0,0.9843026203500105,0.9792668070834905,0.9455895670868256
201.55,0.0,32.0,0.0,0.0,nan,nan,nan,nan,nan,nan,nan,nan,nan,0.15484745198141692,0.12657909232911635,0.0,0.9843026203500105,0.9792668070834905,0.9455895670868256
201.77,0.0,33.0,0.0,0.0,nan,nan,nan,nan,nan,nan,nan,nan,nan,0.15484745198141692,0.12657909232911635,0.0,0.9843026203500105,0.9792668070834905,0.9455895670868256
201.99,0.0,40.0,4.0,0.1,0.3268444046985731,0.3321114813469053,8.277596186946107,nan,nan,nan,nan,nan,nan,0.15484745198141692,0.12657909232911635,0.0,0.9843026203500105,0.9792668070834905,0.9455895670868256
202.19,0.0,33.0,4.0,0.12121212121212122,0.29967333169139354,0.31036558587290203,9.67624562999087,nan,nan,nan,nan,nan,nan,0.15484745198141692,0.12657909232911635,0.0,0.9843026203500105,0.9792668070834905,0.9455895670868256
202.43,0.0,52.0,6.0,0.11538461538461539,0.06574119819943526,0.2375750384271737,5.47285940538986,nan,nan,nan,nan,nan,nan,0.15484745198141692,0.12657909232911635,0.0,0.9843026203500105,0.9792668070834905,0.9455895670868256
202.63,1.0,55.0,11.0,0.2,0.19403650130504724,0.2520002221927568,8.834309005201103,0.2,-0.12,0.1742711985727906,-0.1370999649595936,5.754452496623153,1.139028578926642,-0.18164548147168214,0.0836953945024499,0.0,0.9719327510410796,0.9716502318817305,0.8608804222773673
202.85,0.0,38.0,6.0,0.15789473684210525,0.08378317479832459,0.13048977411963733,12.326050997991477,nan,nan,nan,nan,nan,nan,-0.18164548147168214,0.0836953945024499,0.0,0.9719327510410796,0.9716502318817305,0.8608804222773673
203.09,1.0,43.0,15.0,0.3488372093023256,0.23752369805454177,0.3327723072119673,7.975904616900987,0.2,-0.12,0.21917195852043247,-0.2220575113890655,6.0482435436573105,1.1319326279979527,-0.1810470149087275,0.08498222398030642,0.0,0.570754296507862,0.491806677750956,0.57421522128849
203.33,1.0,49.0,8.0,0.16326530612244897,0.16356032507649843,0.20743581313990608,6.542516675249539,0.2,-0.12,0.15479085421870098,-0.29290570367652996,6.202448592950386,1.167824801739968,-0.18397995257628308,0.07843071496568577,0.0,0.4813178143250007,0.37144719401528414,0.26258448395879563
203.55,0.0,44.0,7.0,0.1590909090909091,0.08894848594302177,0.13699776298332314,9.788986653548086,nan,nan,nan,nan,nan,nan,-0.18397995257628308,0.07843071496568577,0.0,0.4813178143250007,0.37144719401528414,0.26258448395879563
203.79000000000002,0.0,48.0,6.0,0.125,0.0674426007658274,0.13255409223563303,15.556881519489338,nan,nan,nan,nan,nan,nan,-0.18397995257628308,0.07843071496568577,0.0,0.4813178143250007,0.37144719401528414,0.26258448395879563
204.03,0.0,43.0,2.0,0.046511627906976744,0.035949068239494834,0.06148172343996189,13.390683000810126,nan,nan,nan,nan,nan,nan,-0.18397995257628308,0.07843071496568577,0.0,0.4813178143250007,0.37144719401528414,0.26258448395879563
204.29000000000002,0.0,37.0,0.0,0.0,nan,nan,nan,nan,nan,nan,nan,nan,nan,-0.18397995257628308,0.07843071496568577,0.0,0.4813178143250007,0.37144719401528414,0.26258448395879563
204.53,0.0,45.0,0.0,0.0,nan,nan,nan,nan,nan,nan,nan,nan,nan,-0.18397995257628308,0.07843071496568577,0.0,0.4813178143250007,0.37144719401528414,0.26258448395879563
204.75,0.0,55.0,0.0,0.0,nan,nan,nan,nan,nan,nan,nan,nan,nan,-0.18397995257628308,0.07843071496568577,0.0,0.4813178143250007,0.37144719401528414,0.26258448395879563
204.93,0.0,42.0,0.0,0.0,nan,nan,nan,nan,nan,nan,nan,nan,nan,-0.18397995257628308,0.07843071496568577,0.0,0.4813178143250007,0.37144719401528414,0.26258448395879563
205.15,0.0,41.0,0.0,0.0,nan,nan,nan,nan,nan,nan,nan,nan,nan,-0.18397995257628308,0.07843071496568577,0.0,0.4813178143250007,0.37144719401528414,0.26258448395879563
205.39000000000001,0.0,41.0,0.0,0.0,nan,nan,nan,nan,nan,nan,nan,nan,nan,-0.18397995257628308,0.07843071496568577,0.0,0.4813178143250007,0.37144719401528414,0.26258448395879563
205.59,0.0,45.0,0.0,0.0,nan,nan,nan,nan,nan,nan,nan,nan,nan,-0.18397995257628308,0.07843071496568577,0.0,0.4813178143250007,0.37144719401528414,0.26258448395879563
205.79000000000002,0.0,28.0,0.0,0.0,nan,nan,nan,nan,nan,nan,nan,nan,nan,-0.18397995257628308,0.07843071496568577,0.0,0.4813178143250007,0.37144719401528414,0.26258448395879563
206.03,0.0,42.0,0.0,0.0,nan,nan,nan,nan,nan,nan,nan,nan,nan,-0.18397995257628308,0.07843071496568577,0.0,0.4813178143250007,0.37144719401528414,0.26258448395879563
206.23000000000002,0.0,30.0,0.0,0.0,nan,nan,nan,nan,nan,nan,nan,nan,nan,-0.18397995257628308,0.07843071496568577,0.0,0.4813178143250007,0.37144719401528414,0.26258448395879563
206.63,0.0,35.0,0.0,0.0,nan,nan,nan,nan,nan,nan,nan,nan,nan,-0.18397995257628308,0.07843071496568577,0.0,0.4813178143250007,0.37144719401528414,0.26258448395879563
206.73000000000002,0.0,33.0,0.0,0.0,nan,nan,nan,nan,nan,nan,nan,nan,nan,-0.18397995257628308,0.07843071496568577,0.0,0.4813178143250007,0.37144719401528414,0.26258448395879563
207.49,0.0,33.0,0.0,0.0,nan,nan,nan,nan,nan,nan,nan,nan,nan,-0.18397995257628308,0.07843071496568577,0.0,0.4813178143250007,0.37144719401528414,0.26258448395879563
207.53,0.0,46.0,0.0,0.0,nan,nan,nan,nan,nan,nan,nan,nan,nan,-0.18397995257628308,0.07843071496568577,0.0,0.4813178143250007,0.37144719401528414,0.26258448395879563
207.69,0.0,49.0,0.0,0.0,nan,nan,nan,nan,nan,nan,nan,nan,nan,-0.18397995257628308,0.07843071496568577,0.0,0.4813178143250007,0.37144719401528414,0.26258448395879563
207.73000000000002,0.0,47.0,0.0,0.0,nan,nan,nan,nan,nan,nan,nan,nan,nan,-0.18397995257628308,0.07843071496568577,0.0,0.4813178143250007,0.37144719401528414,0.26258448395879563
208.03,0.0,49.0,0.0,0.0,nan,nan,nan,nan,nan,nan,nan,nan,nan,-0.18397995257628308,0.07843071496568577,0.0,0.4813178143250007,0.37144719401528414,0.26258448395879563
208.29000000000002,0.0,42.0,0.0,0.0,nan,nan,nan,nan,nan,nan,nan,nan,nan,-0.18397995257628308,0.07843071496568577,0.0,0.4813178143250007,0.37144719401528414,0.26258448395879563
208.35,0.0,40.0,0.0,0.0,nan,nan,nan,nan,nan,nan,nan,nan,nan,-0.18397995257628308,0.07843071496568577,0.0,0.4813178143250007,0.37144719401528414,0.26258448395879563
208.53,0.0,47.0,0.0,0.0,nan,nan,nan,nan,nan,nan,nan,nan,nan,-0.18397995257628308,0.07843071496568577,0.0,0.4813178143250007,0.37144719401528414,0.26258448395879563
208.63,0.0,47.0,0.0,0.0,nan,nan,nan,nan,nan,nan,nan,nan,nan,-0.18397995257628308,0.07843071496568577,0.0,0.4813178143250007,0.37144719401528414,0.26258448395879563
208.83,0.0,47.0,0.0,0.0,nan,nan,nan,nan,nan,nan,nan,nan,nan,-0.18397995257628308,0.07843071496568577,0.0,0.4813178143250007,0.37144719401528414,0.26258448395879563
209.05,0.0,47.0,0.0,0.0,nan,nan,nan,nan,nan,nan,nan,nan,nan,-0.18397995257628308,0.07843071496568577,0.0,0.4813178143250007,0.37144719401528414,0.26258448395879563
209.25,0.0,47.0,0.0,0.0,nan,nan,nan,nan,nan,nan,nan,nan,nan,-0.18397995257628308,0.07843071496568577,0.0,0.4813178143250007,0.37144719401528414,0.26258448395879563
209.45000000000002,0.0,47.0,0.0,0.0,nan,nan,nan,nan,nan,nan,nan,nan,nan,-0.18397995257628308,0.07843071496568577,0.0,0.4813178143250007,0.37144719401528414,0.26258448395879563
209.69,0.0,27.0,0.0,0.0,nan,nan,nan,nan,nan,nan,nan,nan,nan,-0.18397995257628308,0.07843071496568577,0.0,0.4813178143250007,0.37144719401528414,0.26258448395879563
210.05,0.0,21.0,0.0,0.0,nan,nan,nan,nan,nan,nan,nan,nan,nan,-0.18397995257628308,0.07843071496568577,0.0,0.4813178143250007,0.37144719401528414,0.26258448395879563
210.13,0.0,35.0,0.0,0.0,nan,nan,nan,nan,nan,nan,nan,nan,nan,-0.18397995257628308,0.07843071496568577,0.0,0.4813178143250007,0.37144719401528414,0.26258448395879563
210.35,0.0,24.0,0.0,0.0,nan,nan,nan,nan,nan,nan,nan,nan,nan,-0.18397995257628308,0.07843071496568577,0.0,0.4813178143250007,0.37144719401528414,0.26258448395879563
210.59,0.0,30.0,0.0,0.0,nan,nan,nan,nan,nan,nan,nan,nan,nan,-0.18397995257628308,0.07843071496568577,0.0,0.4813178143250007,0.37144719401528414,0.26258448395879563
210.83,0.0,42.0,0.0,0.0,nan,nan,nan,nan,nan,nan,nan,nan,nan,-0.18397995257628308,0.07843071496568577,0.0,0.4813178143250007,0.37144719401528414,0.26258448395879563
211.05,0.0,51.0,0.0,0.0,nan,nan,nan,nan,nan,nan,nan,nan,nan,-0.18397995257628308,0.07843071496568577,0.0,0.4813178143250007,0.37144719401528414,0.26258448395879563
211.29000000000002,0.0,35.0,0.0,0.0,nan,nan,nan,nan,nan,nan,nan,nan,nan,-0.18397995257628308,0.07843071496568577,0.0,0.4813178143250007,0.37144719401528414,0.26258448395879563
211.49,0.0,45.0,0.0,0.0,nan,nan,nan,nan,nan,nan,nan,nan,nan,-0.18397995257628308,0.07843071496568577,0.0,0.4813178143250007,0.37144719401528414,0.26258448395879563
211.69,0.0,49.0,0.0,0.0,nan,nan,nan,nan,nan,nan,nan,nan,nan,-0.18397995257628308,0.07843071496568577,0.0,0.4813178143250007,0.37144719401528414,0.26258448395879563
211.93,0.0,43.0,0.0,0.0,nan,nan,nan,nan,nan,nan,nan,nan,nan,-0.18397995257628308,0.07843071496568577,0.0,0.4813178143250007,0.37144719401528414,0.26258448395879563
212.15,0.0,49.0,0.0,0.0,nan,nan,nan,nan,nan,nan,nan,nan,nan,-0.18397995257628308,0.07843071496568577,0.0,0.4813178143250007,0.37144719401528414,0.26258448395879563
212.35,0.0,38.0,0.0,0.0,nan,nan,nan,nan,nan,nan,nan,nan,nan,-0.18397995257628308,0.07843071496568577,0.0,0.4813178143250007,0.37144719401528414,0.26258448395879563
212.59,0.0,39.0,0.0,0.0,nan,nan,nan,nan,nan,nan,nan,nan,nan,-0.18397995257628308,0.07843071496568577,0.0,0.4813178143250007,0.37144719401528414,0.26258448395879563
212.83,0.0,38.0,0.0,0.0,nan,nan,nan,nan,nan,nan,nan,nan,nan,-0.18397995257628308,0.07843071496568577,0.0,0.4813178143250007,0.37144719401528414,0.26258448395879563
213.03,0.0,32.0,0.0,0.0,nan,nan,nan,nan,nan,nan,nan,nan,nan,-0.18397995257628308,0.07843071496568577,0.0,0.4813178143250007,0.37144719401528414,0.26258448395879563
213.25,0.0,30.0,0.0,0.0,nan,nan,nan,nan,nan,nan,nan,nan,nan,-0.18397995257628308,0.07843071496568577,0.0,0.4813178143250007,0.37144719401528414,0.26258448395879563
213.45000000000002,0.0,30.0,0.0,0.0,nan,nan,nan,nan,nan,nan,nan,nan,nan,-0.18397995257628308,0.07843071496568577,0.0,0.4813178143250007,0.37144719401528414,0.26258448395879563
213.69,0.0,40.0,0.0,0.0,nan,nan,nan,nan,nan,nan,nan,nan,nan,-0.18397995257628308,0.07843071496568577,0.0,0.4813178143250007,0.37144719401528414,0.26258448395879563
213.89000000000001,0.0,67.0,0.0,0.0,nan,nan,nan,nan,nan,nan,nan,nan,nan,-0.18397995257628308,0.07843071496568577,0.0,0.4813178143250007,0.37144719401528414,0.26258448395879563
214.15,0.0,44.0,0.0,0.0,nan,nan,nan,nan,nan,nan,nan,nan,nan,-0.18397995257628308,0.07843071496568577,0.0,0.4813178143250007,0.37144719401528414,0.26258448395879563
214.39000000000001,0.0,49.0,0.0,0.0,nan,nan,nan,nan,nan,nan,nan,nan,nan,-0.18397995257628308,0.07843071496568577,0.0,0.4813178143250007,0.37144719401528414,0.26258448395879563
214.63,0.0,49.0,0.0,0.0,nan,nan,nan,nan,nan,nan,nan,nan,nan,-0.18397995257628308,0.07843071496568577,0.0,0.4813178143250007,0.37144719401528414,0.26258448395879563
214.83,0.0,43.0,0.0,0.0,nan,nan,nan,nan,nan,nan,nan,nan,nan,-0.18397995257628308,0.07843071496568577,0.0,0.4813178143250007,0.37144719401528414,0.26258448395879563
215.05,0.0,31.0,0.0,0.0,nan,nan,nan,nan,nan,nan,nan,nan,nan,-0.18397995257628308,0.07843071496568577,0.0,0.4813178143250007,0.37144719401528414,0.26258448395879563
215.25,0.0,21.0,0.0,0.0,nan,nan,nan,nan,nan,nan,nan,nan,nan,-0.18397995257628308,0.07843071496568577,0.0,0.4813178143250007,0.37144719401528414,0.26258448395879563
215.49,0.0,21.0,0.0,0.0,nan,nan,nan,nan,nan,nan,nan,nan,nan,-0.18397995257628308,0.07843071496568577,0.0,0.4813178143250007,0.37144719401528414,0.26258448395879563
215.69,0.0,21.0,0.0,0.0,nan,nan,nan,nan,nan,nan,nan,nan,nan,-0.18397995257628308,0.07843071496568577,0.0,0.4813178143250007,0.37144719401528414,0.26258448395879563
215.89000000000001,0.0,38.0,0.0,0.0,nan,nan,nan,nan,nan,nan,nan,nan,nan,-0.18397995257628308,0.07843071496568577,0.0,0.4813178143250007,0.37144719401528414,0.26258448395879563
216.13,0.0,42.0,0.0,0.0,nan,nan,nan,nan,nan,nan,nan,nan,nan,-0.18397995257628308,0.07843071496568577,0.0,0.4813178143250007,0.37144719401528414,0.26258448395879563
216.35,0.0,44.0,0.0,0.0,nan,nan,nan,nan,nan,nan,nan,nan,nan,-0.18397995257628308,0.07843071496568577,0.0,0.4813178143250007,0.37144719401528414,0.26258448395879563
216.55,0.0,43.0,0.0,0.0,nan,nan,nan,nan,nan,nan,nan,nan,nan,-0.18397995257628308,0.07843071496568577,0.0,0.4813178143250007,0.37144719401528414,0.26258448395879563
216.79000000000002,0.0,38.0,0.0,0.0,nan,nan,nan,nan,nan,nan,nan,nan,nan,-0.18397995257628308,0.07843071496568577,0.0,0.4813178143250007,0.37144719401528414,0.26258448395879563
217.03,0.0,34.0,0.0,0.0,nan,nan,nan,nan,nan,nan,nan,nan,nan,-0.18397995257628308,0.07843071496568577,0.0,0.4813178143250007,0.37144719401528414,0.26258448395879563
217.25,0.0,30.0,0.0,0.0,nan,nan,nan,nan,nan,nan,nan,nan,nan,-0.18397995257628308,0.07843071496568577,0.0,0.4813178143250007,0.37144719401528414,0.26258448395879563
217.49,0.0,46.0,0.0,0.0,nan,nan,nan,nan,nan,nan,nan,nan,nan,-0.18397995257628308,0.07843071496568577,0.0,0.4813178143250007,0.37144719401528414,0.26258448395879563
217.73000000000002,0.0,41.0,0.0,0.0,nan,nan,nan,nan,nan,nan,nan,nan,nan,-0.18397995257628308,0.07843071496568577,0.0,0.4813178143250007,0.37144719401528414,0.26258448395879563
217.93,0.0,52.0,0.0,0.0,nan,nan,nan,nan,nan,nan,nan,nan,nan,-0.18397995257628308,0.07843071496568577,0.0,0.4813178143250007,0.37144719401528414,0.26258448395879563
218.15,0.0,39.0,0.0,0.0,nan,nan,nan,nan,nan,nan,nan,nan,nan,-0.18397995257628308,0.07843071496568577,0.0,0.4813178143250007,0.37144719401528414,0.26258448395879563
218.37,0.0,46.0,0.0,0.0,nan,nan,nan,nan,nan,nan,nan,nan,nan,-0.18397995257628308,0.07843071496568577,0.0,0.4813178143250007,0.37144719401528414,0.26258448395879563
218.55,0.0,38.0,0.0,0.0,nan,nan,nan,nan,nan,nan,nan,nan,nan,-0.18397995257628308,0.07843071496568577,0.0,0.4813178143250007,0.37144719401528414,0.26258448395879563
218.75,0.0,41.0,0.0,0.0,nan,nan,nan,nan,nan,nan,nan,nan,nan,-0.18397995257628308,0.07843071496568577,0.0,0.4813178143250007,0.37144719401528414,0.26258448395879563
218.95000000000002,0.0,44.0,0.0,0.0,nan,nan,nan,nan,nan,nan,nan,nan,nan,-0.18397995257628308,0.07843071496568577,0.0,0.4813178143250007,0.37144719401528414,0.26258448395879563
219.15,0.0,34.0,0.0,0.0,nan,nan,nan,nan,nan,nan,nan,nan,nan,-0.18397995257628308,0.07843071496568577,0.0,0.4813178143250007,0.37144719401528414,0.26258448395879563
219.39000000000001,0.0,37.0,0.0,0.0,nan,nan,nan,nan,nan,nan,nan,nan,nan,-0.18397995257628308,0.07843071496568577,0.0,0.4813178143250007,0.37144719401528414,0.26258448395879563
219.59,0.0,31.0,0.0,0.0,nan,nan,nan,nan,nan,nan,nan,nan,nan,-0.18397995257628308,0.07843071496568577,0.0,0.4813178143250007,0.37144719401528414,0.26258448395879563
219.83,0.0,35.0,0.0,0.0,nan,nan,nan,nan,nan,nan,nan,nan,nan,-0.18397995257628308,0.07843071496568577,0.0,0.4813178143250007,0.37144719401528414,0.26258448395879563
220.05,0.0,30.0,0.0,0.0,nan,nan,nan,nan,nan,nan,nan,nan,nan,-0.18397995257628308,0.07843071496568577,0.0,0.4813178143250007,0.37144719401528414,0.26258448395879563
220.25,0.0,38.0,0.0,0.0,nan,nan,nan,nan,nan,nan,nan,nan,nan,-0.18397995257628308,0.07843071496568577,0.0,0.4813178143250007,0.37144719401528414,0.26258448395879563
220.49,0.0,32.0,0.0,0.0,nan,nan,nan,nan,nan,nan,nan,nan,nan,-0.18397995257628308,0.07843071496568577,0.0,0.4813178143250007,0.37144719401528414,0.26258448395879563
220.73000000000002,0.0,38.0,0.0,0.0,nan,nan,nan,nan,nan,nan,nan,nan,nan,-0.18397995257628308,0.07843071496568577,0.0,0.4813178143250007,0.37144719401528414,0.26258448395879563
220.93,0.0,32.0,0.0,0.0,nan,nan,nan,nan,nan,nan,nan,nan,nan,-0.18397995257628308,0.07843071496568577,0.0,0.4813178143250007,0.37144719401528414,0.26258448395879563
221.15,0.0,36.0,0.0,0.0,nan,nan,nan,nan,nan,nan,nan,nan,nan,-0.18397995257628308,0.07843071496568577,0.0,0.4813178143250007,0.37144719401528414,0.26258448395879563
221.35,0.0,37.0,0.0,0.0,nan,nan,nan,nan,nan,nan,nan,nan,nan,-0.18397995257628308,0.07843071496568577,0.0,0.4813178143250007,0.37144719401528414,0.26258448395879563
221.59,0.0,30.0,0.0,0.0,nan,nan,nan,nan,nan,nan,nan,nan,nan,-0.18397995257628308,0.07843071496568577,0.0,0.4813178143250007,0.37144719401528414,0.26258448395879563
221.79000000000002,0.0,33.0,0.0,0.0,nan,nan,nan,nan,nan,nan,nan,nan,nan,-0.18397995257628308,0.07843071496568577,0.0,0.4813178143250007,0.37144719401528414,0.26258448395879563
221.99,0.0,25.0,0.0,0.0,nan,nan,nan,nan,nan,nan,nan,nan,nan,-0.18397995257628308,0.07843071496568577,0.0,0.4813178143250007,0.37144719401528414,0.26258448395879563
222.19,0.0,28.0,0.0,0.0,nan,nan,nan,nan,nan,nan,nan,nan,nan,-0.18397995257628308,0.07843071496568577,0.0,0.4813178143250007,0.37144719401528414,0.26258448395879563
222.43,0.0,31.0,0.0,0.0,nan,nan,nan,nan,nan,nan,nan,nan,nan,-0.18397995257628308,0.07843071496568577,0.0,0.4813178143250007,0.37144719401528414,0.26258448395879563
222.63,0.0,31.0,0.0,0.0,nan,nan,nan,nan,nan,nan,nan,nan,nan,-0.18397995257628308,0.07843071496568577,0.0,0.4813178143250007,0.37144719401528414,0.26258448395879563
222.83,0.0,39.0,0.0,0.0,nan,nan,nan,nan,nan,nan,nan,nan,nan,-0.18397995257628308,0.07843071496568577,0.0,0.4813178143250007,0.37144719401528414,0.26258448395879563
223.09000000000003,0.0,50.0,0.0,0.0,nan,nan,nan,nan,nan,nan,nan,nan,nan,-0.18397995257628308,0.07843071496568577,0.0,0.4813178143250007,0.37144719401528414,0.26258448395879563
223.29000000000002,0.0,47.0,0.0,0.0,nan,nan,nan,nan,nan,nan,nan,nan,nan,-0.18397995257628308,0.07843071496568577,0.0,0.4813178143250007,0.37144719401528414,0.26258448395879563
223.53000000000003,0.0,47.0,0.0,0.0,nan,nan,nan,nan,nan,nan,nan,nan,nan,-0.18397995257628308,0.07843071496568577,0.0,0.4813178143250007,0.37144719401528414,0.26258448395879563
223.73000000000002,0.0,38.0,0.0,0.0,nan,nan,nan,nan,nan,nan,nan,nan,nan,-0.18397995257628308,0.07843071496568577,0.0,0.4813178143250007,0.37144719401528414,0.26258448395879563
223.95,0.0,40.0,0.0,0.0,nan,nan,nan,nan,nan,nan,nan,nan,nan,-0.18397995257628308,0.07843071496568577,0.0,0.4813178143250007,0.37144719401528414,0.26258448395879563
224.19,0.0,39.0,0.0,0.0,nan,nan,nan,nan,nan,nan,nan,nan,nan,-0.18397995257628308,0.07843071496568577,0.0,0.4813178143250007,0.37144719401528414,0.26258448395879563
224.39,0.0,31.0,0.0,0.0,nan,nan,nan,nan,nan,nan,nan,nan,nan,-0.18397995257628308,0.07843071496568577,0.0,0.4813178143250007,0.37144719401528414,0.26258448395879563
224.63,0.0,31.0,0.0,0.0,nan,nan,nan,nan,nan,nan,nan,nan,nan,-0.18397995257628308,0.07843071496568577,0.0,0.4813178143250007,0.37144719401528414,0.26258448395879563
224.82999999999998,0.0,17.0,0.0,0.0,nan,nan,nan,nan,nan,nan,nan,nan,nan,-0.18397995257628308,0.07843071496568577,0.0,0.4813178143250007,0.37144719401528414,0.26258448395879563
225.03000000000003,0.0,22.0,0.0,0.0,nan,nan,nan,nan,nan,nan,nan,nan,nan,-0.18397995257628308,0.07843071496568577,0.0,0.4813178143250007,0.37144719401528414,0.26258448395879563
225.26999999999998,0.0,13.0,0.0,0.0,nan,nan,nan,nan,nan,nan,nan,nan,nan,-0.18397995257628308,0.07843071496568577,0.0,0.4813178143250007,0.37144719401528414,0.26258448395879563
225.45,0.0,23.0,0.0,0.0,nan,nan,nan,nan,nan,nan,nan,nan,nan,-0.18397995257628308,0.07843071496568577,0.0,0.4813178143250007,0.37144719401528414,0.26258448395879563
225.69,0.0,37.0,0.0,0.0,nan,nan,nan,nan,nan,nan,nan,nan,nan,-0.18397995257628308,0.07843071496568577,0.0,0.4813178143250007,0.37144719401528414,0.26258448395879563
225.93,0.0,44.0,0.0,0.0,nan,nan,nan,nan,nan,nan,nan,nan,nan,-0.18397995257628308,0.07843071496568577,0.0,0.4813178143250007,0.37144719401528414,0.26258448395879563
226.13,0.0,49.0,0.0,0.0,nan,nan,nan,nan,nan,nan,nan,nan,nan,-0.18397995257628308,0.07843071496568577,0.0,0.4813178143250007,0.37144719401528414,0.26258448395879563
226.35000000000002,0.0,53.0,0.0,0.0,nan,nan,nan,nan,nan,nan,nan,nan,nan,-0.18397995257628308,0.07843071496568577,0.0,0.4813178143250007,0.37144719401528414,0.26258448395879563
226.59000000000003,0.0,46.0,0.0,0.0,nan,nan,nan,nan,nan,nan,nan,nan,nan,-0.18397995257628308,0.07843071496568577,0.0,0.4813178143250007,0.37144719401528414,0.26258448395879563
226.82999999999998,0.0,49.0,0.0,0.0,nan,nan,nan,nan,nan,nan,nan,nan,nan,-0.18397995257628308,0.07843071496568577,0.0,0.4813178143250007,0.37144719401528414,0.26258448395879563
227.05,0.0,43.0,0.0,0.0,nan,nan,nan,nan,nan,nan,nan,nan,nan,-0.18397995257628308,0.07843071496568577,0.0,0.4813178143250007,0.37144719401528414,0.26258448395879563
227.29000000000002,0.0,42.0,0.0,0.0,nan,nan,nan,nan,nan,nan,nan,nan,nan,-0.18397995257628308,0.07843071496568577,0.0,0.4813178143250007,0.37144719401528414,0.26258448395879563
227.53000000000003,0.0,41.0,0.0,0.0,nan,nan,nan,nan,nan,nan,nan,nan,nan,-0.18397995257628308,0.07843071496568577,0.0,0.4813178143250007,0.37144719401528414,0.26258448395879563
227.75,0.0,31.0,0.0,0.0,nan,nan,nan,nan,nan,nan,nan,nan,nan,-0.18397995257628308,0.07843071496568577,0.0,0.4813178143250007,0.37144719401528414,0.26258448395879563
227.95,0.0,30.0,0.0,0.0,nan,nan,nan,nan,nan,nan,nan,nan,nan,-0.18397995257628308,0.07843071496568577,0.0,0.4813178143250007,0.37144719401528414,0.26258448395879563
228.19,0.0,35.0,0.0,0.0,nan,nan,nan,nan,nan,nan,nan,nan,nan,-0.18397995257628308,0.07843071496568577,0.0,0.4813178143250007,0.37144719401528414,0.26258448395879563
228.39,0.0,35.0,0.0,0.0,nan,nan,nan,nan,nan,nan,nan,nan,nan,-0.18397995257628308,0.07843071496568577,0.0,0.4813178143250007,0.37144719401528414,0.26258448395879563
228.59000000000003,0.0,44.0,0.0,0.0,nan,nan,nan,nan,nan,nan,nan,nan,nan,-0.18397995257628308,0.07843071496568577,0.0,0.4813178143250007,0.37144719401528414,0.26258448395879563
228.82999999999998,0.0,44.0,0.0,0.0,nan,nan,nan,nan,nan,nan,nan,nan,nan,-0.18397995257628308,0.07843071496568577,0.0,0.4813178143250007,0.37144719401528414,0.26258448395879563
229.05,0.0,41.0,0.0,0.0,nan,nan,nan,nan,nan,nan,nan,nan,nan,-0.18397995257628308,0.07843071496568577,0.0,0.4813178143250007,0.37144719401528414,0.26258448395879563
229.25,0.0,32.0,0.0,0.0,nan,nan,nan,nan,nan,nan,nan,nan,nan,-0.18397995257628308,0.07843071496568577,0.0,0.4813178143250007,0.37144719401528414,0.26258448395879563
229.49,0.0,41.0,0.0,0.0,nan,nan,nan,nan,nan,nan,nan,nan,nan,-0.18397995257628308,0.07843071496568577,0.0,0.4813178143250007,0.37144719401528414,0.26258448395879563
229.69,0.0,43.0,0.0,0.0,nan,nan,nan,nan,nan,nan,nan,nan,nan,-0.18397995257628308,0.07843071496568577,0.0,0.4813178143250007,0.37144719401528414,0.26258448395879563
229.89,0.0,44.0,0.0,0.0,nan,nan,nan,nan,nan,nan,nan,nan,nan,-0.18397995257628308,0.07843071496568577,0.0,0.4813178143250007,0.37144719401528414,0.26258448395879563
230.13,0.0,55.0,0.0,0.0,nan,nan,nan,nan,nan,nan,nan,nan,nan,-0.18397995257628308,0.07843071496568577,0.0,0.4813178143250007,0.37144719401528414,0.26258448395879563
230.35000000000002,0.0,38.0,0.0,0.0,nan,nan,nan,nan,nan,nan,nan,nan,nan,-0.18397995257628308,0.07843071496568577,0.0,0.4813178143250007,0.37144719401528414,0.26258448395879563
230.59000000000003,0.0,55.0,0.0,0.0,nan,nan,nan,nan,nan,nan,nan,nan,nan,-0.18397995257628308,0.07843071496568577,0.0,0.4813178143250007,0.37144719401528414,0.26258448395879563
230.82999999999998,0.0,56.0,0.0,0.0,nan,nan,nan,nan,nan,nan,nan,nan,nan,-0.18397995257628308,0.07843071496568577,0.0,0.4813178143250007,0.37144719401528414,0.26258448395879563
231.05,0.0,54.0,0.0,0.0,nan,nan,nan,nan,nan,nan,nan,nan,nan,-0.18397995257628308,0.07843071496568577,0.0,0.4813178143250007,0.37144719401528414,0.26258448395879563
231.29000000000002,0.0,36.0,0.0,0.0,nan,nan,nan,nan,nan,nan,nan,nan,nan,-0.18397995257628308,0.07843071496568577,0.0,0.4813178143250007,0.37144719401528414,0.26258448395879563
231.49,0.0,28.0,0.0,0.0,nan,nan,nan,nan,nan,nan,nan,nan,nan,-0.18397995257628308,0.07843071496568577,0.0,0.4813178143250007,0.37144719401528414,0.26258448395879563
232.13,0.0,22.0,0.0,0.0,nan,nan,nan,nan,nan,nan,nan,nan,nan,-0.18397995257628308,0.07843071496568577,0.0,0.4813178143250007,0.37144719401528414,0.26258448395879563
232.35000000000002,0.0,41.0,0.0,0.0,nan,nan,nan,nan,nan,nan,nan,nan,nan,-0.18397995257628308,0.07843071496568577,0.0,0.4813178143250007,0.37144719401528414,0.26258448395879563
232.59000000000003,0.0,40.0,0.0,0.0,nan,nan,nan,nan,nan,nan,nan,nan,nan,-0.18397995257628308,0.07843071496568577,0.0,0.4813178143250007,0.37144719401528414,0.26258448395879563
232.79000000000002,0.0,31.0,0.0,0.0,nan,nan,nan,nan,nan,nan,nan,nan,nan,-0.18397995257628308,0.07843071496568577,0.0,0.4813178143250007,0.37144719401528414,0.26258448395879563
233.03000000000003,0.0,28.0,0.0,0.0,nan,nan,nan,nan,nan,nan,nan,nan,nan,-0.18397995257628308,0.07843071496568577,0.0,0.4813178143250007,0.37144719401528414,0.26258448395879563
233.23000000000002,0.0,33.0,0.0,0.0,nan,nan,nan,nan,nan,nan,nan,nan,nan,-0.18397995257628308,0.07843071496568577,0.0,0.4813178143250007,0.37144719401528414,0.26258448395879563
233.45,0.0,37.0,0.0,0.0,nan,nan,nan,nan,nan,nan,nan,nan,nan,-0.18397995257628308,0.07843071496568577,0.0,0.4813178143250007,0.37144719401528414,0.26258448395879563
233.69,0.0,34.0,0.0,0.0,nan,nan,nan,nan,nan,nan,nan,nan,nan,-0.18397995257628308,0.07843071496568577,0.0,0.4813178143250007,0.37144719401528414,0.26258448395879563
233.93,0.0,36.0,0.0,0.0,nan,nan,nan,nan,nan,nan,nan,nan,nan,-0.18397995257628308,0.07843071496568577,0.0,0.4813178143250007,0.37144719401528414,0.26258448395879563
234.17000000000002,0.0,31.0,0.0,0.0,nan,nan,nan,nan,nan,nan,nan,nan,nan,-0.18397995257628308,0.07843071496568577,0.0,0.4813178143250007,0.37144719401528414,0.26258448395879563
234.39,0.0,29.0,0.0,0.0,nan,nan,nan,nan,nan,nan,nan,nan,nan,-0.18397995257628308,0.07843071496568577,0.0,0.4813178143250007,0.37144719401528414,0.26258448395879563
234.59000000000003,0.0,26.0,0.0,0.0,nan,nan,nan,nan,nan,nan,nan,nan,nan,-0.18397995257628308,0.07843071496568577,0.0,0.4813178143250007,0.37144719401528414,0.26258448395879563
234.79000000000002,0.0,38.0,0.0,0.0,nan,nan,nan,nan,nan,nan,nan,nan,nan,-0.18397995257628308,0.07843071496568577,0.0,0.4813178143250007,0.37144719401528414,0.26258448395879563
235.03000000000003,0.0,45.0,0.0,0.0,nan,nan,nan,nan,nan,nan,nan,nan,nan,-0.18397995257628308,0.07843071496568577,0.0,0.4813178143250007,0.37144719401528414,0.26258448395879563
235.23000000000002,0.0,67.0,0.0,0.0,nan,nan,nan,nan,nan,nan,nan,nan,nan,-0.18397995257628308,0.07843071496568577,0.0,0.4813178143250007,0.37144719401528414,0.26258448395879563
235.43,0.0,69.0,0.0,0.0,nan,nan,nan,nan,nan,nan,nan,nan,nan,-0.18397995257628308,0.07843071496568577,0.0,0.4813178143250007,0.37144719401528414,0.26258448395879563
235.65000000000003,0.0,71.0,0.0,0.0,nan,nan,nan,nan,nan,nan,nan,nan,nan,-0.18397995257628308,0.07843071496568577,0.0,0.4813178143250007,0.37144719401528414,0.26258448395879563
235.89,0.0,53.0,2.0,0.03773584905660377,0.21324290216792063,0.2167893244867944,5.898790936182864,nan,nan,nan,nan,nan,nan,-0.18397995257628308,0.07843071496568577,0.0,0.4813178143250007,0.37144719401528414,0.26258448395879563
236.09000000000003,0.0,43.0,0.0,0.0,nan,nan,nan,nan,nan,nan,nan,nan,nan,-0.18397995257628308,0.07843071496568577,0.0,0.4813178143250007,0.37144719401528414,0.26258448395879563
236.32999999999998,0.0,41.0,1.0,0.024390243902439025,0.3435013273232526,0.3435013273232526,19.255014092976545,nan,nan,nan,nan,nan,nan,-0.18397995257628308,0.07843071496568577,0.0,0.4813178143250007,0.37144719401528414,0.26258448395879563
236.53000000000003,0.0,33.0,2.0,0.06060606060606061,0.33742968120394545,0.34370309942186106,14.254001038343718,nan,nan,nan,nan,nan,nan,-0.18397995257628308,0.07843071496568577,0.0,0.4813178143250007,0.37144719401528414,0.26258448395879563
236.75,0.0,26.0,0.0,0.0,nan,nan,nan,nan,nan,nan,nan,nan,nan,-0.18397995257628308,0.07843071496568577,0.0,0.4813178143250007,0.37144719401528414,0.26258448395879563
236.99,0.0,29.0,0.0,0.0,nan,nan,nan,nan,nan,nan,nan,nan,nan,-0.18397995257628308,0.07843071496568577,0.0,0.4813178143250007,0.37144719401528414,0.26258448395879563
237.23000000000002,0.0,17.0,0.0,0.0,nan,nan,nan,nan,nan,nan,nan,nan,nan,-0.18397995257628308,0.07843071496568577,0.0,0.4813178143250007,0.37144719401528414,0.26258448395879563
238.09000000000003,0.0,31.0,0.0,0.0,nan,nan,nan,nan,nan,nan,nan,nan,nan,-0.18397995257628308,0.07843071496568577,0.0,0.4813178143250007,0.37144719401528414,0.26258448395879563
238.32999999999998,0.0,47.0,0.0,0.0,nan,nan,nan,nan,nan,nan,nan,nan,nan,-0.18397995257628308,0.07843071496568577,0.0,0.4813178143250007,0.37144719401528414,0.26258448395879563
238.53000000000003,0.0,58.0,0.0,0.0,nan,nan,nan,nan,nan,nan,nan,nan,nan,-0.18397995257628308,0.07843071496568577,0.0,0.4813178143250007,0.37144719401528414,0.26258448395879563
238.75,0.0,38.0,0.0,0.0,nan,nan,nan,nan,nan,nan,nan,nan,nan,-0.18397995257628308,0.07843071496568577,0.0,0.4813178143250007,0.37144719401528414,0.26258448395879563
238.95,0.0,33.0,0.0,0.0,nan,nan,nan,nan,nan,nan,nan,nan,nan,-0.18397995257628308,0.07843071496568577,0.0,0.4813178143250007,0.37144719401528414,0.26258448395879563
239.32999999999998,0.0,29.0,0.0,0.0,nan,nan,nan,nan,nan,nan,nan,nan,nan,-0.18397995257628308,0.07843071496568577,0.0,0.4813178143250007,0.37144719401528414,0.26258448395879563
239.45,0.0,31.0,0.0,0.0,nan,nan,nan,nan,nan,nan,nan,nan,nan,-0.18397995257628308,0.07843071496568577,0.0,0.4813178143250007,0.37144719401528414,0.26258448395879563
239.69,0.0,34.0,0.0,0.0,nan,nan,nan,nan,nan,nan,nan,nan,nan,-0.18397995257628308,0.07843071496568577,0.0,0.4813178143250007,0.37144719401528414,0.26258448395879563
239.93,0.0,26.0,0.0,0.0,nan,nan,nan,nan,nan,nan,nan,nan,nan,-0.18397995257628308,0.07843071496568577,0.0,0.4813178143250007,0.37144719401528414,0.26258448395879563
240.15000000000003,0.0,94.0,0.0,0.0,nan,nan,nan,nan,nan,nan,nan,nan,nan,-0.18397995257628308,0.07843071496568577,0.0,0.4813178143250007,0.37144719401528414,0.26258448395879563
240.39,0.0,71.0,0.0,0.0,nan,nan,nan,nan,nan,nan,nan,nan,nan,-0.18397995257628308,0.07843071496568577,0.0,0.4813178143250007,0.37144719401528414,0.26258448395879563
240.63,0.0,48.0,0.0,0.0,nan,nan,nan,nan,nan,nan,nan,nan,nan,-0.18397995257628308,0.07843071496568577,0.0,0.4813178143250007,0.37144719401528414,0.26258448395879563
240.89,0.0,40.0,0.0,0.0,nan,nan,nan,nan,nan,nan,nan,nan,nan,-0.18397995257628308,0.07843071496568577,0.0,0.4813178143250007,0.37144719401528414,0.26258448395879563
241.09000000000003,0.0,28.0,0.0,0.0,nan,nan,nan,nan,nan,nan,nan,nan,nan,-0.18397995257628308,0.07843071496568577,0.0,0.4813178143250007,0.37144719401528414,0.26258448395879563
241.29000000000002,0.0,31.0,0.0,0.0,nan,nan,nan,nan,nan,nan,nan,nan,nan,-0.18397995257628308,0.07843071496568577,0.0,0.4813178143250007,0.37144719401528414,0.26258448395879563
241.49,0.0,17.0,0.0,0.0,nan,nan,nan,nan,nan,nan,nan,nan,nan,-0.18397995257628308,0.07843071496568577,0.0,0.4813178143250007,0.37144719401528414,0.26258448395879563
241.69,0.0,24.0,0.0,0.0,nan,nan,nan,nan,nan,nan,nan,nan,nan,-0.18397995257628308,0.07843071496568577,0.0,0.4813178143250007,0.37144719401528414,0.26258448395879563
241.89,0.0,15.0,0.0,0.0,nan,nan,nan,nan,nan,nan,nan,nan,nan,-0.18397995257628308,0.07843071496568577,0.0,0.4813178143250007,0.37144719401528414,0.26258448395879563
242.32999999999998,0.0,27.0,0.0,0.0,nan,nan,nan,nan,nan,nan,nan,nan,nan,-0.18397995257628308,0.07843071496568577,0.0,0.4813178143250007,0.37144719401528414,0.26258448395879563
242.55,0.0,25.0,0.0,0.0,nan,nan,nan,nan,nan,nan,nan,nan,nan,-0.18397995257628308,0.07843071496568577,0.0,0.4813178143250007,0.37144719401528414,0.26258448395879563
242.75,0.0,27.0,0.0,0.0,nan,nan,nan,nan,nan,nan,nan,nan,nan,-0.18397995257628308,0.07843071496568577,0.0,0.4813178143250007,0.37144719401528414,0.26258448395879563
242.99,0.0,30.0,0.0,0.0,nan,nan,nan,nan,nan,nan,nan,nan,nan,-0.18397995257628308,0.07843071496568577,0.0,0.4813178143250007,0.37144719401528414,0.26258448395879563
243.23000000000002,0.0,36.0,0.0,0.0,nan,nan,nan,nan,nan,nan,nan,nan,nan,-0.18397995257628308,0.07843071496568577,0.0,0.4813178143250007,0.37144719401528414,0.26258448395879563
243.45,0.0,24.0,0.0,0.0,nan,nan,nan,nan,nan,nan,nan,nan,nan,-0.18397995257628308,0.07843071496568577,0.0,0.4813178143250007,0.37144719401528414,0.26258448395879563
243.69,0.0,20.0,0.0,0.0,nan,nan,nan,nan,nan,nan,nan,nan,nan,-0.18397995257628308,0.07843071496568577,0.0,0.4813178143250007,0.37144719401528414,0.26258448395879563
243.89,0.0,20.0,0.0,0.0,nan,nan,nan,nan,nan,nan,nan,nan,nan,-0.18397995257628308,0.07843071496568577,0.0,0.4813178143250007,0.37144719401528414,0.26258448395879563
244.13,0.0,19.0,0.0,0.0,nan,nan,nan,nan,nan,nan,nan,nan,nan,-0.18397995257628308,0.07843071496568577,0.0,0.4813178143250007,0.37144719401528414,0.26258448395879563
244.32999999999998,0.0,13.0,0.0,0.0,nan,nan,nan,nan,nan,nan,nan,nan,nan,-0.18397995257628308,0.07843071496568577,0.0,0.4813178143250007,0.37144719401528414,0.26258448395879563
244.55,0.0,23.0,0.0,0.0,nan,nan,nan,nan,nan,nan,nan,nan,nan,-0.18397995257628308,0.07843071496568577,0.0,0.4813178143250007,0.37144719401528414,0.26258448395879563
244.75,0.0,60.0,0.0,0.0,nan,nan,nan,nan,nan,nan,nan,nan,nan,-0.18397995257628308,0.07843071496568577,0.0,0.4813178143250007,0.37144719401528414,0.26258448395879563
244.99,0.0,61.0,0.0,0.0,nan,nan,nan,nan,nan,nan,nan,nan,nan,-0.18397995257628308,0.07843071496568577,0.0,0.4813178143250007,0.37144719401528414,0.26258448395879563
245.19,0.0,80.0,0.0,0.0,nan,nan,nan,nan,nan,nan,nan,nan,nan,-0.18397995257628308,0.07843071496568577,0.0,0.4813178143250007,0.37144719401528414,0.26258448395879563
245.43,0.0,76.0,0.0,0.0,nan,nan,nan,nan,nan,nan,nan,nan,nan,-0.18397995257628308,0.07843071496568577,0.0,0.4813178143250007,0.37144719401528414,0.26258448395879563
245.65000000000003,0.0,53.0,0.0,0.0,nan,nan,nan,nan,nan,nan,nan,nan,nan,-0.18397995257628308,0.07843071496568577,0.0,0.4813178143250007,0.37144719401528414,0.26258448395879563
245.89,0.0,45.0,0.0,0.0,nan,nan,nan,nan,nan,nan,nan,nan,nan,-0.18397995257628308,0.07843071496568577,0.0,0.4813178143250007,0.37144719401528414,0.26258448395879563
246.13,0.0,34.0,0.0,0.0,nan,nan,nan,nan,nan,nan,nan,nan,nan,-0.18397995257628308,0.07843071496568577,0.0,0.4813178143250007,0.37144719401528414,0.26258448395879563
246.32999999999998,0.0,23.0,0.0,0.0,nan,nan,nan,nan,nan,nan,nan,nan,nan,-0.18397995257628308,0.07843071496568577,0.0,0.4813178143250007,0.37144719401528414,0.26258448395879563
247.23000000000002,0.0,25.0,0.0,0.0,nan,nan,nan,nan,nan,nan,nan,nan,nan,-0.18397995257628308,0.07843071496568577,0.0,0.4813178143250007,0.37144719401528414,0.26258448395879563
247.45,0.0,22.0,0.0,0.0,nan,nan,nan,nan,nan,nan,nan,nan,nan,-0.18397995257628308,0.07843071496568577,0.0,0.4813178143250007,0.37144719401528414,0.26258448395879563
247.69,0.0,24.0,0.0,0.0,nan,nan,nan,nan,nan,nan,nan,nan,nan,-0.18397995257628308,0.07843071496568577,0.0,0.4813178143250007,0.37144719401528414,0.26258448395879563
247.89,0.0,25.0,0.0,0.0,nan,nan,nan,nan,nan,nan,nan,nan,nan,-0.18397995257628308,0.07843071496568577,0.0,0.4813178143250007,0.37144719401528414,0.26258448395879563
248.13,0.0,29.0,0.0,0.0,nan,nan,nan,nan,nan,nan,nan,nan,nan,-0.18397995257628308,0.07843071496568577,0.0,0.4813178143250007,0.37144719401528414,0.26258448395879563
248.32999999999998,0.0,20.0,0.0,0.0,nan,nan,nan,nan,nan,nan,nan,nan,nan,-0.18397995257628308,0.07843071496568577,0.0,0.4813178143250007,0.37144719401528414,0.26258448395879563
248.53000000000003,0.0,18.0,0.0,0.0,nan,nan,nan,nan,nan,nan,nan,nan,nan,-0.18397995257628308,0.07843071496568577,0.0,0.4813178143250007,0.37144719401528414,0.26258448395879563
248.75,0.0,20.0,0.0,0.0,nan,nan,nan,nan,nan,nan,nan,nan,nan,-0.18397995257628308,0.07843071496568577,0.0,0.4813178143250007,0.37144719401528414,0.26258448395879563
248.99,0.0,56.0,0.0,0.0,nan,nan,nan,nan,nan,nan,nan,nan,nan,-0.18397995257628308,0.07843071496568577,0.0,0.4813178143250007,0.37144719401528414,0.26258448395879563
249.23000000000002,0.0,93.0,0.0,0.0,nan,nan,nan,nan,nan,nan,nan,nan,nan,-0.18397995257628308,0.07843071496568577,0.0,0.4813178143250007,0.37144719401528414,0.26258448395879563
249.45,0.0,85.0,0.0,0.0,nan,nan,nan,nan,nan,nan,nan,nan,nan,-0.18397995257628308,0.07843071496568577,0.0,0.4813178143250007,0.37144719401528414,0.26258448395879563
249.69,0.0,81.0,0.0,0.0,nan,nan,nan,nan,nan,nan,nan,nan,nan,-0.18397995257628308,0.07843071496568577,0.0,0.4813178143250007,0.37144719401528414,0.26258448395879563
249.89,0.0,82.0,0.0,0.0,nan,nan,nan,nan,nan,nan,nan,nan,nan,-0.18397995257628308,0.07843071496568577,0.0,0.4813178143250007,0.37144719401528414,0.26258448395879563
250.13,0.0,54.0,0.0,0.0,nan,nan,nan,nan,nan,nan,nan,nan,nan,-0.18397995257628308,0.07843071496568577,0.0,0.4813178143250007,0.37144719401528414,0.26258448395879563
250.39,0.0,44.0,0.0,0.0,nan,nan,nan,nan,nan,nan,nan,nan,nan,-0.18397995257628308,0.07843071496568577,0.0,0.4813178143250007,0.37144719401528414,0.26258448395879563
250.59000000000003,0.0,21.0,0.0,0.0,nan,nan,nan,nan,nan,nan,nan,nan,nan,-0.18397995257628308,0.07843071496568577,0.0,0.4813178143250007,0.37144719401528414,0.26258448395879563
250.82999999999998,0.0,14.0,0.0,0.0,nan,nan,nan,nan,nan,nan,nan,nan,nan,-0.18397995257628308,0.07843071496568577,0.0,0.4813178143250007,0.37144719401528414,0.26258448395879563
251.03000000000003,0.0,16.0,0.0,0.0,nan,nan,nan,nan,nan,nan,nan,nan,nan,-0.18397995257628308,0.07843071496568577,0.0,0.4813178143250007,0.37144719401528414,0.26258448395879563
251.45,0.0,23.0,0.0,0.0,nan,nan,nan,nan,nan,nan,nan,nan,nan,-0.18397995257628308,0.07843071496568577,0.0,0.4813178143250007,0.37144719401528414,0.26258448395879563
251.69,0.0,19.0,0.0,0.0,nan,nan,nan,nan,nan,nan,nan,nan,nan,-0.18397995257628308,0.07843071496568577,0.0,0.4813178143250007,0.37144719401528414,0.26258448395879563
252.13,0.0,15.0,0.0,0.0,nan,nan,nan,nan,nan,nan,nan,nan,nan,-0.18397995257628308,0.07843071496568577,0.0,0.4813178143250007,0.37144719401528414,0.26258448395879563
252.55,0.0,14.0,0.0,0.0,nan,nan,nan,nan,nan,nan,nan,nan,nan,-0.18397995257628308,0.07843071496568577,0.0,0.4813178143250007,0.37144719401528414,0.26258448395879563
253.45,0.0,27.0,0.0,0.0,nan,nan,nan,nan,nan,nan,nan,nan,nan,-0.18397995257628308,0.07843071496568577,0.0,0.4813178143250007,0.37144719401528414,0.26258448395879563
253.69,0.0,42.0,0.0,0.0,nan,nan,nan,nan,nan,nan,nan,nan,nan,-0.18397995257628308,0.07843071496568577,0.0,0.4813178143250007,0.37144719401528414,0.26258448395879563
253.93,0.0,34.0,0.0,0.0,nan,nan,nan,nan,nan,nan,nan,nan,nan,-0.18397995257628308,0.07843071496568577,0.0,0.4813178143250007,0.37144719401528414,0.26258448395879563
254.15000000000003,0.0,30.0,0.0,0.0,nan,nan,nan,nan,nan,nan,nan,nan,nan,-0.18397995257628308,0.07843071496568577,0.0,0.4813178143250007,0.37144719401528414,0.26258448395879563
254.35000000000002,0.0,27.0,0.0,0.0,nan,nan,nan,nan,nan,nan,nan,nan,nan,-0.18397995257628308,0.07843071496568577,0.0,0.4813178143250007,0.37144719401528414,0.26258448395879563
254.55,0.0,25.0,0.0,0.0,nan,nan,nan,nan,nan,nan,nan,nan,nan,-0.18397995257628308,0.07843071496568577,0.0,0.4813178143250007,0.37144719401528414,0.26258448395879563
254.79000000000002,0.0,23.0,0.0,0.0,nan,nan,nan,nan,nan,nan,nan,nan,nan,-0.18397995257628308,0.07843071496568577,0.0,0.4813178143250007,0.37144719401528414,0.26258448395879563
254.99,0.0,18.0,0.0,0.0,nan,nan,nan,nan,nan,nan,nan,nan,nan,-0.18397995257628308,0.07843071496568577,0.0,0.4813178143250007,0.37144719401528414,0.26258448395879563
255.19,0.0,27.0,0.0,0.0,nan,nan,nan,nan,nan,nan,nan,nan,nan,-0.18397995257628308,0.07843071496568577,0.0,0.4813178143250007,0.37144719401528414,0.26258448395879563
255.43,0.0,18.0,0.0,0.0,nan,nan,nan,nan,nan,nan,nan,nan,nan,-0.18397995257628308,0.07843071496568577,0.0,0.4813178143250007,0.37144719401528414,0.26258448395879563
255.65000000000003,0.0,21.0,0.0,0.0,nan,nan,nan,nan,nan,nan,nan,nan,nan,-0.18397995257628308,0.07843071496568577,0.0,0.4813178143250007,0.37144719401528414,0.26258448395879563
255.85000000000002,1.0,33.0,14.0,0.42424242424242425,0.17572412455599024,0.18913128955525266,1.4391968538495907,0.2,-0.04239194327561655,0.1758533820156911,-3.2651351092360863,4.0121992439152745,-0.0017926723978641027,0.0003585342875371822,0.19999967863265367,0.0,0.990356332298531,0.9849046673249908,0.892542747675838
256.09000000000003,1.0,36.0,22.0,0.6111111111111112,0.14072963670334768,0.1538299758788507,1.384729542398465,0.2,-0.03404826010335147,0.14061909257249144,-3.132864301454754,4.212944677094801,-0.0015626131655892275,0.0003125225059337211,0.19999975582405938,0.0,0.7161396329455104,0.7779401503249425,0.606031989252663
256.33,1.0,37.0,29.0,0.7837837837837838,0.11790818882778278,0.13160758843501436,2.008759516293246,0.2,-0.03787273711859835,0.11732120880644259,-3.0039315999081073,4.371844866705817,-0.0004437586251153362,8.875172211020299e-05,0.19999998030782873,0.0,0.6022552794951943,0.794789009913923,0.4949857618582486
256.55,1.0,41.0,38.0,0.926829268292683,0.09463526308629211,0.10917953508925897,1.7044006831880758,0.2,-0.04159703141201124,0.09415528108154374,-2.8834817412840392,4.533924221432578,0.0003204338119943617,-6.40867613022067e-05,0.1999999897322171,0.0,0.5627504964565104,0.8262133098249498,0.42208921768459834
256.79,1.0,44.0,42.0,0.9545454545454546,0.06524931939456484,0.08046254540023269,1.6399604554988758,0.2,-0.042637215781048954,0.06491905445089581,-2.750904088075339,4.704310498995946,0.0007769463973560354,-0.00015538926383795726,0.1999999396354326,0.0,0.6425366265837302,0.9031667861213943,0.3839719014845865
256.99,1.0,39.0,39.0,1.0,0.04708855649398589,0.06328872191765901,1.6835811534496283,0.2,-0.0495367499099601,0.04589712683408213,-2.6458032677956793,4.888701084233623,0.0023669118457876337,-0.0004733819271547368,0.19999943977309265,-4.336808689942018e-19,0.6597716744092263,0.9187876285539294,0.35558704335173486
257.27,1.0,45.0,45.0,1.0,0.01667609566277193,0.03145517818711459,2.370030257955547,0.2,-0.04321966747766686,0.014285423768103893,-2.4929024994034767,5.07807715175509,0.003207393964081254,-0.0006414776929610788,0.1999989712632777,0.0,0.6511286794494364,0.9587196582665644,0.3714101225893871
257.49,1.0,45.0,45.0,1.0,0.012892032739830054,0.026090202446447185,2.559467419258941,0.18607247399952612,-0.04914313210619395,0.00922018523988898,-2.373335660038182,5.259666568530771,0.004304031522655457,-0.0008008593209756221,0.18607075053498434,0.0,0.6157977743800103,0.9315158577869818,0.35737781540407954
257.73,1.0,41.0,41.0,1.0,0.013649949160757027,0.02827352825961718,2.187068842138861,0.15011860311605874,-0.03820728312258273,0.007924461153683776,-2.2436019785559123,5.401028674714095,0.005289575483498728,-0.0007940599797331416,0.15011650299106183,0.0,0.6324861475586915,0.9439335004414108,0.3585544952591988
257.93,1.0,36.0,36.0,1.0,0.01284223729375241,0.029278957177977,2.3176701448004677,0.11712402590059684,-0.034321855021944334,0.008980672386333276,-2.1357870323202452,5.514810570200159,0.006189752485879484,-0.0007249641011912722,0.11712178221925917,0.0,0.603230820949794,0.918216258600634,0.3448922896228632
258.13,1.0,45.0,35.0,0.7777777777777778,0.014729047948874568,0.03170486646415594,2.891737903869598,0.06987589397260419,-0.008006667137722948,0.008037455949497563,-2.0251082956792037,5.578642088887211,0.006962023503636447,-0.0004864736862746355,0.06987420054514537,0.0,0.5985719340435607,0.9186411358533219,0.3389784797569544
258.33,1.0,61.0,33.0,0.5409836065573771,0.0142224032200465,0.034535532910695,4.426671980727966,0.038419783628349434,-0.0014171511832186774,0.010590294641528573,-1.9165829525811304,5.616703344316774,0.007475378550972167,-0.0002871997516025182,0.03841871015991938,0.0,0.5978236980498361,0.9193536144114074,0.33639948743210535
258.55,1.0,53.0,33.0,0.6226415094339622,0.01611068318951222,0.03533942402221031,2.1640843258043696,0.022571176125879427,-0.004296396468450172,0.008193019436083644,-1.8096551595450925,5.6400166934242355,0.007682758485943308,-0.0001734071890202582,0.02257050999982635,0.0,0.6004789989659849,0.9320358968779999,0.342659944598359
258.79,1.0,61.0,29.0,0.47540983606557374,0.013598858351327694,0.03537550857540263,2.5864058721888235,-0.0036737184974325278,-0.0012386990511286471,0.0061964619746480544,-1.6885731820160477,5.640977701741426,0.006465927433208014,2.37538316960606e-05,-0.0036736417018889966,0.0,0.5970835038221515,0.9280664760358268,0.33031763743867254
259.03000000000003,1.0,56.0,20.0,0.35714285714285715,0.014523028815464198,0.03620460144278207,4.877260544580051,-0.02456918834621934,-0.01513719723398446,0.008795140435783572,-1.5696342782600985,5.622788771722203,0.005612082927763787,0.0001378835986791671,-0.024568801438109134,8.673617379884035e-19,0.5040462123968563,0.909455811229164,0.26136127417745864
259.25,1.0,52.0,12.0,0.23076923076923078,0.018174012704555754,0.02944091304619206,6.377913545708904,-0.1096474098529925,0.06564944152053917,0.010223131572948891,-1.4623275455157057,5.518909126909178,0.005605552110166371,0.0006146310508190478,-0.10964568717528955,0.0,0.39093558951110235,0.8362826891526627,0.1844044832986314
259.49,0.0,49.0,15.0,0.30612244897959184,0.017967734791377525,0.0369428489027052,8.636057336507386,nan,nan,nan,nan,nan,nan,0.0006146310508190478,-0.10964568717528955,0.0,0.39093558951110235,0.8362826891526627,0.1844044832986314
259.73,0.0,50.0,10.0,0.2,0.01855005563896906,0.037171657268110496,6.194886624439256,nan,nan,nan,nan,nan,nan,0.0006146310508190478,-0.10964568717528955,0.0,0.39093558951110235,0.8362826891526627,0.1844044832986314
259.93,0.0,49.0,15.0,0.30612244897959184,0.0173911545093557,0.03433422733837329,8.648997226035304,nan,nan,nan,nan,nan,nan,0.0006146310508190478,-0.10964568717528955,0.0,0.39093558951110235,0.8362826891526627,0.1844044832986314
260.15000000000003,0.0,50.0,14.0,0.28,0.019176516802606045,0.03899556972297484,8.619069071468887,nan,nan,nan,nan,nan,nan,0.0006146310508190478,-0.10964568717528955,0.0,0.39093558951110235,0.8362826891526627,0.1844044832986314
260.43,0.0,48.0,12.0,0.25,0.01782800415177579,0.0345005688684593,8.295982479855354,nan,nan,nan,nan,nan,nan,0.0006146310508190478,-0.10964568717528955,0.0,0.39093558951110235,0.8362826891526627,0.1844044832986314
260.63,0.0,49.0,10.0,0.20408163265306123,0.020834394891576475,0.04013462476178706,7.083000075905094,nan,nan,nan,nan,nan,nan,0.0006146310508190478,-0.10964568717528955,0.0,0.39093558951110235,0.8362826891526627,0.1844044832986314
260.85,0.0,50.0,11.0,0.22,0.022711445993291855,0.043066734539595884,8.1228072342695,nan,nan,nan,nan,nan,nan,0.0006146310508190478,-0.10964568717528955,0.0,0.39093558951110235,0.8362826891526627,0.1844044832986314
261.09000000000003,0.0,50.0,12.0,0.24,0.043930715678914954,0.06594978519016055,6.660723566279041,nan,nan,nan,nan,nan,nan,0.0006146310508190478,-0.10964568717528955,0.0,0.39093558951110235,0.8362826891526627,0.1844044832986314
261.29,0.0,49.0,11.0,0.22448979591836735,0.06756862758293111,0.08604928166871471,6.593020510248902,nan,nan,nan,nan,nan,nan,0.0006146310508190478,-0.10964568717528955,0.0,0.39093558951110235,0.8362826891526627,0.1844044832986314
261.53000000000003,0.0,48.0,11.0,0.22916666666666666,0.08418555929581062,0.10225150936264737,7.49732288944685,nan,nan,nan,nan,nan,nan,0.0006146310508190478,-0.10964568717528955,0.0,0.39093558951110235,0.8362826891526627,0.1844044832986314
261.75,0.0,53.0,12.0,0.22641509433962265,0.09588218711561793,0.11679731185626852,6.667016889882499,nan,nan,nan,nan,nan,nan,0.0006146310508190478,-0.10964568717528955,0.0,0.39093558951110235,0.8362826891526627,0.1844044832986314
261.99,0.0,51.0,11.0,0.21568627450980393,0.11305190057828644,0.13023892018869807,6.098186918376066,nan,nan,nan,nan,nan,nan,0.0006146310508190478,-0.10964568717528955,0.0,0.39093558951110235,0.8362826891526627,0.1844044832986314
262.23,0.0,49.0,12.0,0.24489795918367346,0.12491233977550031,0.14471410650291003,6.548962549361652,nan,nan,nan,nan,nan,nan,0.0006146310508190478,-0.10964568717528955,0.0,0.39093558951110235,0.8362826891526627,0.1844044832986314
262.45,0.0,52.0,12.0,0.23076923076923078,0.14243544850513687,0.16247372271393584,7.5383530486112305,nan,nan,nan,nan,nan,nan,0.0006146310508190478,-0.10964568717528955,0.0,0.39093558951110235,0.8362826891526627,0.1844044832986314
262.69,0.0,49.0,12.0,0.24489795918367346,0.16047192009996966,0.1804596322024182,7.744105771579267,nan,nan,nan,nan,nan,nan,0.0006146310508190478,-0.10964568717528955,0.0,0.39093558951110235,0.8362826891526627,0.1844044832986314
262.93,0.0,49.0,3.0,0.061224489795918366,0.3427017268369698,0.349743478667307,8.267202351341627,nan,nan,nan,nan,nan,nan,0.0006146310508190478,-0.10964568717528955,0.0,0.39093558951110235,0.8362826891526627,0.1844044832986314
263.15000000000003,0.0,51.0,0.0,0.0,nan,nan,nan,nan,nan,nan,nan,nan,nan,0.0006146310508190478,-0.10964568717528955,0.0,0.39093558951110235,0.8362826891526627,0.1844044832986314
263.39,0.0,47.0,0.0,0.0,nan,nan,nan,nan,nan,nan,nan,nan,nan,0.0006146310508190478,-0.10964568717528955,0.0,0.39093558951110235,0.8362826891526627,0.1844044832986314
263.63,0.0,51.0,0.0,0.0,nan,nan,nan,nan,nan,nan,nan,nan,nan,0.0006146310508190478,-0.10964568717528955,0.0,0.39093558951110235,0.8362826891526627,0.1844044832986314
263.85,0.0,51.0,0.0,0.0,nan,nan,nan,nan,nan,nan,nan,nan,nan,0.0006146310508190478,-0.10964568717528955,0.0,0.39093558951110235,0.8362826891526627,0.1844044832986314
264.09000000000003,0.0,49.0,0.0,0.0,nan,nan,nan,nan,nan,nan,nan,nan,nan,0.0006146310508190478,-0.10964568717528955,0.0,0.39093558951110235,0.8362826891526627,0.1844044832986314
264.33,0.0,49.0,0.0,0.0,nan,nan,nan,nan,nan,nan,nan,nan,nan,0.0006146310508190478,-0.10964568717528955,0.0,0.39093558951110235,0.8362826891526627,0.1844044832986314
264.53000000000003,0.0,49.0,0.0,0.0,nan,nan,nan,nan,nan,nan,nan,nan,nan,0.0006146310508190478,-0.10964568717528955,0.0,0.39093558951110235,0.8362826891526627,0.1844044832986314
264.75,0.0,47.0,0.0,0.0,nan,nan,nan,nan,nan,nan,nan,nan,nan,0.0006146310508190478,-0.10964568717528955,0.0,0.39093558951110235,0.8362826891526627,0.1844044832986314
264.99,0.0,50.0,0.0,0.0,nan,nan,nan,nan,nan,nan,nan,nan,nan,0.0006146310508190478,-0.10964568717528955,0.0,0.39093558951110235,0.8362826891526627,0.1844044832986314
265.19,0.0,48.0,0.0,0.0,nan,nan,nan,nan,nan,nan,nan,nan,nan,0.0006146310508190478,-0.10964568717528955,0.0,0.39093558951110235,0.8362826891526627,0.1844044832986314
265.45,0.0,50.0,0.0,0.0,nan,nan,nan,nan,nan,nan,nan,nan,nan,0.0006146310508190478,-0.10964568717528955,0.0,0.39093558951110235,0.8362826891526627,0.1844044832986314
265.65000000000003,0.0,48.0,0.0,0.0,nan,nan,nan,nan,nan,nan,nan,nan,nan,0.0006146310508190478,-0.10964568717528955,0.0,0.39093558951110235,0.8362826891526627,0.1844044832986314
265.89,0.0,49.0,0.0,0.0,nan,nan,nan,nan,nan,nan,nan,nan,nan,0.0006146310508190478,-0.10964568717528955,0.0,0.39093558951110235,0.8362826891526627,0.1844044832986314
266.13,0.0,52.0,2.0,0.038461538461538464,0.3290094327142514,0.34616890621976426,21.94051990785695,nan,nan,nan,nan,nan,nan,0.0006146310508190478,-0.10964568717528955,0.0,0.39093558951110235,0.8362826891526627,0.1844044832986314
266.35,0.0,49.0,0.0,0.0,nan,nan,nan,nan,nan,nan,nan,nan,nan,0.0006146310508190478,-0.10964568717528955,0.0,0.39093558951110235,0.8362826891526627,0.1844044832986314
266.59000000000003,0.0,48.0,0.0,0.0,nan,nan,nan,nan,nan,nan,nan,nan,nan,0.0006146310508190478,-0.10964568717528955,0.0,0.39093558951110235,0.8362826891526627,0.1844044832986314
266.79,0.0,48.0,0.0,0.0,nan,nan,nan,nan,nan,nan,nan,nan,nan,0.0006146310508190478,-0.10964568717528955,0.0,0.39093558951110235,0.8362826891526627,0.1844044832986314
267.03000000000003,0.0,51.0,4.0,0.0784313725490196,0.3056837905159659,0.32691604763847215,22.222553345060103,nan,nan,nan,nan,nan,nan,0.0006146310508190478,-0.10964568717528955,0.0,0.39093558951110235,0.8362826891526627,0.1844044832986314
267.25,0.0,50.0,4.0,0.08,0.29686910113458875,0.31699710730382386,22.22208857044406,nan,nan,nan,nan,nan,nan,0.0006146310508190478,-0.10964568717528955,0.0,0.39093558951110235,0.8362826891526627,0.1844044832986314
267.49,0.0,50.0,4.0,0.08,0.29521017132873223,0.30869188805931447,17.75550346524056,nan,nan,nan,nan,nan,nan,0.0006146310508190478,-0.10964568717528955,0.0,0.39093558951110235,0.8362826891526627,0.1844044832986314
267.65000000000003,0.0,51.0,3.0,0.058823529411764705,0.26864032120728787,0.2834455618228935,20.76914958575549,nan,nan,nan,nan,nan,nan,0.0006146310508190478,-0.10964568717528955,0.0,0.39093558951110235,0.8362826891526627,0.1844044832986314
267.89,0.0,49.0,0.0,0.0,nan,nan,nan,nan,nan,nan,nan,nan,nan,0.0006146310508190478,-0.10964568717528955,0.0,0.39093558951110235,0.8362826891526627,0.1844044832986314
268.33,0.0,49.0,0.0,0.0,nan,nan,nan,nan,nan,nan,nan,nan,nan,0.0006146310508190478,-0.10964568717528955,0.0,0.39093558951110235,0.8362826891526627,0.1844044832986314
268.37,0.0,49.0,0.0,0.0,nan,nan,nan,nan,nan,nan,nan,nan,nan,0.0006146310508190478,-0.10964568717528955,0.0,0.39093558951110235,0.8362826891526627,0.1844044832986314
268.43,0.0,50.0,0.0,0.0,nan,nan,nan,nan,nan,nan,nan,nan,nan,0.0006146310508190478,-0.10964568717528955,0.0,0.39093558951110235,0.8362826891526627,0.1844044832986314
268.93,0.0,50.0,0.0,0.0,nan,nan,nan,nan,nan,nan,nan,nan,nan,0.0006146310508190478,-0.10964568717528955,0.0,0.39093558951110235,0.8362826891526627,0.1844044832986314
268.97,0.0,51.0,2.0,0.0392156862745098,0.28507201283421113,0.34418155518937343,22.820245782873435,nan,nan,nan,nan,nan,nan,0.0006146310508190478,-0.10964568717528955,0.0,0.39093558951110235,0.8362826891526627,0.1844044832986314
