time_sec,success,candidate_count,match_count,keep_ratio,mean_match_distance_m,max_match_distance_m,mean_tangent_angle_deg,lateral_m,yaw_correction_rad,rms_error_m,measured_x,measured_y,measured_yaw,innovation_x,innovation_y,innovation_yaw,gain_x,gain_y,gain_yaw
0.04999999999999716,0.0,14.0,14.0,1.0,0.015473668604116256,0.031684341766198915,0.10694824482409476,nan,nan,nan,nan,nan,nan,nan,nan,nan,nan,nan,nan
0.14999999999999858,0.0,14.0,14.0,1.0,0.015473668604116256,0.031684341766198915,0.10694824482409476,nan,nan,nan,nan,nan,nan,nan,nan,nan,nan,nan,nan
0.39000000000000057,0.0,14.0,14.0,1.0,0.015473668604116256,0.031684341766198915,0.10694824482409476,nan,nan,nan,nan,nan,nan,nan,nan,nan,nan,nan,nan
0.7899999999999991,0.0,15.0,15.0,1.0,0.015317163110853632,0.02994603511492726,0.15703378674602664,nan,nan,nan,nan,nan,nan,nan,nan,nan,nan,nan,nan
1.25,0.0,15.0,15.0,1.0,0.015429189438696245,0.03143778269578658,0.09992781139662653,nan,nan,nan,nan,nan,nan,nan,nan,nan,nan,nan,nan
1.490000000000002,0.0,15.0,15.0,1.0,0.015372821851109853,0.030592167096945524,0.1001142511390769,nan,nan,nan,nan,nan,nan,nan,nan,nan,nan,nan,nan
2.1499999999999986,0.0,15.0,15.0,1.0,0.015466486524305356,0.0319972592408273,0.09980455187196917,nan,nan,nan,nan,nan,nan,nan,nan,nan,nan,nan,nan
2.4299999999999997,0.0,15.0,15.0,1.0,0.015394778836607751,0.030921583400395164,0.10004206154968813,nan,nan,nan,nan,nan,nan,nan,nan,nan,nan,nan,nan
3.3299999999999983,0.0,14.0,14.0,1.0,0.015494403789274889,0.031539198057961,0.10698242886561143,nan,nan,nan,nan,nan,nan,nan,nan,nan,nan,nan,nan
3.530000000000001,0.0,15.0,15.0,1.0,0.015526595595878495,0.0328989109820751,0.0996099765931842,nan,nan,nan,nan,nan,nan,nan,nan,nan,nan,nan,nan
3.950000000000003,0.0,15.0,15.0,1.0,0.01550294410329466,0.032544133876394626,0.09968609672068245,nan,nan,nan,nan,nan,nan,nan,nan,nan,nan,nan,nan
4.649999999999999,0.0,15.0,15.0,1.0,0.01552915712872826,0.032937334409577065,0.09960161440193743,nan,nan,nan,nan,nan,nan,nan,nan,nan,nan,nan,nan
5.329999999999998,0.0,15.0,15.0,1.0,0.015479464714238712,0.03219193329855931,0.12220599201159155,nan,nan,nan,nan,nan,nan,nan,nan,nan,nan,nan,nan
5.950000000000003,0.0,14.0,14.0,1.0,0.015246010075096333,0.03327793937159149,0.10660797899014407,nan,nan,nan,nan,nan,nan,nan,nan,nan,nan,nan,nan
6.149999999999999,0.0,13.0,13.0,1.0,0.016098719357300888,0.03814334299194867,0.23768143493388044,nan,nan,nan,nan,nan,nan,nan,nan,nan,nan,nan,nan
6.390000000000001,0.0,13.0,13.0,1.0,0.014974868546455945,0.025326858381080983,0.11172198568977637,nan,nan,nan,nan,nan,nan,nan,nan,nan,nan,nan,nan
6.630000000000003,0.0,14.0,14.0,1.0,0.016409612172074917,0.030135401356036776,0.25444178714646504,nan,nan,nan,nan,nan,nan,nan,nan,nan,nan,nan,nan
6.850000000000001,0.0,20.0,20.0,1.0,0.013597319776154207,0.029283633395668328,0.6225263230749976,nan,nan,nan,nan,nan,nan,nan,nan,nan,nan,nan,nan
7.049999999999997,0.0,20.0,20.0,1.0,0.014707875239380669,0.03684047639443197,0.9337375457814137,nan,nan,nan,nan,nan,nan,nan,nan,nan,nan,nan,nan
7.289999999999999,0.0,21.0,21.0,1.0,0.01618122966437431,0.030615109738741694,1.0055138609430352,nan,nan,nan,nan,nan,nan,nan,nan,nan,nan,nan,nan
7.530000000000001,0.0,20.0,20.0,1.0,0.015337432837457523,0.03464623580015586,1.600021739294021,nan,nan,nan,nan,nan,nan,nan,nan,nan,nan,nan,nan
7.729999999999997,0.0,18.0,18.0,1.0,0.011282281532987248,0.0396225724035999,0.33195375271736893,nan,nan,nan,nan,nan,nan,nan,nan,nan,nan,nan,nan
7.950000000000003,0.0,20.0,20.0,1.0,0.014591860576449239,0.03233775249763213,0.9695982112402939,nan,nan,nan,nan,nan,nan,nan,nan,nan,nan,nan,nan
8.149999999999999,0.0,15.0,15.0,1.0,0.012784535439818405,0.03254118262830857,0.8707577155130262,nan,nan,nan,nan,nan,nan,nan,nan,nan,nan,nan,nan
8.39,0.0,18.0,18.0,1.0,0.010577882404051112,0.031172004993526254,0.47193521326746174,nan,nan,nan,nan,nan,nan,nan,nan,nan,nan,nan,nan
8.630000000000003,0.0,17.0,17.0,1.0,0.012812305978496271,0.025203185964864976,0.2622973785792215,nan,nan,nan,nan,nan,nan,nan,nan,nan,nan,nan,nan
8.850000000000001,0.0,19.0,19.0,1.0,0.01565611469355316,0.030669527239649153,0.6017033057260963,nan,nan,nan,nan,nan,nan,nan,nan,nan,nan,nan,nan
9.089999999999996,0.0,17.0,17.0,1.0,0.015015702171382947,0.03082051263481299,0.4881614564680091,nan,nan,nan,nan,nan,nan,nan,nan,nan,nan,nan,nan
9.29,0.0,12.0,12.0,1.0,0.010907530541847716,0.029852047313788672,0.12226692802113409,nan,nan,nan,nan,nan,nan,nan,nan,nan,nan,nan,nan
9.530000000000001,0.0,19.0,19.0,1.0,0.01314664060799589,0.030224959304107075,0.2862866010864912,nan,nan,nan,nan,nan,nan,nan,nan,nan,nan,nan,nan
9.75,0.0,19.0,19.0,1.0,0.013534140349503117,0.032852880080884855,0.24661333334160826,nan,nan,nan,nan,nan,nan,nan,nan,nan,nan,nan,nan
10.189999999999998,0.0,19.0,19.0,1.0,0.014148159397580509,0.03624256468467774,0.49071750757026916,nan,nan,nan,nan,nan,nan,nan,nan,nan,nan,nan,nan
10.29,0.0,12.0,10.0,0.8333333333333334,0.011634991107723138,0.025242713423992872,0.3363520942711356,nan,nan,nan,nan,nan,nan,nan,nan,nan,nan,nan,nan
10.490000000000002,0.0,13.0,11.0,0.8461538461538461,0.013253483701969564,0.029157594593552248,0.08116017571237814,nan,nan,nan,nan,nan,nan,nan,nan,nan,nan,nan,nan
11.149999999999999,0.0,13.0,13.0,1.0,0.009175727103708767,0.019761084003271066,0.11674982354995433,nan,nan,nan,nan,nan,nan,nan,nan,nan,nan,nan,nan
11.39,0.0,13.0,13.0,1.0,0.007906938614630097,0.0154420099644649,0.36838690707712035,nan,nan,nan,nan,nan,nan,nan,nan,nan,nan,nan,nan
11.630000000000003,0.0,17.0,17.0,1.0,0.007819489761794708,0.02674613415795193,1.0395605266139412,nan,nan,nan,nan,nan,nan,nan,nan,nan,nan,nan,nan
11.829999999999998,0.0,20.0,20.0,1.0,0.011483624766142331,0.02520917295359448,1.3034491394880316,nan,nan,nan,nan,nan,nan,nan,nan,nan,nan,nan,nan
12.049999999999997,0.0,20.0,20.0,1.0,0.016266400692466876,0.031040818900968478,0.7021586568584594,nan,nan,nan,nan,nan,nan,nan,nan,nan,nan,nan,nan
12.29,0.0,21.0,21.0,1.0,0.01451043953629122,0.037080395022073054,1.0290076943624342,nan,nan,nan,nan,nan,nan,nan,nan,nan,nan,nan,nan
12.490000000000002,0.0,20.0,20.0,1.0,0.013003348418328179,0.03697026300268683,0.4271617773879328,nan,nan,nan,nan,nan,nan,nan,nan,nan,nan,nan,nan
12.729999999999997,0.0,16.0,16.0,1.0,0.011875044262168784,0.030667750533296775,0.238185381784259,nan,nan,nan,nan,nan,nan,nan,nan,nan,nan,nan,nan
12.950000000000003,0.0,16.0,16.0,1.0,0.010192918106225005,0.025771362005381986,0.09509796653459161,nan,nan,nan,nan,nan,nan,nan,nan,nan,nan,nan,nan
13.189999999999998,0.0,14.0,14.0,1.0,0.00932498050534185,0.02008172311461102,0.27098937577264964,nan,nan,nan,nan,nan,nan,nan,nan,nan,nan,nan,nan
13.39,0.0,14.0,14.0,1.0,0.01213851564588416,0.026165562574284075,0.27431381966654356,nan,nan,nan,nan,nan,nan,nan,nan,nan,nan,nan,nan
13.630000000000003,0.0,15.0,15.0,1.0,0.011495460276422231,0.032431761727652116,0.07440234801986309,nan,nan,nan,nan,nan,nan,nan,nan,nan,nan,nan,nan
13.850000000000001,0.0,19.0,19.0,1.0,0.01161416284665444,0.03995768227830585,0.6206797424403918,nan,nan,nan,nan,nan,nan,nan,nan,nan,nan,nan,nan
14.049999999999997,0.0,18.0,18.0,1.0,0.01283144186252453,0.03744705624391953,0.6656174557140585,nan,nan,nan,nan,nan,nan,nan,nan,nan,nan,nan,nan
14.490000000000002,0.0,16.0,16.0,1.0,0.012535915414406315,0.027571741907346473,0.38903195690210524,nan,nan,nan,nan,nan,nan,nan,nan,nan,nan,nan,nan
14.729999999999997,0.0,19.0,19.0,1.0,0.01094469451384983,0.024358950076557077,0.3255471227022554,nan,nan,nan,nan,nan,nan,nan,nan,nan,nan,nan,nan
14.950000000000003,0.0,19.0,19.0,1.0,0.012557148131117482,0.023782096809887056,0.8923598433508221,nan,nan,nan,nan,nan,nan,nan,nan,nan,nan,nan,nan
15.189999999999998,0.0,14.0,12.0,0.8571428571428571,0.01345678485852587,0.030113730120562426,0.8306272826507771,nan,nan,nan,nan,nan,nan,nan,nan,nan,nan,nan,nan
15.43,0.0,14.0,12.0,0.8571428571428571,0.010453062771707745,0.02717288941862994,0.48300139671714887,nan,nan,nan,nan,nan,nan,nan,nan,nan,nan,nan,nan
15.649999999999999,0.0,14.0,12.0,0.8571428571428571,0.010678983819369256,0.02982289233150599,1.3275194526707923,nan,nan,nan,nan,nan,nan,nan,nan,nan,nan,nan,nan
16.130000000000003,0.0,13.0,13.0,1.0,0.012890015203290865,0.03414596586345063,0.3835792304252994,nan,nan,nan,nan,nan,nan,nan,nan,nan,nan,nan,nan
16.35,0.0,14.0,14.0,1.0,0.010305829802942717,0.021235161810191812,1.1466166803249274,nan,nan,nan,nan,nan,nan,nan,nan,nan,nan,nan,nan
16.630000000000003,0.0,17.0,17.0,1.0,0.014019152330962778,0.033625475709759385,1.1175686690105524,nan,nan,nan,nan,nan,nan,nan,nan,nan,nan,nan,nan
16.83,0.0,18.0,18.0,1.0,0.014220052679599008,0.02863724171912639,0.9766581288907261,nan,nan,nan,nan,nan,nan,nan,nan,nan,nan,nan,nan
17.049999999999997,0.0,19.0,19.0,1.0,0.013549101897838244,0.03689063716212055,0.6222482137845377,nan,nan,nan,nan,nan,nan,nan,nan,nan,nan,nan,nan
17.25,0.0,20.0,20.0,1.0,0.012651743658524237,0.03867884789199695,0.5520079148804827,nan,nan,nan,nan,nan,nan,nan,nan,nan,nan,nan,nan
17.490000000000002,0.0,18.0,18.0,1.0,0.010909335915705365,0.02659119232699224,0.30479080121114416,nan,nan,nan,nan,nan,nan,nan,nan,nan,nan,nan,nan
17.689999999999998,0.0,18.0,18.0,1.0,0.012913917769546264,0.0318320997264931,0.788066472316945,nan,nan,nan,nan,nan,nan,nan,nan,nan,nan,nan,nan
17.93,0.0,18.0,18.0,1.0,0.011023693583410732,0.03859881400534919,0.3534129040569812,nan,nan,nan,nan,nan,nan,nan,nan,nan,nan,nan,nan
18.130000000000003,0.0,16.0,16.0,1.0,0.016785760907227516,0.03564116456391786,1.9045119460419568,nan,nan,nan,nan,nan,nan,nan,nan,nan,nan,nan,nan
18.33,0.0,18.0,18.0,1.0,0.01863681760169539,0.035016352679122176,0.2700103889036591,nan,nan,nan,nan,nan,nan,nan,nan,nan,nan,nan,nan
18.549999999999997,0.0,17.0,17.0,1.0,0.015436180444359744,0.03946938325908119,0.7400370697301806,nan,nan,nan,nan,nan,nan,nan,nan,nan,nan,nan,nan
18.79,0.0,16.0,16.0,1.0,0.011907835236181392,0.03828971586722724,0.38232529674303967,nan,nan,nan,nan,nan,nan,nan,nan,nan,nan,nan,nan
19.03,0.0,22.0,22.0,1.0,0.014985295154917698,0.03670897141274539,0.7929754332948145,nan,nan,nan,nan,nan,nan,nan,nan,nan,nan,nan,nan
19.25,0.0,12.0,12.0,1.0,0.010199765206790652,0.01873284447694115,0.2686301099353722,nan,nan,nan,nan,nan,nan,nan,nan,nan,nan,nan,nan
19.490000000000002,0.0,14.0,14.0,1.0,0.006611653242955961,0.01957281629157523,0.3086567021702495,nan,nan,nan,nan,nan,nan,nan,nan,nan,nan,nan,nan
19.729999999999997,0.0,16.0,16.0,1.0,0.010522853445787503,0.024168947181394417,0.30019600332872703,nan,nan,nan,nan,nan,nan,nan,nan,nan,nan,nan,nan
20.17,0.0,16.0,16.0,1.0,0.010522853445787503,0.024168947181394417,0.30019600332872703,nan,nan,nan,nan,nan,nan,nan,nan,nan,nan,nan,nan
20.189999999999998,0.0,20.0,20.0,1.0,0.014226446567816953,0.03772773927445812,1.6447127255849534,nan,nan,nan,nan,nan,nan,nan,nan,nan,nan,nan,nan
20.270000000000003,0.0,15.0,13.0,0.8666666666666667,0.013936482471774746,0.0389092801137234,1.1933525104502352,nan,nan,nan,nan,nan,nan,nan,nan,nan,nan,nan,nan
20.490000000000002,0.0,21.0,21.0,1.0,0.01519899169788922,0.037466515390408954,1.9779196697043706,nan,nan,nan,nan,nan,nan,nan,nan,nan,nan,nan,nan
20.689999999999998,0.0,18.0,18.0,1.0,0.017252262651412595,0.03386391641496597,1.5550272676914416,nan,nan,nan,nan,nan,nan,nan,nan,nan,nan,nan,nan
20.93,0.0,13.0,13.0,1.0,0.011913244028263052,0.02641007582304923,0.22361289070763585,nan,nan,nan,nan,nan,nan,nan,nan,nan,nan,nan,nan
21.15,0.0,15.0,15.0,1.0,0.010065644913291765,0.020109071205031796,0.2756190181726252,nan,nan,nan,nan,nan,nan,nan,nan,nan,nan,nan,nan
21.35,0.0,14.0,13.0,0.9285714285714286,0.013908391459608352,0.028158328597670805,1.0434776102219792,nan,nan,nan,nan,nan,nan,nan,nan,nan,nan,nan,nan
21.589999999999996,0.0,23.0,23.0,1.0,0.015058051020745011,0.03382376298531297,1.8638295349826481,nan,nan,nan,nan,nan,nan,nan,nan,nan,nan,nan,nan
21.83,0.0,24.0,24.0,1.0,0.016125136907731073,0.037368982160004935,1.5382960565088186,nan,nan,nan,nan,nan,nan,nan,nan,nan,nan,nan,nan
22.049999999999997,0.0,23.0,23.0,1.0,0.014430526569237347,0.036676938597886004,1.853267023072867,nan,nan,nan,nan,nan,nan,nan,nan,nan,nan,nan,nan
22.29,0.0,24.0,24.0,1.0,0.016161468768399037,0.03136445191130888,1.6724457010305505,nan,nan,nan,nan,nan,nan,nan,nan,nan,nan,nan,nan
22.53,0.0,21.0,21.0,1.0,0.012801894068551695,0.024264667463950333,1.1132537700881902,nan,nan,nan,nan,nan,nan,nan,nan,nan,nan,nan,nan
22.729999999999997,0.0,20.0,20.0,1.0,0.012736220971030512,0.024123484941681997,1.098148951919065,nan,nan,nan,nan,nan,nan,nan,nan,nan,nan,nan,nan
22.950000000000003,0.0,16.0,16.0,1.0,0.013156769142992172,0.02441967703519634,1.3004104619611767,nan,nan,nan,nan,nan,nan,nan,nan,nan,nan,nan,nan
23.189999999999998,0.0,21.0,21.0,1.0,0.014135271123440284,0.03219808561281158,1.120482791497565,nan,nan,nan,nan,nan,nan,nan,nan,nan,nan,nan,nan
23.39,0.0,30.0,30.0,1.0,0.012857571711355379,0.038535772629144725,1.274954044021474,nan,nan,nan,nan,nan,nan,nan,nan,nan,nan,nan,nan
23.589999999999996,0.0,29.0,29.0,1.0,0.013052731224775425,0.03969642744112659,1.189152459257434,nan,nan,nan,nan,nan,nan,nan,nan,nan,nan,nan,nan
23.79,0.0,28.0,28.0,1.0,0.015226835262567129,0.032188160007725224,0.8810435234713511,nan,nan,nan,nan,nan,nan,nan,nan,nan,nan,nan,nan
23.990000000000002,0.0,34.0,34.0,1.0,0.015728736492979296,0.03306622887855853,0.9579423008066016,nan,nan,nan,nan,nan,nan,nan,nan,nan,nan,nan,nan
24.189999999999998,0.0,32.0,32.0,1.0,0.01480151355091287,0.037799308386730915,1.1981873699462917,nan,nan,nan,nan,nan,nan,nan,nan,nan,nan,nan,nan
24.43,0.0,34.0,34.0,1.0,0.013470312203769794,0.035690755429569704,1.056651865379813,nan,nan,nan,nan,nan,nan,nan,nan,nan,nan,nan,nan
24.65,0.0,31.0,31.0,1.0,0.014728066362699476,0.03299820185782007,1.4109573921965994,nan,nan,nan,nan,nan,nan,nan,nan,nan,nan,nan,nan
24.89,0.0,35.0,35.0,1.0,0.015298079837203923,0.0341086475876216,0.9483009265432877,nan,nan,nan,nan,nan,nan,nan,nan,nan,nan,nan,nan
25.089999999999996,0.0,33.0,33.0,1.0,0.014070926843319814,0.03636857082794241,1.0253716632196044,nan,nan,nan,nan,nan,nan,nan,nan,nan,nan,nan,nan
25.33,0.0,32.0,32.0,1.0,0.015421404820063232,0.03603084986148034,1.2118618982302867,nan,nan,nan,nan,nan,nan,nan,nan,nan,nan,nan,nan
25.549999999999997,0.0,30.0,30.0,1.0,0.01765531832341295,0.0321126612993006,1.26732313177827,nan,nan,nan,nan,nan,nan,nan,nan,nan,nan,nan,nan
25.79,0.0,31.0,31.0,1.0,0.017975852546639946,0.031083522009988027,1.1131523367581349,nan,nan,nan,nan,nan,nan,nan,nan,nan,nan,nan,nan
26.03,0.0,30.0,30.0,1.0,0.016171946663276066,0.039587541590586785,1.4015794807745379,nan,nan,nan,nan,nan,nan,nan,nan,nan,nan,nan,nan
26.25,0.0,34.0,34.0,1.0,0.015756178479894058,0.03480616095133724,1.098608823169779,nan,nan,nan,nan,nan,nan,nan,nan,nan,nan,nan,nan
26.490000000000002,0.0,36.0,36.0,1.0,0.018484139965350675,0.030713202132216663,0.9352457616164859,nan,nan,nan,nan,nan,nan,nan,nan,nan,nan,nan,nan
26.689999999999998,0.0,33.0,33.0,1.0,0.013567030852365668,0.03615370316335677,1.0979332557332286,nan,nan,nan,nan,nan,nan,nan,nan,nan,nan,nan,nan
26.93,0.0,35.0,35.0,1.0,0.014001915989562484,0.038643062144102444,0.8890466535364875,nan,nan,nan,nan,nan,nan,nan,nan,nan,nan,nan,nan
27.15,0.0,39.0,39.0,1.0,0.014400064006576233,0.031967314537465256,0.9881547656385277,nan,nan,nan,nan,nan,nan,nan,nan,nan,nan,nan,nan
27.39,0.0,37.0,37.0,1.0,0.015037839343229715,0.03230969804283487,0.7804223309114986,nan,nan,nan,nan,nan,nan,nan,nan,nan,nan,nan,nan
27.630000000000003,0.0,33.0,33.0,1.0,0.012978811127660824,0.03938371847811367,1.0802325114289382,nan,nan,nan,nan,nan,nan,nan,nan,nan,nan,nan,nan
27.85,0.0,32.0,32.0,1.0,0.013505980283789938,0.03574728733283891,1.1303811139034972,nan,nan,nan,nan,nan,nan,nan,nan,nan,nan,nan,nan
28.089999999999996,0.0,32.0,32.0,1.0,0.015813177542239043,0.03204230710523505,1.1636026697329642,nan,nan,nan,nan,nan,nan,nan,nan,nan,nan,nan,nan
28.33,0.0,36.0,36.0,1.0,0.015493840929365649,0.03642323266947699,1.022700198021841,nan,nan,nan,nan,nan,nan,nan,nan,nan,nan,nan,nan
28.549999999999997,0.0,38.0,38.0,1.0,0.017390485061491313,0.03787228998585163,0.860751639026467,nan,nan,nan,nan,nan,nan,nan,nan,nan,nan,nan,nan
28.83,0.0,37.0,37.0,1.0,0.01851128716838306,0.030933243304386578,0.8705430695964047,nan,nan,nan,nan,nan,nan,nan,nan,nan,nan,nan,nan
29.049999999999997,0.0,42.0,40.0,0.9523809523809523,0.015603657241907515,0.03587801921455744,1.0206589491859954,nan,nan,nan,nan,nan,nan,nan,nan,nan,nan,nan,nan
29.29,0.0,39.0,37.0,0.9487179487179487,0.015412442313985149,0.03991753205654375,0.8075059878095009,nan,nan,nan,nan,nan,nan,nan,nan,nan,nan,nan,nan
29.53,0.0,40.0,38.0,0.95,0.0184539702452763,0.03173023434715565,0.5765181164729762,nan,nan,nan,nan,nan,nan,nan,nan,nan,nan,nan,nan
29.75,0.0,37.0,35.0,0.9459459459459459,0.017294318446243285,0.03443420670666706,1.1153309630331483,nan,nan,nan,nan,nan,nan,nan,nan,nan,nan,nan,nan
29.950000000000003,0.0,41.0,39.0,0.9512195121951219,0.01554276892739816,0.037628343557465235,0.6992223135062611,nan,nan,nan,nan,nan,nan,nan,nan,nan,nan,nan,nan
30.189999999999998,0.0,40.0,38.0,0.95,0.017169807119577916,0.03618073969015436,0.7854447715153766,nan,nan,nan,nan,nan,nan,nan,nan,nan,nan,nan,nan
30.39,0.0,41.0,37.0,0.9024390243902439,0.01693533613572207,0.030426920034686306,0.6918013760678416,nan,nan,nan,nan,nan,nan,nan,nan,nan,nan,nan,nan
30.630000000000003,0.0,42.0,38.0,0.9047619047619048,0.014094736766713222,0.024755759521330394,0.7273209046829778,nan,nan,nan,nan,nan,nan,nan,nan,nan,nan,nan,nan
30.85,0.0,41.0,37.0,0.9024390243902439,0.012713886374352074,0.02407308488068373,0.7420635477368486,nan,nan,nan,nan,nan,nan,nan,nan,nan,nan,nan,nan
31.089999999999996,0.0,43.0,39.0,0.9069767441860465,0.013730503829227136,0.02794778043315599,0.7120283997039889,nan,nan,nan,nan,nan,nan,nan,nan,nan,nan,nan,nan
31.29,0.0,44.0,40.0,0.9090909090909091,0.014316615965391822,0.032549699725933454,0.6536282978022532,nan,nan,nan,nan,nan,nan,nan,nan,nan,nan,nan,nan
31.550000000000004,0.0,40.0,40.0,1.0,0.013672097311603699,0.038541349381757475,0.6751852625742547,nan,nan,nan,nan,nan,nan,nan,nan,nan,nan,nan,nan
31.79,0.0,44.0,40.0,0.9090909090909091,0.01573129622480953,0.03551173811210004,0.6957603618147186,nan,nan,nan,nan,nan,nan,nan,nan,nan,nan,nan,nan
32.029999999999994,0.0,43.0,37.0,0.8604651162790697,0.018049096042251172,0.03074845500610397,0.7221294558171689,nan,nan,nan,nan,nan,nan,nan,nan,nan,nan,nan,nan
32.24999999999999,0.0,45.0,40.0,0.8888888888888888,0.015287245363710292,0.037751543200334796,0.6746133959673201,nan,nan,nan,nan,nan,nan,nan,nan,nan,nan,nan,nan
32.49,0.0,46.0,41.0,0.8913043478260869,0.015601047841104412,0.03561442376502598,0.7927904528884948,nan,nan,nan,nan,nan,nan,nan,nan,nan,nan,nan,nan
32.73,0.0,44.0,39.0,0.8863636363636364,0.015533878121282813,0.03102676296676521,0.7882649130903662,nan,nan,nan,nan,nan,nan,nan,nan,nan,nan,nan,nan
33.23,0.0,44.0,39.0,0.8863636363636364,0.015533878121282813,0.03102676296676521,0.7882649130903662,nan,nan,nan,nan,nan,nan,nan,nan,nan,nan,nan,nan
33.24999999999999,0.0,44.0,38.0,0.8636363636363636,0.014792161082804383,0.02630849653401123,0.6678447302024596,nan,nan,nan,nan,nan,nan,nan,nan,nan,nan,nan,nan
33.29,0.0,44.0,38.0,0.8636363636363636,0.01604631997721377,0.02798590495220252,0.6819106100469357,nan,nan,nan,nan,nan,nan,nan,nan,nan,nan,nan,nan
33.550000000000004,0.0,43.0,35.0,0.813953488372093,0.016173346370332423,0.03245433054058744,1.0616048020949493,nan,nan,nan,nan,nan,nan,nan,nan,nan,nan,nan,nan
33.690000000000005,0.0,48.0,40.0,0.8333333333333334,0.01534031136075228,0.035424788885922556,0.7485440948710355,nan,nan,nan,nan,nan,nan,nan,nan,nan,nan,nan,nan
33.88999999999999,0.0,48.0,40.0,0.8333333333333334,0.015583760750069306,0.03840842729226848,0.8155833849954297,nan,nan,nan,nan,nan,nan,nan,nan,nan,nan,nan,nan
34.089999999999996,0.0,51.0,40.0,0.7843137254901961,0.01644563556014323,0.03332894650862746,1.04010300898324,nan,nan,nan,nan,nan,nan,nan,nan,nan,nan,nan,nan
34.29,0.0,54.0,46.0,0.8518518518518519,0.027287257419262363,0.0640684415496867,4.37126628101916,nan,nan,nan,nan,nan,nan,nan,nan,nan,nan,nan,nan
34.529999999999994,0.0,53.0,43.0,0.8113207547169812,0.027957812394729404,0.05676904612512493,5.446092672631488,nan,nan,nan,nan,nan,nan,nan,nan,nan,nan,nan,nan
34.65,0.0,52.0,42.0,0.8076923076923077,0.024923271028322883,0.052374880892543794,5.6674228860601294,nan,nan,nan,nan,nan,nan,nan,nan,nan,nan,nan,nan
34.88999999999999,0.0,53.0,43.0,0.8113207547169812,0.025335582282074293,0.051007955763970415,6.0195520154028905,nan,nan,nan,nan,nan,nan,nan,nan,nan,nan,nan,nan
35.13,0.0,58.0,48.0,0.8275862068965517,0.029055196382925252,0.06677935823825967,6.128651913711289,nan,nan,nan,nan,nan,nan,nan,nan,nan,nan,nan,nan
35.35,0.0,51.0,41.0,0.803921568627451,0.026098439107371665,0.05325344869966981,6.020736599674533,nan,nan,nan,nan,nan,nan,nan,nan,nan,nan,nan,nan
35.589999999999996,0.0,49.0,40.0,0.8163265306122449,0.027329704457188596,0.05905647639997405,5.9806708346836155,nan,nan,nan,nan,nan,nan,nan,nan,nan,nan,nan,nan
35.830000000000005,0.0,47.0,34.0,0.723404255319149,0.015239050076286549,0.033495505058810916,0.8092703701116291,nan,nan,nan,nan,nan,nan,nan,nan,nan,nan,nan,nan
36.050000000000004,0.0,50.0,38.0,0.76,0.01661992298683646,0.03410840132003433,0.7988249394142893,nan,nan,nan,nan,nan,nan,nan,nan,nan,nan,nan,nan
36.29,0.0,54.0,42.0,0.7777777777777778,0.01551728764107533,0.03850784709768794,0.7066949140563917,nan,nan,nan,nan,nan,nan,nan,nan,nan,nan,nan,nan
36.529999999999994,0.0,51.0,45.0,0.8823529411764706,0.02552789589766745,0.1500721010337772,2.201187014909876,nan,nan,nan,nan,nan,nan,nan,nan,nan,nan,nan,nan
36.73,0.0,45.0,39.0,0.8666666666666667,0.017756986816822227,0.03209135689711317,0.8342682550357702,nan,nan,nan,nan,nan,nan,nan,nan,nan,nan,nan,nan
36.93,0.0,50.0,36.0,0.72,0.01601519709965847,0.03898422858460883,0.7020273762097807,nan,nan,nan,nan,nan,nan,nan,nan,nan,nan,nan,nan
37.15,0.0,52.0,40.0,0.7692307692307693,0.01589903204409914,0.03972942446879887,0.7888824655601395,nan,nan,nan,nan,nan,nan,nan,nan,nan,nan,nan,nan
37.38999999999999,0.0,51.0,40.0,0.7843137254901961,0.015327248748266853,0.03258632910753178,0.8774370320861036,nan,nan,nan,nan,nan,nan,nan,nan,nan,nan,nan,nan
37.63,0.0,49.0,35.0,0.7142857142857143,0.013496272323514804,0.0356057471956792,0.9891138115710734,nan,nan,nan,nan,nan,nan,nan,nan,nan,nan,nan,nan
37.85,0.0,53.0,41.0,0.7735849056603774,0.02874109329550685,0.07913784243574448,9.35559130064791,nan,nan,nan,nan,nan,nan,nan,nan,nan,nan,nan,nan
38.050000000000004,0.0,57.0,46.0,0.8070175438596491,0.033337849392093714,0.08438779543199061,8.36816590833038,nan,nan,nan,nan,nan,nan,nan,nan,nan,nan,nan,nan
38.29,0.0,61.0,49.0,0.8032786885245902,0.04368878816240368,0.10654824878081116,9.045164703773818,nan,nan,nan,nan,nan,nan,nan,nan,nan,nan,nan,nan
38.529999999999994,0.0,63.0,51.0,0.8095238095238095,0.04276774883947044,0.1044621599556691,8.83848939805058,nan,nan,nan,nan,nan,nan,nan,nan,nan,nan,nan,nan
38.79,0.0,46.0,34.0,0.7391304347826086,0.07037635743679344,0.11290552178376574,7.885716835377031,nan,nan,nan,nan,nan,nan,nan,nan,nan,nan,nan,nan
39.029999999999994,0.0,47.0,31.0,0.6595744680851063,0.07255897743573844,0.11693963065914036,6.407096352818174,nan,nan,nan,nan,nan,nan,nan,nan,nan,nan,nan,nan
39.27,0.0,54.0,39.0,0.7222222222222222,0.0990042854673042,0.1459033634439544,8.07878655592184,nan,nan,nan,nan,nan,nan,nan,nan,nan,nan,nan,nan
39.49,0.0,53.0,37.0,0.6981132075471698,0.11397219432034729,0.16253159669573797,6.5789006097510505,nan,nan,nan,nan,nan,nan,nan,nan,nan,nan,nan,nan
39.73,0.0,52.0,40.0,0.7692307692307693,0.1235924163426447,0.17485201858545885,6.853579892326239,nan,nan,nan,nan,nan,nan,nan,nan,nan,nan,nan,nan
39.93,0.0,54.0,42.0,0.7777777777777778,0.13876277256265312,0.19690296619025172,6.366522518776958,nan,nan,nan,nan,nan,nan,nan,nan,nan,nan,nan,nan
40.15,0.0,59.0,45.0,0.7627118644067796,0.14854752913252345,0.21263629484893984,7.394225451211193,nan,nan,nan,nan,nan,nan,nan,nan,nan,nan,nan,nan
40.38999999999999,0.0,59.0,50.0,0.847457627118644,0.17146790337393455,0.26932506097494113,8.38339678085241,nan,nan,nan,nan,nan,nan,nan,nan,nan,nan,nan,nan
40.589999999999996,0.0,63.0,53.0,0.8412698412698413,0.1684188158328801,0.26552533543077617,8.847545744778682,nan,nan,nan,nan,nan,nan,nan,nan,nan,nan,nan,nan
40.830000000000005,0.0,69.0,49.0,0.7101449275362319,0.17081802058929418,0.22593246947150913,8.865381328593998,nan,nan,nan,nan,nan,nan,nan,nan,nan,nan,nan,nan
41.050000000000004,0.0,72.0,58.0,0.8055555555555556,0.08644362687500406,0.22852479414300306,7.332335032756843,nan,nan,nan,nan,nan,nan,nan,nan,nan,nan,nan,nan
41.29,0.0,64.0,55.0,0.859375,0.0910159690087702,0.22931877751384544,9.00482017505559,nan,nan,nan,nan,nan,nan,nan,nan,nan,nan,nan,nan
41.529999999999994,0.0,68.0,56.0,0.8235294117647058,0.08298969072804081,0.17721282003243838,7.9970714986392455,nan,nan,nan,nan,nan,nan,nan,nan,nan,nan,nan,nan
42.029999999999994,0.0,66.0,51.0,0.7727272727272727,0.10855767162206341,0.20655426104619323,5.545857073600047,nan,nan,nan,nan,nan,nan,nan,nan,nan,nan,nan,nan
42.050000000000004,0.0,70.0,52.0,0.7428571428571429,0.11729028514234435,0.20715753929936553,8.19890829653629,nan,nan,nan,nan,nan,nan,nan,nan,nan,nan,nan,nan
42.190000000000005,0.0,70.0,52.0,0.7428571428571429,0.11729028514234435,0.20715753929936553,8.19890829653629,nan,nan,nan,nan,nan,nan,nan,nan,nan,nan,nan,nan
42.43,0.0,70.0,52.0,0.7428571428571429,0.11729028514234435,0.20715753929936553,8.19890829653629,nan,nan,nan,nan,nan,nan,nan,nan,nan,nan,nan,nan
42.65,0.0,64.0,45.0,0.703125,0.15833571231174226,0.2233263345694785,7.164350169557114,nan,nan,nan,nan,nan,nan,nan,nan,nan,nan,nan,nan
42.88999999999999,0.0,58.0,42.0,0.7241379310344828,0.18094257500923444,0.23985489384433267,6.533945092906202,nan,nan,nan,nan,nan,nan,nan,nan,nan,nan,nan,nan
43.13,0.0,58.0,42.0,0.7241379310344828,0.1987797150912803,0.26171503362317233,6.7990074012391215,nan,nan,nan,nan,nan,nan,nan,nan,nan,nan,nan,nan
43.35,0.0,68.0,51.0,0.75,0.21522022553073802,0.3449509067057451,9.945495111397955,nan,nan,nan,nan,nan,nan,nan,nan,nan,nan,nan,nan
43.589999999999996,0.0,60.0,37.0,0.6166666666666667,0.2388500548171306,0.31069434485169306,10.795270633030094,nan,nan,nan,nan,nan,nan,nan,nan,nan,nan,nan,nan
43.79,0.0,55.0,48.0,0.8727272727272727,0.15651633733319031,0.29836703362252104,11.280880048263624,nan,nan,nan,nan,nan,nan,nan,nan,nan,nan,nan,nan
44.029999999999994,0.0,57.0,51.0,0.8947368421052632,0.15035196999131153,0.29446468266796694,7.686947625683482,nan,nan,nan,nan,nan,nan,nan,nan,nan,nan,nan,nan
44.24999999999999,0.0,58.0,52.0,0.896551724137931,0.14938989754915383,0.3028273174451845,7.888133590414583,nan,nan,nan,nan,nan,nan,nan,nan,nan,nan,nan,nan
44.49,0.0,60.0,54.0,0.9,0.15190867703889616,0.3098661314137862,8.845195744659275,nan,nan,nan,nan,nan,nan,nan,nan,nan,nan,nan,nan
44.73,0.0,49.0,40.0,0.8163265306122449,0.15312233815827359,0.2524736227182008,7.248453152722716,nan,nan,nan,nan,nan,nan,nan,nan,nan,nan,nan,nan
44.99,0.0,49.0,36.0,0.7346938775510204,0.15309787035303907,0.259364793862084,8.86332064883676,nan,nan,nan,nan,nan,nan,nan,nan,nan,nan,nan,nan
45.23,0.0,53.0,40.0,0.7547169811320755,0.16695270244302116,0.23085070555965867,7.054875891373455,nan,nan,nan,nan,nan,nan,nan,nan,nan,nan,nan,nan
45.43,0.0,51.0,41.0,0.803921568627451,0.1788570713076724,0.23411317527052145,7.317852808401664,nan,nan,nan,nan,nan,nan,nan,nan,nan,nan,nan,nan
45.690000000000005,0.0,58.0,44.0,0.7586206896551724,0.19014635042889835,0.25481549855919483,8.921209375720323,nan,nan,nan,nan,nan,nan,nan,nan,nan,nan,nan,nan
45.93,0.0,60.0,52.0,0.8666666666666667,0.12709232857547617,0.256267677098254,6.504688559052413,nan,nan,nan,nan,nan,nan,nan,nan,nan,nan,nan,nan
46.190000000000005,0.0,67.0,58.0,0.8656716417910447,0.15339247756240296,0.30575540145750885,8.825548444103728,nan,nan,nan,nan,nan,nan,nan,nan,nan,nan,nan,nan
46.38999999999999,0.0,73.0,63.0,0.863013698630137,0.14517899826263167,0.30583734756999575,8.912895700152381,nan,nan,nan,nan,nan,nan,nan,nan,nan,nan,nan,nan
46.63,0.0,71.0,64.0,0.9014084507042254,0.14838438222816502,0.2922270052552076,8.740917699925223,nan,nan,nan,nan,nan,nan,nan,nan,nan,nan,nan,nan
46.85,0.0,64.0,58.0,0.90625,0.1483718808492334,0.32061642074378666,7.587976767879614,nan,nan,nan,nan,nan,nan,nan,nan,nan,nan,nan,nan
47.089999999999996,0.0,58.0,43.0,0.7413793103448276,0.12756131300896192,0.22012543409928442,7.569274550815301,nan,nan,nan,nan,nan,nan,nan,nan,nan,nan,nan,nan
47.330000000000005,0.0,54.0,38.0,0.7037037037037037,0.13147953983674743,0.22470271585259005,9.84831349007132,nan,nan,nan,nan,nan,nan,nan,nan,nan,nan,nan,nan
47.550000000000004,0.0,48.0,38.0,0.7916666666666666,0.15724826140568193,0.24837799299784563,8.852344111287078,nan,nan,nan,nan,nan,nan,nan,nan,nan,nan,nan,nan
47.79,0.0,49.0,37.0,0.7551020408163265,0.20094520284965617,0.2638344548054715,8.290322406309727,nan,nan,nan,nan,nan,nan,nan,nan,nan,nan,nan,nan
48.029999999999994,0.0,57.0,43.0,0.7543859649122807,0.21423829063677188,0.2741544216568405,7.647056480359194,nan,nan,nan,nan,nan,nan,nan,nan,nan,nan,nan,nan
48.24999999999999,0.0,71.0,42.0,0.5915492957746479,0.23812449174195263,0.2945879437487539,7.001171783997725,nan,nan,nan,nan,nan,nan,nan,nan,nan,nan,nan,nan
48.49,0.0,76.0,57.0,0.75,0.17441563022777762,0.30283743395322676,8.861703670411787,nan,nan,nan,nan,nan,nan,nan,nan,nan,nan,nan,nan
48.74999999999999,0.0,71.0,62.0,0.8732394366197183,0.18231321300434214,0.3495517792105923,7.460273917064165,nan,nan,nan,nan,nan,nan,nan,nan,nan,nan,nan,nan
48.99,0.0,75.0,57.0,0.76,0.15745058374580037,0.34640763089143733,6.946742636230047,nan,nan,nan,nan,nan,nan,nan,nan,nan,nan,nan,nan
49.23,0.0,63.0,55.0,0.873015873015873,0.17533329217830207,0.33166518297045566,9.194350073970478,nan,nan,nan,nan,nan,nan,nan,nan,nan,nan,nan,nan
49.49,0.0,57.0,47.0,0.8245614035087719,0.19929929866835067,0.341104044921074,9.229866178239522,nan,nan,nan,nan,nan,nan,nan,nan,nan,nan,nan,nan
49.690000000000005,0.0,55.0,40.0,0.7272727272727273,0.17633128517741806,0.30960244960806776,7.9355807983427145,nan,nan,nan,nan,nan,nan,nan,nan,nan,nan,nan,nan
49.93,0.0,62.0,43.0,0.6935483870967742,0.17355699686757686,0.27035248546383733,6.941736448089269,nan,nan,nan,nan,nan,nan,nan,nan,nan,nan,nan,nan
50.15,0.0,58.0,47.0,0.8103448275862069,0.15858359083431456,0.2793371076154673,6.879676769791805,nan,nan,nan,nan,nan,nan,nan,nan,nan,nan,nan,nan
50.38999999999999,0.0,58.0,35.0,0.603448275862069,0.2179161017847751,0.2750295526566887,7.3910528507653295,nan,nan,nan,nan,nan,nan,nan,nan,nan,nan,nan,nan
50.63,0.0,57.0,48.0,0.8421052631578947,0.1661626240693653,0.30362462786865896,6.802945354710289,nan,nan,nan,nan,nan,nan,nan,nan,nan,nan,nan,nan
50.830000000000005,0.0,67.0,56.0,0.835820895522388,0.1735596143495474,0.2965043489280007,7.53687779482487,nan,nan,nan,nan,nan,nan,nan,nan,nan,nan,nan,nan
51.089999999999996,0.0,69.0,63.0,0.9130434782608695,0.1837113686695856,0.33495131998038435,9.167577547216819,nan,nan,nan,nan,nan,nan,nan,nan,nan,nan,nan,nan
51.330000000000005,0.0,69.0,61.0,0.8840579710144928,0.17907127390220764,0.3204096458662788,8.972212877983269,nan,nan,nan,nan,nan,nan,nan,nan,nan,nan,nan,nan
51.589999999999996,0.0,59.0,54.0,0.9152542372881356,0.19121232394680093,0.3336373043283549,8.16503200809464,nan,nan,nan,nan,nan,nan,nan,nan,nan,nan,nan,nan
51.830000000000005,0.0,54.0,44.0,0.8148148148148148,0.19727748048680124,0.3247568108665924,7.977375215604327,nan,nan,nan,nan,nan,nan,nan,nan,nan,nan,nan,nan
52.050000000000004,0.0,58.0,42.0,0.7241379310344828,0.19654764990579066,0.26740059504559405,7.9117538440267445,nan,nan,nan,nan,nan,nan,nan,nan,nan,nan,nan,nan
52.29,0.0,57.0,39.0,0.6842105263157895,0.21197230045779333,0.2724334085868887,10.131742161892948,nan,nan,nan,nan,nan,nan,nan,nan,nan,nan,nan,nan
52.529999999999994,0.0,67.0,51.0,0.7611940298507462,0.18667077602701695,0.3037559445560485,6.908186737207953,nan,nan,nan,nan,nan,nan,nan,nan,nan,nan,nan,nan
52.77,0.0,68.0,55.0,0.8088235294117647,0.18853202340297007,0.31138044256922826,6.6944545405354,nan,nan,nan,nan,nan,nan,nan,nan,nan,nan,nan,nan
52.99,0.0,73.0,61.0,0.8356164383561644,0.17907148488033298,0.328908559398263,7.78773509419401,nan,nan,nan,nan,nan,nan,nan,nan,nan,nan,nan,nan
53.23,0.0,68.0,46.0,0.6764705882352942,0.17724021677942617,0.33452185700796155,9.268987551084608,nan,nan,nan,nan,nan,nan,nan,nan,nan,nan,nan,nan
53.449999999999996,0.0,65.0,54.0,0.8307692307692308,0.2031006581822519,0.34348337918394084,10.173055802572192,nan,nan,nan,nan,nan,nan,nan,nan,nan,nan,nan,nan
53.690000000000005,0.0,54.0,45.0,0.8333333333333334,0.19669947396419943,0.3499572505730542,8.23726404259735,nan,nan,nan,nan,nan,nan,nan,nan,nan,nan,nan,nan
53.93,0.0,60.0,43.0,0.7166666666666667,0.17595549207527442,0.31505774829028305,8.845421856640728,nan,nan,nan,nan,nan,nan,nan,nan,nan,nan,nan,nan
54.15,0.0,49.0,36.0,0.7346938775510204,0.1762981615444198,0.27084334839580615,7.819481586466607,nan,nan,nan,nan,nan,nan,nan,nan,nan,nan,nan,nan
54.38999999999999,0.0,42.0,29.0,0.6904761904761905,0.18767587510960249,0.26985086008528064,8.66381894273689,nan,nan,nan,nan,nan,nan,nan,nan,nan,nan,nan,nan
54.63,0.0,49.0,38.0,0.7755102040816326,0.18921764444216918,0.2949045350658545,6.159773418833058,nan,nan,nan,nan,nan,nan,nan,nan,nan,nan,nan,nan
54.85,0.0,56.0,48.0,0.8571428571428571,0.19638970481195836,0.2984953718289608,6.626081066059982,nan,nan,nan,nan,nan,nan,nan,nan,nan,nan,nan,nan
55.13,0.0,71.0,63.0,0.8873239436619719,0.21311092682537253,0.3464505196424821,7.6724624355622435,nan,nan,nan,nan,nan,nan,nan,nan,nan,nan,nan,nan
55.35,0.0,54.0,44.0,0.8148148148148148,0.21447350147295055,0.31756417460893877,8.774812145136485,nan,nan,nan,nan,nan,nan,nan,nan,nan,nan,nan,nan
55.589999999999996,0.0,47.0,38.0,0.8085106382978723,0.23758560060311162,0.3360516510270608,6.5593057513620145,nan,nan,nan,nan,nan,nan,nan,nan,nan,nan,nan,nan
55.830000000000005,0.0,54.0,38.0,0.7037037037037037,0.23480417771392656,0.3493361410330634,8.431464698038836,nan,nan,nan,nan,nan,nan,nan,nan,nan,nan,nan,nan
56.089999999999996,0.0,60.0,45.0,0.75,0.19103414205024186,0.31297171840262195,9.471700454871396,nan,nan,nan,nan,nan,nan,nan,nan,nan,nan,nan,nan
56.29,0.0,62.0,47.0,0.7580645161290323,0.19985840276251302,0.29760300993064087,7.99764070141298,nan,nan,nan,nan,nan,nan,nan,nan,nan,nan,nan,nan
56.529999999999994,0.0,59.0,48.0,0.8135593220338984,0.19316158374188142,0.3172649018851398,8.543591210624758,nan,nan,nan,nan,nan,nan,nan,nan,nan,nan,nan,nan
56.79,0.0,55.0,43.0,0.7818181818181819,0.22092323452835072,0.3365617078882757,9.384937787225649,nan,nan,nan,nan,nan,nan,nan,nan,nan,nan,nan,nan
57.029999999999994,0.0,59.0,44.0,0.7457627118644068,0.21721317263439557,0.3403161647467047,8.800785045268775,nan,nan,nan,nan,nan,nan,nan,nan,nan,nan,nan,nan
57.23,0.0,57.0,47.0,0.8245614035087719,0.20328269169399962,0.34264351389604336,11.320356813820624,nan,nan,nan,nan,nan,nan,nan,nan,nan,nan,nan,nan
57.49,0.0,56.0,47.0,0.8392857142857143,0.19674050750830846,0.3423662809768426,6.728454884718576,nan,nan,nan,nan,nan,nan,nan,nan,nan,nan,nan,nan
57.73,0.0,55.0,40.0,0.7272727272727273,0.1825544869091596,0.2845114865677636,7.605756899461368,nan,nan,nan,nan,nan,nan,nan,nan,nan,nan,nan,nan
57.93,0.0,54.0,42.0,0.7777777777777778,0.1811165706685895,0.3059924316448636,6.309199556116348,nan,nan,nan,nan,nan,nan,nan,nan,nan,nan,nan,nan
58.190000000000005,0.0,54.0,42.0,0.7777777777777778,0.20107392399542948,0.3127442913350205,7.137655793636411,nan,nan,nan,nan,nan,nan,nan,nan,nan,nan,nan,nan
58.43,0.0,61.0,51.0,0.8360655737704918,0.2121157821117918,0.3386645875266562,7.351053095713128,nan,nan,nan,nan,nan,nan,nan,nan,nan,nan,nan,nan
58.65,0.0,54.0,45.0,0.8333333333333334,0.2125050544265672,0.33923780290589123,8.69908832324665,nan,nan,nan,nan,nan,nan,nan,nan,nan,nan,nan,nan
58.93,0.0,63.0,52.0,0.8253968253968254,0.2189558788660684,0.3312316802961408,8.708592669927368,nan,nan,nan,nan,nan,nan,nan,nan,nan,nan,nan,nan
59.15,0.0,57.0,48.0,0.8421052631578947,0.2140716439814345,0.3346676886561038,5.721351854249276,nan,nan,nan,nan,nan,nan,nan,nan,nan,nan,nan,nan
59.38999999999999,0.0,53.0,42.0,0.7924528301886793,0.22960938650783924,0.30252329626476626,8.253339689681706,nan,nan,nan,nan,nan,nan,nan,nan,nan,nan,nan,nan
59.589999999999996,0.0,57.0,47.0,0.8245614035087719,0.21915366383232066,0.30892935373888986,6.231871132071659,nan,nan,nan,nan,nan,nan,nan,nan,nan,nan,nan,nan
59.830000000000005,0.0,49.0,42.0,0.8571428571428571,0.22583191942670633,0.3123264041216775,7.080653429983903,nan,nan,nan,nan,nan,nan,nan,nan,nan,nan,nan,nan
60.050000000000004,0.0,53.0,41.0,0.7735849056603774,0.22935595237656167,0.31849461457175116,8.270673504361696,nan,nan,nan,nan,nan,nan,nan,nan,nan,nan,nan,nan
60.29,0.0,52.0,34.0,0.6538461538461539,0.2359904000597254,0.33044119238659814,7.680314019210433,nan,nan,nan,nan,nan,nan,nan,nan,nan,nan,nan,nan
60.49,0.0,61.0,49.0,0.8032786885245902,0.21717730383048847,0.31804709340502846,9.036613345951206,nan,nan,nan,nan,nan,nan,nan,nan,nan,nan,nan,nan
60.73,0.0,53.0,45.0,0.8490566037735849,0.2258374201771851,0.34747361598931004,7.150918951376886,nan,nan,nan,nan,nan,nan,nan,nan,nan,nan,nan,nan
60.949999999999996,0.0,55.0,38.0,0.6909090909090909,0.20155403397276023,0.303237305232935,6.3773508549898255,nan,nan,nan,nan,nan,nan,nan,nan,nan,nan,nan,nan
61.190000000000005,0.0,58.0,44.0,0.7586206896551724,0.22901212289920095,0.34900901827285524,6.513501835692736,nan,nan,nan,nan,nan,nan,nan,nan,nan,nan,nan,nan
61.43,0.0,60.0,49.0,0.8166666666666667,0.22965283316385027,0.3499019532672148,7.765884853863987,nan,nan,nan,nan,nan,nan,nan,nan,nan,nan,nan,nan
61.690000000000005,0.0,54.0,38.0,0.7037037037037037,0.2394011429818556,0.32994558806618857,9.36302835474189,nan,nan,nan,nan,nan,nan,nan,nan,nan,nan,nan,nan
61.88999999999999,0.0,51.0,37.0,0.7254901960784313,0.24548772510554429,0.33546969038301794,7.607931523662809,nan,nan,nan,nan,nan,nan,nan,nan,nan,nan,nan,nan
62.15,0.0,54.0,44.0,0.8148148148148148,0.22464124487378248,0.34224165390812683,8.777549481853844,nan,nan,nan,nan,nan,nan,nan,nan,nan,nan,nan,nan
62.38999999999999,0.0,53.0,36.0,0.6792452830188679,0.2130232218199426,0.31985151225711395,8.263076824692234,nan,nan,nan,nan,nan,nan,nan,nan,nan,nan,nan,nan
62.63,0.0,56.0,46.0,0.8214285714285714,0.23026154471646834,0.3421551642907738,8.182812906708689,nan,nan,nan,nan,nan,nan,nan,nan,nan,nan,nan,nan
62.85,0.0,48.0,42.0,0.875,0.24404304657697368,0.3416944857837202,7.505533743847259,nan,nan,nan,nan,nan,nan,nan,nan,nan,nan,nan,nan
63.089999999999996,0.0,58.0,47.0,0.8103448275862069,0.23042883323655527,0.3488253298158211,9.226553080289824,nan,nan,nan,nan,nan,nan,nan,nan,nan,nan,nan,nan
63.29,0.0,52.0,47.0,0.9038461538461539,0.22823338712566096,0.34419435361762324,8.697321128298915,nan,nan,nan,nan,nan,nan,nan,nan,nan,nan,nan,nan
63.49,0.0,49.0,47.0,0.9591836734693877,0.22617434919966498,0.3291273686401109,8.54708704424091,nan,nan,nan,nan,nan,nan,nan,nan,nan,nan,nan,nan
63.73,0.0,57.0,48.0,0.8421052631578947,0.24219568561448998,0.34248379907573967,9.138886992929741,nan,nan,nan,nan,nan,nan,nan,nan,nan,nan,nan,nan
63.93,0.0,58.0,48.0,0.8275862068965517,0.23178955465503956,0.33962647783273237,7.678539825459802,nan,nan,nan,nan,nan,nan,nan,nan,nan,nan,nan,nan
64.15,0.0,54.0,44.0,0.8148148148148148,0.23596815815519626,0.341584453481507,8.980474778131844,nan,nan,nan,nan,nan,nan,nan,nan,nan,nan,nan,nan
64.38999999999999,0.0,50.0,40.0,0.8,0.25043086195352043,0.3444538420072539,8.764790132815167,nan,nan,nan,nan,nan,nan,nan,nan,nan,nan,nan,nan
64.63,0.0,53.0,42.0,0.7924528301886793,0.24363672826614954,0.3480053258744008,8.017763390191494,nan,nan,nan,nan,nan,nan,nan,nan,nan,nan,nan,nan
64.85,0.0,56.0,44.0,0.7857142857142857,0.2517582919598912,0.3364351532270653,7.938027151939264,nan,nan,nan,nan,nan,nan,nan,nan,nan,nan,nan,nan
65.09,0.0,47.0,39.0,0.8297872340425532,0.25159241306148405,0.3373527288459107,7.057298418031607,nan,nan,nan,nan,nan,nan,nan,nan,nan,nan,nan,nan
65.33000000000001,0.0,50.0,39.0,0.78,0.25187205407028185,0.32235566594334625,6.76391167272713,nan,nan,nan,nan,nan,nan,nan,nan,nan,nan,nan,nan
65.55000000000001,0.0,49.0,38.0,0.7755102040816326,0.25605232942652245,0.33735491961728176,7.240430010239196,nan,nan,nan,nan,nan,nan,nan,nan,nan,nan,nan,nan
65.78999999999999,0.0,50.0,39.0,0.78,0.252391427471058,0.32332280435556787,7.28724171342458,nan,nan,nan,nan,nan,nan,nan,nan,nan,nan,nan,nan
66.05000000000001,0.0,51.0,39.0,0.7647058823529411,0.252251793298289,0.33764853351958285,6.703222996883161,nan,nan,nan,nan,nan,nan,nan,nan,nan,nan,nan,nan
66.25,0.0,50.0,44.0,0.88,0.23828652029778186,0.336966679517805,7.098378409610401,nan,nan,nan,nan,nan,nan,nan,nan,nan,nan,nan,nan
66.49000000000001,0.0,54.0,43.0,0.7962962962962963,0.24521345011963283,0.3395395840337638,7.157412346388235,nan,nan,nan,nan,nan,nan,nan,nan,nan,nan,nan,nan
66.69,0.0,53.0,44.0,0.8301886792452831,0.24386152585828366,0.33962524994633986,7.281080207414509,nan,nan,nan,nan,nan,nan,nan,nan,nan,nan,nan,nan
66.93,0.0,52.0,42.0,0.8076923076923077,0.24491826921760437,0.3372838147038306,6.602979137877494,nan,nan,nan,nan,nan,nan,nan,nan,nan,nan,nan,nan
67.15,0.0,50.0,41.0,0.82,0.24428566713732117,0.339829937621547,7.260543236828522,nan,nan,nan,nan,nan,nan,nan,nan,nan,nan,nan,nan
67.33000000000001,0.0,53.0,43.0,0.8113207547169812,0.24104905176889785,0.33994714587012426,7.933275161814076,nan,nan,nan,nan,nan,nan,nan,nan,nan,nan,nan,nan
67.53,0.0,54.0,44.0,0.8148148148148148,0.24522564795466392,0.3398025357348325,7.690890610113361,nan,nan,nan,nan,nan,nan,nan,nan,nan,nan,nan,nan
67.75,0.0,54.0,44.0,0.8148148148148148,0.24609177412422045,0.34090330522974555,7.659855897023873,nan,nan,nan,nan,nan,nan,nan,nan,nan,nan,nan,nan
68.03,0.0,51.0,44.0,0.8627450980392157,0.2456577803644783,0.34081464868385936,8.150315331626265,nan,nan,nan,nan,nan,nan,nan,nan,nan,nan,nan,nan
68.22999999999999,0.0,55.0,45.0,0.8181818181818182,0.23872536503921993,0.34048510784257474,7.205999576471625,nan,nan,nan,nan,nan,nan,nan,nan,nan,nan,nan,nan
68.49000000000001,0.0,55.0,46.0,0.8363636363636363,0.2402360699432327,0.3415913899154164,7.495071214285716,nan,nan,nan,nan,nan,nan,nan,nan,nan,nan,nan,nan
68.72999999999999,0.0,50.0,45.0,0.9,0.24155003623948484,0.34161654789361123,7.239161506987214,nan,nan,nan,nan,nan,nan,nan,nan,nan,nan,nan,nan
68.94999999999999,0.0,53.0,44.0,0.8301886792452831,0.2407020791157879,0.3411722782550195,7.516170016560453,nan,nan,nan,nan,nan,nan,nan,nan,nan,nan,nan,nan
69.19,0.0,55.0,47.0,0.8545454545454545,0.2402502026232092,0.34188545291560046,7.917400203332873,nan,nan,nan,nan,nan,nan,nan,nan,nan,nan,nan,nan
69.43,0.0,56.0,47.0,0.8392857142857143,0.2409343918320139,0.33940236366239707,7.5747724822345575,nan,nan,nan,nan,nan,nan,nan,nan,nan,nan,nan,nan
69.69,0.0,52.0,46.0,0.8846153846153846,0.24362659456780508,0.3427857972163627,8.335797320112963,nan,nan,nan,nan,nan,nan,nan,nan,nan,nan,nan,nan
69.88999999999999,0.0,55.0,45.0,0.8181818181818182,0.24223322195258623,0.34123324313767195,8.061582590752224,nan,nan,nan,nan,nan,nan,nan,nan,nan,nan,nan,nan
70.13,0.0,51.0,46.0,0.9019607843137255,0.24380880633683405,0.3424651079666244,8.183117716341206,nan,nan,nan,nan,nan,nan,nan,nan,nan,nan,nan,nan
70.33000000000001,0.0,50.0,38.0,0.76,0.2454170075057838,0.34102340626475486,6.369935591426643,nan,nan,nan,nan,nan,nan,nan,nan,nan,nan,nan,nan
70.55000000000001,0.0,52.0,46.0,0.8846153846153846,0.23915844346523743,0.3416192939320083,8.414930752175302,nan,nan,nan,nan,nan,nan,nan,nan,nan,nan,nan,nan
70.78999999999999,0.0,51.0,46.0,0.9019607843137255,0.24372416607698416,0.3423909378330166,8.173433194663204,nan,nan,nan,nan,nan,nan,nan,nan,nan,nan,nan,nan
71.03,0.0,54.0,44.0,0.8148148148148148,0.24821782724642813,0.3421224102798688,7.044006687237124,nan,nan,nan,nan,nan,nan,nan,nan,nan,nan,nan,nan
71.28999999999999,0.0,51.0,46.0,0.9019607843137255,0.24416162042832784,0.342962956229573,6.818400125275504,nan,nan,nan,nan,nan,nan,nan,nan,nan,nan,nan,nan
71.53,0.0,52.0,47.0,0.9038461538461539,0.24969706874038,0.34707515474969775,6.633550776923446,nan,nan,nan,nan,nan,nan,nan,nan,nan,nan,nan,nan
71.75,0.0,54.0,44.0,0.8148148148148148,0.2543755303626397,0.3430469694108187,7.113887918717393,nan,nan,nan,nan,nan,nan,nan,nan,nan,nan,nan,nan
71.99000000000001,0.0,52.0,46.0,0.8846153846153846,0.24360418565560632,0.34260782344155283,6.881233986586033,nan,nan,nan,nan,nan,nan,nan,nan,nan,nan,nan,nan
72.22999999999999,0.0,51.0,46.0,0.9019607843137255,0.24352812240409244,0.34363764406824326,9.085372509747787,nan,nan,nan,nan,nan,nan,nan,nan,nan,nan,nan,nan
72.44999999999999,0.0,49.0,42.0,0.8571428571428571,0.2484442124119883,0.3405689395259826,7.7967200601132225,nan,nan,nan,nan,nan,nan,nan,nan,nan,nan,nan,nan
72.69,0.0,51.0,46.0,0.9019607843137255,0.24498475626887847,0.3403236216741293,6.461562032623788,nan,nan,nan,nan,nan,nan,nan,nan,nan,nan,nan,nan
72.88999999999999,0.0,50.0,45.0,0.9,0.2454102060611839,0.34161269253400967,7.621801472793278,nan,nan,nan,nan,nan,nan,nan,nan,nan,nan,nan,nan
73.13,0.0,50.0,45.0,0.9,0.245488992763804,0.34492375449426743,7.5952704817341035,nan,nan,nan,nan,nan,nan,nan,nan,nan,nan,nan,nan
73.33000000000001,0.0,57.0,48.0,0.8421052631578947,0.24389127947257752,0.3420196780209692,7.612469124191879,nan,nan,nan,nan,nan,nan,nan,nan,nan,nan,nan,nan
73.55000000000001,0.0,54.0,47.0,0.8703703703703703,0.24531034458626974,0.3439998123816002,8.840303292360815,nan,nan,nan,nan,nan,nan,nan,nan,nan,nan,nan,nan
73.78999999999999,0.0,55.0,43.0,0.7818181818181819,0.2563777671154615,0.34230863177892407,7.065172237535041,nan,nan,nan,nan,nan,nan,nan,nan,nan,nan,nan,nan
74.03,0.0,28.0,3.0,0.10714285714285714,0.3128695707459736,0.3367283521706846,8.884438522092683,nan,nan,nan,nan,nan,nan,nan,nan,nan,nan,nan,nan
74.25,0.0,28.0,0.0,0.0,nan,nan,nan,nan,nan,nan,nan,nan,nan,nan,nan,nan,nan,nan,nan
74.44999999999999,0.0,19.0,1.0,0.05263157894736842,0.3124383825564737,0.3124383825564737,11.73285810603783,nan,nan,nan,nan,nan,nan,nan,nan,nan,nan,nan,nan
74.69,0.0,26.0,1.0,0.038461538461538464,0.33893325359074494,0.33893325359074494,1.688726231019069,nan,nan,nan,nan,nan,nan,nan,nan,nan,nan,nan,nan
75.33000000000001,0.0,19.0,5.0,0.2631578947368421,0.26478104687255705,0.2881692822072389,19.41384501972526,nan,nan,nan,nan,nan,nan,nan,nan,nan,nan,nan,nan
75.55000000000001,1.0,44.0,38.0,0.8636363636363636,0.215396586792962,0.29095480989424005,5.939682237969838,0.6093290655291165,-0.12,0.2260173989959243,1.8404971034572488,0.6815778279259507,0.8959881806499208,-0.47578048005775675,0.38067682474061487,0.0,0.9426850594889826,0.9861932079855201,0.9876878264524889
76.05000000000001,0.0,44.0,38.0,0.8636363636363636,0.215396586792962,0.29095480989424005,5.939682237969838,nan,nan,nan,nan,nan,nan,-0.47578048005775675,0.38067682474061487,0.0,0.9426850594889826,0.9861932079855201,0.9876878264524889
76.09,0.0,37.0,5.0,0.13513513513513514,0.1991434595167441,0.2323234535230328,16.17735272268643,nan,nan,nan,nan,nan,nan,-0.47578048005775675,0.38067682474061487,0.0,0.9426850594889826,0.9861932079855201,0.9876878264524889
76.22999999999999,0.0,36.0,4.0,0.1111111111111111,0.33660587971259276,0.3499266056105165,16.418320983534997,nan,nan,nan,nan,nan,nan,-0.47578048005775675,0.38067682474061487,0.0,0.9426850594889826,0.9861932079855201,0.9876878264524889
76.33000000000001,1.0,38.0,37.0,0.9736842105263158,0.017157875250651045,0.04569276191726442,3.660248397796818,-0.2789206656237707,-0.03440708792729406,0.012863966671756003,2.234791497753095,1.0152092824469474,1.4961437051815987,0.2781438121337596,-0.02080282393587707,0.0,0.9685223289041525,0.9604813269029623,0.6185463731469476
76.43,0.0,38.0,37.0,0.9736842105263158,0.017157875250651045,0.04569276191726442,3.660248397796818,nan,nan,nan,nan,nan,nan,0.2781438121337596,-0.02080282393587707,0.0,0.9685223289041525,0.9604813269029623,0.6185463731469476
76.63,0.0,38.0,37.0,0.9736842105263158,0.017157875250651045,0.04569276191726442,3.660248397796818,nan,nan,nan,nan,nan,nan,0.2781438121337596,-0.02080282393587707,0.0,0.9685223289041525,0.9604813269029623,0.6185463731469476
76.94999999999999,1.0,35.0,31.0,0.8857142857142857,0.013335764317202292,0.030231509066296975,3.1679450518956553,-0.0148811046287567,-0.0003087572361405528,0.008067214298460237,2.242894223143906,1.3387387889339037,1.6428299021120325,0.01484251351449295,0.0010710123921335857,0.0,0.9461570162985176,0.7774741895698234,0.522249714885311
77.25,0.0,34.0,26.0,0.7647058823529411,0.016321081456487016,0.049641607864512584,3.926833763371841,nan,nan,nan,nan,nan,nan,0.01484251351449295,0.0010710123921335857,0.0,0.9461570162985176,0.7774741895698234,0.522249714885311
77.33000000000001,1.0,41.0,25.0,0.6097560975609756,0.015124761162859452,0.03366225521284313,2.19474150869963,0.02544102694551231,-0.009219556504687703,0.009176743296445132,2.2116169718417806,1.530615291027918,1.6228415012543698,-0.025406578665213342,-0.0013234850095902306,0.0,0.8584353836290664,0.6501582002753838,0.3997902187648939
77.65,0.0,31.0,16.0,0.5161290322580645,0.017863298911990576,0.033270117087460374,3.9955761775643563,nan,nan,nan,nan,nan,nan,-0.025406578665213342,-0.0013234850095902306,0.0,0.8584353836290664,0.6501582002753838,0.3997902187648939
77.72999999999999,1.0,31.0,16.0,0.5161290322580645,0.01680557593954944,0.029010152401495078,5.502256780252086,0.03618339289460095,-0.04236866939251669,0.008953313033692425,2.2142234600308752,1.7283623323765267,1.4742820193951458,-0.03601499931013086,0.0034867959585194175,0.0,0.8032308321770545,0.5540214422954457,0.2963297083243806
78.38999999999999,0.0,31.0,16.0,0.5161290322580645,0.01680557593954944,0.029010152401495078,5.502256780252086,nan,nan,nan,nan,nan,nan,-0.03601499931013086,0.0034867959585194175,0.0,0.8032308321770545,0.5540214422954457,0.2963297083243806
78.43,0.0,51.0,0.0,0.0,nan,nan,nan,nan,nan,nan,nan,nan,nan,-0.03601499931013086,0.0034867959585194175,0.0,0.8032308321770545,0.5540214422954457,0.2963297083243806
78.59,1.0,51.0,16.0,0.3137254901960784,0.22242104940179605,0.33622829470350857,7.32573556501509,-0.23542275507576238,0.12,0.22739564753730304,2.602966805463868,2.0734877464018515,1.2511459353620096,0.22349749433911725,-0.07397799423881857,0.0,0.281972622315751,0.11212335574650352,0.3951823876838155
78.93,0.0,57.0,19.0,0.3333333333333333,0.2575078505071988,0.30963134314952817,13.069086011447617,nan,nan,nan,nan,nan,nan,0.22349749433911725,-0.07397799423881857,0.0,0.281972622315751,0.11212335574650352,0.3951823876838155
79.15,0.0,46.0,0.0,0.0,nan,nan,nan,nan,nan,nan,nan,nan,nan,0.22349749433911725,-0.07397799423881857,0.0,0.281972622315751,0.11212335574650352,0.3951823876838155
79.33000000000001,0.0,50.0,0.0,0.0,nan,nan,nan,nan,nan,nan,nan,nan,nan,0.22349749433911725,-0.07397799423881857,0.0,0.281972622315751,0.11212335574650352,0.3951823876838155
79.63,0.0,46.0,17.0,0.3695652173913043,0.22818579935229658,0.3078059906103771,16.034511143085478,nan,nan,nan,nan,nan,nan,0.22349749433911725,-0.07397799423881857,0.0,0.281972622315751,0.11212335574650352,0.3951823876838155
79.69,1.0,49.0,30.0,0.6122448979591837,0.2319151803363643,0.3338481551653552,12.196193237942328,-0.4580291304527478,0.12,0.23728589584632198,3.098509750686265,2.4893623532010714,1.2504495282858714,0.4347274800410972,-0.14423141974069953,0.0,0.5424618916436982,0.2967034756893979,0.6110623523308222
79.88999999999999,1.0,51.0,35.0,0.6862745098039216,0.05802232729166601,0.3155685815718802,6.318578876581579,0.2880799547133736,-0.09252354472444255,0.10439520227658068,2.6615523416399167,2.718538757135303,1.3175142686419885,-0.278888824391859,0.07218783787443916,0.0,0.7819656717578937,0.640569693144391,0.4486400594207657
80.09,1.0,47.0,39.0,0.8297872340425532,0.089737511071215,0.29631992775232957,5.296002336075968,0.14682818369167241,-0.12,0.1337643842733298,2.588341089091386,2.8241034010281076,1.4312190117807346,-0.14540026353243585,0.02042740538819654,0.0,0.4837259870753856,0.3390790857539894,0.38113679017290325
80.28999999999999,1.0,46.0,36.0,0.782608695652174,0.05020996749223913,0.28905778092819484,4.260886827516659,-0.027085334158710346,-0.039045610545869254,0.09359682161912297,2.689134511156762,2.914713256303198,1.5680598470570697,0.027085232746930643,-7.411837561388523e-05,0.0,0.6614017101407347,0.480988988247935,0.35409899420211255
80.53,1.0,42.0,34.0,0.8095238095238095,0.02709884984936109,0.30821288888556253,3.248688543932951,-0.03552793883977889,-0.03847212139169773,0.054441381518494855,2.694560034741522,3.0385220520283,1.7518941119835887,0.03494693496513568,0.006398919810845616,0.0,0.8441500465453952,0.6955556934302856,0.3566721271823561
80.69,1.0,43.0,43.0,1.0,0.023008111677655346,0.08890709189327088,4.43070022951634,0.0657607398494895,-0.023810563570179154,0.020434769857450425,2.595465377032002,3.089265487809355,1.8838706381153612,-0.06256419088894472,-0.02025331883825343,0.0,0.773797848311657,0.6095072245514662,0.3290444554133183
81.09,1.0,48.0,44.0,0.9166666666666666,0.016766284773267325,0.03668559009858597,2.2069990713191747,-0.1296411885333601,-0.09107209570302267,0.009605777320593383,2.6189134450957874,3.3344022316165987,2.1156075479552703,0.11087240386059571,0.06718740824377134,0.0,0.8471421734340595,0.7308493154563763,0.39838201562857944
81.13,1.0,48.0,45.0,0.9375,0.014121660952823925,0.03398817014920826,1.425646413268555,0.13506343281777025,-0.014176296467228226,0.009012393840818323,2.4803722754067246,3.2701283025913295,2.1204098232028197,-0.11517216549062903,-0.0705514222444843,0.0,0.5799319044352658,0.5025233880888251,0.30157891949787097
81.28999999999999,1.0,43.0,42.0,0.9767441860465116,0.016986790314705253,0.03728849824419719,2.5270292232420246,0.08027584898467657,0.007847604694319993,0.008083582841005075,2.4176047539329617,3.3237670086251607,2.1236821549173475,-0.06831575805753598,-0.04215648385758497,0.0,0.6996603194031266,0.5925136413885779,0.30342876727531093
81.38999999999999,0.0,43.0,42.0,0.9767441860465116,0.016986790314705253,0.03728849824419719,2.5270292232420246,nan,nan,nan,nan,nan,nan,-0.06831575805753598,-0.04215648385758497,0.0,0.6996603194031266,0.5925136413885779,0.30342876727531093
81.63,0.0,43.0,42.0,0.9767441860465116,0.016986790314705253,0.03728849824419719,2.5270292232420246,nan,nan,nan,nan,nan,nan,-0.06831575805753598,-0.04215648385758497,0.0,0.6996603194031266,0.5925136413885779,0.30342876727531093
81.85,1.0,39.0,22.0,0.5641025641025641,0.015656930978825482,0.0330279678618375,2.202899981962098,0.018556494407875646,0.025647057529494876,0.006730626144694587,2.3304327445969513,3.596193996783528,1.865804360189837,-0.017754850261781918,-0.005395255034864377,0.0,0.9110870792460655,0.7202891013707924,0.3469553621049952
82.09,1.0,37.0,21.0,0.5675675675675675,0.018173067862783006,0.03642179418606827,2.2873865149800583,-0.013173029288421642,0.05769097273237216,0.008342875635432078,2.340562145389552,3.7166246213114498,1.6828834887814832,0.013090366001326181,0.0014734376759597545,0.0,0.8893568331308123,0.5821622682364087,0.3165097780637038
82.33000000000001,1.0,38.0,22.0,0.5789473684210527,0.012835795083254498,0.030831887023014017,3.0806428061044073,0.04210895892579885,0.031636496057149716,0.00834109223505233,2.3159068167617987,3.837200830725195,1.5141156772502873,-0.04204133539055288,0.0023854853580886903,0.0,0.9126297618038021,0.5810457616721988,0.3196863247633301
82.55000000000001,0.0,41.0,18.0,0.43902439024390244,0.015938355521658436,0.03033790189124646,3.9414543867303466,nan,nan,nan,nan,nan,nan,-0.04204133539055288,0.0023854853580886903,0.0,0.9126297618038021,0.5810457616721988,0.3196863247633301
82.75,1.0,28.0,20.0,0.7142857142857143,0.24059879470454573,0.33676270976452527,12.289018145097929,-0.33999426491690976,0.12,0.24554655211661638,2.719464663718158,3.9737868481898015,1.318945282846421,0.3292684000349575,-0.0847255623457821,0.0,0.3314355223240204,0.07394316362937,0.33818982545601184
82.97,1.0,35.0,31.0,0.8857142857142857,0.20601604921818542,0.3038749749327436,9.82919526119675,-0.12372390332915315,0.12,0.2132530324417916,2.6681123342756377,4.108408092212733,1.2579041698791429,0.11771677509704936,-0.03808365943225933,0.0,0.5270050558993524,0.1781411027819467,0.4125856748648394
83.15,1.0,31.0,23.0,0.7419354838709677,0.11032215825096638,0.17802017362023143,10.891347023669482,0.14527053551761845,0.12,0.11575477625540986,2.515869138355139,4.262351689894712,1.2233062957848437,-0.13658777601478533,0.04947027322453845,0.0,0.6707184901475826,0.3610473479327342,0.29303777406457415
83.38999999999999,1.0,43.0,39.0,0.9069767441860465,0.08817583983083487,0.17373081636169554,9.283537681518412,0.04887709655002128,0.12,0.09829863958087372,2.5615573630410258,4.372874711460189,1.198878686012819,-0.04553547617160669,0.01776206567337102,0.0,0.7786723086332547,0.5175689540948903,0.3785102501210358
83.63,1.0,40.0,31.0,0.775,0.02229648662379771,0.051104078345916085,4.675933829682207,0.4346337341568657,-0.06744837981388584,0.019034075651419426,2.216969463715577,4.6390208617943385,1.1853410867142329,-0.4027435127219676,0.16341403191743087,0.0,0.9167146897657398,0.7690166258737842,0.35976845899774756
83.83000000000001,1.0,52.0,43.0,0.8269230769230769,0.01859972428532915,0.05422519387747626,3.944916727487618,0.03482906647554688,-0.07311604440483208,0.01569140086764692,2.2503651180616293,4.734597546398481,1.1828266025233887,-0.03224053683285266,0.01317617760534251,0.0,0.8697692147882079,0.6641264411823112,0.3503392816614458
84.05000000000001,1.0,48.0,48.0,1.0,0.017781226835691905,0.04089606023667862,2.4093454285301688,-0.03828736381235792,-0.07635059382426625,0.012764057563011423,2.3321806539947922,4.8169767908013155,1.1796141123598038,0.03539509612484304,-0.014598266952381422,0.0,0.8777179572743607,0.6508750583043,0.3485937019460538
84.25,1.0,51.0,51.0,1.0,0.015873301844099515,0.03652814603749611,2.0119684931860355,-0.04261785298914141,-0.08234552820790336,0.008916942324773764,2.4111942215541347,4.892509031870398,1.1795538918795838,0.03939747698127638,-0.016251775315757833,0.0,0.8491573558177294,0.6324414568051591,0.3405635511246673
84.44999999999999,1.0,41.0,41.0,1.0,0.014367062228758614,0.03420529369050484,1.8349236716529838,-0.01882932374236065,-0.07404941440310407,0.0077586984351347916,2.4640001364667294,4.980467389100618,1.1989830536503567,0.017542718041061,-0.006840795006901601,0.0,0.851898840167068,0.6266866282137716,0.3370487913169773
84.65,1.0,46.0,46.0,1.0,0.016864646389263053,0.037714338445353705,2.680230795666109,0.010831777254676399,-0.09025040336785262,0.00960183015540905,2.485502032869097,5.076414030061142,1.252577758735938,-0.010287960192523649,0.0033889930026447246,0.0,0.8614927444431297,0.6170470369788643,0.3355206782604501
84.88999999999999,1.0,45.0,39.0,0.8666666666666667,0.016540205438590243,0.03559671332597398,3.2438741595778695,0.017054474541781453,-0.12,0.010257372686160096,2.498308139759314,5.199207468349739,1.3576774393905247,-0.016668634040651664,0.0036071791077088022,0.0,0.922569755008769,0.636428708823863,0.34945332121600686
85.13,1.0,36.0,32.0,0.8888888888888888,0.06354601460972881,0.13082048084208156,4.7141491821849915,0.026591459876884157,-0.12,0.06309622998062527,2.4805420470000805,5.318771540512174,1.5134803775351529,-0.026547793790598906,0.001523280419285733,0.0,0.8903106064028137,0.521632996349902,0.35527938616231436
85.35,1.0,37.0,35.0,0.9459459459459459,0.016995503275464372,0.05743954002837403,3.869345055907442,-0.029748444292241726,-0.12,0.011361969628402253,2.4974689907618015,5.434592616625443,1.657840536006215,0.029635817995438796,0.0025861611608384294,0.0,0.9266505908582052,0.638386924405513,0.35065836490131425
85.59,1.0,36.0,32.0,0.8888888888888888,0.025315126081262455,0.0878868403690073,5.059660932568942,0.011084018864558029,-0.12,0.022775895638518135,2.4558168950254573,5.559457259109609,1.7921051058126667,-0.01081369072017857,-0.0024330160702721315,0.0,0.9173171859802707,0.640728382892164,0.3557201968306739
85.78999999999999,0.0,28.0,22.0,0.7857142857142857,0.021950684932472094,0.05517784432755018,5.615221968528452,nan,nan,nan,nan,nan,nan,-0.01081369072017857,-0.0024330160702721315,0.0,0.9173171859802707,0.640728382892164,0.3557201968306739
85.99000000000001,1.0,30.0,20.0,0.6666666666666666,0.019676998296042487,0.03363217931276307,4.438248007761635,-0.01437268662359731,-0.07866914736957469,0.009989767757265329,2.406536107721929,5.764120733434114,1.923167141368256,0.013489587457470975,0.004960357951537375,0.0,0.8942749217865259,0.6251620229046296,0.3016445796390818
86.19,0.0,30.0,20.0,0.6666666666666666,0.019676998296042487,0.03363217931276307,4.438248007761635,nan,nan,nan,nan,nan,nan,0.013489587457470975,0.004960357951537375,0.0,0.8942749217865259,0.6251620229046296,0.3016445796390818
86.63,0.0,32.0,7.0,0.21875,0.057100706699580436,0.07714675540662223,6.939227817368919,nan,nan,nan,nan,nan,nan,0.013489587457470975,0.004960357951537375,0.0,0.8942749217865259,0.6251620229046296,0.3016445796390818
86.72999999999999,1.0,38.0,16.0,0.42105263157894735,0.21966858128931627,0.34725711378489316,6.507500709595068,0.1949485961102912,-0.12,0.22075498506833352,2.070351659665114,6.066524296597961,2.001457183949333,-0.1771478513317204,-0.08138546488119491,0.0,0.3268644325716638,0.13448497798276293,0.3549651680803529
86.93,0.0,32.0,3.0,0.09375,0.1124619592607367,0.12344355094189018,7.701352464389075,nan,nan,nan,nan,nan,nan,-0.1771478513317204,-0.08138546488119491,0.0,0.3268644325716638,0.13448497798276293,0.3549651680803529
87.15,0.0,36.0,4.0,0.1111111111111111,0.15486825668428583,0.2022930753926713,18.41508827486955,nan,nan,nan,nan,nan,nan,-0.1771478513317204,-0.08138546488119491,0.0,0.3268644325716638,0.13448497798276293,0.3549651680803529
87.38999999999999,0.0,36.0,1.0,0.027777777777777776,0.323996880206276,0.323996880206276,0.3000310009494162,nan,nan,nan,nan,nan,nan,-0.1771478513317204,-0.08138546488119491,0.0,0.3268644325716638,0.13448497798276293,0.3549651680803529
87.63,0.0,41.0,0.0,0.0,nan,nan,nan,nan,nan,nan,nan,nan,nan,-0.1771478513317204,-0.08138546488119491,0.0,0.3268644325716638,0.13448497798276293,0.3549651680803529
87.83000000000001,0.0,39.0,0.0,0.0,nan,nan,nan,nan,nan,nan,nan,nan,nan,-0.1771478513317204,-0.08138546488119491,0.0,0.3268644325716638,0.13448497798276293,0.3549651680803529
88.05000000000001,0.0,44.0,5.0,0.11363636363636363,0.34608994294410106,0.3486107957265416,1.857610631770672,nan,nan,nan,nan,nan,nan,-0.1771478513317204,-0.08138546488119491,0.0,0.3268644325716638,0.13448497798276293,0.3549651680803529
88.28999999999999,1.0,46.0,35.0,0.7608695652173914,0.016514094182726154,0.03384542477047802,1.8726592712825787,-0.5744422106679219,0.029639988079517014,0.009214025624011314,2.401775328598486,7.090144326293331,1.997303613323684,0.5229815018682342,0.2376430139951422,0.0,0.9767838862674414,0.9264788678692908,0.6649791049916771
88.53,1.0,45.0,27.0,0.6,0.014068773092519327,0.02910504733248008,2.257051207119439,0.01918431897627457,0.04740918538154726,0.0073742209395440865,2.342834292694494,7.193330271795626,1.9263969737276996,-0.01798410079929358,-0.006679087738927336,0.0,0.8983771006979464,0.6681226611699885,0.4221496736463121
88.75,1.0,41.0,24.0,0.5853658536585366,0.014833096969035961,0.0372034981493159,2.925165383083804,0.05050950908523583,0.019052734187193568,0.006483333160580608,2.2759995448206807,7.29170621517634,1.8261071082618547,-0.048872236062785124,-0.012755980960118762,0.0,0.8884319097887929,0.5790529781697649,0.33930462198945494
89.03,0.0,41.0,18.0,0.43902439024390244,0.012744193260947416,0.028900623002753253,2.263820741282848,nan,nan,nan,nan,nan,nan,-0.048872236062785124,-0.012755980960118762,0.0,0.8884319097887929,0.5790529781697649,0.33930462198945494
89.22999999999999,1.0,38.0,15.0,0.39473684210526316,0.014667103432688882,0.039502328459030435,2.8811400962443634,-0.019063042231138742,0.04920272570808773,0.007474442153730448,2.310905384846685,7.528734093134162,1.5349335123567505,0.019050784660492592,-0.0006835078095521752,0.0,0.9352513794511756,0.5914397538571572,0.28599532244126835
89.44999999999999,1.0,32.0,11.0,0.34375,0.015864960425571797,0.028153403094839918,2.765351444230334,0.010526424238721443,0.031854479006088336,0.00761975149821628,2.329152292745143,7.649546765058926,1.4272561300247957,-0.010418168196901778,0.0015057817486638925,0.0,0.8290612605373777,0.4486790391900624,0.2144133488788131
89.69,0.0,26.0,3.0,0.11538461538461539,0.015143251619063512,0.021588060827308245,10.939331667041138,nan,nan,nan,nan,nan,nan,-0.010418168196901778,0.0015057817486638925,0.0,0.8290612605373777,0.4486790391900624,0.2144133488788131
89.88999999999999,0.0,31.0,1.0,0.03225806451612903,0.00715803304862827,0.00715803304862827,1.5815587252159247,nan,nan,nan,nan,nan,nan,-0.010418168196901778,0.0015057817486638925,0.0,0.8290612605373777,0.4486790391900624,0.2144133488788131
90.13,0.0,44.0,4.0,0.09090909090909091,0.02429067862762077,0.030221026504069052,8.536089553613664,nan,nan,nan,nan,nan,nan,-0.010418168196901778,0.0015057817486638925,0.0,0.8290612605373777,0.4486790391900624,0.2144133488788131
90.33000000000001,0.0,52.0,3.0,0.057692307692307696,0.014936373178668493,0.024729283777846053,13.558556512764255,nan,nan,nan,nan,nan,nan,-0.010418168196901778,0.0015057817486638925,0.0,0.8290612605373777,0.4486790391900624,0.2144133488788131
90.55000000000001,0.0,56.0,0.0,0.0,nan,nan,nan,nan,nan,nan,nan,nan,nan,-0.010418168196901778,0.0015057817486638925,0.0,0.8290612605373777,0.4486790391900624,0.2144133488788131
90.75,0.0,47.0,0.0,0.0,nan,nan,nan,nan,nan,nan,nan,nan,nan,-0.010418168196901778,0.0015057817486638925,0.0,0.8290612605373777,0.4486790391900624,0.2144133488788131
90.99000000000001,0.0,39.0,0.0,0.0,nan,nan,nan,nan,nan,nan,nan,nan,nan,-0.010418168196901778,0.0015057817486638925,0.0,0.8290612605373777,0.4486790391900624,0.2144133488788131
91.22999999999999,0.0,33.0,0.0,0.0,nan,nan,nan,nan,nan,nan,nan,nan,nan,-0.010418168196901778,0.0015057817486638925,0.0,0.8290612605373777,0.4486790391900624,0.2144133488788131
91.43,0.0,14.0,0.0,0.0,nan,nan,nan,nan,nan,nan,nan,nan,nan,-0.010418168196901778,0.0015057817486638925,0.0,0.8290612605373777,0.4486790391900624,0.2144133488788131
91.65,0.0,14.0,0.0,0.0,nan,nan,nan,nan,nan,nan,nan,nan,nan,-0.010418168196901778,0.0015057817486638925,0.0,0.8290612605373777,0.4486790391900624,0.2144133488788131
92.35,0.0,20.0,0.0,0.0,nan,nan,nan,nan,nan,nan,nan,nan,nan,-0.010418168196901778,0.0015057817486638925,0.0,0.8290612605373777,0.4486790391900624,0.2144133488788131
92.59,0.0,16.0,0.0,0.0,nan,nan,nan,nan,nan,nan,nan,nan,nan,-0.010418168196901778,0.0015057817486638925,0.0,0.8290612605373777,0.4486790391900624,0.2144133488788131
93.38999999999999,0.0,22.0,0.0,0.0,nan,nan,nan,nan,nan,nan,nan,nan,nan,-0.010418168196901778,0.0015057817486638925,0.0,0.8290612605373777,0.4486790391900624,0.2144133488788131
93.63,0.0,42.0,0.0,0.0,nan,nan,nan,nan,nan,nan,nan,nan,nan,-0.010418168196901778,0.0015057817486638925,0.0,0.8290612605373777,0.4486790391900624,0.2144133488788131
93.85,0.0,41.0,0.0,0.0,nan,nan,nan,nan,nan,nan,nan,nan,nan,-0.010418168196901778,0.0015057817486638925,0.0,0.8290612605373777,0.4486790391900624,0.2144133488788131
94.09,0.0,38.0,0.0,0.0,nan,nan,nan,nan,nan,nan,nan,nan,nan,-0.010418168196901778,0.0015057817486638925,0.0,0.8290612605373777,0.4486790391900624,0.2144133488788131
94.28999999999999,0.0,46.0,0.0,0.0,nan,nan,nan,nan,nan,nan,nan,nan,nan,-0.010418168196901778,0.0015057817486638925,0.0,0.8290612605373777,0.4486790391900624,0.2144133488788131
94.53,0.0,42.0,0.0,0.0,nan,nan,nan,nan,nan,nan,nan,nan,nan,-0.010418168196901778,0.0015057817486638925,0.0,0.8290612605373777,0.4486790391900624,0.2144133488788131
94.75,0.0,40.0,0.0,0.0,nan,nan,nan,nan,nan,nan,nan,nan,nan,-0.010418168196901778,0.0015057817486638925,0.0,0.8290612605373777,0.4486790391900624,0.2144133488788131
94.99000000000001,0.0,45.0,0.0,0.0,nan,nan,nan,nan,nan,nan,nan,nan,nan,-0.010418168196901778,0.0015057817486638925,0.0,0.8290612605373777,0.4486790391900624,0.2144133488788131
95.23000000000002,1.0,45.0,45.0,1.0,0.046410941448656345,0.10740584875945725,4.151211289807075,0.7602341582636571,-0.12,0.04948912296743787,1.3244258468031145,9.322950422329063,2.6757813531581025,-0.34145750849551826,-0.679236884512969,0.0,0.9957349927561919,0.9916415545710577,0.8286785175623138
95.45000000000002,1.0,43.0,43.0,1.0,0.12860051703162861,0.23250528199343792,5.294667771941308,0.04328757228323602,-0.12,0.13504355455190267,1.2064491548576748,9.317528566945208,2.8232643662132477,-0.013548112902137976,-0.04111280276224605,0.0,0.25339084617802804,0.6096062108670577,0.5031112229185394
95.69,0.0,40.0,40.0,1.0,0.16419684894407421,0.26287249066204715,6.868713062294243,nan,nan,nan,nan,nan,nan,-0.013548112902137976,-0.04111280276224605,0.0,0.25339084617802804,0.6096062108670577,0.5031112229185394
95.91,1.0,43.0,41.0,0.9534883720930233,0.046503020071522495,0.081272180676826,4.1023258871734125,-0.031963554242335164,-0.12,0.04619187543861186,0.9854408732740733,9.378113306744627,-3.1380081047434656,-0.00011457467612208116,0.03196334889285346,0.0,0.7957610688545106,0.9670464283729532,0.4703240082688686
96.09,0.0,43.0,41.0,0.9534883720930233,0.046503020071522495,0.081272180676826,4.1023258871734125,nan,nan,nan,nan,nan,nan,-0.00011457467612208116,0.03196334889285346,0.0,0.7957610688545106,0.9670464283729532,0.4703240082688686
96.33000000000001,1.0,29.0,29.0,1.0,0.013785026639473053,0.03412252453333482,2.843006103258935,-0.046163176388701654,-0.07207385080148465,0.008082431300604048,0.7459317663624001,9.38264612036284,-2.9495671691898186,-0.008810128674090145,0.04531468290786478,0.0,0.718436996234571,0.9562993113622833,0.4268847684107711
96.53,0.0,34.0,34.0,1.0,0.01619934102348192,0.03637455562189954,3.156098346512404,nan,nan,nan,nan,nan,nan,-0.008810128674090145,0.04531468290786478,0.0,0.718436996234571,0.9562993113622833,0.4268847684107711
96.75,1.0,37.0,37.0,1.0,0.014681529610537699,0.03990512409936959,2.454098232111716,-0.0420466629586632,-0.022470162965399137,0.008660212834043578,0.5330759607098552,9.371616734413198,-2.861394053974995,-0.01162785782910214,0.040406865608032305,0.0,0.7376431178261471,0.9473256919636616,0.4514272892627011
96.99000000000001,1.0,35.0,35.0,1.0,0.016310146279446342,0.04480194860725631,2.557588670591064,-0.012118829989688497,-0.013189077410321954,0.010593714210466296,0.41498178664487506,9.346890627783054,-2.8404152229178,-0.0035949884322341585,0.011573335668296991,0.0,0.6635138012341939,0.9137762273405741,0.39496940971259786
97.19,0.0,39.0,39.0,1.0,0.015233288997892726,0.038339326824639364,2.293177416919889,nan,nan,nan,nan,nan,nan,-0.0035949884322341585,0.011573335668296991,0.0,0.6635138012341939,0.9137762273405741,0.39496940971259786
97.43,1.0,36.0,36.0,1.0,0.01633434127370334,0.03331729937927697,2.1376814162088413,-0.019562019115011743,0.019860586488162642,0.008085787042645863,0.19520983674744077,9.302960548886727,-2.8237834194425138,-0.006112862090861537,0.01858239782466775,0.0,0.745601013125492,0.943961879796419,0.4331276031616206
97.65,0.0,33.0,33.0,1.0,0.015560411525983302,0.03773839009223925,2.2867465190712184,nan,nan,nan,nan,nan,nan,-0.006112862090861537,0.01858239782466775,0.0,0.745601013125492,0.943961879796419,0.4331276031616206
97.89000000000001,1.0,33.0,33.0,1.0,0.016215722875210812,0.03842669868903267,2.7362051527520355,0.010419657074428362,0.03829390201589759,0.009646518496901521,-0.02155281278360593,9.23401543190035,-2.868711378138425,0.002808172760460092,-0.010034112780713755,0.0,0.747778322957642,0.9470282309907752,0.45016043515976123
98.15,0.0,28.0,27.0,0.9642857142857143,0.01598779820585429,0.041716874001688733,2.306143946019476,nan,nan,nan,nan,nan,nan,0.002808172760460092,-0.010034112780713755,0.0,0.747778322957642,0.9470282309907752,0.45016043515976123
98.39000000000001,0.0,28.0,28.0,1.0,0.014269202460419078,0.03497866057596147,3.1817642804037547,nan,nan,nan,nan,nan,nan,0.002808172760460092,-0.010034112780713755,0.0,0.747778322957642,0.9470282309907752,0.45016043515976123
98.59,1.0,30.0,30.0,1.0,0.01699502021052903,0.03150415065526927,2.564824116414342,0.03797470085729145,-0.006668525912142099,0.008467145821335703,-0.3944422032046201,9.16619918197228,-3.045765825760316,0.0036334283283063207,-0.03780047756026228,0.0,0.7851017912883977,0.9741289277947044,0.49249716252844156
98.85,1.0,29.0,29.0,1.0,0.013186623347231766,0.031056336508361617,2.902654267185553,-0.012301776628100688,0.010037774337742101,0.007576889503269594,-0.537658908456222,9.17539089863045,-3.074832164450583,-0.0008206626973056297,0.012274372527544486,0.0,0.6358394478203837,0.9547095753484177,0.4025228062591948
99.09,1.0,32.0,27.0,0.84375,0.013898025100695805,0.03875846046700107,3.001742229877051,0.03453474363384548,-0.0240425047120497,0.009949018397366682,-0.66523915806786,9.139980604571806,-3.0928373276306136,0.0016830856924187065,-0.03449370580855948,0.0,0.5950118791604248,0.9358502121556098,0.3526153618910244
99.29000000000002,0.0,31.0,26.0,0.8387096774193549,0.015388969890226676,0.032006197035146386,2.8377834155824164,nan,nan,nan,nan,nan,nan,0.0016830856924187065,-0.03449370580855948,0.0,0.5950118791604248,0.9358502121556098,0.3526153618910244
99.53,1.0,67.0,54.0,0.8059701492537313,0.06095999656424147,0.19220217372681403,10.038425524248737,-0.16962972015877384,0.12,0.07243982775910525,-0.9160302002717238,9.315147821745008,-3.108531496681391,-0.005607133193989089,0.16953702255993797,0.0,0.5600052352846318,0.9415724152200629,0.44034713187210284
99.95000000000002,1.0,54.0,40.0,0.7407407407407407,0.16195831446110653,0.3292720456131786,9.788933357447275,-0.035914232731789425,0.12,0.17324160741647557,-1.1286880918732944,9.341351988053217,-3.119980663960557,-0.0007761176041267692,0.03590584568252986,0.0,0.19438574681942833,0.4981781627113685,0.4419089789049132
100.05000000000001,1.0,48.0,43.0,0.8958333333333334,0.05748413664152166,0.1470702497694852,11.30421302067505,0.10367968834614792,0.12,0.06299287528865773,-1.1749842739493275,9.218915975503915,-3.1221245019879937,0.0020183243912854643,-0.10366004120299088,0.0,0.6331500822533167,0.8521537212045166,0.3443142693623052
100.29000000000002,1.0,43.0,36.0,0.8372093023255814,0.062473712447795676,0.17441221314990035,5.637137157072276,0.037086033118137574,0.12,0.07332406201026341,-1.2959505318422513,9.198497725833734,-3.1218039946575677,0.00073383496447188,-0.037078772076277744,0.0,0.48689373912989475,0.8901419772350175,0.35315629382981506
100.53,1.0,38.0,28.0,0.7368421052631579,0.02603848963116514,0.052543710806699534,5.363790220806454,0.5997207476817594,0.032037864083109255,0.02456238747759862,-1.401887286706033,8.603028412044136,-3.1225151034540555,0.011440508634120716,-0.5996116159333145,0.0,0.6532340785341832,0.9479932681894696,0.3268487254316033
100.75,1.0,35.0,21.0,0.6,0.02343285282561321,0.042921330195394194,4.469001691059796,0.30111446506573586,-0.022235757887682818,0.01619912704149283,-1.5084393610318594,8.331761927016483,-3.1201235645619367,0.006464156652931541,-0.30104507262300473,0.0,0.5202844024820731,0.9121297782384521,0.26817595717640674
100.99000000000001,1.0,26.0,22.0,0.8461538461538461,0.018265002046037673,0.033762761001745176,3.096664491167503,-0.012947346280536603,-0.0565391499420168,0.011555561843617371,-1.6316747510516132,8.370765554649639,-3.1033130373192153,-0.0004954984152825137,0.012937861377700699,0.0,0.5563808070835541,0.9200630290675318,0.29552170243789616
101.19,1.0,18.0,16.0,0.8888888888888888,0.01510379871519043,0.03812189017943788,5.95418143204378,-0.02933575071114588,-0.06589314936309797,0.008519584174760104,-1.7320953359101283,8.391271156159535,-3.0578422778146694,-0.002454009008558078,0.029232928515158463,0.0,0.45608020047759545,0.8640529134538742,0.23011006247659904
101.45000000000002,1.0,22.0,22.0,1.0,0.01898375394232425,0.04065998447351733,5.407066370618774,-0.039997041302033375,-0.06794037856058527,0.011831766364036014,-1.8667280106942596,8.399482505929214,-2.9466910060071285,-0.007746228813453326,0.03923976620835212,0.0,0.591214150656566,0.9296679644381375,0.31811189776955595
101.93,0.0,36.0,2.0,0.05555555555555555,0.07442091109476678,0.08196965615873693,2.4356616077491204,nan,nan,nan,nan,nan,nan,-0.007746228813453326,0.03923976620835212,0.0,0.591214150656566,0.9296679644381375,0.31811189776955595
102.15,0.0,39.0,0.0,0.0,nan,nan,nan,nan,nan,nan,nan,nan,nan,-0.007746228813453326,0.03923976620835212,0.0,0.591214150656566,0.9296679644381375,0.31811189776955595
102.39000000000001,0.0,41.0,0.0,0.0,nan,nan,nan,nan,nan,nan,nan,nan,nan,-0.007746228813453326,0.03923976620835212,0.0,0.591214150656566,0.9296679644381375,0.31811189776955595
102.59,0.0,53.0,0.0,0.0,nan,nan,nan,nan,nan,nan,nan,nan,nan,-0.007746228813453326,0.03923976620835212,0.0,0.591214150656566,0.9296679644381375,0.31811189776955595
102.83000000000001,0.0,45.0,0.0,0.0,nan,nan,nan,nan,nan,nan,nan,nan,nan,-0.007746228813453326,0.03923976620835212,0.0,0.591214150656566,0.9296679644381375,0.31811189776955595
103.03,0.0,52.0,0.0,0.0,nan,nan,nan,nan,nan,nan,nan,nan,nan,-0.007746228813453326,0.03923976620835212,0.0,0.591214150656566,0.9296679644381375,0.31811189776955595
103.23000000000002,0.0,48.0,0.0,0.0,nan,nan,nan,nan,nan,nan,nan,nan,nan,-0.007746228813453326,0.03923976620835212,0.0,0.591214150656566,0.9296679644381375,0.31811189776955595
103.45000000000002,0.0,44.0,0.0,0.0,nan,nan,nan,nan,nan,nan,nan,nan,nan,-0.007746228813453326,0.03923976620835212,0.0,0.591214150656566,0.9296679644381375,0.31811189776955595
103.69,0.0,45.0,0.0,0.0,nan,nan,nan,nan,nan,nan,nan,nan,nan,-0.007746228813453326,0.03923976620835212,0.0,0.591214150656566,0.9296679644381375,0.31811189776955595
103.89000000000001,0.0,34.0,0.0,0.0,nan,nan,nan,nan,nan,nan,nan,nan,nan,-0.007746228813453326,0.03923976620835212,0.0,0.591214150656566,0.9296679644381375,0.31811189776955595
104.13,0.0,32.0,0.0,0.0,nan,nan,nan,nan,nan,nan,nan,nan,nan,-0.007746228813453326,0.03923976620835212,0.0,0.591214150656566,0.9296679644381375,0.31811189776955595
104.35,0.0,29.0,0.0,0.0,nan,nan,nan,nan,nan,nan,nan,nan,nan,-0.007746228813453326,0.03923976620835212,0.0,0.591214150656566,0.9296679644381375,0.31811189776955595
104.55000000000001,0.0,35.0,0.0,0.0,nan,nan,nan,nan,nan,nan,nan,nan,nan,-0.007746228813453326,0.03923976620835212,0.0,0.591214150656566,0.9296679644381375,0.31811189776955595
104.79000000000002,0.0,45.0,0.0,0.0,nan,nan,nan,nan,nan,nan,nan,nan,nan,-0.007746228813453326,0.03923976620835212,0.0,0.591214150656566,0.9296679644381375,0.31811189776955595
105.05000000000001,0.0,43.0,0.0,0.0,nan,nan,nan,nan,nan,nan,nan,nan,nan,-0.007746228813453326,0.03923976620835212,0.0,0.591214150656566,0.9296679644381375,0.31811189776955595
105.29000000000002,0.0,39.0,0.0,0.0,nan,nan,nan,nan,nan,nan,nan,nan,nan,-0.007746228813453326,0.03923976620835212,0.0,0.591214150656566,0.9296679644381375,0.31811189776955595
105.49000000000001,0.0,42.0,0.0,0.0,nan,nan,nan,nan,nan,nan,nan,nan,nan,-0.007746228813453326,0.03923976620835212,0.0,0.591214150656566,0.9296679644381375,0.31811189776955595
105.73000000000002,0.0,46.0,0.0,0.0,nan,nan,nan,nan,nan,nan,nan,nan,nan,-0.007746228813453326,0.03923976620835212,0.0,0.591214150656566,0.9296679644381375,0.31811189776955595
105.93,0.0,36.0,0.0,0.0,nan,nan,nan,nan,nan,nan,nan,nan,nan,-0.007746228813453326,0.03923976620835212,0.0,0.591214150656566,0.9296679644381375,0.31811189776955595
106.13,1.0,51.0,9.0,0.17647058823529413,0.05763551637339697,0.11271019696239416,10.342986874158555,-0.14832913320931745,0.12,0.0654126444944483,-1.9426262325734602,6.380382645104539,-0.6043877046901982,-0.0842892693099202,-0.1220526560048043,0.0,0.9733497108437933,0.9467462478883948,0.534650714975298
106.35,0.0,45.0,0.0,0.0,nan,nan,nan,nan,nan,nan,nan,nan,nan,-0.0842892693099202,-0.1220526560048043,0.0,0.9733497108437933,0.9467462478883948,0.534650714975298
106.55000000000001,1.0,59.0,21.0,0.3559322033898305,0.07443173930654312,0.18767759150696897,12.920062155821892,0.038424093470839166,0.12,0.08434423268010806,-1.7449425398759044,6.305758420379745,-0.5436913871724047,0.019876730388695307,0.03288353004333455,0.0,0.7063690410600076,0.8001439831780056,0.5943926506234142
106.79000000000002,0.0,58.0,27.0,0.46551724137931033,0.0640473654732143,0.22173420844989272,10.395898087614299,nan,nan,nan,nan,nan,nan,0.019876730388695307,0.03288353004333455,0.0,0.7063690410600076,0.8001439831780056,0.5943926506234142
107.03,1.0,55.0,34.0,0.6181818181818182,0.21397508691512718,0.33010792351976037,13.195252669105258,-0.19336975864858957,0.12,0.22468242865900698,-1.5848158449106973,6.029637339103587,-0.3069327179830076,-0.05842399060723591,-0.18433258225647275,0.0,0.2633056200009112,0.5797975715968529,0.566327538061561
107.25,1.0,57.0,42.0,0.7368421052631579,0.14393130669303605,0.24088137904916354,10.582767702413646,0.34343312818096333,0.12,0.1587497126348414,-1.394043625320897,6.421942054088994,-0.1877635160729868,0.06410597906807736,0.33739700203156087,0.0,0.36684751910580915,0.6990507198351142,0.4287664583650168
107.49000000000001,1.0,46.0,36.0,0.782608695652174,0.1794371439898818,0.27598053217118,10.954136437739137,-0.037003535707221355,0.12,0.19274803162544374,-1.2844736327899813,6.283290539692889,-0.08773744929773568,-0.0032424321341417706,-0.03686120302826623,0.0,0.24100519054116276,0.5915373152237583,0.3866591157729128
107.73000000000002,1.0,29.0,28.0,0.9655172413793104,0.020494876711455053,0.04413747838733018,6.708725659326252,0.683756482812424,0.005085871145672814,0.018680226618814348,-1.1218142732384337,6.9770786443578245,-0.05985555995904565,0.04090219364193182,0.6825320053618693,0.0,0.802401530088025,0.9582383487773829,0.3398024211921427
107.93,1.0,23.0,20.0,0.8695652173913043,0.017462038039711105,0.03877732310445431,2.5702086994582047,0.1657661872931989,0.011400980483333238,0.010680850705656124,-1.0079351635922984,7.106588085754732,-0.08992850718572526,0.014887021255222121,0.16509635201260675,0.0,0.5327357274084261,0.8849914994394745,0.25800579017753217
108.15,0.0,17.0,7.0,0.4117647058823529,0.019446702329967723,0.03480436546758182,10.970835849053323,nan,nan,nan,nan,nan,nan,0.014887021255222121,0.16509635201260675,0.0,0.5327357274084261,0.8849914994394745,0.25800579017753217
108.59,0.0,29.0,26.0,0.896551724137931,0.015864438533357863,0.037445420147897035,2.481812615379999,nan,nan,nan,nan,nan,nan,0.014887021255222121,0.16509635201260675,0.0,0.5327357274084261,0.8849914994394745,0.25800579017753217
108.83000000000001,1.0,38.0,38.0,1.0,0.01609072706206903,0.03773666196044577,3.586256107711642,0.05843109788061889,0.07318456197439326,0.00996918430093634,-0.5800003560690489,6.931503138144305,-0.6739543808681635,0.03646571772936569,0.04565571848100358,0.0,0.8908457610889835,0.9657013680198242,0.5380521511347544
109.09,1.0,40.0,40.0,1.0,0.016056937867184744,0.035664359892866,2.6578624561288184,0.017152590810839065,0.12,0.012179973471820083,-0.5035177116629397,6.841242442015894,-0.9209841968101637,0.013656849594133602,0.010377949252491803,0.0,0.8263786278190702,0.7733151141406368,0.4304298695440163
109.29000000000002,0.0,22.0,21.0,0.9545454545454546,0.014232375595943161,0.033068455334145506,2.604774674145882,nan,nan,nan,nan,nan,nan,0.013656849594133602,0.010377949252491803,0.0,0.8263786278190702,0.7733151141406368,0.4304298695440163
109.49000000000001,1.0,31.0,31.0,1.0,0.012677980151344977,0.03463754940683397,2.1444316997787394,-0.028548136318254,0.02664715357686558,0.008454236300806895,-0.4607517746192014,6.634866501898555,-1.2219625793777102,-0.026828738575095656,-0.009757810907923492,0.0,0.90904417150055,0.7488436099287338,0.4257084910020321
109.69,1.0,38.0,38.0,1.0,0.015230158809538982,0.03614867543333294,2.5751666112633953,0.021074630945034825,-0.020369236045806073,0.009215606252162103,-0.4195260306206175,6.545410106134641,-1.3210629301276506,0.02042086103559765,0.00520850305118703,0.0,0.9018415036119278,0.6352689159220098,0.3778233249049202
109.93,0.0,36.0,36.0,1.0,0.017596865111674895,0.03803302610319415,1.285535425143177,nan,nan,nan,nan,nan,nan,0.02042086103559765,0.00520850305118703,0.0,0.9018415036119278,0.6352689159220098,0.3778233249049202
110.13,0.0,35.0,35.0,1.0,0.016785476862913744,0.03642156683586576,1.8129884832795866,nan,nan,nan,nan,nan,nan,0.02042086103559765,0.00520850305118703,0.0,0.9018415036119278,0.6352689159220098,0.3778233249049202
110.35,0.0,28.0,28.0,1.0,0.014705497808045299,0.034466529036852205,2.0670004464022833,nan,nan,nan,nan,nan,nan,0.02042086103559765,0.00520850305118703,0.0,0.9018415036119278,0.6352689159220098,0.3778233249049202
110.55000000000001,1.0,32.0,32.0,1.0,0.016484078735177987,0.034775385764995746,1.7877662432062347,-0.025360140519875667,-0.058617689038010054,0.008321706151988394,-0.33407072361960777,6.110249192792007,-1.2128413541756968,-0.023752695027757675,-0.008885167759033585,0.0,0.9701103854214245,0.8231540531801507,0.5230098593143637
110.79000000000002,1.0,27.0,27.0,1.0,0.015288520023035124,0.03400133438425761,3.2868989187591513,0.012568640093419303,-0.07138867884299518,0.009911645846089468,-0.2700637795104586,5.993292922983512,-1.1403748365166297,0.011422253952247274,0.005244313915878429,0.0,0.876265171060554,0.6640531490730792,0.37921330185546026
111.03,1.0,30.0,26.0,0.8666666666666667,0.013078386830392686,0.02978363331290695,2.9339244494931664,-0.014682702373384116,-0.05281063343913363,0.008876708348498059,-0.2254943868296123,5.871166666031115,-1.0914359285208661,-0.013027816399686615,-0.006771834968561485,0.0,0.8684456359815145,0.6698669863493785,0.34591251863794087
111.25,1.0,35.0,26.0,0.7428571428571429,0.021897880241004045,0.10159263126982478,3.879387436189976,0.0349814116102766,-0.08566543638749935,0.026067045638989532,-0.13654561713799102,5.777704381603056,-1.0615674842221687,0.03054299492848897,0.017053580827670167,0.0,0.844971428277944,0.6557965438473128,0.3315121199318123
111.49000000000001,1.0,49.0,39.0,0.7959183673469388,0.014591901400469598,0.030847344519087466,1.6968208260796678,-0.03839044453086115,-0.03278567994195496,0.008061849831011627,-0.11383462802051186,5.652350994058685,-1.0404658886608524,-0.033117132145627934,-0.019418593917329474,0.0,0.8664511298912383,0.7136706880258578,0.37871511096959676
111.73000000000002,1.0,81.0,80.0,0.9876543209876543,0.03470772343954993,0.11415563101069208,5.494204312366212,0.03886698377100744,-0.07567540091765332,0.03700652292040756,-0.020179071701125553,5.568391808664428,-1.0320909154515654,0.03336239111164123,0.01993974139174437,0.0,0.8625016380602132,0.7029866205570463,0.367252099593802
111.95000000000002,1.0,65.0,50.0,0.7692307692307693,0.02993612563116614,0.09182981991275666,4.115348021467151,-0.027110465008173785,-0.04669695455994828,0.029680860867227654,0.009078163805563332,5.45611428547595,-1.02819039675742,-0.023216479614079827,-0.013999013796993864,0.0,0.8504218427853214,0.6929077665766729,0.3557154771889648
112.19,1.0,50.0,50.0,1.0,0.028831689449319645,0.09961856790781982,8.799397426955018,-0.040093152059668145,-0.013964153551378611,0.03258443994589084,0.028078190460364687,5.34322971588212,-1.0295929152959569,-0.03436341336893973,-0.02065470076556508,0.0,0.8560687252646625,0.7039058151976334,0.3579302847639409
112.43,0.0,52.0,48.0,0.9230769230769231,0.029759533473296823,0.07017070086015477,6.118430680954929,nan,nan,nan,nan,nan,nan,-0.03436341336893973,-0.02065470076556508,0.0,0.8560687252646625,0.7039058151976334,0.3579302847639409
112.65,1.0,46.0,41.0,0.8913043478260869,0.027042844700661487,0.07787781861571925,8.561218256322107,-0.024757750517126205,0.02694232331958125,0.029136868472867887,0.12466265642106625,5.12280178449473,-1.0356191421129108,-0.021296079250276045,-0.012626290794774953,0.0,0.905843104287842,0.7895147382792765,0.4266171185550253
112.85,1.0,30.0,27.0,0.9,0.026480656025369646,0.0762368933873389,10.02913216982133,-0.04613904243699168,0.07012323500181733,0.027051393530609067,0.12747431453943936,5.0113984292829326,-1.0768436119947102,-0.040623845255639446,-0.021874972769088785,0.0,0.8210796795405898,0.6428286543122708,0.3340073024776452
113.05000000000001,1.0,31.0,22.0,0.7096774193548387,0.02350217857495557,0.04662878836243678,5.157165715502928,-0.07454621374111954,-0.06424902425532442,0.012954739638415272,0.09726476451080773,4.890259279762638,-1.1566933103597545,-0.06824538937000824,-0.029995079811072856,0.0,0.8141868816365627,0.571585362705987,0.27929928819788
113.29000000000002,1.0,32.0,29.0,0.90625,0.03292727485991703,0.06558976244077401,7.783858593897393,0.06425848888473025,0.047013263440902044,0.033009363391882006,0.19396912567785174,4.792439142492243,-1.2908293531996782,0.06175655665600374,0.017756156784135335,0.0,0.9096085893342407,0.6468506068881933,0.3551420876093483
113.53,1.0,23.0,23.0,1.0,0.019998903276252634,0.041378430256900064,4.571700587069213,-0.2086831494671767,-0.011975523592037374,0.012922932072916647,-0.012785209144837106,4.648972405112763,-1.4606456355650663,-0.20741843443113334,-0.022940137961173335,0.0,0.9265941276704633,0.5719112760661687,0.2990295582044125
113.73000000000002,0.0,17.0,17.0,1.0,0.018070265236538277,0.03725492916264037,6.4389675930701875,nan,nan,nan,nan,nan,nan,-0.20741843443113334,-0.022940137961173335,0.0,0.9265941276704633,0.5719112760661687,0.2990295582044125
114.19,1.0,12.0,12.0,1.0,0.01835322593085364,0.034998200071555255,7.947094511200473,0.03493000063643353,0.03291909159762718,0.009669736905523564,-0.08952937663871835,4.337208507940804,-2.0324586668429685,0.0312732929890496,-0.0155591159801034,0.0,0.9190634059871126,0.6562875196687775,0.2663709388628113
114.43,1.0,22.0,22.0,1.0,0.015989382401212733,0.036912551654224995,2.1272943154615915,-0.10541897022364943,0.12,0.013508578959118092,-0.25638478528113134,4.320411067439374,-2.2578784574068242,-0.08149941236767438,0.06686557460112397,0.0,0.8322761984354032,0.7671970776026749,0.3850336778046781
114.65,1.0,40.0,39.0,0.975,0.011736780079540557,0.02859120623340518,2.1510453382060333,0.06154140291281898,0.07968249745775356,0.006182247915713388,-0.30734370860130644,4.213091474956025,-2.4719144296832947,0.03820082518377366,-0.04824977956174159,0.0,0.7688855949193215,0.8221009953413422,0.42665740376216144
114.89000000000001,1.0,50.0,45.0,0.9,0.04326203206448436,0.24763987942551305,3.8841622358237107,-0.0637294327040231,0.12,0.055185864506605585,-0.45088757789272743,4.232375989014112,-2.685800513590595,-0.028052021743622646,0.05722346257324773,0.0,0.6578563148870558,0.8491943591963163,0.3857279837371474
115.15,1.0,50.0,45.0,0.9,0.08774062069172164,0.12481749026791955,4.738789734356766,-0.079530332722298,0.12,0.09250717250685274,-0.6079755184546302,4.273631591418742,-2.8553603917270927,-0.0224545775974887,0.07629459854955556,0.0,0.3904119657837905,0.8057343906644026,0.37660431947182943
115.39000000000001,1.0,34.0,28.0,0.8235294117647058,0.013858836675952646,0.028045927200064772,1.666306003455751,0.13169352503009374,0.07275589551555935,0.008460174551284292,-0.7123688071174027,4.121273985973673,-2.9581409136187973,0.024024121869286597,-0.129483690491357,0.0,0.6733681734005842,0.921383461234226,0.3358589428033439
115.63,0.0,26.0,20.0,0.7692307692307693,0.014345729262489015,0.022793943239582823,3.1993434565581396,nan,nan,nan,nan,nan,nan,0.024024121869286597,-0.129483690491357,0.0,0.6733681734005842,0.921383461234226,0.3358589428033439
115.83000000000001,1.0,31.0,18.0,0.5806451612903226,0.013617481418447161,0.026938088474172405,2.968540663611325,0.026631859398278595,-0.03116040127514778,0.009210975426831617,-0.9558019678077766,4.099605971247814,-3.0571614068302257,0.0022458905158667664,-0.02653699136677723,0.0,0.6123679664230859,0.9337616448894297,0.2973925771298096
116.03,1.0,29.0,12.0,0.41379310344827586,0.013774864153295712,0.02798117634147688,2.39015833900104,0.02426360617673118,-0.07019218840840064,0.007470827438269973,-1.0634339241505377,4.075687460823661,-3.079993775630352,0.001493665897678964,-0.024217587552967323,0.0,0.4266746538389258,0.8135724384235401,0.20700641568706343
116.25,1.0,39.0,9.0,0.23076923076923078,0.0153375529970816,0.027125734163620435,11.150313700678826,-0.04855536595685127,-0.009327838045433828,0.007831835407048243,-1.1843917158197341,4.127888270757051,-3.098100567625477,-0.002111108454726285,0.04850945046376154,0.0,0.3654073168666379,0.805132313766279,0.17153763625403468
116.49000000000001,1.0,62.0,30.0,0.4838709677419355,0.23741888869413952,0.3440222584168074,7.267242917115801,-0.23550230737717184,0.12,0.247856013618078,-1.3119898516869777,4.360820536149746,-3.11468820608521,-0.006335295101671967,0.23541707842878878,0.0,0.08195082966736901,0.38180310148903457,0.4320365662301921
116.69,0.0,14.0,0.0,0.0,nan,nan,nan,nan,nan,nan,nan,nan,nan,-0.006335295101671967,0.23541707842878878,0.0,0.08195082966736901,0.38180310148903457,0.4320365662301921
116.93,0.0,50.0,0.0,0.0,nan,nan,nan,nan,nan,nan,nan,nan,nan,-0.006335295101671967,0.23541707842878878,0.0,0.08195082966736901,0.38180310148903457,0.4320365662301921
117.15,0.0,33.0,0.0,0.0,nan,nan,nan,nan,nan,nan,nan,nan,nan,-0.006335295101671967,0.23541707842878878,0.0,0.08195082966736901,0.38180310148903457,0.4320365662301921
117.39000000000001,0.0,34.0,0.0,0.0,nan,nan,nan,nan,nan,nan,nan,nan,nan,-0.006335295101671967,0.23541707842878878,0.0,0.08195082966736901,0.38180310148903457,0.4320365662301921
117.59,0.0,33.0,0.0,0.0,nan,nan,nan,nan,nan,nan,nan,nan,nan,-0.006335295101671967,0.23541707842878878,0.0,0.08195082966736901,0.38180310148903457,0.4320365662301921
117.83000000000001,0.0,19.0,0.0,0.0,nan,nan,nan,nan,nan,nan,nan,nan,nan,-0.006335295101671967,0.23541707842878878,0.0,0.08195082966736901,0.38180310148903457,0.4320365662301921
118.09,0.0,27.0,0.0,0.0,nan,nan,nan,nan,nan,nan,nan,nan,nan,-0.006335295101671967,0.23541707842878878,0.0,0.08195082966736901,0.38180310148903457,0.4320365662301921
118.29000000000002,0.0,14.0,4.0,0.2857142857142857,0.3394434424999947,0.3487696910710186,7.246375652812774,nan,nan,nan,nan,nan,nan,-0.006335295101671967,0.23541707842878878,0.0,0.08195082966736901,0.38180310148903457,0.4320365662301921
118.75,1.0,31.0,13.0,0.41935483870967744,0.02171934664419511,0.03865807432263154,3.7506415140754754,0.6489112880664152,-0.12,0.017635526287857434,-1.9959358919594035,3.556691598958188,-2.4813029454777795,0.3980069439331664,-0.5125195921728216,0.0,0.8775722597787878,0.9793981558160795,0.4844398003466474
118.99000000000001,0.0,23.0,1.0,0.043478260869565216,0.08138891497550832,0.08138891497550832,11.672329069728985,nan,nan,nan,nan,nan,nan,0.3980069439331664,-0.5125195921728216,0.0,0.8775722597787878,0.9793981558160795,0.4844398003466474
119.19,0.0,31.0,0.0,0.0,nan,nan,nan,nan,nan,nan,nan,nan,nan,0.3980069439331664,-0.5125195921728216,0.0,0.8775722597787878,0.9793981558160795,0.4844398003466474
119.39000000000001,0.0,29.0,0.0,0.0,nan,nan,nan,nan,nan,nan,nan,nan,nan,0.3980069439331664,-0.5125195921728216,0.0,0.8775722597787878,0.9793981558160795,0.4844398003466474
119.63,0.0,27.0,0.0,0.0,nan,nan,nan,nan,nan,nan,nan,nan,nan,0.3980069439331664,-0.5125195921728216,0.0,0.8775722597787878,0.9793981558160795,0.4844398003466474
119.83000000000001,0.0,23.0,0.0,0.0,nan,nan,nan,nan,nan,nan,nan,nan,nan,0.3980069439331664,-0.5125195921728216,0.0,0.8775722597787878,0.9793981558160795,0.4844398003466474
120.05000000000001,0.0,22.0,0.0,0.0,nan,nan,nan,nan,nan,nan,nan,nan,nan,0.3980069439331664,-0.5125195921728216,0.0,0.8775722597787878,0.9793981558160795,0.4844398003466474
120.29000000000002,0.0,21.0,0.0,0.0,nan,nan,nan,nan,nan,nan,nan,nan,nan,0.3980069439331664,-0.5125195921728216,0.0,0.8775722597787878,0.9793981558160795,0.4844398003466474
120.49000000000001,0.0,12.0,0.0,0.0,nan,nan,nan,nan,nan,nan,nan,nan,nan,0.3980069439331664,-0.5125195921728216,0.0,0.8775722597787878,0.9793981558160795,0.4844398003466474
120.93,0.0,20.0,1.0,0.05,0.3034781333220141,0.3034781333220141,9.535467914810487,nan,nan,nan,nan,nan,nan,0.3980069439331664,-0.5125195921728216,0.0,0.8775722597787878,0.9793981558160795,0.4844398003466474
121.13,1.0,62.0,25.0,0.4032258064516129,0.1584261709609436,0.34501764801437496,12.402163348214215,-0.31477950077026984,0.12,0.20379763632340814,-2.247451015254377,2.265327464204286,-0.8142254345177558,-0.22890580532082838,-0.21607467782135714,0.0,0.8377377205234678,0.591260665954253,0.7058637124049605
121.39000000000001,1.0,82.0,41.0,0.5,0.1348735200187616,0.3397661649898276,12.777957123503626,-0.14872672167268106,0.12,0.17496168133716805,-2.1826795820571583,2.1617420913238874,-0.5778849383157795,-0.08124249853670618,-0.12457645913661386,0.0,0.6474228994497828,0.6580538812087985,0.5281153144330817
121.63,1.0,85.0,78.0,0.9176470588235294,0.07875144341581201,0.19547021825370897,6.528038080162051,0.7246178733973343,-0.12,0.08494011898949758,-1.7900871458486642,2.8325997746753027,-0.3678653589093177,0.26059028630410297,0.67613886527164,0.0,0.766236806759036,0.8635950947287648,0.42168992064282435
121.89000000000001,0.0,54.0,51.0,0.9444444444444444,0.04062476331316779,0.09611328066165059,8.256865295904587,nan,nan,nan,nan,nan,nan,0.26059028630410297,0.67613886527164,0.0,0.766236806759036,0.8635950947287648,0.42168992064282435
122.09,1.0,45.0,38.0,0.8444444444444444,0.02324732778260848,0.05446538723871677,4.71346325815877,0.06369589633893818,-0.087648020781933,0.020595567766516977,-1.5903284291034465,2.7865261425456387,-0.09172533146811884,0.005834337931394984,0.06342813028399163,0.0,0.8126996639076665,0.9624252330638053,0.44672649323411406
122.33000000000001,0.0,34.0,30.0,0.8823529411764706,0.022048216097396166,0.04782994312877127,7.0723183207330695,nan,nan,nan,nan,nan,nan,0.005834337931394984,0.06342813028399163,0.0,0.8126996639076665,0.9624252330638053,0.44672649323411406
122.53,1.0,33.0,29.0,0.8787878787878788,0.022607031565738334,0.05585635674361883,6.813957180845674,-0.04098691010123532,-0.0963263948012329,0.0180082885146481,-1.3646958387641976,2.7295260326830046,-0.0712135012366967,-0.0029163549316750803,-0.04088302427119661,1.3877787807814457e-17,0.716545674171251,0.9531699920144936,0.42481413896619086
122.75,1.0,22.0,20.0,0.9090909090909091,0.018345926228133892,0.03373116971517293,4.937102587007233,0.02932144021670143,-0.03809671521670328,0.009823903100079384,-1.2514835062293463,2.7326834772906015,-0.1438135825168816,0.004202300759493793,0.02901874436822416,0.0,0.5220950969171083,0.8825258623284012,0.28990829841047117
123.59,1.0,24.0,17.0,0.7083333333333334,0.010653754257038852,0.02708902847822277,6.360339425540065,0.04357470015594696,-0.005266938670798615,0.00546306818334985,-0.8797965586712746,2.5310305241826745,-0.7562466761268188,0.029900787328729916,0.03169696216994211,0.0,0.7952916552662038,0.9095908419746599,0.3818614121351608
123.83000000000001,1.0,19.0,19.0,1.0,0.018461207848351105,0.03592493533453287,6.440867237254555,0.02009646890333725,0.01640709166673412,0.011368836293510529,-0.8109081917025162,2.4378744009227957,-0.9810679532583134,0.016702009928134753,0.011176355700463603,0.0,0.8098946332931463,0.7077471462260838,0.35305454499381983
124.05000000000001,1.0,24.0,24.0,1.0,0.02009879430277659,0.038717513793984984,9.153956806753387,0.013741336861744186,0.02450684860340105,0.015109839844551508,-0.7713016804924672,2.3355350132342454,-1.1794529449547342,0.01270245726601682,0.005241366057903818,0.0,0.8582878980484626,0.6460132102303533,0.36864642147113613
124.29000000000002,1.0,29.0,29.0,1.0,0.01722152640697692,0.04091968887441372,6.659160298435293,-0.06127396973257977,0.06231522044093502,0.01344700302149589,-0.8164301362660559,2.1995568762402744,-1.3470459992818804,-0.059746541756670046,-0.013595959506691013,0.0,0.906973278674232,0.6438193183278283,0.3855809057486485
124.53,1.0,28.0,28.0,1.0,0.020186095204519826,0.03910814476072407,7.393802587738588,0.019574188202234097,0.037149671199170675,0.014981527722676405,-0.7919985474603556,2.081977405129153,-1.4663616446150087,0.019467541236452335,0.0020405102262688324,0.0,0.9275587292652376,0.6159725891299024,0.3542171088246105
124.75,1.0,19.0,8.0,0.42105263157894735,0.016165513232797343,0.03593546569308583,13.466372379821543,0.3382697588331529,0.022050325448373972,0.008965175395175067,-0.4567744843540271,1.976544563962572,-1.56077574780888,0.33825277580320623,0.0033896021101809115,0.0,0.7564094466346656,0.2873428852876261,0.12846287388119237
124.99000000000001,1.0,21.0,13.0,0.6190476190476191,0.013846713325299699,0.03817636653198435,4.872973750965466,-0.03557688915906437,0.07025419422835377,0.011677004761518263,-0.5973674587958557,1.8617976609963383,-1.6853001565772174,-0.035343917313007234,0.004064794116269255,0.0,0.8555320659032108,0.47679531339259446,0.22504228860365152
125.23000000000002,1.0,29.0,26.0,0.896551724137931,0.11614716003966152,0.18808107660836854,7.073763257466906,-0.3262278868041917,0.12,0.11879459873986949,-0.9479801820031926,1.8409721993272026,-1.8492791505908883,-0.3136595047501122,0.08967914589603776,0.0,0.6705899661380388,0.2793629163684057,0.3802739424413936
125.45000000000002,1.0,65.0,51.0,0.7846153846153846,0.03708576335084779,0.11344386631229796,6.655974462817367,0.14482732247617897,0.11480617263290323,0.040549322710951304,-0.7829562079855175,1.6532163513239346,-2.0268646898645146,0.13002466816840208,-0.06378510016701444,0.0,0.9083274556748061,0.764271837624397,0.3947799237229922
125.69,1.0,91.0,63.0,0.6923076923076923,0.04918587197441753,0.19467132495417205,6.8531149100345194,-0.011761962738866477,0.12,0.05689547860127254,-0.8803252789285226,1.5769068198745484,-2.225519174676744,-0.009329785591709827,0.0071623228273518524,0.0,0.7917836759605037,0.6951369959287502,0.3734874424637935
125.89000000000001,1.0,60.0,49.0,0.8166666666666667,0.055607861740688706,0.13618962424070066,10.808058869578286,-0.08408689037768927,0.10854782175221801,0.06037359110399375,-1.0165256594367755,1.582605203563451,-2.4085246893147017,-0.05626696648856233,0.06248706758653788,0.0,0.688759636375557,0.708815904382321,0.3512114074338384
126.13,1.0,78.0,70.0,0.8974358974358975,0.06673837800161538,0.1651423803572389,5.912981999131355,0.16809981895092713,-0.10319258863033666,0.07490956560227299,-1.033589355275344,1.3777649768137314,-2.6157968664115834,0.08436954448920542,-0.14539370376332839,0.0,0.5690555604826744,0.757231506324984,0.3560096529043988
126.35,1.0,60.0,47.0,0.7833333333333333,0.0559663920378856,0.1394715663893938,8.6372196574129,0.030735606658021438,-0.12,0.06378458399224715,-1.1356504410335475,1.3356812127507889,-2.7570522344894055,0.01152994519614614,-0.02849101402917209,0.0,0.599101731832889,0.8298171930057637,0.3509653629195691
126.59,1.0,55.0,40.0,0.7272727272727273,0.02430893830556712,0.06664064777918904,5.4561138459621725,-0.1731535934134215,-0.04822352380527523,0.022708105167079103,-1.302904607998479,1.481703985010067,-2.8551521267854487,-0.04892274311414013,0.16609856145725144,0.0,0.6825329746289592,0.9012556352878176,0.35584576154145614
126.83000000000001,1.0,33.0,19.0,0.5757575757575758,0.017935327261409752,0.03678119385582426,2.1909231818111117,-0.19060358130462382,-0.056032275893054734,0.010881109216244139,-1.463157792447901,1.626682895006095,-2.8992637272259114,-0.04573802720631015,0.18503447806671924,0.0,0.5148776596065238,0.8642810147805576,0.24867105591153088
127.03,1.0,25.0,20.0,0.8,0.018101884397749887,0.032384763040146855,3.011739169969237,0.0294049275535964,-0.08554571456916067,0.01165762008745188,-1.5499623870575918,1.5621840522322137,-2.886625275760932,0.0074163297291627295,-0.028454311057915183,0.0,0.538830538502435,0.837692340314361,0.2682513232835381
127.25,1.0,18.0,15.0,0.8333333333333334,0.014743487157734414,0.03260635871851255,3.699157701464164,-0.14988823594447925,-0.05399661211837194,0.00802360024823332,-1.7029487674633115,1.6687545581442473,-2.807797374492135,-0.049108059719842556,0.14161525957713827,0.0,0.4891669675365845,0.8040251369508632,0.22342010848118637
127.73000000000002,1.0,16.0,16.0,1.0,0.04205783829099796,0.06229497521425287,2.886832638910419,0.0353535039530231,-0.12,0.04116356502906421,-1.8785807608911924,1.4960028901800522,-2.4991942518070234,0.021180901836248323,-0.028306176696255347,0.0,0.706301861497602,0.8459853105056072,0.3051103382237378
127.95000000000002,1.0,20.0,19.0,0.95,0.12714900296361656,0.18705597668603277,8.601783221298927,0.0406151545750631,-0.12,0.12737135382216702,-1.918848218350405,1.3826083833400589,-2.31900844737536,0.029767106185239145,-0.02763168779703773,0.0,0.3518038731472937,0.3432221505773474,0.320572140327977
128.19,0.0,19.0,5.0,0.2631578947368421,0.07423540232385065,0.1006787055229387,14.982567761574488,nan,nan,nan,nan,nan,nan,0.029767106185239145,-0.02763168779703773,0.0,0.3518038731472937,0.3432221505773474,0.320572140327977
128.43,0.0,21.0,6.0,0.2857142857142857,0.16069996686808466,0.19202031438387102,10.62605766650344,nan,nan,nan,nan,nan,nan,0.029767106185239145,-0.02763168779703773,0.0,0.3518038731472937,0.3432221505773474,0.320572140327977
128.85,0.0,19.0,5.0,0.2631578947368421,0.3361149605757311,0.3378110403542251,1.457312230019152,nan,nan,nan,nan,nan,nan,0.029767106185239145,-0.02763168779703773,0.0,0.3518038731472937,0.3432221505773474,0.320572140327977
129.75,0.0,16.0,0.0,0.0,nan,nan,nan,nan,nan,nan,nan,nan,nan,0.029767106185239145,-0.02763168779703773,0.0,0.3518038731472937,0.3432221505773474,0.320572140327977
129.93,0.0,42.0,0.0,0.0,nan,nan,nan,nan,nan,nan,nan,nan,nan,0.029767106185239145,-0.02763168779703773,0.0,0.3518038731472937,0.3432221505773474,0.320572140327977
130.17000000000002,0.0,45.0,0.0,0.0,nan,nan,nan,nan,nan,nan,nan,nan,nan,0.029767106185239145,-0.02763168779703773,0.0,0.3518038731472937,0.3432221505773474,0.320572140327977
130.39000000000001,0.0,37.0,0.0,0.0,nan,nan,nan,nan,nan,nan,nan,nan,nan,0.029767106185239145,-0.02763168779703773,0.0,0.3518038731472937,0.3432221505773474,0.320572140327977
130.59,0.0,30.0,0.0,0.0,nan,nan,nan,nan,nan,nan,nan,nan,nan,0.029767106185239145,-0.02763168779703773,0.0,0.3518038731472937,0.3432221505773474,0.320572140327977
130.83,0.0,28.0,0.0,0.0,nan,nan,nan,nan,nan,nan,nan,nan,nan,0.029767106185239145,-0.02763168779703773,0.0,0.3518038731472937,0.3432221505773474,0.320572140327977
131.05,0.0,24.0,0.0,0.0,nan,nan,nan,nan,nan,nan,nan,nan,nan,0.029767106185239145,-0.02763168779703773,0.0,0.3518038731472937,0.3432221505773474,0.320572140327977
131.29000000000002,0.0,18.0,0.0,0.0,nan,nan,nan,nan,nan,nan,nan,nan,nan,0.029767106185239145,-0.02763168779703773,0.0,0.3518038731472937,0.3432221505773474,0.320572140327977
131.49,0.0,34.0,0.0,0.0,nan,nan,nan,nan,nan,nan,nan,nan,nan,0.029767106185239145,-0.02763168779703773,0.0,0.3518038731472937,0.3432221505773474,0.320572140327977
131.73000000000002,0.0,19.0,0.0,0.0,nan,nan,nan,nan,nan,nan,nan,nan,nan,0.029767106185239145,-0.02763168779703773,0.0,0.3518038731472937,0.3432221505773474,0.320572140327977
131.95000000000002,0.0,16.0,0.0,0.0,nan,nan,nan,nan,nan,nan,nan,nan,nan,0.029767106185239145,-0.02763168779703773,0.0,0.3518038731472937,0.3432221505773474,0.320572140327977
132.19,0.0,26.0,0.0,0.0,nan,nan,nan,nan,nan,nan,nan,nan,nan,0.029767106185239145,-0.02763168779703773,0.0,0.3518038731472937,0.3432221505773474,0.320572140327977
132.39000000000001,0.0,36.0,0.0,0.0,nan,nan,nan,nan,nan,nan,nan,nan,nan,0.029767106185239145,-0.02763168779703773,0.0,0.3518038731472937,0.3432221505773474,0.320572140327977
132.63,0.0,35.0,0.0,0.0,nan,nan,nan,nan,nan,nan,nan,nan,nan,0.029767106185239145,-0.02763168779703773,0.0,0.3518038731472937,0.3432221505773474,0.320572140327977
132.83,0.0,40.0,1.0,0.025,0.3490192401998256,0.3490192401998256,5.0648271229771895,nan,nan,nan,nan,nan,nan,0.029767106185239145,-0.02763168779703773,0.0,0.3518038731472937,0.3432221505773474,0.320572140327977
133.05,0.0,42.0,0.0,0.0,nan,nan,nan,nan,nan,nan,nan,nan,nan,0.029767106185239145,-0.02763168779703773,0.0,0.3518038731472937,0.3432221505773474,0.320572140327977
133.29000000000002,0.0,46.0,0.0,0.0,nan,nan,nan,nan,nan,nan,nan,nan,nan,0.029767106185239145,-0.02763168779703773,0.0,0.3518038731472937,0.3432221505773474,0.320572140327977
133.53,0.0,45.0,0.0,0.0,nan,nan,nan,nan,nan,nan,nan,nan,nan,0.029767106185239145,-0.02763168779703773,0.0,0.3518038731472937,0.3432221505773474,0.320572140327977
133.75,0.0,46.0,0.0,0.0,nan,nan,nan,nan,nan,nan,nan,nan,nan,0.029767106185239145,-0.02763168779703773,0.0,0.3518038731472937,0.3432221505773474,0.320572140327977
133.99,0.0,47.0,0.0,0.0,nan,nan,nan,nan,nan,nan,nan,nan,nan,0.029767106185239145,-0.02763168779703773,0.0,0.3518038731472937,0.3432221505773474,0.320572140327977
134.23000000000002,0.0,43.0,0.0,0.0,nan,nan,nan,nan,nan,nan,nan,nan,nan,0.029767106185239145,-0.02763168779703773,0.0,0.3518038731472937,0.3432221505773474,0.320572140327977
134.45000000000002,0.0,37.0,0.0,0.0,nan,nan,nan,nan,nan,nan,nan,nan,nan,0.029767106185239145,-0.02763168779703773,0.0,0.3518038731472937,0.3432221505773474,0.320572140327977
134.69,1.0,44.0,33.0,0.75,0.0668866972090331,0.10550932777296355,6.714798097370188,-0.5514961767390308,0.12,0.06814665790184424,0.8052040963252487,-0.09052679754376419,0.008507112123783233,0.004691583221817841,-0.5514762207064245,0.0,0.9816220076075122,0.9939534268430055,0.8374792681360306
134.95000000000002,1.0,66.0,62.0,0.9393939393939394,0.07579185072435851,0.18448302540238326,7.67408437494131,0.02622184275579171,0.12,0.0871310347019856,0.9312545783929181,-0.05812932485937215,-0.00044575379095833096,1.1688485427208128e-05,0.026221840150698325,5.421010862427522e-20,0.48874127100392945,0.8763124122479845,0.5132952531333295
135.19,0.0,59.0,56.0,0.9491525423728814,0.07628149725990212,0.1784427263247421,5.303486065707365,nan,nan,nan,nan,nan,nan,1.1688485427208128e-05,0.026221840150698325,5.421010862427522e-20,0.48874127100392945,0.8763124122479845,0.5132952531333295
135.43,1.0,55.0,52.0,0.9454545454545454,0.054121270106497664,0.1325294575607147,6.749712509781697,0.02052563181462247,0.12,0.060557471272461416,1.1734460687725954,-0.03875496124085952,-0.0008585211509719149,1.7621686885238574e-05,0.02052562425032655,0.0,0.7114689440952712,0.9565459785142076,0.47780329322065496
135.63,0.0,48.0,48.0,1.0,0.06482667430313728,0.14328165937601103,7.935309266772737,nan,nan,nan,nan,nan,nan,1.7621686885238574e-05,0.02052562425032655,0.0,0.7114689440952712,0.9565459785142076,0.47780329322065496
135.85,1.0,30.0,30.0,1.0,0.0923375215453304,0.14201483297787695,6.367924030357551,-0.38152377335625987,0.12,0.09176988209406202,1.384844630705287,-0.41803395313006825,-0.0014827191832263644,-0.0005656924103372152,-0.38152335397468873,0.0,0.4411512962790349,0.8696261139019851,0.43747731963757525
136.09,1.0,33.0,30.0,0.9090909090909091,0.0695184000041458,0.1319797677257292,7.5042109342012315,0.3736996302553289,0.12,0.07098775011048321,1.500342581813964,0.005099754183842842,0.006789529561302278,-0.0025372251931821133,0.3736910169395146,0.0,0.5486168176810027,0.8831803083185559,0.3850611033857171
136.29000000000002,1.0,14.0,14.0,1.0,0.06480471003476258,0.11810608515432482,9.427725047401319,0.045948181822262506,0.12,0.06819417723345692,1.5983780699835155,0.016156257002787503,0.057637421655978585,-0.0026468686469505176,0.04587188135598414,0.0,0.32510179354326746,0.7348035775039774,0.2020240354493334
136.53,1.0,22.0,22.0,1.0,0.027685985099825627,0.06112067558474457,9.965879353464436,0.9097053260146002,0.042266751541108025,0.024890689341825176,1.5704286365523048,0.9230346709359726,0.15994912247723492,-0.1448869285137917,0.8980932903241007,0.0,0.6388162083155751,0.9221572491658161,0.3131438985561507
136.73000000000002,1.0,15.0,12.0,0.8,0.025657859334818085,0.08437609074265448,2.572643379515903,0.07794440761613107,-0.030973531546414978,0.02501287144408906,1.6607108652043963,0.9677360955643186,0.2859595383305315,-0.02198641460417039,0.07477919664908894,0.0,0.43500001857899573,0.7807470059632711,0.18944432440358266
137.39000000000001,0.0,50.0,0.0,0.0,nan,nan,nan,nan,nan,nan,nan,nan,nan,-0.02198641460417039,0.07477919664908894,0.0,0.43500001857899573,0.7807470059632711,0.18944432440358266
137.63,0.0,39.0,0.0,0.0,nan,nan,nan,nan,nan,nan,nan,nan,nan,-0.02198641460417039,0.07477919664908894,0.0,0.43500001857899573,0.7807470059632711,0.18944432440358266
137.85,0.0,38.0,0.0,0.0,nan,nan,nan,nan,nan,nan,nan,nan,nan,-0.02198641460417039,0.07477919664908894,0.0,0.43500001857899573,0.7807470059632711,0.18944432440358266
138.09,0.0,39.0,0.0,0.0,nan,nan,nan,nan,nan,nan,nan,nan,nan,-0.02198641460417039,0.07477919664908894,0.0,0.43500001857899573,0.7807470059632711,0.18944432440358266
138.33,0.0,31.0,0.0,0.0,nan,nan,nan,nan,nan,nan,nan,nan,nan,-0.02198641460417039,0.07477919664908894,0.0,0.43500001857899573,0.7807470059632711,0.18944432440358266
138.55,0.0,36.0,0.0,0.0,nan,nan,nan,nan,nan,nan,nan,nan,nan,-0.02198641460417039,0.07477919664908894,0.0,0.43500001857899573,0.7807470059632711,0.18944432440358266
138.79000000000002,0.0,40.0,0.0,0.0,nan,nan,nan,nan,nan,nan,nan,nan,nan,-0.02198641460417039,0.07477919664908894,0.0,0.43500001857899573,0.7807470059632711,0.18944432440358266
138.99,0.0,35.0,0.0,0.0,nan,nan,nan,nan,nan,nan,nan,nan,nan,-0.02198641460417039,0.07477919664908894,0.0,0.43500001857899573,0.7807470059632711,0.18944432440358266
139.19,0.0,40.0,0.0,0.0,nan,nan,nan,nan,nan,nan,nan,nan,nan,-0.02198641460417039,0.07477919664908894,0.0,0.43500001857899573,0.7807470059632711,0.18944432440358266
139.43,0.0,38.0,0.0,0.0,nan,nan,nan,nan,nan,nan,nan,nan,nan,-0.02198641460417039,0.07477919664908894,0.0,0.43500001857899573,0.7807470059632711,0.18944432440358266
139.65,0.0,34.0,0.0,0.0,nan,nan,nan,nan,nan,nan,nan,nan,nan,-0.02198641460417039,0.07477919664908894,0.0,0.43500001857899573,0.7807470059632711,0.18944432440358266
139.85,0.0,33.0,0.0,0.0,nan,nan,nan,nan,nan,nan,nan,nan,nan,-0.02198641460417039,0.07477919664908894,0.0,0.43500001857899573,0.7807470059632711,0.18944432440358266
140.09,0.0,42.0,4.0,0.09523809523809523,0.11287623494005773,0.1292172442430919,25.06960518208805,nan,nan,nan,nan,nan,nan,-0.02198641460417039,0.07477919664908894,0.0,0.43500001857899573,0.7807470059632711,0.18944432440358266
140.29000000000002,0.0,45.0,0.0,0.0,nan,nan,nan,nan,nan,nan,nan,nan,nan,-0.02198641460417039,0.07477919664908894,0.0,0.43500001857899573,0.7807470059632711,0.18944432440358266
140.53,0.0,57.0,0.0,0.0,nan,nan,nan,nan,nan,nan,nan,nan,nan,-0.02198641460417039,0.07477919664908894,0.0,0.43500001857899573,0.7807470059632711,0.18944432440358266
140.73000000000002,0.0,60.0,0.0,0.0,nan,nan,nan,nan,nan,nan,nan,nan,nan,-0.02198641460417039,0.07477919664908894,0.0,0.43500001857899573,0.7807470059632711,0.18944432440358266
140.95000000000002,0.0,44.0,0.0,0.0,nan,nan,nan,nan,nan,nan,nan,nan,nan,-0.02198641460417039,0.07477919664908894,0.0,0.43500001857899573,0.7807470059632711,0.18944432440358266
141.19,0.0,38.0,0.0,0.0,nan,nan,nan,nan,nan,nan,nan,nan,nan,-0.02198641460417039,0.07477919664908894,0.0,0.43500001857899573,0.7807470059632711,0.18944432440358266
141.43,0.0,43.0,0.0,0.0,nan,nan,nan,nan,nan,nan,nan,nan,nan,-0.02198641460417039,0.07477919664908894,0.0,0.43500001857899573,0.7807470059632711,0.18944432440358266
141.65,0.0,53.0,0.0,0.0,nan,nan,nan,nan,nan,nan,nan,nan,nan,-0.02198641460417039,0.07477919664908894,0.0,0.43500001857899573,0.7807470059632711,0.18944432440358266
141.89000000000001,0.0,36.0,0.0,0.0,nan,nan,nan,nan,nan,nan,nan,nan,nan,-0.02198641460417039,0.07477919664908894,0.0,0.43500001857899573,0.7807470059632711,0.18944432440358266
142.09,0.0,39.0,0.0,0.0,nan,nan,nan,nan,nan,nan,nan,nan,nan,-0.02198641460417039,0.07477919664908894,0.0,0.43500001857899573,0.7807470059632711,0.18944432440358266
142.29000000000002,0.0,46.0,0.0,0.0,nan,nan,nan,nan,nan,nan,nan,nan,nan,-0.02198641460417039,0.07477919664908894,0.0,0.43500001857899573,0.7807470059632711,0.18944432440358266
142.49,0.0,44.0,0.0,0.0,nan,nan,nan,nan,nan,nan,nan,nan,nan,-0.02198641460417039,0.07477919664908894,0.0,0.43500001857899573,0.7807470059632711,0.18944432440358266
142.69,0.0,39.0,0.0,0.0,nan,nan,nan,nan,nan,nan,nan,nan,nan,-0.02198641460417039,0.07477919664908894,0.0,0.43500001857899573,0.7807470059632711,0.18944432440358266
142.89000000000001,0.0,54.0,0.0,0.0,nan,nan,nan,nan,nan,nan,nan,nan,nan,-0.02198641460417039,0.07477919664908894,0.0,0.43500001857899573,0.7807470059632711,0.18944432440358266
143.09,0.0,40.0,0.0,0.0,nan,nan,nan,nan,nan,nan,nan,nan,nan,-0.02198641460417039,0.07477919664908894,0.0,0.43500001857899573,0.7807470059632711,0.18944432440358266
143.29000000000002,0.0,31.0,1.0,0.03225806451612903,0.3485739705483368,0.3485739705483368,5.595072190369631,nan,nan,nan,nan,nan,nan,-0.02198641460417039,0.07477919664908894,0.0,0.43500001857899573,0.7807470059632711,0.18944432440358266
143.49,0.0,40.0,4.0,0.1,0.34213660670632406,0.34788364756583184,5.968801521404736,nan,nan,nan,nan,nan,nan,-0.02198641460417039,0.07477919664908894,0.0,0.43500001857899573,0.7807470059632711,0.18944432440358266
143.73000000000002,0.0,42.0,3.0,0.07142857142857142,0.3372672937530223,0.347732731259588,8.88973796534023,nan,nan,nan,nan,nan,nan,-0.02198641460417039,0.07477919664908894,0.0,0.43500001857899573,0.7807470059632711,0.18944432440358266
143.95000000000002,0.0,45.0,5.0,0.1111111111111111,0.3298117154683966,0.3394951094940846,8.337251654360962,nan,nan,nan,nan,nan,nan,-0.02198641460417039,0.07477919664908894,0.0,0.43500001857899573,0.7807470059632711,0.18944432440358266
144.19,0.0,38.0,1.0,0.02631578947368421,0.33955891081442835,0.33955891081442835,8.755365788200127,nan,nan,nan,nan,nan,nan,-0.02198641460417039,0.07477919664908894,0.0,0.43500001857899573,0.7807470059632711,0.18944432440358266
144.43,0.0,31.0,0.0,0.0,nan,nan,nan,nan,nan,nan,nan,nan,nan,-0.02198641460417039,0.07477919664908894,0.0,0.43500001857899573,0.7807470059632711,0.18944432440358266
144.65,1.0,34.0,14.0,0.4117647058823529,0.026632670923999496,0.06692005164415044,10.516031456484823,0.3046767329251492,0.10906025522342161,0.024115429277618772,1.908362704565333,4.7702283529924046,1.238355561800908,-0.28799525936010806,0.09943159544152369,0.0,0.9940818109642588,0.9727736944421298,0.7191215230568218
144.89000000000001,1.0,29.0,13.0,0.4482758620689655,0.021735629709692245,0.04543481671063078,9.417379388913664,0.2169703481432766,-0.048824267575502005,0.022290174618601426,1.7570655550089667,4.974633323126935,1.1836138712472297,-0.20090946201580517,0.08192386737657298,0.0,0.8303385076997409,0.6112861221457376,0.4272919707751821
145.13,1.0,40.0,26.0,0.65,0.023893387508873633,0.042484340615826496,3.7803279881125333,-0.060018853039637304,-0.0011786306679696422,0.020759098153714566,1.882654678390283,5.045737750722682,1.1519473891278271,0.0548306849200586,-0.02441021735648441,0.0,0.8973379813323678,0.7149503976168657,0.5040536706935219
145.33,1.0,47.0,31.0,0.6595744680851063,0.019782277595543414,0.057432747597673785,3.4383739847834707,-0.010411292700962678,-0.04062540258236655,0.01769629119182324,1.9281295285804743,5.136524263320857,1.1353913594171818,0.009439911913127874,-0.004391250252206547,0.0,0.8697616549230575,0.676902902302202,0.4327878880369548
145.53,1.0,46.0,36.0,0.782608695652174,0.016061555299643916,0.03859737039871144,4.037794898686996,-0.05606553251090189,-0.0065829919634432165,0.012039552137114069,2.0171674254757166,5.204477821842814,1.125714123529104,0.050603363553166636,-0.024138010125878573,0.0,0.8641964131817099,0.6638475256807588,0.3806252319062252
145.73000000000002,1.0,43.0,32.0,0.7441860465116279,0.01602500119011912,0.0363955866366951,2.476713047759733,-0.010510731692804538,-0.005223650511624992,0.00983569428267313,2.063251017293208,5.292501981751508,1.1209143832469262,0.009464897561635599,-0.004570688664290223,0.0,0.8613334261710264,0.6600107427381049,0.35424561182480935
145.95000000000002,1.0,45.0,34.0,0.7555555555555555,0.017882735936088717,0.040104129345114876,3.6126806241086706,0.015228622944312818,-0.023361052519653158,0.01116439213465027,2.0901190570895185,5.40424195554189,1.1179693889614986,-0.013693789208141016,0.006662664174566402,0.0,0.8713305897673068,0.664631794584755,0.35025593846999525
146.15,1.0,50.0,33.0,0.66,0.01984922067969656,0.05379979811199421,4.294348260575795,-0.0117669136147887,-0.02292932333066035,0.013832123996147132,2.140358647484624,5.488349864061413,1.1189959628502193,0.010586251475328545,-0.00513726928620617,0.0,0.8467593324986005,0.6484617312166846,0.34132751793737504
146.35,1.0,52.0,37.0,0.7115384615384616,0.016680052142332757,0.062201883898121,4.015419895281428,-0.042309061239122744,-0.030731665512378735,0.011334284985783209,2.213384100041355,5.564707804872645,1.1425983320113207,0.0384892078190453,-0.017568083116782596,0.0,0.8508815242618566,0.6417497172981308,0.33742099417549404
146.55,0.0,39.0,19.0,0.48717948717948717,0.01886847499877108,0.046182254580762305,5.58524428049704,nan,nan,nan,nan,nan,nan,0.0384892078190453,-0.017568083116782596,0.0,0.8508815242618566,0.6417497172981308,0.33742099417549404
146.79000000000002,0.0,46.0,21.0,0.45652173913043476,0.015791083359159287,0.03638717968172147,3.6363720438194664,nan,nan,nan,nan,nan,nan,0.0384892078190453,-0.017568083116782596,0.0,0.8508815242618566,0.6417497172981308,0.33742099417549404
146.99,1.0,44.0,20.0,0.45454545454545453,0.013499648149546873,0.03330171176368789,4.842728326224803,0.011475798528276675,-0.08389375177835366,0.007491551005019097,2.2481667010830795,5.880958687627112,1.4574886973688772,-0.01140221060758817,0.0012975149794112184,0.0,0.936927350886812,0.7066756049347965,0.35305690764243464
147.19,1.0,41.0,17.0,0.4146341463414634,0.01888578715826458,0.034733998995857024,4.354093936150418,0.031050660871878546,-0.12,0.011694995501129579,2.2034719366617805,5.979979267894369,1.5888591038222926,-0.03104559565452414,-0.0005608306662532314,0.0,0.8665791839997574,0.5147002244442545,0.2800618720714723
147.45000000000002,0.0,34.0,2.0,0.058823529411764705,0.10998480621426174,0.1183417487234597,10.402833551563528,nan,nan,nan,nan,nan,nan,-0.03104559565452414,-0.0005608306662532314,0.0,0.8665791839997574,0.5147002244442545,0.2800618720714723
147.69,0.0,30.0,4.0,0.13333333333333333,0.1451230454457644,0.16896849006461087,20.274446474083174,nan,nan,nan,nan,nan,nan,-0.03104559565452414,-0.0005608306662532314,0.0,0.8665791839997574,0.5147002244442545,0.2800618720714723
147.93,0.0,30.0,0.0,0.0,nan,nan,nan,nan,nan,nan,nan,nan,nan,-0.03104559565452414,-0.0005608306662532314,0.0,0.8665791839997574,0.5147002244442545,0.2800618720714723
148.13,0.0,25.0,0.0,0.0,nan,nan,nan,nan,nan,nan,nan,nan,nan,-0.03104559565452414,-0.0005608306662532314,0.0,0.8665791839997574,0.5147002244442545,0.2800618720714723
148.39000000000001,0.0,34.0,0.0,0.0,nan,nan,nan,nan,nan,nan,nan,nan,nan,-0.03104559565452414,-0.0005608306662532314,0.0,0.8665791839997574,0.5147002244442545,0.2800618720714723
148.59,0.0,28.0,0.0,0.0,nan,nan,nan,nan,nan,nan,nan,nan,nan,-0.03104559565452414,-0.0005608306662532314,0.0,0.8665791839997574,0.5147002244442545,0.2800618720714723
148.79000000000002,0.0,32.0,0.0,0.0,nan,nan,nan,nan,nan,nan,nan,nan,nan,-0.03104559565452414,-0.0005608306662532314,0.0,0.8665791839997574,0.5147002244442545,0.2800618720714723
148.99,0.0,34.0,0.0,0.0,nan,nan,nan,nan,nan,nan,nan,nan,nan,-0.03104559565452414,-0.0005608306662532314,0.0,0.8665791839997574,0.5147002244442545,0.2800618720714723
149.19,0.0,36.0,0.0,0.0,nan,nan,nan,nan,nan,nan,nan,nan,nan,-0.03104559565452414,-0.0005608306662532314,0.0,0.8665791839997574,0.5147002244442545,0.2800618720714723
149.39000000000001,0.0,41.0,0.0,0.0,nan,nan,nan,nan,nan,nan,nan,nan,nan,-0.03104559565452414,-0.0005608306662532314,0.0,0.8665791839997574,0.5147002244442545,0.2800618720714723
149.59,0.0,41.0,0.0,0.0,nan,nan,nan,nan,nan,nan,nan,nan,nan,-0.03104559565452414,-0.0005608306662532314,0.0,0.8665791839997574,0.5147002244442545,0.2800618720714723
149.83,0.0,44.0,0.0,0.0,nan,nan,nan,nan,nan,nan,nan,nan,nan,-0.03104559565452414,-0.0005608306662532314,0.0,0.8665791839997574,0.5147002244442545,0.2800618720714723
150.05,0.0,47.0,0.0,0.0,nan,nan,nan,nan,nan,nan,nan,nan,nan,-0.03104559565452414,-0.0005608306662532314,0.0,0.8665791839997574,0.5147002244442545,0.2800618720714723
150.25,0.0,48.0,0.0,0.0,nan,nan,nan,nan,nan,nan,nan,nan,nan,-0.03104559565452414,-0.0005608306662532314,0.0,0.8665791839997574,0.5147002244442545,0.2800618720714723
150.49,0.0,40.0,0.0,0.0,nan,nan,nan,nan,nan,nan,nan,nan,nan,-0.03104559565452414,-0.0005608306662532314,0.0,0.8665791839997574,0.5147002244442545,0.2800618720714723
150.73000000000002,0.0,40.0,0.0,0.0,nan,nan,nan,nan,nan,nan,nan,nan,nan,-0.03104559565452414,-0.0005608306662532314,0.0,0.8665791839997574,0.5147002244442545,0.2800618720714723
150.95000000000002,0.0,43.0,0.0,0.0,nan,nan,nan,nan,nan,nan,nan,nan,nan,-0.03104559565452414,-0.0005608306662532314,0.0,0.8665791839997574,0.5147002244442545,0.2800618720714723
151.19,0.0,34.0,0.0,0.0,nan,nan,nan,nan,nan,nan,nan,nan,nan,-0.03104559565452414,-0.0005608306662532314,0.0,0.8665791839997574,0.5147002244442545,0.2800618720714723
151.43,0.0,31.0,0.0,0.0,nan,nan,nan,nan,nan,nan,nan,nan,nan,-0.03104559565452414,-0.0005608306662532314,0.0,0.8665791839997574,0.5147002244442545,0.2800618720714723
151.65,0.0,31.0,0.0,0.0,nan,nan,nan,nan,nan,nan,nan,nan,nan,-0.03104559565452414,-0.0005608306662532314,0.0,0.8665791839997574,0.5147002244442545,0.2800618720714723
151.89000000000001,0.0,47.0,0.0,0.0,nan,nan,nan,nan,nan,nan,nan,nan,nan,-0.03104559565452414,-0.0005608306662532314,0.0,0.8665791839997574,0.5147002244442545,0.2800618720714723
152.09,0.0,52.0,0.0,0.0,nan,nan,nan,nan,nan,nan,nan,nan,nan,-0.03104559565452414,-0.0005608306662532314,0.0,0.8665791839997574,0.5147002244442545,0.2800618720714723
152.29000000000002,0.0,55.0,0.0,0.0,nan,nan,nan,nan,nan,nan,nan,nan,nan,-0.03104559565452414,-0.0005608306662532314,0.0,0.8665791839997574,0.5147002244442545,0.2800618720714723
152.49,0.0,56.0,0.0,0.0,nan,nan,nan,nan,nan,nan,nan,nan,nan,-0.03104559565452414,-0.0005608306662532314,0.0,0.8665791839997574,0.5147002244442545,0.2800618720714723
152.73000000000002,0.0,52.0,0.0,0.0,nan,nan,nan,nan,nan,nan,nan,nan,nan,-0.03104559565452414,-0.0005608306662532314,0.0,0.8665791839997574,0.5147002244442545,0.2800618720714723
152.95000000000002,0.0,49.0,0.0,0.0,nan,nan,nan,nan,nan,nan,nan,nan,nan,-0.03104559565452414,-0.0005608306662532314,0.0,0.8665791839997574,0.5147002244442545,0.2800618720714723
153.15,0.0,41.0,0.0,0.0,nan,nan,nan,nan,nan,nan,nan,nan,nan,-0.03104559565452414,-0.0005608306662532314,0.0,0.8665791839997574,0.5147002244442545,0.2800618720714723
153.39000000000001,0.0,23.0,0.0,0.0,nan,nan,nan,nan,nan,nan,nan,nan,nan,-0.03104559565452414,-0.0005608306662532314,0.0,0.8665791839997574,0.5147002244442545,0.2800618720714723
153.63,0.0,15.0,0.0,0.0,nan,nan,nan,nan,nan,nan,nan,nan,nan,-0.03104559565452414,-0.0005608306662532314,0.0,0.8665791839997574,0.5147002244442545,0.2800618720714723
153.85,0.0,18.0,0.0,0.0,nan,nan,nan,nan,nan,nan,nan,nan,nan,-0.03104559565452414,-0.0005608306662532314,0.0,0.8665791839997574,0.5147002244442545,0.2800618720714723
154.09,0.0,34.0,0.0,0.0,nan,nan,nan,nan,nan,nan,nan,nan,nan,-0.03104559565452414,-0.0005608306662532314,0.0,0.8665791839997574,0.5147002244442545,0.2800618720714723
154.33,0.0,39.0,0.0,0.0,nan,nan,nan,nan,nan,nan,nan,nan,nan,-0.03104559565452414,-0.0005608306662532314,0.0,0.8665791839997574,0.5147002244442545,0.2800618720714723
154.55,0.0,35.0,0.0,0.0,nan,nan,nan,nan,nan,nan,nan,nan,nan,-0.03104559565452414,-0.0005608306662532314,0.0,0.8665791839997574,0.5147002244442545,0.2800618720714723
154.79000000000002,0.0,48.0,0.0,0.0,nan,nan,nan,nan,nan,nan,nan,nan,nan,-0.03104559565452414,-0.0005608306662532314,0.0,0.8665791839997574,0.5147002244442545,0.2800618720714723
155.03,0.0,41.0,0.0,0.0,nan,nan,nan,nan,nan,nan,nan,nan,nan,-0.03104559565452414,-0.0005608306662532314,0.0,0.8665791839997574,0.5147002244442545,0.2800618720714723
155.25,0.0,39.0,0.0,0.0,nan,nan,nan,nan,nan,nan,nan,nan,nan,-0.03104559565452414,-0.0005608306662532314,0.0,0.8665791839997574,0.5147002244442545,0.2800618720714723
155.45000000000002,0.0,38.0,0.0,0.0,nan,nan,nan,nan,nan,nan,nan,nan,nan,-0.03104559565452414,-0.0005608306662532314,0.0,0.8665791839997574,0.5147002244442545,0.2800618720714723
155.69,0.0,36.0,0.0,0.0,nan,nan,nan,nan,nan,nan,nan,nan,nan,-0.03104559565452414,-0.0005608306662532314,0.0,0.8665791839997574,0.5147002244442545,0.2800618720714723
155.85,0.0,44.0,0.0,0.0,nan,nan,nan,nan,nan,nan,nan,nan,nan,-0.03104559565452414,-0.0005608306662532314,0.0,0.8665791839997574,0.5147002244442545,0.2800618720714723
156.09,0.0,43.0,0.0,0.0,nan,nan,nan,nan,nan,nan,nan,nan,nan,-0.03104559565452414,-0.0005608306662532314,0.0,0.8665791839997574,0.5147002244442545,0.2800618720714723
156.29000000000002,0.0,39.0,0.0,0.0,nan,nan,nan,nan,nan,nan,nan,nan,nan,-0.03104559565452414,-0.0005608306662532314,0.0,0.8665791839997574,0.5147002244442545,0.2800618720714723
156.53,0.0,45.0,0.0,0.0,nan,nan,nan,nan,nan,nan,nan,nan,nan,-0.03104559565452414,-0.0005608306662532314,0.0,0.8665791839997574,0.5147002244442545,0.2800618720714723
156.73000000000002,0.0,40.0,0.0,0.0,nan,nan,nan,nan,nan,nan,nan,nan,nan,-0.03104559565452414,-0.0005608306662532314,0.0,0.8665791839997574,0.5147002244442545,0.2800618720714723
156.95000000000002,0.0,42.0,0.0,0.0,nan,nan,nan,nan,nan,nan,nan,nan,nan,-0.03104559565452414,-0.0005608306662532314,0.0,0.8665791839997574,0.5147002244442545,0.2800618720714723
157.19,0.0,43.0,0.0,0.0,nan,nan,nan,nan,nan,nan,nan,nan,nan,-0.03104559565452414,-0.0005608306662532314,0.0,0.8665791839997574,0.5147002244442545,0.2800618720714723
157.43,0.0,39.0,0.0,0.0,nan,nan,nan,nan,nan,nan,nan,nan,nan,-0.03104559565452414,-0.0005608306662532314,0.0,0.8665791839997574,0.5147002244442545,0.2800618720714723
157.63,0.0,42.0,0.0,0.0,nan,nan,nan,nan,nan,nan,nan,nan,nan,-0.03104559565452414,-0.0005608306662532314,0.0,0.8665791839997574,0.5147002244442545,0.2800618720714723
157.89000000000001,0.0,28.0,0.0,0.0,nan,nan,nan,nan,nan,nan,nan,nan,nan,-0.03104559565452414,-0.0005608306662532314,0.0,0.8665791839997574,0.5147002244442545,0.2800618720714723
158.13,0.0,24.0,0.0,0.0,nan,nan,nan,nan,nan,nan,nan,nan,nan,-0.03104559565452414,-0.0005608306662532314,0.0,0.8665791839997574,0.5147002244442545,0.2800618720714723
158.35,0.0,27.0,0.0,0.0,nan,nan,nan,nan,nan,nan,nan,nan,nan,-0.03104559565452414,-0.0005608306662532314,0.0,0.8665791839997574,0.5147002244442545,0.2800618720714723
158.59,0.0,30.0,0.0,0.0,nan,nan,nan,nan,nan,nan,nan,nan,nan,-0.03104559565452414,-0.0005608306662532314,0.0,0.8665791839997574,0.5147002244442545,0.2800618720714723
158.79000000000002,0.0,37.0,0.0,0.0,nan,nan,nan,nan,nan,nan,nan,nan,nan,-0.03104559565452414,-0.0005608306662532314,0.0,0.8665791839997574,0.5147002244442545,0.2800618720714723
158.99,0.0,34.0,0.0,0.0,nan,nan,nan,nan,nan,nan,nan,nan,nan,-0.03104559565452414,-0.0005608306662532314,0.0,0.8665791839997574,0.5147002244442545,0.2800618720714723
159.23000000000002,0.0,36.0,0.0,0.0,nan,nan,nan,nan,nan,nan,nan,nan,nan,-0.03104559565452414,-0.0005608306662532314,0.0,0.8665791839997574,0.5147002244442545,0.2800618720714723
159.45000000000002,0.0,32.0,0.0,0.0,nan,nan,nan,nan,nan,nan,nan,nan,nan,-0.03104559565452414,-0.0005608306662532314,0.0,0.8665791839997574,0.5147002244442545,0.2800618720714723
159.65,0.0,29.0,0.0,0.0,nan,nan,nan,nan,nan,nan,nan,nan,nan,-0.03104559565452414,-0.0005608306662532314,0.0,0.8665791839997574,0.5147002244442545,0.2800618720714723
159.89000000000001,0.0,28.0,0.0,0.0,nan,nan,nan,nan,nan,nan,nan,nan,nan,-0.03104559565452414,-0.0005608306662532314,0.0,0.8665791839997574,0.5147002244442545,0.2800618720714723
160.09,0.0,32.0,0.0,0.0,nan,nan,nan,nan,nan,nan,nan,nan,nan,-0.03104559565452414,-0.0005608306662532314,0.0,0.8665791839997574,0.5147002244442545,0.2800618720714723
160.33,0.0,27.0,0.0,0.0,nan,nan,nan,nan,nan,nan,nan,nan,nan,-0.03104559565452414,-0.0005608306662532314,0.0,0.8665791839997574,0.5147002244442545,0.2800618720714723
160.75,0.0,27.0,0.0,0.0,nan,nan,nan,nan,nan,nan,nan,nan,nan,-0.03104559565452414,-0.0005608306662532314,0.0,0.8665791839997574,0.5147002244442545,0.2800618720714723
160.85,0.0,30.0,0.0,0.0,nan,nan,nan,nan,nan,nan,nan,nan,nan,-0.03104559565452414,-0.0005608306662532314,0.0,0.8665791839997574,0.5147002244442545,0.2800618720714723
161.09,0.0,38.0,0.0,0.0,nan,nan,nan,nan,nan,nan,nan,nan,nan,-0.03104559565452414,-0.0005608306662532314,0.0,0.8665791839997574,0.5147002244442545,0.2800618720714723
161.33,0.0,53.0,0.0,0.0,nan,nan,nan,nan,nan,nan,nan,nan,nan,-0.03104559565452414,-0.0005608306662532314,0.0,0.8665791839997574,0.5147002244442545,0.2800618720714723
161.55,0.0,56.0,0.0,0.0,nan,nan,nan,nan,nan,nan,nan,nan,nan,-0.03104559565452414,-0.0005608306662532314,0.0,0.8665791839997574,0.5147002244442545,0.2800618720714723
161.79000000000002,0.0,46.0,0.0,0.0,nan,nan,nan,nan,nan,nan,nan,nan,nan,-0.03104559565452414,-0.0005608306662532314,0.0,0.8665791839997574,0.5147002244442545,0.2800618720714723
161.99,0.0,45.0,0.0,0.0,nan,nan,nan,nan,nan,nan,nan,nan,nan,-0.03104559565452414,-0.0005608306662532314,0.0,0.8665791839997574,0.5147002244442545,0.2800618720714723
162.23000000000002,0.0,47.0,0.0,0.0,nan,nan,nan,nan,nan,nan,nan,nan,nan,-0.03104559565452414,-0.0005608306662532314,0.0,0.8665791839997574,0.5147002244442545,0.2800618720714723
162.43,0.0,40.0,0.0,0.0,nan,nan,nan,nan,nan,nan,nan,nan,nan,-0.03104559565452414,-0.0005608306662532314,0.0,0.8665791839997574,0.5147002244442545,0.2800618720714723
162.65,0.0,36.0,0.0,0.0,nan,nan,nan,nan,nan,nan,nan,nan,nan,-0.03104559565452414,-0.0005608306662532314,0.0,0.8665791839997574,0.5147002244442545,0.2800618720714723
162.85,0.0,29.0,0.0,0.0,nan,nan,nan,nan,nan,nan,nan,nan,nan,-0.03104559565452414,-0.0005608306662532314,0.0,0.8665791839997574,0.5147002244442545,0.2800618720714723
163.09,0.0,22.0,0.0,0.0,nan,nan,nan,nan,nan,nan,nan,nan,nan,-0.03104559565452414,-0.0005608306662532314,0.0,0.8665791839997574,0.5147002244442545,0.2800618720714723
163.73000000000002,0.0,32.0,0.0,0.0,nan,nan,nan,nan,nan,nan,nan,nan,nan,-0.03104559565452414,-0.0005608306662532314,0.0,0.8665791839997574,0.5147002244442545,0.2800618720714723
163.89000000000001,0.0,44.0,0.0,0.0,nan,nan,nan,nan,nan,nan,nan,nan,nan,-0.03104559565452414,-0.0005608306662532314,0.0,0.8665791839997574,0.5147002244442545,0.2800618720714723
164.13,0.0,50.0,0.0,0.0,nan,nan,nan,nan,nan,nan,nan,nan,nan,-0.03104559565452414,-0.0005608306662532314,0.0,0.8665791839997574,0.5147002244442545,0.2800618720714723
164.35,0.0,55.0,0.0,0.0,nan,nan,nan,nan,nan,nan,nan,nan,nan,-0.03104559565452414,-0.0005608306662532314,0.0,0.8665791839997574,0.5147002244442545,0.2800618720714723
164.59,0.0,48.0,0.0,0.0,nan,nan,nan,nan,nan,nan,nan,nan,nan,-0.03104559565452414,-0.0005608306662532314,0.0,0.8665791839997574,0.5147002244442545,0.2800618720714723
164.83,0.0,41.0,0.0,0.0,nan,nan,nan,nan,nan,nan,nan,nan,nan,-0.03104559565452414,-0.0005608306662532314,0.0,0.8665791839997574,0.5147002244442545,0.2800618720714723
165.09,0.0,45.0,0.0,0.0,nan,nan,nan,nan,nan,nan,nan,nan,nan,-0.03104559565452414,-0.0005608306662532314,0.0,0.8665791839997574,0.5147002244442545,0.2800618720714723
165.29000000000002,0.0,42.0,0.0,0.0,nan,nan,nan,nan,nan,nan,nan,nan,nan,-0.03104559565452414,-0.0005608306662532314,0.0,0.8665791839997574,0.5147002244442545,0.2800618720714723
165.53,0.0,49.0,0.0,0.0,nan,nan,nan,nan,nan,nan,nan,nan,nan,-0.03104559565452414,-0.0005608306662532314,0.0,0.8665791839997574,0.5147002244442545,0.2800618720714723
165.73000000000002,0.0,34.0,0.0,0.0,nan,nan,nan,nan,nan,nan,nan,nan,nan,-0.03104559565452414,-0.0005608306662532314,0.0,0.8665791839997574,0.5147002244442545,0.2800618720714723
165.95000000000002,0.0,29.0,0.0,0.0,nan,nan,nan,nan,nan,nan,nan,nan,nan,-0.03104559565452414,-0.0005608306662532314,0.0,0.8665791839997574,0.5147002244442545,0.2800618720714723
166.15,0.0,32.0,0.0,0.0,nan,nan,nan,nan,nan,nan,nan,nan,nan,-0.03104559565452414,-0.0005608306662532314,0.0,0.8665791839997574,0.5147002244442545,0.2800618720714723
166.35,0.0,32.0,0.0,0.0,nan,nan,nan,nan,nan,nan,nan,nan,nan,-0.03104559565452414,-0.0005608306662532314,0.0,0.8665791839997574,0.5147002244442545,0.2800618720714723
166.59,0.0,40.0,0.0,0.0,nan,nan,nan,nan,nan,nan,nan,nan,nan,-0.03104559565452414,-0.0005608306662532314,0.0,0.8665791839997574,0.5147002244442545,0.2800618720714723
166.79000000000002,0.0,41.0,0.0,0.0,nan,nan,nan,nan,nan,nan,nan,nan,nan,-0.03104559565452414,-0.0005608306662532314,0.0,0.8665791839997574,0.5147002244442545,0.2800618720714723
167.03,0.0,49.0,0.0,0.0,nan,nan,nan,nan,nan,nan,nan,nan,nan,-0.03104559565452414,-0.0005608306662532314,0.0,0.8665791839997574,0.5147002244442545,0.2800618720714723
167.25,0.0,41.0,0.0,0.0,nan,nan,nan,nan,nan,nan,nan,nan,nan,-0.03104559565452414,-0.0005608306662532314,0.0,0.8665791839997574,0.5147002244442545,0.2800618720714723
167.49,0.0,41.0,0.0,0.0,nan,nan,nan,nan,nan,nan,nan,nan,nan,-0.03104559565452414,-0.0005608306662532314,0.0,0.8665791839997574,0.5147002244442545,0.2800618720714723
167.69,0.0,31.0,0.0,0.0,nan,nan,nan,nan,nan,nan,nan,nan,nan,-0.03104559565452414,-0.0005608306662532314,0.0,0.8665791839997574,0.5147002244442545,0.2800618720714723
167.93,0.0,45.0,0.0,0.0,nan,nan,nan,nan,nan,nan,nan,nan,nan,-0.03104559565452414,-0.0005608306662532314,0.0,0.8665791839997574,0.5147002244442545,0.2800618720714723
168.19,0.0,47.0,0.0,0.0,nan,nan,nan,nan,nan,nan,nan,nan,nan,-0.03104559565452414,-0.0005608306662532314,0.0,0.8665791839997574,0.5147002244442545,0.2800618720714723
168.39000000000001,0.0,56.0,0.0,0.0,nan,nan,nan,nan,nan,nan,nan,nan,nan,-0.03104559565452414,-0.0005608306662532314,0.0,0.8665791839997574,0.5147002244442545,0.2800618720714723
168.63,0.0,65.0,0.0,0.0,nan,nan,nan,nan,nan,nan,nan,nan,nan,-0.03104559565452414,-0.0005608306662532314,0.0,0.8665791839997574,0.5147002244442545,0.2800618720714723
168.83,0.0,36.0,0.0,0.0,nan,nan,nan,nan,nan,nan,nan,nan,nan,-0.03104559565452414,-0.0005608306662532314,0.0,0.8665791839997574,0.5147002244442545,0.2800618720714723
169.05,0.0,59.0,5.0,0.0847457627118644,0.24658219503566473,0.28878472455212495,24.421184014607842,nan,nan,nan,nan,nan,nan,-0.03104559565452414,-0.0005608306662532314,0.0,0.8665791839997574,0.5147002244442545,0.2800618720714723
169.25,0.0,46.0,2.0,0.043478260869565216,0.28184401091795175,0.2917636145103356,24.89935728575686,nan,nan,nan,nan,nan,nan,-0.03104559565452414,-0.0005608306662532314,0.0,0.8665791839997574,0.5147002244442545,0.2800618720714723
169.49,0.0,35.0,0.0,0.0,nan,nan,nan,nan,nan,nan,nan,nan,nan,-0.03104559565452414,-0.0005608306662532314,0.0,0.8665791839997574,0.5147002244442545,0.2800618720714723
169.69,0.0,23.0,0.0,0.0,nan,nan,nan,nan,nan,nan,nan,nan,nan,-0.03104559565452414,-0.0005608306662532314,0.0,0.8665791839997574,0.5147002244442545,0.2800618720714723
169.89000000000001,0.0,18.0,0.0,0.0,nan,nan,nan,nan,nan,nan,nan,nan,nan,-0.03104559565452414,-0.0005608306662532314,0.0,0.8665791839997574,0.5147002244442545,0.2800618720714723
170.35,0.0,20.0,0.0,0.0,nan,nan,nan,nan,nan,nan,nan,nan,nan,-0.03104559565452414,-0.0005608306662532314,0.0,0.8665791839997574,0.5147002244442545,0.2800618720714723
170.55,1.0,39.0,21.0,0.5384615384615384,0.2336822197363746,0.3238580310605767,18.41323336010262,1.0557083159252922,-0.12,0.22232168560984022,-0.42927604720542634,8.556177459862125,-0.6385466390487721,0.6292328524927594,0.8476945591766194,0.0,0.9647538160716629,0.967324159215976,0.9189680764339158
170.79000000000002,1.0,43.0,16.0,0.37209302325581395,0.11743851816502726,0.14613504597976437,12.980817815355456,-0.04042810455989221,-0.12,0.1151855971760101,-0.40056811307933476,8.415945206010969,-0.8487167233718148,-0.03033857755610364,-0.026720822408336176,0.0,0.7709085451735483,0.7658467798182731,0.44443981519343745
171.03,0.0,34.0,4.0,0.11764705882352941,0.3427715642095211,0.349063221287879,12.39100814261618,nan,nan,nan,nan,nan,nan,-0.03033857755610364,-0.026720822408336176,0.0,0.7709085451735483,0.7658467798182731,0.44443981519343745
171.23000000000002,0.0,32.0,0.0,0.0,nan,nan,nan,nan,nan,nan,nan,nan,nan,-0.03033857755610364,-0.026720822408336176,0.0,0.7709085451735483,0.7658467798182731,0.44443981519343745
171.45000000000002,0.0,34.0,0.0,0.0,nan,nan,nan,nan,nan,nan,nan,nan,nan,-0.03033857755610364,-0.026720822408336176,0.0,0.7709085451735483,0.7658467798182731,0.44443981519343745
171.69,0.0,37.0,0.0,0.0,nan,nan,nan,nan,nan,nan,nan,nan,nan,-0.03033857755610364,-0.026720822408336176,0.0,0.7709085451735483,0.7658467798182731,0.44443981519343745
171.93,0.0,31.0,0.0,0.0,nan,nan,nan,nan,nan,nan,nan,nan,nan,-0.03033857755610364,-0.026720822408336176,0.0,0.7709085451735483,0.7658467798182731,0.44443981519343745
172.15,0.0,32.0,0.0,0.0,nan,nan,nan,nan,nan,nan,nan,nan,nan,-0.03033857755610364,-0.026720822408336176,0.0,0.7709085451735483,0.7658467798182731,0.44443981519343745
172.35,0.0,28.0,0.0,0.0,nan,nan,nan,nan,nan,nan,nan,nan,nan,-0.03033857755610364,-0.026720822408336176,0.0,0.7709085451735483,0.7658467798182731,0.44443981519343745
172.59,0.0,29.0,0.0,0.0,nan,nan,nan,nan,nan,nan,nan,nan,nan,-0.03033857755610364,-0.026720822408336176,0.0,0.7709085451735483,0.7658467798182731,0.44443981519343745
172.79000000000002,0.0,32.0,0.0,0.0,nan,nan,nan,nan,nan,nan,nan,nan,nan,-0.03033857755610364,-0.026720822408336176,0.0,0.7709085451735483,0.7658467798182731,0.44443981519343745
172.99,0.0,31.0,0.0,0.0,nan,nan,nan,nan,nan,nan,nan,nan,nan,-0.03033857755610364,-0.026720822408336176,0.0,0.7709085451735483,0.7658467798182731,0.44443981519343745
173.23000000000002,0.0,54.0,7.0,0.12962962962962962,0.12955899644947136,0.3122515787482831,9.568650621477465,nan,nan,nan,nan,nan,nan,-0.03033857755610364,-0.026720822408336176,0.0,0.7709085451735483,0.7658467798182731,0.44443981519343745
173.43,0.0,57.0,2.0,0.03508771929824561,0.24099290591724487,0.242242015387356,14.051000930616608,nan,nan,nan,nan,nan,nan,-0.03033857755610364,-0.026720822408336176,0.0,0.7709085451735483,0.7658467798182731,0.44443981519343745
173.63,0.0,61.0,0.0,0.0,nan,nan,nan,nan,nan,nan,nan,nan,nan,-0.03033857755610364,-0.026720822408336176,0.0,0.7709085451735483,0.7658467798182731,0.44443981519343745
173.85,0.0,64.0,0.0,0.0,nan,nan,nan,nan,nan,nan,nan,nan,nan,-0.03033857755610364,-0.026720822408336176,0.0,0.7709085451735483,0.7658467798182731,0.44443981519343745
174.09,0.0,66.0,0.0,0.0,nan,nan,nan,nan,nan,nan,nan,nan,nan,-0.03033857755610364,-0.026720822408336176,0.0,0.7709085451735483,0.7658467798182731,0.44443981519343745
174.33,0.0,49.0,0.0,0.0,nan,nan,nan,nan,nan,nan,nan,nan,nan,-0.03033857755610364,-0.026720822408336176,0.0,0.7709085451735483,0.7658467798182731,0.44443981519343745
174.53,0.0,44.0,0.0,0.0,nan,nan,nan,nan,nan,nan,nan,nan,nan,-0.03033857755610364,-0.026720822408336176,0.0,0.7709085451735483,0.7658467798182731,0.44443981519343745
174.75,0.0,32.0,0.0,0.0,nan,nan,nan,nan,nan,nan,nan,nan,nan,-0.03033857755610364,-0.026720822408336176,0.0,0.7709085451735483,0.7658467798182731,0.44443981519343745
174.99,0.0,29.0,0.0,0.0,nan,nan,nan,nan,nan,nan,nan,nan,nan,-0.03033857755610364,-0.026720822408336176,0.0,0.7709085451735483,0.7658467798182731,0.44443981519343745
175.23000000000002,0.0,33.0,0.0,0.0,nan,nan,nan,nan,nan,nan,nan,nan,nan,-0.03033857755610364,-0.026720822408336176,0.0,0.7709085451735483,0.7658467798182731,0.44443981519343745
175.39000000000001,0.0,38.0,0.0,0.0,nan,nan,nan,nan,nan,nan,nan,nan,nan,-0.03033857755610364,-0.026720822408336176,0.0,0.7709085451735483,0.7658467798182731,0.44443981519343745
176.23000000000002,0.0,35.0,0.0,0.0,nan,nan,nan,nan,nan,nan,nan,nan,nan,-0.03033857755610364,-0.026720822408336176,0.0,0.7709085451735483,0.7658467798182731,0.44443981519343745
176.43,0.0,42.0,0.0,0.0,nan,nan,nan,nan,nan,nan,nan,nan,nan,-0.03033857755610364,-0.026720822408336176,0.0,0.7709085451735483,0.7658467798182731,0.44443981519343745
176.65,0.0,50.0,0.0,0.0,nan,nan,nan,nan,nan,nan,nan,nan,nan,-0.03033857755610364,-0.026720822408336176,0.0,0.7709085451735483,0.7658467798182731,0.44443981519343745
176.89000000000001,0.0,37.0,0.0,0.0,nan,nan,nan,nan,nan,nan,nan,nan,nan,-0.03033857755610364,-0.026720822408336176,0.0,0.7709085451735483,0.7658467798182731,0.44443981519343745
177.13,0.0,32.0,0.0,0.0,nan,nan,nan,nan,nan,nan,nan,nan,nan,-0.03033857755610364,-0.026720822408336176,0.0,0.7709085451735483,0.7658467798182731,0.44443981519343745
177.35,0.0,28.0,0.0,0.0,nan,nan,nan,nan,nan,nan,nan,nan,nan,-0.03033857755610364,-0.026720822408336176,0.0,0.7709085451735483,0.7658467798182731,0.44443981519343745
177.59,0.0,30.0,0.0,0.0,nan,nan,nan,nan,nan,nan,nan,nan,nan,-0.03033857755610364,-0.026720822408336176,0.0,0.7709085451735483,0.7658467798182731,0.44443981519343745
177.83,0.0,29.0,0.0,0.0,nan,nan,nan,nan,nan,nan,nan,nan,nan,-0.03033857755610364,-0.026720822408336176,0.0,0.7709085451735483,0.7658467798182731,0.44443981519343745
178.05,0.0,26.0,0.0,0.0,nan,nan,nan,nan,nan,nan,nan,nan,nan,-0.03033857755610364,-0.026720822408336176,0.0,0.7709085451735483,0.7658467798182731,0.44443981519343745
178.29000000000002,0.0,66.0,0.0,0.0,nan,nan,nan,nan,nan,nan,nan,nan,nan,-0.03033857755610364,-0.026720822408336176,0.0,0.7709085451735483,0.7658467798182731,0.44443981519343745
178.53,0.0,81.0,0.0,0.0,nan,nan,nan,nan,nan,nan,nan,nan,nan,-0.03033857755610364,-0.026720822408336176,0.0,0.7709085451735483,0.7658467798182731,0.44443981519343745
178.73000000000002,0.0,12.0,0.0,0.0,nan,nan,nan,nan,nan,nan,nan,nan,nan,-0.03033857755610364,-0.026720822408336176,0.0,0.7709085451735483,0.7658467798182731,0.44443981519343745
178.95000000000002,0.0,50.0,0.0,0.0,nan,nan,nan,nan,nan,nan,nan,nan,nan,-0.03033857755610364,-0.026720822408336176,0.0,0.7709085451735483,0.7658467798182731,0.44443981519343745
179.19,0.0,36.0,0.0,0.0,nan,nan,nan,nan,nan,nan,nan,nan,nan,-0.03033857755610364,-0.026720822408336176,0.0,0.7709085451735483,0.7658467798182731,0.44443981519343745
179.39000000000001,0.0,21.0,0.0,0.0,nan,nan,nan,nan,nan,nan,nan,nan,nan,-0.03033857755610364,-0.026720822408336176,0.0,0.7709085451735483,0.7658467798182731,0.44443981519343745
179.63,0.0,21.0,0.0,0.0,nan,nan,nan,nan,nan,nan,nan,nan,nan,-0.03033857755610364,-0.026720822408336176,0.0,0.7709085451735483,0.7658467798182731,0.44443981519343745
179.85,0.0,26.0,0.0,0.0,nan,nan,nan,nan,nan,nan,nan,nan,nan,-0.03033857755610364,-0.026720822408336176,0.0,0.7709085451735483,0.7658467798182731,0.44443981519343745
180.05,0.0,13.0,0.0,0.0,nan,nan,nan,nan,nan,nan,nan,nan,nan,-0.03033857755610364,-0.026720822408336176,0.0,0.7709085451735483,0.7658467798182731,0.44443981519343745
180.53,0.0,20.0,0.0,0.0,nan,nan,nan,nan,nan,nan,nan,nan,nan,-0.03033857755610364,-0.026720822408336176,0.0,0.7709085451735483,0.7658467798182731,0.44443981519343745
180.75,0.0,28.0,1.0,0.03571428571428571,0.0329974610999984,0.0329974610999984,18.773049234941535,nan,nan,nan,nan,nan,nan,-0.03033857755610364,-0.026720822408336176,0.0,0.7709085451735483,0.7658467798182731,0.44443981519343745
180.99,0.0,35.0,5.0,0.14285714285714285,0.08378113202346407,0.10261096501703484,6.527418916163404,nan,nan,nan,nan,nan,nan,-0.03033857755610364,-0.026720822408336176,0.0,0.7709085451735483,0.7658467798182731,0.44443981519343745
181.23000000000002,1.0,30.0,9.0,0.3,0.028357357093108507,0.06699168395678996,7.044474797328716,0.188765749922492,-0.12,0.03183345406450811,-1.8585075998975158,5.239471644221527,-1.9211948156838845,0.17729558738483164,-0.06479801723562506,0.0,0.9907724598009326,0.9902538140452535,0.665651895839242
181.45000000000002,1.0,23.0,14.0,0.6086956521739131,0.01995646429145894,0.028835640648856672,8.656222334292769,0.4747229212071695,-0.09557453555545295,0.013453785871354011,-1.4099812011179589,5.031070254252366,-1.787248881929604,0.4636454824655709,-0.10195449234210585,0.0,0.8642418495757687,0.6754971982691707,0.5260811349498359
181.69,1.0,22.0,16.0,0.7272727272727273,0.028182059292394063,0.10190290096098209,12.024425253701146,0.43132539325800356,-0.12,0.03378810271535959,-1.0527675883755296,4.890294475461592,-1.667909516604501,0.4292930824589434,-0.04182157603522718,0.0,0.8748183690452146,0.5635603696123267,0.41175828392259617
181.89000000000001,1.0,24.0,18.0,0.75,0.019857017650770376,0.03626796179252102,6.478738503005319,-0.07768954476786577,-0.12,0.01606825477070116,-1.18140398938393,4.786769237877039,-1.585680009837343,-0.077680939876547,0.0011562638688964455,0.0,0.8636427738767902,0.5267635117314802,0.3575562086451516
182.09,1.0,16.0,16.0,1.0,0.016734425581286856,0.03267202190642927,2.259630420245207,-0.13872292282853568,-0.12,0.013290563873981384,-1.2961705996524993,4.673212406345709,-1.4823978535884508,-0.13818126511009687,-0.012246929846496002,0.0,0.8447855479218982,0.47620591728300893,0.2863907959782844
182.75,1.0,27.0,8.0,0.2962962962962963,0.16705395265609946,0.2649593611248198,14.696678359318708,-0.5998638170924168,0.12,0.18161356765216966,-1.636504907446969,4.058718418602012,-0.9944458548515351,-0.5029600787348973,-0.32690634477732416,0.0,0.36704730786553397,0.12300272956714403,0.21968860791169967
182.99,1.0,53.0,36.0,0.6792452830188679,0.16169385953372498,0.30187635812245245,10.460784363949585,0.32200941325773874,-0.12,0.19223475330698186,-1.0393725344543059,4.438718462661824,-0.7838240539451088,0.2273363408605209,0.22805317439303963,0.0,0.5913979486771548,0.3960352128142454,0.518626127965088
183.23000000000002,1.0,62.0,22.0,0.3548387096774194,0.05063998219752735,0.07495792544710225,5.25369000110665,-0.10160972455591519,-0.12,0.04694595254883709,-1.0421882581586244,4.195971550716703,-0.5559507402759055,-0.05362464355013563,-0.08630720554188898,0.0,0.868893473071231,0.8886456419494194,0.33092027141500213
183.63,0.0,71.0,23.0,0.323943661971831,0.14802929005912235,0.19808731834935372,10.020518864635916,nan,nan,nan,nan,nan,nan,-0.05362464355013563,-0.08630720554188898,0.0,0.868893473071231,0.8886456419494194,0.33092027141500213
183.73000000000002,0.0,60.0,14.0,0.23333333333333334,0.06954964894361938,0.09210644362457289,4.78279098207874,nan,nan,nan,nan,nan,nan,-0.05362464355013563,-0.08630720554188898,0.0,0.868893473071231,0.8886456419494194,0.33092027141500213
183.95000000000002,0.0,45.0,4.0,0.08888888888888889,0.09402390719009679,0.11655965076078649,8.472591188314246,nan,nan,nan,nan,nan,nan,-0.05362464355013563,-0.08630720554188898,0.0,0.868893473071231,0.8886456419494194,0.33092027141500213
184.19,0.0,27.0,0.0,0.0,nan,nan,nan,nan,nan,nan,nan,nan,nan,-0.05362464355013563,-0.08630720554188898,0.0,0.868893473071231,0.8886456419494194,0.33092027141500213
184.39000000000001,0.0,20.0,0.0,0.0,nan,nan,nan,nan,nan,nan,nan,nan,nan,-0.05362464355013563,-0.08630720554188898,0.0,0.868893473071231,0.8886456419494194,0.33092027141500213
184.65,0.0,17.0,0.0,0.0,nan,nan,nan,nan,nan,nan,nan,nan,nan,-0.05362464355013563,-0.08630720554188898,0.0,0.868893473071231,0.8886456419494194,0.33092027141500213
185.49,0.0,27.0,0.0,0.0,nan,nan,nan,nan,nan,nan,nan,nan,nan,-0.05362464355013563,-0.08630720554188898,0.0,0.868893473071231,0.8886456419494194,0.33092027141500213
185.73000000000002,0.0,19.0,0.0,0.0,nan,nan,nan,nan,nan,nan,nan,nan,nan,-0.05362464355013563,-0.08630720554188898,0.0,0.868893473071231,0.8886456419494194,0.33092027141500213
185.93,0.0,30.0,0.0,0.0,nan,nan,nan,nan,nan,nan,nan,nan,nan,-0.05362464355013563,-0.08630720554188898,0.0,0.868893473071231,0.8886456419494194,0.33092027141500213
186.15,0.0,26.0,0.0,0.0,nan,nan,nan,nan,nan,nan,nan,nan,nan,-0.05362464355013563,-0.08630720554188898,0.0,0.868893473071231,0.8886456419494194,0.33092027141500213
186.39000000000001,0.0,29.0,0.0,0.0,nan,nan,nan,nan,nan,nan,nan,nan,nan,-0.05362464355013563,-0.08630720554188898,0.0,0.868893473071231,0.8886456419494194,0.33092027141500213
186.63,0.0,26.0,0.0,0.0,nan,nan,nan,nan,nan,nan,nan,nan,nan,-0.05362464355013563,-0.08630720554188898,0.0,0.868893473071231,0.8886456419494194,0.33092027141500213
186.83,0.0,16.0,0.0,0.0,nan,nan,nan,nan,nan,nan,nan,nan,nan,-0.05362464355013563,-0.08630720554188898,0.0,0.868893473071231,0.8886456419494194,0.33092027141500213
187.03,0.0,16.0,2.0,0.125,0.024135170884802132,0.02571923846815221,22.57746668208993,nan,nan,nan,nan,nan,nan,-0.05362464355013563,-0.08630720554188898,0.0,0.868893473071231,0.8886456419494194,0.33092027141500213
187.25,1.0,48.0,8.0,0.16666666666666666,0.016241574133200373,0.03083258765203093,7.565864951134239,-0.04421541337271835,0.046362708430861176,0.007737979591260048,-0.07556345927860277,3.038759229250035,-2.0179080290989138,-0.03986902296949319,0.01911710718645443,0.0,0.9623719441656948,0.9587802225010368,0.4737642313707851
187.49,0.0,68.0,21.0,0.3088235294117647,0.016032634786110604,0.03382863961141553,6.033884804393242,nan,nan,nan,nan,nan,nan,-0.03986902296949319,0.01911710718645443,0.0,0.9623719441656948,0.9587802225010368,0.4737642313707851
187.73000000000002,1.0,73.0,15.0,0.2054794520547945,0.03994420172302037,0.11180340367400111,13.168937562139723,0.23888273938049873,-0.12,0.031580903763319935,-0.09130394221789923,2.695282043668775,-2.438421262052286,0.15447114833658093,-0.18221862557244073,0.0,0.8452279027436552,0.8341688732524386,0.5159148080232383
187.95000000000002,1.0,84.0,20.0,0.23809523809523808,0.026668396011752693,0.08720508123434545,8.835992460786208,-0.19127330075950116,0.02059091808435789,0.028536611324849255,-0.29287151407790435,2.8291317144240566,-2.617020949769315,-0.09579776825420319,0.16555441154179062,0.0,0.6871383661741665,0.813276243039914,0.4447560148823903
188.19,1.0,71.0,17.0,0.23943661971830985,0.024808656359708258,0.0704210288925455,6.389525434440136,-0.02292234285594963,0.017112999654799357,0.025031927197085958,-0.403512808534126,2.794412538426199,-2.7695844968875565,-0.00833197274307923,0.021354438232233708,0.0,0.5616740745769646,0.7584780142268088,0.32598706296696456
188.43,0.0,58.0,3.0,0.05172413793103448,0.01788137281262176,0.034536336271373126,10.173352644034486,nan,nan,nan,nan,nan,nan,-0.00833197274307923,0.021354438232233708,0.0,0.5616740745769646,0.7584780142268088,0.32598706296696456
188.63,0.0,41.0,2.0,0.04878048780487805,0.0342790824665489,0.04766802638148494,11.493272582908057,nan,nan,nan,nan,nan,nan,-0.00833197274307923,0.021354438232233708,0.0,0.5616740745769646,0.7584780142268088,0.32598706296696456
188.85,0.0,26.0,0.0,0.0,nan,nan,nan,nan,nan,nan,nan,nan,nan,-0.00833197274307923,0.021354438232233708,0.0,0.5616740745769646,0.7584780142268088,0.32598706296696456
189.05,0.0,22.0,0.0,0.0,nan,nan,nan,nan,nan,nan,nan,nan,nan,-0.00833197274307923,0.021354438232233708,0.0,0.5616740745769646,0.7584780142268088,0.32598706296696456
189.25,0.0,13.0,0.0,0.0,nan,nan,nan,nan,nan,nan,nan,nan,nan,-0.00833197274307923,0.021354438232233708,0.0,0.5616740745769646,0.7584780142268088,0.32598706296696456
189.45000000000002,0.0,12.0,1.0,0.08333333333333333,0.34742399654503814,0.34742399654503814,12.454448044632421,nan,nan,nan,nan,nan,nan,-0.00833197274307923,0.021354438232233708,0.0,0.5616740745769646,0.7584780142268088,0.32598706296696456
189.69,0.0,20.0,2.0,0.1,0.34439067562541914,0.34513174483365455,16.094761023170136,nan,nan,nan,nan,nan,nan,-0.00833197274307923,0.021354438232233708,0.0,0.5616740745769646,0.7584780142268088,0.32598706296696456
189.89000000000001,0.0,15.0,2.0,0.13333333333333333,0.32734575207027927,0.33542758020931135,15.664296649811773,nan,nan,nan,nan,nan,nan,-0.00833197274307923,0.021354438232233708,0.0,0.5616740745769646,0.7584780142268088,0.32598706296696456
190.13,0.0,16.0,4.0,0.25,0.26193255043277025,0.3283471669898278,19.104908296620213,nan,nan,nan,nan,nan,nan,-0.00833197274307923,0.021354438232233708,0.0,0.5616740745769646,0.7584780142268088,0.32598706296696456
190.53,0.0,16.0,4.0,0.25,0.26193255043277025,0.3283471669898278,19.104908296620213,nan,nan,nan,nan,nan,nan,-0.00833197274307923,0.021354438232233708,0.0,0.5616740745769646,0.7584780142268088,0.32598706296696456
190.63,0.0,17.0,6.0,0.35294117647058826,0.10522316712453579,0.11848834528951706,2.723146904372996,nan,nan,nan,nan,nan,nan,-0.00833197274307923,0.021354438232233708,0.0,0.5616740745769646,0.7584780142268088,0.32598706296696456
191.73000000000002,0.0,45.0,0.0,0.0,nan,nan,nan,nan,nan,nan,nan,nan,nan,-0.00833197274307923,0.021354438232233708,0.0,0.5616740745769646,0.7584780142268088,0.32598706296696456
191.93,0.0,38.0,0.0,0.0,nan,nan,nan,nan,nan,nan,nan,nan,nan,-0.00833197274307923,0.021354438232233708,0.0,0.5616740745769646,0.7584780142268088,0.32598706296696456
192.15,0.0,34.0,0.0,0.0,nan,nan,nan,nan,nan,nan,nan,nan,nan,-0.00833197274307923,0.021354438232233708,0.0,0.5616740745769646,0.7584780142268088,0.32598706296696456
192.35,0.0,30.0,0.0,0.0,nan,nan,nan,nan,nan,nan,nan,nan,nan,-0.00833197274307923,0.021354438232233708,0.0,0.5616740745769646,0.7584780142268088,0.32598706296696456
192.59,0.0,28.0,0.0,0.0,nan,nan,nan,nan,nan,nan,nan,nan,nan,-0.00833197274307923,0.021354438232233708,0.0,0.5616740745769646,0.7584780142268088,0.32598706296696456
192.79000000000002,0.0,22.0,0.0,0.0,nan,nan,nan,nan,nan,nan,nan,nan,nan,-0.00833197274307923,0.021354438232233708,0.0,0.5616740745769646,0.7584780142268088,0.32598706296696456
192.99,0.0,24.0,0.0,0.0,nan,nan,nan,nan,nan,nan,nan,nan,nan,-0.00833197274307923,0.021354438232233708,0.0,0.5616740745769646,0.7584780142268088,0.32598706296696456
193.23000000000002,0.0,26.0,0.0,0.0,nan,nan,nan,nan,nan,nan,nan,nan,nan,-0.00833197274307923,0.021354438232233708,0.0,0.5616740745769646,0.7584780142268088,0.32598706296696456
193.43,0.0,22.0,0.0,0.0,nan,nan,nan,nan,nan,nan,nan,nan,nan,-0.00833197274307923,0.021354438232233708,0.0,0.5616740745769646,0.7584780142268088,0.32598706296696456
193.65,0.0,18.0,0.0,0.0,nan,nan,nan,nan,nan,nan,nan,nan,nan,-0.00833197274307923,0.021354438232233708,0.0,0.5616740745769646,0.7584780142268088,0.32598706296696456
193.89000000000001,0.0,33.0,0.0,0.0,nan,nan,nan,nan,nan,nan,nan,nan,nan,-0.00833197274307923,0.021354438232233708,0.0,0.5616740745769646,0.7584780142268088,0.32598706296696456
194.13,0.0,31.0,0.0,0.0,nan,nan,nan,nan,nan,nan,nan,nan,nan,-0.00833197274307923,0.021354438232233708,0.0,0.5616740745769646,0.7584780142268088,0.32598706296696456
194.35,0.0,35.0,0.0,0.0,nan,nan,nan,nan,nan,nan,nan,nan,nan,-0.00833197274307923,0.021354438232233708,0.0,0.5616740745769646,0.7584780142268088,0.32598706296696456
194.59,0.0,36.0,0.0,0.0,nan,nan,nan,nan,nan,nan,nan,nan,nan,-0.00833197274307923,0.021354438232233708,0.0,0.5616740745769646,0.7584780142268088,0.32598706296696456
194.83,0.0,40.0,0.0,0.0,nan,nan,nan,nan,nan,nan,nan,nan,nan,-0.00833197274307923,0.021354438232233708,0.0,0.5616740745769646,0.7584780142268088,0.32598706296696456
195.03,0.0,43.0,0.0,0.0,nan,nan,nan,nan,nan,nan,nan,nan,nan,-0.00833197274307923,0.021354438232233708,0.0,0.5616740745769646,0.7584780142268088,0.32598706296696456
195.23000000000002,0.0,41.0,0.0,0.0,nan,nan,nan,nan,nan,nan,nan,nan,nan,-0.00833197274307923,0.021354438232233708,0.0,0.5616740745769646,0.7584780142268088,0.32598706296696456
195.45000000000002,0.0,45.0,0.0,0.0,nan,nan,nan,nan,nan,nan,nan,nan,nan,-0.00833197274307923,0.021354438232233708,0.0,0.5616740745769646,0.7584780142268088,0.32598706296696456
195.69,0.0,46.0,0.0,0.0,nan,nan,nan,nan,nan,nan,nan,nan,nan,-0.00833197274307923,0.021354438232233708,0.0,0.5616740745769646,0.7584780142268088,0.32598706296696456
195.89000000000001,0.0,50.0,0.0,0.0,nan,nan,nan,nan,nan,nan,nan,nan,nan,-0.00833197274307923,0.021354438232233708,0.0,0.5616740745769646,0.7584780142268088,0.32598706296696456
196.13,0.0,38.0,0.0,0.0,nan,nan,nan,nan,nan,nan,nan,nan,nan,-0.00833197274307923,0.021354438232233708,0.0,0.5616740745769646,0.7584780142268088,0.32598706296696456
196.33,0.0,35.0,0.0,0.0,nan,nan,nan,nan,nan,nan,nan,nan,nan,-0.00833197274307923,0.021354438232233708,0.0,0.5616740745769646,0.7584780142268088,0.32598706296696456
196.55,0.0,65.0,0.0,0.0,nan,nan,nan,nan,nan,nan,nan,nan,nan,-0.00833197274307923,0.021354438232233708,0.0,0.5616740745769646,0.7584780142268088,0.32598706296696456
196.79000000000002,0.0,58.0,0.0,0.0,nan,nan,nan,nan,nan,nan,nan,nan,nan,-0.00833197274307923,0.021354438232233708,0.0,0.5616740745769646,0.7584780142268088,0.32598706296696456
197.03,0.0,55.0,0.0,0.0,nan,nan,nan,nan,nan,nan,nan,nan,nan,-0.00833197274307923,0.021354438232233708,0.0,0.5616740745769646,0.7584780142268088,0.32598706296696456
197.25,0.0,54.0,0.0,0.0,nan,nan,nan,nan,nan,nan,nan,nan,nan,-0.00833197274307923,0.021354438232233708,0.0,0.5616740745769646,0.7584780142268088,0.32598706296696456
197.49,0.0,52.0,0.0,0.0,nan,nan,nan,nan,nan,nan,nan,nan,nan,-0.00833197274307923,0.021354438232233708,0.0,0.5616740745769646,0.7584780142268088,0.32598706296696456
197.73000000000002,0.0,30.0,0.0,0.0,nan,nan,nan,nan,nan,nan,nan,nan,nan,-0.00833197274307923,0.021354438232233708,0.0,0.5616740745769646,0.7584780142268088,0.32598706296696456
197.95000000000002,0.0,27.0,0.0,0.0,nan,nan,nan,nan,nan,nan,nan,nan,nan,-0.00833197274307923,0.021354438232233708,0.0,0.5616740745769646,0.7584780142268088,0.32598706296696456
198.19,0.0,21.0,0.0,0.0,nan,nan,nan,nan,nan,nan,nan,nan,nan,-0.00833197274307923,0.021354438232233708,0.0,0.5616740745769646,0.7584780142268088,0.32598706296696456
198.99,0.0,22.0,6.0,0.2727272727272727,0.31317240271647,0.319085619024606,10.23778233570677,nan,nan,nan,nan,nan,nan,-0.00833197274307923,0.021354438232233708,0.0,0.5616740745769646,0.7584780142268088,0.32598706296696456
199.19,1.0,42.0,8.0,0.19047619047619047,0.11679195754039615,0.13639809837177744,12.647927680097132,0.15627019563018726,0.12,0.1148066200009776,2.7852300960389327,2.025071972378472,0.8229907387623671,-0.11457463556312542,0.10626865449357115,0.0,0.8656182230179021,0.9644165916762236,0.6458352379408934
199.43,0.0,36.0,6.0,0.16666666666666666,0.23844544612154853,0.2706311992842346,13.761249718026065,nan,nan,nan,nan,nan,nan,-0.11457463556312542,0.10626865449357115,0.0,0.8656182230179021,0.9644165916762236,0.6458352379408934
199.65,0.0,34.0,5.0,0.14705882352941177,0.0525587015676597,0.07144534598883111,11.9973001587847,nan,nan,nan,nan,nan,nan,-0.11457463556312542,0.10626865449357115,0.0,0.8656182230179021,0.9644165916762236,0.6458352379408934
199.89000000000001,0.0,37.0,3.0,0.08108108108108109,0.26139784822874995,0.27541837917758333,11.71870671178555,nan,nan,nan,nan,nan,nan,-0.11457463556312542,0.10626865449357115,0.0,0.8656182230179021,0.9644165916762236,0.6458352379408934
200.09,0.0,34.0,0.0,0.0,nan,nan,nan,nan,nan,nan,nan,nan,nan,-0.11457463556312542,0.10626865449357115,0.0,0.8656182230179021,0.9644165916762236,0.6458352379408934
200.33,0.0,33.0,0.0,0.0,nan,nan,nan,nan,nan,nan,nan,nan,nan,-0.11457463556312542,0.10626865449357115,0.0,0.8656182230179021,0.9644165916762236,0.6458352379408934
200.55,0.0,35.0,0.0,0.0,nan,nan,nan,nan,nan,nan,nan,nan,nan,-0.11457463556312542,0.10626865449357115,0.0,0.8656182230179021,0.9644165916762236,0.6458352379408934
200.79000000000002,0.0,43.0,0.0,0.0,nan,nan,nan,nan,nan,nan,nan,nan,nan,-0.11457463556312542,0.10626865449357115,0.0,0.8656182230179021,0.9644165916762236,0.6458352379408934
200.99,0.0,40.0,0.0,0.0,nan,nan,nan,nan,nan,nan,nan,nan,nan,-0.11457463556312542,0.10626865449357115,0.0,0.8656182230179021,0.9644165916762236,0.6458352379408934
201.23000000000002,0.0,32.0,0.0,0.0,nan,nan,nan,nan,nan,nan,nan,nan,nan,-0.11457463556312542,0.10626865449357115,0.0,0.8656182230179021,0.9644165916762236,0.6458352379408934
201.43,0.0,31.0,0.0,0.0,nan,nan,nan,nan,nan,nan,nan,nan,nan,-0.11457463556312542,0.10626865449357115,0.0,0.8656182230179021,0.9644165916762236,0.6458352379408934
201.65,0.0,28.0,0.0,0.0,nan,nan,nan,nan,nan,nan,nan,nan,nan,-0.11457463556312542,0.10626865449357115,0.0,0.8656182230179021,0.9644165916762236,0.6458352379408934
201.85,0.0,42.0,0.0,0.0,nan,nan,nan,nan,nan,nan,nan,nan,nan,-0.11457463556312542,0.10626865449357115,0.0,0.8656182230179021,0.9644165916762236,0.6458352379408934
202.09,0.0,42.0,0.0,0.0,nan,nan,nan,nan,nan,nan,nan,nan,nan,-0.11457463556312542,0.10626865449357115,0.0,0.8656182230179021,0.9644165916762236,0.6458352379408934
202.29000000000002,1.0,48.0,18.0,0.375,0.029776634375935505,0.06310131281397889,7.614331377877009,0.21073810726102893,-0.03134597917475655,0.028918247594591058,2.827299102242291,3.6282685537395833,1.181280165624646,-0.19495232710427945,0.08002587087053126,0.0,0.9890241155762893,0.9569938041406229,0.7234589953053335
202.49,1.0,46.0,8.0,0.17391304347826086,0.08851609432355848,0.16277203146581123,13.298535186124045,-0.5328207561401591,0.12,0.09082316220182646,3.3554279982463306,3.5139320148346305,1.1726766458298523,0.49114969520675045,-0.20656702319607323,0.0,0.421466955928709,0.20752316733873996,0.26630727951593786
202.73000000000002,0.0,52.0,1.0,0.019230769230769232,0.0788314153052174,0.0788314153052174,1.4381683273805856,nan,nan,nan,nan,nan,nan,0.49114969520675045,-0.20656702319607323,0.0,0.421466955928709,0.20752316733873996,0.26630727951593786
202.93,0.0,50.0,5.0,0.1,0.060246733880625666,0.06557170260589239,13.20229909066777,nan,nan,nan,nan,nan,nan,0.49114969520675045,-0.20656702319607323,0.0,0.421466955928709,0.20752316733873996,0.26630727951593786
203.15,0.0,52.0,7.0,0.1346153846153846,0.05923058569880201,0.10435771005652521,8.35765485411605,nan,nan,nan,nan,nan,nan,0.49114969520675045,-0.20656702319607323,0.0,0.421466955928709,0.20752316733873996,0.26630727951593786
203.39000000000001,0.0,48.0,7.0,0.14583333333333334,0.06027412362495326,0.09008009343693388,9.432377165987026,nan,nan,nan,nan,nan,nan,0.49114969520675045,-0.20656702319607323,0.0,0.421466955928709,0.20752316733873996,0.26630727951593786
203.63,0.0,45.0,6.0,0.13333333333333333,0.038492932743811326,0.05985626881503965,15.17962687183113,nan,nan,nan,nan,nan,nan,0.49114969520675045,-0.20656702319607323,0.0,0.421466955928709,0.20752316733873996,0.26630727951593786
203.85,0.0,47.0,3.0,0.06382978723404255,0.02372826716123778,0.029832163129194855,5.453242330301672,nan,nan,nan,nan,nan,nan,0.49114969520675045,-0.20656702319607323,0.0,0.421466955928709,0.20752316733873996,0.26630727951593786
204.09,0.0,38.0,2.0,0.05263157894736842,0.010128974941334188,0.015586105956051342,2.0522437485140377,nan,nan,nan,nan,nan,nan,0.49114969520675045,-0.20656702319607323,0.0,0.421466955928709,0.20752316733873996,0.26630727951593786
204.33,0.0,37.0,2.0,0.05405405405405406,0.01862164854077637,0.026800282607178462,4.1529478727062195,nan,nan,nan,nan,nan,nan,0.49114969520675045,-0.20656702319607323,0.0,0.421466955928709,0.20752316733873996,0.26630727951593786
204.53,0.0,49.0,2.0,0.04081632653061224,0.06839247393608269,0.08715722806378816,11.444027824940907,nan,nan,nan,nan,nan,nan,0.49114969520675045,-0.20656702319607323,0.0,0.421466955928709,0.20752316733873996,0.26630727951593786
204.79000000000002,0.0,42.0,0.0,0.0,nan,nan,nan,nan,nan,nan,nan,nan,nan,0.49114969520675045,-0.20656702319607323,0.0,0.421466955928709,0.20752316733873996,0.26630727951593786
204.99,0.0,48.0,0.0,0.0,nan,nan,nan,nan,nan,nan,nan,nan,nan,0.49114969520675045,-0.20656702319607323,0.0,0.421466955928709,0.20752316733873996,0.26630727951593786
205.19,0.0,37.0,0.0,0.0,nan,nan,nan,nan,nan,nan,nan,nan,nan,0.49114969520675045,-0.20656702319607323,0.0,0.421466955928709,0.20752316733873996,0.26630727951593786
205.39000000000001,0.0,41.0,0.0,0.0,nan,nan,nan,nan,nan,nan,nan,nan,nan,0.49114969520675045,-0.20656702319607323,0.0,0.421466955928709,0.20752316733873996,0.26630727951593786
205.59,0.0,45.0,0.0,0.0,nan,nan,nan,nan,nan,nan,nan,nan,nan,0.49114969520675045,-0.20656702319607323,0.0,0.421466955928709,0.20752316733873996,0.26630727951593786
205.83,0.0,28.0,0.0,0.0,nan,nan,nan,nan,nan,nan,nan,nan,nan,0.49114969520675045,-0.20656702319607323,0.0,0.421466955928709,0.20752316733873996,0.26630727951593786
206.03,0.0,42.0,0.0,0.0,nan,nan,nan,nan,nan,nan,nan,nan,nan,0.49114969520675045,-0.20656702319607323,0.0,0.421466955928709,0.20752316733873996,0.26630727951593786
206.23000000000002,0.0,30.0,0.0,0.0,nan,nan,nan,nan,nan,nan,nan,nan,nan,0.49114969520675045,-0.20656702319607323,0.0,0.421466955928709,0.20752316733873996,0.26630727951593786
206.63,0.0,35.0,0.0,0.0,nan,nan,nan,nan,nan,nan,nan,nan,nan,0.49114969520675045,-0.20656702319607323,0.0,0.421466955928709,0.20752316733873996,0.26630727951593786
206.69,0.0,36.0,0.0,0.0,nan,nan,nan,nan,nan,nan,nan,nan,nan,0.49114969520675045,-0.20656702319607323,0.0,0.421466955928709,0.20752316733873996,0.26630727951593786
206.89000000000001,0.0,38.0,0.0,0.0,nan,nan,nan,nan,nan,nan,nan,nan,nan,0.49114969520675045,-0.20656702319607323,0.0,0.421466955928709,0.20752316733873996,0.26630727951593786
207.49,0.0,38.0,0.0,0.0,nan,nan,nan,nan,nan,nan,nan,nan,nan,0.49114969520675045,-0.20656702319607323,0.0,0.421466955928709,0.20752316733873996,0.26630727951593786
207.53,0.0,51.0,0.0,0.0,nan,nan,nan,nan,nan,nan,nan,nan,nan,0.49114969520675045,-0.20656702319607323,0.0,0.421466955928709,0.20752316733873996,0.26630727951593786
207.69,0.0,47.0,0.0,0.0,nan,nan,nan,nan,nan,nan,nan,nan,nan,0.49114969520675045,-0.20656702319607323,0.0,0.421466955928709,0.20752316733873996,0.26630727951593786
208.03,0.0,45.0,0.0,0.0,nan,nan,nan,nan,nan,nan,nan,nan,nan,0.49114969520675045,-0.20656702319607323,0.0,0.421466955928709,0.20752316733873996,0.26630727951593786
208.29000000000002,0.0,42.0,0.0,0.0,nan,nan,nan,nan,nan,nan,nan,nan,nan,0.49114969520675045,-0.20656702319607323,0.0,0.421466955928709,0.20752316733873996,0.26630727951593786
208.39000000000001,0.0,42.0,0.0,0.0,nan,nan,nan,nan,nan,nan,nan,nan,nan,0.49114969520675045,-0.20656702319607323,0.0,0.421466955928709,0.20752316733873996,0.26630727951593786
208.73000000000002,0.0,44.0,0.0,0.0,nan,nan,nan,nan,nan,nan,nan,nan,nan,0.49114969520675045,-0.20656702319607323,0.0,0.421466955928709,0.20752316733873996,0.26630727951593786
208.79000000000002,0.0,40.0,0.0,0.0,nan,nan,nan,nan,nan,nan,nan,nan,nan,0.49114969520675045,-0.20656702319607323,0.0,0.421466955928709,0.20752316733873996,0.26630727951593786
208.85,0.0,40.0,0.0,0.0,nan,nan,nan,nan,nan,nan,nan,nan,nan,0.49114969520675045,-0.20656702319607323,0.0,0.421466955928709,0.20752316733873996,0.26630727951593786
209.05,0.0,40.0,0.0,0.0,nan,nan,nan,nan,nan,nan,nan,nan,nan,0.49114969520675045,-0.20656702319607323,0.0,0.421466955928709,0.20752316733873996,0.26630727951593786
209.43,0.0,34.0,0.0,0.0,nan,nan,nan,nan,nan,nan,nan,nan,nan,0.49114969520675045,-0.20656702319607323,0.0,0.421466955928709,0.20752316733873996,0.26630727951593786
209.73000000000002,0.0,32.0,0.0,0.0,nan,nan,nan,nan,nan,nan,nan,nan,nan,0.49114969520675045,-0.20656702319607323,0.0,0.421466955928709,0.20752316733873996,0.26630727951593786
209.79000000000002,0.0,28.0,2.0,0.07142857142857142,0.01873489106178476,0.023214502469992293,16.64134006366388,nan,nan,nan,nan,nan,nan,0.49114969520675045,-0.20656702319607323,0.0,0.421466955928709,0.20752316733873996,0.26630727951593786
210.05,0.0,25.0,2.0,0.08,0.031085155139453473,0.03456631616135917,7.925035993612079,nan,nan,nan,nan,nan,nan,0.49114969520675045,-0.20656702319607323,0.0,0.421466955928709,0.20752316733873996,0.26630727951593786
210.19,0.0,44.0,5.0,0.11363636363636363,0.01742078475588637,0.03901432865805319,11.608731909398891,nan,nan,nan,nan,nan,nan,0.49114969520675045,-0.20656702319607323,0.0,0.421466955928709,0.20752316733873996,0.26630727951593786
210.45000000000002,0.0,33.0,2.0,0.06060606060606061,0.026957279857603857,0.034057550645068796,11.753744103325207,nan,nan,nan,nan,nan,nan,0.49114969520675045,-0.20656702319607323,0.0,0.421466955928709,0.20752316733873996,0.26630727951593786
210.65,0.0,31.0,1.0,0.03225806451612903,0.006454761411603966,0.006454761411603966,4.358674109636082,nan,nan,nan,nan,nan,nan,0.49114969520675045,-0.20656702319607323,0.0,0.421466955928709,0.20752316733873996,0.26630727951593786
210.79000000000002,0.0,42.0,3.0,0.07142857142857142,0.01549230398016282,0.024165782128443645,13.712135514512957,nan,nan,nan,nan,nan,nan,0.49114969520675045,-0.20656702319607323,0.0,0.421466955928709,0.20752316733873996,0.26630727951593786
210.99,0.0,51.0,2.0,0.0392156862745098,0.025269867321206514,0.028280622122386877,12.172889936669312,nan,nan,nan,nan,nan,nan,0.49114969520675045,-0.20656702319607323,0.0,0.421466955928709,0.20752316733873996,0.26630727951593786
211.19,0.0,39.0,4.0,0.10256410256410256,0.011785983543757126,0.022074613374089037,9.992515750060308,nan,nan,nan,nan,nan,nan,0.49114969520675045,-0.20656702319607323,0.0,0.421466955928709,0.20752316733873996,0.26630727951593786
211.39000000000001,0.0,41.0,0.0,0.0,nan,nan,nan,nan,nan,nan,nan,nan,nan,0.49114969520675045,-0.20656702319607323,0.0,0.421466955928709,0.20752316733873996,0.26630727951593786
211.65,0.0,40.0,0.0,0.0,nan,nan,nan,nan,nan,nan,nan,nan,nan,0.49114969520675045,-0.20656702319607323,0.0,0.421466955928709,0.20752316733873996,0.26630727951593786
211.83,0.0,41.0,0.0,0.0,nan,nan,nan,nan,nan,nan,nan,nan,nan,0.49114969520675045,-0.20656702319607323,0.0,0.421466955928709,0.20752316733873996,0.26630727951593786
211.93,0.0,48.0,0.0,0.0,nan,nan,nan,nan,nan,nan,nan,nan,nan,0.49114969520675045,-0.20656702319607323,0.0,0.421466955928709,0.20752316733873996,0.26630727951593786
212.03,0.0,48.0,0.0,0.0,nan,nan,nan,nan,nan,nan,nan,nan,nan,0.49114969520675045,-0.20656702319607323,0.0,0.421466955928709,0.20752316733873996,0.26630727951593786
212.23000000000002,0.0,48.0,0.0,0.0,nan,nan,nan,nan,nan,nan,nan,nan,nan,0.49114969520675045,-0.20656702319607323,0.0,0.421466955928709,0.20752316733873996,0.26630727951593786
212.63,0.0,39.0,0.0,0.0,nan,nan,nan,nan,nan,nan,nan,nan,nan,0.49114969520675045,-0.20656702319607323,0.0,0.421466955928709,0.20752316733873996,0.26630727951593786
212.75,0.0,38.0,0.0,0.0,nan,nan,nan,nan,nan,nan,nan,nan,nan,0.49114969520675045,-0.20656702319607323,0.0,0.421466955928709,0.20752316733873996,0.26630727951593786
212.95000000000002,0.0,32.0,0.0,0.0,nan,nan,nan,nan,nan,nan,nan,nan,nan,0.49114969520675045,-0.20656702319607323,0.0,0.421466955928709,0.20752316733873996,0.26630727951593786
213.23000000000002,0.0,30.0,0.0,0.0,nan,nan,nan,nan,nan,nan,nan,nan,nan,0.49114969520675045,-0.20656702319607323,0.0,0.421466955928709,0.20752316733873996,0.26630727951593786
213.43,0.0,30.0,0.0,0.0,nan,nan,nan,nan,nan,nan,nan,nan,nan,0.49114969520675045,-0.20656702319607323,0.0,0.421466955928709,0.20752316733873996,0.26630727951593786
213.63,0.0,40.0,0.0,0.0,nan,nan,nan,nan,nan,nan,nan,nan,nan,0.49114969520675045,-0.20656702319607323,0.0,0.421466955928709,0.20752316733873996,0.26630727951593786
213.83,0.0,42.0,0.0,0.0,nan,nan,nan,nan,nan,nan,nan,nan,nan,0.49114969520675045,-0.20656702319607323,0.0,0.421466955928709,0.20752316733873996,0.26630727951593786
213.93,0.0,51.0,0.0,0.0,nan,nan,nan,nan,nan,nan,nan,nan,nan,0.49114969520675045,-0.20656702319607323,0.0,0.421466955928709,0.20752316733873996,0.26630727951593786
214.15,0.0,51.0,0.0,0.0,nan,nan,nan,nan,nan,nan,nan,nan,nan,0.49114969520675045,-0.20656702319607323,0.0,0.421466955928709,0.20752316733873996,0.26630727951593786
214.43,0.0,59.0,0.0,0.0,nan,nan,nan,nan,nan,nan,nan,nan,nan,0.49114969520675045,-0.20656702319607323,0.0,0.421466955928709,0.20752316733873996,0.26630727951593786
214.55,0.0,49.0,0.0,0.0,nan,nan,nan,nan,nan,nan,nan,nan,nan,0.49114969520675045,-0.20656702319607323,0.0,0.421466955928709,0.20752316733873996,0.26630727951593786
214.79000000000002,0.0,40.0,0.0,0.0,nan,nan,nan,nan,nan,nan,nan,nan,nan,0.49114969520675045,-0.20656702319607323,0.0,0.421466955928709,0.20752316733873996,0.26630727951593786
214.93,0.0,38.0,0.0,0.0,nan,nan,nan,nan,nan,nan,nan,nan,nan,0.49114969520675045,-0.20656702319607323,0.0,0.421466955928709,0.20752316733873996,0.26630727951593786
215.03,0.0,38.0,0.0,0.0,nan,nan,nan,nan,nan,nan,nan,nan,nan,0.49114969520675045,-0.20656702319607323,0.0,0.421466955928709,0.20752316733873996,0.26630727951593786
215.23000000000002,0.0,38.0,0.0,0.0,nan,nan,nan,nan,nan,nan,nan,nan,nan,0.49114969520675045,-0.20656702319607323,0.0,0.421466955928709,0.20752316733873996,0.26630727951593786
215.45000000000002,0.0,38.0,0.0,0.0,nan,nan,nan,nan,nan,nan,nan,nan,nan,0.49114969520675045,-0.20656702319607323,0.0,0.421466955928709,0.20752316733873996,0.26630727951593786
215.65,0.0,38.0,0.0,0.0,nan,nan,nan,nan,nan,nan,nan,nan,nan,0.49114969520675045,-0.20656702319607323,0.0,0.421466955928709,0.20752316733873996,0.26630727951593786
215.85,0.0,38.0,0.0,0.0,nan,nan,nan,nan,nan,nan,nan,nan,nan,0.49114969520675045,-0.20656702319607323,0.0,0.421466955928709,0.20752316733873996,0.26630727951593786
216.05,0.0,38.0,0.0,0.0,nan,nan,nan,nan,nan,nan,nan,nan,nan,0.49114969520675045,-0.20656702319607323,0.0,0.421466955928709,0.20752316733873996,0.26630727951593786
216.25,0.0,38.0,0.0,0.0,nan,nan,nan,nan,nan,nan,nan,nan,nan,0.49114969520675045,-0.20656702319607323,0.0,0.421466955928709,0.20752316733873996,0.26630727951593786
216.45000000000002,0.0,38.0,0.0,0.0,nan,nan,nan,nan,nan,nan,nan,nan,nan,0.49114969520675045,-0.20656702319607323,0.0,0.421466955928709,0.20752316733873996,0.26630727951593786
216.65,0.0,38.0,0.0,0.0,nan,nan,nan,nan,nan,nan,nan,nan,nan,0.49114969520675045,-0.20656702319607323,0.0,0.421466955928709,0.20752316733873996,0.26630727951593786
216.89000000000001,0.0,34.0,0.0,0.0,nan,nan,nan,nan,nan,nan,nan,nan,nan,0.49114969520675045,-0.20656702319607323,0.0,0.421466955928709,0.20752316733873996,0.26630727951593786
217.13,0.0,28.0,0.0,0.0,nan,nan,nan,nan,nan,nan,nan,nan,nan,0.49114969520675045,-0.20656702319607323,0.0,0.421466955928709,0.20752316733873996,0.26630727951593786
217.33,0.0,48.0,0.0,0.0,nan,nan,nan,nan,nan,nan,nan,nan,nan,0.49114969520675045,-0.20656702319607323,0.0,0.421466955928709,0.20752316733873996,0.26630727951593786
217.53,0.0,30.0,0.0,0.0,nan,nan,nan,nan,nan,nan,nan,nan,nan,0.49114969520675045,-0.20656702319607323,0.0,0.421466955928709,0.20752316733873996,0.26630727951593786
217.73000000000002,0.0,52.0,0.0,0.0,nan,nan,nan,nan,nan,nan,nan,nan,nan,0.49114969520675045,-0.20656702319607323,0.0,0.421466955928709,0.20752316733873996,0.26630727951593786
217.93,0.0,43.0,0.0,0.0,nan,nan,nan,nan,nan,nan,nan,nan,nan,0.49114969520675045,-0.20656702319607323,0.0,0.421466955928709,0.20752316733873996,0.26630727951593786
218.13,0.0,39.0,0.0,0.0,nan,nan,nan,nan,nan,nan,nan,nan,nan,0.49114969520675045,-0.20656702319607323,0.0,0.421466955928709,0.20752316733873996,0.26630727951593786
218.33,0.0,46.0,0.0,0.0,nan,nan,nan,nan,nan,nan,nan,nan,nan,0.49114969520675045,-0.20656702319607323,0.0,0.421466955928709,0.20752316733873996,0.26630727951593786
218.53,0.0,38.0,0.0,0.0,nan,nan,nan,nan,nan,nan,nan,nan,nan,0.49114969520675045,-0.20656702319607323,0.0,0.421466955928709,0.20752316733873996,0.26630727951593786
218.75,0.0,41.0,0.0,0.0,nan,nan,nan,nan,nan,nan,nan,nan,nan,0.49114969520675045,-0.20656702319607323,0.0,0.421466955928709,0.20752316733873996,0.26630727951593786
218.95000000000002,0.0,44.0,0.0,0.0,nan,nan,nan,nan,nan,nan,nan,nan,nan,0.49114969520675045,-0.20656702319607323,0.0,0.421466955928709,0.20752316733873996,0.26630727951593786
219.19,0.0,34.0,0.0,0.0,nan,nan,nan,nan,nan,nan,nan,nan,nan,0.49114969520675045,-0.20656702319607323,0.0,0.421466955928709,0.20752316733873996,0.26630727951593786
219.39000000000001,0.0,37.0,0.0,0.0,nan,nan,nan,nan,nan,nan,nan,nan,nan,0.49114969520675045,-0.20656702319607323,0.0,0.421466955928709,0.20752316733873996,0.26630727951593786
219.59,0.0,31.0,0.0,0.0,nan,nan,nan,nan,nan,nan,nan,nan,nan,0.49114969520675045,-0.20656702319607323,0.0,0.421466955928709,0.20752316733873996,0.26630727951593786
219.83,0.0,35.0,0.0,0.0,nan,nan,nan,nan,nan,nan,nan,nan,nan,0.49114969520675045,-0.20656702319607323,0.0,0.421466955928709,0.20752316733873996,0.26630727951593786
220.03,0.0,30.0,0.0,0.0,nan,nan,nan,nan,nan,nan,nan,nan,nan,0.49114969520675045,-0.20656702319607323,0.0,0.421466955928709,0.20752316733873996,0.26630727951593786
220.25,0.0,38.0,0.0,0.0,nan,nan,nan,nan,nan,nan,nan,nan,nan,0.49114969520675045,-0.20656702319607323,0.0,0.421466955928709,0.20752316733873996,0.26630727951593786
220.49,0.0,32.0,0.0,0.0,nan,nan,nan,nan,nan,nan,nan,nan,nan,0.49114969520675045,-0.20656702319607323,0.0,0.421466955928709,0.20752316733873996,0.26630727951593786
220.69,0.0,38.0,0.0,0.0,nan,nan,nan,nan,nan,nan,nan,nan,nan,0.49114969520675045,-0.20656702319607323,0.0,0.421466955928709,0.20752316733873996,0.26630727951593786
220.89000000000001,0.0,32.0,0.0,0.0,nan,nan,nan,nan,nan,nan,nan,nan,nan,0.49114969520675045,-0.20656702319607323,0.0,0.421466955928709,0.20752316733873996,0.26630727951593786
221.13,0.0,36.0,0.0,0.0,nan,nan,nan,nan,nan,nan,nan,nan,nan,0.49114969520675045,-0.20656702319607323,0.0,0.421466955928709,0.20752316733873996,0.26630727951593786
221.35,0.0,37.0,0.0,0.0,nan,nan,nan,nan,nan,nan,nan,nan,nan,0.49114969520675045,-0.20656702319607323,0.0,0.421466955928709,0.20752316733873996,0.26630727951593786
221.55,0.0,30.0,0.0,0.0,nan,nan,nan,nan,nan,nan,nan,nan,nan,0.49114969520675045,-0.20656702319607323,0.0,0.421466955928709,0.20752316733873996,0.26630727951593786
221.73000000000002,0.0,33.0,0.0,0.0,nan,nan,nan,nan,nan,nan,nan,nan,nan,0.49114969520675045,-0.20656702319607323,0.0,0.421466955928709,0.20752316733873996,0.26630727951593786
221.93,0.0,38.0,0.0,0.0,nan,nan,nan,nan,nan,nan,nan,nan,nan,0.49114969520675045,-0.20656702319607323,0.0,0.421466955928709,0.20752316733873996,0.26630727951593786
222.15,0.0,34.0,0.0,0.0,nan,nan,nan,nan,nan,nan,nan,nan,nan,0.49114969520675045,-0.20656702319607323,0.0,0.421466955928709,0.20752316733873996,0.26630727951593786
222.39000000000001,0.0,31.0,0.0,0.0,nan,nan,nan,nan,nan,nan,nan,nan,nan,0.49114969520675045,-0.20656702319607323,0.0,0.421466955928709,0.20752316733873996,0.26630727951593786
222.63,0.0,31.0,0.0,0.0,nan,nan,nan,nan,nan,nan,nan,nan,nan,0.49114969520675045,-0.20656702319607323,0.0,0.421466955928709,0.20752316733873996,0.26630727951593786
222.83,0.0,39.0,0.0,0.0,nan,nan,nan,nan,nan,nan,nan,nan,nan,0.49114969520675045,-0.20656702319607323,0.0,0.421466955928709,0.20752316733873996,0.26630727951593786
223.03000000000003,0.0,42.0,0.0,0.0,nan,nan,nan,nan,nan,nan,nan,nan,nan,0.49114969520675045,-0.20656702319607323,0.0,0.421466955928709,0.20752316733873996,0.26630727951593786
223.29000000000002,0.0,47.0,0.0,0.0,nan,nan,nan,nan,nan,nan,nan,nan,nan,0.49114969520675045,-0.20656702319607323,0.0,0.421466955928709,0.20752316733873996,0.26630727951593786
223.49,0.0,47.0,0.0,0.0,nan,nan,nan,nan,nan,nan,nan,nan,nan,0.49114969520675045,-0.20656702319607323,0.0,0.421466955928709,0.20752316733873996,0.26630727951593786
223.73000000000002,0.0,38.0,0.0,0.0,nan,nan,nan,nan,nan,nan,nan,nan,nan,0.49114969520675045,-0.20656702319607323,0.0,0.421466955928709,0.20752316733873996,0.26630727951593786
223.95,0.0,40.0,0.0,0.0,nan,nan,nan,nan,nan,nan,nan,nan,nan,0.49114969520675045,-0.20656702319607323,0.0,0.421466955928709,0.20752316733873996,0.26630727951593786
224.19,0.0,39.0,0.0,0.0,nan,nan,nan,nan,nan,nan,nan,nan,nan,0.49114969520675045,-0.20656702319607323,0.0,0.421466955928709,0.20752316733873996,0.26630727951593786
224.43,0.0,31.0,0.0,0.0,nan,nan,nan,nan,nan,nan,nan,nan,nan,0.49114969520675045,-0.20656702319607323,0.0,0.421466955928709,0.20752316733873996,0.26630727951593786
224.65000000000003,0.0,31.0,0.0,0.0,nan,nan,nan,nan,nan,nan,nan,nan,nan,0.49114969520675045,-0.20656702319607323,0.0,0.421466955928709,0.20752316733873996,0.26630727951593786
224.89,0.0,17.0,0.0,0.0,nan,nan,nan,nan,nan,nan,nan,nan,nan,0.49114969520675045,-0.20656702319607323,0.0,0.421466955928709,0.20752316733873996,0.26630727951593786
225.09000000000003,0.0,22.0,0.0,0.0,nan,nan,nan,nan,nan,nan,nan,nan,nan,0.49114969520675045,-0.20656702319607323,0.0,0.421466955928709,0.20752316733873996,0.26630727951593786
225.29000000000002,0.0,17.0,0.0,0.0,nan,nan,nan,nan,nan,nan,nan,nan,nan,0.49114969520675045,-0.20656702319607323,0.0,0.421466955928709,0.20752316733873996,0.26630727951593786
225.53000000000003,0.0,33.0,0.0,0.0,nan,nan,nan,nan,nan,nan,nan,nan,nan,0.49114969520675045,-0.20656702319607323,0.0,0.421466955928709,0.20752316733873996,0.26630727951593786
225.73000000000002,0.0,41.0,0.0,0.0,nan,nan,nan,nan,nan,nan,nan,nan,nan,0.49114969520675045,-0.20656702319607323,0.0,0.421466955928709,0.20752316733873996,0.26630727951593786
225.95,0.0,44.0,0.0,0.0,nan,nan,nan,nan,nan,nan,nan,nan,nan,0.49114969520675045,-0.20656702319607323,0.0,0.421466955928709,0.20752316733873996,0.26630727951593786
226.15000000000003,0.0,56.0,1.0,0.017857142857142856,0.23101696281679615,0.23101696281679615,23.026040662559748,nan,nan,nan,nan,nan,nan,0.49114969520675045,-0.20656702319607323,0.0,0.421466955928709,0.20752316733873996,0.26630727951593786
226.39,0.0,49.0,0.0,0.0,nan,nan,nan,nan,nan,nan,nan,nan,nan,0.49114969520675045,-0.20656702319607323,0.0,0.421466955928709,0.20752316733873996,0.26630727951593786
226.63,0.0,53.0,3.0,0.05660377358490566,0.28518412480882344,0.31238556643929744,24.799290294512783,nan,nan,nan,nan,nan,nan,0.49114969520675045,-0.20656702319607323,0.0,0.421466955928709,0.20752316733873996,0.26630727951593786
226.85000000000002,0.0,38.0,0.0,0.0,nan,nan,nan,nan,nan,nan,nan,nan,nan,0.49114969520675045,-0.20656702319607323,0.0,0.421466955928709,0.20752316733873996,0.26630727951593786
227.05,0.0,43.0,0.0,0.0,nan,nan,nan,nan,nan,nan,nan,nan,nan,0.49114969520675045,-0.20656702319607323,0.0,0.421466955928709,0.20752316733873996,0.26630727951593786
227.29000000000002,0.0,42.0,0.0,0.0,nan,nan,nan,nan,nan,nan,nan,nan,nan,0.49114969520675045,-0.20656702319607323,0.0,0.421466955928709,0.20752316733873996,0.26630727951593786
227.53000000000003,0.0,41.0,0.0,0.0,nan,nan,nan,nan,nan,nan,nan,nan,nan,0.49114969520675045,-0.20656702319607323,0.0,0.421466955928709,0.20752316733873996,0.26630727951593786
227.75,0.0,31.0,0.0,0.0,nan,nan,nan,nan,nan,nan,nan,nan,nan,0.49114969520675045,-0.20656702319607323,0.0,0.421466955928709,0.20752316733873996,0.26630727951593786
227.99,0.0,30.0,0.0,0.0,nan,nan,nan,nan,nan,nan,nan,nan,nan,0.49114969520675045,-0.20656702319607323,0.0,0.421466955928709,0.20752316733873996,0.26630727951593786
228.19,0.0,35.0,1.0,0.02857142857142857,0.2342104917525175,0.2342104917525175,22.22782632519756,nan,nan,nan,nan,nan,nan,0.49114969520675045,-0.20656702319607323,0.0,0.421466955928709,0.20752316733873996,0.26630727951593786
228.39,0.0,35.0,0.0,0.0,nan,nan,nan,nan,nan,nan,nan,nan,nan,0.49114969520675045,-0.20656702319607323,0.0,0.421466955928709,0.20752316733873996,0.26630727951593786
228.63,0.0,44.0,1.0,0.022727272727272728,0.3455936149461074,0.3455936149461074,18.800176855378574,nan,nan,nan,nan,nan,nan,0.49114969520675045,-0.20656702319607323,0.0,0.421466955928709,0.20752316733873996,0.26630727951593786
228.82999999999998,0.0,44.0,0.0,0.0,nan,nan,nan,nan,nan,nan,nan,nan,nan,0.49114969520675045,-0.20656702319607323,0.0,0.421466955928709,0.20752316733873996,0.26630727951593786
229.05,0.0,41.0,0.0,0.0,nan,nan,nan,nan,nan,nan,nan,nan,nan,0.49114969520675045,-0.20656702319607323,0.0,0.421466955928709,0.20752316733873996,0.26630727951593786
229.25,0.0,32.0,0.0,0.0,nan,nan,nan,nan,nan,nan,nan,nan,nan,0.49114969520675045,-0.20656702319607323,0.0,0.421466955928709,0.20752316733873996,0.26630727951593786
229.49,0.0,41.0,0.0,0.0,nan,nan,nan,nan,nan,nan,nan,nan,nan,0.49114969520675045,-0.20656702319607323,0.0,0.421466955928709,0.20752316733873996,0.26630727951593786
229.73000000000002,0.0,43.0,0.0,0.0,nan,nan,nan,nan,nan,nan,nan,nan,nan,0.49114969520675045,-0.20656702319607323,0.0,0.421466955928709,0.20752316733873996,0.26630727951593786
229.93,0.0,44.0,0.0,0.0,nan,nan,nan,nan,nan,nan,nan,nan,nan,0.49114969520675045,-0.20656702319607323,0.0,0.421466955928709,0.20752316733873996,0.26630727951593786
230.15000000000003,0.0,55.0,0.0,0.0,nan,nan,nan,nan,nan,nan,nan,nan,nan,0.49114969520675045,-0.20656702319607323,0.0,0.421466955928709,0.20752316733873996,0.26630727951593786
230.39,0.0,51.0,0.0,0.0,nan,nan,nan,nan,nan,nan,nan,nan,nan,0.49114969520675045,-0.20656702319607323,0.0,0.421466955928709,0.20752316733873996,0.26630727951593786
230.63,0.0,46.0,0.0,0.0,nan,nan,nan,nan,nan,nan,nan,nan,nan,0.49114969520675045,-0.20656702319607323,0.0,0.421466955928709,0.20752316733873996,0.26630727951593786
230.85000000000002,0.0,59.0,0.0,0.0,nan,nan,nan,nan,nan,nan,nan,nan,nan,0.49114969520675045,-0.20656702319607323,0.0,0.421466955928709,0.20752316733873996,0.26630727951593786
231.09000000000003,0.0,54.0,0.0,0.0,nan,nan,nan,nan,nan,nan,nan,nan,nan,0.49114969520675045,-0.20656702319607323,0.0,0.421466955928709,0.20752316733873996,0.26630727951593786
231.32999999999998,0.0,34.0,0.0,0.0,nan,nan,nan,nan,nan,nan,nan,nan,nan,0.49114969520675045,-0.20656702319607323,0.0,0.421466955928709,0.20752316733873996,0.26630727951593786
231.53000000000003,0.0,22.0,0.0,0.0,nan,nan,nan,nan,nan,nan,nan,nan,nan,0.49114969520675045,-0.20656702319607323,0.0,0.421466955928709,0.20752316733873996,0.26630727951593786
231.75,0.0,21.0,0.0,0.0,nan,nan,nan,nan,nan,nan,nan,nan,nan,0.49114969520675045,-0.20656702319607323,0.0,0.421466955928709,0.20752316733873996,0.26630727951593786
232.15000000000003,0.0,22.0,0.0,0.0,nan,nan,nan,nan,nan,nan,nan,nan,nan,0.49114969520675045,-0.20656702319607323,0.0,0.421466955928709,0.20752316733873996,0.26630727951593786
232.39,0.0,40.0,0.0,0.0,nan,nan,nan,nan,nan,nan,nan,nan,nan,0.49114969520675045,-0.20656702319607323,0.0,0.421466955928709,0.20752316733873996,0.26630727951593786
232.59000000000003,0.0,41.0,0.0,0.0,nan,nan,nan,nan,nan,nan,nan,nan,nan,0.49114969520675045,-0.20656702319607323,0.0,0.421466955928709,0.20752316733873996,0.26630727951593786
232.82999999999998,0.0,37.0,0.0,0.0,nan,nan,nan,nan,nan,nan,nan,nan,nan,0.49114969520675045,-0.20656702319607323,0.0,0.421466955928709,0.20752316733873996,0.26630727951593786
233.05,0.0,37.0,0.0,0.0,nan,nan,nan,nan,nan,nan,nan,nan,nan,0.49114969520675045,-0.20656702319607323,0.0,0.421466955928709,0.20752316733873996,0.26630727951593786
233.29000000000002,0.0,33.0,0.0,0.0,nan,nan,nan,nan,nan,nan,nan,nan,nan,0.49114969520675045,-0.20656702319607323,0.0,0.421466955928709,0.20752316733873996,0.26630727951593786
233.53000000000003,0.0,36.0,0.0,0.0,nan,nan,nan,nan,nan,nan,nan,nan,nan,0.49114969520675045,-0.20656702319607323,0.0,0.421466955928709,0.20752316733873996,0.26630727951593786
233.73000000000002,0.0,35.0,0.0,0.0,nan,nan,nan,nan,nan,nan,nan,nan,nan,0.49114969520675045,-0.20656702319607323,0.0,0.421466955928709,0.20752316733873996,0.26630727951593786
233.95,0.0,36.0,0.0,0.0,nan,nan,nan,nan,nan,nan,nan,nan,nan,0.49114969520675045,-0.20656702319607323,0.0,0.421466955928709,0.20752316733873996,0.26630727951593786
234.17000000000002,0.0,31.0,0.0,0.0,nan,nan,nan,nan,nan,nan,nan,nan,nan,0.49114969520675045,-0.20656702319607323,0.0,0.421466955928709,0.20752316733873996,0.26630727951593786
234.39,0.0,29.0,0.0,0.0,nan,nan,nan,nan,nan,nan,nan,nan,nan,0.49114969520675045,-0.20656702319607323,0.0,0.421466955928709,0.20752316733873996,0.26630727951593786
234.63,0.0,29.0,0.0,0.0,nan,nan,nan,nan,nan,nan,nan,nan,nan,0.49114969520675045,-0.20656702319607323,0.0,0.421466955928709,0.20752316733873996,0.26630727951593786
234.82999999999998,0.0,33.0,0.0,0.0,nan,nan,nan,nan,nan,nan,nan,nan,nan,0.49114969520675045,-0.20656702319607323,0.0,0.421466955928709,0.20752316733873996,0.26630727951593786
235.03000000000003,0.0,45.0,0.0,0.0,nan,nan,nan,nan,nan,nan,nan,nan,nan,0.49114969520675045,-0.20656702319607323,0.0,0.421466955928709,0.20752316733873996,0.26630727951593786
235.23000000000002,0.0,67.0,0.0,0.0,nan,nan,nan,nan,nan,nan,nan,nan,nan,0.49114969520675045,-0.20656702319607323,0.0,0.421466955928709,0.20752316733873996,0.26630727951593786
235.45,0.0,66.0,0.0,0.0,nan,nan,nan,nan,nan,nan,nan,nan,nan,0.49114969520675045,-0.20656702319607323,0.0,0.421466955928709,0.20752316733873996,0.26630727951593786
235.69,0.0,69.0,0.0,0.0,nan,nan,nan,nan,nan,nan,nan,nan,nan,0.49114969520675045,-0.20656702319607323,0.0,0.421466955928709,0.20752316733873996,0.26630727951593786
235.89,0.0,67.0,0.0,0.0,nan,nan,nan,nan,nan,nan,nan,nan,nan,0.49114969520675045,-0.20656702319607323,0.0,0.421466955928709,0.20752316733873996,0.26630727951593786
236.09000000000003,0.0,43.0,0.0,0.0,nan,nan,nan,nan,nan,nan,nan,nan,nan,0.49114969520675045,-0.20656702319607323,0.0,0.421466955928709,0.20752316733873996,0.26630727951593786
236.32999999999998,0.0,41.0,0.0,0.0,nan,nan,nan,nan,nan,nan,nan,nan,nan,0.49114969520675045,-0.20656702319607323,0.0,0.421466955928709,0.20752316733873996,0.26630727951593786
236.55,0.0,33.0,0.0,0.0,nan,nan,nan,nan,nan,nan,nan,nan,nan,0.49114969520675045,-0.20656702319607323,0.0,0.421466955928709,0.20752316733873996,0.26630727951593786
236.79000000000002,0.0,26.0,0.0,0.0,nan,nan,nan,nan,nan,nan,nan,nan,nan,0.49114969520675045,-0.20656702319607323,0.0,0.421466955928709,0.20752316733873996,0.26630727951593786
236.99,0.0,29.0,0.0,0.0,nan,nan,nan,nan,nan,nan,nan,nan,nan,0.49114969520675045,-0.20656702319607323,0.0,0.421466955928709,0.20752316733873996,0.26630727951593786
237.23000000000002,0.0,17.0,0.0,0.0,nan,nan,nan,nan,nan,nan,nan,nan,nan,0.49114969520675045,-0.20656702319607323,0.0,0.421466955928709,0.20752316733873996,0.26630727951593786
238.09000000000003,0.0,31.0,0.0,0.0,nan,nan,nan,nan,nan,nan,nan,nan,nan,0.49114969520675045,-0.20656702319607323,0.0,0.421466955928709,0.20752316733873996,0.26630727951593786
238.32999999999998,0.0,47.0,0.0,0.0,nan,nan,nan,nan,nan,nan,nan,nan,nan,0.49114969520675045,-0.20656702319607323,0.0,0.421466955928709,0.20752316733873996,0.26630727951593786
238.53000000000003,1.0,58.0,14.0,0.2413793103448276,0.04215126564358594,0.08911377672226087,12.219586963393677,0.11169724624831182,-0.04666793309280478,0.04389902265823621,0.6973502461890715,5.603663583253133,-2.701667420442111,0.04756870937468283,-0.10106182616538728,0.0,0.9984405117944195,0.9978830371013905,0.9007655207662122
238.75,0.0,38.0,0.0,0.0,nan,nan,nan,nan,nan,nan,nan,nan,nan,0.04756870937468283,-0.10106182616538728,0.0,0.9984405117944195,0.9978830371013905,0.9007655207662122
238.99,0.0,33.0,0.0,0.0,nan,nan,nan,nan,nan,nan,nan,nan,nan,0.04756870937468283,-0.10106182616538728,0.0,0.9984405117944195,0.9978830371013905,0.9007655207662122
239.23000000000002,0.0,29.0,0.0,0.0,nan,nan,nan,nan,nan,nan,nan,nan,nan,0.04756870937468283,-0.10106182616538728,0.0,0.9984405117944195,0.9978830371013905,0.9007655207662122
239.45,0.0,31.0,0.0,0.0,nan,nan,nan,nan,nan,nan,nan,nan,nan,0.04756870937468283,-0.10106182616538728,0.0,0.9984405117944195,0.9978830371013905,0.9007655207662122
239.69,0.0,34.0,0.0,0.0,nan,nan,nan,nan,nan,nan,nan,nan,nan,0.04756870937468283,-0.10106182616538728,0.0,0.9984405117944195,0.9978830371013905,0.9007655207662122
239.93,0.0,26.0,0.0,0.0,nan,nan,nan,nan,nan,nan,nan,nan,nan,0.04756870937468283,-0.10106182616538728,0.0,0.9984405117944195,0.9978830371013905,0.9007655207662122
240.15000000000003,0.0,94.0,0.0,0.0,nan,nan,nan,nan,nan,nan,nan,nan,nan,0.04756870937468283,-0.10106182616538728,0.0,0.9984405117944195,0.9978830371013905,0.9007655207662122
240.39,0.0,71.0,0.0,0.0,nan,nan,nan,nan,nan,nan,nan,nan,nan,0.04756870937468283,-0.10106182616538728,0.0,0.9984405117944195,0.9978830371013905,0.9007655207662122
240.63,0.0,48.0,0.0,0.0,nan,nan,nan,nan,nan,nan,nan,nan,nan,0.04756870937468283,-0.10106182616538728,0.0,0.9984405117944195,0.9978830371013905,0.9007655207662122
240.85000000000002,0.0,40.0,0.0,0.0,nan,nan,nan,nan,nan,nan,nan,nan,nan,0.04756870937468283,-0.10106182616538728,0.0,0.9984405117944195,0.9978830371013905,0.9007655207662122
241.09000000000003,0.0,28.0,0.0,0.0,nan,nan,nan,nan,nan,nan,nan,nan,nan,0.04756870937468283,-0.10106182616538728,0.0,0.9984405117944195,0.9978830371013905,0.9007655207662122
241.29000000000002,0.0,31.0,0.0,0.0,nan,nan,nan,nan,nan,nan,nan,nan,nan,0.04756870937468283,-0.10106182616538728,0.0,0.9984405117944195,0.9978830371013905,0.9007655207662122
241.49,0.0,17.0,0.0,0.0,nan,nan,nan,nan,nan,nan,nan,nan,nan,0.04756870937468283,-0.10106182616538728,0.0,0.9984405117944195,0.9978830371013905,0.9007655207662122
241.69,0.0,24.0,0.0,0.0,nan,nan,nan,nan,nan,nan,nan,nan,nan,0.04756870937468283,-0.10106182616538728,0.0,0.9984405117944195,0.9978830371013905,0.9007655207662122
241.89,0.0,15.0,0.0,0.0,nan,nan,nan,nan,nan,nan,nan,nan,nan,0.04756870937468283,-0.10106182616538728,0.0,0.9984405117944195,0.9978830371013905,0.9007655207662122
242.32999999999998,0.0,27.0,0.0,0.0,nan,nan,nan,nan,nan,nan,nan,nan,nan,0.04756870937468283,-0.10106182616538728,0.0,0.9984405117944195,0.9978830371013905,0.9007655207662122
242.55,0.0,25.0,1.0,0.04,0.1617346493015261,0.1617346493015261,23.518244296996425,nan,nan,nan,nan,nan,nan,0.04756870937468283,-0.10106182616538728,0.0,0.9984405117944195,0.9978830371013905,0.9007655207662122
242.79000000000002,0.0,27.0,7.0,0.25925925925925924,0.019073415426358747,0.03817145771510363,9.687417434369738,nan,nan,nan,nan,nan,nan,0.04756870937468283,-0.10106182616538728,0.0,0.9984405117944195,0.9978830371013905,0.9007655207662122
242.99,1.0,32.0,11.0,0.34375,0.016448972666921798,0.04586681738208957,5.885515345404865,-0.2380658402770893,-0.05301996562995137,0.016545666921362445,-1.5989786250914622,5.170651903946833,-1.9479275188241092,-0.22133574245806842,0.08766888511537196,0.0,0.939221515520615,0.9863136467314378,0.6351269095392236
243.25,1.0,36.0,21.0,0.5833333333333334,0.02533245537238177,0.05530296814891057,7.06157386307542,-0.05557122031248909,-0.08350313196309306,0.023976429202406654,-1.666800951148031,5.056876825720676,-1.7966314629147742,-0.05416012493163391,0.012443528213854194,0.0,0.9199338281839758,0.7325528708642278,0.5743493389933882
243.49,1.0,22.0,16.0,0.7272727272727273,0.014538431990952819,0.029969189841697188,8.185630726008943,0.1444568684553209,-0.10095802517255817,0.01282531591550461,-1.52986169353197,4.9184502970385715,-1.6995256428800516,0.14326160591667225,-0.018544517089801538,0.0,0.8682339223137475,0.5232717078908183,0.34951610197681726
243.73000000000002,1.0,20.0,14.0,0.7,0.014207293449365707,0.039766185016472326,3.7894604161793928,0.101924865198765,-0.09996151254393748,0.013080275734527663,-1.4458092520228492,4.796647113013896,-1.5951406954439267,0.10189466389209656,-0.0024810514108120074,0.0,0.8797118593000265,0.48535049437086697,0.2824122925717926
243.95,1.0,20.0,18.0,0.9,0.019758666685544282,0.03908420202808658,9.555937245528723,-0.25039071025945525,-0.03734113740119027,0.017738027525796216,-1.6949408365068959,4.665818880847771,-1.4774795057655452,-0.24930129636374354,-0.02333176837685791,0.0,0.8850407848424398,0.5354926565973839,0.31813656792594347
244.19,1.0,12.0,9.0,0.75,0.014436988712986567,0.030769423603359127,6.3913188941794346,-0.016814684323904303,-0.12,0.008843551975231581,-1.6510333030315514,4.558681850653624,-1.305858164119482,-0.016227998041393965,-0.004402918177875748,0.0,0.7727138272321733,0.38489853814056496,0.17738458719698305
244.39,0.0,17.0,3.0,0.17647058823529413,0.1090074973836364,0.11598973833887584,9.838854776779215,nan,nan,nan,nan,nan,nan,-0.016227998041393965,-0.004402918177875748,0.0,0.7727138272321733,0.38489853814056496,0.17738458719698305
244.59000000000003,1.0,45.0,13.0,0.28888888888888886,0.028071116193393426,0.047403414566538536,4.080349923403037,-0.03917016114073596,-0.12,0.02224646498563822,-1.5711556291035476,4.362706294099812,-0.9917934543985334,-0.03278576502014685,-0.021433504982502072,0.0,0.8289047725788583,0.6318324517903336,0.2813755892242456
244.82999999999998,1.0,61.0,27.0,0.4426229508196721,0.15399717886938474,0.191548789828144,6.4547571475357515,0.1958453380242866,-0.12,0.1590475457817895,-1.3426843596435087,4.429199594216904,-0.7752837044012925,0.1370758205750675,0.13987714552248676,0.0,0.38684936121649577,0.3730098438948692,0.4298854591432557
245.03000000000003,1.0,87.0,39.0,0.4482758620689655,0.08987510853713897,0.2608166495364568,6.247534360041365,-0.02690636877138819,-0.12,0.1054617807981687,-1.326356955507427,4.298873235570036,-0.5899590231638855,-0.014968738696389483,-0.022358209729340217,0.0,0.5544246765935754,0.6339635116918809,0.40368573862582946
245.26999999999998,1.0,62.0,18.0,0.2903225806451613,0.017171773465431913,0.033535062614080534,5.600511512549709,-0.1502702748161357,-0.12,0.005223928081234481,-1.2658799342658873,4.127024471218429,-0.3760025608574504,-0.05518003163352003,-0.13977238497729338,0.0,0.6721560974635422,0.8603023864018211,0.25394363971747913
245.49,1.0,62.0,13.0,0.20967741935483872,0.028628285186570616,0.04316857899736298,4.4381116011753186,0.02149203857780789,-0.12,0.027564563874032024,-1.1492398521758258,4.144290966585412,-0.22466711837587783,0.00478803630228164,0.020951907564659145,0.0,0.48076622493071025,0.8175285526563927,0.205330311396599
245.73000000000002,0.0,44.0,6.0,0.13636363636363635,0.013907053444537751,0.03297967111902684,10.882997995603825,nan,nan,nan,nan,nan,nan,0.00478803630228164,0.020951907564659145,0.0,0.48076622493071025,0.8175285526563927,0.205330311396599
245.95,0.0,37.0,0.0,0.0,nan,nan,nan,nan,nan,nan,nan,nan,nan,0.00478803630228164,0.020951907564659145,0.0,0.48076622493071025,0.8175285526563927,0.205330311396599
246.19,0.0,20.0,0.0,0.0,nan,nan,nan,nan,nan,nan,nan,nan,nan,0.00478803630228164,0.020951907564659145,0.0,0.48076622493071025,0.8175285526563927,0.205330311396599
246.39,0.0,28.0,0.0,0.0,nan,nan,nan,nan,nan,nan,nan,nan,nan,0.00478803630228164,0.020951907564659145,0.0,0.48076622493071025,0.8175285526563927,0.205330311396599
246.63,0.0,16.0,0.0,0.0,nan,nan,nan,nan,nan,nan,nan,nan,nan,0.00478803630228164,0.020951907564659145,0.0,0.48076622493071025,0.8175285526563927,0.205330311396599
247.32999999999998,0.0,24.0,0.0,0.0,nan,nan,nan,nan,nan,nan,nan,nan,nan,0.00478803630228164,0.020951907564659145,0.0,0.48076622493071025,0.8175285526563927,0.205330311396599
247.55,0.0,23.0,0.0,0.0,nan,nan,nan,nan,nan,nan,nan,nan,nan,0.00478803630228164,0.020951907564659145,0.0,0.48076622493071025,0.8175285526563927,0.205330311396599
247.75,0.0,32.0,1.0,0.03125,0.06966446080913868,0.06966446080913868,17.03119133403145,nan,nan,nan,nan,nan,nan,0.00478803630228164,0.020951907564659145,0.0,0.48076622493071025,0.8175285526563927,0.205330311396599
247.99,0.0,21.0,5.0,0.23809523809523808,0.0657398826627102,0.07778262485639977,9.071691224923022,nan,nan,nan,nan,nan,nan,0.00478803630228164,0.020951907564659145,0.0,0.48076622493071025,0.8175285526563927,0.205330311396599
248.19,0.0,29.0,6.0,0.20689655172413793,0.04649432356887556,0.06098961849978089,4.108356873138524,nan,nan,nan,nan,nan,nan,0.00478803630228164,0.020951907564659145,0.0,0.48076622493071025,0.8175285526563927,0.205330311396599
248.43,1.0,22.0,9.0,0.4090909090909091,0.011259126742341861,0.024259000408768622,11.246462838771297,0.11465708872835705,-0.06574484170627806,0.008407598619321426,-0.1475222511235276,3.28338248307953,-1.6033752321943524,0.11459624644859082,-0.0037347416987221216,0.0,0.9451026202165327,0.956381777874889,0.4444862020839959
248.63,0.0,19.0,5.0,0.2631578947368421,0.03701201302253324,0.045786694369282864,6.73523897068148,nan,nan,nan,nan,nan,nan,0.11459624644859082,-0.0037347416987221216,0.0,0.9451026202165327,0.956381777874889,0.4444862020839959
248.85000000000002,0.0,31.0,6.0,0.1935483870967742,0.025866993142597706,0.03975591697884378,6.423679120914594,nan,nan,nan,nan,nan,nan,0.11459624644859082,-0.0037347416987221216,0.0,0.9451026202165327,0.956381777874889,0.4444862020839959
249.09000000000003,0.0,79.0,18.0,0.22784810126582278,0.017583769133793396,0.036809509224752214,3.9669944716190333,nan,nan,nan,nan,nan,nan,0.11459624644859082,-0.0037347416987221216,0.0,0.9451026202165327,0.956381777874889,0.4444862020839959
249.29000000000002,1.0,84.0,26.0,0.30952380952380953,0.018087646694107187,0.03855644061132843,5.665105675969978,-0.02024622813808116,0.02728488159564356,0.009390352064127394,-0.3490755130465395,2.9228145640077328,-2.213207381327543,-0.01621021457741434,0.0121300740794692,0.0,0.9586796789503078,0.8844024784325731,0.6472488857012426
249.55,1.0,78.0,34.0,0.4358974358974359,0.023987914044715425,0.08507337296451521,7.087313138876163,0.024120543302730862,0.005322085177113705,0.0268551447903994,-0.43469439964453915,2.8256220742369327,-2.4457985207513433,0.015461151856247635,-0.018513600203552194,0.0,0.7968243955043963,0.8361786314898261,0.5033124086015865
249.99,0.0,78.0,34.0,0.4358974358974359,0.023987914044715425,0.08507337296451521,7.087313138876163,nan,nan,nan,nan,nan,nan,0.015461151856247635,-0.018513600203552194,0.0,0.7968243955043963,0.8361786314898261,0.5033124086015865
250.09000000000003,0.0,53.0,3.0,0.05660377358490566,0.03961700994673332,0.056000014420083656,16.549813233436463,nan,nan,nan,nan,nan,nan,0.015461151856247635,-0.018513600203552194,0.0,0.7968243955043963,0.8361786314898261,0.5033124086015865
250.32999999999998,0.0,41.0,0.0,0.0,nan,nan,nan,nan,nan,nan,nan,nan,nan,0.015461151856247635,-0.018513600203552194,0.0,0.7968243955043963,0.8361786314898261,0.5033124086015865
250.53000000000003,0.0,21.0,0.0,0.0,nan,nan,nan,nan,nan,nan,nan,nan,nan,0.015461151856247635,-0.018513600203552194,0.0,0.7968243955043963,0.8361786314898261,0.5033124086015865
250.75,0.0,22.0,0.0,0.0,nan,nan,nan,nan,nan,nan,nan,nan,nan,0.015461151856247635,-0.018513600203552194,0.0,0.7968243955043963,0.8361786314898261,0.5033124086015865
250.99,0.0,13.0,0.0,0.0,nan,nan,nan,nan,nan,nan,nan,nan,nan,0.015461151856247635,-0.018513600203552194,0.0,0.7968243955043963,0.8361786314898261,0.5033124086015865
251.39,0.0,28.0,0.0,0.0,nan,nan,nan,nan,nan,nan,nan,nan,nan,0.015461151856247635,-0.018513600203552194,0.0,0.7968243955043963,0.8361786314898261,0.5033124086015865
251.63,0.0,14.0,0.0,0.0,nan,nan,nan,nan,nan,nan,nan,nan,nan,0.015461151856247635,-0.018513600203552194,0.0,0.7968243955043963,0.8361786314898261,0.5033124086015865
252.05,0.0,17.0,7.0,0.4117647058823529,0.028109551485250683,0.05903631365498573,18.572937084398564,nan,nan,nan,nan,nan,nan,0.015461151856247635,-0.018513600203552194,0.0,0.7968243955043963,0.8361786314898261,0.5033124086015865
252.25,0.0,12.0,5.0,0.4166666666666667,0.008615888254370183,0.01720611684597518,7.8367783429134406,nan,nan,nan,nan,nan,nan,0.015461151856247635,-0.018513600203552194,0.0,0.7968243955043963,0.8361786314898261,0.5033124086015865
252.49,0.0,18.0,0.0,0.0,nan,nan,nan,nan,nan,nan,nan,nan,nan,0.015461151856247635,-0.018513600203552194,0.0,0.7968243955043963,0.8361786314898261,0.5033124086015865
252.73000000000002,1.0,24.0,17.0,0.7083333333333334,0.01425633177428804,0.033101569932215254,4.5345167094796,-0.8058695971619765,-0.08952509060215011,0.00877749329852133,-2.205884752556142,1.744037702228014,-1.4169083689282382,-0.79634631137309,-0.12352473433478739,0.0,0.9699858649694563,0.9711778003294775,0.6156117257974346
253.39,1.0,27.0,18.0,0.6666666666666666,0.012030206553835958,0.031258357279941355,2.629150625911582,-0.05146792890898883,-0.07985471616054211,0.00678664473171848,-2.044054253270762,1.4585936848290912,-0.8682050757618773,-0.0392787943139723,-0.03325844288930857,0.0,0.9022768673846274,0.796988197872456,0.4881458947782817
253.63,1.0,42.0,14.0,0.3333333333333333,0.015282136477309919,0.03214119061573772,1.6347226375911283,-0.04726315079325496,-0.04010479712995492,0.006539237426792474,-1.9714778736659255,1.3613632223149732,-0.6396929969021429,-0.028213698511931895,-0.03791823623513846,0.0,0.6525892771734562,0.7363376678970002,0.3183074646689556
253.85000000000002,1.0,42.0,18.0,0.42857142857142855,0.01583980679535564,0.032515101715962356,4.203836771232699,-0.018181491347677194,-0.02801801151811007,0.008618950441290822,-1.8757537388727001,1.3101866441634038,-0.4387337528658319,-0.007723379066617575,-0.016459527436077703,0.0,0.6127254366339353,0.8058925129183101,0.33877597562620426
254.09000000000003,0.0,30.0,7.0,0.23333333333333334,0.01738532275706647,0.02991973907252667,8.592714907954486,nan,nan,nan,nan,nan,nan,-0.007723379066617575,-0.016459527436077703,0.0,0.6127254366339353,0.8058925129183101,0.33877597562620426
254.32999999999998,0.0,34.0,6.0,0.17647058823529413,0.0347724944028751,0.04353989299635654,11.370867663203637,nan,nan,nan,nan,nan,nan,-0.007723379066617575,-0.016459527436077703,0.0,0.6127254366339353,0.8058925129183101,0.33877597562620426
254.53000000000003,0.0,25.0,3.0,0.12,0.03158638369254587,0.03747247057090881,12.001313534007203,nan,nan,nan,nan,nan,nan,-0.007723379066617575,-0.016459527436077703,0.0,0.6127254366339353,0.8058925129183101,0.33877597562620426
254.73000000000002,0.0,23.0,0.0,0.0,nan,nan,nan,nan,nan,nan,nan,nan,nan,-0.007723379066617575,-0.016459527436077703,0.0,0.6127254366339353,0.8058925129183101,0.33877597562620426
254.93,0.0,18.0,0.0,0.0,nan,nan,nan,nan,nan,nan,nan,nan,nan,-0.007723379066617575,-0.016459527436077703,0.0,0.6127254366339353,0.8058925129183101,0.33877597562620426
255.15000000000003,0.0,31.0,0.0,0.0,nan,nan,nan,nan,nan,nan,nan,nan,nan,-0.007723379066617575,-0.016459527436077703,0.0,0.6127254366339353,0.8058925129183101,0.33877597562620426
255.39,0.0,17.0,0.0,0.0,nan,nan,nan,nan,nan,nan,nan,nan,nan,-0.007723379066617575,-0.016459527436077703,0.0,0.6127254366339353,0.8058925129183101,0.33877597562620426
255.59000000000003,0.0,21.0,0.0,0.0,nan,nan,nan,nan,nan,nan,nan,nan,nan,-0.007723379066617575,-0.016459527436077703,0.0,0.6127254366339353,0.8058925129183101,0.33877597562620426
255.82999999999998,0.0,33.0,0.0,0.0,nan,nan,nan,nan,nan,nan,nan,nan,nan,-0.007723379066617575,-0.016459527436077703,0.0,0.6127254366339353,0.8058925129183101,0.33877597562620426
256.05,0.0,36.0,0.0,0.0,nan,nan,nan,nan,nan,nan,nan,nan,nan,-0.007723379066617575,-0.016459527436077703,0.0,0.6127254366339353,0.8058925129183101,0.33877597562620426
256.29,0.0,37.0,0.0,0.0,nan,nan,nan,nan,nan,nan,nan,nan,nan,-0.007723379066617575,-0.016459527436077703,0.0,0.6127254366339353,0.8058925129183101,0.33877597562620426
256.53000000000003,0.0,38.0,0.0,0.0,nan,nan,nan,nan,nan,nan,nan,nan,nan,-0.007723379066617575,-0.016459527436077703,0.0,0.6127254366339353,0.8058925129183101,0.33877597562620426
256.73,0.0,43.0,0.0,0.0,nan,nan,nan,nan,nan,nan,nan,nan,nan,-0.007723379066617575,-0.016459527436077703,0.0,0.6127254366339353,0.8058925129183101,0.33877597562620426
256.95,0.0,39.0,0.0,0.0,nan,nan,nan,nan,nan,nan,nan,nan,nan,-0.007723379066617575,-0.016459527436077703,0.0,0.6127254366339353,0.8058925129183101,0.33877597562620426
257.19,0.0,44.0,0.0,0.0,nan,nan,nan,nan,nan,nan,nan,nan,nan,-0.007723379066617575,-0.016459527436077703,0.0,0.6127254366339353,0.8058925129183101,0.33877597562620426
257.43,0.0,46.0,0.0,0.0,nan,nan,nan,nan,nan,nan,nan,nan,nan,-0.007723379066617575,-0.016459527436077703,0.0,0.6127254366339353,0.8058925129183101,0.33877597562620426
257.65000000000003,0.0,42.0,0.0,0.0,nan,nan,nan,nan,nan,nan,nan,nan,nan,-0.007723379066617575,-0.016459527436077703,0.0,0.6127254366339353,0.8058925129183101,0.33877597562620426
257.85,0.0,37.0,0.0,0.0,nan,nan,nan,nan,nan,nan,nan,nan,nan,-0.007723379066617575,-0.016459527436077703,0.0,0.6127254366339353,0.8058925129183101,0.33877597562620426
258.09000000000003,0.0,38.0,0.0,0.0,nan,nan,nan,nan,nan,nan,nan,nan,nan,-0.007723379066617575,-0.016459527436077703,0.0,0.6127254366339353,0.8058925129183101,0.33877597562620426
258.29,1.0,61.0,17.0,0.2786885245901639,0.20675464595035878,0.28589288217750247,10.42418395602738,0.5373807607651238,-0.12,0.21093111130538617,0.5551710620706692,1.8260945092551695,-0.014439301416255119,0.00775913315205079,0.5373247415606617,1.734723475976807e-18,0.3839653338973475,0.8783673754976417,0.6789550671870644
258.53000000000003,1.0,60.0,25.0,0.4166666666666667,0.21613718161880283,0.3361584471236201,12.210179224887085,0.0709530208855579,-0.12,0.22293003283944576,0.6825687214435654,1.835553452190481,-0.004524565110076805,0.0003210304674113873,0.07095229462269281,0.0,0.35426174539905075,0.6427822431980257,0.5352035552259283
258.73,1.0,57.0,21.0,0.3684210526315789,0.1965135699636441,0.2981232156216868,10.41619578934367,0.07525840019783549,-0.12,0.20409232155889892,0.7827922472075856,1.8876098746828942,-0.004505620054999989,0.00033908460996501244,0.07525763630333371,0.0,0.28056803001683817,0.5115780586370625,0.3587206743358541
258.99,1.0,56.0,11.0,0.19642857142857142,0.18477638988916406,0.34601633424424577,15.63355401717301,0.02373394485527061,-0.12,0.19571928071819183,0.9108786211651154,1.8801430842200393,-0.0049274033414339535,0.00011694624595504077,0.023733656734026054,0.0,0.1564600427151508,0.41610528423658544,0.20821725241837463
259.19,1.0,52.0,19.0,0.36538461538461536,0.20177834370051526,0.29127998543269484,16.0085731143177,-0.0762500458616584,-0.12,0.21042471407988128,1.0128067692769869,1.793369523411089,-0.0055573034782950516,-0.00042374246396237325,-0.07624886842589373,8.673617379884035e-19,0.2077740988601154,0.48670295914330514,0.31468969120068657
259.43,0.0,47.0,5.0,0.10638297872340426,0.27588717226982296,0.34963631003855206,16.049499571046304,nan,nan,nan,nan,nan,nan,-0.00042374246396237325,-0.07624886842589373,8.673617379884035e-19,0.2077740988601154,0.48670295914330514,0.31468969120068657
259.65000000000003,0.0,48.0,3.0,0.0625,0.2336164713044143,0.28040377634047803,8.740830667159045,nan,nan,nan,nan,nan,nan,-0.00042374246396237325,-0.07624886842589373,8.673617379884035e-19,0.2077740988601154,0.48670295914330514,0.31468969120068657
259.89,0.0,49.0,4.0,0.08163265306122448,0.2621443724037694,0.32011114275746017,14.973467113916033,nan,nan,nan,nan,nan,nan,-0.00042374246396237325,-0.07624886842589373,8.673617379884035e-19,0.2077740988601154,0.48670295914330514,0.31468969120068657
260.09000000000003,0.0,52.0,3.0,0.057692307692307696,0.2033760493888703,0.22099886812820269,11.756381074301565,nan,nan,nan,nan,nan,nan,-0.00042374246396237325,-0.07624886842589373,8.673617379884035e-19,0.2077740988601154,0.48670295914330514,0.31468969120068657
260.33,0.0,48.0,3.0,0.0625,0.22014188491920425,0.24175890441863637,14.56958453057302,nan,nan,nan,nan,nan,nan,-0.00042374246396237325,-0.07624886842589373,8.673617379884035e-19,0.2077740988601154,0.48670295914330514,0.31468969120068657
260.55,0.0,53.0,3.0,0.05660377358490566,0.2197097009269913,0.2412603895742488,11.764584750790906,nan,nan,nan,nan,nan,nan,-0.00042374246396237325,-0.07624886842589373,8.673617379884035e-19,0.2077740988601154,0.48670295914330514,0.31468969120068657
260.77,0.0,50.0,3.0,0.06,0.21813180027958926,0.2396627075918764,11.761587692286627,nan,nan,nan,nan,nan,nan,-0.00042374246396237325,-0.07624886842589373,8.673617379884035e-19,0.2077740988601154,0.48670295914330514,0.31468969120068657
260.99,0.0,53.0,5.0,0.09433962264150944,0.27047713704456067,0.3218123417260681,13.623792389530696,nan,nan,nan,nan,nan,nan,-0.00042374246396237325,-0.07624886842589373,8.673617379884035e-19,0.2077740988601154,0.48670295914330514,0.31468969120068657
261.19,0.0,51.0,6.0,0.11764705882352941,0.2505614925463177,0.3218799309055989,18.14551759690869,nan,nan,nan,nan,nan,nan,-0.00042374246396237325,-0.07624886842589373,8.673617379884035e-19,0.2077740988601154,0.48670295914330514,0.31468969120068657
261.43,0.0,49.0,7.0,0.14285714285714285,0.24988850878680544,0.31984138609961055,19.429893222618652,nan,nan,nan,nan,nan,nan,-0.00042374246396237325,-0.07624886842589373,8.673617379884035e-19,0.2077740988601154,0.48670295914330514,0.31468969120068657
261.63,0.0,49.0,6.0,0.12244897959183673,0.25226915602302064,0.3237384681258445,18.084380903201698,nan,nan,nan,nan,nan,nan,-0.00042374246396237325,-0.07624886842589373,8.673617379884035e-19,0.2077740988601154,0.48670295914330514,0.31468969120068657
261.85,0.0,51.0,6.0,0.11764705882352941,0.2502307906407009,0.3216195728118507,18.27677196608483,nan,nan,nan,nan,nan,nan,-0.00042374246396237325,-0.07624886842589373,8.673617379884035e-19,0.2077740988601154,0.48670295914330514,0.31468969120068657
262.33,0.0,49.0,4.0,0.08163265306122448,0.21619959076535347,0.24092020559718222,15.703286629906339,nan,nan,nan,nan,nan,nan,-0.00042374246396237325,-0.07624886842589373,8.673617379884035e-19,0.2077740988601154,0.48670295914330514,0.31468969120068657
262.45,0.0,52.0,4.0,0.07692307692307693,0.26466284764835785,0.3230293296019315,14.759978148968289,nan,nan,nan,nan,nan,nan,-0.00042374246396237325,-0.07624886842589373,8.673617379884035e-19,0.2077740988601154,0.48670295914330514,0.31468969120068657
262.59000000000003,0.0,49.0,7.0,0.14285714285714285,0.2523151149525688,0.3225195853049734,19.01196900387991,nan,nan,nan,nan,nan,nan,-0.00042374246396237325,-0.07624886842589373,8.673617379884035e-19,0.2077740988601154,0.48670295914330514,0.31468969120068657
262.93,0.0,51.0,6.0,0.11764705882352941,0.2517014465999355,0.3232719391511908,18.37085830306017,nan,nan,nan,nan,nan,nan,-0.00042374246396237325,-0.07624886842589373,8.673617379884035e-19,0.2077740988601154,0.48670295914330514,0.31468969120068657
262.95,0.0,51.0,6.0,0.11764705882352941,0.2517396369011931,0.32331607820160196,18.12184893260808,nan,nan,nan,nan,nan,nan,-0.00042374246396237325,-0.07624886842589373,8.673617379884035e-19,0.2077740988601154,0.48670295914330514,0.31468969120068657
263.09000000000003,0.0,51.0,6.0,0.11764705882352941,0.2517396369011931,0.32331607820160196,18.12184893260808,nan,nan,nan,nan,nan,nan,-0.00042374246396237325,-0.07624886842589373,8.673617379884035e-19,0.2077740988601154,0.48670295914330514,0.31468969120068657
263.33,0.0,51.0,6.0,0.11764705882352941,0.2517396369011931,0.32331607820160196,18.12184893260808,nan,nan,nan,nan,nan,nan,-0.00042374246396237325,-0.07624886842589373,8.673617379884035e-19,0.2077740988601154,0.48670295914330514,0.31468969120068657
263.53000000000003,0.0,51.0,6.0,0.11764705882352941,0.2517396369011931,0.32331607820160196,18.12184893260808,nan,nan,nan,nan,nan,nan,-0.00042374246396237325,-0.07624886842589373,8.673617379884035e-19,0.2077740988601154,0.48670295914330514,0.31468969120068657
263.75,0.0,52.0,5.0,0.09615384615384616,0.2547720009162195,0.324484619017776,16.947805453402367,nan,nan,nan,nan,nan,nan,-0.00042374246396237325,-0.07624886842589373,8.673617379884035e-19,0.2077740988601154,0.48670295914330514,0.31468969120068657
263.99,0.0,49.0,2.0,0.04081632653061224,0.2133382291267652,0.22481727274546595,8.706467203512258,nan,nan,nan,nan,nan,nan,-0.00042374246396237325,-0.07624886842589373,8.673617379884035e-19,0.2077740988601154,0.48670295914330514,0.31468969120068657
264.23,0.0,51.0,5.0,0.09803921568627451,0.25543036006797226,0.32516709131052257,16.499229192131804,nan,nan,nan,nan,nan,nan,-0.00042374246396237325,-0.07624886842589373,8.673617379884035e-19,0.2077740988601154,0.48670295914330514,0.31468969120068657
264.43,0.0,50.0,5.0,0.1,0.25535734571298596,0.32507510023464253,16.63584296204109,nan,nan,nan,nan,nan,nan,-0.00042374246396237325,-0.07624886842589373,8.673617379884035e-19,0.2077740988601154,0.48670295914330514,0.31468969120068657
264.67,0.0,49.0,5.0,0.10204081632653061,0.25561474944016627,0.3253551461829041,16.949007313154155,nan,nan,nan,nan,nan,nan,-0.00042374246396237325,-0.07624886842589373,8.673617379884035e-19,0.2077740988601154,0.48670295914330514,0.31468969120068657
264.85,0.0,49.0,5.0,0.10204081632653061,0.25700857426621276,0.32689495825053966,16.721345075961565,nan,nan,nan,nan,nan,nan,-0.00042374246396237325,-0.07624886842589373,8.673617379884035e-19,0.2077740988601154,0.48670295914330514,0.31468969120068657
265.09000000000003,0.0,51.0,4.0,0.0784313725490196,0.21916623816067235,0.24377760478692162,15.635001566664616,nan,nan,nan,nan,nan,nan,-0.00042374246396237325,-0.07624886842589373,8.673617379884035e-19,0.2077740988601154,0.48670295914330514,0.31468969120068657
265.33,0.0,50.0,5.0,0.1,0.2549394007485616,0.3246547407967376,16.49789414437019,nan,nan,nan,nan,nan,nan,-0.00042374246396237325,-0.07624886842589373,8.673617379884035e-19,0.2077740988601154,0.48670295914330514,0.31468969120068657
265.55,0.0,49.0,5.0,0.10204081632653061,0.2563379376552489,0.32606514565142153,16.497821170815833,nan,nan,nan,nan,nan,nan,-0.00042374246396237325,-0.07624886842589373,8.673617379884035e-19,0.2077740988601154,0.48670295914330514,0.31468969120068657
265.79,0.0,52.0,4.0,0.07692307692307693,0.2673575778854654,0.32573231155183585,14.443618026375635,nan,nan,nan,nan,nan,nan,-0.00042374246396237325,-0.07624886842589373,8.673617379884035e-19,0.2077740988601154,0.48670295914330514,0.31468969120068657
266.03000000000003,0.0,49.0,5.0,0.10204081632653061,0.25551938025354176,0.3252619385496604,16.572288089184486,nan,nan,nan,nan,nan,nan,-0.00042374246396237325,-0.07624886842589373,8.673617379884035e-19,0.2077740988601154,0.48670295914330514,0.31468969120068657
266.25,0.0,47.0,3.0,0.06382978723404255,0.20558956305673712,0.22310306138732366,11.753481815730266,nan,nan,nan,nan,nan,nan,-0.00042374246396237325,-0.07624886842589373,8.673617379884035e-19,0.2077740988601154,0.48670295914330514,0.31468969120068657
266.49,0.0,51.0,4.0,0.0784313725490196,0.2669591655232946,0.3254617720453422,14.537901650620793,nan,nan,nan,nan,nan,nan,-0.00042374246396237325,-0.07624886842589373,8.673617379884035e-19,0.2077740988601154,0.48670295914330514,0.31468969120068657
266.69,0.0,52.0,5.0,0.09615384615384616,0.25619141562671127,0.32592942193170027,16.498828724865103,nan,nan,nan,nan,nan,nan,-0.00042374246396237325,-0.07624886842589373,8.673617379884035e-19,0.2077740988601154,0.48670295914330514,0.31468969120068657
266.93,0.0,50.0,4.0,0.08,0.2214013101916283,0.2457873618640958,14.839359104274017,nan,nan,nan,nan,nan,nan,-0.00042374246396237325,-0.07624886842589373,8.673617379884035e-19,0.2077740988601154,0.48670295914330514,0.31468969120068657
267.15000000000003,0.0,48.0,5.0,0.10416666666666667,0.25407526636759103,0.32711516053967016,17.006212522931484,nan,nan,nan,nan,nan,nan,-0.00042374246396237325,-0.07624886842589373,8.673617379884035e-19,0.2077740988601154,0.48670295914330514,0.31468969120068657
267.39,0.0,49.0,4.0,0.08163265306122448,0.2668314546884022,0.3253300350732194,14.012155480351229,nan,nan,nan,nan,nan,nan,-0.00042374246396237325,-0.07624886842589373,8.673617379884035e-19,0.2077740988601154,0.48670295914330514,0.31468969120068657
267.59000000000003,0.0,47.0,4.0,0.0851063829787234,0.21874551535029504,0.24308578933429512,14.83935910427398,nan,nan,nan,nan,nan,nan,-0.00042374246396237325,-0.07624886842589373,8.673617379884035e-19,0.2077740988601154,0.48670295914330514,0.31468969120068657
267.79,0.0,49.0,4.0,0.08163265306122448,0.26911704205284936,0.32756325847409296,14.858640432804851,nan,nan,nan,nan,nan,nan,-0.00042374246396237325,-0.07624886842589373,8.673617379884035e-19,0.2077740988601154,0.48670295914330514,0.31468969120068657
267.99,0.0,49.0,5.0,0.10204081632653061,0.2553823947989624,0.325176198370905,16.415694071484516,nan,nan,nan,nan,nan,nan,-0.00042374246396237325,-0.07624886842589373,8.673617379884035e-19,0.2077740988601154,0.48670295914330514,0.31468969120068657
268.19,0.0,49.0,5.0,0.10204081632653061,0.257761389183544,0.327628185137954,16.736625698097793,nan,nan,nan,nan,nan,nan,-0.00042374246396237325,-0.07624886842589373,8.673617379884035e-19,0.2077740988601154,0.48670295914330514,0.31468969120068657
268.39,0.0,49.0,5.0,0.10204081632653061,0.25900765032207024,0.3288964119757945,16.873232354745795,nan,nan,nan,nan,nan,nan,-0.00042374246396237325,-0.07624886842589373,8.673617379884035e-19,0.2077740988601154,0.48670295914330514,0.31468969120068657
268.59000000000003,0.0,51.0,4.0,0.0784313725490196,0.26837882687810655,0.3268986264132325,14.562788970406489,nan,nan,nan,nan,nan,nan,-0.00042374246396237325,-0.07624886842589373,8.673617379884035e-19,0.2077740988601154,0.48670295914330514,0.31468969120068657
268.69,0.0,51.0,4.0,0.0784313725490196,0.26837882687810655,0.3268986264132325,14.562788970406489,nan,nan,nan,nan,nan,nan,-0.00042374246396237325,-0.07624886842589373,8.673617379884035e-19,0.2077740988601154,0.48670295914330514,0.31468969120068657
268.79,0.0,51.0,4.0,0.0784313725490196,0.26837882687810655,0.3268986264132325,14.562788970406489,nan,nan,nan,nan,nan,nan,-0.00042374246396237325,-0.07624886842589373,8.673617379884035e-19,0.2077740988601154,0.48670295914330514,0.31468969120068657
