time_sec,laser_x,laser_y,laser_yaw,truth_x,truth_y,truth_yaw,laser_position_error_m,laser_yaw_error_deg
-0.02,1.4,3.4,-1.5707963267948966,1.3999762274415304,3.4021045869418316,-1.5704434078029108,0.002104721200127143,0.020220768750794867
0.08,1.3989734142331756,3.4002655808661806,-1.5710511233832916,1.3999762274415304,3.4021045869418316,-1.5704434078029108,0.0020946545483998672,0.03481953790016043
0.18000000000000002,1.3980651172411958,3.4002491155329255,-1.571120891774846,1.3999762274415304,3.4021045869418316,-1.5704434078029108,0.002663665960117928,0.03881697227964838
0.28,1.3981655147025518,3.3995027280232013,-1.5707099308246697,1.3999762274415304,3.4021045869418316,-1.5704434078029108,0.0031699133198804298,0.01527064428985786
0.38,1.3977948481201043,3.401082891084652,-1.5709621023730467,1.3999762274415304,3.4021045869418316,-1.5704434078029108,0.002408791848317961,0.029719009725137774
0.48000000000000004,1.3967365518884742,3.401341361239591,-1.5711814533547634,1.3999762274415304,3.4021045869418316,-1.5704434078029108,0.0033283646377207884,0.042286895209560006
0.5800000000000001,1.3989888018618717,3.4002974843674956,-1.570814571226843,1.3999762274415304,3.4021045869418316,-1.5704434078029108,0.00205927875469452,0.02126609770094495
0.68,1.3985602361825809,3.4001734956897405,-1.571188389086607,1.3999762274415304,3.4021045869418316,-1.5704434078029108,0.002394607414446957,0.04268428337202796
0.78,1.399230519037939,3.4006778725882842,-1.571215663225569,1.3999762274415304,3.4021045869418316,-1.5704434078029108,0.001609843119625259,0.04424697642440242
0.88,1.398189367529986,3.402276111994893,-1.5718879861883195,1.3999762274415304,3.4021045869418316,-1.5704434078029108,0.0017950735882722086,0.08276824465974014
0.9800000000000001,1.3986418816538384,3.4012869168026354,-1.5712544675567766,1.3999762274415304,3.4021045869418316,-1.5704434078029108,0.0015649482859393382,0.04647030082942686
1.08,1.39884377802158,3.403215826385674,-1.5717023076207852,1.3999762274415304,3.4021045869418316,-1.5704434078029108,0.0015865984968784226,0.07212964639399197
1.1800000000000002,1.3989878440986336,3.4014973287969066,-1.5712857411660335,1.3999762274415304,3.4021045869418316,-1.5704434078029108,0.0011600276234183056,0.04826214664998969
1.28,1.3984391574997974,3.401726925081548,-1.5716414543062103,1.3999762274415304,3.4021045869418316,-1.5704434078029108,0.0015827863047461561,0.06864300829946544
1.3800000000000001,1.3980761657106515,3.401195169866706,-1.5713323895782823,1.3999762274415304,3.4021045869418316,-1.5704434078029108,0.0021064837995295347,0.05093490379283076
1.48,1.399170807680637,3.401590030931898,-1.5711685051367472,1.3999762274415304,3.4021045869418316,-1.5704434078029108,0.000955755658417043,0.041545016965014836
1.58,1.39879651438242,3.400504216416676,-1.5711848132622028,1.3999762274415304,3.4021045869418316,-1.5704434078029108,0.001988192324606186,0.042479403725391204
1.6800000000000002,1.399037194139739,3.400982797248657,-1.5711701518637449,1.3999762274415304,3.4021045869418316,-1.5704434078029108,0.0014629407566905525,0.04163936747199047
1.78,1.3988487038508097,3.4018166549784263,-1.5713224327644668,1.3999762274415304,3.4021045869418316,-1.5704434078029108,0.0011637071208779365,0.05036442038380867
1.8800000000000001,1.398682288119562,3.400887116648627,-1.57127235413968,1.3999762274415304,3.4021045869418316,-1.5704434078029108,0.0017766577846539005,0.047495126539706556
1.9800000000000002,1.398854804694814,3.40155887528503,-1.5715034720837469,1.3999762274415304,3.4021045869418316,-1.5704434078029108,0.001247152833145302,0.0607372093044764
2.08,1.4002750039498921,3.4016838386424597,-1.571352155616493,1.3999762274415304,3.4021045869418316,-1.5704434078029108,0.0005160392750296911,0.052067414360007114
2.18,1.3979528770602085,3.400189327326028,-1.5714223043583488,1.3999762274415304,3.4021045869418316,-1.5704434078029108,0.0027860664316420513,0.056086641206493475
2.2800000000000002,1.399729260492344,3.4005337585243476,-1.5713036779364824,1.3999762274415304,3.4021045869418316,-1.5704434078029108,0.0015901240804307721,0.04928984789480796
2.3800000000000003,1.3998045577126121,3.400600315502492,-1.5712668050581122,1.3999762274415304,3.4021045869418316,-1.5704434078029108,0.0015140353559411222,0.04717718758569768
2.48,1.3995285667480661,3.399046554170457,-1.5710032210175457,1.3999762274415304,3.4021045869418316,-1.5704434078029108,0.0030906252647764825,0.03207493451423341
2.58,1.3999056660389844,3.4002959023430837,-1.5711272758232042,1.3999762274415304,3.4021045869418316,-1.5704434078029108,0.0018100604656412105,0.03918275130677933
2.68,1.399738373041741,3.400738030252565,-1.571494745482645,1.3999762274415304,3.4021045869418316,-1.5704434078029108,0.0013871019791200068,0.06023721189183986
2.7800000000000002,1.3990255775711746,3.4018449998406446,-1.5716335898569356,1.3999762274415304,3.4021045869418316,-1.5704434078029108,0.0009854545342683715,0.0681924085478306
2.8800000000000003,1.399136873781366,3.4011795116019052,-1.5714114588209225,1.3999762274415304,3.4021045869418316,-1.5704434078029108,0.0012491112646081937,0.0554652376854117
2.98,1.3992949697595454,3.402203305341319,-1.5716297733131686,1.3999762274415304,3.4021045869418316,-1.5704434078029108,0.0006883729742377648,0.0679737366976533
3.08,1.3997780536554887,3.4016714430768946,-1.571463284093357,1.3999762274415304,3.4021045869418316,-1.5704434078029108,0.00047632599887749807,0.05843460706801929
3.18,1.3995989130525361,3.4020451967848,-1.5714998771893889,1.3999762274415304,3.4021045869418316,-1.5704434078029108,0.00038195986555436827,0.0605312370299692
3.2800000000000002,1.39855952441776,3.402395147610513,-1.571719178965958,1.3999762274415304,3.4021045869418316,-1.5704434078029108,0.00144619257353395,0.07309630326709596
3.3800000000000003,1.3990962249736072,3.401557738980778,-1.571435677783446,1.3999762274415304,3.4021045869418316,-1.5704434078029108,0.0010360728912868797,0.05685288202219204
3.4800000000000004,1.3978393415725803,3.4020886546527773,-1.571670405802391,1.3999762274415304,3.4021045869418316,-1.5704434078029108,0.0021369452624606885,0.07030180684120589
3.58,1.4000216532417715,3.401421721775473,-1.5715304782385588,1.3999762274415304,3.4021045869418316,-1.5704434078029108,0.0006843744141573665,0.0622845479960805
3.68,1.398129153605358,3.4018984650603303,-1.5715130045967896,1.3999762274415304,3.4021045869418316,-1.5704434078029108,0.001858539207632274,0.06128338206997642
3.7800000000000002,1.398917629245469,3.402120321514685,-1.5713859267171386,1.3999762274415304,3.4021045869418316,-1.5704434078029108,0.001058715125747828,0.05400235589650623
3.8800000000000003,1.3997212046657985,3.402039808088858,-1.5713476596009477,1.3999762274415304,3.4021045869418316,-1.5704434078029108,0.0002631214851253617,0.0518098116446294
3.9800000000000004,1.3975669615722752,3.400970896725613,-1.5712846315674296,1.3999762274415304,3.4021045869418316,-1.5704434078029108,0.0026626707522913484,0.04819857133303331
4.08,1.3978470604364277,3.4018153498354256,-1.5713183283753758,1.3999762274415304,3.4021045869418316,-1.5704434078029108,0.0021487229321948595,0.05012925621141243
4.180000000000001,1.397505692732637,3.4019633199686345,-1.5715171937659707,1.3999762274415304,3.4021045869418316,-1.5704434078029108,0.0024745702870524896,0.06152340378371979
4.28,1.3973212968642468,3.4015618204802345,-1.5713974500258914,1.3999762274415304,3.4021045869418316,-1.5704434078029108,0.002709843501390835,0.054662592854065474
4.38,1.3987075096745036,3.4021098753783003,-1.5718101017337038,1.3999762274415304,3.4021045869418316,-1.5704434078029108,0.0012687287889575247,0.07830579412058514
4.48,1.3981234672412146,3.403911900815075,-1.5720627035777321,1.3999762274415304,3.4021045869418316,-1.5704434078029108,0.0025882626984701142,0.09277881368062924
4.58,1.4001719717814258,3.4027954126707423,-1.5716178211266196,1.3999762274415304,3.4021045869418316,-1.5704434078029108,0.0007180223076799547,0.06728892685244688
4.680000000000001,1.3998934029828174,3.4024316450439764,-1.5717053020463085,1.3999762274415304,3.4021045869418316,-1.5704434078029108,0.00033738241379728805,0.07230121433854428
4.78,1.3996998725172594,3.4010672951985703,-1.5716069362029028,1.3999762274415304,3.4021045869418316,-1.5704434078029108,0.0010734738957268006,0.06666526666315159
4.88,1.400160094668183,3.4027520111855565,-1.5721083885442881,1.3999762274415304,3.4021045869418316,-1.5704434078029108,0.0006730269744962892,0.09539636945148389
4.98,1.3994864636728066,3.4021151978840933,-1.5717109094967594,1.3999762274415304,3.4021045869418316,-1.5704434078029108,0.0004898787005476002,0.07262249758320741
5.08,1.4007058313245657,3.4020443561936893,-1.5718616638667167,1.3999762274415304,3.4021045869418316,-1.5704434078029108,0.0007320857662610453,0.08126008672491235
5.180000000000001,1.400938820590976,3.4017634204475318,-1.5715165933252895,1.3999762274415304,3.4021045869418316,-1.5704434078029108,0.0010212639953472392,0.061489001066840486
5.28,1.4006471324445628,3.40227294892045,-1.5718603867380192,1.3999762274415304,3.4021045869418316,-1.5704434078029108,0.0006917075096732376,0.08118691264065266
5.38,1.4008674665339558,3.4042502279579163,-1.5722690201839895,1.3999762274415304,3.4021045869418316,-1.5704434078029108,0.00232337738858161,0.10459988446263846
5.48,1.3999387354990187,3.403170785609301,-1.571811255950013,1.3999762274415304,3.4021045869418316,-1.5704434078029108,0.00106685764948599,0.07837192584374723
5.58,1.400150346031644,3.4032751302097317,-1.5720054203112563,1.3999762274415304,3.4021045869418316,-1.5704434078029108,0.0011834225050460366,0.08949672427484237
5.680000000000001,1.400338793086617,3.4024274018443985,-1.5717609362731666,1.3999762274415304,3.4021045869418316,-1.5704434078029108,0.00048545165394330654,0.07548882073398444
5.78,1.4013044670247716,3.401405883561794,-1.571446455010667,1.3999762274415304,3.4021045869418316,-1.5704434078029108,0.0015008020534916936,0.057470371656814165
5.880000000000001,1.4001852397299404,3.4015820936974315,-1.571160638937095,1.3999762274415304,3.4021045869418316,-1.5704434078029108,0.0005627480139015513,0.041094316924129765
5.98,1.4004200023964768,3.4011345285692762,-1.5716100225121779,1.3999762274415304,3.4021045869418316,-1.5704434078029108,0.00106674713817402,0.06684209915888321
6.08,1.4003498572406652,3.400998738564016,-1.5713064583430287,1.3999762274415304,3.4021045869418316,-1.5704434078029108,0.001167261693673963,0.04944915345524334
6.180000000000001,1.4014072667404562,3.4000752461267925,-1.5715025865976326,1.3999762274415304,3.4021045869418316,-1.5704434078029108,0.002483162825642713,0.0606864746873147
6.28,1.400982218700237,3.401368362123188,-1.571411939266809,1.3999762274415304,3.4021045869418316,-1.5704434078029108,0.0012466135713126213,0.05549276520700004
6.380000000000001,1.4010613203155964,3.4011140664026582,-1.5713333488611405,1.3999762274415304,3.4021045869418316,-1.5704434078029108,0.0014692030097549834,0.05098986665196828
6.48,1.4015170604767113,3.4012812838579363,-1.5714522790237329,1.3999762274415304,3.4021045869418316,-1.5704434078029108,0.0017469958243385847,0.057804063025314344
6.58,1.4023535202181336,3.401720731705373,-1.5713682779234628,1.3999762274415304,3.4021045869418316,-1.5704434078029108,0.0024080834263469474,0.05299115450538408
6.680000000000001,1.4006302485838504,3.4011429476224078,-1.5712555058772137,1.3999762274415304,3.4021045869418316,-1.5704434078029108,0.00116296768453107,0.046529792208259764
6.78,1.4017223309724853,3.4005309846431806,-1.5713392621822182,1.3999762274415304,3.4021045869418316,-1.5704434078029108,0.0023505534954842105,0.05132867499262559
6.880000000000001,1.4013969094462218,3.399503732075212,-1.5710612866867752,1.3999762274415304,3.4021045869418316,-1.5704434078029108,0.0029635761160584084,0.03540185229568648
6.98,1.4015018386283304,3.4010143606789844,-1.5714817731610573,1.3999762274415304,3.4021045869418316,-1.5704434078029108,0.0018751220753570063,0.05949395261438452
7.08,1.401558510943255,3.4005215096104067,-1.5712062548741652,1.3999762274415304,3.4021045869418316,-1.5704434078029108,0.0022382481804083007,0.04370791759679283
7.180000000000001,1.4023458829771254,3.4001599777626823,-1.571099122635059,1.3999762274415304,3.4021045869418316,-1.5704434078029108,0.0030654155047901144,0.0375696924462218
7.28,1.4017535144859485,3.39960279519283,-1.5708621128968578,1.3999762274415304,3.4021045869418316,-1.5704434078029108,0.0030688289612861917,0.023990034743793798
7.380000000000001,1.4023086416290067,3.400280599793394,-1.5709836663179926,1.3999762274415304,3.4021045869418316,-1.5704434078029108,0.002960926385374384,0.0309545327601904
7.48,1.402663419796109,3.4006471437043544,-1.5713663795972235,1.3999762274415304,3.4021045869418316,-1.5704434078029108,0.003056982751173727,0.05288238842373247
7.58,1.4015348033759227,3.3997590058807274,-1.5709871973341558,1.3999762274415304,3.4021045869418316,-1.5704434078029108,0.002816187042346,0.031156845083736437
7.680000000000001,1.4030370854358667,3.400230440260133,-1.570919156672581,1.3999762274415304,3.4021045869418316,-1.5704434078029108,0.0035890496577805665,0.027258402340226404
7.78,1.402015168061806,3.399535469689096,-1.5710999593178636,1.3999762274415304,3.4021045869418316,-1.5704434078029108,0.0032798844966423347,0.03761763083971625
7.880000000000001,1.4029649572525353,3.398926000096461,-1.5711199445854518,1.3999762274415304,3.4021045869418316,-1.5704434078029108,0.004363017329412412,0.03876270232495822
7.98,1.403384105521671,3.398843643424835,-1.5709017656411102,1.3999762274415304,3.4021045869418316,-1.5704434078029108,0.004716713435236905,0.0262619696355638
8.08,1.4016935498924754,3.399437983330098,-1.571183412061876,1.3999762274415304,3.4021045869418316,-1.5704434078029108,0.003171745768914999,0.04239912086040873
8.18,1.402807044745534,3.3994755255613245,-1.5708050184124727,1.3999762274415304,3.4021045869418316,-1.5704434078029108,0.0038633522168087043,0.020718761755047495
8.280000000000001,1.401155672035551,3.3992371910499797,-1.570648678958165,1.3999762274415304,3.4021045869418316,-1.5704434078029108,0.0031004916950337926,0.011761170851843814
8.38,1.4024453841267537,3.3977583835747516,-1.5704113146990886,1.3999762274415304,3.4021045869418316,-1.5704434078029108,0.004998621654436415,0.0018387994004894883
8.48,1.4018714693564116,3.3980324100149146,-1.5704210329800024,1.3999762274415304,3.4021045869418316,-1.5704434078029108,0.0044916107177757035,0.0012819829200071166
8.58,1.4013517479657707,3.3972175140051064,-1.5704627993527804,1.3999762274415304,3.4021045869418316,-1.5704434078029108,0.0050769615520976745,0.0011110539657472347
8.68,1.4004158156172228,3.3972010734783002,-1.5702064250069632,1.3999762274415304,3.4021045869418316,-1.5704434078029108,0.004923178043829193,0.013578114025009635
8.780000000000001,1.4015970022965407,3.398170084574027,-1.5704932218378844,1.3999762274415304,3.4021045869418316,-1.5704434078029108,0.004255257925542855,0.0028541339645053016
8.88,1.4013055034494033,3.398109069233329,-1.5705930845175036,1.3999762274415304,3.4021045869418316,-1.5704434078029108,0.004210835601642919,0.008575844037549404
8.98,1.4016852216175495,3.3972597890857155,-1.5704688163800447,1.3999762274415304,3.4021045869418316,-1.5704434078029108,0.005137385264927551,0.001455804233201943
9.08,1.4010020035150192,3.397850905605924,-1.5704492306200792,1.3999762274415304,3.4021045869418316,-1.5704434078029108,0.00437561669486603,0.0003336228486275099
9.18,1.4019902799036377,3.3967796366344984,-1.5700661700894443,1.3999762274415304,3.4021045869418316,-1.5704434078029108,0.005693110142592348,0.021614128854798104
9.280000000000001,1.4018760894100812,3.397048681471989,-1.5702627551447927,1.3999762274415304,3.4021045869418316,-1.5704434078029108,0.005401079116207351,0.010350634867984803
9.38,1.4025642794483493,3.3965814194136095,-1.5701450928426335,1.3999762274415304,3.4021045869418316,-1.5704434078029108,0.006099458396842018,0.01709218818950346
9.48,1.4022060047109848,3.3974268552140163,-1.5703762077346188,1.3999762274415304,3.4021045869418316,-1.5704434078029108,0.0051819958306414254,0.0038502802961209413
9.58,1.4019717998719414,3.3958763736469675,-1.570210597694893,1.3999762274415304,3.4021045869418316,-1.5704434078029108,0.006540103223293861,0.013339036617404123
9.68,1.402942482270194,3.3974014469294125,-1.5705881107803863,1.3999762274415304,3.4021045869418316,-1.5704434078029108,0.005560413085822615,0.008290869892321964
9.780000000000001,1.4027612290383715,3.39517879285464,-1.5697605909628776,1.3999762274415304,3.4021045869418316,-1.5704434078029108,0.007464774452894283,0.03912252311436413
9.88,1.4028619858356046,3.3956364196807782,-1.5702448788459304,1.3999762274415304,3.4021045869418316,-1.5704434078029108,0.007082710584651371,0.011374871346108881
9.98,1.4033836281395928,3.3956335224649288,-1.570150080667025,1.3999762274415304,3.4021045869418316,-1.5704434078029108,0.007313347727367408,0.01680640690291745
10.08,1.403149957413489,3.395352624048726,-1.5700033609411617,1.3999762274415304,3.4021045869418316,-1.5704434078029108,0.007460667855144299,0.025212827966202764
10.180000000000001,1.4018977125477665,3.394804928847765,-1.5699053839194763,1.3999762274415304,3.4021045869418316,-1.5704434078029108,0.007548318574607071,0.03082649779803489
10.280000000000001,1.4038241167864238,3.3952378934160032,-1.5698817207333526,1.3999762274415304,3.4021045869418316,-1.5704434078029108,0.007871323420378405,0.03218229849275424
10.38,1.4029957899128036,3.3961031874516086,-1.5702566455077924,1.3999762274415304,3.4021045869418316,-1.5704434078029108,0.0067182254620674255,0.010700691282459977
10.48,1.4037575819616919,3.395621897092466,-1.5699119448808099,1.3999762274415304,3.4021045869418316,-1.5704434078029108,0.007504925695182809,0.030450582404073546
10.58,1.403457005448579,3.3974678013207007,-1.57049037394784,1.3999762274415304,3.4021045869418316,-1.5704434078029108,0.005797895862352159,0.002690961884440701
10.680000000000001,1.4028769485457333,3.3963824093371446,-1.5704760377798666,1.3999762274415304,3.4021045869418316,-1.5704434078029108,0.006415411090799188,0.0018695599651733096
10.780000000000001,1.4034440389592542,3.3940138939440003,-1.5698405856494047,1.3999762274415304,3.4021045869418316,-1.5704434078029108,0.008802558145653672,0.03453916519289013
10.88,1.4032461972518486,3.396827785175852,-1.5701168180458724,1.3999762274415304,3.4021045869418316,-1.5704434078029108,0.006207844991447421,0.018712214710501267
10.98,1.4034392513147012,3.397846019821593,-1.5709188295520973,1.3999762274415304,3.4021045869418316,-1.5704434078029108,0.0054888913510586475,0.02723965971711171
11.08,1.4043406036115347,3.397173721735687,-1.5703581059737017,1.3999762274415304,3.4021045869418316,-1.5704434078029108,0.006584923009000686,0.004887434798425616
11.180000000000001,1.4047092694208951,3.397506621972952,-1.5705089237701757,1.3999762274415304,3.4021045869418316,-1.5704434078029108,0.006598709588508302,0.003753788414995759
11.280000000000001,1.4038765831182496,3.3984178197877974,-1.5708997193838992,1.3999762274415304,3.4021045869418316,-1.5704434078029108,0.005367031437673978,0.02614472773357483
11.38,1.4042020729246176,3.3962001540632225,-1.5705305288760947,1.3999762274415304,3.4021045869418316,-1.5704434078029108,0.007260860669709127,0.004991669800086192
11.48,1.4048000590596623,3.396976374072189,-1.5707853113190262,1.3999762274415304,3.4021045869418316,-1.5704434078029108,0.00704044875817267,0.01958962847409583
11.58,1.4045508730866567,3.3967037977079064,-1.5705699752000462,1.3999762274415304,3.4021045869418316,-1.5704434078029108,0.007077846220973959,0.00725177767981154
11.680000000000001,1.4048926963933284,3.3981147630146604,-1.5707761368830278,1.3999762274415304,3.4021045869418316,-1.5704434078029108,0.006331695027701601,0.019063972011971166
11.780000000000001,1.4061693057098674,3.3978622010928996,-1.5707140628054574,1.3999762274415304,3.4021045869418316,-1.5704434078029108,0.0075068006586672415,0.015507389350024912
11.88,1.4054572627027369,3.3986563954762765,-1.571043248774039,1.3999762274415304,3.4021045869418316,-1.5704434078029108,0.0064754746480636905,0.03436835602466794
11.98,1.4043430731129445,3.398354901270931,-1.5711088752385751,1.3999762274415304,3.4021045869418316,-1.5704434078029108,0.0057558217266090355,0.038128475466958786
12.08,1.4043066583458759,3.397162938479427,-1.5709051799012623,1.3999762274415304,3.4021045869418316,-1.5704434078029108,0.006570579985305532,0.026457592332442086
12.180000000000001,1.4044904356406829,3.3984257813903476,-1.5707684579905223,1.3999762274415304,3.4021045869418316,-1.5704434078029108,0.005823374103638312,0.018624003880076314
12.280000000000001,1.4029500796270236,3.397488764539616,-1.5707760154967896,1.3999762274415304,3.4021045869418316,-1.5704434078029108,0.0054908663496716775,0.019057017092832935
12.38,1.4040048502757865,3.398722505273656,-1.5709095118418337,1.3999762274415304,3.4021045869418316,-1.5704434078029108,0.005260064481629355,0.02670579424428291
12.48,1.403643314969346,3.400110568576184,-1.5715788288239885,1.3999762274415304,3.4021045869418316,-1.5704434078029108,0.004174163410696772,0.0650548324781847
12.58,1.4042282430350668,3.3997107803745275,-1.571344738739653,1.3999762274415304,3.4021045869418316,-1.5704434078029108,0.004879543676343623,0.05164245861990521
12.680000000000001,1.4045228437070032,3.3991850448001744,-1.5710928130630946,1.3999762274415304,3.4021045869418316,-1.5704434078029108,0.005403281020118655,0.037208180602124295
12.780000000000001,1.4042353026159857,3.3981197629622755,-1.5708182658066512,1.3999762274415304,3.4021045869418316,-1.5704434078029108,0.005832541769220974,0.021477781531022703
12.88,1.4055173759839148,3.400058651892384,-1.5712085656283237,1.3999762274415304,3.4021045869418316,-1.5704434078029108,0.005906790786486908,0.043840314057565076
12.98,1.4051978058063406,3.3982776259185052,-1.5709221892199148,1.3999762274415304,3.4021045869418316,-1.5704434078029108,0.006473832813250042,0.02743215450362062
13.08,1.4039987313443298,3.3985043988313666,-1.5709615082625188,1.3999762274415304,3.4021045869418316,-1.5704434078029108,0.0053983230802509986,0.029684969699325672
13.180000000000001,1.404794269701729,3.399063173053437,-1.5708597606803734,1.3999762274415304,3.4021045869418316,-1.5704434078029108,0.00569769511834221,0.023855262666731977
13.280000000000001,1.4049225550206408,3.3972636574807393,-1.5704098700033515,1.3999762274415304,3.4021045869418316,-1.5704434078029108,0.006921037101991235,0.001921574368902459
13.38,1.4054257193951798,3.3990103961209734,-1.5707936805026608,1.3999762274415304,3.4021045869418316,-1.5704434078029108,0.006266656156896797,0.02006914737432608
13.48,1.4046589947166608,3.3983354142894884,-1.5706219790644036,1.3999762274415304,3.4021045869418316,-1.5704434078029108,0.006011237130258977,0.010231379625863755
13.58,1.4050857588570556,3.397757621471509,-1.5705774483261485,1.3999762274415304,3.4021045869418316,-1.5704434078029108,0.006708458845846566,0.007679956265247329
13.680000000000001,1.4056474154360745,3.399007727056554,-1.5708103629699657,1.3999762274415304,3.4021045869418316,-1.5704434078029108,0.006461649512199031,0.02102498234276224
13.780000000000001,1.4059363000477272,3.3988867961863054,-1.5705942738283982,1.3999762274415304,3.4021045869418316,-1.5704434078029108,0.006773229865986192,0.008643986532342116
13.88,1.4066728650919504,3.399632967891639,-1.5708733286353913,1.3999762274415304,3.4021045869418316,-1.5704434078029108,0.0071381970097706944,0.024632649225883617
13.98,1.4051663195275101,3.399633592279181,-1.570952313833999,1.3999762274415304,3.4021045869418316,-1.5704434078029108,0.0057482928321196175,0.029158167750102038
14.08,1.4055997952785613,3.399281835842353,-1.571282517641713,1.3999762274415304,3.4021045869418316,-1.5704434078029108,0.006292252298445805,0.04807745231126248
14.180000000000001,1.406229617915894,3.397113335512904,-1.5709217695828772,1.3999762274415304,3.4021045869418316,-1.5704434078029108,0.008001092628612115,0.027408111072440886
14.280000000000001,1.4064846754487907,3.3984790321646057,-1.5709140183772843,1.3999762274415304,3.4021045869418316,-1.5704434078029108,0.007450137106515361,0.02696399970582769
14.38,1.405637190724516,3.399286236858126,-1.570634039617129,1.3999762274415304,3.4021045869418316,-1.5704434078029108,0.006323733271227864,0.010922398395624259
14.48,1.4050976161743072,3.3996022964784705,-1.5710656735266584,1.3999762274415304,3.4021045869418316,-1.5704434078029108,0.005700007027648402,0.03565319970638951
14.58,1.4050001454388386,3.39890823463151,-1.5708113761728288,1.3999762274415304,3.4021045869418316,-1.5704434078029108,0.005954529379839881,0.02108303459061216
14.680000000000001,1.4034948010699804,3.3991131949533298,-1.5709372437427387,1.3999762274415304,3.4021045869418316,-1.5704434078029108,0.004618309908147862,0.028294715124014012
14.780000000000001,1.4036598852002677,3.3972161945444648,-1.5705787482221452,1.3999762274415304,3.4021045869418316,-1.5704434078029108,0.006120924334946456,0.007754434819659629
14.88,1.404415009595953,3.3983243339013867,-1.5706713958778349,1.3999762274415304,3.4021045869418316,-1.5704434078029108,0.005830360200211723,0.013062754472462138
14.98,1.4041705136618836,3.397795652942708,-1.5705022268089068,1.3999762274415304,3.4021045869418316,-1.5704434078029108,0.006013231170265282,0.0033700807987269003
15.08,1.4049848497690443,3.3973314590696946,-1.5702015574039498,1.3999762274415304,3.4021045869418316,-1.5704434078029108,0.006918746078838396,0.013857007134018346
15.180000000000001,1.4034313379945442,3.3971219699186297,-1.5706231641643824,1.3999762274415304,3.4021045869418316,-1.5704434078029108,0.006063353967355778,0.010299280852951051
15.280000000000001,1.4042384293821695,3.397149675741956,-1.5703257485738105,1.3999762274415304,3.4021045869418316,-1.5704434078029108,0.0065358633998455805,0.006741377248212434
15.38,1.4041247643132049,3.3968670319492573,-1.570329872226132,1.3999762274415304,3.4021045869418316,-1.5704434078029108,0.0066814923838827,0.0065051093740049635
15.48,1.4047614741281007,3.3967510795208105,-1.5705528067836472,1.3999762274415304,3.4021045869418316,-1.5704434078029108,0.007180433660877362,0.0062680998792266395
15.580000000000002,1.404960693238366,3.3968555889267766,-1.5701186720249785,1.3999762274415304,3.4021045869418316,-1.5704434078029108,0.0072385688807854376,0.018605989532421194
15.680000000000001,1.4046532162837584,3.396260781377879,-1.5696965764861417,1.3999762274415304,3.4021045869418316,-1.5704434078029108,0.007484937414541763,0.04279028245906811
15.780000000000001,1.4043087233582223,3.3960879348254602,-1.5700027007775912,1.3999762274415304,3.4021045869418316,-1.5704434078029108,0.007414217663218984,0.02525065255257933
15.88,1.4035589674729243,3.3959523970762535,-1.5701052706157979,1.3999762274415304,3.4021045869418316,-1.5704434078029108,0.00711937260400621,0.01937383371799758
15.98,1.4038849635707025,3.3952660422562086,-1.5697100172339165,1.3999762274415304,3.4021045869418316,-1.5704434078029108,0.007876795766347955,0.04202018433807438
16.080000000000002,1.4037604013755047,3.395766370052533,-1.5697935494205744,1.3999762274415304,3.4021045869418316,-1.5704434078029108,0.007381935091719468,0.037234142589077215
16.18,1.4045592488838092,3.3953213658760273,-1.5695724782521816,1.3999762274415304,3.4021045869418316,-1.5704434078029108,0.00818634067016265,0.04990058751000836
16.28,1.405770851546676,3.3950943075178,-1.5695334849201021,1.3999762274415304,3.4021045869418316,-1.5704434078029108,0.009095146294751747,0.05213474086731363
16.380000000000003,1.4052694123355522,3.3963022155065947,-1.569550254046765,1.3999762274415304,3.4021045869418316,-1.5704434078029108,0.00785400029251044,0.051173940683413806
16.48,1.4058015170245042,3.39397394601918,-1.5692705683976609,1.3999762274415304,3.4021045869418316,-1.5704434078029108,0.010002065813550882,0.06719874796745436
16.580000000000002,1.405331159017927,3.395051727308696,-1.5694613258118162,1.3999762274415304,3.4021045869418316,-1.5704434078029108,0.008855400679393494,0.056269153225526156
16.68,1.4041640489716987,3.39532691257152,-1.569667315989077,1.3999762274415304,3.4021045869418316,-1.5704434078029108,0.007967102298735726,0.04446678544732707
16.78,1.405194746246676,3.3937068560754833,-1.5692084883397475,1.3999762274415304,3.4021045869418316,-1.5704434078029108,0.00988710383394846,0.07075567327782083
16.880000000000003,1.4054725508160928,3.3936172314855675,-1.5694476491224327,1.3999762274415304,3.4021045869418316,-1.5704434078029108,0.010111615760042372,0.05705276980490965
16.98,1.4056637046454148,3.3942980114592047,-1.5694315833541892,1.3999762274415304,3.4021045869418316,-1.5704434078029108,0.009658675774176067,0.057973270519899436
17.080000000000002,1.4054915957456766,3.393318786262852,-1.5692304318688235,1.3999762274415304,3.4021045869418316,-1.5704434078029108,0.010373503800603697,0.06949840167414173
17.18,1.4053433867588596,3.3929429029339477,-1.5687876886072234,1.3999762274415304,3.4021045869418316,-1.5704434078029108,0.010618043746279674,0.09486572197168389
17.28,1.40407844709024,3.3928417061602048,-1.5692136274308777,1.3999762274415304,3.4021045869418316,-1.5704434078029108,0.010130605432099904,0.07046122504552715
17.380000000000003,1.4052914023600223,3.393294680553188,-1.5693910025254907,1.3999762274415304,3.4021045869418316,-1.5704434078029108,0.010289097870602035,0.06029838073346748
17.48,1.4059097599521087,3.3931841332596586,-1.569174982966015,1.3999762274415304,3.4021045869418316,-1.5704434078029108,0.010713603593090548,0.07267538978369399
17.580000000000002,1.4057106666850159,3.393483590204955,-1.569250677140803,1.3999762274415304,3.4021045869418316,-1.5704434078029108,0.010354003002436522,0.06833843303462053
17.68,1.407160103109571,3.3934435848409827,-1.5693557104847518,1.3999762274415304,3.4021045869418316,-1.5704434078029108,0.011252600899559859,0.062320465718212065
17.78,1.4065197930706483,3.3936275418083075,-1.569097892309713,1.3999762274415304,3.4021045869418316,-1.5704434078029108,0.010708806905457694,0.07709235902969938
17.880000000000003,1.406251748398443,3.392940605408329,-1.5690848839252458,1.3999762274415304,3.4021045869418316,-1.5704434078029108,0.011106787151423372,0.07783768455795126
17.98,1.405763694504084,3.394625373091904,-1.5693039277843703,1.3999762274415304,3.4021045869418316,-1.5704434078029108,0.009456924172958665,0.06528739590185788
18.080000000000002,1.4055242188787294,3.3929164920367816,-1.5688348135102403,1.3999762274415304,3.4021045869418316,-1.5704434078029108,0.010733186710918578,0.09216566391884942
18.18,1.4063415552624625,3.3932053721097555,-1.569277894519034,1.3999762274415304,3.4021045869418316,-1.5704434078029108,0.01094136293591325,0.06677899213257468
18.28,1.405737503566034,3.3927161754506963,-1.5687592018885206,1.3999762274415304,3.4021045869418316,-1.5704434078029108,0.01101519736135751,0.0964978907255315
18.380000000000003,1.4059855435286124,3.3913715266693076,-1.568623348123929,1.3999762274415304,3.4021045869418316,-1.5704434078029108,0.012300831786838428,0.10428173806759898
18.48,1.4055383987444705,3.392129615496302,-1.568358964424366,1.3999762274415304,3.4021045869418316,-1.5704434078029108,0.01142093713065524,0.11942980822460396
18.580000000000002,1.4061275032082858,3.3933873693783205,-1.5688485013972218,1.3999762274415304,3.4021045869418316,-1.5704434078029108,0.010669024116959278,0.09138140576436214
18.68,1.406542979153098,3.391010338366568,-1.568491136052133,1.3999762274415304,3.4021045869418316,-1.5704434078029108,0.012892035506121958,0.11185693178218599
18.78,1.4062439483508564,3.391410574226396,-1.5684721925709115,1.3999762274415304,3.4021045869418316,-1.5704434078029108,0.01239541178642748,0.11294231330546012
18.880000000000003,1.4055359276216624,3.391576853309784,-1.568405229311623,1.3999762274415304,3.4021045869418316,-1.5704434078029108,0.011905605466346864,0.1167790254451288
18.98,1.4056340169851065,3.3918698221470645,-1.5684085844243676,1.3999762274415304,3.4021045869418316,-1.5704434078029108,0.011694485577553381,0.11658679164507733
19.080000000000002,1.406062659847441,3.3918498281054545,-1.5687848513683211,1.3999762274415304,3.4021045869418316,-1.5704434078029108,0.011924962818557247,0.09502828378625398
19.18,1.405218973232651,3.391149937959821,-1.5685683093022034,1.3999762274415304,3.4021045869418316,-1.5704434078029108,0.01214457565126839,0.10743523026184469
19.28,1.4038065591298,3.3922243136548587,-1.568749381671793,1.3999762274415304,3.4021045869418316,-1.5704434078029108,0.01059675615777926,0.09706054769792527
19.380000000000003,1.4055974927443975,3.3926465268781665,-1.5689230073829885,1.3999762274415304,3.4021045869418316,-1.5704434078029108,0.011002432629792135,0.08711252723146568
19.48,1.4044546565255296,3.393104446083738,-1.5689352014814708,1.3999762274415304,3.4021045869418316,-1.5704434078029108,0.01005280371468251,0.08641385685346308
19.580000000000002,1.4038013652531405,3.391925586249855,-1.5689198973232832,1.3999762274415304,3.4021045869418316,-1.5704434078029108,0.010873993487448394,0.08729072052661448
19.68,1.4039535983839564,3.3928442891143984,-1.568989309486071,1.3999762274415304,3.4021045869418316,-1.5704434078029108,0.010078323048325991,0.083313696552
19.78,1.4026771729570868,3.392597267849813,-1.568792050616595,1.3999762274415304,3.4021045869418316,-1.5704434078029108,0.009883532920745926,0.09461579724448864
19.880000000000003,1.4043914831239162,3.392660218192461,-1.5688325598995376,1.3999762274415304,3.4021045869418316,-1.5704434078029108,0.010425477630062022,0.09229478630078068
19.98,1.404002019535036,3.3914996213193627,-1.5688103253558414,1.3999762274415304,3.4021045869418316,-1.5704434078029108,0.011343381234617842,0.09356873181397267
20.080000000000002,1.4044721653875307,3.3933269152749577,-1.569282242276498,1.3999762274415304,3.4021045869418316,-1.5704434078029108,0.009862098047866242,0.06652988397953802
20.18,1.4040996689710268,3.392724272422678,-1.5691672512679338,1.3999762274415304,3.4021045869418316,-1.5704434078029108,0.01024661263664332,0.07311838345222334
20.28,1.4042130237804074,3.393300118783774,-1.5692959017051298,1.3999762274415304,3.4021045869418316,-1.5704434078029108,0.009770829174812801,0.06574725636837912
20.380000000000003,1.405184562306219,3.39192289047538,-1.5690491324887486,1.3999762274415304,3.4021045869418316,-1.5704434078029108,0.011436507115272514,0.07988609098077398
20.48,1.4050435156829812,3.3933596097583085,-1.5689441204960515,1.3999762274415304,3.4021045869418316,-1.5704434078029108,0.010107029042319277,0.08590283496057526
20.580000000000002,1.404925546596203,3.393082386409957,-1.569351335718388,1.3999762274415304,3.4021045869418316,-1.5704434078029108,0.010290571535739191,0.0625711213672156
20.68,1.4045517935315064,3.3935104078146257,-1.5692521693253692,1.3999762274415304,3.4021045869418316,-1.5704434078029108,0.009736309357977521,0.0682529371567266
20.78,1.4049238295097732,3.393644486827338,-1.5691263083198979,1.3999762274415304,3.4021045869418316,-1.5704434078029108,0.009800615295629853,0.07546424157550477
20.880000000000003,1.4043007184684895,3.3931840930343506,-1.5689967399059783,1.3999762274415304,3.4021045869418316,-1.5704434078029108,0.009913447139903176,0.08288796485129817
20.98,1.404240565091591,3.3932930881741177,-1.5690400913375526,1.3999762274415304,3.4021045869418316,-1.5704434078029108,0.009789131020021569,0.08040411078624055
21.080000000000002,1.4042442178349077,3.393463277815829,-1.5692741953200837,1.3999762274415304,3.4021045869418316,-1.5704434078029108,0.009637840287590098,0.06699094062000431
21.18,1.4040570545755238,3.3939166019772085,-1.5692735514562388,1.3999762274415304,3.4021045869418316,-1.5704434078029108,0.009148565345365975,0.06702783130089854
21.28,1.4048545022649663,3.394631893247161,-1.5692457576857979,1.3999762274415304,3.4021045869418316,-1.5704434078029108,0.00892405268402969,0.06862029704391938
21.380000000000003,1.4051477220011743,3.3948918486761723,-1.5695616966166008,1.3999762274415304,3.4021045869418316,-1.5704434078029108,0.008875130943785132,0.05051832972503456
21.48,1.4036900218866606,3.3942615340162523,-1.569679806895135,1.3999762274415304,3.4021045869418316,-1.5704434078029108,0.008677888474399629,0.043751109247913464
21.580000000000002,1.4049108316696424,3.3938200245345067,-1.56950230284847,1.3999762274415304,3.4021045869418316,-1.5704434078029108,0.009642836365352337,0.05392134196830801
21.68,1.4041975510453888,3.393557620573819,-1.5693414624400732,1.3999762274415304,3.4021045869418316,-1.5704434078029108,0.009532586588352173,0.06313681854460584
21.78,1.4048596926337542,3.394062826323792,-1.5691454735098793,1.3999762274415304,3.4021045869418316,-1.5704434078029108,0.00940840826715735,0.07436615707600056
21.880000000000003,1.4055530843457587,3.3940542788618004,-1.5695649181246236,1.3999762274415304,3.4021045869418316,-1.5704434078029108,0.00979330348317938,0.050333750911661264
21.98,1.4044899001350413,3.39433192511281,-1.5697540679160111,1.3999762274415304,3.4021045869418316,-1.5704434078029108,0.008988187419745611,0.03949626616937693
22.080000000000002,1.4045066293389563,3.3954545469251647,-1.569651070572961,1.3999762274415304,3.4021045869418316,-1.5704434078029108,0.008046587697618894,0.04539757922721409
22.18,1.4035942051368633,3.3957233542147613,-1.570001611488611,1.3999762274415304,3.4021045869418316,-1.5704434078029108,0.007335522729905401,0.025313064213810733
22.28,1.4044088478962955,3.3944903701338838,-1.5694244196961777,1.3999762274415304,3.4021045869418316,-1.5704434078029108,0.008810472274199453,0.058383717889830905
22.380000000000003,1.404196922236697,3.3941250257597004,-1.5692250461851414,1.3999762274415304,3.4021045869418316,-1.5704434078029108,0.009027051634577106,0.06980697861892056
22.48,1.4052063959682666,3.393992341814953,-1.5693962497108398,1.3999762274415304,3.4021045869418316,-1.5704434078029108,0.009652107739588555,0.059997739158640546
22.580000000000002,1.4070757932571907,3.3939700352551565,-1.569467687217195,1.3999762274415304,3.4021045869418316,-1.5704434078029108,0.010796979481043798,0.05590467154554294
22.68,1.4049915404029425,3.3945790525503527,-1.5698533144151772,1.3999762274415304,3.4021045869418316,-1.5704434078029108,0.00904361830122431,0.03380986063571425
22.78,1.4056895907979616,3.3947703519635413,-1.5697225200368163,1.3999762274415304,3.4021045869418316,-1.5704434078029108,0.009296963136389683,0.04130382649982716
22.880000000000003,1.4060787533528714,3.39417120312104,-1.5697119234639891,1.3999762274415304,3.4021045869418316,-1.5704434078029108,0.01000896604782858,0.04191096540012896
22.98,1.40419860423413,3.3950888312539513,-1.5699499226034688,1.3999762274415304,3.4021045869418316,-1.5704434078029108,0.008188363307200484,0.028274619180200244
23.080000000000002,1.4058909440718004,3.3931209589210614,-1.5696349633760422,1.3999762274415304,3.4021045869418316,-1.5704434078029108,0.010755902808781819,0.04632045363044121
23.18,1.4053287884915064,3.3955315041930905,-1.5699445945200132,1.3999762274415304,3.4021045869418316,-1.5704434078029108,0.00847675212658239,0.028579895875096562
23.28,1.4049529028259207,3.396447683698539,-1.5700971716818235,1.3999762274415304,3.4021045869418316,-1.5704434078029108,0.0075344443846624655,0.019837868453283194
23.380000000000003,1.4040860673486246,3.395812242777841,-1.5700450979022835,1.3999762274415304,3.4021045869418316,-1.5704434078029108,0.007515609033208698,0.022821476244218392
23.48,1.4041226830655262,3.3966606546259,-1.57014155158426,1.3999762274415304,3.4021045869418316,-1.5704434078029108,0.00684320782252094,0.017295087348466336
23.580000000000002,1.4038366538099818,3.395711797637753,-1.5701573097600825,1.3999762274415304,3.4021045869418316,-1.5704434078029108,0.007467974747719447,0.016392210381015168
23.68,1.404768961966423,3.3977006655181725,-1.5703821424769775,1.3999762274415304,3.4021045869418316,-1.5704434078029108,0.006508826939768863,0.003510244606472222
23.78,1.404340639188293,3.397417028278921,-1.5702819108758224,1.3999762274415304,3.4021045869418316,-1.5704434078029108,0.006404786968628202,0.009253092326499863
23.880000000000003,1.4054350133750348,3.396928938998045,-1.5700755722799913,1.3999762274415304,3.4021045869418316,-1.5704434078029108,0.0075223450802158875,0.02107542301827639
23.98,1.404667838122274,3.3974374864060564,-1.5702883468156048,1.3999762274415304,3.4021045869418316,-1.5704434078029108,0.006617630859355958,0.008884340139765396
24.080000000000002,1.404656138071754,3.3961984402927907,-1.5699297361359454,1.3999762274415304,3.4021045869418316,-1.5704434078029108,0.007535524649741129,0.029431218572565015
24.180000000000003,1.40478633424306,3.3960009152526096,-1.5700051055605617,1.3999762274415304,3.4021045869418316,-1.5704434078029108,0.007771224841164445,0.02511286863772285
24.28,1.4047639595761454,3.3969566033629706,-1.570406424498142,1.3999762274415304,3.4021045869418316,-1.5704434078029108,0.0070302285824180915,0.0021189872757021435
24.380000000000003,1.4034565784246995,3.396637396161561,-1.570239652476242,1.3999762274415304,3.4021045869418316,-1.5704434078029108,0.006480973537511314,0.01167432027142703
24.48,1.4044374574405842,3.3972626411350073,-1.5702018524308394,1.3999762274415304,3.4021045869418316,-1.5704434078029108,0.006583844796217582,0.013840103338402245
24.580000000000002,1.4039417124655513,3.3969750081754158,-1.5700926004378593,1.3999762274415304,3.4021045869418316,-1.5704434078029108,0.006483644792599195,0.020099781439559167
24.680000000000003,1.4053058337806532,3.3962769708937275,-1.5698005757338984,1.3999762274415304,3.4021045869418316,-1.5704434078029108,0.007897202829745403,0.03683156449007236
24.78,1.4048506558372575,3.396371007497605,-1.5701922664999715,1.3999762274415304,3.4021045869418316,-1.5704434078029108,0.007525555489685059,0.014389336719841243
24.880000000000003,1.4056664933052823,3.3963823450711814,-1.5700398350407243,1.3999762274415304,3.4021045869418316,-1.5704434078029108,0.00806989328469726,0.023123015999723273
24.98,1.4046728384640754,3.396992781281564,-1.5703265569751306,1.3999762274415304,3.4021045869418316,-1.5704434078029108,0.006941809000933145,0.006695059264417495
25.080000000000002,1.4051721003205566,3.396422407467345,-1.5701147279891976,1.3999762274415304,3.4021045869418316,-1.5704434078029108,0.007699627169887956,0.018831966136912844
25.180000000000003,1.4064373086794906,3.396970386610181,-1.5700952885546116,1.3999762274415304,3.4021045869418316,-1.5704434078029108,0.008252610726857549,0.01994576369481379
25.28,1.4062836010409452,3.3958410134681145,-1.569763210811404,1.3999762274415304,3.4021045869418316,-1.5704434078029108,0.008889055876933566,0.03897241685084118
25.380000000000003,1.4049477701490443,3.396090003235587,-1.5700727781311539,1.3999762274415304,3.4021045869418316,-1.5704434078029108,0.00780329763959173,0.021235515953991656
25.48,1.4055285715141188,3.3971975621170327,-1.5702965757707228,1.3999762274415304,3.4021045869418316,-1.5704434078029108,0.007409953935862236,0.008412855741702353
25.580000000000002,1.4058423502944404,3.395855550482998,-1.569763646496091,1.3999762274415304,3.4021045869418316,-1.5704434078029108,0.008570989090488066,0.03894745395707791
25.680000000000003,1.4052552483304253,3.3961922698033122,-1.570252304568199,1.3999762274415304,3.4021045869418316,-1.5704434078029108,0.007926131180583511,0.010949408800279547
25.78,1.4062653901131952,3.3961133962534227,-1.5701899722617911,1.3999762274415304,3.4021045869418316,-1.5704434078029108,0.008686076961179864,0.014520786884771502
25.880000000000003,1.4063910218879985,3.394642790550507,-1.5697323263098133,1.3999762274415304,3.4021045869418316,-1.5704434078029108,0.009840121603721302,0.040741968444348284
25.98,1.4061105715935749,3.3947366603798708,-1.569609349407498,1.3999762274415304,3.4021045869418316,-1.5704434078029108,0.009587310363087794,0.047788025924602955
26.080000000000002,1.4057926835644388,3.397215491378795,-1.5703247013704025,1.3999762274415304,3.4021045869418316,-1.5704434078029108,0.007598316738213911,0.006801377583781915
26.180000000000003,1.4057638077023427,3.3956034399345523,-1.5699806023731406,1.3999762274415304,3.4021045869418316,-1.5704434078029108,0.008704079370364269,0.026516797861569224
26.28,1.4065743689161352,3.3966675632656784,-1.5700003511001572,1.3999762274415304,3.4021045869418316,-1.5704434078029108,0.00854966065840921,0.025385279152762074
26.380000000000003,1.4064845552173713,3.3941649362205766,-1.5695232984298286,1.3999762274415304,3.4021045869418316,-1.5704434078029108,0.010266274105697118,0.052718383768036906
26.48,1.4070608620727947,3.394136216945681,-1.5694164284795271,1.3999762274415304,3.4021045869418316,-1.5704434078029108,0.010662409120553488,0.05884158087708649
26.580000000000002,1.4073232678929448,3.3947436777963946,-1.5696209144826196,1.3999762274415304,3.4021045869418316,-1.5704434078029108,0.010400095520816026,0.04712539593038543
26.680000000000003,1.4063952400015003,3.396210671722414,-1.569848295438215,1.3999762274415304,3.4021045869418316,-1.5704434078029108,0.008714468363516662,0.034097426833124944
26.78,1.4070284973423475,3.3949312660342894,-1.5695478093397939,1.3999762274415304,3.4021045869418316,-1.5704434078029108,0.010059375904923356,0.051314012075003086
26.880000000000003,1.4052788039928303,3.3949846180260597,-1.56980794271554,1.3999762274415304,3.4021045869418316,-1.5704434078029108,0.008877571483460705,0.03640946753425774
26.98,1.4067261685225394,3.39594816784115,-1.5698036605155745,1.3999762274415304,3.4021045869418316,-1.5704434078029108,0.009135819653448162,0.03665481951931258
27.080000000000002,1.4067504751978763,3.3952070552462916,-1.5692774384920343,1.3999762274415304,3.4021045869418316,-1.5704434078029108,0.00966780099895196,0.06680512055500253
27.180000000000003,1.407312272011736,3.3964162032053724,-1.5697498097249316,1.3999762274415304,3.4021045869418316,-1.5704434078029108,0.00928306304348169,0.0397402425465937
27.28,1.4078718098907854,3.3947902699414425,-1.5693797187778802,1.3999762274415304,3.4021045869418316,-1.5704434078029108,0.010762873937530115,0.06094489184864008
27.380000000000003,1.4078737144889761,3.394952682725959,-1.5693506265648953,1.3999762274415304,3.4021045869418316,-1.5704434078029108,0.010654578151085656,0.06261175286936826
27.48,1.4072760358493888,3.3953948469551762,-1.569152711571951,1.3999762274415304,3.4021045869418316,-1.5704434078029108,0.009915029676201769,0.07395144666743833
27.580000000000002,1.4084499991396942,3.3939954069504368,-1.5691523689899605,1.399976262733339,3.4020046073483448,-1.5704434078026597,0.011659824170982963,0.0739710751552454
27.680000000000003,1.406298407803996,3.3917323005319817,-1.5690958622077658,1.39997696857147,3.4000046075353874,-1.5704434078006595,0.01041113140485279,0.0772086751742655
27.78,1.4063798738226894,3.3901949586650773,-1.5692772022884187,1.399977674409605,3.398004607718259,-1.5704434077986602,0.010098454122228833,0.06681865378173817
27.880000000000003,1.4071833568726928,3.386665755680004,-1.5692786531223142,1.3999783802477441,3.396004607901131,-1.5704434077966611,0.011795162100373973,0.06673552700821528
27.98,1.4070477862553195,3.386609245102875,-1.569967704834194,1.3999790860858874,3.3940046080840025,-1.5704434077946616,0.010230245144079489,0.027255771936673077
28.080000000000002,1.407336670892425,3.3834301396064843,-1.5696150907500954,1.3999797919240347,3.392004608266874,-1.5704434077926617,0.01129801668274367,0.04745907063780435
28.180000000000003,1.406546083873538,3.3804655021489145,-1.5694178318518388,1.399980497762186,3.390004608449746,-1.5704434077906617,0.011580218910026741,0.0587611728647198
28.28,1.405443944987061,3.3775472126069945,-1.5694296359345015,1.3999812036003412,3.3880046086326177,-1.5704434077886629,0.011798248814756385,0.0580848486326005
28.380000000000003,1.405362932607246,3.376713402410472,-1.5697201471016,1.3999819094385004,3.3860046088154894,-1.5704434077866625,0.01073694215329537,0.04143978474181927
28.48,1.4066957141581125,3.3725246786865553,-1.569706293192655,1.3999826152766635,3.384004608998361,-1.5704434077846643,0.01329866521708213,0.0422335551396349
28.580000000000002,1.405439340390746,3.370806491801052,-1.5696526947805685,1.3999833211148305,3.382004609181233,-1.5704434077826637,0.012456563699490782,0.04530451782617463
28.680000000000003,1.4062323849154061,3.3684908608613253,-1.5700230717105585,1.3999840269530015,3.3800046093641045,-1.5704434077806642,0.013099938236938205,0.024083482794166496
28.78,1.4061272016760347,3.3644944951832656,-1.5696565849598942,1.3999847327911765,3.3780046095469762,-1.5704434077786649,0.014840926996720618,0.04508162674014379
28.880000000000003,1.4050453897903825,3.3635674243062,-1.5700634492733547,1.3999854386293555,3.376004609729848,-1.570443407776665,0.013427087808388518,0.02177001862978111
28.98,1.4062425783077248,3.360272729314653,-1.5700451448852815,1.3999861444675388,3.3740046099127197,-1.5704434077746658,0.015089980422657603,0.022818782698410648
29.080000000000002,1.4056334564975492,3.3590966167737406,-1.5699766374891369,1.399986850305726,3.3720046100955914,-1.570443407772666,0.01408901888289176,0.026743967248338725
29.180000000000003,1.4055411071146977,3.35528310335898,-1.5698567689188216,1.3999875561439172,3.370004610278463,-1.570443407770666,0.015734188710112885,0.033611930309078206
29.28,1.4048953034289198,3.352730878399226,-1.5698174382902519,1.3999882619821125,3.368004610461335,-1.5704434077686682,0.016042629050930998,0.03586540921726007
29.380000000000003,1.4061058128209962,3.3495960311654867,-1.569699261715379,1.3999889678203117,3.3660046106442065,-1.570443407766669,0.01751163251304305,0.042636428080231624
29.48,1.406170357653157,3.348543716448163,-1.5700744071501378,1.3999896736585147,3.3640046108270782,-1.570443407764672,0.016650528809548537,0.021142177850547127
29.580000000000002,1.406704865347466,3.344799425902806,-1.5700142146054987,1.3999903794967217,3.36200461100995,-1.570443407762673,0.01846896626265086,0.024590956501980545
29.680000000000003,1.4060118090600626,3.3424242493851075,-1.569930711749337,1.3999910853349327,3.3600046111928217,-1.5704434077606735,0.018582740257143928,0.029375317622767752
29.78,1.4059789232016784,3.3401054467760782,-1.570130757462709,1.3999917911731476,3.3580046113756934,-1.5704434077586742,0.01887394615047884,0.017913542422320124
29.880000000000003,1.4068221050036047,3.338415647730154,-1.5702390386214398,1.3999924970113666,3.356004611558565,-1.5704434077566765,0.01886836489695918,0.011709488911800852
29.98,1.4072078011185736,3.3347822484033287,-1.570034663456693,1.39999320284959,3.354004611741437,-1.5704434077546767,0.020531675053075016,0.02341932317450107
30.080000000000002,1.406856265422255,3.3311430906529145,-1.5699399541459496,1.3999939086878173,3.3520046119243085,-1.570443407752678,0.021961216034352686,0.028845766846184676
30.180000000000003,1.4063176148814327,3.3291284734466946,-1.5701036817416585,1.3999946145260485,3.3500046121071803,-1.5704434077506775,0.021812691233912725,0.019464866507611606
30.28,1.4067168487798376,3.326120157204276,-1.5697506301957653,1.3999953203642836,3.348004612290052,-1.5704434077486769,0.02289341212319506,0.03969322992323161
30.380000000000003,1.4072041588013393,3.32267682160189,-1.569626644604055,1.3999960262025228,3.3460046124729237,-1.5704434077466773,0.02441603986081284,0.04679708093410275
30.48,1.4067703756995318,3.320457715252214,-1.569698629317399,1.3999967320407658,3.3440046126557954,-1.5704434077446774,0.024501808622032863,0.04267266055544868
30.580000000000002,1.406168490093263,3.317582297795673,-1.569623904918492,1.3999974378790128,3.342004612838667,-1.5704434077426783,0.02518990586505372,0.046954053124933004
30.680000000000003,1.4077920346637485,3.3162293911745038,-1.5701728686709941,1.3999981437172637,3.340004613021539,-1.5704434077406804,0.025020110110897404,0.015500746886415806
30.78,1.4080458398592701,3.313184917570156,-1.5694876902178303,1.3999988495555187,3.3380046132044106,-1.5704434077386815,0.02609159528134884,0.054758580351481054
30.880000000000003,1.407484194487692,3.3109099878905544,-1.5699804604248477,1.3999995553937776,3.3360046133872823,-1.5704434077366827,0.026187020662671364,0.02652492710506878
30.98,1.4070228903941056,3.3080735693026484,-1.5699385255157217,1.400000261232041,3.334004613570154,-1.5704434077346836,0.026865151723956697,0.02892762029771929
31.080000000000002,1.408019894091424,3.3056245803738054,-1.5701970616818695,1.4000009670703082,3.3320046137530257,-1.5704434077326845,0.027571894234142847,0.014114589011419557
31.180000000000003,1.4084105027650817,3.3032835808772494,-1.5701634797857298,1.4000016729085794,3.3300046139358974,-1.570443407730685,0.028012890377056184,0.01603868981370558
31.28,1.4069505839999625,3.301079587976486,-1.5703604226097605,1.4000023787468545,3.328004614118769,-1.5704434077286844,0.02780709601885745,0.004754697076731042
31.380000000000003,1.4070519743924605,3.2989456161245108,-1.5703768615188047,1.4000030845851337,3.326004614301641,-1.5704434077266838,0.02796204981516495,0.003812816854069674
31.48,1.4072139340035015,3.295854605229311,-1.570165776319237,1.4000037904234168,3.3240046144845126,-1.5704434077246852,0.029058719715661464,0.015907107792469004
31.580000000000002,1.4059638767497387,3.2942101020265784,-1.5704471978061685,1.4000044962617038,3.3220046146673843,-1.5704434077226852,0.0284262053172964,0.00021715578759414929
31.680000000000003,1.4076435666146445,3.2911307628840683,-1.5703701007385613,1.4000052020999947,3.320004614850256,-1.570443407720684,0.029867104644139608,0.004200180684465996
31.78,1.4063986446970216,3.2898694378473206,-1.570595308875243,1.4000059079382896,3.3180046150331277,-1.5704434077186846,0.02885230109615534,0.008703295173945191
31.880000000000003,1.4070030283169788,3.28728841219105,-1.5707791007964795,1.4000066137765885,3.3160046152159994,-1.5704434077166851,0.02955621986301871,0.01923379668396859
31.98,1.407282659860706,3.2851238739318425,-1.570930562180816,1.4000073196148919,3.314004615398871,-1.570443407714686,0.029783011993042487,0.027911894880198563
32.080000000000005,1.4067287909754107,3.2817117448608064,-1.570540263760938,1.4000080254531992,3.312004615581743,-1.5704434077126868,0.031029449007675194,0.0055494427851132495
32.18,1.406326264156367,3.2789762479101974,-1.570710427316033,1.4000087312915104,3.3100046157646146,-1.5704434077106864,0.03166497802316581,0.01529909643361459
32.28,1.4070836979544077,3.2765428830178625,-1.5707735510175413,1.4000094371298255,3.3080046159474863,-1.5704434077086866,0.032247260428588276,0.018915818231859734
32.38,1.4060487504836745,3.2744802731929155,-1.5707521143957133,1.4000101429681446,3.306004616130358,-1.5704434077066876,0.03209749177683667,0.01768759038863117
32.480000000000004,1.405836180639173,3.27184925281834,-1.5707656458194246,1.4000108488064678,3.3040046163132297,-1.5704434077046892,0.03267876822111894,0.01846288397259184
32.580000000000005,1.404656779056997,3.268342269772761,-1.5705978983655233,1.4000115546447947,3.3020046164961014,-1.5704434077026883,0.0339813433631177,0.008851662954625032
32.68,1.406045427705382,3.2656042095692945,-1.5706040365215195,1.4000122604831255,3.300004616678973,-1.5704434077006895,0.034925450835219536,0.00920335350172272
32.78,1.4067591587402715,3.2636642051766116,-1.5706282644720522,1.4000129663214604,3.298004616861845,-1.5704434076986924,0.03499678537898773,0.010591512927921563
32.88,1.4065220490873562,3.259674103468055,-1.570450035558188,1.4000136721597993,3.2960046170447166,-1.5704434076966924,0.03690887680457303,0.0003797484908970868
32.980000000000004,1.4066958255466893,3.2596170506004665,-1.5709621111338647,1.4000143779981427,3.2940046172275883,-1.5704434076946938,0.03503065057744036,0.029719517883415175
33.080000000000005,1.4074592412213471,3.2566389164126095,-1.5711584819007958,1.40001508383649,3.29200461741046,-1.5704434076926932,0.03614067357202808,0.040970734162936964
33.18,1.4059252889261669,3.2539282184099707,-1.571091968807176,1.400015789674841,3.2900046175933317,-1.5704434076906937,0.0365571984626644,0.03715981473073244
33.28,1.4059939768163863,3.251331621318067,-1.571186351986593,1.4000164955131962,3.2880046177762035,-1.570443407688694,0.037156950250908136,0.04256757268292322
33.38,1.4063823430737212,3.248307701939267,-1.571101167896189,1.4000172013515553,3.286004617959075,-1.570443407686694,0.03823051799999199,0.03768688393570663
33.480000000000004,1.4060783557278902,3.2462713720046095,-1.5712836921290252,1.4000179071899184,3.284004618141947,-1.570443407684694,0.038216840535846154,0.048144752250670574
33.580000000000005,1.4071424523898215,3.242417999569043,-1.571068690419818,1.4000186130282855,3.2820046183248186,-1.570443407682695,0.04022249957131058,0.03582606183953161
33.68,1.4062661506959933,3.2397771592681037,-1.5709043243106733,1.4000193188666563,3.2800046185076903,-1.5704434076806968,0.04070959818982027,0.02640857760504611
33.78,1.4073834518674648,3.2381692314422477,-1.5712060813408124,1.4000200247050312,3.278004618690562,-1.5704434076786977,0.040510222620958686,0.0436979819849582
33.88,1.4064152002212678,3.236053440870269,-1.5713315463056015,1.40002073054341,3.2760046188734337,-1.570443407676698,0.04045968198468214,0.050886595058704326
33.980000000000004,1.4064025732739367,3.2330567841519677,-1.5712249082496748,1.4000214363817933,3.2740046190563055,-1.5704434076746991,0.041442057036170064,0.044776684633149794
34.080000000000005,1.4066348527615362,3.230293376375033,-1.5711878292620838,1.4000221422201806,3.272004619239177,-1.5704434076726999,0.04223216454286205,0.0426522152501197
34.18,1.406802678275874,3.2263204977380444,-1.5708200297093446,1.400022848058572,3.270004619422049,-1.5704434076707008,0.04420711011905611,0.02157885328590612
34.28,1.406924101949104,3.2264337152360603,-1.5714078576774329,1.400023553896967,3.2680046196049206,-1.5704434076687024,0.042139739598919965,0.05525891505161112
34.38,1.4064695251087802,3.2250822090035487,-1.571840115890419,1.400024259735366,3.2660046197877923,-1.5704434076667038,0.04142686507724319,0.08002548643009393
34.480000000000004,1.4058973835396598,3.221613671777747,-1.5717070781345557,1.400024965573769,3.264004619970664,-1.5704434076647031,0.04279576826580763,0.07240298461786429
34.580000000000005,1.4072780863094443,3.218959373516472,-1.5716986344285775,1.4000256714121762,3.2620046201535358,-1.5704434076627032,0.043651927562110886,0.07191919601645368
34.68,1.407248960472809,3.2161027989106925,-1.5714193151199694,1.400026377250587,3.2600046203364075,-1.5704434076607026,0.04449197267931922,0.05591537861132233
34.78,1.406389651329713,3.2148280355813896,-1.5718536123986742,1.4000270830890018,3.258004620519279,-1.5704434076587042,0.04364286610107656,0.08079877984962472
34.88,1.4083888830208533,3.212200690764005,-1.5715525956657863,1.4000277889274206,3.256004620702151,-1.5704434076567046,0.04459475498828584,0.06355179160689772
34.980000000000004,1.4059483369411065,3.2096992699176745,-1.5716885878739175,1.400028494765844,3.2540046208850226,-1.5704434076547071,0.04469909009946302,0.07134357129392971
35.080000000000005,1.4058370754195797,3.2072307455002114,-1.5718985023635828,1.4000292006042712,3.2520046210678943,-1.5704434076527063,0.045148990500571036,0.08337078572502986
35.18,1.407059680545255,3.203290128471467,-1.5716601636937708,1.4000299064427024,3.250004621250766,-1.5704434076507077,0.047240465276710435,0.0697149859645567
35.28,1.40762198705329,3.202461133712321,-1.5720682824475098,1.4000306122811375,3.2480046214336378,-1.5704434076487073,0.04617183388986175,0.09309846820855651
35.38,1.4064305934313273,3.199669633245434,-1.572055891134522,1.4000313181195765,3.2460046216165095,-1.570443407646707,0.04677479953846181,0.09238849838632515
35.480000000000004,1.4074748372052643,3.1975596224126703,-1.5724650074641526,1.4000320239580195,3.244004621799381,-1.570443407644707,0.0470375747362142,0.11582913751864893
35.580000000000005,1.4066685729769302,3.1954878774239024,-1.5718381548953504,1.4000327297964665,3.242004621982253,-1.570443407642708,0.04698767858729073,0.079913131063872
35.68,1.4068452923549968,3.1918714179003023,-1.5717581481115035,1.4000334356349176,3.2400046221651246,-1.5704434076407086,0.04861282490016398,0.07532908013159291
35.78,1.4072904728890692,3.1889886700416517,-1.5715825998662596,1.4000341414733724,3.2380046223479964,-1.5704434076387088,0.0495501556618371,0.06527090669276586
35.88,1.4077415535961633,3.185978412270047,-1.5717321780736628,1.4000348473118311,3.236004622530868,-1.5704434076367086,0.0506163514569437,0.07384110679870602
35.980000000000004,1.406935113478956,3.1839114126233845,-1.5717530730512572,1.4000355531502944,3.23400462271374,-1.5704434076347098,0.05056613125289806,0.07503830094241026
36.080000000000005,1.4060598960885824,3.1811154721827712,-1.571480902216741,1.4000362589887616,3.2320046228966115,-1.5704434076327103,0.05124441300557833,0.05944406093264554
36.18,1.4078587563007259,3.1784956040677277,-1.57178456373367,1.4000369648272328,3.230004623079483,-1.57044340763071,0.05209951498246602,0.0768425843678168
36.28,1.4069052037801755,3.176048615485817,-1.5720259974455915,1.400037670665708,3.228004623262355,-1.5704434076287106,0.0524079169129432,0.0906757172076553
36.38,1.4070522150992975,3.1732856687422677,-1.5719502250465993,1.400038376504187,3.2260046234452266,-1.570443407626712,0.0531834759752585,0.08633427865633667
36.480000000000004,1.4076324802904716,3.170172049384052,-1.571983133124044,1.40003908234267,3.2240046236280984,-1.5704434076247125,0.05436548300286172,0.08821977272036574
36.580000000000005,1.4060960224698604,3.1669682111742636,-1.5714912526962366,1.400039788181157,3.22200462381097,-1.5704434076227127,0.05536862549926165,0.06003710029649178
36.68,1.4064587934026327,3.166827000643442,-1.5719316752415522,1.400040494019648,3.220004623993842,-1.5704434076207114,0.05356355283368186,0.08527145346015151
36.78,1.40603209437478,3.1647371229158536,-1.5717226519618896,1.4000411998581428,3.2180046241767135,-1.5704434076187117,0.0536033348560067,0.07329530183008125
36.88,1.4058632114308234,3.160907437098602,-1.5719242544360144,1.4000419056966416,3.2160046243595852,-1.5704434076167118,0.055403859473169,0.08484627285141136
36.980000000000004,1.4068289969664056,3.1586580597429195,-1.5717900925603694,1.4000426115351448,3.214004624542457,-1.570443407614712,0.05576107300197003,0.07715936371997208
37.080000000000005,1.4068032242997563,3.155945672033303,-1.5718082416622954,1.400043317373652,3.2120046247253287,-1.5704434076127112,0.05646505572986172,0.07819923077692399
37.18,1.406120216051905,3.152665152141542,-1.5716276677896985,1.4000440232121631,3.2100046249082004,-1.5704434076107119,0.05766051731110383,0.06785311010134258
37.28,1.4075764959347534,3.151356344372313,-1.571967713794993,1.4000447290506783,3.208004625091072,-1.5704434076087115,0.05714678661821122,0.08733631115961342
37.38,1.407172067866789,3.1475560930525037,-1.5716900339437234,1.4000454348891973,3.206004625273944,-1.5704434076067126,0.05888140467446422,0.07142642774057117
37.480000000000004,1.4068714134158122,3.1460183550868854,-1.5721585714686195,1.4000461407277203,3.2040046254568155,-1.570443407604713,0.058386572931466416,0.09827165057519757
37.580000000000005,1.4074991227590485,3.144106458155547,-1.5720336136156132,1.4000468465662472,3.2020046256396872,-1.570443407602713,0.058375801651671846,0.0911120930955119
37.68,1.4075696505382997,3.1403808725852107,-1.57191694804431,1.4000475524047782,3.200004625822559,-1.5704434076007143,0.06009637185753001,0.08442764835986938
37.78,1.4069253342357004,3.138436200234597,-1.5721185593814484,1.4000482582433131,3.1980046260054307,-1.5704434075987144,0.059964085276275184,0.09597912719447577
37.88,1.4077288816752644,3.1369764586847717,-1.572249645174589,1.4000489640818519,3.1960046261883024,-1.5704434075967157,0.0595256725545078,0.10348979001007524
37.980000000000004,1.4067732022223765,3.134204529865048,-1.5723500755815305,1.400049669920395,3.194004626371174,-1.5704434075947182,0.060176884505246726,0.10924402857704847
38.080000000000005,1.4072520579780667,3.131640495904261,-1.5723622024520116,1.4000503757589422,3.192004626554046,-1.5704434075927185,0.060792207526043356,0.10993884718889546
38.18,1.4076404579506934,3.128413000860691,-1.5722313408061581,1.4000510815974934,3.1900046267369175,-1.5704434075907188,0.062057449282963174,0.10244102729592945
38.28,1.4067286788717956,3.1266629126698375,-1.572408722623061,1.4000517874360485,3.1880046269197893,-1.5704434075887193,0.061704025690124,0.11260425688138896
38.38,1.406749908552521,3.125747337461253,-1.5729629577022382,1.4000524932746077,3.186004627102661,-1.5704434075867189,0.06062834589804783,0.1443595878909548
38.480000000000004,1.4078965279445779,3.12250742974534,-1.5726325866723463,1.4000531991131706,3.1840046272855327,-1.5704434075847182,0.06199534750652728,0.12543072231938787
38.580000000000005,1.407509408248656,3.1190594867124126,-1.572386988070724,1.4000539049517375,3.1820046274684044,-1.5704434075827178,0.06338513448910539,0.11135895910672851
38.68,1.4078661136434256,3.116493293894737,-1.5726336634346725,1.4000546107903085,3.180004627651276,-1.5704434075807174,0.0639899139893057,0.12549241648544623
38.78,1.4077408946865055,3.1138085042072503,-1.5727114776587352,1.4000553166288834,3.178004627834148,-1.5704434075787184,0.06465454662125251,0.1299508432248637
38.88,1.4067003423536042,3.111173280111465,-1.572676140121,1.4000560224674623,3.1760046280170195,-1.5704434075767184,0.06517093415012877,0.12792615156884704
38.980000000000004,1.4067682361751694,3.109536674140424,-1.572889737913281,1.4000567283060454,3.1740046281998913,-1.5704434075747182,0.06481636705717872,0.14016440369445102
39.080000000000005,1.4061436358258153,3.1060655639544836,-1.572643762861455,1.4000574341446326,3.172004628382763,-1.5704434075727183,0.06621934814373218,0.1260710714738987
39.18,1.406324271599879,3.102930701858467,-1.5725041385748806,1.4000581399832237,3.1700046285656347,-1.5704434075707192,0.06736598584861457,0.11807118925020292
39.28,1.405793438060405,3.0999374243758013,-1.5724839812595623,1.4000588458218188,3.1680046287485064,-1.570443407568719,0.06830834399440858,0.1169162602707553
39.38,1.4063253542004435,3.0969046413431447,-1.5721860390768234,1.400059551660418,3.166004628931378,-1.570443407566719,0.06938348914665941,0.09984543077548808
39.480000000000004,1.40588689513039,3.0939216379132177,-1.5722992497250172,1.4000602574990209,3.16400462911425,-1.570443407564721,0.07032478483274039,0.1063319232274208
39.580000000000005,1.4064480985460128,3.0932721252909006,-1.5730502122769585,1.4000609633376278,3.1620046292971216,-1.570443407562721,0.06902863610948269,0.14935890814061972
39.68,1.4070544380803718,3.0903164598202846,-1.5729468310214099,1.4000616691762386,3.1600046294799933,-1.5704434075607216,0.07003813109633177,0.14343559863146946
39.78,1.406701027146045,3.0880095810520896,-1.5725977947737704,1.4000623750148535,3.158004629662865,-1.5704434075587224,0.07030916392721356,0.12343729485919452
39.88,1.4062874559440994,3.0850013325905827,-1.5724027209246811,1.4000630808534724,3.1560046298457367,-1.5704434075567222,0.07127559937575112,0.11226038672761125
39.980000000000004,1.405609182386519,3.082716842180899,-1.5726834060853836,1.4000637866920955,3.1540046300286084,-1.5704434075547222,0.07150314755049449,0.12834246192240217
40.080000000000005,1.4063162464572458,3.078776914108342,-1.5719996277421415,1.4000644925307226,3.15200463021148,-1.5704434075527223,0.07349410066692166,0.08916484884677285
40.18,1.4055034926110654,3.077991344793788,-1.572378038293307,1.4000651983693537,3.150004630394352,-1.570443407550723,0.07221833802607061,0.11084617646632604
40.28,1.4065062975878246,3.0747614828442473,-1.572641121533294,1.4000659042079888,3.1480046305772236,-1.570443407548724,0.07352575981737024,0.1259197358927482
40.38,1.405470697128448,3.0719322731416705,-1.5726788409230925,1.400066610046628,3.1460046307600953,-1.570443407546724,0.0742692286235673,0.12808089784859794
40.480000000000004,1.4070616471876993,3.0711124094099533,-1.5728627442237944,1.400067315885271,3.144004630942967,-1.5704434075447253,0.07322702117651701,0.13861778093185123
40.580000000000005,1.40631897341892,3.0683877916933118,-1.5726217764752282,1.4000680217239179,3.1420046311258387,-1.5704434075427256,0.0738817531270591,0.12481134605481525
40.68,1.40741494233837,3.065501385977555,-1.5726017883652421,1.4000687275625687,3.1400046313087104,-1.570443407540727,0.07486454725974455,0.12366611182668419
40.78,1.406881925526212,3.0619255951447255,-1.572291379085779,1.4000694334012236,3.138004631491582,-1.5704434075387264,0.07638343943826674,0.10588097030638345
40.88,1.407416595846326,3.0600247840515538,-1.5723506771970372,1.4000701392398824,3.136004631674454,-1.5704434075367268,0.076334184147533,0.10927850192913649
40.980000000000004,1.4058588795198,3.0590626040533517,-1.572990836231397,1.4000708450785455,3.1340046318573256,-1.5704434075347256,0.07516521053030277,0.14595691292978033
41.080000000000005,1.4065234174950687,3.0548288149267133,-1.5727211414361664,1.4000715509172128,3.1320046320401973,-1.570443407532725,0.077445034246699,0.1305045395210529
41.18,1.4063110946353479,3.0524384205430857,-1.5727624112230332,1.4000722567558839,3.130004632223069,-1.570443407530725,0.07781670959678402,0.13286912424451425
41.28,1.40628623620938,3.049344549477064,-1.5724205442783181,1.400072962594559,3.1280046324059407,-1.5704434075287264,0.07890509118802418,0.11328159127182219
41.38,1.4064898795504817,3.049151739658375,-1.5731892710683468,1.400073668433238,3.1260046325888124,-1.5704434075267262,0.07712026268678225,0.15732639205370824
41.480000000000004,1.406605052543482,3.0452974450218293,-1.5727959835561338,1.400074374271921,3.124004632771684,-1.5704434075247264,0.07897766242538164,0.134792677583279
41.580000000000005,1.4061984913321854,3.042402671056176,-1.5728294432232346,1.400075080110608,3.122004632954556,-1.5704434075227287,0.0798371373676415,0.1367097754065281
41.68,1.4062254220736292,3.03976894760369,-1.5727639849502715,1.400075785949299,3.1200046331374276,-1.570443407520729,0.0804710088014961,0.13295929274610258
41.78,1.405715701681347,3.035984455215662,-1.5725325668569659,1.4000764917879938,3.1180046333202993,-1.5704434075187288,0.08221380847848923,0.11970001281132737
41.88,1.4068380576349175,3.0339484811409414,-1.5726601189328302,1.4000771976266926,3.116004633503171,-1.5704434075167288,0.08233420533741889,0.1270082085410759
41.980000000000004,1.4056278988253272,3.0305911323397874,-1.5723893416191352,1.4000779034653956,3.1140046336860427,-1.5704434075147289,0.08359793451597358,0.11149381139305382
42.080000000000005,1.4059971049357596,3.0298015711798834,-1.5728773550070223,1.4000786093041029,3.1120046338689145,-1.570443407512729,0.08241584863361365,0.13945491897945245
42.18,1.4055104998110637,3.0254886365740763,-1.572438018719428,1.400079315142814,3.110004634051786,-1.5704434075107288,0.08469032764461887,0.1142828040279554
42.28,1.4059349323587158,3.0245454890520334,-1.5730347615417821,1.400080020981529,3.108004634234658,-1.5704434075087288,0.08366426299113089,0.14847364931816012
42.38,1.405770694040992,3.0217231569251686,-1.5729300786754854,1.400080726820248,3.1060046344175296,-1.5704434075067288,0.08447332818865669,0.14247576300661458
42.480000000000004,1.4057165087489045,3.020174580903159,-1.5730913331629435,1.400081432658971,3.1040046346004013,-1.5704434075047289,0.08401923580598612,0.1517149646800965
42.580000000000005,1.4066708250182458,3.0166156176119703,-1.572788844463719,1.400082138497698,3.102004634783273,-1.5704434075027296,0.08564283416344351,0.13438363897868444
42.68,1.4053424717055967,3.0156963663093355,-1.5733910499241346,1.4000828443364288,3.1000046349661448,-1.5704434075007303,0.08447217200931459,0.16888747037477952
42.78,1.4056747587792693,3.012103642094627,-1.5731356765183147,1.4000835501751636,3.0980046351490165,-1.5704434074987295,0.08608276378802492,0.15425565213605547
42.88,1.4044912353695185,3.0081503859531686,-1.572819083880772,1.4000842560139024,3.096004635331888,-1.570443407496729,0.08796471224837304,0.13611623029456515
42.980000000000004,1.4056523691135339,3.0070053349406027,-1.5732178966537635,1.4000849618526454,3.09400463551476,-1.5704434074947304,0.08717725806654587,0.1589665191173983
43.080000000000005,1.405632968390089,3.0046035352323286,-1.5731216326000033,1.4000856676913926,3.0920046356976316,-1.5704434074927298,0.08757696562217573,0.1534509952327406
43.18,1.4049860955421647,3.001185392539082,-1.572992836247778,1.4000863735301439,3.0900046358805033,-1.5704434074907314,0.08895428749384528,0.14607150794805737
43.28,1.4062196657172257,2.996948994923771,-1.5730275954020527,1.4000870793688989,3.088004636063375,-1.570443407488732,0.09126192195359475,0.1480630609020022
43.38,1.4061464711537919,2.9957675669390555,-1.5729963554074367,1.4000877852076579,3.0860046362462468,-1.5704434074867322,0.09044023635829748,0.14627314117306617
43.480000000000004,1.4062094854052982,2.9924900507964023,-1.5728189742371905,1.4000884910464209,3.0840046364291185,-1.5704434074847329,0.09171905993559437,0.13610994886742236
43.580000000000005,1.406546185945355,2.9899453168511023,-1.5727892768612426,1.4000891968851878,3.08200463661199,-1.5704434074827327,0.09228548673849274,0.13440841467759418
43.68,1.4064189277690382,2.988070617635398,-1.5731058640031268,1.4000899027239588,3.080004636794862,-1.5704434074807334,0.09215161657200557,0.15254752187021936
43.78,1.4063616507755736,2.984883910384354,-1.5729907724768057,1.4000906085627336,3.0780046369777336,-1.5704434074787337,0.09333164357126776,0.14595326326888047
43.88,1.4066732870250875,2.9829426320355465,-1.5732498571222797,1.4000913144015124,3.0760046371606053,-1.5704434074767337,0.09329447551443742,0.1607977201057713
43.980000000000004,1.4068681714451894,2.9796022300531146,-1.5733643594726732,1.4000920202402953,3.074004637343477,-1.5704434074747342,0.094645288986653,0.16735822164220787
44.080000000000005,1.4067750878610799,2.9767256167804046,-1.5728208159336985,1.4000927260790825,3.072004637526349,-1.5704434074727345,0.09551306587735293,0.13621547099193054
44.18,1.407156929121207,2.97567200784408,-1.5731297414724978,1.4000934319178737,3.0700046377092205,-1.5704434074707345,0.09459671268080676,0.15391560066352752
44.28,1.4073915102595407,2.9719963321575436,-1.57334637684395,1.400094137756669,3.068004637892092,-1.570443407468734,0.09628523467003774,0.1663278932556096
44.38,1.4076666846006,2.969210955296409,-1.572976558205704,1.4000948435954679,3.066004638074964,-1.570443407466733,0.09708939078005652,0.1451388462134828
44.480000000000004,1.4073878991663307,2.9667351747304758,-1.5729919998489992,1.4000955494342708,3.0640046382578356,-1.5704434074647324,0.09754243640341914,0.14602358731766824
44.580000000000005,1.407555781567492,2.963927699297,-1.5730616478656319,1.4000962552730778,3.0620046384407074,-1.5704434074627307,0.09836020803320601,0.15001412483686816
44.68,1.4071158500435315,2.961982467765503,-1.5734655855111308,1.4000969611118887,3.060004638623579,-1.5704434074607314,0.09827314374519915,0.17315804722496062
44.78,1.4063404074234294,2.9601028240284735,-1.5730286196844805,1.4000976669507037,3.058004638806451,-1.570443407458731,0.09810064803777387,0.1481217496810669
44.88,1.4074012406204128,2.9554299540124505,-1.5729219723086756,1.4000983727895224,3.0560046389893225,-1.570443407456731,0.10083947211658988,0.1420113052658894
44.980000000000004,1.4074713655860271,2.9530751702886797,-1.5730467761077573,1.4000990786283454,3.0540046391721942,-1.570443407454731,0.10119836117296924,0.1491620363350615
45.080000000000005,1.4065896692133826,2.9514749962321094,-1.5728786940045412,1.4000997844671725,3.052004639355066,-1.5704434074527314,0.10073890882101162,0.13953164132366888
45.18,1.406889269737505,2.94873542816319,-1.572898344912329,1.4001004903060037,3.0500046395379377,-1.5704434074507307,0.10149650584445219,0.14065755551814252
45.28,1.405683467380611,2.944786780168228,-1.5727799234595565,1.4001011961448389,3.0480046397208094,-1.5704434074487326,0.10336870069206712,0.1338725061849565
45.38,1.4058023007973444,2.9433288370737833,-1.5731983655951565,1.400101901983678,3.046004639903681,-1.570443407446732,0.1028339196636931,0.1578474746399011
45.480000000000004,1.405443235783707,2.941558740215916,-1.5733175516572875,1.400102607822521,3.044004640086553,-1.5704434074447318,0.10258501209886553,0.16467633309139404
45.580000000000005,1.406062318411303,2.938559807957146,-1.5733234131984783,1.4001033136613679,3.0420046402694245,-1.5704434074427311,0.10361632627016423,0.16501217477769992
45.68,1.4061581861133214,2.935253188882647,-1.5733279771364246,1.4001040195002188,3.0400046404522962,-1.5704434074407307,0.1049262576256665,0.1652736692745932
45.78,1.406689805178618,2.9332447642643085,-1.5732004708583311,1.4001047253390737,3.038004640635168,-1.570443407438731,0.1049666374317618,0.1579680977929942
45.88,1.4065973986412839,2.930491132701561,-1.5733797463343584,1.4001054311779326,3.0360046408180397,-1.570443407436731,0.10571303626607015,0.1682398260541435
45.980000000000004,1.4066683703536633,2.9286761902837144,-1.57350493148996,1.4001061370167955,3.0340046410009114,-1.5704434074347304,0.10553267473561206,0.1754124072424349
46.080000000000005,1.4064369361009097,2.9247765991501713,-1.5734343413981513,1.4001068428556627,3.032004641183783,-1.570443407432731,0.1074147246836091,0.1713678930209153
46.18,1.4057931212418129,2.9220995518473245,-1.5736493011182968,1.4001075486945338,3.030004641366655,-1.5704434074307303,0.10805477351494039,0.1836841778651937
46.28,1.405745501554777,2.919683560238377,-1.5735991401869351,1.400108254533409,3.0280046415495265,-1.5704434074287303,0.10846766896359754,0.1808101683163133
46.38,1.4073682232250693,2.9184956559514585,-1.5739735635153898,1.400108960372288,3.0260046417323982,-1.5704434074267295,0.10775378842904812,0.20226304490264288
46.480000000000004,1.406458855837186,2.9146815084071274,-1.573458504153365,1.4001096662111712,3.02400464191527,-1.5704434074247304,0.10950735011379951,0.17275231737446656
46.580000000000005,1.4067996036798058,2.911646266034014,-1.5735814270290513,1.400110372050058,3.0220046420981417,-1.5704434074227314,0.11056091980129246,0.1797952794714393
46.68,1.4064835558317443,2.9089295690046932,-1.5736036647498997,1.400111077888949,3.0200046422810134,-1.5704434074207319,0.11125772053422318,0.1810694071366009
46.78,1.4066141277850828,2.9056877787120756,-1.573558793620522,1.4001117837278438,3.018004642463885,-1.570443407418732,0.11250492594229484,0.17849848091586354
46.88,1.4066174698850316,2.903196274573123,-1.5734715220488567,1.4001124895667427,3.016004642646757,-1.5704434074167326,0.11299576397537131,0.17349818830251776
46.980000000000004,1.4065142161893867,2.8990373698115723,-1.573119294997321,1.4001131954056456,3.0140046428296285,-1.5704434074147327,0.11514532961558692,0.15331706493377403
47.080000000000005,1.4066359812100169,2.8984914375174937,-1.5735155604566962,1.4001139012445527,3.0120046430125003,-1.570443407412733,0.11370041929925981,0.17602140343736275
47.18,1.4058951364584538,2.8959775296400774,-1.5736033851008575,1.4001146070834638,3.010004643195372,-1.570443407410734,0.11417353960356652,0.18105338499957174
47.28,1.4070182160837432,2.89404574002926,-1.573828129349123,1.400115312922379,3.0080046433782437,-1.5704434074087341,0.11416777883693023,0.19393028200961213
47.38,1.40516100879218,2.890308435385757,-1.5735451049228422,1.400116018761298,3.0060046435611154,-1.5704434074067357,0.11580615057313491,0.17771417699911024
47.480000000000004,1.4067624476725968,2.8882110642085546,-1.5737536580978724,1.400116724600221,3.004004643743987,-1.570443407404735,0.11598413122829888,0.1896633938470218
47.580000000000005,1.4063461631816865,2.8842351244244817,-1.5734715321459076,1.400117430439148,3.002004643926859,-1.5704434074027351,0.11793412074289085,0.17349876762292
47.68,1.4065852472426512,2.8824700010740543,-1.573613571628374,1.4001181362780788,3.0000046441097306,-1.570443407400736,0.11771242856109945,0.18163703060699793
47.78,1.4062607957234299,2.8789461692822003,-1.5733644521159018,1.4001188421170137,2.9980046442926023,-1.5704434073987357,0.11921679439536147,0.16736353406260526
47.88,1.4061700719942754,2.8760375737348127,-1.573364879947677,1.4001195479559525,2.996004644475474,-1.570443407396736,0.12011955254342711,0.16738804713223746
47.980000000000004,1.406022288306474,2.8747266553410644,-1.5733203194081666,1.4001202537948954,2.9940046446583457,-1.5704434073947346,0.1194239203298457,0.16483491640013687
48.080000000000005,1.4068340786212614,2.870267403004009,-1.5732001065847716,1.4001209596338426,2.9920046448412174,-1.570443407392736,0.12192219657088788,0.15794722909076298
48.18,1.4070598585404797,2.8689412505776786,-1.573467204951948,1.4001216654727937,2.990004645024089,-1.5704434073907365,0.12126204681569447,0.1732508383593711
48.28,1.4081513266863268,2.8656463723523875,-1.5731960285021596,1.4001223713117488,2.988004645206961,-1.5704434073887354,0.12262141354739467,0.1577135723978032
48.38,1.4071482364583798,2.8633421941770183,-1.5733131903609854,1.4001230771507078,2.9860046453898326,-1.5704434073867353,0.12286345999048787,0.16442645254303204
48.480000000000004,1.4068552932344125,2.8611220459721376,-1.5732723936782924,1.4001237829896709,2.9840046455727043,-1.5704434073847353,0.1230668375914822,0.16208897492117963
48.580000000000005,1.4059743602902672,2.8580413960237228,-1.5733339962429291,1.400124488828638,2.982004645755576,-1.5704434073827358,0.1241012017677484,0.16561854199660914
48.68,1.4072836675656684,2.8554595747732097,-1.5733939529869012,1.4001251946676088,2.9800046459384477,-1.5704434073807352,0.12475062519196634,0.16905381049418286
48.78,1.407502930130492,2.8542006812210676,-1.5735892723317888,1.4001259005065836,2.9780046461213194,-1.5704434073787354,0.12402355538805845,0.1802447847280782
48.88,1.4070639019049842,2.8500162362178103,-1.5732272090285964,1.4001266063455624,2.976004646304191,-1.5704434073767362,0.12617925957055243,0.15950008565313678
48.980000000000004,1.406140949624553,2.847765700523088,-1.573493843303835,1.4001273121845452,2.974004646487063,-1.5704434073747362,0.12638210044684042,0.1747771044124302
49.080000000000005,1.4072521005461502,2.8445487456129817,-1.573333397021168,1.4001280180235325,2.9720046466699346,-1.5704434073727356,0.12765484427168772,0.1655842096916763
49.18,1.4065216333595452,2.842024389706195,-1.5734128789075357,1.4001287238625237,2.9700046468528063,-1.5704434073707347,0.12813982796597553,0.17013818644292028
49.28,1.4070846440799658,2.8390678058225793,-1.573308785631402,1.4001294297015188,2.968004647035678,-1.5704434073687332,0.1291242968192353,0.16417408115945392
49.38,1.408005888346287,2.83710881709155,-1.5733620449584405,1.4001301355405178,2.9660046472185497,-1.5704434073667342,0.12913621686570312,0.16722561593299756
49.480000000000004,1.4076426597691387,2.8334711265121997,-1.5733555374992887,1.4001308413795208,2.9640046474014214,-1.5704434073647338,0.13074948371315084,0.16685276610286234
49.580000000000005,1.407071238138135,2.8316907605147965,-1.5733360298928103,1.4001315472185278,2.962004647584293,-1.570443407362734,0.13049853820338833,0.16573506269782443
49.68,1.4063625390504453,2.8278787780678796,-1.5732727149569306,1.4001322530575389,2.960004647767165,-1.5704434073607332,0.13227268012460444,0.16210738420641363
49.78,1.4069158951462863,2.8262578394740414,-1.573292710502579,1.4001329588965536,2.9580046479500366,-1.570443407358734,0.1319213014178472,0.1632530446956764
49.88,1.406817620370116,2.8236776509048025,-1.5730196312338727,1.4001336647355724,2.9560046481329083,-1.5704434073567335,0.13249569599927263,0.14760675524090472
49.980000000000004,1.4072684375517188,2.8199597417583897,-1.5731453856037878,1.4001343705745952,2.95400464831578,-1.5704434073547326,0.13423461507976842,0.15481195000700865
50.080000000000005,1.4066069616361534,2.8180952614671666,-1.5731560904500888,1.4001350764136224,2.9520046484986517,-1.570443407352732,0.13406568999368068,0.15542529263501628
50.18,1.4072151494710583,2.81551638384189,-1.5729784014848036,1.4001357822526537,2.9500046486815235,-1.5704434073507323,0.1346744623890826,0.14524446497270752
50.28,1.4072937315895608,2.8129520146694507,-1.5732650821966403,1.400136488091689,2.948004648864395,-1.5704434073487332,0.13524215370024734,0.1616700599432938
50.38,1.4073821229680847,2.8091887054610147,-1.573351664244317,1.4001371939307279,2.946004649047267,-1.570443407346734,0.13700763269304694,0.1666308459713231
50.480000000000004,1.4065772757603276,2.8079209447268383,-1.5734550445032347,1.4001378997697709,2.9440046492301386,-1.5704434073447342,0.13623597246868874,0.17255409860685053
50.580000000000005,1.4081390363250508,2.805591216685742,-1.573365097505349,1.4001386056088179,2.9420046494130103,-1.5704434073427356,0.13664783759753468,0.16740051536264217
50.68,1.408371459846711,2.8014317196947527,-1.5730586760798122,1.4001393114478689,2.940004649595882,-1.5704434073407385,0.13881723656896455,0.14984386104142325
50.78,1.4073392442503039,2.798693622927149,-1.573241500171579,1.4001400172869236,2.9380046497787538,-1.570443407338741,0.13949692136860506,0.1603189100074185
50.88,1.4074499019801345,2.7974175782165225,-1.5734550664608493,1.4001407231259824,2.9360046499616255,-1.5704434073367433,0.13877968349295336,0.17255535714334336
50.980000000000004,1.408166339790278,2.7950152702447286,-1.5736976536770277,1.4001414289650451,2.934004650144497,-1.5704434073347469,0.13922085662240097,0.1864545809085803
51.080000000000005,1.4075776570259835,2.792696098377083,-1.5733834230525927,1.4001421348041123,2.932004650327369,-1.5704434073327507,0.1395068444098618,0.16845049244906538
51.18,1.4066319275188832,2.790481603153641,-1.5737647449280798,1.4001428406431835,2.9300046505102406,-1.570443407330754,0.139673866532549,0.19029862666488848
51.28,1.4064785644759037,2.787449320751579,-1.5737748111392047,1.4001435464822585,2.9280046506931123,-1.5704434073287563,0.14069802140738535,0.19087537819249298
51.38,1.4064631636774618,2.783910855316104,-1.5734912102103753,1.4001442523213374,2.926004650875984,-1.5704434073267595,0.14223422716540346,0.17462624201898944
51.480000000000004,1.4074543005097744,2.782638298332188,-1.5738024697112742,1.4001449581604204,2.9240046510588558,-1.5704434073247624,0.1415551912464561,0.19246009786827087
51.580000000000005,1.4080160917444207,2.779595232787874,-1.5737414765898723,1.4001456639995074,2.9220046512417275,-1.5704434073227653,0.14262673696489264,0.18896544954703348
51.68,1.407615322000684,2.7776803820421785,-1.5740396982195075,1.4001463698385983,2.920004651424599,-1.5704434073207683,0.14252011402479084,0.2060522903990688
51.78,1.4063622139575456,2.7771163134453456,-1.5743282390241353,1.400147075677693,2.918004651607471,-1.5704434073187716,0.14102535862008317,0.22258446083594954
51.88,1.4072503433789736,2.7728100979076142,-1.5742243673649754,1.4001477815167918,2.9160046517903426,-1.5704434073167743,0.14337059198691943,0.21663305326950072
51.980000000000004,1.4072525207916662,2.7728326072787066,-1.5747833118667443,1.4001484873558945,2.9140046519732143,-1.5704434073147777,0.14135067560604248,0.24865821431729684
52.080000000000005,1.406999707859238,2.7679916431999585,-1.573950658798313,1.4001491931950016,2.912004652156086,-1.5704434073127813,0.14417585199943364,0.2009507078119524
52.18,1.4071154972967097,2.766667281846251,-1.574415286047248,1.4001498990341128,2.9100046523389578,-1.5704434073107838,0.1435065201965378,0.22757188833715322
52.28,1.4060298912682472,2.7638154740929965,-1.5746765133597824,1.4001506048732277,2.9080046525218295,-1.5704434073087874,0.1443089920431034,0.24253911095330574
52.38,1.4070357795314177,2.761397111842776,-1.5747115423939393,1.4001513107123467,2.906004652704701,-1.5704434073067906,0.14477132583855865,0.24454612688532454
52.480000000000004,1.4074250326350726,2.7591543457941263,-1.5745174461870464,1.4001520165514696,2.904004652887573,-1.5704434073047941,0.14503278328715247,0.23342523352524744
52.580000000000005,1.4072423702146601,2.7562541542356005,-1.574436246149727,1.4001527223905965,2.9020046530704446,-1.5704434073027964,0.14592282555130007,0.22877281420500437
52.68000000000001,1.4075636816487394,2.7537197873720207,-1.5745068540582527,1.4001534282297272,2.9000046532533164,-1.570443407300799,0.14647243372608593,0.23281834947822497
52.78,1.4068982823025704,2.7505364675948534,-1.5744049458296716,1.400154134068862,2.898004653436188,-1.570443407298802,0.14762232002895992,0.22697943819728222
52.88,1.406223776104544,2.747839371584198,-1.5744368163089124,1.4001548399080006,2.89600465361906,-1.5704434072968052,0.14828952352417837,0.22880548226325045
52.980000000000004,1.407095781478864,2.745078284411439,-1.5746309349475807,1.4001555457471433,2.8940046538019315,-1.5704434072948081,0.14908799539817155,0.23992766109818986
53.080000000000005,1.4070032498404053,2.7426294189605698,-1.5741250998965763,1.4001562515862904,2.892004653984803,-1.5704434072928122,0.149532077574134,0.2109454476602175
53.18000000000001,1.4076534874666555,2.740069452751579,-1.5743784638309102,1.4001569574254413,2.890004654167675,-1.570443407290815,0.1501224919402289,0.22546213189279984
53.28,1.4076068402070907,2.737338504470175,-1.5744232893242178,1.4001576632645962,2.8880046543505467,-1.570443407288819,0.15085018712913573,0.22803044358829244
53.38,1.4081021752512597,2.7337051001270916,-1.574021208472079,1.4001583691037551,2.8860046545334184,-1.5704434072868212,0.15250658454137261,0.20499290785217872
53.480000000000004,1.4081002234665552,2.731977889832181,-1.5742864377357193,1.400159074942918,2.88400465471629,-1.570443407284825,0.15223402734278124,0.22018942537650066
53.580000000000005,1.4081887312432688,2.728531284981953,-1.5742396638170413,1.4001597807820847,2.882004654899162,-1.5704434072828286,0.15368324345631365,0.2175094773593473
53.68000000000001,1.4084203621950753,2.7263504115243715,-1.574211236513643,1.4001604866212554,2.8800046550820335,-1.5704434072808318,0.1538760933601198,0.2158807129660943
53.78,1.4075275625602004,2.7221540656649847,-1.5739703548799056,1.40016119246043,2.8780046552649052,-1.570443407278835,0.1560245803938906,0.20207921210513805
53.88,1.40726850525832,2.719497256949106,-1.574109397521068,1.4001618982996087,2.876004655447777,-1.570443407276838,0.15666866198218257,0.2100457687305116
53.980000000000004,1.4086946194641548,2.7177729809720748,-1.574211316558148,1.4001626041387913,2.8740046556306487,-1.570443407274841,0.15646447345047604,0.2158852995216509
54.080000000000005,1.4095792501654927,2.7160451665835583,-1.5744074291256627,1.4001633099779782,2.8720046558135204,-1.5704434072728441,0.1562434709371419,0.22712172206413012
54.18000000000001,1.4091231101148485,2.7126517044115217,-1.5741823700634625,1.400164015817169,2.870004655996392,-1.5704434072708469,0.1576077940430145,0.21422678777332496
54.28,1.4092723061276338,2.709458810733506,-1.574096290676721,1.400164721656364,2.868004656179264,-1.570443407268851,0.1588072202483612,0.20929480232432646
54.38,1.409486999635987,2.7079332427469005,-1.5742348788645264,1.4001654274955628,2.8660046563621355,-1.5704434072668538,0.1583460246090436,0.21723532069036147
54.480000000000004,1.4099450906257625,2.704738658715454,-1.5744148679615986,1.4001661333347657,2.8640046565450072,-1.5704434072648563,0.1595659301678851,0.22754793642541668
54.580000000000005,1.4086411347858458,2.703498419574344,-1.5745852142111791,1.4001668391739723,2.862004656727879,-1.57044340726286,0.1587326081896537,0.23730805769665075
54.68000000000001,1.4089188950158757,2.6999932552958366,-1.5742418655572639,1.400167545013183,2.8600046569107507,-1.5704434072608633,0.16025053751435273,0.21763562904020567
54.78,1.4089759632319157,2.697582523479265,-1.5745070179034424,1.4001682508523976,2.8580046570936224,-1.5704434072588669,0.16066373813260745,0.23282773951861216
54.88,1.4081027358854836,2.695949473375415,-1.574565214503339,1.4001689566916162,2.856004657276494,-1.5704434072568694,0.16025169810615203,0.2361621591891535
54.980000000000004,1.408980189696776,2.6930275094165013,-1.5744448025735596,1.4001696625308389,2.854004657459366,-1.5704434072548716,0.16121807461000162,0.2292630639242233
55.080000000000005,1.4099660382918058,2.6905535803058673,-1.5745363904370433,1.4001703683700657,2.8520046576422375,-1.5704434072528755,0.16174796914425318,0.2345106620708343
55.18000000000001,1.4089874968055238,2.6881582963069413,-1.574787282577275,1.4001710742092965,2.8500046578251093,-1.5704434072508797,0.162086316646609,0.2488857229334666
55.28,1.4097460572139588,2.6854470057161057,-1.5747430846642125,1.4001717800485314,2.848004658007981,-1.5704434072488827,0.16283935980556616,0.2463533691661207
55.38,1.4089256829134242,2.6829535602436354,-1.5747552501653501,1.4001724858877702,2.8460046581908527,-1.5704434072468858,0.16328588120215098,0.24705040115137678
55.480000000000004,1.4101072817508091,2.6805692704944675,-1.5745793916944109,1.4001731917270128,2.8440046583737244,-1.5704434072448883,0.1637370213355674,0.23697445308938217
55.580000000000005,1.4096504249856256,2.677928620965041,-1.5746506706906642,1.4001738975662594,2.842004658556596,-1.5704434072428919,0.16434947728446073,0.24105843885701425
55.68000000000001,1.409429111587374,2.6741426998668696,-1.5744275851051597,1.40017460340551,2.840004658739468,-1.5704434072408948,0.1661199425798831,0.22827657645182262
55.78,1.4101219225685595,2.6723663454290825,-1.574522410417011,1.4001753092447646,2.8380046589223396,-1.5704434072388969,0.16593669278825465,0.23370966672639099
55.88,1.4095361517205907,2.6688872867402043,-1.5745344498810856,1.400176015084023,2.8360046591052113,-1.5704434072369005,0.16737929472918575,0.23439947731984906
55.980000000000004,1.4085921629042735,2.66843264553552,-1.5750176840019536,1.4001767209232856,2.834004659288083,-1.5704434072349036,0.16578573944044261,0.2620867530767131
56.080000000000005,1.4090910314042937,2.6642610013935673,-1.574732493791106,1.4001774267625524,2.8320046594709547,-1.5704434072329079,0.16798031781400088,0.24574655775104645
56.18000000000001,1.4086798518583892,2.661523073550241,-1.5749078234224494,1.4001781326018232,2.8300046596538264,-1.5704434072309095,0.16869595160020104,0.25579220576510603
56.28,1.408497338354164,2.6589859771683484,-1.5745316456014762,1.400178838441098,2.828004659836698,-1.570443407228914,0.1692232623835978,0.23423880439124775
56.38,1.408118506582668,2.6564302624068157,-1.574682878116198,1.4001795442803766,2.82600466001957,-1.570443407226918,0.16976013503813447,0.2429037893243119
56.480000000000004,1.4080014267336631,2.654919130738967,-1.5749434194521368,1.4001802501196592,2.8240046602024416,-1.5704434072249212,0.16926631997409006,0.2578317083767214
56.580000000000005,1.4083235292758072,2.65134300665276,-1.5750210174387826,1.4001809559589458,2.8220046603853133,-1.5704434072229254,0.17085579169273254,0.26227774562458905
56.68000000000001,1.4076178409521187,2.6502446249496634,-1.5751251500853725,1.4001816617982363,2.820004660568185,-1.5704434072209288,0.16992282499302547,0.2682441068981111
56.78,1.407767835150777,2.6469243592979588,-1.5750996490615807,1.4001823676375307,2.8180046607510567,-1.570443407218933,0.1712483835330348,0.2667830059759296
56.88,1.4086163033080978,2.6448973666235625,-1.5752969260996417,1.400183073476829,2.8160046609339284,-1.5704434072169362,0.17131498922044505,0.278086147766074
56.980000000000004,1.4083314001823162,2.644314813931522,-1.5757199726284552,1.4001837793161316,2.8140046611168,-1.5704434072149385,0.16988533769440553,0.3023249285192107
57.080000000000005,1.4076566835153552,2.64129502580331,-1.575422522821322,1.4001844851554384,2.812004661299672,-1.5704434072129414,0.17087309150252605,0.2852823100679154
57.18000000000001,1.4084093493809324,2.6378012836098383,-1.5754013080182137,1.4001851909947491,2.8100046614825436,-1.5704434072109448,0.172399652354437,0.28406679150101055
57.28,1.4081416395526194,2.635821679312849,-1.5757122473476912,1.400185896834064,2.8080046616654153,-1.570443407208948,0.17236668255213355,0.3018823028791137
57.38,1.4082859883293313,2.6318890767826573,-1.5752040872567001,1.4001866026733825,2.806004661848287,-1.5704434072069506,0.1743038640155471,0.27276687446277714
57.480000000000004,1.4086681044877785,2.631307875284235,-1.5755924261643683,1.400187308512705,2.8040046620311587,-1.5704434072049538,0.1729048988695326,0.29501705500729675
57.580000000000005,1.4079883512400315,2.62805813041211,-1.5756702495478807,1.4001880143520316,2.8020046622140304,-1.5704434072029567,0.17412134039652602,0.29947600654440704
57.68000000000001,1.4087711269741408,2.6252565027372428,-1.5755848857156853,1.400188720191362,2.800004662396902,-1.5704434072009599,0.17495878660594014,0.29458501935096004
57.78,1.4077773084235203,2.622611391531442,-1.575541208170375,1.4001894260306964,2.798004662579774,-1.5704434071989635,0.17555732821002076,0.2920824804595729
57.88,1.408116673737137,2.621303753419485,-1.5760497648758203,1.4001901318700347,2.7960046627626456,-1.5704434071969673,0.17488063869765022,0.32122063343903634
57.980000000000004,1.4082162513047392,2.6181445300583768,-1.575942804963059,1.4001908377093772,2.7940046629455173,-1.5704434071949704,0.17604315835175005,0.315092281975142
58.080000000000005,1.4088135673751072,2.6152138104774747,-1.575997873984843,1.400191543548724,2.792004663128389,-1.5704434071929736,0.17700097422302516,0.3182475046196891
58.18000000000001,1.4092277831123374,2.6129254910146265,-1.5758311387939072,1.4001922493880747,2.7900046633112607,-1.5704434071909765,0.17730954325964346,0.3086942819971837
58.28,1.4070682289737662,2.609726012089769,-1.575899955746005,1.4001929552274293,2.7880046634941325,-1.5704434071889795,0.17841117379706248,0.3126372030257598
58.38,1.408136533309605,2.6080950450843026,-1.5759923479624984,1.4001936610667878,2.786004663677004,-1.5704434071869844,0.17808683726560554,0.3179308872050047
58.480000000000004,1.4079033437002908,2.6045626387559504,-1.5756216698361907,1.4001943669061503,2.784004663859876,-1.5704434071849867,0.17960754075653512,0.29669259512421486
58.580000000000005,1.408347853868944,2.6045864256830944,-1.5763178398271414,1.4001950727455168,2.7820046640427476,-1.5704434071829896,0.17760545921420667,0.33658019754377316
58.68000000000001,1.4079375610361005,2.6013400151834767,-1.5763103849449351,1.400195778584887,2.7800046642256193,-1.5704434071809914,0.17883230136883524,0.3361530643710771
58.78,1.4077745536026456,2.5988084778502327,-1.5761986025502701,1.4001964844242614,2.778004664408491,-1.5704434071789952,0.17935635034616002,0.3297484050472781
58.88,1.4082514334149376,2.595536688674711,-1.5757226217371887,1.4001971902636396,2.7760046645913627,-1.5704434071769975,0.1806476159936615,0.30247671344296906
58.980000000000004,1.4086579830435373,2.594375246155255,-1.5763526632802476,1.4001978961030221,2.7740046647742345,-1.5704434071750004,0.1798285325092589,0.3385754348925777
59.080000000000005,1.4081810746544343,2.59169412509553,-1.576274053460825,1.4001986019424089,2.772004664957106,-1.5704434071730018,0.1804871481734124,0.33407142412589347
59.18000000000001,1.4087466986461232,2.5898099018933736,-1.5762397033020645,1.4001993077817994,2.770004665139978,-1.5704434071710043,0.18039736858415456,0.3321033051177603
59.28,1.4082946340213787,2.586751622068977,-1.5765779968527065,1.4002000136211938,2.7680046653228496,-1.570443407169008,0.1814337029556895,0.3514860979204129
59.38,1.4091225328734578,2.584550074597577,-1.5763622241570077,1.4002007194605923,2.7660046655057213,-1.5704434071670108,0.18167379369687844,0.33912323323714544
59.480000000000004,1.409248218584409,2.5815325839360277,-1.5763738444797246,1.4002014252999948,2.764004665688593,-1.5704434071650142,0.18269620983437454,0.33978902879980505
59.580000000000005,1.4090385352033175,2.5794361630916525,-1.5765702443762657,1.4002021311394013,2.7620046658714648,-1.5704434071630171,0.18278222080947348,0.35104191408283847
59.68000000000001,1.4088012992231198,2.5766630624373383,-1.5763144952185149,1.4002028369788115,2.7600046660543365,-1.5704434071610207,0.1835431207368428,0.3363885668440753
59.78,1.4094578927740227,2.574096080296461,-1.576378682283892,1.4002035428182258,2.758004666237208,-1.570443407159024,0.1841412799342656,0.34006621490392036
59.88,1.40911714392664,2.570908102238737,-1.5764125118486523,1.400204248657644,2.75600466642008,-1.5704434071570261,0.18531102982233455,0.34200450630191703
59.980000000000004,1.4082719848810608,2.569869483825636,-1.5767503206823263,1.4002049544970665,2.7540046666029516,-1.5704434071550286,0.18431180785736884,0.36135952686812706
60.080000000000005,1.4092481949948366,2.5665579858869845,-1.5765972801999557,1.4002056603364932,2.7520046667858233,-1.5704434071530324,0.18566701077316647,0.3525909532480161
60.18000000000001,1.4088933213795487,2.564601470611813,-1.5768319736968393,1.4002063661759236,2.750004666968695,-1.5704434071510347,0.1856065958150687,0.3660379002130716
60.28,1.4076139029744419,2.561545817981493,-1.5768726114647318,1.400207072015358,2.7480046671515668,-1.570443407149037,0.18660590445825873,0.368366272916608
60.38,1.407927728634116,2.5579073890104898,-1.5767736240777512,1.4002077778547966,2.7460046673344385,-1.5704434071470406,0.1882556340535713,0.3626947135319795
60.480000000000004,1.4079863615469892,2.5554022457124903,-1.5764950216105407,1.400208483694239,2.74400466751731,-1.5704434071450455,0.1887627317415583,0.34673196811319146
60.580000000000005,1.408533648680241,2.5523476330325954,-1.5764528397049058,1.4002091895336852,2.742004667700182,-1.5704434071430486,0.1898396360589242,0.3443151230629049
60.68000000000001,1.408118711506115,2.550450127399851,-1.5768749636823116,1.4002098953731354,2.7400046678830536,-1.5704434071410516,0.18971945917702618,0.3685010455139576
60.78,1.4085192816692922,2.547865926909442,-1.5769168226264807,1.4002106012125897,2.7380046680659254,-1.5704434071390538,0.1903201908876297,0.37089938646418164
60.88,1.4068756145101025,2.545881630829096,-1.5769617808000735,1.4002113070520479,2.736004668248797,-1.5704434071370574,0.1902398022275793,0.3734753001800537
60.980000000000004,1.4071857667532386,2.543479591431777,-1.5770769975541268,1.4002120128915103,2.734004668431669,-1.5704434071350606,0.19065266378610787,0.38007673403091197
61.080000000000005,1.406858561047608,2.5403252312986684,-1.5768538133789785,1.4002127187309767,2.7320046686145405,-1.5704434071330635,0.19179461387074162,0.36728922285522786
61.18000000000001,1.407367541837616,2.5382784588219063,-1.576691173970854,1.4002134245704472,2.730004668797412,-1.5704434071310653,0.19185963876085088,0.3579706713016788
61.28,1.4073206399801648,2.5360176829449865,-1.5769434457978437,1.4002141304099216,2.728004668980284,-1.5704434071290692,0.1921184667989765,0.3724247823926173
61.38,1.4081027299119533,2.533347462583957,-1.577082528791462,1.4002148362494,2.7260046691631556,-1.5704434071270728,0.19281861454053598,0.38039365104337697
61.480000000000004,1.4072807873002982,2.5312859171915565,-1.5768247151926913,1.4002155420888822,2.7240046693460274,-1.5704434071250764,0.1928482178343212,0.36562202004711924
61.580000000000005,1.4078907535367913,2.5273798207829437,-1.5768688353896863,1.4002162479283684,2.722004669528899,-1.570443407123079,0.19477610168015927,0.3681499212406524
61.68000000000001,1.4081011126551826,2.525301123696398,-1.57684243198117,1.4002169537678586,2.720004669711771,-1.5704434071210813,0.19486310782783137,0.36663711748237454
61.78,1.4072728028928818,2.522717917836896,-1.5770878895443334,1.4002176596073528,2.7180046698946425,-1.570443407119085,0.19541415142216068,0.38070080001558915
61.88,1.407153595706385,2.522271950384027,-1.5777646999406816,1.400218365446851,2.7160046700775142,-1.5704434071170883,0.1938568133922253,0.4194791793713127
61.980000000000004,1.4083006442792128,2.517811094794416,-1.5772069555409343,1.4002190712863534,2.714004670260386,-1.5704434071150903,0.19635995232266737,0.3875227793332085
62.080000000000005,1.4074922482723744,2.5169637564541123,-1.5776298272867437,1.4002197771258598,2.7120046704432577,-1.570443407113094,0.1951764508497326,0.41175154575780504
62.18000000000001,1.406723981549178,2.513275444188151,-1.57737452292542,1.4002204829653702,2.7100046706261294,-1.570443407111097,0.19683669380660462,0.39712368347707827
62.28,1.4053453564677107,2.511750177781313,-1.5775901537001686,1.4002211888048846,2.708004670809001,-1.5704434071091005,0.1963213771543783,0.4094784169177149
62.38,1.4055193334630471,2.508641686572191,-1.5774989393715366,1.400221894644403,2.706004670991873,-1.5704434071071027,0.19743406615141382,0.4042522209704429
62.480000000000004,1.4059787811949138,2.5059788422579032,-1.5774670679589304,1.400222600483925,2.7040046711747445,-1.570443407105106,0.19810947108752688,0.40242612365538644
62.580000000000005,1.4061179804360757,2.5037844448744995,-1.5777960670718278,1.4002233063234513,2.7020046713576162,-1.5704434071031086,0.1983078550383523,0.4212763844024052
62.68000000000001,1.406451603535397,2.501737173305161,-1.5776894450728367,1.4002240121629814,2.700004671540488,-1.570443407101111,0.19836527859178651,0.4151673939714138
62.78,1.406700690389137,2.4991204639570013,-1.5779289986207539,1.4002247180025156,2.6980046717233597,-1.5704434070991138,0.1989896135912734,0.4288928013488883
62.88,1.406310444298219,2.496295055247138,-1.5774879723571102,1.4002254238420535,2.6960046719062314,-1.570443407097115,0.19980229843541344,0.4036238579022105
62.980000000000004,1.4059901348427133,2.493323716821599,-1.5775415886717428,1.4002261296815959,2.694004672089103,-1.5704434070951192,0.20076371575206342,0.40669584655804675
63.080000000000005,1.4066107775915775,2.4910771860063305,-1.5778043459747242,1.4002268355211422,2.692004672271975,-1.5704434070931226,0.20102887716293236,0.42175073116952055
63.18000000000001,1.4065846032129368,2.488502284068021,-1.5777655758140898,1.4002275413606926,2.6900046724548465,-1.5704434070911255,0.201602640758965,0.4195293647085511
63.28,1.4063313348175563,2.485612319662269,-1.5774998463837615,1.400228247200247,2.6880046726377183,-1.570443407089128,0.2024843505592555,0.40430418997277173
63.38,1.4068149074522929,2.482567933781368,-1.5776091586161665,1.400228953039805,2.68600467282059,-1.5704434070871314,0.20354331624112787,0.41056731965312715
63.480000000000004,1.4068177661073502,2.4804662863903038,-1.5776157721122208,1.4002296588793672,2.6840046730034617,-1.570443407085134,0.20364498025223884,0.41094624517930434
63.580000000000005,1.4060700209991248,2.4773741768126167,-1.577539309133708,1.4002303647189334,2.6820046731863334,-1.570443407083137,0.20471380420387983,0.4065652393359436
63.68000000000001,1.4064756264244869,2.4760499289826474,-1.5779414013064468,1.4002310705585035,2.680004673369205,-1.5704434070811402,0.20405031790161338,0.4296034239235323
63.78,1.4069155258701493,2.473869946356426,-1.5776446507946291,1.4002317763980774,2.678004673552077,-1.5704434070791438,0.20424411706154016,0.41260087214241903
63.88,1.4061286145728675,2.469335806456029,-1.5775453507891337,1.4002324822376553,2.6760046737349485,-1.570443407077147,0.20675295663875268,0.40691140103631723
63.980000000000004,1.4063429495536262,2.4675407033404,-1.5776325411156156,1.4002331880772376,2.6740046739178203,-1.57044340707515,0.20655435200424158,0.4119070388725063
64.08,1.40652806131289,2.464812580496174,-1.577648938708677,1.400233893916824,2.672004674100692,-1.570443407073153,0.2072876749723269,0.41284655186351993
64.18,1.407072221422523,2.4618790364018635,-1.5777255185922736,1.4002345997564143,2.6700046742835637,-1.5704434070711573,0.20823792693386442,0.4172342561035591
64.28,1.406290107313442,2.4582911587366167,-1.5775031747368295,1.4002353055960086,2.6680046744664354,-1.5704434070691597,0.2098009039627769,0.4044948917003965
64.38000000000001,1.4052602644735146,2.4586054381452134,-1.5781446464146793,1.4002360114356067,2.666004674649307,-1.570443407067163,0.20746008392235346,0.4412485116327754
64.48,1.4054925881016052,2.4543084968822573,-1.5776956114104785,1.4002367172752088,2.664004674832179,-1.5704434070651656,0.20976203475593228,0.41552070115286716
64.58,1.4049431797104979,2.4528740443596604,-1.5781694628448455,1.400237423114815,2.6620046750150506,-1.570443407063169,0.2091835672883007,0.44267038857271224
64.68,1.4044643671813,2.45005134918282,-1.5780296975526775,1.400238128954425,2.6600046751979223,-1.570443407061172,0.20999585756474826,0.43466242732349836
64.78,1.4060522657606949,2.4462626712532924,-1.5777331339415483,1.4002388347940389,2.658004675380794,-1.570443407059175,0.21182179371239154,0.4176705841630486
64.88000000000001,1.4066391679901784,2.4447864656352194,-1.577811507330774,1.4002395406336567,2.6560046755636657,-1.5704434070571776,0.21131513773433164,0.4221610487062583
64.98,1.406477755782315,2.4423391010161093,-1.5778934926585355,1.400240246473279,2.6540046757465374,-1.5704434070551805,0.2117574604313689,0.4268584620834185
65.08,1.4056047084301302,2.43850831964467,-1.5778352500733965,1.4002409523129054,2.652004675929409,-1.5704434070531834,0.21356372357342282,0.4235214078814473
65.18,1.40576027783119,2.4367931540539667,-1.5781408161620365,1.4002416581525357,2.650004676112281,-1.5704434070511866,0.2132829301692487,0.44102905523724856
65.28,1.4060904304031951,2.4335552107366456,-1.5779831926604566,1.4002423639921697,2.6480046762951526,-1.5704434070491895,0.21452918952691968,0.4319978939590712
65.38000000000001,1.4066835003995,2.4307533468521916,-1.577839642419147,1.4002430698318078,2.6460046764780243,-1.5704434070471924,0.21534765857001129,0.4237730710983684
65.48,1.4073358197962846,2.4270646729214693,-1.5778646823032085,1.4002437756714499,2.644004676660896,-1.5704434070451956,0.2170558967462784,0.4252077508890031
65.58,1.4075015830988713,2.4255290570045562,-1.578040651692239,1.400244481511096,2.6420046768437677,-1.570443407043198,0.21659722876395743,0.4352900543183907
65.68,1.4068449454889975,2.4223854635401616,-1.5776087622015602,1.4002451873507458,2.6400046770266394,-1.5704434070412012,0.2177192662259283,0.41054460940085524
65.78,1.4061186002557151,2.420954047083208,-1.5779155997817753,1.4002458931903996,2.638004677209511,-1.5704434070392048,0.21713006407796281,0.4281251078575729
65.88000000000001,1.4058767670118486,2.4177922018444926,-1.5779016689537377,1.4002465990300574,2.636004677392383,-1.570443407037207,0.2182850963218556,0.42732693032035896
65.98,1.4047513634668174,2.4163204705344157,-1.5781372773944609,1.4002473048697197,2.6340046775752546,-1.5704434070352087,0.2177307983240885,0.44082629970595205
66.08,1.4062765548603118,2.4128887047710976,-1.5779353751190965,1.400248010709386,2.6320046777581263,-1.570443407033211,0.21919888905428317,0.4292581515679503
66.18,1.4056822673902947,2.4108282174492506,-1.5781993032861972,1.4002487165490562,2.630004677940998,-1.5704434070312154,0.21924380107185437,0.4443801217517749
66.28,1.406071475256801,2.408240740442928,-1.5780444168126528,1.4002494223887303,2.6280046781238697,-1.570443407029218,0.219841043949103,0.4355057806284688
66.38000000000001,1.4045429289172464,2.405172121804485,-1.5783070104279937,1.4002501282284083,2.6260046783067414,-1.5704434070272206,0.22087427679355592,0.4505512866290186
66.48,1.4054366119131705,2.403941311648296,-1.578158387135832,1.4002508340680904,2.624004678489613,-1.5704434070252233,0.22012445960727442,0.4420357993652499
66.58,1.4038058532221935,2.3993110227778383,-1.5776314475190576,1.4002515399077764,2.622004678672485,-1.5704434070232267,0.22272201848685802,0.4118443833802332
66.68,1.4048100208823209,2.397798887257367,-1.5780580685489367,1.4002522457474662,2.6200046788553566,-1.57044340702123,0.22225253009554038,0.4362879679582293
66.78,1.4037812674150967,2.3959698650405894,-1.5778298000555238,1.40025295158716,2.6180046790382283,-1.570443407019233,0.2220628461484446,0.4232091468042809
66.88000000000001,1.4037431703292262,2.3940834025815336,-1.5782404289461156,1.4002536574268578,2.6160046792211,-1.5704434070172355,0.22194870967327285,0.446736449295782
66.98,1.4030871573208905,2.392131055662991,-1.578465692337281,1.40025436326656,2.6140046794039717,-1.5704434070152389,0.22189170699714872,0.45964309100276574
67.08,1.4036104174468713,2.3880282793407224,-1.5780724771298045,1.4002550691062663,2.6120046795868435,-1.570443407013242,0.22400153175748025,0.4371135192884069
67.18,1.4042458683390742,2.3868393302928044,-1.578367406031461,1.4002557749459763,2.610004679769715,-1.5704434070112439,0.22320101714023924,0.4540117007242405
67.28,1.4043668740272253,2.3829686541937405,-1.578113736055054,1.4002564807856903,2.608004679952587,-1.5704434070092468,0.22507356180132806,0.4394774818013554
67.38000000000001,1.4039335009123404,2.3805297171946744,-1.5782561720315487,1.4002571866254083,2.6060046801354586,-1.57044340700725,0.22550493165313323,0.44763846221974124
67.48,1.4030405348075023,2.377209351821389,-1.5780015479244056,1.4002578924651303,2.6040046803183303,-1.570443407005253,0.22681239852891877,0.4330495756325683
67.58,1.4025235260463171,2.3788533100470373,-1.5789024206194582,1.400258598304856,2.602004680501202,-1.5704434070032565,0.22316286436870703,0.4846657790520547
67.68,1.4024929125002183,2.37435238309231,-1.5789864739755257,1.4002593041445859,2.6000046806840738,-1.5704434070012592,0.2256633519531435,0.48948168172307127
67.78,1.4033396479022175,2.3721031407110145,-1.5790318227047544,1.4002600099843197,2.5980046808669455,-1.5704434069992614,0.22592253100239262,0.49207997262861786
67.88000000000001,1.4032387409166118,2.3686440586034703,-1.5786662128193891,1.4002607158240574,2.596004681049817,-1.5704434069972653,0.22738012506074975,0.4711320693632988
67.98,1.40237112145519,2.367259528076243,-1.578703096738569,1.4002614216637996,2.594004681232689,-1.570443406995268,0.22675496756002925,0.4732453623786379
68.08,1.40306097522447,2.3642041111990095,-1.5789549517133628,1.4002621275035456,2.5920046814155606,-1.5704434069932707,0.22781776344163934,0.4876755895981358
68.18,1.4029420711359641,2.3610822500697406,-1.5786879279696946,1.4002628333432956,2.5900046815984323,-1.570443406991274,0.22893810947974175,0.47237625617056517
68.28,1.4024343779621173,2.3609010660115914,-1.5792065574306673,1.4002635391830496,2.588004681781304,-1.5704434069892765,0.22711399084310496,0.5020915355298947
68.38000000000001,1.4018858798706477,2.357686544181268,-1.5792433882701802,1.4002642450228076,2.5860046819641758,-1.5704434069872795,0.22832389655976548,0.5042017873043307
68.48,1.4019910183737103,2.3548960453785908,-1.5790705138409062,1.4002649508625695,2.5840046821470475,-1.5704434069852826,0.22911513863329427,0.49429681223561206
68.58,1.401754337277302,2.3529462231759934,-1.5792751140866652,1.4002656567023353,2.582004682329919,-1.570443406983285,0.2290632966667182,0.5060195429193894
68.68,1.4031278706418129,2.349535497230893,-1.579218790411642,1.400266362542105,2.580004682512791,-1.5704434069812887,0.2304869488563432,0.5027924341682741
68.78,1.4024467978333266,2.346183446206085,-1.5791930417280644,1.4002670683818788,2.5780046826956626,-1.5704434069792912,0.23183148385850927,0.5013171433857136
68.88000000000001,1.4012482531570958,2.3436313362555388,-1.5792658254251175,1.4002677742216565,2.5760046828785343,-1.5704434069772941,0.23237541513618365,0.5054873421586388
68.98,1.4013654901247177,2.3406200814413216,-1.579081205107663,1.4002684800614387,2.574004683061406,-1.5704434069752966,0.23338717982023877,0.494909377270581
69.08,1.4021664157210374,2.337530300338142,-1.5788205862078077,1.4002691859012246,2.572004683244278,-1.5704434069733002,0.2344820584185544,0.4799770143619155
69.18,1.4013128379424404,2.336798230761302,-1.5792871448961232,1.4002698917410146,2.5700046834271495,-1.5704434069713038,0.23320878478686696,0.5067088582119369
69.28,1.400715995982608,2.3340408779276585,-1.5794032458579523,1.4002705975808085,2.568004683610021,-1.5704434069693063,0.23396422963587984,0.5133609534366044
69.38000000000001,1.401117972672091,2.3315286498817263,-1.5793763111588226,1.4002713034206065,2.566004683792893,-1.5704434069673088,0.23447756252471577,0.511817708968465
69.48,1.401568800421944,2.328250027117307,-1.579321846027796,1.4002720092604082,2.5640046839757646,-1.570443406965311,0.2357582233937252,0.5086970869444766
69.58,1.400700990526977,2.3252670922716434,-1.5789030041460455,1.400272715100214,2.5620046841586364,-1.5704434069633144,0.2367379792772879,0.48469921495124996
69.68,1.4011751612454442,2.3229890399971125,-1.5791983140288026,1.4002734209400236,2.560004684341508,-1.5704434069613162,0.23701735970086124,0.501619224996226
69.78,1.4003814061925361,2.320323271847379,-1.579147298910829,1.4002741267798373,2.55800468452438,-1.5704434069593187,0.23768143688771146,0.4986962741594279
69.88000000000001,1.4019095540069482,2.316630906315969,-1.5788865179566243,1.400274832619655,2.5560046847072515,-1.5704434069573217,0.2393793602116376,0.4837546262205229
69.98,1.401262102596076,2.3142681851663918,-1.578959266875818,1.400275538459477,2.5540046848901232,-1.5704434069553248,0.239738529670519,0.4879228323688666
70.08,1.4017516899307272,2.3117632451833625,-1.5791350302076503,1.4002762442993029,2.552004685072995,-1.5704434069533277,0.24024597058026834,0.49799332959044673
70.18,1.4024302000658064,2.3091615164959185,-1.5791717228970237,1.4002769501391328,2.5500046852558667,-1.5704434069513304,0.24085279409543828,0.50009566594496
70.28,1.401952710443017,2.305524458470319,-1.5789443631406332,1.4002776559789667,2.5480046854387384,-1.5704434069493336,0.24248601254116417,0.48706891158707666
70.38000000000001,1.4023512851960094,2.3038737342226256,-1.5790478727685373,1.4002783618188044,2.54600468562161,-1.5704434069473376,0.24213982455743444,0.4929995765193091
70.48,1.4026664921243839,2.3013575842483363,-1.5790726706547018,1.400279067658646,2.544004685804482,-1.5704434069453408,0.24265884630315462,0.49442039085179146
70.58,1.402587505442346,2.297989086479825,-1.5790573821940177,1.4002797734984918,2.5420046859873535,-1.5704434069433435,0.24402651173539172,0.49354442669377696
70.68,1.4014218523737334,2.2951731996760847,-1.5787906036413502,1.4002804793383414,2.5400046861702252,-1.5704434069413453,0.24483414694714553,0.4782591416758053
70.78,1.4014529183796285,2.2949810068505108,-1.5793574156536645,1.400281185178195,2.538004686353097,-1.570443406939348,0.24302650422880026,0.5107350778731709
70.88000000000001,1.4027745544294168,2.2903850953219402,-1.5788885122008711,1.4002818910180528,2.5360046865359687,-1.5704434069373499,0.2456322392501212,0.48386888914348547
70.98,1.401854301139955,2.2888641616231493,-1.5791740482972954,1.4002825968579147,2.5340046867188404,-1.5704434069353528,0.245145563489412,0.5002289024816583
71.08,1.4021072486173538,2.2852569646609724,-1.5790181675201762,1.4002833026977806,2.532004686901712,-1.570443406933356,0.24675446340382734,0.4912975919599228
71.18,1.4008832346014888,2.2841900248210774,-1.5792302988923916,1.4002840085376504,2.530004687084584,-1.570443406931359,0.24581539263357233,0.5034518244045966
71.28,1.4011442555087084,2.2815011227221498,-1.5795240601297735,1.4002847143775243,2.5280046872674555,-1.5704434069293622,0.2465050631214254,0.5202831036055308
71.38000000000001,1.4018639142894187,2.2787866568731956,-1.579233278781799,1.400285420217402,2.5260046874503272,-1.570443406927365,0.24722306989027337,0.5036225597199064
71.48,1.401047817382789,2.275416362808528,-1.5790344780872678,1.4002861260572836,2.524004687633199,-1.5704434069253674,0.24858949175862496,0.49223211907344455
71.58,1.4022396497313214,2.272102803603271,-1.579127695832997,1.4002868318971693,2.5220046878160707,-1.5704434069233706,0.24990951408580062,0.49757310259385795
71.68,1.4007201658989343,2.2694635529202296,-1.5791469126597837,1.400287537737059,2.5200046879989424,-1.5704434069213733,0.25054150860417573,0.49867414577880836
71.78,1.401601279321,2.2680848241755096,-1.5791980198153144,1.4002882435769524,2.518004688181814,-1.5704434069193762,0.24992331321386344,0.5016023702080594
71.88000000000001,1.4007216136167495,2.2650427429815525,-1.5794650613855747,1.40028894941685,2.516004688364686,-1.5704434069173787,0.2509623183444014,0.5169027252529735
71.98,1.4015862203290337,2.2619069530267044,-1.5792950300829816,1.4002896552567519,2.5140046885475575,-1.5704434069153825,0.2521010696838248,0.5071606493436448
72.08,1.4001397297328462,2.2597415312193223,-1.5793567652655067,1.4002903610966577,2.5120046887304293,-1.5704434069133857,0.2522632024835991,0.5106978148642177
72.18,1.4009914322633243,2.2566111312321704,-1.5793866940894494,1.4002910669365676,2.510004688913301,-1.5704434069113893,0.25339452556417114,0.5124126102763102
72.28,1.4014637739171838,2.2542860897990686,-1.5791150702355639,1.4002917727764812,2.5080046890961727,-1.570443406909391,0.2537213061923619,0.49684970994807603
72.38000000000001,1.4001289246301076,2.2508875062785685,-1.5794385229033698,1.4002924786163988,2.5060046892790444,-1.5704434069073934,0.25511723542717524,0.5153821828000675
72.48,1.4005342714944953,2.248862843752037,-1.5791942359000959,1.4002931844563204,2.504004689461916,-1.5704434069053954,0.2551419596130823,0.5013855686370464
72.58,1.4006245402331896,2.2466910430178655,-1.579128236465126,1.400293890296246,2.502004689644788,-1.570443406903398,0.2553138607348175,0.4976040796774735
72.68,1.4012639491384127,2.243291196261558,-1.5791826148055743,1.4002945961361757,2.5000046898276596,-1.5704434069014002,0.25671532370342814,0.5007197291965484
72.78,1.4000203986763307,2.2401685126251283,-1.5792674732472187,1.400295301976109,2.4980046900105313,-1.570443406899404,0.25783632393544015,0.505581759873203
72.88000000000001,1.4005942511068763,2.238489380494993,-1.5793078317139608,1.4002960078160467,2.496004690193403,-1.5704434068974062,0.2575154824047064,0.5078941297996066
72.98,1.4007181262126764,2.235934138881914,-1.579343730372392,1.4002967136559885,2.4940046903762747,-1.5704434068954098,0.2580708955638867,0.5099509715322834
73.08,1.400876788490146,2.2344273794012826,-1.579617315858602,1.4002974194959343,2.4920046905591464,-1.5704434068934123,0.2575779627447707,0.5256262653425959
73.18,1.4004987343102442,2.230866657037906,-1.5790517928513068,1.4002981253358842,2.490004690742018,-1.570443406891416,0.25913811135376075,0.4932241839214217
73.28,1.4007063798393142,2.230332209752642,-1.579779989251342,1.4002988311758378,2.48800469092489,-1.5704434068894186,0.2576728034724958,0.5349467644144944
73.38000000000001,1.4008163991233185,2.2267777118061236,-1.5792264897419095,1.4002995370157953,2.4860046911077616,-1.5704434068874216,0.25922749457626987,0.5032335786758737
73.48,1.4001399034125934,2.2241128671780555,-1.5796741735074313,1.400300242855757,2.4840046912906333,-1.5704434068854238,0.2598918735730306,0.5288839691112616
73.58,1.3987000474664624,2.22141487754257,-1.5793456249992024,1.4003009486957225,2.482004691473505,-1.5704434068834277,0.26059473135369643,0.5100595263387967
73.68,1.4005581062295052,2.2192876912240314,-1.5794953458090966,1.4003016545356919,2.4800046916563767,-1.5704434068814308,0.26071712656039847,0.5186378969654242
73.78,1.399943499358841,2.218241053673836,-1.5794525629108895,1.4003023603756652,2.4780046918392484,-1.570443406879434,0.25976388604684975,0.5161866175772346
73.88000000000001,1.400474692693094,2.2147539433088363,-1.5794358683749656,1.4003030662156428,2.47600469202212,-1.570443406877436,0.26125080508756165,0.5152300912423401
73.98,1.4004075995457796,2.2109560037435596,-1.5794517665680645,1.4003037720556246,2.474004692204992,-1.5704434068754378,0.26304870895221544,0.5161409907232775
74.08,1.400500400601147,2.2102853694498146,-1.5798933943926579,1.4003044778956104,2.4720046923878636,-1.5704434068734414,0.2617193962717653,0.5414444013024051
74.18,1.4000018330982382,2.2086468887908426,-1.579693819468284,1.4003051837356,2.4700046925707353,-1.570443406871444,0.26135797982510134,0.5300096005535844
74.28,1.400686770739326,2.2047752072325157,-1.579568536784122,1.4003058895755935,2.468004692753607,-1.5704434068694473,0.2632297610798583,0.5228314316194289
74.38000000000001,1.399865301204582,2.202415313122215,-1.5797461052007182,1.400306595415591,2.4660046929364787,-1.5704434068674495,0.26358974921542155,0.5330053525796812
74.48,1.4004945910662263,2.199647988319512,-1.5797706877030249,1.4003073012555927,2.4640046931193504,-1.5704434068654518,0.26435677114479594,0.5344138263261838
74.58,1.399964732552123,2.197363895618724,-1.5796243059036532,1.4003080070955982,2.462004693302222,-1.5704434068634543,0.26464102031992415,0.5260267671391065
74.68,1.4005646190129253,2.1930076936046423,-1.5789718757090059,1.4003087129356075,2.460004693485094,-1.5704434068614574,0.2669971225183565,0.48864527067332625
74.78,1.400224566256457,2.1938706177139684,-1.5797916460214916,1.4003094187756209,2.4580046936679656,-1.5704434068594606,0.26413408958334395,0.5356146498632884
74.88000000000001,1.4003222346567976,2.189951533732194,-1.57959584398965,1.4003101246156384,2.4560046938508373,-1.5704434068574626,0.26605316039425175,0.5243960199331559
74.98,1.4005035165304662,2.1879690377920777,-1.5797471613556557,1.4003108304556602,2.454004694033709,-1.570443406855465,0.26603572602159814,0.5330658664867812
75.08,1.3995707086356566,2.1850002887359254,-1.5796102414899091,1.400311536295686,2.4520046942165807,-1.5704434068534667,0.2670054332250564,0.5252209361624905
75.18,1.4001634475277318,2.1805061512780446,-1.579544434580629,1.4003122421357155,2.4500046943994525,-1.570443406851469,0.26949858419738815,0.5214504781124056
75.28,1.3999887034728127,2.1806541738048764,-1.5799112285230337,1.400312947975749,2.448004694582324,-1.5704434068494717,0.26735071740032834,0.5424662230775887
75.38000000000001,1.4012223457049633,2.1760056824184093,-1.5797809297069922,1.4003136538157865,2.446004694765196,-1.5704434068474735,0.2700005414609194,0.5350006509573506
75.48,1.401380965789607,2.1748874846745583,-1.5801836292306384,1.400314359655828,2.4440046949480676,-1.5704434068454765,0.2691193239327879,0.5580736341886263
75.58,1.4006734665021998,2.171838685094188,-1.58005491787272,1.4003150654958734,2.4420046951309393,-1.5704434068434787,0.27016624776322307,0.5506990167189616
75.68,1.4009121820812145,2.169235412624997,-1.579865635091291,1.4003157713359227,2.440004695313811,-1.5704434068414825,0.27076993953094586,0.5398539123229593
75.78,1.4002836233391895,2.1665816902317867,-1.5797885916168415,1.400316477175976,2.4380046954966827,-1.5704434068394855,0.2714230072532584,0.5354396465124038
75.88000000000001,1.400146173689973,2.1620937796566846,-1.5795293182966594,1.4003171830160335,2.4360046956795545,-1.5704434068374882,0.27391096940553017,0.5205843796400645
75.98,1.4008647872176916,2.1603551696441374,-1.5797831288563116,1.4003178888560952,2.434004695862426,-1.5704434068354909,0.2736500727157072,0.5351266536184209
76.08,1.4001325164414027,2.1580296906939567,-1.5797158651409986,1.400318594696161,2.432004696045298,-1.570443406833494,0.2739750685416181,0.5312727267310298
76.18,1.3980863694991317,2.1579814654156415,-1.5803049282153812,1.4003193005362304,2.4300046962281696,-1.5704434068314972,0.2720323952817061,0.5650235548745621
76.28,1.3995102221054083,2.1544615358067323,-1.5802540252463877,1.400320006376304,2.4280046964110413,-1.5704434068295,0.2735443592252639,0.5621070297009879
76.38000000000001,1.3987663400325387,2.1522271878878696,-1.5803755512682742,1.4003207122163814,2.426004696593913,-1.5704434068275037,0.27378192114559646,0.5690699579704733
76.48,1.397660366777924,2.1517354144546497,-1.5809356187395125,1.400321418056463,2.4240046967767848,-1.5704434068255064,0.27228228603807025,0.6011594604294271
76.58,1.3978838508250393,2.149073840285855,-1.5808403085773117,1.4003221238965482,2.4220046969596565,-1.5704434068235085,0.2729417478149254,0.5956985905050902
76.68,1.3975980314163894,2.1475484953738433,-1.5812557786251296,1.4003228297366375,2.420004697142528,-1.5704434068215107,0.27246982660123004,0.6195032708736125
76.78,1.3987033847951476,2.1444236154224354,-1.581262052851333,1.4003235355767307,2.4180046973254,-1.5704434068195137,0.2735858791380718,0.6198627576692055
76.88000000000001,1.398544582695786,2.140510893025964,-1.5808191130856586,1.4003242414168282,2.4160046975082716,-1.5704434068175168,0.27549955261905457,0.5944841786319571
76.98,1.3986618121487842,2.13711753281664,-1.580980015993804,1.40032494725693,2.4140046976911433,-1.5704434068155197,0.27689215967706327,0.6037032362945003
77.08,1.3980245403479061,2.1377320988481827,-1.5813560068012125,1.4003256530970354,2.412004697874015,-1.5704434068135222,0.27428225187982763,0.6252459228091642
77.18,1.398639037603963,2.134564733137841,-1.58120954828708,1.4003263589371449,2.4100046980568868,-1.5704434068115254,0.2754451330626241,0.6168544681900304
77.28,1.3986715438444128,2.130890288027599,-1.581305522071806,1.4003270647772583,2.4080046982397585,-1.5704434068095292,0.2771193553268917,0.6223533611130957
77.38000000000001,1.398032792780909,2.130473518761488,-1.5818066553299646,1.4003277706173758,2.40600469842263,-1.5704434068075308,0.2755407372580878,0.6510661818937229
77.48,1.3979855902480824,2.127331520478548,-1.5817915951655561,1.400328476457497,2.404004698605502,-1.570443406805533,0.2766830978044365,0.6502032981488078
77.58,1.3973023349392812,2.125304162853149,-1.5820220269894965,1.4003291822976223,2.4020046987883736,-1.5704434068035347,0.27671709089207197,0.6634060692405908
77.68,1.3977323305799627,2.1224669172035844,-1.5820200009899883,1.4003298881377515,2.4000046989712454,-1.570443406801537,0.27754993715326226,0.6632899881339394
77.78,1.3968112494293121,2.1203859636597304,-1.5821151485831535,1.4003305939778847,2.398004699154117,-1.5704434067995399,0.2776410417851687,0.6687415437675569
77.88000000000001,1.3970528674390763,2.1175688017707337,-1.5820223649096008,1.4003312998180222,2.396004699336989,-1.5704434067975412,0.2784551977830355,0.6634254309797804
77.98,1.3973217284077346,2.114212653899093,-1.5819654829985217,1.4003320056581638,2.3940046995198605,-1.570443406795543,0.27980823890975437,0.6601663376587962
78.08,1.397472404804665,2.11199578621821,-1.5822824417206234,1.4003327114983093,2.392004699702732,-1.5704434067935453,0.2800235221997688,0.6783267348295446
78.18,1.3964524663444668,2.1090794715795047,-1.5820229692196006,1.4003334173384587,2.390004699885604,-1.570443406791549,0.2809520344817808,0.663460055735622
78.28,1.3966733875247046,2.1076546458894825,-1.582177089213881,1.4003341231786122,2.3880047000684756,-1.5704434067895519,0.28037395361140843,0.6722904810608858
78.38000000000001,1.3955187729249958,2.1041407965887635,-1.5821639280552862,1.4003348290187696,2.3860047002513474,-1.5704434067875546,0.2819050453330141,0.6715364023343418
78.48,1.397215691112854,2.101178332744817,-1.5822266516865935,1.4003355348589308,2.384004700434219,-1.5704434067855582,0.2828435745874047,0.6751302017983717
78.58,1.3969649077599149,2.099010622994789,-1.5823767581581305,1.400336240699096,2.382004700617091,-1.570443406783561,0.2830141584003956,0.6837306692094669
78.68,1.3971962818973855,2.096795814630827,-1.5822771649256782,1.4003369465392652,2.3800047007999625,-1.570443406781563,0.28322629994327,0.6780243974363696
78.78,1.3971931108022828,2.094552691303899,-1.5825723169306738,1.4003376523794384,2.3780047009828342,-1.5704434067795652,0.2834694514983185,0.6949353617519053
78.88000000000001,1.398072121820931,2.0912463329121094,-1.582114550753806,1.4003383582196158,2.376004701165706,-1.5704434067775668,0.28476738597997076,0.6687072919280368
78.98,1.3979145291200794,2.08830702105583,-1.581955674853179,1.4003390640597972,2.3740047013485777,-1.5704434067755695,0.28570796785237024,0.659604373470205
79.08,1.398932556501463,2.0848238673776236,-1.5820527954747856,1.4003397698999827,2.3720047015314494,-1.5704434067735729,0.2871842818728702,0.665168975306355
79.18,1.3990248389679618,2.0828270835644784,-1.5821526694088064,1.400340475740172,2.370004701714321,-1.570443406771576,0.2871806317743821,0.6708913303235245
79.28,1.3994137365125883,2.0806251280048174,-1.5821995516927805,1.4003411815803655,2.368004701897193,-1.5704434067695787,0.28738107043595795,0.6735774874436102
79.38000000000001,1.3990993748728364,2.0773229470754226,-1.5820980428185631,1.4003418874205626,2.3660047020800645,-1.5704434067675817,0.2886844289358041,0.6677614574822561
79.48,1.3993175540055287,2.075238828511043,-1.5821097795524053,1.4003425932607638,2.3640047022629362,-1.5704434067655844,0.2887676930495673,0.6684339229111154
79.58,1.398990026820972,2.073864882646566,-1.5823853738031943,1.400343299100969,2.362004702445808,-1.5704434067635866,0.2881429976588073,0.6842243104538595
79.68,1.4001213508075299,2.0709745692397212,-1.582460843671534,1.4003440049411782,2.3600047026286797,-1.570443406761589,0.2890302191496632,0.6885484155045893
79.78,1.3989424340615912,2.0684699054566735,-1.582613732068904,1.4003447107813913,2.3580047028115514,-1.5704434067595925,0.28953819309260237,0.6973082755247973
79.88000000000001,1.399115704687144,2.065331080963329,-1.5825040117244613,1.4003454166216087,2.356004702994423,-1.5704434067575959,0.29067622320395786,0.6910217629759084
79.98,1.3998047299919678,2.0624852884489218,-1.5822727174883513,1.40034612246183,2.354004703177295,-1.5704434067555986,0.2915199174488419,0.6777695795355386
80.08,1.398996284083785,2.058920500535698,-1.5824495398149319,1.4003468283020555,2.3520047033601665,-1.570443406753601,0.2930873144899653,0.6879007526867378
80.18,1.399091257854544,2.0566944889123335,-1.5824389604049751,1.4003475341422849,2.3500047035430383,-1.570443406751604,0.29331290499536705,0.6872945972609014
80.28,1.3981827714229687,2.054254359827808,-1.5824158307564449,1.4003482399825182,2.34800470372591,-1.5704434067496056,0.293758325489399,0.6859693661329975
80.38000000000001,1.3979398064649957,2.051751228140239,-1.5825095600701433,1.4003489458227554,2.3460047039087817,-1.5704434067476079,0.29426333776791397,0.6913396603390378
80.48,1.398527253623014,2.050473767291764,-1.582554685800393,1.4003496516629965,2.3440047040916534,-1.5704434067456101,0.29353659395931664,0.6939251743442485
80.58,1.39910198502208,2.0460391715932884,-1.5824208322638955,1.4003503575032417,2.342004704274525,-1.5704434067436126,0.2959681654657134,0.6862559317444952
80.68,1.3993871573553955,2.0442257470691283,-1.5826954127128288,1.4003510633434908,2.340004704457397,-1.570443406741616,0.2957805280075838,0.7019882327195759
80.78,1.3988553639321015,2.042959293913711,-1.5830086940473402,1.4003517691837437,2.3380047046402685,-1.5704434067396185,0.295049205420859,0.7199379311017584
80.88000000000001,1.3988970095471815,2.041244412897567,-1.5831640408123862,1.400352475024001,2.3360047048231403,-1.570443406737621,0.294763885297713,0.728838645214349
80.98,1.3992718050675936,2.037936995053045,-1.5828277714659293,1.4003531808642624,2.334004705006012,-1.5704434067356237,0.29606968478790224,0.7095718309971878
81.08,1.3988089471038991,2.0339532755765326,-1.58271012922857,1.4003538867045278,2.3320047051888837,-1.5704434067336264,0.2980554336567879,0.7028314274184521
81.18,1.399385174763026,2.03105242227737,-1.5827714851017383,1.400354592544797,2.3300047053717554,-1.5704434067316293,0.298953854864227,0.7063468601137625
81.28,1.3995732722125909,2.0301936503597013,-1.5832416551437758,1.4003552983850704,2.328004705554627,-1.5704434067296316,0.29781208195983183,0.7332856192904633
81.38000000000001,1.3990140727678084,2.02730298579587,-1.5828288025926898,1.4003560042253476,2.326004705737499,-1.5704434067276352,0.29870473427136035,0.7096309106664102
81.48,1.3994914269921597,2.024421555298427,-1.5828086065521882,1.4003567100656287,2.3240047059203706,-1.5704434067256376,0.2995844002136415,0.708473762897247
81.58,1.3985957623837815,2.023045123014971,-1.5832673765540413,1.4003574159059138,2.3220047061032423,-1.5704434067236412,0.2989647734156068,0.7347593478850191
81.68,1.3989506425743943,2.0196347656105824,-1.582825202590709,1.4003581217462029,2.320004706286114,-1.570443406721643,0.3003732382537456,0.7094246460899967
81.78,1.3985983250833376,2.016653653061057,-1.5828761196883583,1.4003588275864958,2.3180047064689857,-1.5704434067196462,0.3013561958200493,0.7123419810047659
81.88000000000001,1.3993014681748819,2.013570673703514,-1.5830523867229873,1.400359533426793,2.3160047066518574,-1.5704434067176498,0.30243588376295066,0.722441338270681
81.98,1.3983690202514734,2.0107857091955323,-1.5829064125373817,1.4003602392670944,2.314004706834729,-1.5704434067156519,0.30322553567021265,0.7140776336320964
82.08,1.3972874219034157,2.008789469836676,-1.5829879384481573,1.4003609451073997,2.312004707017601,-1.5704434067136541,0.30323081407332264,0.7187487243549598
82.18,1.3983319677276047,2.0049366813769534,-1.5831391865780398,1.400361650947709,2.3100047072004726,-1.570443406711656,0.305074777708406,0.7274146039709569
82.28,1.3975848465525964,2.0043964274851778,-1.5830737556310248,1.4003623567880221,2.3080047073833443,-1.570443406709658,0.3036209844293232,0.723665686971931
82.38000000000001,1.3976545177054578,2.0023928486382925,-1.583302224967122,1.4003630626283392,2.306004707566216,-1.5704434067076598,0.3036239402571355,0.7367560157929446
82.48,1.3981468518992608,1.9992046891905935,-1.5832415194820928,1.4003637684686603,2.3040047077490877,-1.5704434067056627,0.3048080806545885,0.7332778478218985
82.58,1.3967810130627636,1.997652145353666,-1.5833821560788375,1.4003644743089854,2.3020047079319594,-1.5704434067036657,0.30437365776702363,0.7413357313748756
82.68,1.3989603559459072,1.9936392833729926,-1.5830507515389722,1.4003651801493142,2.300004708114831,-1.570443406701668,0.3063686456024664,0.722347650043584
82.78,1.3988665014845465,1.9898841427205713,-1.5827622228863325,1.400365885989647,2.298004708297703,-1.5704434066996702,0.30812421372794696,0.7058161760931931
82.88000000000001,1.3998825402602644,1.9886313360065098,-1.583092842068608,1.4003665918299844,2.2960047084805746,-1.5704434066976727,0.30737375361602093,0.7247592599780887
82.98,1.399101527517286,1.986398151682091,-1.583312566001353,1.4003672976703256,2.2940047086634463,-1.5704434066956743,0.3076091612289922,0.7373485140968965
83.08,1.3995356864206758,1.9828282013199,-1.582847729385488,1.400368003510671,2.292004708846318,-1.5704434066936772,0.3091776278419439,0.7107153379591089
83.18,1.399836360123067,1.979553226591789,-1.5829685619609122,1.4003687093510202,2.2900047090291897,-1.5704434066916788,0.3104519388621695,0.7176385346731164
83.28,1.3985440464080834,1.9785324458262838,-1.583248240473154,1.4003694151913733,2.2880047092120614,-1.5704434066896806,0.3094776466504667,0.7336629331595603
83.38000000000001,1.3983580907295152,1.9760399817045213,-1.5833500831248764,1.4003701210317303,2.286004709394933,-1.5704434066876825,0.3099712578258316,0.7394980873921565
83.48,1.398435777836451,1.9731884429147657,-1.5834528563086543,1.4003708268720914,2.284004709577805,-1.570443406685685,0.3108222901226999,0.7453865571842038
83.58,1.398995318976652,1.971173457057653,-1.5836041451748857,1.4003715327124564,2.2820047097606766,-1.5704434066836868,0.31083429929976775,0.7540547708210691
83.68,1.3976193618023487,1.9681368129215235,-1.5835697662570554,1.4003722385528252,2.2800047099435483,-1.5704434066816901,0.31188004668997915,0.7520850040395632
83.78,1.3986973724448286,1.965199330527063,-1.5835819753463103,1.400372944393198,2.27800471012642,-1.5704434066796926,0.3128098672479051,0.7527845334400178
83.88000000000001,1.3985465447904402,1.962825310131792,-1.5834557598379269,1.4003736502335753,2.2760047103092917,-1.570443406677695,0.31318472984779894,0.7455529176149982
83.98,1.3978221999447173,1.9605733836203993,-1.5834737193703556,1.4003743560739565,2.2740047104921635,-1.5704434066756974,0.3134417173343438,0.7465819231396573
84.08,1.3977957126453706,1.9577280722227408,-1.5833587649995908,1.4003750619143418,2.272004710675035,-1.5704434066736996,0.3142872229657539,0.7399955229727136
84.18,1.397142022101402,1.956735930884089,-1.5839527960794242,1.4003757677547308,2.270004710857907,-1.5704434066717017,0.31328546984696676,0.7740309968612384
84.28,1.3962633973127414,1.953730028789017,-1.583947525274252,1.4003764735951238,2.2680047110407786,-1.5704434066697046,0.31430159608400093,0.7737290020846652
84.38000000000001,1.3961715597521243,1.9520911197910957,-1.5841176664094259,1.4003771794355209,2.2660047112236503,-1.5704434066677058,0.3139417623111111,0.7834773711662126
84.48,1.396397477968464,1.9492978830747358,-1.5841266022452647,1.4003778852759219,2.264004711406522,-1.5704434066657078,0.31473199939152297,0.783989356960674
84.58,1.3964102325339764,1.9466272195040528,-1.5839482577640451,1.400378591116327,2.2620047115893938,-1.5704434066637094,0.31540245779618997,0.7737709710018429
84.68,1.395539697219095,1.9451547675695202,-1.5843597127543048,1.4003792969567357,2.2600047117722655,-1.5704434066617126,0.3148871370667471,0.7973456055177269
84.78,1.3955994735174038,1.9421470223007102,-1.584326562447643,1.4003800027971485,2.258004711955137,-1.5704434066597157,0.31589386441339246,0.7954462329708561
84.88000000000001,1.3955901089601481,1.9392540548724186,-1.5844732455561834,1.4003807086375657,2.256004712138009,-1.5704434066577184,0.31678688218335793,0.8038505561305156
84.98,1.3950766905674312,1.9372652188118091,-1.584456930867827,1.400381414477987,2.2540047123208806,-1.5704434066557207,0.3167839119086548,0.8029157934580786
85.08,1.3952350936765014,1.9348273857810017,-1.5846716921581967,1.4003821203184121,2.2520047125037523,-1.570443406653724,0.31721908591735626,0.8152207091134496
85.18,1.3969643091527264,1.9329660185544342,-1.584633398779564,1.4003828261588411,2.250004712686624,-1.5704434066517248,0.31705712393126473,0.8130266602490499
85.28,1.3962070007502447,1.9298522570546046,-1.5844680398405415,1.4003835319992741,2.2480047128694958,-1.5704434066497273,0.3181798682417233,0.8035522910527503
85.38000000000001,1.3960405169369774,1.9264681391929823,-1.5844473370797996,1.400384237839711,2.2460047130523675,-1.5704434066477295,0.31956609636360855,0.8023661103524289
85.48,1.396259017610268,1.9233527431970374,-1.5843825547542236,1.400384943680152,2.244004713235239,-1.5704434066457316,0.32067851371009254,0.7986543566243597
85.58,1.3970502611592355,1.9218460775556592,-1.5844854754406679,1.400385649520597,2.242004713418111,-1.570443406643734,0.32017600930242585,0.804551277696653
85.68,1.3960341986836253,1.920480412710445,-1.5843251724363145,1.4003863553610458,2.2400047136009826,-1.5704434066417363,0.3195539393081107,0.7953665922184022
85.78,1.3961946303059731,1.9169302179891743,-1.5843900600258838,1.4003870612014986,2.2380047137838543,-1.570443406639738,0.32110186596564927,0.7990843773579966
85.88000000000001,1.397503034799694,1.9145880020366717,-1.5845895956831573,1.4003877670419558,2.236004713966726,-1.5704434066377408,0.32142965698273257,0.81051692849656
85.98,1.3977364837735535,1.9122507881745696,-1.584416567842895,1.400388472882417,2.234004714149598,-1.5704434066357438,0.32176485502083263,0.8006031636256903
86.08,1.3970674975558182,1.9102116536532174,-1.5849563280457826,1.4003891787228822,2.2320047143324695,-1.5704434066337454,0.3218102041065454,0.8315291453147744
86.18,1.3972289279044463,1.908039439999713,-1.584838050561629,1.4003898845633511,2.230004714515341,-1.5704434066317485,0.32198079079492203,0.8247523447757646
86.28,1.3970191617432288,1.9050562200773014,-1.5849192700497294,1.400390590403824,2.228004714698213,-1.5704434066297501,0.322966092197194,0.8294058787726281
86.38000000000001,1.3979347938377635,1.9031232640187097,-1.584759776867932,1.400391296244301,2.2260047148810846,-1.5704434066277528,0.32289079533964044,0.8202675927089595
86.48,1.3975559891081133,1.8986202173906317,-1.5845489940627886,1.400392002084782,2.2240047150639564,-1.570443406625755,0.3253968566162336,0.8081906276947751
86.58,1.3968780966191008,1.8985175194327177,-1.5852313431992329,1.4003927079252667,2.222004715246828,-1.5704434066237563,0.3235062879579159,0.8472863534819537
86.68,1.3970359096543914,1.896594142451174,-1.5845975201238844,1.400392843799637,2.221619695946075,-1.5704434066235171,0.3250428886032153,0.8109709663201883
86.78,1.396385074329661,1.8977053950696647,-1.5852786728343207,1.4003928790916418,2.2215196960087575,-1.5704434066234172,0.32383910201160626,0.8499981418378058
86.88000000000001,1.3970138333892985,1.896124076554115,-1.5847488550218718,1.4003929143836467,2.22141969607144,-1.5704434066233177,0.32531316952365563,0.819641817279331
86.98,1.3971170810935445,1.895835798454462,-1.584960242182829,1.4003929496756515,2.2213196961341226,-1.5704434066232182,0.3255003824325111,0.8317534094511339
87.08000000000001,1.3963632315636187,1.8950597323620038,-1.584529472642534,1.4003929849676564,2.221219696196805,-1.5704434066231165,0.32618485697716915,0.8070721328552681
87.18,1.3970765689451528,1.8954543845573761,-1.5845816334799878,1.4003930202596613,2.2211196962594877,-1.5704434066230122,0.3256821980019095,0.8100607287032148
87.28,1.3977349116210331,1.8967873284457664,-1.5851271883615,1.4003930555516662,2.2210196963221702,-1.570443406622911,0.3242432637818335,0.8413187209124184
87.38000000000001,1.3980975140257943,1.8952892813253115,-1.584631697694016,1.400393090843671,2.2209196963848528,-1.570443406622809,0.3256385064527472,0.8129291968833112
87.48,1.396840104438555,1.8953531131972725,-1.5847992928979375,1.400393126135676,2.2208196964475353,-1.5704434066227093,0.3254859763120071,0.8225316947403604
87.58000000000001,1.3978119252843946,1.894358871691678,-1.5843668065580083,1.4003931614276808,2.220719696510218,-1.57044340662261,0.32637103234856046,0.7977520527710434
87.68,1.3969506065016561,1.8953411823069626,-1.584808271427398,1.4003931967196857,2.2206196965729004,-1.5704434066225113,0.325296731109406,0.8230461265960337
87.78,1.397822526840917,1.8926770288897263,-1.5844416961016627,1.4003932320116905,2.220519696635583,-1.570443406622413,0.3278527463966028,0.8020429075633871
87.88000000000001,1.3971454856657517,1.8930016085127228,-1.5844633786748596,1.4003932673036954,2.2204196966982654,-1.5704434066223136,0.3274341957655668,0.8032852275022527
87.98,1.3978415418141414,1.8926864710128202,-1.5842122080295444,1.4003933025957003,2.220319696760948,-1.5704434066222155,0.3276431627505906,0.7888942095937369
88.08000000000001,1.3961969453984822,1.8930719603108312,-1.5843191293930226,1.4003933378877051,2.2202196968236305,-1.570443406622112,0.32717464940818924,0.7950203524667458
88.18,1.396039509416424,1.8915208235597987,-1.5839420366384749,1.40039337317971,2.220119696886313,-1.5704434066220097,0.3286277159357133,0.7734145291520665
88.28,1.3978544433544466,1.8924666127214944,-1.5844415868532957,1.400393408471715,2.2200196969489956,-1.5704434066219064,0.32756292423107836,0.8020366481220703
88.38000000000001,1.3963247918041362,1.8923784868449784,-1.584191933753472,1.4003934437637198,2.219919697011678,-1.5704434066218018,0.3275664791858812,0.7877325791658051
88.48,1.3965169974809215,1.8920072703985586,-1.584501582928741,1.4003934790557246,2.2198196970743607,-1.5704434066216995,0.3278353461609621,0.8054741700442897
88.58000000000001,1.3959059108322045,1.8905743702274547,-1.5839225181816792,1.4003935143477295,2.219719697137043,-1.5704434066216013,0.3291759177274857,0.7722962039784602
88.68,1.3962101382655923,1.890305697921398,-1.5843235355359218,1.4003935496397344,2.2196196971997257,-1.5704434066215027,0.32934057000529376,0.7952728058937114
88.78,1.3962059994771139,1.8903163726810615,-1.5843444827416464,1.4003935849317393,2.2195196972624083,-1.5704434066214032,0.32922995730545446,0.796472992380026
88.88000000000001,1.3968077961179337,1.891168702067849,-1.584506066093642,1.4003936202237441,2.219419697325091,-1.5704434066213047,0.32827058050012287,0.8057310364946036
88.98,1.3962116290267366,1.8895993481657845,-1.5840921441859768,1.400393655515749,2.2193196973877733,-1.5704434066212034,0.32974686963885663,0.7820150581431786
89.08000000000001,1.397460817146415,1.889151758653296,-1.5839154388506131,1.4003936908077539,2.219219697450456,-1.5704434066211022,0.33008096880874405,0.7718905882152005
89.18,1.3959659420188444,1.8894511391285687,-1.5842945736333098,1.4003937260997588,2.2191196975131384,-1.5704434066209998,0.3296982918658022,0.7936134111361953
89.28,1.3958804082892782,1.8896200601607938,-1.5845005111091153,1.4003937613917636,2.219019697575821,-1.5704434066208968,0.3294305563929659,0.8054127593493275
89.38000000000001,1.3965860223893978,1.8903566449362414,-1.5843864776535297,1.4003937966837685,2.2189196976385035,-1.570443406620795,0.3285851164403316,0.7988791236268079
89.48,1.396490732231187,1.889533361554292,-1.584322510138924,1.4003938319757734,2.218819697701186,-1.5704434066206958,0.3293094674628434,0.7952140550196473
89.58000000000001,1.395926705057686,1.8891943845945454,-1.5842681314875555,1.4003938672677783,2.2187196977638686,-1.5704434066205974,0.32955559099725773,0.7920983878062559
89.68,1.3943303003234362,1.890339617212079,-1.5848391840914626,1.4003939025597831,2.218619697826551,-1.5704434066204984,0.3283360756912419,0.8248172918957631
89.78,1.3963151434771064,1.889259588069142,-1.584390619217982,1.400393937851788,2.2185196978892336,-1.5704434066203987,0.3292853724086293,0.7991164178132139
89.88000000000001,1.3961721171610029,1.8904665760391786,-1.5848243187529303,1.4003939731437929,2.218419697951916,-1.5704434066202984,0.3279802955060721,0.8239655707482894
89.98,1.397048245692589,1.8881261362143476,-1.5843799712375182,1.4003946907712548,2.2175796350927874,-1.5704421227027778,0.3294704943055003,0.79857989653322
90.08000000000001,1.3984613419029688,1.8474007547114928,-1.5707124700899693,1.4019982033837617,2.1761548965439217,-1.5567454336284126,0.3287731667291464,0.8002522415525356
90.18,1.3982788791925471,1.7977873481152182,-1.5633686559716575,1.4035828775347796,2.1261287415712062,-1.549130218479504,0.32838423082577267,0.8158023751612368
90.28,1.3992718416219014,1.7462025593923407,-1.5583397734088242,1.4051787321937705,2.076096907800023,-1.5446220432022992,0.32994722679173594,0.7859680453330057
90.38000000000001,1.4003262615129808,1.6978447330833724,-1.5529628349627447,1.4070981340096345,2.0260833919285695,-1.5390257612161837,0.328308506465496,0.7985355044405241
90.48,1.403488734332985,1.6469762196858309,-1.540960049733783,1.409979027547515,1.976112237498277,-1.5272453596395967,0.3292000032312354,0.7857938597267493
90.58000000000001,1.4060952539487965,1.5959112623019296,-1.522680063782079,1.414170611291506,1.9262424304093033,-1.5089432768191968,0.3304298594549144,0.7870599170434802
90.68,1.4122544399688406,1.5463327046900959,-1.4962631709625374,1.420166792005922,1.8765083512476437,-1.4825994089947572,0.33027043902604036,0.7828758930251734
90.78,1.4202263802357113,1.4978857735184203,-1.459762523190034,1.4286015842115019,1.8272407211902657,-1.4460056964189791,0.32946141746426105,0.7882081134740259
90.88000000000001,1.430572801349475,1.4477308646985052,-1.4154810966657299,1.439643452857735,1.7785358867427992,-1.4018771132313161,0.33092935700615944,0.7794508353577926
90.98,1.4449405727981162,1.4001145356221656,-1.3634094094206446,1.4536591432054566,1.7307137696743558,-1.3498497927081319,0.3307141772374486,0.7769088094420344
91.08000000000001,1.461545940883711,1.3550402330720284,-1.3040708404519878,1.4709738979178308,1.6842282634393537,-1.2902567969996015,0.3293230112077751,0.7914863878320667
91.18,1.4806253362695185,1.3086910827027085,-1.2377189303193081,1.4917059216404371,1.6392739321839112,-1.2239485179297989,0.3307684987166609,0.7889865120735401
91.28,1.5047115055855964,1.2643872631303823,-1.1657980469595743,1.5158686607099539,1.5959635287497862,-1.1523846469440218,0.33176392515247716,0.7685312098118756
91.38000000000001,1.533339601149506,1.2246329397853082,-1.087402307718133,1.5436554816036667,1.5551057776201023,-1.0737632159647728,0.3306338064023802,0.7814623938592253
91.48,1.5631844990527457,1.1859538064429855,-1.0066381048409556,1.5747607209425016,1.5167595989578817,-0.992633312121417,0.3310082797675149,0.8024155157851033
91.58000000000001,1.5973710102018253,1.1491771239127337,-0.921673386527101,1.6090874811053748,1.4813819816481477,-0.9080341069433351,0.33241140653329027,0.7814731557487347
91.68,1.636084622738998,1.1171265459856048,-0.8344496256401973,1.6464148325550099,1.4491864893112019,-0.8210350341667474,0.33222058815829214,0.7685994753208607
91.78,1.6761620056067135,1.088351533794108,-0.7442250380793655,1.6866372515946908,1.4205208982029622,-0.7305358174598761,0.332334496298971,0.7843345663202053
91.88000000000001,1.7182753529482673,1.0630507756384786,-0.6530905069598293,1.7292692132984573,1.395673574740215,-0.6395141729114591,0.33280443423679545,0.7778666422313726
91.98,1.7637095724989205,1.0405950747452741,-0.5600063698107269,1.7740405217939796,1.3749424835863346,-0.5463762017720416,0.33450697797216183,0.7809511026707764
92.08000000000001,1.8086166322189314,1.0237825623838483,-0.46977812680215303,1.8204083230897734,1.358221502030376,-0.4559191678435928,0.334646751553765,0.7940598567705226
92.18,1.8557164531642636,1.0108873067630675,-0.38505318751186923,1.8679631421527316,1.3451402288707508,-0.3709955283561008,0.33447720001325243,0.8054445394589724
92.28,1.905491486511896,0.9995854304048809,-0.3086773489528378,1.9163102475576128,1.3351933431868734,-0.2948704151256177,0.3357822459756469,0.7910790363161234
92.38000000000001,1.952004704547791,0.9923541129897845,-0.24267953002092146,1.9652221124656275,1.3279819527742565,-0.2288473275738916,0.3358879972706046,0.7925268215853414
92.48,2.000736468802568,0.9856360930938575,-0.18774299673735406,2.014561862952875,1.32285787666379,-0.17369787726474487,0.33750507083227316,0.8047260685375156
92.58000000000001,2.0500597635943483,0.9818148006679337,-0.13991576012692164,2.064139339055908,1.3195313936212782,-0.1261638184733725,0.3380099578432458,0.7879282168585248
92.68,2.0987849101470744,0.9790529606679602,-0.1003377798133862,2.114072752267755,1.3176895387272272,-0.08651513183656476,0.33898148934181765,0.7919793907669145
92.78,2.1495403194338376,0.9777954087245617,-0.06751140125166886,2.164199739738932,1.31706286080934,-0.05390385397978026,0.33958401412283634,0.7796550282039745
92.88000000000001,2.2004029077653025,0.977980829895013,-0.0416270078539105,2.2143521933203645,1.3173422808174935,-0.027787492356199827,0.3396480191900253,0.7929458285247164
92.98,2.2510408095467866,0.9792792851943088,-0.020262632052559848,2.2645167740261725,1.3183771183439965,-0.006586519831257988,0.33936549922681164,0.7835835104278819
93.08000000000001,2.301432116197568,0.9807498963632083,-0.0035728891645911975,2.314614482186456,1.3199767703502778,0.010306834683204834,0.3394829109220435,0.7952495972857921
93.18,2.3508649758550595,0.9813895754421942,0.01031799499249497,2.3646884671745907,1.3220481414670322,0.02395666935521023,0.34093892050975944,0.781438479136862
93.28,2.402006634752504,0.9831017703493198,0.018008913906165658,2.414677221458017,1.324158934947586,0.031666764629348074,0.34129244540609266,0.7825372036580518
93.38000000000001,2.4527369061607445,0.9838796344430373,0.017582902228135747,2.4646553597539307,1.3257342697960885,0.03129860225637505,0.3420623353256254,0.7858517246855761
93.48,2.5030680003645527,0.984600495151251,0.007602342198416601,2.5146764519358884,1.3262033973442002,0.021252521375634006,0.3418000862119986,0.782097656451916
93.58000000000001,2.5532968511407823,0.9826080520717493,-0.013702610197579903,2.5647823505243608,1.3249038093829373,-3.9620666597909355e-05,0.34248839713095375,0.7828316356566963
93.68,2.603305336995555,0.9772738161923361,-0.04592533681519795,2.6147575558528473,1.3212883983996513,-0.03235350212163591,0.3442051511642859,0.7776088481903318
93.78,2.652165717169802,0.9713209042512739,-0.08587191790877169,2.664418018921959,1.315248573252106,-0.07195305965870626,0.344145841762721,0.797491833369596
93.88000000000001,2.7011189299665608,0.9615701580327841,-0.1289923009682643,2.713628709177805,1.3068020108171643,-0.11536953957056033,0.345458429847717,0.7805267334021763
93.98,2.749608337707622,0.9508859792828477,-0.17277611726474906,2.7623886228545995,1.2962077877782185,-0.1590469734192868,0.3455582253556579,0.7866219986729965
94.08000000000001,2.8018304018786004,0.9364567829716476,-0.21628313000523147,2.814548197904998,1.2827261438620894,-0.2029711742757238,0.3465028320623716,0.762718880365784
94.18,2.8539006089162853,0.9206154194992852,-0.25581451606535643,2.867149889196733,1.2673107688452059,-0.24220646018385433,0.34694842366847534,0.7796841693882475
94.28,2.9076050288167696,0.9033676136928894,-0.2895646378999457,2.919285494116415,1.2504669225831544,-0.27600102199768245,0.34729578676067435,0.7771379461362117
94.38000000000001,2.9565153893643856,0.884372630961621,-0.31816741968629914,2.9691218781614745,1.233012346025028,-0.3048808408561921,0.34886756008446057,0.7612648911329998
94.48,3.0036231733871577,0.8672343741850017,-0.3413713344540794,3.0161347102321066,1.215623388665861,-0.32782573620866845,0.34861360266800673,0.7761056104418612
94.58000000000001,3.0505815513066614,0.8486373923620395,-0.36023291494167387,3.0628859077363586,1.1975625714688067,-0.3469363384350226,0.34914205962879724,0.7618377158039222
94.68,3.09819161118,0.8295627082913735,-0.376020829940626,3.1094181946566746,1.1789629333461904,-0.3625170434661375,0.34958053928231686,0.7737099724340376
94.78,3.142571833193611,0.810628433410175,-0.3891934504219787,3.155722999533252,1.1599081946480472,-0.37551918442401794,0.3495272590034687,0.7834777296223999
94.88000000000001,3.1899146566449543,0.7897794906279029,-0.3994035393246962,3.2019170710953997,1.1405229795284004,-0.3858265461210904,0.35094878965275506,0.777904409044414
94.98,3.2374775650732346,0.7695691727810414,-0.4068663663827809,3.247983317429365,1.1209205726541314,-0.3935767747976288,0.3515084309449039,0.761437509281788
95.08000000000001,3.2824655445366364,0.7490283894233939,-0.4128548519995461,3.2939577296115483,1.101141556343728,-0.39955496476808283,0.3523006565938574,0.7620274063627772
95.18,3.3288700884040647,0.7297615041354291,-0.417863349744229,3.3398589148130595,1.0812196650319332,-0.40423492737472394,0.3516299093743307,0.7808510831943213
95.28,3.372775762178204,0.7074980599593421,-0.421269208476285,3.3857018467430886,1.061188656995296,-0.4078681321601843,0.35392671853623603,0.767825113845296
95.38000000000001,3.4196862116969537,0.686953593294814,-0.42359112746612304,3.431503760986169,1.0410891908514315,-0.4105167185197899,0.35433271924560616,0.7491084522529757
95.48,3.4644359062575942,0.6665685448123856,-0.42532414535040136,3.477277790070978,1.0209375264523555,-0.412479717492245,0.35460159211208536,0.7359315065326196
95.58000000000001,3.5104214502285496,0.6453688070394082,-0.4262525355805602,3.5230504566137553,1.0007986978198629,-0.41330022535716116,0.35565418465481813,0.7421127107449137
95.68,3.555090884016857,0.6254386376789176,-0.4227301120330529,3.568961748060929,0.9810303100915013,-0.4098123005320527,0.3558621058198068,0.7401360795528658
95.78,3.6016844989627588,0.6057299799003119,-0.4135970539473148,3.6151686069634925,0.9619963741727181,-0.4006645369378368,0.3565214788150036,0.7409786431242354
95.88000000000001,3.6498987653049815,0.5876192961574632,-0.39569153789579414,3.6618373680451697,0.9442326453700848,-0.3829495999205655,0.35681313186601077,0.7300592687980717
95.98,3.696612982613809,0.5715818777888594,-0.36635224635457536,3.7092144800826934,0.9284991544421792,-0.35330305018637276,0.3571396647140734,0.7476638664762951
96.08000000000001,3.7428703904680054,0.5587973600792849,-0.32858917656016096,3.7572620344539445,0.9150926023592344,-0.3149943330009385,0.3565857808269223,0.778927159084058
96.18,3.793173757313443,0.5464582895773473,-0.2821506628093622,3.8060123743080583,0.9044308474421184,-0.2686285419102204,0.3582027111435386,0.7747604575864704
96.28,3.842664881284165,0.5395273159196989,-0.2273185042745762,3.8551203241688317,0.8971258305398357,-0.21341980389998166,0.35781536539950515,0.7963368721811632
96.38000000000001,3.8912116643548345,0.5348911618935811,-0.16645373833641816,3.904490416393743,0.8932540816444186,-0.15259755057187363,0.3586088502924265,0.7939010790492124
96.48,3.940758609281338,0.5345654634001634,-0.0981946258127322,3.9539163318211705,0.8931971301715831,-0.08463087786659551,0.35887295533890795,0.7771455116928706
96.58000000000001,3.989645809847172,0.5366398596225398,-0.02728136956112337,4.003163737822419,0.8969750575887311,-0.013494516184378014,0.36058867046827503,0.7899285112531964
96.68,4.037653818088112,0.5438793602546941,0.04693095276364301,4.051988193427449,0.9046919351597976,0.060848877553098174,0.36109720093905456,0.7974383500162859
96.78,4.083912001092948,0.5558364759498082,0.12746582446709098,4.099836938589913,0.9167545194713478,0.1416019729905862,0.36126920402062807,0.8099416489663656
96.88000000000001,4.133272231958525,0.5716056572558986,0.21125176199469342,4.14638351099161,0.9329455635329793,0.22524508169025304,0.3615777005101571,0.801758159932856
96.98,4.179201543341762,0.5917957201920836,0.2940538184867716,4.191411958746786,0.9528461840355806,0.30795243532843336,0.3612568777005742,0.7963320860966654
97.08000000000001,4.222759755623903,0.613399156928323,0.36773702992339574,4.235302787911419,0.9755450153744053,0.3814532355580555,0.36236300921674597,0.7858806937995625
97.18,4.267260591092491,0.6383644955661946,0.4271515645946349,4.278497375836825,1.000070735880849,0.44100251061806756,0.361880739490171,0.793600749406203
97.28,4.311546116445802,0.6628847595392311,0.4707488173044594,4.321308751138952,1.025671607586226,0.48466856899484023,0.3629181810711958,0.7975430237289158
97.38000000000001,4.355143958422838,0.6877710574829563,0.4959082981206169,4.364186522511642,1.0514669109137216,0.5099509947819989,0.36380824862560884,0.8045872516796418
97.48,4.4010866311158985,0.7131462294252758,0.5023207382046586,4.407459440866383,1.0765729336964784,0.5164219395490194,0.3634825746601122,0.8079393230960746
97.58000000000001,4.443258928684247,0.736269117156857,0.49276305667691855,4.451341661834214,1.1004350461369556,0.5067446634919922,0.36425561684771846,0.8010870613150695
97.68,4.489606628030167,0.7573187347341611,0.46634452587450226,4.496205614447749,1.1222339982984968,0.48040583737624776,0.364974925445527,0.8056538034687786
97.78,4.535874260227526,0.7764100243315731,0.42828989123346584,4.542090358670175,1.1417277956254916,0.4425127722552333,0.36537065276648106,0.8149110550639904
97.88000000000001,4.583294186716196,0.7923114093366195,0.37956807263281944,4.5890108465259685,1.1583109694702773,0.3935364263390766,0.36604420254582876,0.8003277141144562
97.98,4.633165455851486,0.8048965634967161,0.3237093080500903,4.636820758506763,1.1717603399784549,0.33757401556322947,0.36688198610989997,0.794389224686198
98.08000000000001,4.6825236026932515,0.8147428481011444,0.2581221946827734,4.6855170987392905,1.181426569399023,0.27213492532345984,0.36669594009674816,0.802870325164982
98.18,4.731770566164611,0.8186735931493702,0.18803534041061964,4.734603733396257,1.1870852316915266,0.2020046583971629,0.36842253222336846,0.8003829633051168
98.28,4.779955013089384,0.8200522609012435,0.11272794112407292,4.783908166733177,1.1887762219174423,0.12710721660720217,0.36874515163077964,0.8238717976392441
98.38000000000001,4.828052864066496,0.8177924118472562,0.03720956398104458,4.833162597989581,1.186682751411044,0.05192066423044992,0.3689257269481914,0.8428839562847789
98.48,4.878163647271154,0.8111138878430121,-0.0333518343126884,4.88222271111832,1.1812152263861204,-0.018985811076856596,0.3701235966413326,0.8231124998000366
98.58000000000001,4.9295359416293465,0.8012974073079374,-0.10179074416256984,4.9324475599577875,1.1724750053726358,-0.08703249036161984,0.3711890176532292,0.8455856557773402
98.68,4.982673815317419,0.788598229343975,-0.16335898642356406,4.98559316246696,1.1606178019668336,-0.148856341841777,0.3720310269349505,0.8309403263146685
98.78,5.035454974402763,0.7742726210931783,-0.21334043892706078,5.038480948330287,1.146814121245235,-0.1988147471788575,0.37255378920869253,0.8322608316800547
98.88000000000001,5.087849803053238,0.7580653067295807,-0.2548913350151669,5.091010426470214,1.1313684813443572,-0.2401664339719561,0.3733165543045931,0.8436746835237624
98.98,5.140847579693071,0.7415626574072552,-0.28960334455219705,5.143100138890714,1.114479088184018,-0.27484401060661656,0.3729232338782595,0.8456475435059311
99.08000000000001,5.190579518003421,0.722207039497775,-0.32031714854136517,5.194654035212004,1.0962126935215435,-0.3054365670352334,0.3740278478031146,0.8525945170017754
99.18,5.242382926488597,0.7016826921676265,-0.34965921907023856,5.245840502556007,1.0765633236550176,-0.33489429105239343,0.37489657600016446,0.8459680602369859
99.28,5.291324382973998,0.6806429122744655,-0.3738308557330426,5.2951704307237835,1.0564670927839048,-0.35922008419930007,0.3758438595199944,0.837135544313331
99.38000000000001,5.337720691310787,0.6609855104445317,-0.3914835664404728,5.341021060119195,1.037105205211325,-0.37684233515704907,0.37613417449859204,0.838880759415088
99.48,5.3824225594794575,0.6407349919818929,-0.40585950056105236,5.386742684517709,1.0173082160431366,-0.3907600422161871,0.376598003924909,0.8651352360943707
99.58000000000001,5.428646480189661,0.6191936422036246,-0.4155870371299335,5.432402632698806,0.9972555408620583,-0.40085490670869905,0.3780805574198331,0.8440888963730213
99.68,5.474063813519398,0.5988875248738716,-0.4231316969877918,5.478004481910175,0.9769987444408439,-0.40834517747833204,0.3781317537972567,0.8472051615798961
99.78,5.519616433001795,0.5778446499267824,-0.42843195706767356,5.523587198817292,0.9566095745010454,-0.4137060388840588,0.3787857376788475,0.8437329613760798
99.88000000000001,5.5651386805258465,0.555730658299451,-0.4319783059507796,5.569171096548157,0.9361477536858801,-0.4173165743241259,0.38043846656354885,0.8400553425607353
99.98,5.609918464020359,0.5341635204215662,-0.4346357819566348,5.614736448151311,0.9156229793070818,-0.41989654535078574,0.3814898841965753,0.8444960507598809
100.08000000000001,5.654460149005353,0.5124387569141411,-0.4361772692717021,5.660296661984328,0.8950597768837383,-0.4216822204348416,0.38266553255594976,0.8305051221881186
100.18,5.698549934883108,0.4911705732709044,-0.4377177737036686,5.705854390326617,0.8744789594322901,-0.4228334146598227,0.38337797794209855,0.8528109539697466
100.28,5.747460820985186,0.47037507689204994,-0.4375443377205357,5.751411129444107,0.8538871313987032,-0.42357109893807515,0.38353239874726985,0.80060760836351
100.38000000000001,5.792151771430525,0.44945775468501037,-0.43809870472086115,5.796970702455397,0.8332938919140578,-0.42398855155106296,0.38386638605006634,0.8084522249125768
100.48,5.837430900882749,0.4283981363607784,-0.4372970004755669,5.842554828707222,0.8127691975079907,-0.42342433154615494,0.38440521235251796,0.794845380237576
100.58000000000001,5.883123792357322,0.407371288788302,-0.4314671886949586,5.888315793225752,0.7927742547795151,-0.41774100654724633,0.3854379367263191,0.7864523058917285
100.68,5.927623981385734,0.38732854598971544,-0.42008548337322305,5.934375541674964,0.7736568044178069,-0.4059475478942698,0.3863872498238281,0.8100440339722897
100.78,5.975179593497088,0.36837941944558394,-0.4001887037940548,5.980885787769005,0.7558850249888633,-0.3863201976288669,0.38754761640414265,0.79460687141643
100.88000000000001,6.022625550008278,0.35227938108284174,-0.37034119257959025,6.028010409016854,0.7401065029062749,-0.3564157634689453,0.38786450356843727,0.7978683159485698
100.98,6.0688081146908095,0.33839558421214716,-0.33278952655407373,6.075739132408742,0.726573541792789,-0.31875590710088064,0.38823983020561514,0.8040671659606543
101.08000000000001,6.117760483570315,0.3272049742473685,-0.28655235983520755,6.124103310856383,0.715800518879833,-0.2723503890107088,0.38864730639254735,0.8137129890117085
101.18,6.1682324608910895,0.3188767726920831,-0.23136278498801646,6.17302517984028,0.7082437350313188,-0.21720190705495535,0.38939645801703143,0.8113585397643427
101.28,6.217060664354144,0.3144141724813669,-0.16935470210524795,6.22233414101848,0.7043788193871473,-0.15465847976313876,0.3900003017851131,0.8420315149887221
101.38000000000001,6.265973648571449,0.3139652667853429,-0.10197167025776088,6.271751923966262,0.7040935414468376,-0.08779222739261724,0.39017106396668233,0.8124222320196182
101.48,6.315152745719249,0.31590769037309846,-0.034678264105040935,6.3210389845656225,0.7072654005316803,-0.02079212266998937,0.39140197381761516,0.7956172979501911
101.58000000000001,6.364383785364647,0.3208029090631423,0.029406384103668914,6.370043866028484,0.71350511752455,0.04325179864575254,0.3927429961738186,0.7932838188704472
101.68,6.414553879185586,0.3300259180786416,0.09076549585265647,6.420303835508804,0.722715401024282,0.1047185789224607,0.39273157756135846,0.7994527710952247
101.78,6.467240965725048,0.3404718646572586,0.14601213520844514,6.473359831067484,0.7347933067007903,0.16026006213966235,0.3943689137956607,0.8163460799695288
101.88000000000001,6.521491741316759,0.3535356494114684,0.19172829134945113,6.526174179955188,0.7486819008748589,0.20589819429484021,0.39517399367515527,0.8118756348807887
101.98,6.574720988852261,0.3688648162918642,0.22948921426420466,6.578763297556852,0.7641552661036294,0.24407631234518046,0.39531111794642315,0.8357791553832958
102.08000000000001,6.627770656834677,0.385317635923898,0.26213415700582776,6.63102094118767,0.7810011608883681,0.2765153131166669,0.3956968742316317,0.8239795496698548
102.18,6.677786179337944,0.40188859768646024,0.2895497253284245,6.682904132388946,0.7990046749259888,0.3042859996761632,0.3971490554509018,0.8443263258723288
102.28,6.730012857632689,0.4208410281827069,0.31296086014057467,6.734494121925407,0.8179545887300316,0.3275216692040323,0.397138844360804,0.8342729056319595
102.38000000000001,6.780424546768966,0.43841543217316004,0.33180743594243967,6.785818334466346,0.8376792384432223,0.3466577749927738,0.39930023784488566,0.8508617519224598
102.48,6.8316593473336535,0.4593049781142669,0.3480590866246469,6.836915701272712,0.8580190313055761,0.36244353601544754,0.39874869964549703,0.8241682407124047
102.58000000000001,6.882007300412794,0.47965144730515813,0.36033566642552906,6.887811825667676,0.8788549107302727,0.3751594104801648,0.39924566087064906,0.849337970912776
102.68,6.934821091592833,0.4985066081120262,0.3708665666730657,6.938571554846788,0.9001007920549814,0.38565597924983647,0.4016116962333485,0.8473709221266632
102.78,6.985699823306671,0.5200701749093842,0.3792067389236127,6.989191388519096,0.9216493575019303,0.3938389904885014,0.401594361164758,0.8383662594418185
102.88000000000001,7.036868315595911,0.5410560119566546,0.38606985240627956,7.039706499901382,0.9434412665667085,0.40044188210429765,0.4023952639106848,0.823456644733116
102.98,7.08771601565996,0.5630857515851087,0.3912840355476641,7.090138014318436,0.9654399909191007,0.40587245807821637,0.4023615289606314,0.8358550407542047
103.08000000000001,7.138572302185036,0.5845970621874579,0.396076068636956,7.140386015800672,0.9876205513161453,0.410772703394608,0.40302757020648206,0.8420551446587301
103.18,7.1852581205181245,0.6054383192047715,0.39926480780683904,7.188940374385063,1.0091831278906256,0.41416606394516997,0.40376159987586424,0.8537790861697736
103.28,7.233140006869682,0.6248430030150648,0.40170673106901256,7.234628017696515,1.0295216328292889,0.4162842945219652,0.40468136552668027,0.8352328614383412
103.38000000000001,7.2790517063429325,0.6435416635459177,0.4023138946286488,7.280314415895506,1.0498465939989239,0.41731362405943556,0.4063068925650122,0.8594211902222498
103.48,7.325969255697544,0.6635350926970349,0.40295861280916,7.326011045320498,1.0701409197301903,0.4175777610470636,0.4066058291806561,0.8376154941079914
103.58000000000001,7.371703263646225,0.6835060024506925,0.4026232507348042,7.37172301535914,1.0903968773725012,0.417345652292111,0.40689087540121266,0.8435314735305107
103.68,7.419179020553467,0.7030100980163771,0.40252399796828486,7.417447999368758,1.1106178246706924,0.4168754661319185,0.4076114022726068,0.8222785555925736
103.78,7.467403741209059,0.7222506229801309,0.40191241948769374,7.463185977955396,1.1308089015794733,0.4163263591105867,0.4085800491200248,0.8258579065481552
103.88000000000001,7.514129087223793,0.7413076578565186,0.40149703070094334,7.508935209083734,1.1509633113801543,0.4156508539435357,0.4096885778661773,0.8109543357747109
103.98,7.5613785956621795,0.7615403893260558,0.4010379066605361,7.554692818419189,1.1710937014774445,0.41507732571662137,0.4096078796990064,0.8043994587292266
104.08000000000001,7.607531888392472,0.7814470479107025,0.40064690312244955,7.600464815177735,1.1912018712145038,0.4145347325926368,0.40981576195230934,0.795714015239135
104.18,7.65455431522914,0.80004034331891,0.4002226491355048,7.646246971007541,1.211288547473114,0.41402373630750305,0.41133210109116697,0.79074404764764
104.28,7.7008474091960935,0.8188250764525907,0.3998718036227853,7.692039031982429,1.2313558769607138,0.41355778702265167,0.41262482823626967,0.7841490872984486
104.38000000000001,7.746193192697946,0.8393874206912826,0.3980245866460294,7.737871261287816,1.2512504963089166,0.41153963943358246,0.4119471417543904,0.7743554846233082
104.48,7.793595224883115,0.8578794883402237,0.3903944620657899,7.783863524978692,1.270472665960575,0.40394926520822994,0.4127079308686574,0.7766330121924782
104.58000000000001,7.840310853929674,0.8747107693704497,0.3754385968015588,7.830210164279677,1.2885707503751225,0.3889503563726352,0.41398322165106366,0.7741667972181744
104.68,7.886526095359658,0.8911535555343626,0.3510356157412493,7.877053708570115,1.3049752853857486,0.3649773603792749,0.4139301272058899,0.7988031268080131
104.78,7.935163750820614,0.9053850171471558,0.3210900046126901,7.924492139027753,1.3196538915961893,0.3346267521542219,0.41440630260111466,0.7755985024638641
104.88000000000001,7.983954199617967,0.9162952091240184,0.27903964359829203,7.972462371096169,1.3317334187338175,0.2930162053735002,0.4155971223752274,0.800798001823302
104.98,8.033048729043017,0.925609824910761,0.22940750036428703,8.02108211186489,1.3409114683804653,0.24330864976567143,0.4154740124187374,0.7964771910801369
105.08000000000001,8.081626196634303,0.9305633009515784,0.17272692746184037,8.070115989762082,1.346771354234918,0.186773395348591,0.4163671798787083,0.8048033269768552
105.18,8.13163269893274,0.932048942653973,0.11007278554641475,8.119369945484706,1.3491471012433969,0.12401489308256386,0.41727838312188603,0.7988239193388826
105.28,8.179067665058138,0.931093912048917,0.045024756769254104,8.168679995546965,1.3480674057414401,0.059058340746280094,0.4171028627569247,0.804065133326006
105.38000000000001,8.22862884635678,0.9253816570908429,-0.017806491385293777,8.217818374212962,1.3438726011471205,-0.003873471799553672,0.4186305490108035,0.7983032181360227
105.48,8.278649883323201,0.9177629743747988,-0.07724875203979797,8.267892956473315,1.3368891831382443,-0.06331787414758383,0.4192642249795147,0.7981805081359746
105.58000000000001,8.331457782884831,0.9071436795272432,-0.1333919507491308,8.321162012446088,1.3269720292973157,-0.11939420568571886,0.4199545763050924,0.8020117148335867
105.68,8.385579321196323,0.8951211163423523,-0.17869355072720228,8.374471067535891,1.315283586088117,-0.1646965551990899,0.42030928407810014,0.8019687696243257
105.78,8.440066208116624,0.8797241277731036,-0.21574887400939113,8.427613442742214,1.302140548374019,-0.2016018750181582,0.4225999334580633,0.8105633349734797
105.88000000000001,8.491926982351341,0.8652507585153771,-0.24808096265738988,8.480450395229905,1.2875304288645393,-0.23409254902467536,0.42243559514102613,0.8014770632378063
105.98,8.545732306120321,0.8478892124050952,-0.27570139077951494,8.533034529301018,1.2717591472605954,-0.26163862280566624,0.424060084434457,0.8057372531732705
106.08000000000001,8.59479614502066,0.8311562790378362,-0.30030582399874195,8.585213360887455,1.2548565704194243,-0.28634316383104347,0.4238086439285852,0.8000014983845491
106.18,8.647353426885136,0.8124332483777745,-0.32296569963697563,8.63696912347803,1.2368965167649064,-0.30923209379989314,0.42459027304819075,0.7868776519610591
106.28,8.697815731522075,0.7930857844151198,-0.34175888459002585,8.686761210288918,1.2187539764008832,-0.3278322418146349,0.4258117096888284,0.7979378538162615
106.38000000000001,8.743978897761,0.7760473702301063,-0.35542332394633247,8.733370021791167,1.2012061347428706,-0.34185137586511677,0.4252911041761437,0.7776153448243355
106.48,8.79059958503658,0.7565907373765483,-0.3660473671740485,8.779951479185375,1.1833670884095537,-0.3522912982202031,0.4269091659349394,0.7881646937462832
106.58000000000001,8.836826137058129,0.7384455881228853,-0.37362666706807063,8.826487845212862,1.1653461222941486,-0.3597757467633036,0.42702569753351827,0.7935992758352068
106.68,8.881544388300178,0.7195606346620486,-0.378749524510543,8.87301740382616,1.14721592391802,-0.36489719593312764,0.42774029023793014,0.7936799639143599
106.78,8.928322982136088,0.7010374562690942,-0.3822357314862325,8.919537037021895,1.1289992108005575,-0.36853113612788807,0.428051931631196,0.7852154739677151
106.88000000000001,8.975115506365022,0.6805599060982565,-0.3851166951468872,8.966052520559357,1.1107277492497027,-0.37104177160380175,0.4302633042606364,0.8064337159881141
106.98,9.020675011846604,0.6616012025593596,-0.3867752739532624,9.01256462434823,1.0924239999761447,-0.372731531128317,0.43089913107292066,0.8046471924365044
107.08000000000001,9.068011889946325,0.6426049177897649,-0.38784547911600464,9.0590783108236,1.0741070744165226,-0.37378519764151197,0.4315946246299703,0.8055947872544084
107.18,9.115530519432378,0.6239936027137181,-0.38864804312354373,9.105595795266709,1.0557869394542416,-0.3743946467168166,0.4319076109514199,0.8166594578323972
107.28,9.163897485330015,0.6033299333351144,-0.38918135459350434,9.152114409806435,1.037463100526282,-0.3747603199428239,0.43429304360561505,0.8262644216959074
107.38000000000001,9.20870830684913,0.5857365988339585,-0.38935410981313767,9.198637155966892,1.0191441590411314,-0.3749146148850072,0.43352455677253976,0.8273221176824332
107.48,9.25411682306136,0.5667205722327207,-0.3874573474569689,9.24523112460251,1.0010559291306038,-0.372758975204378,0.43442623987129636,0.8421546957856559
107.58000000000001,9.302472214130848,0.5480560451866392,-0.380537247356628,9.291988086095776,0.9835175860670939,-0.36597824686674135,0.4355877300000951,0.8341692819994013
107.68,9.347790095223788,0.5298056688424774,-0.3667795319687812,9.339038391477569,0.9670559417503705,-0.3517715060634166,0.437337848209469,0.8598965432003977
107.78,9.395752442118239,0.5139460884101167,-0.34226416775679236,9.386554609380003,0.9523041801628048,-0.3273882991841134,0.43845457772971047,0.8523244858058051
107.88000000000001,9.44411373169939,0.4999732665735108,-0.3090110026689994,9.43459526333836,0.9396539524046404,-0.2940904641678045,0.43978370448764065,0.8548838841809189
107.98,9.4922151204994,0.4885088453223188,-0.2654185414979784,9.483183343841551,0.9297487062682093,-0.25022058692402427,0.4413322873721636,0.8707786543191163
108.08000000000001,9.541863080362157,0.48106115781772013,-0.21370314460797024,9.532307717545928,0.9229720264066421,-0.19837536036429146,0.4420141635010865,0.8782173464499168
108.18,9.59098228111148,0.47699531333300577,-0.1553719955680939,9.581713572741641,0.9195546297926083,-0.1400638758163835,0.44265636507344575,0.8770906540538594
108.28,9.638508011883363,0.47670635931573857,-0.09250795469623396,9.631203060780795,0.9195855430567546,-0.07692256085615631,0.44293942441570894,0.8929772890856404
108.38000000000001,9.688898028261438,0.47820618577841123,-0.024587132643081988,9.680461612870257,0.9233719534547269,-0.009193792634221175,0.44524570050197676,0.8819734151175979
108.48,9.736835403293915,0.48654872385026865,0.04892730513523081,9.72924738693737,0.9311837291432004,0.06418425100283749,0.4446997480593761,0.8741586064734248
108.58000000000001,9.784942370684462,0.49752070000147125,0.127026594193983,9.77714483018178,0.9430648966038868,0.14224556224172832,0.44561242438242554,0.8719826376802616
108.68,9.831684644540838,0.5134987930725707,0.21025649780910705,9.823706228616404,0.9592041130851735,0.2254601881171,0.44577672371737836,0.8711072876719512
108.78,9.876744537437187,0.5333737290631967,0.29586501114076924,9.868629801246426,0.9793961489649782,0.311174432033543,0.4460962317689836,0.8771652039453414
108.88000000000001,9.920534208477475,0.5556593142012997,0.38157471568153145,9.911629566156416,1.0033642639621887,0.3969725877241222,0.4477934955928527,0.8822330815229338
108.98,9.962201618660924,0.5822543687620304,0.4626811624584135,9.9527464584872,1.0305440711739227,0.478196876349678,0.4483894036910927,0.888984922101959
109.08000000000001,10.000041953940832,0.6108149576909884,0.5368499663576805,9.992083018435823,1.0603390561427863,0.5526488129370755,0.4495945503932122,0.9052072301740313
109.18,10.042583301934881,0.6452590718567888,0.6069226652529134,10.033341146953068,1.0952187237353166,0.6226994525654631,0.45005455863412136,0.9039433272846435
109.28,10.083805470168466,0.6820306892129318,0.6624641101049791,10.07382716633487,1.1320683450104765,0.6784154819268198,0.4501482624459911,0.9139462828353789
109.38000000000001,10.123511015215191,0.7192096357286748,0.7082661912519359,10.112614236346195,1.1702655579988228,0.7242240058135042,0.4511875273150773,0.9143154246302722
109.48,10.160727065121035,0.7585876360955156,0.7497126589482044,10.150098594657331,1.2098034822510988,0.7658872117865512,0.451341006564102,0.9267336131486176
109.58000000000001,10.196449646429704,0.8001526622997911,0.7883370611760958,10.186078763134073,1.2505058862628202,0.8042442156774856,0.4504726202048531,0.9114128169921648
109.68,10.229969248839872,0.8374371712149279,0.8167576951532258,10.218988681155265,1.2893891669211404,0.8330638962728698,0.4520853672587784,0.9342765040470977
109.78,10.26090603609817,0.8757039751315727,0.8394633723265523,10.250387407865412,1.3277145925436462,0.855567736893731,0.4521329890564753,0.9227121214393648
109.88000000000001,10.290081513394659,0.9134400911426367,0.8562124769457105,10.28145189609071,1.36643902630996,0.8726975648643571,0.45308112469793016,0.9445259626405567
109.98,10.323159740837795,0.9510091611202508,0.8688777503730634,10.312271157478351,1.4054557617155508,0.8856412377185208,0.4545770276204019,0.9604770748156732
110.08000000000001,10.353720430269798,0.9885829561328414,0.878675783350148,10.342881848455582,1.4447051726024522,0.8957307503866084,0.4562509739308991,0.9771776309239266
110.18,10.382874825878767,1.024903984866065,0.8858869537743701,10.373357984244075,1.4841088071816986,0.9032173952019572,0.4593034281524931,0.9929611508994185
110.28,10.415950066300134,1.0633002837931265,0.8913434544604606,10.403768966290272,1.5236439061889369,0.9085469687610952,0.4605047555432481,0.9856887622193189
110.38000000000001,10.446766011700925,1.1021814270588772,0.8952422683287194,10.434096745680392,1.5632785568039642,0.9125961032318247,0.4612711494995721,0.9943014983147519
110.48,10.476372340932349,1.1400701195649172,0.8977899855712572,10.4643644927477,1.6029867423141726,0.915672048321478,0.46307233564055844,1.0245667245757506
110.58000000000001,10.507424994147756,1.1781015156432204,0.8998766814091839,10.49459411764277,1.6427514077691585,0.9179792178686516,0.4648270147533727,1.0371989376091946
110.68,10.538495275507605,1.2170816921274372,0.9019006265792082,10.524800779892201,1.6825748913542844,0.9197637905521647,0.4656945970661519,1.0234839044005517
110.78,10.568239570692102,1.2546157579837132,0.9027285009409998,10.554988291073343,1.7224242208209934,0.9210236882136126,0.4679961050198106,1.0482370161221737
110.88000000000001,10.599739818820076,1.2937688819287265,0.9046232213384504,10.585046089684592,1.7623448550060505,0.9231805191512199,0.4688063013881832,1.0632548438390457
110.98,10.631017928176155,1.3341506465952455,0.9108705294173209,10.61468950636014,1.802495336706872,0.9289198079115131,0.4686292416343191,1.034147480973451
111.08000000000001,10.657615052895004,1.3740513686538633,0.9238695141955373,10.6433494759846,1.8432833557630164,0.9427921224467111,0.46944878784697164,1.0841855901716837
111.18,10.68578292803565,1.4136900474440781,0.9449244078265562,10.670673029829421,1.884799367140087,0.96411187097797,0.47135156744009965,1.0993606581387991
111.28,10.71235798461994,1.4575131771720757,0.9780780001574223,10.695891932401288,1.927456004526443,0.9968506145852104,0.47023121106268995,1.0755915771386553
111.38000000000001,10.735294372870111,1.5008267990312254,1.0172059584604527,10.71906318704919,1.9711939829614291,1.0363607538338089,0.47064714926533163,1.0974889323300252
111.48,10.757378556957526,1.5447718611736045,1.0684436403633855,10.739430382087074,2.016285101841415,1.0874412803711848,0.4718547161004551,1.0884845931557834
111.58000000000001,10.775857138248439,1.5912434547216436,1.123669919842906,10.756872177045928,2.062477538540648,1.142685377069454,0.47161635945394986,1.0895054445927397
111.68,10.791881536306702,1.6377067769016003,1.1855425323720634,10.771133517207453,2.1098029188143235,1.2044915260753202,0.4725518463675927,1.0856973652165844
111.78,10.803780408298692,1.6857086427268555,1.2550456388120386,10.78164493314505,2.1580058690559447,1.273902226080687,0.4728156609699265,1.0804028665136718
111.88000000000001,10.81030080301844,1.733558218456415,1.325139786323888,10.788451083541796,2.2067523831773532,1.3441452965492526,0.4736983510285365,1.0889355234061195
111.98,10.814810180220869,1.7839644717352117,1.3970674672647794,10.791625948501412,2.255883108281759,1.4160366801968738,0.472487786212907,1.0868558416939915
112.08000000000001,10.816721864028395,1.8335369856991321,1.4658611210950168,10.791613199667704,2.305181575194356,1.4846047060758216,0.4723124641866821,1.0739283123449168
112.18,10.815018640620588,1.8852989792628911,1.5310856651578686,10.78866787985417,2.356990328209816,1.5498194000829164,0.47242681048426804,1.0733639457220696
112.28,10.810184217274966,1.9397193983089933,1.588156206519295,10.783151666689045,2.411064012615483,1.6069558021460388,0.47211916316425223,1.0771374859650273
112.38000000000001,10.80331194589131,1.9934418759202017,1.63566597585539,10.775650325774963,2.4651378483816972,1.6546098984479294,0.47250635515711004,1.0854068119750369
112.48,10.79481308632937,2.0480070882974752,1.6778943232353722,10.766179405859067,2.518964899171735,1.6969436074281303,0.47182745498831485,1.0914435869903116
112.58000000000001,10.785120958516458,2.1010365843533996,1.7158917698806626,10.754948786406452,2.572415901662044,1.7351885113772763,0.47234396445408255,1.1056218461109215
112.68,10.775298998210253,2.149851737157824,1.7462827703230437,10.743477556001007,2.6208795678424077,1.7651517079375962,0.47210149487552056,1.0811104892095087
112.78,10.763153371178984,2.198428133370124,1.770081222340105,10.731223927631317,2.6690570584278,1.7890445277615121,0.47171079536746563,1.086517366264181
112.88000000000001,10.750544467138939,2.2467702991203455,1.7881569840296738,10.718425310623388,2.7171436840995598,1.8072955532534187,0.47146872803196027,1.0965592424395512
112.98,10.738655199579965,2.2948107204298167,1.802716313595525,10.705153759724078,2.7652175052211434,1.8218371361843309,0.4715982290574585,1.095542435156979
113.08000000000001,10.725530536488925,2.3437776766656473,1.814245026071455,10.691493491772391,2.8132087135894746,1.8334170050653504,0.47066338166508664,1.098473481263673
113.18,10.713194470986538,2.392586539324151,1.8233879090007685,10.677559289221133,2.861168680370101,1.8423435508440225,0.4699351966885006,1.086078275580035
113.28,10.700264585740129,2.4399708031575638,1.8300620049469913,10.663427407773383,2.9090960722560064,1.8490994036835502,0.47056933154131486,1.090762600512508
113.38000000000001,10.685337284136622,2.4874375521369156,1.8349542940949368,10.649155920984954,2.9570078271151763,1.854111804667572,0.47096213667626424,1.097644501789247
113.48,10.672164920679537,2.5359609884343826,1.8389012791543575,10.634772937696674,3.004916821358816,1.8579203797843404,0.4704441875772726,1.089714196232626
113.58000000000001,10.65871980922149,2.584085731749275,1.8416374632861185,10.620304428137123,3.052807261989972,1.8608208026407875,0.470293115423815,1.099124381989749
113.68,10.644542898929142,2.63271558960003,1.8439351991841388,10.605771396311711,3.100666470622489,1.8630206908742521,0.46955431684194865,1.0935181237754972
113.78,10.630776448233782,2.6797601260059025,1.8447671552292768,10.591249611813469,3.1485228828672676,1.8640298996816256,0.47042628861243013,1.1036739589586246
113.88000000000001,10.617567213243152,2.728579516680232,1.8428743307232252,10.576992894110989,3.196439228662112,1.8619061716500742,0.4696157849442528,1.0904441614728002
113.98,10.60367950085967,2.777530243124568,1.8336660606628217,10.563551946019563,3.244582907603817,1.8528962467354981,0.4687733056122239,1.101808501215617
114.08000000000001,10.593712993379103,2.827721684201523,1.8148735288793925,10.55163166505147,3.2931263713927676,1.833779702280615,0.4673032859432923,1.0832439426325506
114.18,10.585019875037027,2.8747401820370846,1.787902953847196,10.54146084626184,3.3420574846516073,1.8073039490016198,0.4693429985743379,1.1115951407022469
114.28,10.577922346398985,2.925653951550836,1.7595115186555932,10.532855776694143,3.3911905103403233,1.7785232169616936,0.4677128213706773,1.0892900743155685
114.38000000000001,10.571025873701705,2.974876303187622,1.731005595191083,10.525670327642812,3.4405138088889333,1.7498840237155415,0.46784122549647,1.0816542782908602
114.48,10.565826855351387,3.0276216037336927,1.7013752679605638,10.51932336437353,3.4941767046837815,1.7204461246140186,0.4688669714275843,1.092679597941943
114.58000000000001,10.561910593980024,3.0832750328418435,1.6760192516485672,10.514033305834788,3.548861686897738,1.694878893829652,0.4680418433805945,1.0805779001030564
114.68,10.559148793008152,3.1385700339616687,1.6545332438520106,10.509696610811222,3.60361994508623,1.673383995041099,0.46767182741854424,1.0800684837859775
114.78,10.555567143521063,3.1926813748274556,1.6366499003055852,10.506121828632928,3.6584638254817348,1.6554879917529455,0.46839954152613433,1.0793431340152353
114.88000000000001,10.55392969916961,3.2470684649775667,1.6211613465343648,10.50324634561876,3.713373833783245,1.6400682608090105,0.4690517021652944,1.0832863915528452
114.98,10.552876211124143,3.302603250771937,1.6079900773836135,10.500963214855647,3.7683270004735916,1.6269076111605105,0.46860812009369024,1.0838948442123766
115.08000000000001,10.551870430436614,3.3588900647662907,1.5967159637106276,10.499178091964875,3.8233113423333007,1.6156992050835375,0.4674009045675821,1.0876596121458653
115.18,10.551388841051754,3.412300518157089,1.5876696067668379,10.497788471762195,3.8782943508244885,1.6064385627542308,0.4690663616931291,1.075381963944411
115.28,10.55145660430531,3.466155595937914,1.5798570841969035,10.496729936753255,3.933289883957276,1.598707621598221,0.47032908817625735,1.0800562346489981
115.38000000000001,10.551339279945353,3.5209412430703044,1.57354350909554,10.495924619071152,3.9882878036235647,1.5924671841549094,0.47062043336511095,1.0842467137788396
115.48,10.552137800737725,3.576461100840226,1.5683606651675859,10.495331337929313,4.043292993594941,1.5873522679337342,0.47027544089581463,1.0881386846892778
115.58000000000001,10.55288290106932,3.6318844317504224,1.564264541987164,10.494892267767105,4.098297545391861,1.583320933657478,0.47000436820043884,1.0918508154572577
115.68,10.553122658423552,3.687268548554367,1.5605605582712674,10.494626803619207,4.153301633674463,1.5796808873906036,0.4696898992482656,1.0955141614390576
115.78,10.55358638749375,3.741657029379862,1.557175145628287,10.494509934218,4.208234960731358,1.5764969796678736,0.47030308669610366,1.1070595429205254
115.88000000000001,10.555151969279562,3.793916247924189,1.5548248741151214,10.494496899737058,4.259971389047033,1.5740760849722526,0.4699855657658435,1.1030131326300467
115.98,10.555851981212648,3.844665896586727,1.5535358837948843,10.494516013747637,4.30998951201348,1.5725019466353365,0.4693486635526875,1.0866753547378136
116.08000000000001,10.557803942941012,3.894458726063416,1.5527626924040894,10.494525131412335,4.360000315938406,1.571696613580872,0.469822498281868,1.0848337730630229
116.18,10.559860494548662,3.943363356675814,1.5521195540521007,10.494527694719242,4.410004601554696,1.5712937622565282,0.4711925574069093,1.0986012056188121
116.28,10.55939185170952,3.9926076956526932,1.5519725002325944,10.494516621444895,4.460005545190645,1.571186651259557,0.47187873999004265,1.1008897607719108
116.38000000000001,10.560554067482265,4.043507409415387,1.5519682466865243,10.49449710521651,4.510005541276273,1.5711866513095332,0.4711518113023404,1.1011334738731162
116.48,10.56227495945086,4.093911048307727,1.5523137534572473,10.494470185438779,4.5600056615257225,1.5712581221592838,0.47100071746194005,1.0854323721664225
116.58000000000001,10.56299603394262,4.143292060740083,1.5522070145028593,10.494430676395659,4.610006185396678,1.57140508270887,0.4717237352619795,1.099968283008703
116.68,10.56448942679867,4.193748969962276,1.5522675581174339,10.494380261479023,4.660006522108577,1.571581987621817,0.4714990986155519,1.1066352943041005
116.78,10.56588579910756,4.243626630911742,1.5523886026417306,10.494320022128692,4.710007232859684,1.5717667143305163,0.4718395132965373,1.110284014700547
116.88000000000001,10.566442880086777,4.294531441146034,1.5528076574839804,10.494250979091563,4.760007977048242,1.5719470034735354,0.4710414801743292,1.096603747842141
116.98,10.567739965734043,4.344162290583084,1.5528367040467257,10.494174329108471,4.8100085725558985,1.5721146796970946,0.47161919100055827,1.104546642322108
117.08000000000001,10.56833599885826,4.394615165468673,1.554355358730785,10.493947904499477,4.860012506631662,1.5736489600438108,0.47130486284772255,1.105441926844443
117.18,10.56981406346314,4.444146936067102,1.5590696918696458,10.493292886858274,4.91002925656454,1.5784888333085298,0.47212480026055675,1.1126348462156586
117.28,10.56776488135321,4.494650358153279,1.57118503491009,10.491599222688643,4.960069570556962,1.5904447349536968,0.4716102743094901,1.1034995271865957
117.38000000000001,10.565928561664865,4.544085382216632,1.5914595095913315,10.488336886652691,5.010074176693983,1.6110438395760545,0.4724045137481758,1.1220994527161319
117.48,10.560888381081654,4.593096938710245,1.6216451563606002,10.482938424562949,5.059845037481567,1.6415834694428477,0.4732124083621564,1.142381190223256
117.58000000000001,10.553917978390128,4.6431377433062675,1.6636466782875552,10.47478703754884,5.109090011644982,1.6832031979123672,0.47262376386341487,1.1205060364664943
117.68,10.543603675433388,4.691976404526578,1.712745886197384,10.463763682436102,5.157745108481596,1.7322458534218947,0.47256207006672074,1.1172658226078935
117.78,10.530269200762644,4.739716981260685,1.7681752369165962,10.44967503299925,5.2055567704395225,1.7878323428836955,0.4727601178818472,1.1262692093562194
117.88000000000001,10.5125879329958,4.786637758797836,1.8319655768049954,10.432100668433373,5.251903938183746,1.851525159985817,0.472176680319035,1.120681565296143
117.98,10.493020850220823,4.831739494192285,1.9002140420136764,10.411130642513653,5.2967441909788455,1.9201926876831708,0.47216032674493574,1.1446920772493463
118.08000000000001,10.470184668037488,4.87561063245573,1.9743617619572504,10.386600595302642,5.339759823507103,1.9942933699224,0.4716150641875094,1.1419970153124
118.18,10.44333862548789,4.916502686788677,2.053443196590532,10.35851558919229,5.38043885270725,2.0734602717662987,0.4716266675386695,1.146893925767521
118.28,10.410523745262827,4.956280637283953,2.1372999273155635,10.327018395402012,5.418359903009479,2.1570799706971093,0.4695640438415387,1.1333130043482527
118.38000000000001,10.37840756965737,4.990834521381025,2.222303962594139,10.292357069622541,5.45341441423159,2.2421178397321784,0.4705155107176426,1.135251535800395
118.48,10.339731914956177,5.023576530396064,2.309534531229976,10.25475112957186,5.485348494004254,2.3291332267774725,0.469526442555793,1.1229225388333746
118.58000000000001,10.300425450723182,5.052094897066343,2.4001733438019994,10.214311055277749,5.513520266771725,2.420033983699195,0.4693922250215495,1.1379308445384488
118.68,10.258246497306203,5.077905719590881,2.4874754786493507,10.171705811500672,5.538343003467925,2.506893371878282,0.46849950126308637,1.1125633290534336
118.78,10.214448375132855,5.101060443479913,2.5667951355767133,10.127448354027864,5.5601244622078525,2.5864094329481895,0.4672352479885429,1.1238164575001268
118.88000000000001,10.169450989137045,5.12147957748783,2.6379309723248965,10.081860630768386,5.579380389084576,2.6575577634303458,0.46620298598369003,1.124532295727148
118.98,10.122467690502917,5.139246895353907,2.7006742278017,10.03518047376173,5.59645605385964,2.7202642528517114,0.46546672580104276,1.122425755921212
119.08000000000001,10.075573094806987,5.154932995884513,2.753175044837107,9.987797156616057,5.6115963720149,2.7730329257592623,0.46502263861461773,1.1377727669128503
119.18,10.028174956968863,5.16948499539293,2.7967941786377013,9.939896181046283,5.625160049297615,2.8163206333397004,0.4641474949080595,1.1187834432779298
119.28,9.978540420736538,5.181952914108754,2.831950945601637,9.891630956248084,5.637460837631019,2.8513541183581905,0.4637248358770912,1.1117199081137388
119.38000000000001,9.930634956917164,5.1947375200173544,2.8605476409685493,9.843095961358767,5.6487294711488145,2.8800613033343216,0.4623545905855408,1.1180504964020246
119.48,9.883593308399377,5.205456552682986,2.8834897720294825,9.794339327686087,5.6591625007123785,2.903251309587647,0.4624017304794801,1.1322526987720922
119.58000000000001,9.835345875385277,5.2163575026869635,2.9020150850526654,9.745406291666812,5.668972413804006,2.921689320747752,0.46146439351800406,1.1272506704741043
119.68,9.786409566559852,5.225899675197966,2.9168100465698834,9.696344671144965,5.6782685457563185,2.9364944158296185,0.4612475262116144,1.1278312809598747
119.78,9.738410473448202,5.235991368964503,2.9283547082616987,9.647182241477271,5.687176424363743,2.9481386520854227,0.46031570093160806,1.1335364832232941
119.88000000000001,9.689166510221018,5.246098720526977,2.937573972544778,9.597940261928022,5.695796886857414,2.9571462263536175,0.45885800546418803,1.1214075388053493
119.98,9.639595103972837,5.255088228856827,2.945474578188736,9.548627553860204,5.704118386147012,2.9649588199025025,0.4581519151215495,1.1163648172115732
120.08000000000001,9.590299476364377,5.263585470179715,2.955590426499514,9.499214014345833,5.711835651518491,2.974966670992949,0.45741096014566357,1.1101770322874336
120.18,9.539511742603606,5.271116951252165,2.9711008453003833,9.44964441210211,5.718468970432546,2.990406517943564,0.45628934477612926,1.1061335631154345
120.28,9.490840905259496,5.276216646814697,2.9931819635750028,9.399908015929547,5.723566582121596,3.012753105427796,0.45649836251730397,1.1213438284168893
120.38000000000001,9.440481114077159,5.280544073353769,3.02450935254096,9.349935979070198,5.726555092425594,3.0439857605011444,0.4551090535321355,1.115915976193564
120.48,9.389378916823487,5.281257805336031,3.0654807854792043,9.300078956289292,5.726884615509951,3.0848531877708827,0.4544862340018579,1.109956890342734
120.58000000000001,9.340791095263555,5.279742845603818,3.1138870912615744,9.250322424548761,5.724301606188175,3.1331832220822626,0.4536706646822135,1.105586856957747
120.68,9.291288753456001,5.275975786261251,-3.1156841876759693,9.20087160021651,5.718678622772861,-3.0962896220944884,0.4518418562454784,1.1112267533085445
120.78,9.242359571905313,5.267582605481705,-3.0534975363202954,9.15217425947082,5.7094738555286275,-3.0341215245969737,0.45100029650426954,1.1101636955423386
120.88000000000001,9.194095532152254,5.25514357832134,-2.9855368345673794,9.104396383481376,5.696619353446994,-2.9660617191647494,0.450496167902767,1.1158419181009236
120.98,9.145873485599655,5.238836189808126,-2.9113003766641197,9.057911496996725,5.679890618152477,-2.891941197406543,0.44974028083010803,1.109199266296338
121.08000000000001,9.100957136517854,5.220382475467737,-2.8320418426687204,9.01309257397347,5.659229045388531,-2.812874401671985,0.44755613422492857,1.0982134731789723
121.18,9.058236570851383,5.196260963413733,-2.749906369799286,8.970248701346174,5.634831984639717,-2.7308030579108746,0.44731018973332987,1.0945391459280644
121.28,9.01916431463629,5.169838419327715,-2.667813006646925,8.929508247293896,5.607013525101586,-2.6487425847885597,0.44627377641947413,1.0926546860183624
121.38000000000001,8.980003883137643,5.13924063648555,-2.5893241257045987,8.890897164018329,5.5762652578875205,-2.569920296907905,0.4460162856934087,1.1117574964449513
121.48,8.94153732125913,5.107362065249148,-2.516959125683344,8.854015972602,5.543104925638745,-2.497673189815977,0.4444455274285826,1.1050027291601145
121.58000000000001,8.904176147539204,5.0724105041827485,-2.4536184212111576,8.818842231757268,5.508117556143215,-2.434691915939364,0.4439848109009581,1.084408873005884
121.68,8.869945966084797,5.03674501406751,-2.398428924581768,8.78513008161268,5.471546595146025,-2.3796425652818063,0.4429967823440305,1.076379100304152
121.78,8.837168464342131,4.999039014818885,-2.350091255019627,8.752723301080293,5.433582658703707,-2.3313403282583347,0.44267275050427257,1.0743489653809652
121.88000000000001,8.80439876668963,4.960500879366516,-2.3096662258326837,8.721405933290878,5.394557412233655,-2.2907856937418747,0.4419195448497323,1.0817748037646664
121.98,8.775609794112821,4.9204524488728145,-2.2785906613928266,8.690976478303897,5.354900642847236,-2.259069907476364,0.4426149922816096,1.118456812326778
122.08000000000001,8.7447223655282,4.881780810042539,-2.2523740831066763,8.661335844973376,5.314665570960136,-2.233213202210129,0.4408429743626692,1.097837607124994
122.18,8.714004323177738,4.841342062862892,-2.231398584985128,8.632324102022219,5.2739970018916145,-2.2123375110414507,0.4402975752760424,1.092119089959486
122.28,8.683934388797862,4.801280595393084,-2.214724455712027,8.603826006531182,5.232963517359423,-2.195659349941163,0.4390529558342367,1.0923500966410145
122.38000000000001,8.655821998562994,4.758764469558595,-2.201837859624773,8.575733447127314,5.191643123802088,-2.1823798475063287,0.44022506217924806,1.114861972101264
122.48,8.627309588477036,4.717912305196323,-2.1914432012668725,8.547934968293202,5.150105229925464,-2.1720644503010162,0.43942127226075084,1.110320642578633
122.58000000000001,8.597987292617164,4.677749819001119,-2.180889669922762,8.52054512519544,5.108310150350569,-2.161915079308622,0.4374694140471108,1.0871639601787588
122.68,8.570943334679274,4.6349269707735745,-2.166194873435933,8.49398073937639,5.066011976237072,-2.1469359986514434,0.4379012708490571,1.1034522433221718
122.78,8.546843679158638,4.592832182734784,-2.1434514138526244,8.468768059515492,5.0229355021513955,-2.1239435495292134,0.4371323229364865,1.1177182930452818
122.88000000000001,8.520788977983269,4.548706790486792,-2.113334501702124,8.445201616476403,4.97896691291987,-2.0939101455544216,0.4368491984377415,1.1129336270223376
122.98,8.498201394319953,4.503637580889394,-2.074149695464676,8.423922385721081,4.933919388673085,-2.054529702535752,0.4366460869262804,1.124142788903865
123.08000000000001,8.480136612334384,4.457059403426587,-2.0264693205733475,8.405316141082718,4.887756106101918,-2.0065834990584004,0.4371472893816493,1.1393736449569185
123.18,8.463209977493221,4.410158111062651,-1.9728702400262308,8.389526227228059,4.84060067120723,-1.9529786284512256,0.4367036668462475,1.1397053909613732
123.28,8.449739265701687,4.362549343100374,-1.9131234596286784,8.377084831930398,4.792639431077234,-1.8930631642380846,0.43618362019059054,1.14937026166676
123.38000000000001,8.440250980345184,4.3140155171355845,-1.854570472149765,8.367410060997468,4.744037323703658,-1.8348524272237878,0.436147399001175,1.1297607545078334
123.48,8.430719325433024,4.265744723697067,-1.8006117886118322,8.36015097361003,4.694907670340855,-1.7810068630896592,0.43492611677271426,1.123279490088829
123.58000000000001,8.425633670495671,4.215963118970052,-1.7535296685718396,8.354920981101852,4.6453814913622296,-1.7338867993432932,0.4352015889093853,1.1254535043231049
123.68,8.420110491529702,4.165994063926054,-1.7126358294598032,8.351413447333343,4.595563773305527,-1.6928575593287039,0.43502806702290003,1.1332114045816497
123.78,8.417584088019819,4.11610153189607,-1.679885938146303,8.349003710587917,4.545563023975489,-1.660153567956833,0.4349027952862373,1.1305815316463816
123.88000000000001,8.414636247635448,4.066032717349756,-1.6606835106556823,8.346770089987489,4.495463231034207,-1.640847808348391,0.4347601424201495,1.1365020258856984
123.98,8.410089972178222,4.016459665733561,-1.6540951686417977,8.34407195414328,4.445445339030379,-1.6342382781417586,0.43403581257678087,1.1377160199056615
124.08000000000001,8.405972596718996,3.9661244168288143,-1.6582974050805608,8.340449676185738,4.395560051003038,-1.6384413312755115,0.43440559044955357,1.1376692267295931
124.18,8.398906225989187,3.91653480935841,-1.6757527513474595,8.335143862336432,4.345746864268319,-1.6557992797774899,0.43392237450789867,1.1432497075935364
124.28,8.390587923803727,3.8669730354148464,-1.7064474988320577,8.32750292917385,4.296221348087727,-1.68656374502044,0.4338592288749502,1.1392551742828558
124.38000000000001,8.378058570753899,3.8182128140303004,-1.7472307177881254,8.317237472547989,4.247276293113713,-1.7272888539849298,0.4333528297705405,1.1425846315478139
124.48,8.3649129190316,3.7702386857863672,-1.797914876399202,8.303943344218885,4.199240351579708,-1.7779283440425366,0.4333124949805908,1.1451439511385908
124.58000000000001,8.346909584998217,3.7237687930518213,-1.8581227719573898,8.287242279666485,4.152541534243501,-1.8381452165438283,0.4329044362380427,1.1446296101858038
124.68,8.324956233370006,3.678509298366079,-1.9240636293732298,8.26723410274657,4.1072056445507,-1.9037311337955867,0.43256491026868293,1.164966183567364
124.78,8.301111284565422,3.6361656480387845,-1.9976405756581097,8.243521075221533,4.063821019469654,-1.977317749609938,0.43151564157739186,1.1644121603387785
124.88000000000001,8.273971380222973,3.5957161386102974,-2.0749444702975777,8.2162891901858,4.022548541693245,-2.0548247664104147,0.4307123580407797,1.1527741177873965
124.98,8.242949638149456,3.5574940779437814,-2.1570232108145615,8.185581591036323,3.9839282994111875,-2.1366074145753284,0.4302757697896635,1.1697389599071129
125.08000000000001,8.207709478483357,3.5235064072416784,-2.241291036097858,8.151634162232474,3.948174079579645,-2.221222776718001,0.4283539109446569,1.1498265646396273
125.18,8.17094360331829,3.490829552824897,-2.328154947873155,8.114683647410686,3.9155408546645227,-2.3081906696920305,0.42842137265668145,1.1438688808035595
125.28,8.129632261941259,3.462511525665385,-2.417789182654848,8.074907353426397,3.8863768798155727,-2.397555416714666,0.4273834976468136,1.1593093920279893
125.38000000000001,8.085637594885176,3.438198202877496,-2.510007330158213,8.032569486008613,3.8611085159066696,-2.4898340877346703,0.4262268844713673,1.1558416499632662
125.48,8.041362670264451,3.4171457696158147,-2.5991874853742263,7.988261132154817,3.8394975932665907,-2.578677903239201,0.4256769153838919,1.1751124959138552
125.58000000000001,7.995139876135974,3.3998158291797322,-2.681069559049804,7.9424603533179345,3.821112522565427,-2.660663856390902,0.42457747936278567,1.1691606403539643
125.68,7.946521460805996,3.384447860110086,-2.7543204886763397,7.895577888449209,3.805597529587017,-2.7339175778233593,0.4242196266852813,1.1690006816574396
125.78,7.900010743503956,3.3726359596001054,-2.8191287731692287,7.847779263994137,3.79247160433363,-2.798820544024071,0.42307221137838763,1.1635758194020969
125.88000000000001,7.849307215929479,3.362868094679875,-2.8740337030023624,7.799368640254825,3.7814324003626254,-2.853864160809308,0.42153284490309445,1.1556296423730648
125.98,7.800404360027686,3.354885067778989,-2.9193038390631014,7.7505457267310565,3.772094310315483,-2.899130814782095,0.42017786159206794,1.1558291513165937
126.08000000000001,7.7511051587332815,3.346753243493462,-2.9512576201938447,7.701268016936828,3.7635981367554967,-2.931037156254179,0.4198135368721178,1.1585472435393307
126.18,7.701177350572079,3.339433218901448,-2.97120633663558,7.65183566064785,3.7554120091863044,-2.9511691331493237,0.41889492278067914,1.1480471930072969
126.28,7.651811228134107,3.3328066854051617,-2.9767454554105224,7.602548113538083,3.746608915318723,-2.9566226751892084,0.41672429727715304,1.1529503787506195
126.38000000000001,7.603801038553576,3.3229799676790788,-2.964987952243581,7.553555134289513,3.736211950589302,-2.9449235154806175,0.4162755368685846,1.1496075448249488
126.48,7.556814336056972,3.311319630788322,-2.942451483223563,7.504985292791701,3.724037396798891,-2.922319104850119,0.4159593779524007,1.1535003123587912
126.58000000000001,7.507328908567357,3.298038440603391,-2.9131198484550054,7.456914721287795,3.710057049154615,-2.8932140112581823,0.41509146470572644,1.1405204590524856
126.68,7.459019942696161,3.2841463392921497,-2.8802278926653018,7.409527568578239,3.6943026425979255,-2.860367280519493,0.41313156286743313,1.1379292545011
126.78,7.408023962290933,3.2655535596854715,-2.846190085863111,7.359678229389538,3.675931319995574,-2.82628779620734,0.41321570159773563,1.140317199922555
126.88000000000001,7.356740150947274,3.2467935662890097,-2.813335713309171,7.308882421331182,3.655464012471809,-2.793570161292124,0.4114631160471803,1.132482710323097
126.98,7.305538103705689,3.2261517918215517,-2.785843667312824,7.258359300126304,3.633818280454042,-2.7659481414559575,0.4103873846271673,1.1399296627918507
127.08000000000001,7.254165026884217,3.203383466543376,-2.762630478601478,7.208259948740442,3.6112166217022446,-2.742709963908383,0.41040852652719567,1.141361417642699
127.18,7.205168731731831,3.1812218944835444,-2.7424573567861654,7.158495255717844,3.587822213399086,-2.7227332959874193,0.40927036626837326,1.1301054386275877
127.28,7.15581278421321,3.157506449416912,-2.7254336422714682,7.109036226062988,3.563711567861056,-2.7055292990390982,0.40888952620799957,1.140434861194584
127.38000000000001,7.104855048186368,3.1351426377765894,-2.7106884938776976,7.059845846332205,3.539026451466265,-2.6909243668563008,0.40638400954277887,1.1324010640865063
127.48,7.055922898604696,3.110289381760196,-2.6976969388221845,7.0109409742172994,3.5137950488493535,-2.677946490079048,0.40600516855658286,1.1316173564711876
127.58000000000001,7.0071640059218465,3.0850976255539657,-2.685740924722068,6.962527286108703,3.488165201960617,-2.666265625538623,0.40553163613460397,1.1158524479659793
127.68,6.963569715350827,3.0617269971101155,-2.6770525239617826,6.917829479572734,3.464085360723944,-2.6573256180414546,0.4049499005297239,1.1302684520864312
127.78,6.916855430380535,3.0381259312684934,-2.670726694097127,6.8738786950055655,3.4401807592366738,-2.650773387868688,0.40434525405402405,1.1432402342216623
127.88000000000001,6.872734967716917,3.0157141271682195,-2.665754126257212,6.830004292270518,3.416155188231157,-2.645973410942483,0.4027144819960127,1.1333515032837713
127.98,6.828087552945832,2.9915843651285967,-2.662165477914485,6.7861829199175,3.3920456222173843,-2.642491816049537,0.4026477575975945,1.1272177924290099
128.08,6.782834729699587,2.9685696621219915,-2.6598408228969093,6.742404351287425,3.367880668000788,-2.6400763047503384,0.4013525817962143,1.1324234739082393
128.18,6.7392190296443895,2.945050532006865,-2.65799713015034,6.69864270007697,3.343684969280235,-2.638419002803506,0.4006942139604964,1.1217440677432264
128.28,6.696245801637863,2.9217914634922444,-2.656862551251597,6.654897815372364,3.31946859931659,-2.6373159970492424,0.39982091031569006,1.1199350598186297
128.38,6.651474625915573,2.8989136276584926,-2.656056089479535,6.611159026615849,3.2952358467025618,-2.6365391683023076,0.398367479665335,1.1182372125446198
128.48000000000002,6.609056304939505,2.8753129119467147,-2.655351706725584,6.567427949407266,3.270995044104689,-2.636045710013435,0.3978658941067945,1.106152130899578
128.58,6.564616409944595,2.8514946881388377,-2.6550494553261252,6.523698395003331,3.246751148509947,-2.6357405089648105,0.39736878766686234,1.106321133347823
128.68,6.521403366133088,2.828803269737884,-2.6548121823906876,6.479969566833824,3.2225061800126884,-2.635566824651261,0.39587717954338086,1.1026777736885849
128.78,6.477440576786888,2.8061695353985425,-2.6554399619008535,6.4362128417179445,3.1983143421476212,-2.636099399376606,0.39430606842805155,1.1081326060482573
128.88,6.431796520490426,2.7828010766527296,-2.6597472574884664,6.392266757026026,3.174466904172555,-2.640239199856516,0.39365558886714785,1.1177293688087333
128.98000000000002,6.388321303608035,2.760165622931522,-2.670279691643575,6.347939935513953,3.1514365258560564,-2.650794612898803,0.3933491761330257,1.116412775555504
129.08,6.343480395350282,2.739882870231215,-2.689999976269395,6.3028328361133426,3.12969253905281,-2.6703333885650817,0.39192320928814883,1.1268124728810236
129.18,6.298196186506962,2.720434928838643,-2.7188250121695146,6.257122948943446,3.109751558145416,-2.6992447383857856,0.3914772646000483,1.1218670495183203
129.28,6.251636034752874,2.704161815377623,-2.758449616026595,6.210454375594042,3.092185761714695,-2.7387569954333735,0.39020316757052265,1.1283040475440174
129.38,6.203440388558214,2.6888359363735175,-2.80775808620146,6.1628919040638435,3.077542681304435,-2.7880954745627475,0.3908159581562394,1.1265846611030328
129.48000000000002,6.155057975674542,2.679182169389659,-2.8638833557932033,6.1145748450937685,3.066041962217526,-2.8444235375209264,0.38897221387708397,1.1149654570930303
129.58,6.105385975626064,2.672816808362932,-2.92607897441457,6.065705725448109,3.0580796378091843,-2.906428456331713,0.3873008778806439,1.125891751393212
129.68,6.056562570703555,2.6686555552278644,-2.99253867051099,6.016496386904278,3.053783439261301,-2.972958781560812,0.3872063870138373,1.121845000180044
129.78,6.005754670863306,2.669103134936968,-3.0638445484655024,5.967087756409859,3.053254014802849,-3.044230502361982,0.3860919952227458,1.1238020609067336
129.88,5.957510402498451,2.674092806973881,-3.139917041049859,5.917883331635843,3.056936517993232,-3.1203614844305987,0.3848890902743525,1.1204508603127443
129.98000000000002,5.908911108038163,2.683484884183774,3.0626300254051206,5.869235610262442,3.0650207412085653,3.0822834591069084,0.38359321594547663,1.1260588040526116
130.08,5.861179081249354,2.6961215769677196,2.979232899177667,5.821411205055984,3.0772940144437015,2.998806164781812,0.3832413222348453,1.1214655104060753
130.18,5.8153058444745875,2.713802792105179,2.892636615253862,5.775025644434401,3.0938436337914625,2.912280588574455,0.38216951195104015,1.1255167641375605
130.28,5.770483017794393,2.733750386933039,2.804696057633967,5.73032701556405,3.1144664701799045,2.8243890545475354,0.38282795164140965,1.1283256091116387
130.38,5.72732952515219,2.7612297908835024,2.712974333638616,5.687805149319121,3.139217286770226,2.732870529602477,0.38004831710153614,1.139968057094474
130.48000000000002,5.686581437216017,2.7902921192527605,2.620723856299034,5.647807920081009,3.1677993325671574,2.6405866625907404,0.37949319063116305,1.1380549698006834
130.58,5.65056158556358,2.8237437399156606,2.5283970586485363,5.61060900495669,3.199961678596415,2.5480637948616423,0.37833337955082147,1.1268209818080728
130.68,5.615757871347592,2.8602231655164663,2.4349656791686893,5.57660982117222,3.2354696314335265,2.4545725657647934,0.3772830237577313,1.1233918513483898
130.78,5.586562001914322,2.8995965020862884,2.338478366718213,5.546207329357857,3.274189361569871,2.358010247468058,0.3767602818414206,1.11909433291895
130.88,5.5618124140111895,2.9429406640673266,2.2414157830604933,5.519654026113789,3.3156804404777662,2.26113463254546,0.3751163427373062,1.1298068523423226
130.98000000000002,5.540221463805395,2.9871670090173725,2.1470419468413193,5.496939832208352,3.3594058384825844,2.1666491475941596,0.3747466421401708,1.1234098512034785
131.08,5.522260047280317,3.033634631182651,2.0568283438988213,5.477958435172137,3.404871563768097,2.0765520323131694,0.37387095761884814,1.1300841025732267
131.18,5.50827711891808,3.0808290945605523,1.9750707655780586,5.462289322096093,3.4516102567966316,1.9947235347801517,0.3736221991874655,1.126020731024623
131.28,5.493153059305841,3.132779027174619,1.8972242731052325,5.448233286045301,3.503491534060653,1.9167753108343262,0.3734240870531866,1.1201919469781076
131.38,5.482632988602959,3.186760002521959,1.8315882586154972,5.436705059303358,3.556743664729866,1.8510080896743353,0.3728233965170689,1.1126743585284926
131.48000000000002,5.475108033455798,3.240973232046847,1.7756540312161537,5.427652416262029,3.610450392195107,1.7953954183946697,0.37251229170923295,1.1310981670626388
131.58,5.46949148813966,3.2962733927845953,1.7285299294770013,5.420668506447985,3.6646575605076963,1.7483195861759973,0.3716054070789437,1.133863806865262
131.68,5.46461280860461,3.351627914640949,1.687843751907723,5.415572292978687,3.7191234414705274,1.707513295686447,0.37075319878944524,1.1269818434686896
131.78,5.4622861302624965,3.4048454261113217,1.6530401796856744,5.41210187681091,3.7737960241354074,1.672531123234677,0.3723479596786097,1.116748804085581
131.88,5.463564692002355,3.459225579204777,1.6238457249405658,5.409899554039746,3.8285870672246274,1.6434075728550537,0.3732396761663796,1.1208113249769478
131.98000000000002,5.462274588234536,3.514896598972015,1.5996936682261815,5.408729934943644,3.8834636128130757,1.619354948704894,0.3724361335689093,1.1265083912531757
132.08,5.463135600085442,3.569906448638042,1.5803952020726648,5.408289988797252,3.938573076190284,1.6003004496605164,0.37272392376706787,1.14048667694686
132.18,5.46339206521683,3.62489353527563,1.5655246950335469,5.408433283307745,3.9936109108622246,1.5851975606839275,0.3727907868609364,1.127172172694699
132.28,5.468124662370679,3.6802656141664487,1.5527376602914267,5.409126898586024,4.0485586271805385,1.5725067924145815,0.37298857833261656,1.1326878352932697
132.38,5.468369498856345,3.7351751849702906,1.5415256181534989,5.41030201473525,4.1035395184105985,1.5616527309100519,0.3729130124614532,1.1531986147344067
132.48000000000002,5.47336878667954,3.7895058264220993,1.5316784550650835,5.411955253633857,4.158550724854652,1.5518268174592051,0.3741199795523439,1.1544161292832738
132.58,5.475061711430761,3.842712759350083,1.5236893073117839,5.413938571889785,4.211898202067483,1.543516534790868,0.3742110758673352,1.136016453997327
132.68,5.4775381104829295,3.892912555546854,1.5175339669572472,5.41598938477166,4.2619168292724225,1.5375367549957246,0.374102124645685,1.1460753330995237
132.78,5.480123022240152,3.943582624227617,1.513552397309735,5.418126499824126,4.311890463244501,1.5334098821310225,0.3734892676811051,1.1377500720048719
132.88,5.482899463770232,3.9933472505566456,1.510932056080031,5.420303353486985,4.361846042141161,1.5307410511571073,0.37377751727710995,1.1349718143118992
132.98000000000002,5.487133903252222,4.043742766330608,1.5091445610523613,5.422505115644533,4.411794443540593,1.5290172030342104,0.3736829100784822,1.1386185133344509
133.08,5.489878635919696,4.093147568546683,1.5079788150353288,5.424723925446834,4.461741055296712,1.5278884783908109,0.3743077540892607,1.1407396817953945
133.18,5.495171059703562,4.14328770658462,1.5069671488846408,5.426943013096149,4.511687771751801,1.5272463323307228,0.3746647492880092,1.1619116234320654
133.28,5.499096247599996,4.192733410096464,1.5068497862426022,5.429149430582519,4.561637816281111,1.52699770764274,0.37547705404368426,1.1543908621892
133.38,5.500790786321484,4.242963756659999,1.5067314195842727,5.431346482368084,4.611589511611052,1.5269352465838082,0.37510992864066617,1.157594017085845
133.48000000000002,5.504665349903694,4.292579651317422,1.5068318551053854,5.433532935772337,4.661542390168457,1.5269946452123262,0.3757569999356127,1.1552427763358362
133.58,5.508845298675613,4.34248677435311,1.5068247274558038,5.435705265543095,4.711496293208118,1.5271480672840239,0.37618810381540563,1.1644415977671432
133.68,5.511602013248985,4.392851516596683,1.5069888909358877,5.4378661454362085,4.761450867125319,1.5273332474062358,0.37590219394442953,1.1656457626606114
133.78,5.513922945525701,4.443265391424532,1.508400779924396,5.439876965618296,4.811443517575348,1.5288949877629672,0.3755501826871791,1.174231613614062
133.88,5.5161324137338195,4.493078627643717,1.5133823063967367,5.441451332191047,4.861523294355484,1.533839241218936,0.37593714417272367,1.1720960270862233
133.98000000000002,5.517773872816191,4.543176887523265,1.5283713091748734,5.4416465353910315,4.91167596033534,1.5487464992966253,0.3762803983292282,1.1674124007530315
134.08,5.515206023156579,4.593294957443511,1.551689173577868,5.440163476941643,4.961843479941225,1.57186194507507,0.3761108841520927,1.1558146678714762
134.18,5.513079483784198,4.6437185813885655,1.5845633039099074,5.436415005423468,5.011877169352807,1.6045832243199172,0.37605609705753557,1.1470569456813766
134.28,5.5080674013031015,4.69339261518895,1.6259984303589035,5.430084872591827,5.061625982290967,1.645688637376323,0.37640016927665393,1.1281657598370216
134.38,5.499120875644815,4.742455442437362,1.675810748805498,5.420766645500954,5.1109553931154155,1.6950334465669046,0.37673810403404234,1.1013794525841683
134.48000000000002,5.487991047844517,4.791804241650289,1.7314205771882192,5.408285348270572,5.159232741832903,1.7510133661209695,0.37597433594730517,1.1225841147372204
134.58,5.472592858747901,4.8403468369197,1.7949237431034375,5.392218812333654,5.206731776519269,1.8148373681166574,0.3750972024720782,1.1409666680636494
134.68,5.453708658937671,4.886331460505649,1.8667158800061847,5.372500567696345,5.2524721567535995,1.88615881196865,0.37503834941508796,1.1139979428092774
134.78,5.432218317489655,4.93090713654233,1.9422240580487504,5.349190036965888,5.296307171268582,1.9621411016213632,0.3747143989022568,1.1411625370888772
134.88,5.404814309428285,4.972768684837148,2.0216714306074217,5.322334200926571,5.338117252385631,2.0412230373899294,0.37454311381759886,1.1202245513370443
134.98000000000002,5.377070728630241,5.01324458844173,2.103934303651331,5.292047850126088,5.37740317426649,2.1238008366609673,0.3739523572582758,1.138268495009497
135.08,5.3458642079144445,5.049085965909291,2.1883140940669734,5.258487748082587,5.4137385188314315,2.2085801100682145,0.3749748392697605,1.1611571844157096
135.18,5.307389864823078,5.084176725019404,2.2780612571095795,5.2217133769885535,5.446776891000663,2.2980314532161548,0.37258467619763463,1.1442079529553502
135.28,5.267747000775494,5.11398254328156,2.369494923004109,5.182031184756702,5.476376599482431,2.3894424604242595,0.3723931431773245,1.1429097058538917
135.38,5.2275001347673555,5.1410582516072285,2.462533041789659,5.139734114596124,5.50195341235969,2.482809824301462,0.37141377377695867,1.161774060030981
135.48000000000002,5.182690301490415,5.163017176939127,2.55459208286269,5.0954213451316805,5.523553774691983,2.574999897388628,0.37094812179487746,1.169281641422015
135.58,5.135464298759908,5.181992160997019,2.639943558868857,5.04958602894951,5.541644086343328,2.6603068444441536,0.36976287622060455,1.166730320484114
135.68,5.090992707943311,5.198117201952371,2.717958513753132,5.0025370086770415,5.5567607143256375,2.738239907153666,0.3693908224362348,1.1620382444950872
135.78,5.040497150056151,5.213065310540493,2.785321700311389,4.954469332102723,5.569466010911945,2.8055336186665154,0.36663639302050993,1.1580576176117419
135.88,4.9913172324246995,5.224593390086621,2.8438267613087103,4.905893347456352,5.579812512219388,2.864071862639631,0.36534622599920064,1.159958862076437
135.98000000000002,4.9429809678964824,5.2340419385470645,2.8915323170321408,4.856724947117824,5.588371259856564,2.911949750266548,0.3646770750406709,1.169832752821671
136.08,4.894075431741964,5.242227846759746,2.932654694651217,4.807142750206991,5.5952674922916,2.9531611762099743,0.36358531658486765,1.1749348459796556
136.18,4.845338225597716,5.248743033863027,2.9727452711735154,4.757502464695827,5.600231612301978,2.9932365164753354,0.3622973111496251,1.174061872761563
136.28,4.795523359536264,5.252467853602353,3.014457194923731,4.707799317366213,5.602970790855189,3.0348579344195685,0.3613140138404805,1.1688762720573316
136.38,4.745903959268636,5.253318732310247,3.0601111162977452,4.657840972854445,5.603174267668569,3.0806436152028325,0.3607686033970307,1.1764255301184825
136.48000000000002,4.695904356795447,5.251890099182362,3.109879806344688,4.608130447637333,5.600616167223403,3.1299755143710724,0.35960273867180337,1.1513992562389856
136.58,4.647691004403988,5.248069892716316,-3.117350718997638,4.558774317566653,5.594777125857441,-3.0964142553929124,0.3579274824744572,1.1995710024800288
136.68,4.598309306993789,5.239022481672596,-3.0562642527768724,4.510048227145044,5.585678518957389,-3.0354544449956586,0.35771556634016066,1.1923141583420493
136.78,4.551996102163936,5.2280569174252625,-2.9903355970018506,4.462215339837026,5.573109633148732,-2.969592176648561,0.3565416692507943,1.1885104389092573
136.88,4.504701792870808,5.212276925526182,-2.9173409116330276,4.415626027408241,5.5566198375232645,-2.89604939407286,0.3556775689235586,1.2199140956262684
136.98000000000002,4.458129491421353,5.192216593037142,-2.8397019657194047,4.370523830134513,5.536398813546847,-2.8189310161703944,0.35515651874137916,1.1900877456374488
137.08,4.414507443311725,5.169576925280125,-2.7595944809466317,4.3273060576847,5.5124645930313365,-2.738760248128253,0.3538022531741969,1.1937136098860437
137.18,4.3738779577767755,5.14226006078649,-2.676003204776418,4.286498315469253,5.484820589813256,-2.6549533842440645,0.3535292320825654,1.2060658760116918
137.28,4.3353517840113,5.111998251708327,-2.589572809375619,4.24832354721106,5.453677769533936,-2.5687082996655315,0.35258872202907937,1.1954483479977365
137.38,4.299141716784103,5.078595002551936,-2.5007116089491093,4.2131938494535355,5.419217979979036,-2.479933256797527,0.35129908717498176,1.1905118835222266
137.48000000000002,4.266009010490071,5.041017987766529,-2.410091447866757,4.181346727850756,5.381665841677394,-2.3890280416703646,0.35101091503794796,1.2068442772229884
137.58,4.2358679655691684,5.001601739600869,-2.3161201897348787,4.153178968562365,5.34120257319811,-2.29524199931423,0.3495228124256442,1.1962321949736388
137.68,4.2111837064578115,4.958862771959011,-2.2232567467781172,4.1288158689860515,5.298339486490789,-2.202194441931199,0.3493263522253433,1.2067811745463428
137.78,4.191027180625676,4.914870517167453,-2.1302467298920615,4.108582493408721,5.253422332403174,-2.1089403049245017,0.34844577490579937,1.2207682271533418
137.88,4.173314041918778,4.8687305722065135,-2.042487117048124,4.091930292664884,5.20701713894769,-2.021426019870216,0.347938379429682,1.2067119802090136
137.98000000000002,4.161302708676141,4.821206509555261,-1.963282871023329,4.078572631566141,5.159577236824155,-1.9421339263647108,0.3483375011839902,1.2117452700945663
138.08,4.147377015170374,4.772953459922686,-1.8930286924172743,4.067843653076562,5.1112993671914655,-1.8718078433774585,0.34756799140812583,1.215865087665691
138.18,4.137949729878564,4.723656954094482,-1.832109277965983,4.0594974699166455,5.062426950748688,-1.8111052594443815,0.3477353414972706,1.2034416141023832
138.28,4.1298153826947255,4.674586754717647,-1.7821093097718532,4.053037167424372,5.01329273723003,-1.7612093249073137,0.3472990597882165,1.1974809246254117
138.38,4.1237048040271755,4.624849235873308,-1.73999343808662,4.048172296085402,4.963701698186518,-1.7194963335763724,0.347168764395214,1.1743975806757492
138.48000000000002,4.1189764299280665,4.5744777329761135,-1.7083977910230472,4.044312408441534,4.913984532633086,-1.687831648380914,0.3476198830876353,1.17835317425827
138.58,4.113343944160992,4.525087378622013,-1.689564526997764,4.040587555793775,4.864059560231042,-1.6690749641470388,0.34669241692460756,1.173965475414589
138.68,4.108178227720019,4.47559038271238,-1.6845633538114293,4.036291124477878,4.814204372237332,-1.6638310489303012,0.34616064119791284,1.1878735692671156
138.78,4.101738973839669,4.4260391844059175,-1.6924980854088525,4.030762236955592,4.764486885580872,-1.6718367783636061,0.34580998193997087,1.183805692916531
138.88,4.091885378024452,4.376457330206445,-1.713327740125051,4.023413145022698,4.714887207360138,-1.6926816197511447,0.34528716808261267,1.1829355607438945
138.98000000000002,4.082465444728138,4.328588065263648,-1.7454690762865224,4.013796282354504,4.66591806555503,-1.7243985835926434,0.34424843203372857,1.2072503036205002
139.08,4.069581991604968,4.279801526407578,-1.7894904610494113,4.001311552283586,4.617500687477582,-1.7688282459899316,0.3445309511096487,1.1838577182998402
139.18,4.051939325911212,4.232146750719355,-1.8427451432748279,3.9856972195712306,4.570163953951184,-1.8224003714365902,0.34444687011645875,1.165669561487633
139.28,4.032097326700973,4.18670026524658,-1.9026030630311133,3.96694226880763,4.524081959996955,-1.8822948801345671,0.3436154675239746,1.163573169551856
139.38,4.008110547070178,4.142505227977949,-1.969851889523651,3.9447891360588834,4.479774829985164,-1.9494438779790917,0.34316233116495515,1.1692929297575076
139.48000000000002,3.982450029226568,4.101323095123719,-2.0449214246988423,3.9190116270414443,4.437407662373689,-2.024266429485539,0.3420193959637386,1.1834440515851952
139.58,3.951893897735035,4.061538924603732,-2.123748451959607,3.8897631978792586,4.397635338198833,-2.1034238960212446,0.34179090551981867,1.1645112757457239
139.68,3.9194426270346376,4.025629490845564,-2.2058800927595477,3.8572669324001905,4.360505612135023,-2.1852604143751244,0.3405992272644625,1.181420546344584
139.78,3.8827145276995263,3.9921011958762005,-2.2901959415541913,3.821707785029592,4.326281758689717,-2.2697969935260858,0.33970350485909667,1.1687736285171575
139.88,3.8422234908236135,3.9613485278698346,-2.37875368450242,3.783116504109449,4.2956042925406575,-2.358347547960037,0.3394415297132997,1.1691855000462343
139.98000000000002,3.8008392160409947,3.935795703871648,-2.469409432904842,3.7418494735390753,4.268545167592877,-2.4490316448121203,0.3379378571974563,1.167561253524892
140.08,3.757396043409583,3.913342914630244,-2.5620082950450684,3.6982401263729794,4.245370183864917,-2.5415217676921578,0.33725588213680685,1.1737915542011002
140.18,3.711834518052645,3.895340951751404,-2.655204492865289,3.652732734758544,4.226544887703875,-2.634602965495859,0.3364358304029933,1.180380569791592
140.28,3.6648317090575433,3.882354182275712,-2.7464044015901483,3.60577095417102,4.211798583365897,-2.725814626297663,0.334696558359115,1.17970722538216
140.38,3.615226628782516,3.8720637355072145,-2.830576874870666,3.5578093355385816,4.200635521120241,-2.8097420170827134,0.33355084149855296,1.1937494180049506
140.48000000000002,3.56606847787035,3.8658297386732934,-2.9051492096495033,3.509189869631592,4.192627512149133,-2.8841974321292536,0.33171065829114404,1.2004484252073804
140.58,3.517520840097667,3.861867675132467,-2.9712461823393346,3.460003555476208,4.187323416510345,-2.950190973163769,0.3304991340776098,1.2063746225250207
140.68,3.4666954507001595,3.858755712884066,-3.02808782934199,3.4103729366645643,4.184102657042725,-3.0069598517225327,0.3301860985272815,1.2105439472417625
140.78,3.4181381414840373,3.8586045475509727,-3.0756603666497626,3.3605947867177144,4.18272299265857,-3.0546473375464727,0.32918688329994134,1.2039578824040829
140.88,3.3683139290272464,3.8614628877097283,-3.1196107294533717,3.310726960614326,4.1832930310949905,-3.098317448921746,0.3269417381160886,1.2200151064502225
140.98000000000002,3.3189003285063277,3.8648924243435174,3.1191477916938446,3.261022031404203,4.1861646460022035,3.1403347182367103,0.32644408048691853,1.2139214717599043
141.08,3.2694309506396655,3.870274954641124,3.0724258871779346,3.211490547246766,4.191500594962295,3.09361767038922,0.3264092559120806,1.2141997383628573
141.18,3.221836074120211,3.8804684773862594,3.021669560826086,3.1624021052681703,4.199563948507904,3.0430458218525946,0.32458329646463546,1.2247695385889241
141.28,3.1727494973299395,3.892804560473464,2.9652452313641477,3.1140382999418788,4.210752107656977,2.986581713721434,0.3233228223598699,1.22249038872785
141.38,3.124313110655396,3.9093511094086097,2.9036981032686575,3.066575876517916,4.225148712964711,2.925213451035628,0.3210322641380813,1.2327386218036174
141.48000000000002,3.078864927681818,3.927170670492637,2.836220998100778,3.020474891496692,4.2430866546883514,2.8576017149486823,0.32126672002566237,1.2250248383491706
141.58,3.0351684645551376,3.9492172723249728,2.764209766692013,2.9758398859441457,4.264545315048351,2.785427589989043,0.3208608027911126,1.2156917253741553
141.68,2.9930833124553544,3.975362950024795,2.6881942854447987,2.9331738204746585,4.28951677616128,2.7093526148634615,0.3198152180643973,1.2122829772368673
141.78,2.953518271547489,4.005091191724401,2.608902457093867,2.8926860794504945,4.317923661204286,2.630069722098034,0.31869218621768725,1.2127949485737481
141.88,2.9163056233780553,4.037698387449025,2.525581792025482,2.854972645685363,4.349732536005984,2.5468456575363962,0.3180047861563075,1.2183297499091816
141.98000000000002,2.882403755814256,4.072722229286364,2.439736213547865,2.820322962489334,4.384759657217842,2.460830202798217,0.31815307845429375,1.2085965571394903
142.08,2.8523278416762925,4.111484584256391,2.350936340651302,2.788972848632901,4.422785103124001,2.372112003965892,0.31768202371360516,1.213276136316007
142.18,2.8241051380234143,4.153409542291655,2.260159950093532,2.7611109996584733,4.463574004367813,2.281494108606748,0.316496848330807,1.2223572422703635
142.28,2.801419801772658,4.196363318954358,2.1710645844477896,2.7369825496800697,4.506578120938187,2.1922677077723334,0.3168365238212128,1.214849478991753
142.38,2.780777776192997,4.242374831206761,2.0873773648186766,2.716164787800982,4.551317972564604,2.1086330145522294,0.3156274748196025,1.217859020540946
142.48000000000002,2.764143369750636,4.2887660544494315,2.0115285704665324,2.6981566341843295,4.597396827801517,2.032906935135742,0.3156060891849269,1.2248900684372905
142.58,2.7493250120551607,4.336073596278429,1.945561366312525,2.6824811457896343,4.644519900406645,1.9671649612957873,0.31560612317836845,1.2377948148509255
142.68,2.7368097192592296,4.384840191401865,1.8899359023133686,2.6688723279833537,4.692298270934435,1.9114113635738306,0.3148745143755331,1.2304532933211694
142.78,2.726556747330063,4.432212994516265,1.843632817472017,2.6570433880987294,4.740595131737058,1.8648290416493856,0.31611967618053827,1.2144541869763796
142.88,2.7163048138065893,4.481308663547867,1.8050635955056145,2.646648104949774,4.789248293381544,1.8263045750109035,0.31571961090636275,1.2170184783769404
142.98000000000002,2.7090700854155862,4.531376680858846,1.7740173762201341,2.6373338320970445,4.838298115149247,1.7956326382838024,0.31519336424972355,1.2384632893174294
143.08,2.7001715567311315,4.581031744540217,1.7545266189283064,2.6283664499849917,4.8875710374682235,1.7760740188019608,0.3148369601295669,1.23457507224112
143.18,2.6926900155279405,4.630950691943695,1.7491961690270081,2.6187810278861403,4.936677447764603,1.770936069862501,0.3145336034178429,1.2456045649066707
143.28,2.6824442101506523,4.679416341134293,1.7564464483127964,2.6081203755808735,4.98555869818156,1.7779981657059585,0.3150351967060379,1.2348224478868761
143.38,2.6709532495880226,4.728416184351592,1.7753896395224233,2.5958146897319434,5.034103040811042,1.7969547781780228,0.31478605018219247,1.2355914295802777
143.48000000000002,2.6574349586158235,4.775174113170322,1.8061496628677898,2.581306135822862,5.081974599375566,1.8278114990534688,0.3161046282413724,1.2411317899431764
143.58,2.6426247002886676,4.823324908540297,1.8465030361248147,2.564335897580339,5.128927944072093,1.8681399605250433,0.31547163415393176,1.2397044497767273
143.68,2.6219447670877747,4.867883777163309,1.897629334363158,2.5444354754187186,5.174587293152394,1.918925501903595,0.3163459135426056,1.2201805198705298
143.78,2.6009067934095467,4.913542533121851,1.9559707326390543,2.521470674574957,5.21868747930143,1.977718921166167,0.31531497768809036,1.2460794146583951
143.88,2.5767183874747803,4.955837921565609,2.0244606743995317,2.495133750092829,5.260750687832922,2.0460774654150846,0.3156387937018029,1.2385508918074988
143.98000000000002,2.5471844768205454,4.996329987444867,2.0963794387103625,2.465707870574663,5.300565302693655,2.1178227383833184,0.31495644843355103,1.2286105700946304
144.08,2.5153326475002777,5.033196677924777,2.1742823873731125,2.4330274402930128,5.337666986153033,2.195660090334194,0.3153986615793412,1.2248521553542953
144.18,2.4809694269935223,5.069424790574774,2.2550537085978406,2.397362623583098,5.371918136768735,2.2765400527651227,0.3138348643285649,1.231076837950799
144.28,2.4413699523541657,5.098816317476212,2.341653674725366,2.358706342637674,5.40259380177477,2.3630200211866828,0.31482381158057443,1.2242014758477435
144.38,2.4034663514468333,5.128215644148347,2.4273628692350484,2.3175920369781506,5.429929249178109,2.449253520123547,0.3136965051535023,1.2542419067052766
144.48000000000002,2.358814658141827,5.151516296429098,2.5170551114747077,2.2741325495751594,5.4533009382121,2.538760083752642,0.31344063158338514,1.2436033059740894
144.58,2.3150288849968783,5.171287501201888,2.606303676100747,2.2288194788368227,5.4727660060067285,2.627968750737344,0.31356235515417247,1.2413173395129309
144.68,2.2681848653359893,5.188648136378072,2.690728570822155,2.182048897657347,5.488728066101123,2.712708314889908,0.3121976443705608,1.2593465698599642
144.78,2.219378096826953,5.202092283900774,2.7683931770740795,2.1342447526089736,5.501406375571696,2.790402155997804,0.3111858155034154,1.2610216037217852
144.88,2.1713700486550156,5.212772094435609,2.84202149279803,2.0857690692216377,5.510713738444799,2.8638945108441107,0.3099947594957895,1.253231619253921
144.98000000000002,2.1229415237137617,5.219751866318834,2.9138781881302513,2.036622431514987,5.51639008508612,2.935875406058399,0.30894209572579895,1.2603477483123777
145.08,2.073983127045974,5.223507766584901,2.9854703733909362,1.9873300258158182,5.5186167483628,3.007692236553158,0.3075679942367084,1.2732189721125435
145.18,2.024340841161173,5.223300767755837,3.0591811419706954,1.9379650955068781,5.517066057638424,3.0812801019991123,0.30620061230692497,1.2661771412565963
145.28,1.975034806619588,5.218951752962177,3.133874765649196,1.8889001600194102,5.511634229766784,-3.1273688177074472,0.3050937717709378,1.2571681702962965
145.38,1.9277265759098547,5.209235300420046,-3.072508089931056,1.840428031162873,5.502245785764182,-3.0505137568125664,0.30573874539637114,1.2601824608942602
145.48000000000002,1.8804806604530089,5.197682294964014,-2.9912647567058963,1.7930151336882412,5.48869174013307,-2.969002882907046,0.3038695699635621,1.2755114127270009
145.58,1.8334084625549734,5.180773366878442,-2.90776789906178,1.746921150015869,5.471142530636965,-2.885586179135453,0.30297575231701435,1.270918934119764
145.68,1.7883972542444173,5.16083142239649,-2.8237198562299484,1.702530919685696,5.449713232966456,-2.8012142213094227,0.3013730709415356,1.2894778962083668
145.78,1.7460743016315525,5.1365955963732555,-2.735306151251773,1.660389685533918,5.424321820025611,-2.7130063825677655,0.3002136459474224,1.2776826297116262
145.88,1.7061106850484482,5.1076695086828625,-2.644823662149028,1.6208424822087693,5.395123301984366,-2.6225787058163714,0.2998338701663511,1.2745421133140469
145.98000000000002,1.668601321449222,5.076980462402689,-2.5546551548437395,1.584060589211336,5.362504844109313,-2.5322019328646586,0.2977772791135473,1.286474855871716
146.08,1.633849892855912,5.041268380535075,-2.46413750097274,1.5504441971944785,5.326653835700656,-2.4414271498719238,0.2973236756278135,1.3012072693370644
146.18,1.6038622385141148,5.003314548640604,-2.3699972442189963,1.5202168867018018,5.287656504094154,-2.3473609557397546,0.29638976451786336,1.2969637937011584
146.28,1.576137294483206,4.9630651967042665,-2.2757477013726786,1.4938247739967438,5.246016218475869,-2.25298748938031,0.2946805588267206,1.3040640879857543
146.38,1.551880776469547,4.9198473371484654,-2.180573767950339,1.471525825416502,5.202081234437012,-2.157886865781758,0.2934499802988901,1.299863744485908
146.48000000000002,1.5316903105359922,4.874882007521889,-2.0901844077474707,1.453015705623841,5.156444849280392,-2.0673829753054758,0.29234795589709,1.3064258457789848
146.58,1.5151365076526255,4.827753917485048,-2.0065518657380967,1.4379116677240655,5.109510719927282,-1.9838266126298862,0.29214820147394943,1.3020610914670174
146.68,1.5022283608167035,4.778703244524138,-1.9292228744126398,1.4254001786275683,5.059907184441283,-1.9064420258587695,0.29151024922532665,1.3052464758634732
146.78,1.4896954795957802,4.726512073835195,-1.8617734121773615,1.4146839117751902,5.006529010578419,-1.8386229174398439,0.2898900139190056,1.3264256420995824
146.88,1.4808525258916592,4.672696240262595,-1.8081350109999108,1.4061082394130855,4.95262997129859,-1.7850638791711686,0.28974057729790614,1.3218784823768692
146.98000000000002,1.4727581854200416,4.618000422711409,-1.7651074640672237,1.3992345786577287,4.898302780551727,-1.7422473871263389,0.2897846313422797,1.3097859280570372
147.08,1.4665655972757907,4.562425501157841,-1.7285784602655867,1.3939829415742242,4.843721494805636,-1.7058415183594973,0.2905093422783381,1.302730810253062
147.18,1.4602943298162185,4.5087511465847,-1.6988081648806603,1.390029781765855,4.789000406443936,-1.6757516437235906,0.28892344031658523,1.3210413525541826
147.28,1.4583947520123723,4.4539706026191155,-1.6738158843860407,1.387134130714124,4.734119383471632,-1.6508687375459714,0.28906991465900367,1.3147746658029322
147.38,1.4541375599139637,4.398614592877736,-1.6526249582042722,1.3851925903736981,4.679183231107054,-1.6297078364802708,0.2889155059576451,1.3130543533728531
147.48000000000002,1.4511907874992898,4.34446305728692,-1.6356083488588058,1.3839390134072946,4.6242204375473,-1.6126036091516784,0.28772728916227497,1.3180744940154188
147.58,1.4497355504259952,4.28907809752162,-1.6220043573512855,1.3832160432551095,4.569217755990965,-1.599095680578847,0.28792893755504806,1.3125704932901046
147.68,1.4487714427312457,4.234060555386973,-1.6110996306538516,1.382918249852341,4.514200772454537,-1.5883006061698985,0.2877762746145141,1.3062878799459423
147.78,1.4468952225303107,4.179122047920267,-1.6025343380123096,1.3829876605582148,4.45916946216008,-1.5794593675309145,0.2872468114698971,1.3220984209728945
147.88,1.447782353868936,4.123887636844583,-1.5958928732244941,1.383295847139858,4.404154464391863,-1.572778692751346,0.287589993173504,1.3243449880150842
147.98000000000002,1.4474379796478005,4.0686735185260785,-1.590444336435692,1.3838136848058935,4.3491341654902405,-1.5674476399766346,0.28758690058778097,1.3176136498474298
148.08,1.4463638762664122,4.015787238218265,-1.5866181203985081,1.3844817463437558,4.294129457232418,-1.5633368129853737,0.28513819261804824,1.3339206563192367
148.18,1.446190826797802,3.9599457774253435,-1.583802155799947,1.3852365122780512,4.2391288655982065,-1.560412799288774,0.2857597333080875,1.3401114136170522
148.28,1.446967762520358,3.905229580374357,-1.5817809327109997,1.3860482343779503,4.184127494010767,-1.5583590137256955,0.28547370306183356,1.3419771059552668
148.38,1.4461839793647346,3.851346203968315,-1.5804814832641507,1.386914439733823,4.129128904277532,-1.556819572534475,0.2840353972995976,1.355727620025743
148.48000000000002,1.4450273087290628,3.7959930965443034,-1.5792654082707318,1.387792855682531,4.074133461009361,-1.555888332669704,0.2839680351030566,1.3394077692971489
148.58,1.4444574813156708,3.741429638322282,-1.5788203605982685,1.3886750683950424,4.019139424403604,-1.5553658794090972,0.2832567790478828,1.3438427828084936
148.68,1.4448293563740957,3.6866640707121667,-1.5786022511648086,1.3895471534376072,3.9641456896416396,-1.555165331534928,0.2829349232689954,1.3428365795794628
148.78,1.4445923165014487,3.6325355362566945,-1.57882078609761,1.3904034988680816,3.9091523672793493,-1.5552007663683205,0.2818746160290393,1.3533274425040263
148.88,1.443450316887134,3.576636077542971,-1.57874183907076,1.3912353549462408,3.8541578666056635,-1.5554302689017336,0.28239112177093423,1.335654584508278
148.98000000000002,1.4423591864733503,3.5220360145052285,-1.5788398478975698,1.3920446273974563,3.7991632063844563,-1.5557435582910288,0.28165765626708594,1.3233199168666667
149.08,1.441667441240014,3.466053021278088,-1.5787843912212485,1.3928284338855914,3.744167778572859,-1.5561262873696475,0.28237044261837124,1.298213722465849
149.18,1.441280096954972,3.412483863625123,-1.579269150402871,1.3935883306847154,3.6891721130468365,-1.5565325621704742,0.2807683955469866,1.3027105462431539
149.28,1.4395496119866573,3.357129771075536,-1.5797789451634805,1.3943231284376938,3.6341758215972106,-1.556960952224051,0.28071328597674716,1.307374692388618
149.38,1.439750000093496,3.302766295500054,-1.5801565976128997,1.3950352731268878,3.5791795254711682,-1.5573810699787036,0.280006572263514,1.3049416096230133
149.48000000000002,1.4381302244493623,3.2489957850371383,-1.5804640307668376,1.3957263267599984,3.5241831036410125,-1.5577834405423172,0.27843518251047267,1.2995020967306914
149.58,1.4379039052669378,3.1948467468673125,-1.5807560575906723,1.3963980219298906,3.4691867586436507,-1.5581616525750734,0.2774620341831111,1.2945640480030323
149.68,1.4376456982010444,3.1401995995766363,-1.581004484311617,1.3970524129289377,3.4141900536260037,-1.5585094476713526,0.2769811974112343,1.2888706594793047
149.78,1.4366031605511234,3.086333691534965,-1.5816136241233498,1.397691233779884,3.3591934085502,-1.5588264789661401,0.2756203243860737,1.3056072446600886
149.88,1.4361248591675193,3.0316845153538687,-1.5817107505513293,1.3983162731694019,3.304196527172773,-1.5591119804325502,0.27512231054707964,1.2948141499923997
149.98000000000002,1.435650733372812,2.9779779274631366,-1.5820748723576892,1.398929606996954,3.2491996150310976,-1.559362918171522,0.27369626400359276,1.3012991193618582
150.08,1.43484401014349,2.9236489961292436,-1.5822547858446998,1.399532659828562,3.194202636128666,-1.5595835260012842,0.2728482427614307,1.2989675052721352
150.18,1.4343732724063376,2.8676263107281756,-1.5821818437580144,1.40012721187702,3.139205574489399,-1.5597730125788074,0.27372995664863925,1.2839314503897288
150.28,1.4330991949506784,2.8143617793544284,-1.5824464182464717,1.4007143251259362,3.0842085050573274,-1.5599368545117622,0.27178306637121646,1.2897030006795878
150.38,1.4322781370411537,2.759578754335951,-1.5826071955324248,1.4012954676225924,3.0292113864700894,-1.5600749527601754,0.27140685716444873,1.291002413814045
150.48000000000002,1.4318173677813444,2.7063884369255202,-1.582991776730387,1.4018714860062036,2.974214266436799,-1.5601919519617748,0.2694947695015534,1.3063337328793114
150.58,1.431344914110281,2.6512964899206195,-1.582775822053843,1.4024491455918078,2.91921727632316,-1.5602377699985417,0.26947451312662013,1.291335261214918
150.68,1.4317596391274614,2.595144879572435,-1.5826564821673785,1.4030211739884342,2.864220115108593,-1.5603152078283011,0.2706055833817662,1.2800607285730627
150.78,1.431269886024663,2.5415382011715835,-1.582734476964753,1.403595564074225,2.8092231196784527,-1.5603364482865438,0.26911165655066993,1.283312512674361
150.88,1.4307880454017368,2.4868965175598654,-1.5828388322640925,1.4041624809884585,2.754225937348072,-1.5604111514575898,0.26865207865308766,1.2850114544791673
150.98000000000002,1.4291715131297846,2.4330003743032984,-1.5832630761659368,1.40472174451086,2.699329514894664,-1.5605024069880704,0.2674490648958307,1.3040902827852385
151.08,1.4278460057217386,2.382126726831562,-1.5829698706972377,1.4052389199772106,2.6490871799386144,-1.5605028119810904,0.2679159641547759,1.2872676425078498
151.18,1.427595094502454,2.331157874762878,-1.582897430877852,1.405750913255446,2.5990898125866546,-1.5605227671941704,0.26882092842700384,1.2819737970995961
151.28,1.4270174771397508,2.2838837196940727,-1.5831457500919783,1.4062631170496942,2.549092443913405,-1.5605386299561097,0.2660195685749333,1.2952925707304928
151.38,1.4272496542388005,2.2326671369765343,-1.5829018617794808,1.4067724111133506,2.499094973431509,-1.5605656398904144,0.2672136028051296,1.2797712445112297
151.48000000000002,1.4261701700872056,2.1821965039500233,-1.5827493753264634,1.4072839365397714,2.4490975901881407,-1.56056563984044,0.2675684578807734,1.2710344171837418
151.58,1.4262876526913606,2.131699228692617,-1.5824114773147842,1.4077954619686905,2.3991002069447984,-1.5605656397904664,0.26803963193518077,1.2516742900719322
151.68,1.4255143136030763,2.0814512447353084,-1.5824024794371998,1.4083042459217645,2.3491028036491612,-1.5605865032696784,0.2682042941837639,1.2499633603569649
151.78,1.4255972056263948,2.0312693507320176,-1.5825893656560592,1.4088147282337051,2.2991054097445254,-1.560586503219704,0.26836133487294267,1.2606711548100944
151.88,1.4251168317194476,1.9802941219465537,-1.5826216481295758,1.4093231896266916,2.249108009771019,-1.5606020311345938,0.2692774506301231,1.2616311203070094
151.98000000000002,1.424133076648912,1.9316311342177386,-1.5828087772763353,1.4098328955857922,2.199110607945711,-1.5606020310846207,0.26786146427627655,1.2723528335034595
152.08,1.4232182599578902,1.8803794389290749,-1.5827640972823027,1.410342601547391,2.1491132061204277,-1.5606020310346471,0.26904204171162555,1.269792861279999
152.18,1.4235005434272916,1.8305490903818882,-1.5826284219682933,1.4108496457308406,2.0991157817008865,-1.560622287369272,0.2688644879833709,1.2608586359207328
152.28,1.4232754749052443,1.7804416782284007,-1.580912173558359,1.4115718670782007,2.049112923465269,-1.5587026514408422,0.26892603528349346,1.272511882336162
152.38,1.4226583718389973,1.7299892829554677,-1.5731254201037967,1.413022661191177,1.999088653211533,-1.551195932551893,0.2692718291836327,1.256467083608765
152.48000000000002,1.4251159554201445,1.681190262930589,-1.5568899548558268,1.4158170072045362,1.9491034154981628,-1.5348894934005681,0.2680744817333657,1.2605335887265683
152.58,1.4281960378686145,1.6302019379209274,-1.5317625592183117,1.4203937167596483,1.8992297154205335,-1.5101169043270004,0.2691408948507547,1.2402046700688452
152.68,1.4326303249559382,1.5812188321090939,-1.4987971336145374,1.4271214882655525,1.8496620296614088,-1.4771132868228576,0.26849971618940777,1.2423929047715425
152.78,1.441012222610318,1.5325668409138553,-1.4574227784114844,1.4363914901577512,1.8006211218490131,-1.4359291459085513,0.2680941041799739,1.231494428823276
152.88,1.4519853229857715,1.4839877954103624,-1.4066591424729995,1.4486687676816334,1.7523524906556112,-1.385229956906134,0.2683851881031452,1.2278018913840558
152.98000000000002,1.4668996659096318,1.4361592757613912,-1.3483312700135497,1.4641578535745785,1.7051627165994532,-1.3270711661638763,0.2690174134096106,1.2181142225961177
153.08,1.4854888802879616,1.3895069912170022,-1.2815382155004325,1.4831943807716086,1.6595102718697514,-1.2605431115411452,0.27001302985463094,1.2029308473055655
153.18,1.5056985877415852,1.3463825403642022,-1.2096622887647936,1.5058072443825372,1.615554026256852,-1.1882722299063637,0.26917150782339977,1.2255600961244546
153.28,1.5300739542228494,1.3043528912070441,-1.13386530634147,1.5318412677477298,1.5735787415557234,-1.1124765717726273,0.2692316509867751,1.2254842199202605
153.38,1.5596968376841465,1.2648001101599062,-1.0553492650175307,1.5612168436614708,1.5338232757751853,-1.0338819918565407,0.26902745966877983,1.2299841497791901
153.48000000000002,1.5912206562170779,1.226863865910696,-0.9710107063226574,1.5940817011825847,1.497019891886176,-0.9498194181231953,0.2701711752744152,1.2141713762745663
153.58,1.6274187672152112,1.1905998338797716,-0.8844990392404548,1.6300099041464298,1.4632978606675866,-0.8636446255980227,0.27271033681282447,1.1948698859314069
153.68,1.6650325408916211,1.1610765011166768,-0.7957500610146897,1.6688859797612043,1.4328754736593172,-0.7745765922041017,0.27182628729826075,1.2131504004985763
153.78,1.70591473923878,1.1338807591907638,-0.7044518879813464,1.7103908366990102,1.4062317219537497,-0.6831120604557509,0.27238774268751303,1.2226820527537245
153.88,1.7499774003629187,1.1097116867820498,-0.6106480661190932,1.7542258346216633,1.3836789901009554,-0.5895134460349555,0.2740002417544264,1.2109245324335145
153.98000000000002,1.796100736843671,1.0899623299556622,-0.5181881516055111,1.799887769757486,1.3652305352405598,-0.49710433707934165,0.27529425431537585,1.2080135883861285
154.08,1.8424389150519138,1.0748897972151759,-0.42964299175415954,1.8469321130809888,1.35066056192211,-0.40845477477782227,0.27580736664486627,1.213995408151568
154.18,1.8903869776108642,1.0625527256286034,-0.3486216998916496,1.8949649266924018,1.3394163370197991,-0.3275696057977774,0.27690145707519886,1.2061961414911646
154.28,1.9374347173398447,1.0539866648996232,-0.2788045896017324,1.9436049928601067,1.3309591364408542,-0.25762805062334715,0.2770411924094573,1.2133263081557537
154.38,1.9876672852430768,1.0466582824845503,-0.21887948327690632,1.9926856005336002,1.3248979623869297,-0.19790099593043994,0.2782849312494905,1.2019787855211248
154.48000000000002,2.0406153515368497,1.0411582612106651,-0.16772795342619198,2.0422348339737586,1.320808344084505,-0.1468070787707884,0.27965477212933276,1.1986778214768352
154.58,2.0906463121253105,1.0381169614396077,-0.12458007581084862,2.0918648553494883,1.3183116710840712,-0.10376914482336519,0.28019735930292844,1.1923785133208233
154.68,2.1399406256805364,1.0354158516694925,-0.08909790341967816,2.1417175526985424,1.3171305125122412,-0.0683087588769009,0.2817202648077917,1.1911302419885648
154.78,2.190036813252302,1.0340758410896358,-0.05947482168740459,2.191663214024839,1.3170375488807724,-0.039067868190605606,0.28296638184694217,1.1692323080863187
154.88,2.2420568132213905,1.0343935467211827,-0.035763967494371496,2.2417928217140264,1.3177661272787107,-0.015597250154201938,0.28337270352549604,1.155467790225009
154.98000000000002,2.291855264037981,1.035269460761154,-0.017538490080270197,2.291926198675937,1.3191206977024272,0.0030002300894280977,0.28385124580458293,1.1767819823239303
155.08,2.3423194925621162,1.03507549456061,-0.002323059940858796,2.3420440031340948,1.3209901806883846,0.017997418341173667,0.28591481884989595,1.1642776432477098
155.18,2.3928490049989284,1.0365818520584016,0.008146147315377219,2.392069643546341,1.3231460911491106,0.028836959656340498,0.2865652988934823,1.185496221834395
155.28,2.4402877711061346,1.0375671841385699,0.012037088634697657,2.4420643905281265,1.3250370272026375,0.03246940285821258,0.2874753329380632,1.1706853706925269
155.38000000000002,2.4906687448570732,1.0375562035572181,0.0066279223411875865,2.4920603930865823,1.3260931962906726,0.027065975377931137,0.28854034875639184,1.171014180469941
155.48000000000002,2.540910837483005,1.0353500599224508,-0.011101508208359423,2.5421092625184762,1.3254759824257472,0.009337888125681695,0.2901283976637833,1.1710911457357231
155.58,2.592850522985562,1.031728217619003,-0.0396443012372143,2.5922037448544053,1.3227348330518378,-0.019262281192140036,0.29100733418184627,1.167803726533799
155.68,2.6411806382802983,1.0269121375309687,-0.07666640126661273,2.641983349330539,1.3176238135046316,-0.05622249014005288,0.2907127841916248,1.1713498242924234
155.78,2.690030207934737,1.0178736995555433,-0.1179508058203953,2.691360711742828,1.3101804415343337,-0.0975947944831072,0.29230977001571207,1.1663135373470626
155.88000000000002,2.73926130042819,1.0071931218638328,-0.16124620278114832,2.740382595187726,1.3004953406678774,-0.14085625681934769,0.2933043621518668,1.1682578481109922
155.98000000000002,2.7887799620559863,0.9947140351876149,-0.20357940716853173,2.7904325292473398,1.2885186336719086,-0.18317762749550415,0.2938092460574359,1.1689358698202734
156.08,2.838972971140935,0.9806952381486436,-0.2453213774224996,2.8432388968505493,1.2739183182891896,-0.2244036714904262,0.29325410968862653,1.1984962670035717
156.18,2.893410405764748,0.9616608704304014,-0.280910236309748,2.8956554964612713,1.2577232128693911,-0.2604923881935276,0.2960708547673973,1.1698565237985663
156.28,2.944223906511131,0.9440908313539389,-0.3125009435116819,2.9475624055568637,1.2401761190004026,-0.2919774087913992,0.29610410861142655,1.1759119201624062
156.38000000000002,2.9924239039881044,0.925080474801232,-0.3373247423410833,2.99559888551245,1.2228501160432326,-0.31694667899509565,0.2977865674490199,1.1675770243753318
156.48000000000002,3.038364182745579,0.9066265771126873,-0.3583695527426918,3.0424564828346328,1.2051050474232932,-0.33776335460985957,0.2985065228080922,1.180648184821643
156.58,3.0848814031077594,0.8871793594360305,-0.3753473347296874,3.0891410234460484,1.186767775185694,-0.3549757808661721,0.2996186963739405,1.167204058502853
156.68,3.1300104975860084,0.867601430089463,-0.38950544661334013,3.1356003470465823,1.1679774406486154,-0.36880901679259953,0.300428018228034,1.1858180797171354
156.78,3.175965195367347,0.8469770285991449,-0.4008083195337364,3.181886442689498,1.1487796997905053,-0.38027483783790766,0.30186075185106537,1.1764818398801156
156.88000000000002,3.2221670487730445,0.8269349577558227,-0.4095914697532135,3.228033606728193,1.1293295127307734,-0.3890763276287478,0.3024514562384179,1.175431059842934
156.98000000000002,3.267003863967912,0.8066120043988074,-0.4169443638073447,3.274055538085999,1.109647956929174,-0.3961334537636499,0.3031179879747394,1.1923773133301268
157.08,3.3138106923318924,0.7860925494574917,-0.4226486028632699,3.3199943602233204,1.089795304606738,-0.4016709823499628,0.30376570121367297,1.201929119639556
157.18,3.358922816509604,0.7663190953325549,-0.42722051054255195,3.3658675456998086,1.0698210061730966,-0.4058929475853033,0.3035813550720554,1.2219793447498999
157.28,3.4028684089919183,0.7436129486512838,-0.4300820862494603,3.411693777449491,1.0497655096535268,-0.4090072731720167,0.30627973771806066,1.2074978433646344
157.38000000000002,3.449450333071066,0.7224208484608386,-0.43227519514072066,3.45748244484976,1.0296432345627844,-0.41137194798538657,0.3073273651040507,1.1976678401194876
157.48000000000002,3.491917524877433,0.7014496007522896,-0.43415285277018834,3.503243832264084,1.0094675646759115,-0.41319436913422813,0.308226136689721,1.2008326573345196
157.58,3.540183126537039,0.6805913082684438,-0.4334132112587547,3.5490455863273977,0.9894134556677778,-0.41282146281060494,0.3089492869677347,1.1798202788740437
157.68,3.5845329181347543,0.660092434902668,-0.42650724782086735,3.5950968532738865,0.9700097661362118,-0.40598915556797155,0.3100973216984402,1.1756000897510004
157.78,3.6299608490768502,0.6411369203807429,-0.4107982329079918,3.6415943523704564,0.9518405388936038,-0.3901652282370549,0.3109213356395275,1.1821840863183968
157.88000000000002,3.6783680655174553,0.6229550632712437,-0.3854471489060185,3.688669068078481,0.9353033153325535,-0.36549687034591477,0.31251806542905286,1.1430667616042767
157.98000000000002,3.725255105983721,0.6076686005244198,-0.3527424230587699,3.736377609834186,0.9207663191224614,-0.3326787937294837,0.3132952145871399,1.1495612822829928
158.08,3.7758436324600497,0.5948912396547067,-0.309800475376806,3.784757145266271,0.9088537483075593,-0.2901706662580118,0.3140890121448683,1.124705215154325
158.18,3.823968649663752,0.584878222393261,-0.2574288891165257,3.8337818727504556,0.9001230234008233,-0.23773161730058848,0.3153975014321561,1.1285705429751913
158.28,3.8742505610947466,0.5790903196853805,-0.20010634634435087,3.88300503097852,0.8947191530085352,-0.18051459663468622,0.3157502195848511,1.1225245716404406
158.38000000000002,3.920231610436699,0.5764716048993034,-0.13571677598976817,3.9324596357664694,0.8928822515777712,-0.11561330587591484,0.3166468410310637,1.1518439910911804
158.48000000000002,3.9727396494371376,0.5775537595351706,-0.06471280035470017,3.9818281718650272,0.8950294559382227,-0.044828159521811115,0.3176057604114339,1.1393059968580452
158.58,4.020231829056787,0.582477944605389,0.00715584336198094,4.03091732733653,0.9009495045306176,0.027316704985390752,0.3186507717779683,1.1551322823686516
158.68,4.068075023898045,0.5920405648573672,0.08646499613685198,4.07918255794571,0.911212498067806,0.10677119350222526,0.3193651519216035,1.1634594069955608
158.78,4.115271744412954,0.6052446839166873,0.16943870913652082,4.126308814403138,0.9256463344665325,0.1897088232839607,0.3205916945103746,1.1613919908967258
158.88000000000002,4.161343066102191,0.6231459904385199,0.2515182048384168,4.1720894229668835,0.9438848026438408,0.27190931064737583,0.3209187901023301,1.1683243024580487
158.98000000000002,4.206250436009186,0.6435375831406599,0.329828694922188,4.216415658604674,0.9654831837448631,0.35038626367523457,0.3221060407673488,1.1778619265995853
159.08,4.251405630842818,0.6670756545258711,0.39543573264260834,4.2598665124331045,0.9892359389488029,0.41578736392274146,0.3222713691545514,1.1660625785580565
159.18,4.2968476620833815,0.6910095247425564,0.4454870436149514,4.302887469918113,1.014339277147251,0.4659174609129101,0.3233861593648708,1.1705766848641044
159.28,4.340200988395896,0.7165420287060917,0.47853619940711417,4.345783893710671,1.0400243941997083,0.4990614633854435,0.3235305389249977,1.176010999350168
159.38000000000002,4.384859114374652,0.7417113338536936,0.492149218946069,4.388898009104982,1.0653211646214007,0.5127036881670275,0.3236350340123064,1.1776843364924747
159.48000000000002,4.430734442969374,0.7652161298054682,0.48974901841160423,4.43255154829789,1.0896814189894517,0.5103380984274332,0.3244703773182091,1.179667388964144
159.58,4.474295801278727,0.786255311354926,0.4726655446309931,4.476970553820459,1.1125319625021421,0.4932435708184868,0.3262876145136399,1.179034051253074
159.68,4.5196577130601785,0.8058361106530669,0.44006107515592174,4.522376540057473,1.1331360800559553,0.4607191939926523,0.3273112616323687,1.183623022024368
159.78,4.564918965850106,0.8223853712808539,0.39580670015266284,4.568817482651167,1.15107015880324,0.41669486542987877,0.3287079067833389,1.196803712156186
159.88000000000002,4.611389796524229,0.8361934469024139,0.3428526536136381,4.616261787260997,1.1659827036145747,0.36344365668305784,0.329825241812234,1.179777571818675
159.98000000000002,4.660352605980177,0.8472111426957337,0.2817297862335688,4.664508112350044,1.1774422898644727,0.3023804204939601,0.33025729180984237,1.1831941873886818
160.08,4.70912776927088,0.8534015454982969,0.21252233025116074,4.71336614307906,1.1847847749914182,0.23334499769744416,0.3314103326720948,1.1930509628764914
160.18,4.756979913636747,0.8557916352175458,0.1396121170352882,4.762633071265495,1.1882290383590117,0.16013474795322882,0.3324854661464423,1.1758601361026924
160.28,4.807816379873751,0.8537870654298317,0.06321436290882265,4.811936286135074,1.187692735295547,0.08370380667578749,0.33393108569894203,1.1739586524177161
160.38000000000002,4.854105823428752,0.8487395392108213,-0.010165437236695052,4.861091726970068,1.1836122895203116,0.01067520538846415,0.3349456101341392,1.1940808647620669
160.48000000000002,4.903965877495517,0.8411382167770679,-0.07814839978099686,4.910167077794159,1.1764269345135079,-0.05716218000169071,0.3353460587609313,1.2024218212882123
160.58,4.956758129780919,0.8284893395392798,-0.14383502491051492,4.963263765293506,1.165745084194772,-0.12284952901076444,0.33731848540593384,1.2023803460447964
160.68,5.008826225753774,0.8145422708460558,-0.19854621052074561,5.016296012158646,1.1527608592649654,-0.17747430092781083,0.33830106600632254,1.2073314859563957
160.78,5.062749924251576,0.7990614188761417,-0.2427869451291058,5.068983173262497,1.138085127949353,-0.22204034616523186,0.33908100611356795,1.1886925598804645
160.88000000000002,5.113512537151201,0.7812371354170927,-0.2809053024725521,5.12139754964681,1.1218008423244592,-0.2602001556975761,0.34065497484191026,1.1863175244050312
160.98000000000002,5.165730275531404,0.762862175976656,-0.3140683353174467,5.173408518466657,1.1040874390693785,-0.2932483182483167,0.34131163998209973,1.1928991074514832
161.08,5.216709701954363,0.7422522977948462,-0.34432897607508783,5.224941779366776,1.084972967314811,-0.3235338897543235,0.3428195216360014,1.1914706807900268
161.18,5.266532876666338,0.7212412643742921,-0.37156491139002545,5.275988448936006,1.0646288085592828,-0.3507495528758809,0.3435177045631648,1.1926321919121878
161.28,5.312231939697703,0.7003871584957965,-0.39173587330656234,5.322756141643247,1.045181649828866,-0.37095427934129904,0.34495506965432576,1.1906976257641282
161.38000000000002,5.358341849549051,0.6802520952015236,-0.40775790492484143,5.368819407876336,1.0253918188711728,-0.3873282966223956,0.3452987229679013,1.1705303328355725
161.48000000000002,5.403573438587094,0.6588116388196359,-0.42001375734651925,5.41468957283186,1.0052750841681177,-0.3994033242783335,0.34664172772949325,1.1808908287439097
161.58,5.447951980243716,0.6373949510535661,-0.4282383036535085,5.4604466802679825,0.9849931541338235,-0.40768975287279263,0.34782269666213594,1.1773452348452726
161.68,5.494038677882138,0.616288015456317,-0.43428612805778455,5.506119109151386,0.9645723322606331,-0.4135891778266077,0.3484937619979736,1.1858478970387467
161.78,5.539387988723806,0.5943563993675536,-0.4383214150175516,5.551745953255514,0.9440821103932806,-0.41753280468286796,0.3499439844315334,1.191099634119419
161.88000000000002,5.584413368485023,0.5730833405110303,-0.44101504661448443,5.597338841404789,0.9235350942533054,-0.42024079372480677,0.35069003343584754,1.1902770131159843
161.98000000000002,5.629199290388691,0.5514113249163322,-0.4427704265094732,5.642911473626939,0.9029564053312388,-0.42203193119868104,0.3518124038931579,1.188228254760238
162.08,5.67418818914715,0.5297337537212776,-0.4437942215757553,5.688475131269291,0.8823612101726879,-0.42317340436999834,0.3529167603820944,1.1814857960006262
162.18,5.719658435852018,0.508764379488656,-0.4443800027456919,5.734034486079241,0.8617587958454445,-0.42386600966208776,0.35328703457557753,1.1753652246510782
162.28,5.764515057365662,0.4876418125542998,-0.4445283433009224,5.779593056237917,0.8411560818489432,-0.42424408218090026,0.35383567463572324,1.1622025527185762
162.38000000000002,5.809836819493551,0.4661571487253453,-0.4445037196321038,5.8251524870430655,0.8205558287982362,-0.4244235946975456,0.3547294660863325,1.1505064108455925
162.48000000000002,5.85457500538575,0.4447428869188944,-0.4426670958774275,5.870793659216053,0.8001670486174464,-0.42235435166688473,0.3557940126691083,1.1638345135928965
162.58,5.899915417341606,0.424194039448394,-0.43425525643246865,5.916711076131396,0.7804719710963323,-0.41403958006134556,0.3566736025184875,1.1582729360676967
162.68,5.946540979335834,0.40510613177144095,-0.41750953911174515,5.963093557507358,0.7619800099310863,-0.39759334220168424,0.35725754401667964,1.1411140268979816
162.78,5.992974622449838,0.3865574822867592,-0.3923509106344336,6.010073374937946,0.7451243274001821,-0.372543550900746,0.35897430235497774,1.1348781160376717
162.88000000000002,6.039398095364531,0.37162083578342364,-0.3548452633136001,6.057875078036917,0.7307512603200672,-0.33464355876757673,0.35960542364728804,1.1574724094573885
162.98000000000002,6.086332190473408,0.3594075792237443,-0.3098018675435879,6.106299475896746,0.7189839458811241,-0.2898133755285647,0.3601303318879146,1.1452562312917773
163.08,6.135518526727408,0.35041553713850015,-0.25651718283356884,6.155232004733562,0.7104072798213872,-0.23597272057647548,0.36053110270122474,1.1771109796972627
163.18,6.185583411300768,0.34389459234527026,-0.19758071434945146,6.204449622498293,0.7051868820164419,-0.1773233678806587,0.3617845387807326,1.160660456796067
163.28,6.23335766623995,0.34028682095188106,-0.13405478264261972,6.253869493153688,0.7034081754953929,-0.11342871382590936,0.3637002243178494,1.1817866911439
163.38000000000002,6.285394970341232,0.34185735696450364,-0.06568114346973042,6.303239738916262,0.7053978291529612,-0.04524293745131605,0.36397817336277605,1.1710229456740218
163.48000000000002,6.331521387174371,0.3460828867481224,2.6467162701049318e-05,6.352445100914284,0.7106222475321707,0.020620240776112127,0.3651393533399439,1.1799363122963336
163.58,6.3815096570711525,0.35253021511508736,0.06199878872914111,6.401291948521827,0.7186506288435459,0.08239549274970143,0.36665446458994205,1.1686450563556239
163.68,6.4340404974708445,0.36332628249409515,0.12143165010883572,6.454223968310123,0.7299373197221151,0.1417328342748309,0.3671662091104308,1.1631721718293386
163.78,6.48505120305427,0.3761158489927242,0.16988146505185808,6.507249194153314,0.7432295982351724,0.19052719568323473,0.36778425155474015,1.1829132301418461
163.88000000000002,6.537650112715985,0.3887579470231765,0.21052513776647208,6.559976940324109,0.7581258448311496,0.23086786539913548,0.3700420667466392,1.1655524371357693
163.98000000000002,6.58997190779262,0.4049399130722704,0.24470411893596156,6.612403012039767,0.7744496546653887,0.26496500612986146,0.3701899560630454,1.160863325401122
164.08,6.642009538480298,0.4213134908625787,0.274030657922377,6.664485432938225,0.7920521210908676,0.29453715985047363,0.37141930183450594,1.174936013056821
164.18,6.693780997864456,0.4390659574468775,0.29895429006694285,6.716188226552274,0.8106939342293442,0.3195670526186096,0.3723028834496152,1.1810242983158197
164.28,6.745685373578732,0.457415457648606,0.3196306855912368,6.767591036205727,0.8301813565453465,0.3403473704328146,0.3734089894946594,1.186978606925056
164.38000000000002,6.796769219556468,0.47637110941605515,0.3371529537474128,6.818739663814448,0.8503854068761453,0.3578438227803564,0.3746590384942792,1.185499470045602
164.48000000000002,6.847564421094978,0.4966860445949433,0.3510683043591345,6.869680778985974,0.871109264416936,0.3717178349416412,0.37507583343669443,1.1831309513039532
164.58,6.897609787928679,0.5161740175099415,0.36192050404107645,6.9204623324060135,0.892258549759988,0.38286929118835555,0.37677820290832215,1.2002770894569963
164.68,6.949768915539129,0.5365192518533947,0.3708916737338348,6.9711103046473335,0.9137456587901677,0.39190608963938234,0.3778296136878311,1.2040373403204618
164.78,7.000508954274133,0.5576405504620437,0.3780209279852804,7.02165509506199,0.9354624796754201,0.3987069213788573,0.3784132258057815,1.18522011648746
164.88000000000002,7.051219015468772,0.578965989667102,0.3836604665160383,7.07210145610932,0.9573965475489553,0.40433714751676414,0.3790062842036749,1.1846865556799262
164.98000000000002,7.101133724564155,0.6001537712997532,0.3885354968108579,7.122460757064932,0.9795520621281321,0.4094128855963325,0.3799972439357742,1.1961862646614485
165.08,7.150657195115151,0.6213782942082442,0.3925853462692728,7.1723431066063394,1.0016988099742536,0.4135057614945132,0.3809382803942485,1.198651498067505
165.18,7.196842388405264,0.6406154030286423,0.3950804447317799,7.218036351422689,1.0220559079453484,0.41616751151225645,0.3820288508208453,1.2081999288318277
165.28,7.243744860357975,0.6594961911110877,0.39614697473369054,7.263709892612007,1.0423994095841331,0.4174533401316164,0.3834233655242222,1.2207648140647263
165.38000000000002,7.2904994679479485,0.6788276397525427,0.3965424932140986,7.309396579758237,1.0627146781709693,0.4178771750809333,0.38435186886555023,1.2223872282239157
165.48000000000002,7.336009621965929,0.6980155436121284,0.3966998262215742,7.355095521930043,1.0830024830118588,0.4178366849784342,0.3854597450912505,1.211052798932214
165.58,7.382710786192707,0.7170032959754052,0.39610619467974906,7.400811807082544,1.1032429583332988,0.41733745949971524,0.38666357953082925,1.2164618679086436
165.68,7.428749307764621,0.7362721310069598,0.39582296216200197,7.446545418018855,1.1234500147998887,0.41674238798548674,0.3875866551347603,1.1985948095226642
165.78,7.475054683082282,0.7561203297432588,0.39504449814427245,7.492292414887355,1.1436223469781677,0.4160692761125484,0.38788523142665177,1.20463104278185
165.88000000000002,7.521730195373625,0.7748710309513149,0.3944803603737639,7.538052242301979,1.1637651697272582,0.41541352547531635,0.38923650958024736,1.1993820121694994
165.98000000000002,7.5687479299644185,0.7930025929148315,0.3938191506556303,7.583824399730985,1.1838820206153773,0.4147982960325393,0.3911700741878504,1.2020164878882804
166.08,7.614148839039932,0.8129246769936482,0.39334919801232315,7.629604438177161,1.203976330490153,0.4142399428138608,0.39135696141379817,1.196951508012971
166.18,7.661242826675921,0.8311937364604639,0.39275990680693296,7.675393302888331,1.2240514163139302,0.4137478709811567,0.39311244268896733,1.202521767754793
166.28,7.707596466779962,0.8507136431247135,0.3922356843522323,7.721200868798996,1.2440835843292992,0.412981332216477,0.39360511988234437,1.188638065885809
166.38000000000002,7.754033393858844,0.8693429355545095,0.3874459199921456,7.767157293382796,1.263708398198715,0.4082512471019238,0.3945837742042785,1.1920574347794044
166.48000000000002,7.800272105244462,0.8882758091516294,0.3764274168162731,7.813416247723606,1.2824955052319855,0.3971338980310996,0.39443876236901515,1.1863939821764795
166.58,7.846947353875269,0.9050250757616144,0.3571356727454922,7.860195948446967,1.299923067156845,0.3776654369278072,0.39512017015853895,1.1762688420454952
166.68,7.894031117757659,0.9204505885872709,0.3269295788708242,7.907684114017553,1.3153591733233747,0.3475699894639534,0.39514452369373054,1.18260841440342
166.78,7.941818434580056,0.9326985238776733,0.2880534377526671,7.955853474446748,1.3284073320492262,0.30863911822876655,0.39595762804700524,1.1794726096853567
166.88000000000002,7.989538042201623,0.9411383638098559,0.23897999469679632,8.004643308380095,1.3384968474017582,0.26012202017548813,0.39764548727324767,1.2113488302870952
166.98000000000002,8.038330609709353,0.9469867914407576,0.18499641007900136,8.053773121176881,1.3455102528662566,0.2059087067780873,0.3988225425762515,1.198186340782988
167.08,8.08855539725674,0.950428745615853,0.12492221953680603,8.103372097554697,1.3491018064224367,0.14568410792525163,0.39894829742788657,1.1895685793796031
167.18,8.138214048560979,0.9494575764806312,0.06032595655802675,8.152880204056594,1.3491623373715167,0.08086123701377294,0.3999737391327854,1.1765849012317429
167.28,8.18838883435241,0.9451784014976238,-0.004366421690240596,8.20220466066286,1.3458913511362098,0.01627014766567059,0.4009510507090567,1.1823883277227185
167.38000000000002,8.238880366830077,0.9383317816214449,-0.06427161052277919,8.251355637415035,1.3398775981700843,-0.04376315672638474,0.4017395613626837,1.1750478468724523
167.48000000000002,8.289211239601322,0.928426365845969,-0.12337998977044996,8.30434405454034,1.3307483349587368,-0.10246538029934106,0.40260646904732345,1.198318852858879
167.58,8.343785413326067,0.9162850045511606,-0.17254578973398127,8.35772315530703,1.3194742760879306,-0.15198447807567997,0.4034301046450043,1.1780763792738005
167.68,8.39531886668354,0.902405249244984,-0.21337008534789748,8.410975003292084,1.3065669061084815,-0.19251292671662804,0.404464781522635,1.1950271622065958
167.78,8.447158649274666,0.8870988286715904,-0.24703472488881983,8.464038269062188,1.292281157157913,-0.22633968578677244,0.40553377280045305,1.185738397405525
167.88000000000002,8.499278159595073,0.8703025069855256,-0.2766654010531673,8.516713925171024,1.2766984627129105,-0.25589467990235554,0.40676981052284855,1.1900746593846252
167.98000000000002,8.549745894884445,0.8523848291436458,-0.3022861104642396,8.569098531273116,1.2600387078109532,-0.2810426357284695,0.4081129859826711,1.2171614445524181
168.08,8.601814755890668,0.8329885837253944,-0.3250183197035841,8.621211867083156,1.242344140096464,-0.3038728726025591,0.4098148599727464,1.2115448748058746
168.18,8.652965080102387,0.8140492297399146,-0.345295163271866,8.672398480361926,1.2238879920765648,-0.32430438559691227,0.4102992422114435,1.2026829694722792
168.28,8.698585182886221,0.7950732004877111,-0.3607293023143465,8.719372271891961,1.206359353546955,-0.3396368015153033,0.41181112511393414,1.2085112751614941
168.38000000000002,8.745400195517822,0.7763328784540651,-0.37208568067616943,8.766178952444958,1.1885203290032953,-0.3510694654106305,0.41271085656874973,1.2041404360537933
168.48000000000002,8.790303367870296,0.7572318647351104,-0.38054301507958455,8.812878570317638,1.1704870678399235,-0.35921706463251146,0.41387136003683417,1.2218869547224187
168.58,8.836464370934106,0.7380285656106028,-0.38582433212965017,8.859489968005313,1.152337224569579,-0.3647431833267039,0.41494800036736035,1.2078608536960882
168.68,8.883200383582066,0.7192635424027309,-0.389364373439546,8.90607030125407,1.1341287311084811,-0.368345286126437,0.4154950757038908,1.2043049922581177
168.78,8.929583724661095,0.6992102150142447,-0.3919766068628452,8.95263229093588,1.115862405309528,-0.37089922432520345,0.4172892091645555,1.207645062589613
168.88000000000002,8.97626128981934,0.6793730733458415,-0.39358359003891996,8.999170920684179,1.097571388823393,-0.372526732647665,0.41882536009012733,1.206469058327762
168.98000000000002,9.022955166672743,0.6599936891757239,-0.394824892900544,9.045702812723425,1.0792650114413886,-0.3735675909653189,0.4198879577640279,1.217953684723677
169.08,9.068611035098659,0.6409977664831187,-0.39554356287847225,9.09223119981165,1.0609579010803427,-0.37414443881200443,0.4206238543306684,1.226079494285434
169.18,9.116006110489945,0.622435856590929,-0.3955840806647666,9.138759503464986,1.0426482598267646,-0.37448413193379665,0.42082797046431347,1.2089380102269942
169.28,9.161654602223802,0.6031826710705233,-0.3961012177815666,9.185286964639097,1.024337456614527,-0.37468318977662796,0.4218173087249308,1.2271626101759867
169.38000000000002,9.20689682271883,0.5845580047016989,-0.3950981668946761,9.231857084318182,1.0061567205448514,-0.3733858630918578,0.4223369411497215,1.2440233714073363
169.48000000000002,9.25357266673365,0.564882796552829,-0.38950488736058864,9.278600131242818,0.9884531682851362,-0.36780052487431225,0.4243091252721329,1.243568367485707
169.58,9.299590053820069,0.5466996977548765,-0.3768772070814532,9.32567626022784,0.9717124567648269,-0.35523637680473524,0.425812559098483,1.23992824001487
169.68,9.344788218219358,0.5310489346618501,-0.3558291598005119,9.373215021001403,0.9564038021904708,-0.33436880918280715,0.42630370212642976,1.2295875172654507
169.78,9.39233096299926,0.5162946455818349,-0.325905368928862,9.421344910887992,0.9430316696661463,-0.3044681477831549,0.4277222193157893,1.228262296137621
169.88000000000002,9.44272465036654,0.5044135528037932,-0.2851542548664711,9.470104703858127,0.9323073793892793,-0.2637167423435134,0.4287689286307629,1.228278990824327
169.98000000000002,9.492158001873003,0.49574761186239075,-0.23660617716374555,9.5193585803228,0.924459457736047,-0.21523021958650818,0.4295738798628254,1.2247521522263938
170.08,9.540596144961016,0.4904647909914306,-0.17908371700792847,9.568782858600114,0.9201771885416927,-0.15783368716221427,0.4306358501497141,1.2175370246864596
170.18,9.589031081917266,0.4885245249213569,-0.11661546909497167,9.618251182990774,0.9192786963896967,-0.09526191294199307,0.4317441030797316,1.2234686451612842
170.28,9.640434084492757,0.490439724237002,-0.049214031322164065,9.667664615121963,0.9220532326091733,-0.02821287392454507,0.43247164347235817,1.2032776837735157
170.38000000000002,9.689149958259362,0.49707613327715233,0.02320901130451558,9.716600020252999,0.9288603108854386,0.04433367545389702,0.43265584699194654,1.2103540993908737
170.48000000000002,9.738529097006003,0.5071709036236791,0.10038052819857102,9.764762415698923,0.9397141119467773,0.1215566720083806,0.4333379905755823,1.2133036666641732
170.58,9.784061538566139,0.5211128525772808,0.18242408150348166,9.811674114173528,0.9547934432115314,0.20405304361309123,0.4345587520975112,1.239248244129002
170.68,9.829912674141903,0.5389156058763365,0.2667977995606805,9.857105913941883,0.9738716491905377,0.28841192524540893,0.4358052683325025,1.2383981796002492
170.78,9.873907947899383,0.561101535534769,0.35372776195083017,9.90055816869556,0.9969212935397073,0.37513648182350684,0.4366338233989299,1.2266292934822263
170.88000000000002,9.915527898383381,0.5863343808073643,0.4356320581484614,9.942158070381192,1.023278887517546,0.45725406461427665,0.4377552603965337,1.2388497150957907
170.98000000000002,9.956128681111045,0.6146597233565358,0.5116499979774336,9.981995018735995,1.0523716109475996,0.5330046517107692,0.43847549984082346,1.2235315318834146
171.08,9.997680516842438,0.6477995110106195,0.5839116377532421,10.023011184489988,1.0860681216994246,0.6053524372044614,0.4390000203172729,1.2284673179412802
171.18,10.039080833740234,0.6836173170776585,0.6444225838737829,10.06368921091296,1.1225302345028232,0.6659001181721891,0.43960223078340327,1.2305720696461422
171.28,10.07873954411822,0.7202549661137922,0.692459156997218,10.103170045274572,1.160416237646968,0.7141139143764528,0.4408387396139915,1.2407262042099254
171.38000000000002,10.118675038532611,0.7588203402103308,0.7351780912726806,10.141284701116298,1.1997617980110453,0.7567465252854342,0.44152074249073214,1.2357802396371924
171.48000000000002,10.155510400752327,0.8000943483911185,0.7740225054001411,10.178165567963587,1.2404068950417824,0.7955445471653219,0.44089499355216455,1.2331221596491482
171.58,10.191748031464936,0.8388415490884572,0.8064916634053347,10.212568873269243,1.2804966682537418,0.8279994748465418,0.4421456227741508,1.232306822144349
171.68,10.225430612519496,0.8768961286325976,0.8319984661403936,10.244425630939977,1.3190390094609608,0.8532259611919282,0.442550717762381,1.2162458760877692
171.78,10.258964124155613,0.914686683564119,0.8506351951217928,10.27578895976193,1.3579681479151784,0.8720458391630909,0.4436006444206311,1.2267395402233063
171.88000000000002,10.288665385904968,0.9533437035830726,0.8650057831556859,10.306767384047932,1.3971947686090669,0.8866161067420066,0.44422004711795393,1.2381803354081964
171.98000000000002,10.31968434056121,0.9927024593672109,0.8761193280345172,10.337452989140901,1.4366590867216915,0.8975480612345367,0.44431206583246613,1.227775972672983
172.08,10.350552654094981,1.031055566743365,0.8839369737441289,10.36797508193001,1.4762531336449023,0.9052860013670381,0.44553834242039775,1.2232091795009057
172.18,10.381836102496807,1.070080920923078,0.8893479223080949,10.398378084556153,1.5159405675628619,0.9108089247128076,0.44616640580864525,1.2296248619101493
172.28,10.412633917013501,1.1092731965356362,0.8933781772183609,10.428691156925074,1.5556969586117935,0.9148252260964468,0.4467124469944926,1.2288253837251097
172.38000000000002,10.445547485419446,1.1499226184369002,0.8964184225287035,10.458946271214048,1.5954998630806072,0.9176393929423873,0.4457786540482255,1.2158720418760682
172.48000000000002,10.476343510999657,1.187886945074448,0.8979181801847329,10.489159675901657,1.63533582663336,0.9196342006792859,0.4476323890103535,1.2442363221574864
172.58,10.507581583170571,1.2271609750717691,0.8992320422582545,10.51934753403817,1.6751920669747011,0.9210019114254133,0.4481855608021662,1.247321623830182
172.68,10.538221647471754,1.264137427297298,0.9000152179738568,10.549515537511464,1.715063606709482,0.9219664963776045,0.4510675905354963,1.2577156074514182
172.78,10.570068671948603,1.3038216443612163,0.9016166553609766,10.579615791458593,1.7549838559969628,0.923413554647431,0.45126321443144046,1.2488703355855557
172.88000000000002,10.600090234244506,1.3440703716678795,0.907410670510682,10.609319459446844,1.795180785698525,0.9291652553682614,0.4512048140753108,1.2464458973985095
172.98000000000002,10.629616050241705,1.3844591736544556,0.9182680442328193,10.638373486190899,1.8358369993003611,0.9398151226246376,0.4514627716315375,1.234556652688725
173.08,10.65958895594385,1.426065267542427,0.9372388415114938,10.666282471670927,1.8772468101670627,0.9588297438163862,0.45123119080792123,1.2370675779496134
173.18,10.68520768574305,1.4672860222455444,0.9674827262287888,10.692364135681562,1.919759516080106,0.9891223925353447,0.45253008452320326,1.239861549437103
173.28,10.710470842770121,1.5118990481168884,1.0083003592201607,10.716125965529079,1.963534367949383,1.0298187013364197,0.45167072357373206,1.2329101853802507
173.38000000000002,10.732418135546743,1.5565749880900848,1.055672220959534,10.737444640108157,2.008528202274759,1.077447277189942,0.45198116505000935,1.2476188206624255
173.48000000000002,10.751357301456292,1.6041735593012056,1.11109527725053,10.755792767949883,2.054761899786832,1.1327709833361919,0.4506101707070167,1.2419264766744569
173.58,10.767739172131567,1.6509568422876397,1.1734630762092981,10.770681296964934,2.102086583480333,1.195062895956756,0.45113933489236047,1.2375785097726657
173.68,10.779567388248612,1.6974261135759272,1.2443253269794334,10.781656980320184,2.150450484558467,1.2661643751284963,0.45302919011819903,1.2512852875242966
173.78,10.787060516197764,1.7459550610753973,1.3154113746352423,10.788801097995513,2.1992877169866936,1.3370581728121627,0.4533359974021304,1.240270175509023
173.88000000000002,10.791892815610552,1.7949704856321191,1.387637910094255,10.79227223698802,2.2484992370201615,1.4093254114790776,0.45352891009965224,1.2426022975344613
173.98000000000002,10.792631495584075,1.844462719293321,1.4567080177521483,10.792580912097295,2.2978495442353686,1.478578197558939,0.4533868277637983,1.253069000121341
174.08,10.79132137147838,1.8959124035193557,1.521710737039503,10.78991454205876,2.348285959256911,1.5434603446271034,0.45237574327062996,1.2461607208352063
174.18,10.787019901093187,1.9495476269976255,1.5811902213727944,10.784468780827435,2.402387320547502,1.6031104072183375,0.45284687949565944,1.2559341350920263
174.28,10.780789779168435,2.003434476429702,1.6294237722471714,10.777080082911027,2.4565244253464456,1.6513577266488277,0.4531051353225867,1.256723015247304
174.38000000000002,10.772416174394035,2.0568959205869684,1.672295848122489,10.767751777798592,2.510425481545739,1.6942656297103507,0.45355354618727745,1.2587757618086979
174.48000000000002,10.761656118749752,2.1109822493682673,1.7106970608660632,10.756611512489016,2.564144194118828,1.732781792315346,0.45319002220088206,1.265361903723736
174.58,10.75084662333438,2.1603576700678073,1.740235878862957,10.74507314333761,2.613965403601233,1.7625898251196797,0.45364447422249576,1.28078677597247
174.68,10.740548921970724,2.209733686772584,1.7642068630242254,10.73294439953575,2.6625706864788703,1.7864463222759035,0.45290084683565685,1.2742271537743293
174.78,10.728069316945842,2.258348268643093,1.783125688985492,10.72018922885532,2.7109896714537434,1.8054737484838639,0.4527099903102514,1.2804494895639569
174.88000000000002,10.716150117033006,2.306730699059565,1.7987374737202544,10.706880954760686,2.7593141148391256,1.8210635881742434,0.45267832464999397,1.279192131139595
174.98000000000002,10.703294553482184,2.3549939275125555,1.8105483469681236,10.693209617647955,2.80753198732908,1.8330684091645992,0.4526504186602335,1.2903045182301676
175.08,10.689228272039633,2.403297616146309,1.8197855010421435,10.679261064794114,2.8556470151111886,1.8422667518931093,0.45245919591070644,1.288080791935228
175.18,10.676869407909125,2.451830556156947,1.8264751969107078,10.665120307417023,2.903674766655103,1.8491107339524462,0.45199693795763213,1.2969207395036495
175.28,10.66373197251366,2.499094934860662,1.8316643045712546,10.650838620959911,2.9516447659960776,1.854230637048905,0.4527334626189913,1.2929556100583652
175.38000000000002,10.65041560159607,2.5476040599335743,1.835517258831213,10.636443411327587,2.999567030477873,1.858112686684103,0.45217889031236885,1.2946226522629403
175.48000000000002,10.635814607132106,2.595154176697567,1.8384156585336122,10.621962279270743,3.047450798353911,1.8610557625602244,0.45250869709754804,1.29718240846202
175.58,10.621530666415751,2.6447231450706505,1.8406017675544029,10.607421619162496,3.095309468476005,1.8632273333358695,0.45080716504326906,1.2963494283736554
175.68,10.609349608707038,2.6931383167298186,1.8415985033710751,10.592896704176301,3.14316225288409,1.86417448884115,0.450324595352376,1.293508685783961
175.78,10.596031985367913,2.7425331266770057,1.8400014827224258,10.5786074746886,3.1910708895822584,1.862319142955394,0.44887608348458735,1.2787077399560325
175.88000000000002,10.582738672786899,2.789662669336522,1.8308996199921073,10.565127721147356,3.239192979945442,1.8534820065808069,0.4498751446499379,1.2938754428653196
175.98000000000002,10.57213721298682,2.8388969824317787,1.8137656678292509,10.552968578667459,3.287640827923761,1.836241886860351,0.44915306456552395,1.2877924898936552
176.08,10.563014913951164,2.886959425247765,1.7881221486705219,10.542570739487179,3.3364753653113866,1.810648354420505,0.44998060473846563,1.2906565179173588
176.18,10.555441355147728,2.936518397167759,1.7594267695040255,10.533789996299008,3.385631694500172,1.7818448734207593,0.44963489097354137,1.2844627391145422
176.28,10.548408387053499,2.986130750241847,1.7304765795011658,10.526446489728942,3.4349916008657826,1.753073626573294,0.4493978061327596,1.2947154266913983
176.38000000000002,10.543891207527707,3.0389656958994715,1.7010557212995938,10.519975895407532,3.488132825413256,1.7238366021752556,0.44980334857519505,1.3052483277657105
176.48000000000002,10.539327717632387,3.0933354003521782,1.6755561765527365,10.514537106011622,3.542723733328094,1.6980061660796368,0.4500716034581654,1.2862896500042904
176.58,10.5359119670566,3.1491757899773063,1.6537504422299165,10.5100488173334,3.5974768639053427,1.6762675377901903,0.4490464958093265,1.2901345424964534
176.68,10.534292154074786,3.203900330387101,1.6357696434990079,10.506355296518533,3.6523335268480546,1.6580010299478687,0.4493025703223901,1.2737646162440548
176.78,10.531856200753456,3.258264571279393,1.619944682687952,10.503377247171931,3.7072493155757575,1.642248828848465,0.44988704294297066,1.2779334406403091
176.88000000000002,10.53053409270461,3.3132507326290734,1.6063347845341156,10.501003715371448,3.7621968840810425,1.628824557301872,0.4499163145396855,1.2885690618006957
176.98000000000002,10.528976048430849,3.3700884280335273,1.595184250315817,10.49914422194176,3.817184721449512,1.6173420175169004,0.44809043000044896,1.2695465440554894
177.08,10.529968522982927,3.4245966354485398,1.5855636528164567,10.497694996867455,3.872180516071934,1.607795207546641,0.44874593110336125,1.2737742580536646
177.18,10.530492389997113,3.4785408299352287,1.5776460887364128,10.496578119886767,3.9271792760566053,1.5999231763519468,0.4499184737875528,1.2763831002132553
177.28,10.528523230297711,3.533202765348627,1.5712347925278742,10.495730125855106,3.9821828937382318,1.5934697343286677,0.4501761248530732,1.2739683229044785
177.38000000000002,10.530384602848017,3.5893122415025744,1.565734669478455,10.495108615611443,4.037191733011354,1.5881242164433471,0.4492665513808898,1.282826546298256
177.48000000000002,10.531133057846777,3.6434407288451944,1.5610927873324922,10.494667462047309,4.092212531655808,1.5837529256910348,0.4502508974726187,1.2983302911269916
177.58,10.532943934995998,3.6985417500445634,1.5572162292185727,10.494400583086241,4.1472156008766135,1.5799240149554001,0.4503263421085869,1.3010602848075792
177.68,10.534339377583605,3.753829592805877,1.553561682530906,10.494309503440075,4.202142576425752,1.576401449241188,0.45009656975598145,1.308622237562554
177.78,10.535903884749196,3.805941317829066,1.5510717285815059,10.494330511516365,4.254614918763261,1.5737063026125673,0.4505955454032071,1.2968655630562327
177.88000000000002,10.53603109717613,3.8565495819877613,1.549475447677849,10.49437421356334,4.30463411949835,1.5720752744535842,0.45001672047648145,1.294874691976381
177.98000000000002,10.536162550907896,3.9051516970574776,1.5486808766289901,10.494407350801868,4.3546458414242935,1.5712473654038095,0.4514293771521193,1.2929645652264978
178.08,10.537639373839909,3.954929074492038,1.548153005898196,10.494432713059597,4.404648276098851,1.570842664496323,0.451789968712957,1.3000216762653904
178.18,10.5386481232084,4.002760862806178,1.5477776095240092,10.494445528772912,4.454649305333255,1.5707217456144351,0.454045189209594,1.3146021625551967
178.28,10.540966539896132,4.053688171049734,1.547805765250691,10.494444426269956,4.504649397642309,1.5707701142608157,0.4533545355967302,1.31576027754558
178.38000000000002,10.542092875916039,4.1048210440499515,1.5484701419538258,10.494430849312547,4.5546497410132325,1.5709050367117374,0.4523466871677466,1.2854247834485097
178.48000000000002,10.54421995103364,4.155743712933891,1.549013733792399,10.494402183759194,4.604650360499833,1.5711115263189759,0.4516624715040025,1.2661102483285853
178.58,10.544051512714134,4.205284117555771,1.5488849870742325,10.494360570895305,4.654651215643242,1.5713396742072636,0.4521061584875804,1.2865588030093973
178.68,10.544618536116843,4.255996463501307,1.5492645914042058,10.494307653281405,4.704651984614222,1.5715659997198255,0.45146756423555234,1.277776573682965
178.78,10.545821838572124,4.3044902931615,1.5492050191656592,10.494244229239081,4.754653123754777,1.5717847045651114,0.4531079604600473,1.2937206761217779
178.88000000000002,10.547744695799809,4.355466526478645,1.5495951864762116,10.49417187419778,4.8046536697584,1.5719855577898707,0.4523705747528562,1.2828737780034531
178.98000000000002,10.548277321937682,4.405218116526246,1.5504616501069581,10.493975547774566,4.85465822400994,1.5733156382616913,0.45270861808918167,1.3094370663081865
179.08,10.548706323252405,4.454533800653773,1.5556790631936732,10.493307142598557,4.904686382967553,1.5784195737301543,0.45354869262393627,1.3029352777131449
179.18,10.548358906861854,4.504778534224153,1.5680509775541573,10.49157084541485,4.95471734316086,1.5907979044396856,0.45350834138998086,1.3033029074334317
179.28,10.54638140835115,4.556102847366461,1.5882859324215428,10.488352365884184,5.004675421004791,1.6108738218745613,0.45231042834556456,1.2941907337660248
179.38000000000002,10.541453791467857,4.605611625184742,1.6172962088700367,10.48308664966329,5.054497720691433,1.640304267019459,0.4526648318366215,1.3182646267534772
179.48000000000002,10.535982669643197,4.6540399693914285,1.654917347300619,10.475409408068401,5.1038832999987145,1.6782415694482966,0.45390322989560733,1.3363794894874934
179.58,10.52595083009605,4.701591311153075,1.7025068117233613,10.464783009259696,5.152703266742843,1.7261168155339681,0.45524004523096673,1.3527535726355635
179.68,10.513355578330632,4.751137507443927,1.7577284034612302,10.451072805027142,5.200501216012326,1.7811604610913936,0.45365943881806253,1.3425580075156818
179.78,10.496431155572326,4.7990076461210895,1.8209146747536782,10.433892785078983,5.247028989268007,1.8441838395144396,0.452365086737616,1.3332249335861737
179.88000000000002,10.475813432206673,4.843693588193821,1.8897348788870645,10.413252322553737,5.291962327926653,1.9129517448271791,0.45261325153232995,1.3302284318895985
179.98000000000002,10.45205137035641,4.888017901644108,1.963112896798145,10.389099047674009,5.335179628113957,1.986450835317644,0.45157126187414237,1.3371653797030825
180.08,10.424917757085396,4.928759073709667,2.042434609818464,10.361340232971312,5.3760324114739735,2.0655385432321727,0.451769344076488,1.3237578747567986
180.18,10.395195603064511,4.9691013817115985,2.1243845678959388,10.330227712520948,5.414364857310788,2.147639483006373,0.4499782100328305,1.3324084887628846
180.28,10.36221844538881,5.003896022862516,2.2100884004551236,10.295858226157774,5.449601810067356,2.2333282161279935,0.4506188272190561,1.33154335471743
180.38000000000002,10.325119135320977,5.036151260084431,2.2978719761404682,10.258483013496889,5.481745574116438,2.321201384460715,0.4505492930073354,1.3366766352875334
180.48000000000002,10.285168160321184,5.064283257815882,2.3874382916454855,10.2183239325943,5.510343347974845,2.41114988494638,0.4510407462890973,1.3585742216719412
180.58,10.243197587462161,5.09116365846176,2.4740751864952943,10.175968517067794,5.53553700127432,2.497570765754125,0.44943010102628855,1.3461975287461152
180.68,10.200821584247164,5.113755740688143,2.553680294887422,10.13190771057312,5.557703910728591,2.577305989380977,0.44926506615474204,1.3536525825461772
180.78,10.15472988924426,5.133462766609792,2.624868103413895,10.086557548732838,5.577249944585885,2.6483667809099125,0.4489927920877903,1.3463750446608498
180.88000000000002,10.109452109957948,5.152295539085404,2.6887522864250153,10.040020297476332,5.594602654630278,2.7122378439540733,0.4477235319324957,1.3456233259267185
180.98000000000002,10.062228039806643,5.168210374635476,2.7423920434039486,9.992721093249852,5.610012297013274,2.7660038865358945,0.4472361280535892,1.3528589579854573
181.08,10.014938595207916,5.184169606535746,2.7870669769193226,9.944882798951458,5.623787271933169,2.810492057334539,0.4451645834055169,1.3421582425464555
181.18,9.967964617281362,5.196535393089628,2.8233235938143078,9.896655622879521,5.636241815321833,2.8469505869251415,0.4454511313655493,1.3537269878354437
181.28,9.920853822554575,5.208465811154474,2.852861105055893,9.848116770233498,5.647613772185248,2.876675034972347,0.44513100370323067,1.3644376778331262
181.38000000000002,9.871698137031025,5.220517525140167,2.8769056145656537,9.7993837612751,5.658144107380333,2.9005578269568684,0.44356103799159136,1.3551719461636265
181.48000000000002,9.823127524595872,5.231696155165629,2.895874880790966,9.750472389718649,5.668019820611766,2.9196302882853926,0.442331447731653,1.3610845900440909
181.58,9.772271715980194,5.2426054135754985,2.9111044240209245,9.70143311251083,5.677387250056393,2.934711849431477,0.4405148727060063,1.35260584119454
181.68,9.7239438172854,5.253460063431371,2.922829272611462,9.652287949701526,5.6863425251393345,2.9467378688721557,0.4387730495524359,1.3698616598200135
181.78,9.675539136907718,5.262654759501635,2.9323123806524634,9.603062434266798,5.694998315437354,2.9560602427419433,0.4383763483410594,1.3606522701859318
181.88000000000002,9.624537585263424,5.272459421504058,2.940484572935142,9.553766142409978,5.703357842691625,2.964006047742077,0.4366715544954775,1.347681234360656
181.98000000000002,9.57545826045141,5.281460215179835,2.9496521132635123,9.504391654955478,5.711207648068431,2.973101602624882,0.4355838822672994,1.3435567721434207
182.08,9.526223856717106,5.289705484567822,2.9634578193584438,9.454863107095743,5.718084056667745,2.9869148061135267,0.4342816570163792,1.3439863411605224
182.18,9.477004508584717,5.296092313168478,2.9850585963863554,9.405097755618907,5.723412407284758,3.0086014767303273,0.4333278711987406,1.3489076812910934
182.28,9.425605627546094,5.300483239209027,3.017396706219539,9.355153995609458,5.726502013288024,3.0407929463266408,0.4318048497994286,1.3405058146116344
182.38000000000002,9.376958432012525,5.302927738598473,3.0568326423180188,9.305233943910617,5.727177914873209,3.079952593237277,0.43027039668402167,1.3246756102231105
182.48000000000002,9.327477968134813,5.301961864908957,3.103637697662886,9.255338411876846,5.724990147284704,3.126849801845369,0.4291352272499551,1.3299556032742477
182.58,9.276737343088271,5.29804223176975,-3.1269494082231715,9.205902722314754,5.7197711654570025,-3.103657801034963,0.4276363373347911,1.3345107899609205
182.68,9.230174123378886,5.290593036276952,-3.064282288864871,9.157130414106273,5.710858132541087,-3.0409818354086764,0.42656551032895823,1.335017643780968
182.78,9.180233667767457,5.278567297929911,-2.99557738637433,9.109319171894214,5.6982361436030375,-2.972104555627063,0.4256181454702923,1.3448941350433046
182.88000000000002,9.132526532873145,5.263738569044793,-2.922434214986624,9.062663598625193,5.681928910158323,-2.899115135745865,0.4239858381861175,1.336084822626632
182.98000000000002,9.088915197935393,5.244017940332632,-2.8444563869582646,9.017633827003587,5.661738830013077,-2.821040414175739,0.42375910080768775,1.3416364136319239
183.08,9.043847380219747,5.221650342232841,-2.7636043113777804,8.974442860652559,5.637868353115137,-2.740490085790309,0.42196495105537823,1.32434757287541
183.18,9.003079097497821,5.194355185991323,-2.680669931237957,8.933550437014237,5.610359947470916,-2.6573882029576694,0.4217750540303857,1.333944770230847
183.28,8.963718765655067,5.164560262704646,-2.601392925068926,8.894724311645456,5.57988936562578,-2.5780557296739333,0.42102078145545013,1.3371228018052272
183.38000000000002,8.926299409715526,5.133460021700489,-2.5280923047270205,8.857782779915526,5.546987976293515,-2.5050619165020285,0.4191657163808153,1.319544045839831
183.48000000000002,8.889545733065443,5.098759211308572,-2.4629091602249185,8.822372479576542,5.512075053794435,-2.4400711922109126,0.41873885851934384,1.308519179857305
183.58,8.85523672639815,5.063834931304853,-2.4064848905361567,8.788587516730974,5.47559712136556,-2.3837785015424884,0.4171213472274574,1.300980257319497
183.68,8.82255967344056,5.025784345914466,-2.3582561454740203,8.756105321646912,5.437766405040337,-2.3352014676696493,0.4173073183085902,1.3209357362243928
183.78,8.789694788298945,4.987484229116618,-2.317181713127641,8.724697211280457,5.398835034508058,-2.294085179955521,0.4164542833426739,1.3233338721463803
183.88000000000002,8.758006681878832,4.9483225552142605,-2.2844201278678495,8.69423663465557,5.359184622646786,-2.2610516636519473,0.4157815019668214,1.3389143732736877
183.98000000000002,8.726891223244019,4.909188674680021,-2.2576453371975456,8.664573867155578,5.318967686683679,-2.234503982991963,0.4144903998267602,1.325901928197195
184.08,8.698395279127757,4.869024276030911,-2.236766669893078,8.635518837381337,5.27832890393122,-2.2135058373239955,0.4141059349336852,1.3327475341688821
184.18,8.66929847125806,4.827873639711898,-2.219987407463205,8.606985383533495,5.237326706707493,-2.1965987161683764,0.4141675204236427,1.3400732995280518
184.28,8.639100770884077,4.786537937833429,-2.2069368118484727,8.578844154545871,5.196035087414332,-2.183443516726687,0.4139067229792413,1.3460666573336166
184.38000000000002,8.61163900131248,4.747076489634261,-2.196516029776933,8.550998696886392,5.154525879052718,-2.1731773410921607,0.4119371935846072,1.337208361007176
184.48000000000002,8.581646397368711,4.705933652558698,-2.1863931533753034,8.523550753408783,5.112770354426965,-2.1631314677869,0.4109637524577667,1.3327964085758164
184.58,8.553848369271938,4.663917234540497,-2.1718837763186114,8.496899834751945,5.070527783780212,-2.1485949143435854,0.41057919374585616,1.3343535008316965
184.68,8.528673255219294,4.622029405265094,-2.150492599477924,8.47152360766562,5.0275328893972855,-2.1268073429396046,0.40951087636210065,1.3570652363303417
184.78,8.50422656779795,4.577687334891816,-2.120499220437021,8.447855140181549,4.98362784717169,-2.0965575342708047,0.40983586636793795,1.371757571750954
184.88000000000002,8.482147651858153,4.533415188705451,-2.0836902636657877,8.426187534853844,4.9387108474603965,-2.0598457111632573,0.4091406918173028,1.3661922227730954
184.98000000000002,8.46038916413679,4.486636258789736,-2.036112221524399,8.407318887509351,4.892623773728093,-2.0119357752724807,0.4094414690125258,1.3852083338597954
185.08,8.44449007631371,4.4400678219244005,-1.980072864901209,8.391542396349818,4.845494643438862,-1.956023675853765,0.40886961786965464,1.3779170331307804
185.18,8.431430292284752,4.391150895023367,-1.9210117724815763,8.378806609882602,4.797572337590389,-1.8968147181858874,0.4098141541330918,1.3863890877918703
185.28,8.42103392513347,4.3433081199985875,-1.8634977998004263,8.36879129924055,4.748867914913269,-1.839385717374088,0.40891079615415676,1.381520558300748
185.38000000000002,8.41171799545041,4.295080391893621,-1.8103470818414429,8.361192109023996,4.699577478388323,-1.7864665561075437,0.40764047662355296,1.3682533371059773
185.48000000000002,8.404757103947322,4.246050342573324,-1.7633744745315993,8.355685168110561,4.650267186184409,-1.7392949147463794,0.4071846160474084,1.3796571482260442
185.58,8.40029247891525,4.196992832415633,-1.7218559753512792,8.351936004883555,4.600645165894695,-1.6980972103901766,0.4065385035932884,1.3612769587144822
185.68,8.39594640916621,4.14699864902371,-1.6890322655391425,8.34931893330439,4.550743556363749,-1.665023587455017,0.40642843368576065,1.3755959259086288
185.78,8.392381955222003,4.097128346291114,-1.6665646155357752,8.347130509957625,4.500693756844162,-1.642808059177042,0.4060944888734212,1.3611504151200908
185.88000000000002,8.389038554719122,4.04739142844845,-1.657944689885469,8.34455557145544,4.450683284382936,-1.6340058799719221,0.40573767000750466,1.371592774612173
185.98000000000002,8.383199936256988,3.9975658066125,-1.6613191971585166,8.340990689433346,4.40079645887912,-1.6377478002112087,0.40543381635574377,1.3505415623082966
186.08,8.375523717123006,3.9482076565994837,-1.6778134230581923,8.33580750965069,4.350977028308897,-1.6542344204377661,0.4047227988675452,1.350977335278325
186.18,8.367624059751357,3.8984086085632477,-1.7055685439698098,8.328532915944663,4.301406594586444,-1.6820018871896634,0.40488948401121516,1.3502699707357588
186.28,8.357616099531036,3.850180757301656,-1.7463294308711148,8.318504581024374,4.2523641965563055,-1.7227224597555697,0.40408072175073545,1.3525798120079755
186.38000000000002,8.343981253857027,3.801616106328605,-1.7962417686340817,8.305506641505447,4.204324962234553,-1.7726120631830904,0.4045426039624033,1.3538823934790771
186.48000000000002,8.324968011587853,3.7545774582347806,-1.8540916671857477,8.289308882179242,4.157316055357402,-1.8302615076946296,0.40431417378380047,1.3653675639646894
186.58,8.30466368853181,3.7089279834411784,-1.9212828100177333,8.269502697218623,4.111966411353877,-1.8973216761673113,0.4045692396666677,1.372871841977231
186.68,8.280831325151368,3.6652682304344677,-1.9921008359349048,8.246334747834876,4.068232593406905,-1.9681566704784832,0.40443824209925416,1.3718996246158965
186.78,8.253345747924316,3.6246071807057945,-2.0698344439866956,8.219479802664507,4.026756979645241,-2.04608021403733,0.4035732437059942,1.3610171216819085
186.88000000000002,8.221218249025677,3.585744929230903,-2.1504436916377427,8.18926016179685,3.9877257905538857,-2.126580297361552,0.40324921848565604,1.3672717768823774
186.98000000000002,8.187816203881454,3.5508033129728656,-2.235419629235703,8.155672263318937,3.9516569414542304,-2.211764588179591,0.40214035408245546,1.3553340167239059
187.08,8.149624151260237,3.5182721665241132,-2.3224255144801385,8.119018630180149,3.9186142465972353,-2.2986146170352972,0.4015102476872264,1.3642639300082375
187.18,8.10872339096872,3.4899629193311204,-2.4134347610426294,8.079427467423752,3.8892204457665263,-2.3895759996418287,0.40033089257721727,1.367006332675521
187.28,8.065993754984454,3.46505843954701,-2.5051554721728495,8.037317883986118,3.8635757559077373,-2.4813267227608424,0.3995476905412786,1.3652867723828475
187.38000000000002,8.020788550706571,3.4440271931474338,-2.5942157680326394,7.993198963843592,3.8415726176860154,-2.570264248340939,0.39850163095629987,1.372320991258928
187.48000000000002,7.974880398480663,3.426320501817605,-2.6770075592405314,7.94753853243825,3.822953761701564,-2.653042805377097,0.39757454707873047,1.3730792534446148
187.58,7.9283343291111805,3.4116322357055835,-2.7526090812891306,7.900664847216721,3.8072577792152904,-2.728650888160404,0.39659194508418705,1.3727033510353697
187.68,7.87983369623155,3.3990090593575313,-2.8192543027800374,7.852745502741751,3.7939500340490633,-2.7952560622383165,0.39586884661063965,1.3749978987803568
187.78,7.832197980553347,3.388154268504998,-2.8738406842450237,7.804336862386378,3.7826768142243465,-2.849697597945601,0.3955050960308721,1.3832969493770442
187.88000000000002,7.78143979285263,3.3806491627068005,-2.918715221910106,7.755485311075585,3.773107304864574,-2.8946919867830574,0.39331543126382185,1.3764299830303122
187.98000000000002,7.731902819564067,3.372726356212165,-2.9518413099593728,7.706327435974745,3.764496317943259,-2.927614193105437,0.39260387563105353,1.3881115455007769
188.08,7.682885911533491,3.365918837406561,-2.9708935939692607,7.656908131868991,3.7560774481845693,-2.9470496808514812,0.3910224886122569,1.3661555887253825
188.18,7.633114230637821,3.35907416452372,-2.977944501179258,7.607662691716526,3.7472214346008004,-2.9538717466944884,0.388980827421805,1.3792672332319251
188.28,7.58386903839302,3.350086298884041,-2.970127722389308,7.558659271769982,3.7370963909283472,-2.9460534981740447,0.38783030268060575,1.3793514425862388
188.38000000000002,7.534939323548447,3.3392182910409267,-2.9504834315954396,7.51000762575755,3.7252906480787114,-2.9264998876235917,0.3868765364085128,1.3741558473533104
188.48000000000002,7.486312214681554,3.326676921194198,-2.920717675983579,7.461892293490791,3.711454777047112,-2.8967837364549487,0.3855519821058231,1.3713137221118548
188.58,7.438844451248807,3.312170534455989,-2.8882609607247725,7.414372652004316,3.69590482064993,-2.864244719865306,0.384513811662255,1.3760292410170787
188.68,7.38959768246342,3.2952106030145263,-2.8546912307489647,7.36512809572104,3.6779603965075216,-2.830443477575553,0.3835311787772585,1.3892939195114302
188.78,7.3365562659914785,3.276069846997415,-2.821522397060691,7.314280612246584,3.65765949501677,-2.7973352840772283,0.3822392761416567,1.3858194925584808
188.88000000000002,7.286350401491202,3.255280055397686,-2.7931673389990577,7.263754677334043,3.636141765539869,-2.769118244940068,0.3815313997597246,1.3779115906932515
188.98000000000002,7.237384993943724,3.234691180664036,-2.7695241085441316,7.213603894754516,3.613693306614357,-2.7456064868566123,0.3797474847230855,1.3703787786854167
189.08,7.186749239782459,3.211913784971768,-2.7491749459754162,7.163808002932753,3.590368920236757,-2.724998048796598,0.3791498249460696,1.385234170068024
189.18,7.138923424357586,3.1885786767267863,-2.7316172529137814,7.114334906748969,3.5663481048744194,-2.707564433391033,0.37856879961399226,1.3781250440433608
189.28,7.088029252126542,3.166253609554358,-2.7168928083280752,7.065161426035117,3.541722818238843,-2.692716311445318,0.376164942731644,1.3852112347931878
189.38000000000002,7.037320859296022,3.1409602128815797,-2.703415553835341,7.016267550079857,3.5165124213052628,-2.6792048483685043,0.3761418656316483,1.3871712422840448
189.48000000000002,6.988070075087808,3.1170325484106503,-2.6913190511585237,6.967743223304657,3.4908631982556226,-2.6672031286576043,0.3743828730950824,1.381740578367254
189.58,6.943424671951735,3.0935755901618798,-2.6823504848579462,6.922813397682255,3.466703054752682,-2.658142611696657,0.3736963064561543,1.3870089631298856
189.68,6.898729816659637,3.0705755063192397,-2.675274489607811,6.8788613578735385,3.4427922733927465,-2.651214393319397,0.37274666644409865,1.3785419720045047
189.78,6.853707095667501,3.0470947960576655,-2.6704445105061874,6.834982897995413,3.4187708037070403,-2.6462944467619303,0.3721473501728066,1.3836967275178382
189.88000000000002,6.8080510650678985,3.025386293417186,-2.6668390066531904,6.791154657357249,3.394677277129009,-2.642855913667805,0.36967731773043694,1.3741300077323977
189.98000000000002,6.764476734632311,3.00173735929047,-2.664209398476806,6.74736128589203,3.370529534403057,-2.640421961547441,0.36918912092564965,1.3629197414862313
190.08,6.720452921818559,2.9779652655982325,-2.6624610618216016,6.703594450047302,3.3463425046137094,-2.638700536396395,0.3687627940765284,1.3613778258776286
190.18,6.675854121820012,2.9548662692201075,-2.661152691027456,6.659845010350868,3.322132640888664,-2.6375425981419567,0.36761512402051355,1.3527586762509685
190.28,6.632456984848897,2.932600338189982,-2.6603946587607146,6.616100445093204,3.2979116271317332,-2.6367809219351863,0.36567728152164874,1.3529674586354192
190.38000000000002,6.588563306369358,2.908673839751995,-2.660121883615985,6.5723663767863165,3.2736819413733644,-2.636294168520549,0.36536728750280045,1.3652275104086455
190.48000000000002,6.545330894574301,2.8856383827251535,-2.6596732109251393,6.528635437205449,3.2494478674299163,-2.6359712409257074,0.3641923660071696,1.3580228471131397
190.58,6.501657719059828,2.8627499788981043,-2.6595866180704553,6.48490261308345,3.225210646097145,-2.635768742591029,0.36284772128629006,1.3646637419392698
190.68,6.459015298049804,2.8404908507478033,-2.660212570685185,6.441109618786352,3.200981739121,-2.6362956861137006,0.3609353043829077,1.3703365450476066
190.78,6.4131950569901655,2.8175134608446597,-2.663982909190545,6.3971123712502465,3.1770196372409965,-2.640132807290226,0.3598657300268018,1.3665101798452104
190.88000000000002,6.367001908034328,2.795197324605558,-2.6757871181555144,6.352859291458353,3.154073939010949,-2.6518452318137884,0.35915517255176865,1.3717690409628103
190.98000000000002,6.320108601410953,2.775068290961284,-2.6962260180448974,6.307949858945636,3.1324601067232916,-2.6721527590686516,0.35759858080255663,1.3792961384643088
191.08,6.273774580930158,2.7558881227625953,-2.725666797237456,6.26234632199165,3.112649125700383,-2.7016103166168377,0.35694399885632183,1.3783348094996821
191.18,6.227490529623297,2.7391631329517647,-2.763871983824052,6.215931186282064,3.095084633914646,-2.7399289811288736,0.35610915920002795,1.3718330033040744
191.28,6.180839505315719,2.7253332319813675,-2.80796269754964,6.168811098832244,3.0799513502987836,-2.784039625949492,0.3548220573773799,1.3706910356777584
191.38000000000002,6.132666721522774,2.7140745773852712,-2.861142400304449,6.121001874345294,3.0678909273763626,-2.837097773598681,0.3540085848968813,1.3776556302080614
191.48000000000002,6.084225280962756,2.7060293857630935,-2.920200400551958,6.072534778292562,3.0590855387759546,-2.896069065464721,0.3532496497279546,1.3826236545146495
191.58,6.034782117203758,2.7026410301902892,-2.987650155787022,6.02360128004873,3.0541348573574303,-2.9634233029146166,0.35167161053473067,1.388096420473215
191.68,5.985938425952707,2.7029375337396275,-3.0585589118932353,5.974373391033674,3.053024741699749,-3.03432822289312,0.35027817975145376,1.38831621440068
191.78,5.936472190175728,2.706663713126507,-3.1340298095226418,5.925140257074914,3.0560718437894514,-3.1096241896477412,0.34959183983779507,1.3983390152324007
191.88000000000002,5.886416551402214,2.714895297635562,3.0716823385391887,5.876229584126726,3.0632466872534874,3.095980522406363,0.3485003083944283,1.392183385421953
191.98000000000002,5.8376661315232266,2.7274544461744856,2.991935126725465,5.8279181961601605,3.0744576629057647,3.016359348906468,0.3471401081201905,1.3994048488612914
192.08,5.790865265699175,2.7438413138104405,2.9039870818021707,5.781262103584551,3.0896037153202536,2.9283504248763843,0.3458957343195099,1.3959167329817246
192.18,5.747632225825579,2.7641355164575367,2.806997389550582,5.737110817018554,3.109297568198905,2.831443506641304,0.3453223740298267,1.4006593347810126
192.28,5.70606425133596,2.789638222791944,2.7115308206570474,5.695020826048103,3.1330667229306166,2.7358734814708647,0.34360601267961927,1.3947317267502255
192.38000000000002,5.667446110313289,2.817962181401747,2.616573129372934,5.654969014617094,3.1607949773621113,2.640972131051594,0.343059767246194,1.397959820519838
192.48000000000002,5.627560692425906,2.850965031483693,2.51599996765403,5.616860094747718,3.192259598795384,2.540765177920788,0.34146227385634387,1.4189420270392723
192.58,5.592920853173578,2.886385215407174,2.415333473258662,5.581826942343818,3.2275214127229157,2.4397474381722537,0.3413165392660357,1.3988171507292786
192.68,5.564035777662427,2.925823883910814,2.3184791683682078,5.550364806280178,3.2661900344094073,2.342906880258433,0.3406405904524081,1.3996047944714418
192.78,5.538624901026671,2.9687350621388924,2.2241288684715435,5.522712027140546,3.3076431418222025,2.2487198445744214,0.33928145547604666,1.4089591448019727
192.88000000000002,5.514970271342107,3.0131170006226955,2.1304059054558158,5.499254246968269,3.3514444407861017,2.154789331226093,0.33869226473251834,1.397067386707405
192.98000000000002,5.496400303520428,3.059350967167813,2.0417804951085965,5.479698581450469,3.3973357082584266,2.0662003487202165,0.3383971523671426,1.399154548273128
193.08,5.481878299461464,3.107887917036038,1.9629253319632778,5.464039406301562,3.444301534368481,1.9875379158413522,0.33688625385413046,1.410197179125396
193.18,5.469595467689038,3.1574234779888926,1.8910898903400917,5.450573530739785,3.495111943201372,1.915845116843447,0.33822379221879323,1.4183699995326553
193.28,5.458245126167077,3.2107744366366613,1.8286239076590285,5.439152085902138,3.548507703883708,1.8531048078370314,0.33827252917126405,1.4026522588806298
193.38000000000002,5.4512615077951505,3.264730149618209,1.775192676781509,5.4298815727494025,3.602534548413803,1.7999997389311948,0.33848029997063817,1.4213399632957313
193.48000000000002,5.446569778598016,3.3202921698581207,1.7286640967957976,5.42262765926907,3.656907866179118,1.753713637143354,0.3374660754618624,1.4352329406576483
193.58,5.44158234199912,3.375599556121493,1.688929670965867,5.417183445896971,3.71144179948928,1.7138865599125115,0.3367273653288535,1.4299244064194245
193.68,5.4389431504883055,3.429430700868707,1.6543416051979716,5.413311597230007,3.7662071659124536,1.679349210675594,0.337750446231822,1.4328302495960077
193.78,5.436363788374745,3.4855522294872263,1.6249019937775657,5.41075367544102,3.8211431332491923,1.6500541698791726,0.3365666836932189,1.4411135361918883
193.88000000000002,5.437228387893533,3.5406089757944814,1.6002099968949388,5.409259573951236,3.876113632086889,1.6254464330305767,0.33666842582461676,1.4459412805234904
193.98000000000002,5.438374733193028,3.5952401411705845,1.5804758826716487,5.408553952651252,3.931030101666627,1.605824307517419,0.3371115194146508,1.452357760967191
194.08,5.438699001104659,3.650167947799438,1.5643497017791443,5.408532472622484,3.9860658884107223,1.589414379162238,0.3372498272016868,1.4361002289082716
194.18,5.439336284781137,3.706210664373891,1.5508078290962708,5.409077565718032,4.041096371215531,1.5759507369817831,0.3362499468047015,1.440582506526053
194.28,5.44344252268226,3.761338001872872,1.5390512554095281,5.410157949720516,4.096106240333949,1.564230128400186,0.33641884055382243,1.4426431552606391
194.38000000000002,5.4472835327614195,3.8157347434930653,1.5284411397998625,5.41173317758504,4.151073658251065,1.5538116891214895,0.33721805334863,1.4536254000577191
194.48000000000002,5.449528225863257,3.8690102746729425,1.5198489569592895,5.413652282807697,4.2046440475050435,1.5451701713240085,0.33754571950424167,1.4507987152444337
194.58,5.454255694693963,3.91848514059951,1.5137723127526634,5.4156639166071034,4.254659101831304,1.5387946428501897,0.3383818221272841,1.433673908171431
194.68,5.457603746991054,3.9689701896202982,1.5093523477456625,5.4177699078949715,4.304649461228865,1.5343817194666167,0.3380344777160914,1.43407736347477
194.78,5.461720137876953,4.019312225086443,1.5062130118025483,5.419943211300552,4.3546173195224105,1.5313018668711869,0.3378976441896023,1.4374855082483928
194.88000000000002,5.46598351929881,4.069490351818326,1.5043290814832375,5.422147854574061,4.40457737591941,1.5292930253724941,0.3379421240727194,1.430328624855805
194.98000000000002,5.4703597609834285,4.119189452982821,1.5030163863062083,5.424367318278837,4.454533689753609,1.5280309012536106,0.33848347363101494,1.433226133053068
195.08,5.473519290782946,4.169109380693836,1.5020993895854027,5.426589160911479,4.504488523950164,1.527300885011576,0.3386467286437321,1.4439393253379738
195.18,5.4769721503077005,4.218990672854889,1.501775195117767,5.4288036103651205,4.5544432499847485,1.5269544375739292,0.33889325715225477,1.4426643240747177
195.28,5.481203525179902,4.2685192325958194,1.5013470890710494,5.431007538448858,4.604395216763091,1.5268494616610702,0.3396061157049981,1.461178316978303
195.38000000000002,5.4851365000193075,4.318575404701899,1.5013090529294975,5.433201471876594,4.654346908555168,1.5268785192622576,0.33976425643094166,1.4650225052690065
195.48000000000002,5.48809639293311,4.368498192927034,1.5015230527816972,5.4353783910150915,4.70429968400982,1.5270427533588116,0.3399144438526415,1.4621711375062258
195.58,5.490846059491268,4.4186358472461755,1.5015649146158225,5.437543404116822,4.754253462836133,1.527237701543586,0.3398240088108191,1.4709423392994818
195.68,5.496154499993339,4.467959853700965,1.5025503401465337,5.439603301586885,4.80420959489793,1.5284042627304897,0.34097203183873076,1.481320647918644
195.78,5.49843950493036,4.518255057909518,1.5072826086834656,5.441222475502374,4.8541949812412355,1.5331399266652515,0.34077767025537814,1.4815151898840586
195.88000000000002,5.499760643718105,4.568453186556008,1.5192779968966346,5.441799598928301,4.904245844088715,1.5450952070154342,0.3407582597179465,1.4792171786096637
195.98000000000002,5.499555450694707,4.6178702862317715,1.5394859670408618,5.440818955418864,4.9543368269831145,1.5655174358439752,0.3415548402855159,1.4914932969448638
196.08,5.498671349707136,4.667886217032517,1.570766612133965,5.437606356708303,5.0043544368212665,1.5966076554784927,0.3419646126396093,1.480582721856065
196.18,5.493024401085578,4.717137661273634,1.6115938802102197,5.431730461924578,5.053898556489102,1.6375438929689712,0.34229351078306436,1.4868262093871008
196.28,5.486151374393518,4.765764836697884,1.659697016764958,5.423029237599689,5.102949295556762,1.6858181919753383,0.34304192666403494,1.4966330954765394
196.38000000000002,5.474354319768039,4.814928686295718,1.714705428897145,5.411247281351861,5.151210214437723,1.7407668716445788,0.3421516688066612,1.4932106774497806
196.48000000000002,5.462020694605546,4.863210711537354,1.7755907564416298,5.396214859454182,5.1985284788975425,1.8015513360585587,0.341713934523294,1.487431645763376
196.58,5.443417892357549,4.908303082629523,1.8452418258627443,5.3774143578929685,5.244291475665195,1.870891487330376,0.34241008574005266,1.469617348034623
196.68,5.421974044466722,4.953207336222554,1.9191561130457366,5.3550391207771595,5.288426755728598,1.9448098625333328,0.3418367201213133,1.4698515743251568
196.78,5.397861522353457,4.995959935633001,1.9980440303756446,5.329032985854976,5.3304213545846135,2.0235173518513005,0.341470069264714,1.4595138107350485
196.88000000000002,5.369425312306365,5.036582257308675,2.0808667194122914,5.299466008209772,5.369879365270106,2.1067434384200525,0.34056022434384975,1.4826267867906673
196.98000000000002,5.336482454706205,5.074024135231643,2.1660867867413627,5.266591639501052,5.406579255914125,2.191857530985996,0.3398200028576614,1.4765548801285335
197.08,5.302390600260611,5.10791810411866,2.2550560015926915,5.230491585598373,5.440014525682532,2.2808070056926337,0.3397903787998264,1.47542385315077
197.18,5.262129030376819,5.139318611717425,2.3452708521139334,5.191473782401603,5.470202204625523,2.3711213436918306,0.3383431928119894,1.48112406575199
197.28,5.221361221029083,5.166928778706347,2.438648934064552,5.149716517724202,5.496523485605438,2.4646799536246204,0.33729161615365183,1.4914675572144107
197.38000000000002,5.176958573347841,5.190505849135207,2.5298249262856127,5.105849668820267,5.519031406303471,2.555882771156262,0.3361331849369081,1.4930045342948206
197.48000000000002,5.132776568813031,5.211499157768507,2.6161515392300454,5.060331258944194,5.537933394942984,2.6422212005428563,0.3343764855992041,1.4936815665595429
197.58,5.086416418416898,5.227310472249444,2.695069431113445,5.013565340204489,5.553739417324055,2.7209400216560318,0.3344594680663617,1.4822756516012785
197.68,5.039259328448163,5.240926882813524,2.7651935102565424,4.9657227577437455,5.566938135995238,2.7910099652773184,0.3342019814903519,1.4791739146797893
197.78,4.99051657165996,5.253197279717808,2.8262725994006455,4.917249589707939,5.57772057929415,2.852020387773805,0.3326911820476666,1.4752396055780574
197.88000000000002,4.9420689008143235,5.263563098155237,2.875553739118945,4.868444085490013,5.586708324176152,2.901434531185196,0.3314263878022497,1.482860155851831
197.98000000000002,4.892804415249176,5.272251667431107,2.9184578520961746,4.819329743445525,5.593967297307823,2.9442019723446546,0.3299992028833199,1.475029437515191
198.08,4.843803537766051,5.279711009998587,2.9591276704535026,4.769883417801774,5.59931464125322,2.9848932792537006,0.32804064572348457,1.4762606408364822
198.18,4.795963035450278,5.284314914013262,3.000157034305786,4.720193130877037,5.602581223867176,3.02573711205978,0.32716130948977734,1.4656304949203465
198.28,4.745526305164015,5.285947832336269,3.044891853700919,4.670452662448574,5.6033438903795645,3.0704867666369715,0.3261538126283186,1.4664804882405984
198.38000000000002,4.696860008814473,5.285218063013266,3.094144205579942,4.620708260625005,5.6013355049526465,3.11962521214785,0.3251604616963903,1.459954134086264
198.48000000000002,4.645822785885536,5.281389391648444,-3.1357285492699942,4.571138732944053,5.596388995712036,-3.11028771918814,0.32373207799658277,1.4576521909997018
198.58,4.597663913200481,5.275119751000781,-3.0766172584108196,4.522198487931628,5.588138489895197,-3.051166924525469,0.32198720674905656,1.4581967188293798
198.68,4.549958805750804,5.264458616898995,-3.0115210153459904,4.474122122671381,5.576362402699156,-2.985777297988035,0.32099092525640277,1.4750063535885316
198.78,4.502824540623513,5.250122681542517,-2.9402531473904885,4.427222005040028,5.560855969744497,-2.9146105874218238,0.3197982485622256,1.4692104621156044
198.88000000000002,4.456040836572583,5.23152150433195,-2.863206212224953,4.381789915421839,5.541480825447717,-2.837538632687289,0.3187286934655887,1.470643977824498
198.98000000000002,4.411800209226542,5.210142999067283,-2.782238212222471,4.338268216634024,5.518279515504866,-2.756683423362364,0.3167886782966128,1.4641815480320683
199.08,4.3702446521380205,5.183917402677848,-2.6991456919135226,4.296923057024285,5.491441909343303,-2.6734557003950985,0.3161445531870732,1.4719280897325824
199.18,4.330796126592327,5.154299213221069,-2.6147791912347484,4.258032010617572,5.4611571417884175,-2.58896223658967,0.31536709545897695,1.4792025410436573
199.28,4.29471132860447,5.121868569100135,-2.527757153039558,4.2221053313035934,5.427550277797036,-2.502026487622661,0.31418615162974955,1.4742585324514201
199.38000000000002,4.25992036427969,5.0859588284100115,-2.437471073325699,4.189339506012779,5.390696421837276,-2.4117219699768264,0.3128045050851008,1.475314948136561
199.48000000000002,4.2315890662494615,5.046893444730739,-2.3451060866395705,4.160069424593848,5.350915549641415,-2.3191101476207825,0.31232114788605836,1.4894575902560137
199.58,4.2042596392813225,5.00462660009085,-2.2520394365142726,4.134664814257856,5.308616754495625,-2.2260411956783375,0.3118548599029457,1.489589474663754
199.68,4.183079282432546,4.961400912903919,-2.158136423159223,4.113431806150713,5.264160688847264,-2.132098978860116,0.3106674313179498,1.4918356676457927
199.78,4.16358566916958,4.915555613913641,-2.069567444043085,4.09587717162921,5.2181329750455365,-2.0435477579333354,0.31006047814695065,1.4908181983438293
199.88000000000002,4.148421302659019,4.868893646090861,-1.9878884728616188,4.081702392070026,5.170917514455369,-1.9619240200869654,0.3093053993903823,1.487653561354381
199.98000000000002,4.1370924248032,4.821284000611455,-1.9167697777773636,4.070292950243115,5.122899466629966,-1.8903556387983327,0.3089240345830459,1.5134186829704672
200.08,4.125176731597063,4.771846560237207,-1.8537093646512808,4.061291928906655,5.074203315870241,-1.82759104278607,0.30903215963994185,1.4964696108408346
200.18,4.11919957441448,4.723640691451552,-1.8003759175301137,4.054395085928139,5.024959507265858,-1.7739896836544324,0.3082087774410586,1.5118198383216586
200.28,4.112491775062566,4.674610775275574,-1.7555914180676833,4.049228960871381,4.975248259330998,-1.729227149210253,0.3072215495022506,1.5105613354789533
200.38000000000002,4.106341028157068,4.624328817397019,-1.7218862345214034,4.045084653023039,4.9254859663389725,-1.6957073433348255,0.3073238875411526,1.4999399773231414
200.48000000000002,4.101125653785323,4.5751338902850405,-1.6994476940852994,4.041433485284055,4.875556298582492,-1.673072951670114,0.30629524708624556,1.5111614261348059
200.58,4.096782105587206,4.5244568251862365,-1.6907907736394907,4.037360449198807,4.825655121825574,-1.6643858934609264,0.3070038226901731,1.5128881927803808
200.68,4.090487241458558,4.474282943981559,-1.6927125116408728,4.032527712431844,4.77584650232639,-1.6666081014175949,0.3070828662211464,1.4956725324719837
200.78,4.083466374939239,4.424811979600442,-1.7122436598485027,4.025565035670127,4.726238334001089,-1.6863772237667998,0.30693714701290514,1.4820376185264872
200.88000000000002,4.072974309513107,4.37654628586835,-1.7430019064373432,4.0164193809803255,4.677156075895977,-1.7169365187499743,0.3058834840291349,1.493436705858498
200.98000000000002,4.058574289767732,4.329684465916792,-1.7837305116831057,4.004724563069881,4.628592772174946,-1.7573330802385063,0.30372021436768337,1.5124614117614728
201.08,4.04280046982308,4.282052767220989,-1.8339563625639712,3.9900065457175833,4.5809968490460236,-1.8075906178166887,0.3035700289565322,1.5106458977385053
201.18,4.022315765230898,4.235733882711054,-1.893877826110059,3.9718723504866102,4.534755015557429,-1.8677699469130475,0.3032460650689361,1.4958712900261608
201.28,4.000705916005707,4.191649388700193,-1.9602623354995916,3.9504404896835963,4.4900058789051425,-1.9338411785063667,0.3025610819830596,1.5138207855643466
201.38000000000002,3.973378268034752,4.149593294674902,-2.034055658160974,3.925435917478155,4.4473462466830265,-2.0073930900411954,0.301587946387856,1.5276526242433806
201.48000000000002,3.9451851474941386,4.110189326193155,-2.111346891152192,3.8970224617605154,4.406934583918783,-2.084789729096719,0.30062832913703447,1.5216133016236015
201.58,3.9109031732288577,4.0733945102466835,-2.1934904432902895,3.8652098267994344,4.369234444570386,-2.1669392110447676,0.29934787229671783,1.5212735485400655
201.68,3.873896169674741,4.0398632060578485,-2.2780021433626514,3.8302827324126953,4.33438628859193,-2.2512427211609687,0.2977347444541666,1.5332019543650919
201.78,3.836487342666467,4.009958541855836,-2.3647830109714354,3.7923940515125856,4.302746371979532,-2.338100991243891,0.2960893983129471,1.5287671192731072
201.88000000000002,3.796577649765972,3.9823668589741588,-2.4556098806291144,3.751708694279962,4.2748227837175605,-2.428612661994317,0.29587783134923074,1.5468266863658369
201.98000000000002,3.751723213212817,3.9600909796896957,-2.5473279248808174,3.708636274038192,4.250793147030667,-2.5204071822234884,0.2938779243566547,1.5424449356227536
202.08,3.70638703440657,3.940798124230686,-2.6394720666186453,3.6635810084263642,4.230809026063315,-2.61232122166448,0.2931529959628464,1.5556288260877267
202.18,3.659704304858679,3.9264748637053604,-2.73130113821298,3.6169147922825053,4.215099486087452,-2.704247662088833,0.29177922309806736,1.5500500030715503
202.28,3.6118963148930634,3.9166994164055127,-2.818161911072438,3.5691128290583594,4.203100149938414,-2.790850063495748,0.2895786712248541,1.564853596848931
202.38000000000002,3.562486739116337,3.907968549400146,-2.894742993356142,3.5206185952482123,4.194400432281715,-2.86769008652945,0.2894756725565084,1.550017384730119
202.48000000000002,3.5127922117183914,3.9031705054970036,-2.9613904551093606,3.4715222465105757,4.188381057895928,-2.9344019417886247,0.28818096610975846,1.546327908610771
202.58,3.464056572151619,3.900226068634083,-3.0192269620741468,3.4221051947301904,4.184541029379262,-2.9922580003523525,0.2873933105886216,1.5452076845086835
202.68,3.4117852485939837,3.9006444933696676,-3.0692890703524283,3.372311849570995,4.182668178404955,-3.0422705268600025,0.2847727307017146,1.548048510706649
202.78,3.3635115807132774,3.901056113550202,-3.1139813112370947,3.3223405726653534,4.182742592570915,-3.0870814797108945,0.28467933603752976,1.541246816064223
202.88000000000002,3.3149561086276824,3.904882457634961,3.1247983246145092,3.272620694864471,4.185015402588611,-3.1313430526785058,0.2833138791286217,1.5495030439482567
202.98000000000002,3.2645883956298816,3.907846211557594,3.079197590401957,3.2231235576121664,4.189758832815958,3.105316669648381,0.2849457120516067,1.4965130055878395
203.08,3.2173922542725095,3.917102127639744,3.0285671563618304,3.1740044517868347,4.1972380304105785,3.054833112967648,0.28347596975011197,1.5049284583871163
203.18,3.169414877310806,3.9271743404770905,2.975267634751773,3.1254110018178385,4.20750467116642,3.0014222327077933,0.2837629915312947,1.4985480777414508
203.28,3.121572452277441,3.9418966515562053,2.913468850884722,3.077857831060029,4.221256798756116,2.9396187415432293,0.2827597212329533,1.4982783694610367
203.38000000000002,3.0754187597178317,3.960503948185709,2.8476280107161425,3.0313912117694573,4.23833429782772,2.8738155232220204,0.28129722387636236,1.5004339425328672
203.48000000000002,3.031625954111032,3.9828087865732953,2.7774393515869913,2.986328605679585,4.258887656750205,2.803717923591295,0.27977024919222354,1.5056512674772313
203.58,2.9885672741778366,4.007921497846741,2.702216881265256,2.943194955464881,4.283041862846431,2.7284526129608757,0.27883662338895215,1.503196698596622
203.68,2.9475226663622545,4.0372713445525195,2.621601826963326,2.902397274495554,4.310787831442558,2.6479001261437527,0.2772139419145289,1.506781551410808
203.78,2.9096883955042148,4.069917366450296,2.53946212337326,2.864036556667171,4.341832320607008,2.565892981551604,0.2757205699313165,1.5143766225279407
203.88000000000002,2.875867262987221,4.1041634239288545,2.4547670359705562,2.828583374148302,4.376083091598608,2.481106520664536,0.27600013008939056,1.5091413075144693
203.98000000000002,2.8459940407545847,4.142581799465264,2.366429997461505,2.7964365435172582,4.413420085390369,2.392901841739552,0.2753349281425746,1.5167249530596272
204.08,2.8169987592663217,4.182112233671472,2.27708064227303,2.767748139411631,4.453536588882338,2.3033297134861774,0.27585649196222656,1.5039609966516867
204.18,2.792919116860717,4.226855978566393,2.1873010335762486,2.742560946463558,4.496044486783188,2.213727307914367,0.2738583544128846,1.5141139878290506
204.28,2.7728604023786776,4.27154259778615,2.102255624331073,2.720962897927407,4.540383623507272,2.128613432490851,0.2738043974793954,1.5101911647707724
204.38000000000002,2.7566019034494578,4.3176540504257375,2.025064527979928,2.702305929651042,4.586124579113963,2.051227790789842,0.27390596478509466,1.499044537299646
204.48000000000002,2.740350231713968,4.3641667521912035,1.9557265718544585,2.6860961569564332,4.633090195313739,1.981871413691547,0.274341617128491,1.4979890933022288
204.58,2.7288968336310457,4.412649537719271,1.8958446290617819,2.67215392743094,4.6808463121298205,1.9223475559797987,0.2741336666815246,1.5185058571460257
204.68,2.7177179313868374,4.46086268376847,1.847335648850389,2.6600186437462074,4.729065929493994,1.8736571410929104,0.2743395502145872,1.5081104159828156
204.78,2.7085548671818813,4.5094020204992376,1.8067761602595838,2.6493805528187226,4.7776851610301,1.8333288671699006,0.27473158350188387,1.5213580406090121
204.88000000000002,2.700700736471732,4.558929867009289,1.7751670915961857,2.639776900850872,4.826662706820647,1.802143690635224,0.274577106220114,1.5456452705535648
204.98000000000002,2.6917228528244097,4.608861681437284,1.7537507214596701,2.6306762907589785,4.87589364938149,1.7808447163330008,0.2739210737496559,1.5523715563909353
205.08,2.684101037609117,4.6581465431070725,1.7449853664411397,2.6213015801128474,4.925064788468469,1.7718708037810356,0.27420634851992837,1.540422089939466
205.18,2.6754463532074153,4.707484658539802,1.748128905494107,2.6110076874912886,4.974039311227582,1.7753854557683142,0.2742329748749729,1.5616852947982227
205.28,2.667527150512398,4.756213466495425,1.763471756640585,2.599250576751116,5.022717332205065,1.790760768166693,0.2751108884845558,1.563545187529844
205.38000000000002,2.6555662100367017,4.804651501039037,1.7901837453063767,2.58555359051994,5.070940457774769,1.817327539526713,0.2753390189766132,1.5552248487968672
205.48000000000002,2.639904992545348,4.85241932404403,1.8296750706657694,2.569207079992768,5.118186090129214,1.856939628081098,0.27500939764791515,1.5621440701904363
205.58,2.6222830957983314,4.899420789598686,1.876908342140003,2.55021987677027,5.164366568544093,1.9042596088796164,0.2745712536258571,1.5671121485163921
205.68,2.601471545722485,4.944319745586489,1.9356956957972316,2.527905698186275,5.208726733282834,1.9632313266534145,0.27445033989116535,1.5776754342894834
205.78,2.5769683153069254,4.987949375997525,2.0007395459180244,2.502457311568429,5.251425036595955,2.0283035415301582,0.27380889942786235,1.5793006150923898
205.88000000000002,2.550724767602185,5.030237787597479,2.073812526234151,2.473575528095938,5.291753325237152,2.101611498912323,0.2726579938005839,1.5927638092587422
205.98000000000002,2.5182836238832804,5.067402501137608,2.1518791774911614,2.4414669191854235,5.329558991583916,2.179577780195843,0.2731791199996126,1.5870130333879093
206.08,2.484489329690069,5.10273831179184,2.2313950424420947,2.406448861707998,5.364488883920232,2.258960934328582,0.2731367361824497,1.5794092636096466
206.18,2.447471337350099,5.135925559575521,2.31571717494425,2.3684724411738265,5.396009541553899,2.3436271677887266,0.2718170400817405,1.5991247962288362
206.28,2.4069468807116627,5.165394627327737,2.402335144621399,2.3278642350436147,5.424102407073816,2.430377520623093,0.2705250083578292,1.6067097924160052
206.38000000000002,2.366022270610835,5.190902716016327,2.4907705916732623,2.284904299763895,5.448419619807424,2.5191848735811337,0.2699908904620275,1.6280184312159656
206.48000000000002,2.321818789187112,5.212603877598086,2.5798097870532297,2.2399857254560764,5.468799611185929,2.6082437694966742,0.26894777230574096,1.6291471887584514
206.58,2.2760763615319206,5.229984388423477,2.6668691527634194,2.1934483842823784,5.4854236424623535,2.6954343014112707,0.2684708459559219,1.6366624586857104
206.68,2.230688936393944,5.2461978100582485,2.745419433642636,2.145909767676705,5.498684055009971,2.774528496449667,0.2663396540851684,1.6678264444240987
206.78,2.181189535055028,5.257460919225718,2.8191160491209515,2.0975892003921204,5.508767018413043,2.848268545478607,0.2648466942298885,1.6703150035641772
206.88000000000002,2.1327111244117343,5.263984643395532,2.890891824838661,2.0486894491369747,5.5152573783517385,2.9198246805938703,0.26494835203931544,1.6577305240343008
206.98000000000002,2.0834282057944504,5.268916401317917,2.962632373342218,1.999394991263461,5.518301112711532,2.9915910909452084,0.2631621466345189,1.659212298762541
207.08,2.03366541623157,5.268968410870658,3.0347744213644563,1.9500183728109235,5.517747850095881,3.0638012797764618,0.2624653067630693,1.6631164795317246
207.18,1.9855934161430486,5.267221811805317,3.1082257819570187,1.9007991815866851,5.513298304861705,3.137492452347294,0.2602762045384283,1.6768566937632563
207.28,1.9369230132851318,5.259242317407358,-3.098275209577163,1.8521479174748967,5.504800077274745,-3.0690532374922315,0.2597795802227806,1.674295669515675
207.38000000000002,1.8886801552776977,5.2495093326952516,-3.018400360820693,1.8044159144772776,5.492250013177564,-2.9888118752363795,0.25695038478018944,1.6952953461648468
207.48000000000002,1.8427625854041456,5.233923557257774,-2.9361540215636,1.7579946470416503,5.47567462772735,-2.9063200655617654,0.25618193427213715,1.709359765084113
207.58,1.796668042742732,5.214985658181121,-2.8509785153271343,1.7132203336167922,5.455100979068806,-2.8211830299546854,0.25420245373198835,1.7071555603851025
207.68,1.7527805466612636,5.192063500411864,-2.763988311447096,1.6704984291694012,5.430644255944432,-2.7341601542027187,0.2523710042168782,1.7090275207553889
207.78,1.7131323898663875,5.165286329664999,-2.6761793309835094,1.6301714954125504,5.40249914685044,-2.6460772714079637,0.2513014736240796,1.7247209683301339
207.88000000000002,1.67382552774704,5.135430459040333,-2.5855085927265256,1.5926549880524439,5.370717692730923,-2.555351696629764,0.24889503581245312,1.7278628695589817
207.98000000000002,1.6388956640079995,5.100258941567623,-2.4939008759313888,1.5582369695794698,5.335620940813911,-2.4638327424910953,0.24879930802983444,1.722777143964992
208.08,1.6062477127207588,5.063681867291963,-2.401734528589201,1.527152987473628,5.297478623342786,-2.3715327415608023,0.24681348970793196,1.7304349304802085
208.18,1.5774341035357484,5.022730279719045,-2.306424470782656,1.4997501893748983,5.256422212923031,-2.2765868451256295,0.24626552776214203,1.7095700208388924
208.28,1.5534590978157587,4.980163328949193,-2.211428933185066,1.4764469970812475,5.2129850323637905,-2.181374594453015,0.24522807596280072,1.7219867654030645
208.38000000000002,1.532564641281624,4.934359600901105,-2.118719543320842,1.457097644161778,5.167703337835903,-2.0888703574088834,0.24524389334086005,1.7102323746565906
208.48000000000002,1.5153831310934902,4.88998645554421,-2.0333833499388456,1.4412463423218507,5.1210455589182615,-2.0032639267056496,0.24266143637049417,1.72571583263041
208.58,1.5009557447513266,4.840933845554111,-1.9549792856095987,1.4281215408943744,5.07216367338363,-1.925068835292233,0.2424294836226512,1.7137425665207897
208.68,1.4879933877558662,4.785633247696651,-1.8837087354355517,1.416799586534824,5.018967165387541,-1.8540663381727926,0.24395342686111232,1.6983842578062391
208.78,1.4773796656243905,4.733256103138153,-1.828075414118234,1.4076407199914243,4.96517201945648,-1.798105425552801,0.24217455023137135,1.7171538568546465
208.88000000000002,1.4680226334069377,4.677781695139107,-1.781983205087111,1.40038503980853,4.910988061604166,-1.7523730259934283,0.24281691338870703,1.696538292694523
208.98000000000002,1.4609666887317256,4.624686831178903,-1.7444838689534101,1.3947254116465528,4.856490766963449,-1.7146217244518716,0.2410829140256119,1.7109748471479573
209.08,1.4551778305544647,4.569614183272463,-1.7123475767013783,1.3905115843732645,4.801813823113289,-1.6825218953812195,0.24103608886923336,1.7088856607472724
209.18,1.4505807770452357,4.515598874222341,-1.6859130186446325,1.3874286552489141,4.746989002683241,-1.6560714409869317,0.23985325104431918,1.709796453798148
209.28,1.4471524582176658,4.460486624206091,-1.6637044407339914,1.3853174659383733,4.692078462944715,-1.6339065080020057,0.23970470592067458,1.7072957837575127
209.38000000000002,1.443654758859619,4.4048026967932765,-1.6453704916329357,1.3839785886397662,4.637113054058457,-1.6156052635112346,0.23985276188692192,1.7054219476175851
209.48000000000002,1.442073421484102,4.3509270200841295,-1.631502029384129,1.3831610866813728,4.58210345695554,-1.6014494827711965,0.23856489296723893,1.721884084541206
209.58,1.4402057482304944,4.295754089066394,-1.6198832964284484,1.3828189582577641,4.5270747625627825,-1.5899205224733897,0.2383327456523696,1.716740490129372
209.68,1.4392069478977338,4.239778241800929,-1.6101375825874313,1.3828663003591048,4.472069695604364,-1.5805181772811767,0.2390263334345932,1.6970669157357854
209.78,1.4368558839566505,4.185137366439705,-1.6029681040275967,1.3831894074034177,4.417060268078879,-1.5732001939215141,0.23805109327699517,1.7055756140033633
209.88000000000002,1.435388680757353,4.129452610721644,-1.5973976518741952,1.3836995000929107,4.362048691726738,-1.5677030147403535,0.23827024215518336,1.7013773819415863
209.98000000000002,1.435997017687755,4.074342744497965,-1.593551805166803,1.384343607682211,4.307039991350139,-1.5636723079569124,0.2383612457128518,1.7119690840996493
210.08,1.4360599937081364,4.020475025691524,-1.5904778541827003,1.3851020941098455,4.252037180092228,-1.5605482000411657,0.23710280234987732,1.7148428645961769
210.18,1.434699867388354,3.9668953750000346,-1.5883934813626677,1.3859222502883823,4.197037175355586,-1.5583744349941269,0.23525412685189157,1.7199646619249085
210.28,1.4329887812318431,3.911720817332779,-1.5870643044261967,1.3867758798998198,4.142040498287607,-1.5569339009388494,0.23491016939387108,1.7263449548512577
210.38000000000002,1.4328475421971172,3.8569030274307776,-1.5861466719909358,1.387653049555065,4.087044794680141,-1.555969055943504,0.23453736418283683,1.7290500352841105
210.48000000000002,1.4338246206111323,3.8019035451859113,-1.5855243297493693,1.3885265774466127,4.0320513236678766,-1.555478587159055,0.23456323807177973,1.721494242761471
210.58,1.4324984761413269,3.7466856576862524,-1.5852836863345068,1.389394871208125,3.9770577354209657,-1.5552639089169613,0.23436982518670435,1.720006547947493
210.68,1.432404777138686,3.6926871152090883,-1.5853814506927335,1.3902513724254284,3.9220643903359336,-1.5552479702030009,0.23321844668365355,1.726521254101489
210.78,1.4318221428262043,3.6368916250332517,-1.5853916852888126,1.3910845991510838,3.8670703751965285,-1.555442201856704,0.23375586514868577,1.7159789992568044
210.88000000000002,1.4308602517639528,3.58280755215597,-1.5857470996090572,1.3918945288415479,3.8120757821299516,-1.5557417954196597,0.23255590475898064,1.7191772930586848
210.98000000000002,1.4291890788277073,3.528218034743298,-1.5859231724347722,1.3926793791116963,3.7570803026491246,-1.5561160265231744,0.23175611285217854,1.7078236600651826
211.08,1.4281512303574235,3.471339424127654,-1.5862384479048532,1.3934401052641747,3.7020843744073946,-1.556519567405453,0.23334115428882063,1.7027664244692753
211.18,1.4269215918807963,3.418907132664036,-1.5866098495406582,1.394176434978323,3.6470880135858046,-1.5569414742186005,0.2305184585207915,1.6998726909639899
211.28,1.4265368224419703,3.364021512950674,-1.5869023524922177,1.3948900848258907,3.5920915209456523,-1.5573582284601675,0.23025517268580617,1.692753616447505
211.38000000000002,1.4242001466752556,3.3086748804653117,-1.5872169051142275,1.3955824558423466,3.5370951563093995,-1.5577602123493108,0.2302059830788443,1.6877441738432741
211.48000000000002,1.4240718237010555,3.2543459425553194,-1.5876219351596095,1.396255340572241,3.482098668057457,-1.5581392263603213,0.22944511480375362,1.6892347828124266
211.58,1.424360587717179,3.2026383563257594,-1.5884210705657853,1.3969106558174935,3.4271015630234545,-1.5584897953496788,0.22613542385550642,1.7149357453274234
211.68,1.4219210501113895,3.1486250005650356,-1.5888949699233368,1.3975508205390377,3.3721047729613214,-1.5588046192811036,0.22480461908000207,1.7240500958687284
211.78,1.4216172567776084,3.0943858557430084,-1.5891192909512852,1.3981772624725464,3.317106251287336,-1.5590885527768468,0.22395045863860863,1.7206345530577307
211.88000000000002,1.4197543013828795,3.0387928682145544,-1.5892258231488252,1.3987917986715996,3.262108134087934,-1.5593406484820762,0.22429697833902862,1.7122943784160043
211.98000000000002,1.4185365146962325,2.984310689271089,-1.5894790060813981,1.3993962823416777,3.207110649568173,-1.5595595963832436,0.22362059565918493,1.7142559012270395
212.08,1.4181355361146368,2.929583546940987,-1.5894477467522072,1.3999920220452884,3.1521131577381998,-1.5597501673413192,0.22326803350310484,1.7015459619984932
212.18,1.416616173052884,2.8760808186217885,-1.5897519827539426,1.4005803006604087,3.0971158905878573,-1.5599147936509505,0.22161600177431443,1.709545008135175
212.28,1.4157913924012762,2.8217581677670274,-1.589881796956562,1.401162419194788,3.0421185055606346,-1.5600547674767993,0.2208453878386162,1.708962904602689
212.38000000000002,1.4144565717694872,2.766881839776886,-1.5901532313022801,1.4017391546980515,2.9871212818563726,-1.5601748965326723,0.22060631120721003,1.7176320591288223
212.48000000000002,1.4144309556843764,2.712734981635233,-1.5901281859838796,1.402314508430488,2.9321242100920397,-1.5602524232628183,0.21972355781055716,1.7117551136510922
212.58,1.4123734627526878,2.6567467978844723,-1.590050245321401,1.4028901236083617,2.877127167778677,-1.5602938831496438,0.22058431756594293,1.7049139661044206
212.68,1.4126020221450446,2.601767435053848,-1.5899585537956422,1.403463452194394,2.8221300946263543,-1.5603354552592066,0.22055206912339578,1.6972785222379274
212.78,1.411308714137051,2.5471967597427323,-1.5899627178399,1.4040285479517227,2.7671328694271176,-1.5604246368196721,0.2200565680973598,1.6924073773745412
212.88000000000002,1.4105543288180422,2.492367022953308,-1.5900376514926087,1.4045902777522368,2.7122162767993157,-1.5604927047997335,0.21993013509240128,1.6928007514407493
212.98000000000002,1.4106965997055145,2.4427483488410258,-1.5902456893011105,1.4051130570505053,2.6612322558979926,-1.5605131876514953,0.21855524150991584,1.703546858888713
213.08,1.409014940310457,2.392801930294462,-1.590158876552018,1.4056235980232115,2.611234853724338,-1.5605435208386291,0.21845924846669085,1.696834891155834
213.18,1.4072764613307898,2.3442718443126798,-1.5902977241712992,1.4061362293442161,2.5612374818076575,-1.5605435207886535,0.216968633637642,1.7047902765994747
213.28,1.4075512234697587,2.294003727100196,-1.5900794799032354,1.4066488606677192,2.511240109891003,-1.560543520738679,0.21723825691314239,1.6922858039998219
213.38000000000002,1.4053126744853626,2.2441894652193692,-1.5903368997902703,1.4071568793791849,2.461242654113354,-1.560580397303903,0.2170610234490252,1.7049220055393866
213.48000000000002,1.404787971844713,2.1924445259905267,-1.5899228588343284,1.407667666973492,2.411245263326638,-1.5605803972539274,0.21881968673513044,1.6811992090817443
213.58,1.4044900759032373,2.142527372018248,-1.5899532161102978,1.4081784545702978,2.361247872539947,-1.560580397203953,0.2187515976756608,1.6829385557356338
213.68,1.4038684635089336,2.0916449839556854,-1.5897523521633043,1.4086892421696022,2.311250481753282,-1.560580397153978,0.21965840427769964,1.6714299021799197
213.78,1.4028636906280045,2.042222598968242,-1.5899664815678853,1.409197553712389,2.261253071854866,-1.5606012215791039,0.21912203420585052,1.6825054616615618
213.88000000000002,1.4024469012784049,2.0142903951064466,-1.5896238213961194,1.4094654255342174,2.234710143731407,-1.5606012215463267,0.22053146094519066,1.6628724818901335
213.98000000000002,1.4019932415325138,2.0138091141574694,-1.5893381754655944,1.4094664450265124,2.2346101489848174,-1.560601221546228,0.22092746717257775,1.6465061756416288
214.08,1.4019875775361592,2.0132069078311137,-1.5892514828239992,1.4094674645188074,2.2345101542382277,-1.5606012215461305,0.22142961766575184,1.6415390531689675
214.18,1.401649184235747,2.014254773827342,-1.5898992322886645,1.4094684840111025,2.234410159491638,-1.5606012215460314,0.2202942016621678,1.6786523636818207
214.28,1.402199297087877,2.013503848166872,-1.58964617961504,1.4094695035033975,2.2343101647450485,-1.5606012215459344,0.22092597253864524,1.6641535134942
214.38000000000002,1.402594172008621,2.0138672078992084,-1.5895489232353526,1.4094705229956925,2.234210169998459,-1.5606012215458376,0.22045023281813325,1.6585811334129317
214.48000000000002,1.4015076728858673,2.0120955153022306,-1.5892542006292831,1.4094715424879876,2.2341101752518693,-1.5606012215457385,0.2221574496873631,1.6416947719637298
214.58,1.4026591049433348,2.013202985896539,-1.589304166818599,1.4094725619802826,2.2340101805052797,-1.5606012215456408,0.22091229116501576,1.6445576237354778
214.68,1.403147427950329,2.0139462402810335,-1.5895938706572152,1.4094735814725776,2.23391018575869,-1.560601221545543,0.22005489662464797,1.6611564310025393
214.78,1.4024976519977441,2.01414929345177,-1.5896129706767332,1.4094746009648726,2.2338101910121004,-1.5606012215454448,0.21977167181850307,1.662250781515161
214.88000000000002,1.4029278483072305,2.0126900133167296,-1.5893487302829132,1.4094756204571677,2.233710196265511,-1.5606012215453473,0.22111715128148748,1.647110922177985
214.98000000000002,1.4027612345679903,2.0137339525557594,-1.589521537631822,1.4094766399494627,2.233610201518921,-1.5606012215452483,0.21997877517512418,1.657012053944971
215.08,1.4039498610468988,2.0139140842001195,-1.5898044937044051,1.4094776594417577,2.2335102067723316,-1.560601221545149,0.21966568599543304,1.6732242426972734
215.18,1.4028895591487576,2.0139890622046113,-1.5896391670633399,1.4094786789340528,2.233410212025742,-1.5606012215450509,0.2195200616990895,1.6637517239287822
215.28,1.4038659653085037,2.0132546614319127,-1.5898145796399958,1.4094796984263478,2.2333102172791524,-1.5606012215449518,0.22012714884528897,1.6738021242503593
215.38000000000002,1.4040983540659775,2.011869274278601,-1.5894735857424844,1.4094807179186428,2.2332102225325627,-1.5606012215448526,0.22140638024818846,1.6542646130889258
215.48000000000002,1.4030371770802788,2.0119574572675254,-1.5895550391206512,1.4094817374109379,2.233110227785973,-1.5606012215447533,0.22124665029292695,1.6589315478906526
215.58,1.4031871715418003,2.0119755885392463,-1.5895583367769042,1.4094827569032335,2.2330102330393835,-1.5606012215446539,0.22112428284642358,1.6591204896819314
215.68,1.401616985129665,2.0131825030999697,-1.590045690402692,1.409483776395533,2.232910238292794,-1.560601221544554,0.2198685152944564,1.6870437955757005
215.78,1.4028713467881484,2.0110165863400677,-1.589666158867147,1.4094847958878325,2.2328102435462043,-1.5606012215444551,0.22189223529873078,1.6652982404025116
215.88000000000002,1.4021574882903463,2.0114868815819418,-1.5896154262866833,1.409485815380132,2.2327102487996147,-1.560601221544355,0.2213447143734411,1.66239147766387
215.98000000000002,1.402770325851432,2.0119323900022024,-1.5897156018615337,1.4094868348724314,2.232610254053025,-1.5606012215442546,0.22078005157953592,1.668131115318846
216.08,1.40221696809647,2.0117243861702923,-1.5898855136617118,1.409487854364731,2.2325102593064354,-1.5606012215441543,0.22090556254566135,1.6778663443642727
216.18,1.4026482249870793,2.0105713254707713,-1.5894534669698313,1.4094888738570304,2.232410264559846,-1.5606012215440557,0.22194438351336593,1.6531118923725756
216.28,1.4033223070466574,2.010369831486965,-1.5893993270198237,1.409489638476255,2.2323352684999036,-1.5606012215439826,0.22205110043705562,1.6500099017382777
216.38000000000002,1.4036375239837613,2.012145790447852,-1.5896657360923647,1.409489638476255,2.2323352684999036,-1.5606012215439826,0.22026723199075302,1.6652740172188745
216.48000000000002,1.4032967575717794,2.010353081145268,-1.5894724191456049,1.409489638476255,2.2323352684999036,-1.5606012215439826,0.22206855535317355,1.6541977720611807
216.58,1.402830258559747,2.0099060102998973,-1.5891901862040345,1.409489638476255,2.2323352684999036,-1.5606012215439826,0.2225289245115732,1.638027015669636
216.68,1.4035239450342023,2.0110934800239373,-1.5895928581313494,1.409489638476255,2.2323352684999036,-1.5606012215439826,0.22132220509087824,1.6610984176331791
216.78,1.4025961802754197,2.0108109497055766,-1.5898398072494142,1.409489638476255,2.2323352684999036,-1.5606012215439826,0.22163154916044167,1.6752475598527687
216.88000000000002,1.4028805976083714,2.0110877478622804,-1.5899407347257764,1.409489638476255,2.2323352684999036,-1.5606012215439826,0.22134621028942164,1.681030278285226
216.98000000000002,1.402347972945964,2.010827359712739,-1.589652668188818,1.409489638476255,2.2323352684999036,-1.5606012215439826,0.2216230065715411,1.6645252814985572
217.08,1.4039744160572951,2.011507989361749,-1.5896703804830288,1.409489638476255,2.2323352684999036,-1.5606012215439826,0.22089614050474285,1.6655401212023346
217.18,1.4034355324562016,2.0113574950314965,-1.5896907360098413,1.409489638476255,2.2323352684999036,-1.5606012215439826,0.22106068978169022,1.66670640697846
217.28,1.403966567772229,2.012305775893013,-1.5901387981706374,1.409489638476255,2.2323352684999036,-1.5606012215439826,0.2200988003757572,1.692378477751587
217.38000000000002,1.402768832979121,2.0127081734110606,-1.5906049275624958,1.409489638476255,2.2323352684999036,-1.5606012215439826,0.2197299026616405,1.7190857246120739
217.48000000000002,1.4031832936406534,2.0125507316933473,-1.5901344811577818,1.409489638476255,2.2323352684999036,-1.5606012215439826,0.21987499313122905,1.6921311311348555
217.58,1.4027316764308049,2.0127656635170728,-1.5903540517129773,1.409489638476255,2.2323352684999036,-1.5606012215439826,0.21967357939298052,1.704711597252902
217.68,1.4035578645343167,2.0112535007029897,-1.5898561537552431,1.409489638476255,2.2323352684999036,-1.5606012215439826,0.2211613302417645,1.6761841456465527
217.78,1.4036033726421777,2.01229191079107,-1.5903682423479164,1.409489638476255,2.2323352684999036,-1.5606012215439826,0.2201220738527764,1.7055246607435246
217.88000000000002,1.4037792865012655,2.012328329120131,-1.5901002576664502,1.409489638476255,2.2323352684999036,-1.5606012215439826,0.22008103392826306,1.690170269521356
217.98000000000002,1.4029237987316079,2.0118665044842605,-1.590129775718492,1.409489638476255,2.2323352684999036,-1.5606012215439826,0.22056651186918133,1.6918615293227968
218.08,1.40360870273251,2.009823965078127,-1.5896436801468485,1.409489638476255,2.2323352684999036,-1.5606012215439826,0.2225890059182617,1.6640103046276264
218.18,1.4030765340038305,2.0118657297346694,-1.59032667609281,1.409489638476255,2.2323352684999036,-1.5606012215439826,0.22056279249304347,1.7031430897557687
218.28,1.4040837261828099,2.0118148718997895,-1.58992726519764,1.409489638476255,2.2323352684999036,-1.5606012215439826,0.22058664783797782,1.6802585311709768
218.38000000000002,1.4034751440050564,2.0119276017541305,-1.5901824276167928,1.409489638476255,2.2323352684999036,-1.5606012215439826,0.2204897133747056,1.6948782608787867
218.48000000000002,1.4030712991624281,2.012380144652713,-1.5904267636983895,1.409489638476255,2.2323352684999036,-1.5606012215439826,0.22004874820407475,1.7088776871370408
218.58,1.4029361530796696,2.012855421584752,-1.5904069048834006,1.409489638476255,2.2323352684999036,-1.5606012215439826,0.21957766592425018,1.7077398608520462
218.68,1.4027989050602179,2.0135209218805694,-1.5903004249429251,1.409489638476255,2.2323352684999036,-1.5606012215439826,0.21891661471914506,1.7016390096599945
218.78,1.4021823882172448,2.012946118707696,-1.590346912803917,1.409489638476255,2.2323352684999036,-1.5606012215439826,0.21951080828263445,1.7043025678934165
218.88000000000002,1.403676571821047,2.0136276118309535,-1.5904977013392247,1.409489638476255,2.2323352684999036,-1.5606012215439826,0.21878489625557163,1.7129421145655135
218.98000000000002,1.4040706400075496,2.0112943960844007,-1.590039704629899,1.409489638476255,2.2323352684999036,-1.5606012215439826,0.2211072880359452,1.6867008360902724
219.08,1.4034803518751675,2.012069667826474,-1.5899924277784894,1.409489638476255,2.2323352684999036,-1.5606012215439826,0.22034755811100054,1.6839920720358292
219.18,1.4035279617481808,2.0124906800733156,-1.590128052988297,1.409489638476255,2.2323352684999036,-1.5606012215439826,0.2199254070130733,1.691762824153387
219.28,1.4040196303357408,2.0116244857495045,-1.5897943501000202,1.409489638476255,2.2323352684999036,-1.5606012215439826,0.22077855559666834,1.6726430570437987
219.38000000000002,1.4038237903757733,2.011659504528814,-1.590149559668318,1.409489638476255,2.2323352684999036,-1.5606012215439826,0.22074848728569288,1.6929950661499213
219.48000000000002,1.404001779033601,2.0107037857187855,-1.5895045435264048,1.409489638476255,2.2323352684999036,-1.5606012215439826,0.22169941533756776,1.6560383635004867
219.58,1.4039542111236676,2.010009863196027,-1.589832850366231,1.409489638476255,2.2323352684999036,-1.5606012215439826,0.22239430478208938,1.6748489598077998
219.68,1.404239657621319,2.010876321042805,-1.5897440074247224,1.409489638476255,2.2323352684999036,-1.5606012215439826,0.22152116762915278,1.6697586342198374
219.78,1.4036557540892414,2.010734623346828,-1.5896890944531055,1.409489638476255,2.2323352684999036,-1.5606012215439826,0.2216774236121042,1.666612352705663
219.88000000000002,1.4051198681560002,2.010420446638405,-1.5895187796093733,1.409489638476255,2.2323352684999036,-1.5606012215439826,0.22195784071411517,1.656854030971378
219.98000000000002,1.4042689325237838,2.0114891004045674,-1.5896094498616307,1.409489638476255,2.2323352684999036,-1.5606012215439826,0.22090786706913734,1.6620490537531134
220.08,1.404667614166699,2.0105816220919754,-1.5893343721021072,1.409489638476255,2.2323352684999036,-1.5606012215439826,0.22180606757628246,1.6462882590945012
220.18,1.4054059040209648,2.012081497227575,-1.5896235017982476,1.409489638476255,2.2323352684999036,-1.5606012215439826,0.22029162636556254,1.6628541704152509
220.28,1.405473890445163,2.0091856194022846,-1.5892072129548864,1.409489638476255,2.2323352684999036,-1.5606012215439826,0.22318577939608905,1.6390025766322716
220.38000000000002,1.4041063972042247,2.0093733019036155,-1.5890273677343874,1.409489638476255,2.2323352684999036,-1.5606012215439826,0.22302694419077973,1.6286982045320746
220.48000000000002,1.4037437016057115,2.010792000059589,-1.5890789272334664,1.409489638476255,2.2323352684999036,-1.5606012215439826,0.22161776910197772,1.6316523462231152
220.58,1.4052872865895674,2.009660564960497,-1.5893505891260442,1.409489638476255,2.2323352684999036,-1.5606012215439826,0.22271435373083218,1.6472174261223576
220.68,1.4056479788435747,2.009651689358069,-1.5892046369354584,1.409489638476255,2.2323352684999036,-1.5606012215439826,0.2227167141643191,1.6388549815911038
220.78,1.4062687056200238,2.0102946132043966,-1.5892074565432999,1.409489638476255,2.2323352684999036,-1.5606012215439826,0.22206401557326325,1.6390165332202997
220.88000000000002,1.4050242293640338,2.0112691234033737,-1.5896670003187612,1.409489638476255,2.2323352684999036,-1.5606012215439826,0.22111123984632602,1.6653464520557406
220.98000000000002,1.4044651130992676,2.01173109356626,-1.5894163173845957,1.409489638476255,2.2323352684999036,-1.5606012215439826,0.2206613873187099,1.6509833779321001
221.08,1.4055599258746145,2.009910822847722,-1.5893333308885562,1.409489638476255,2.2323352684999036,-1.5606012215439826,0.22245915729592197,1.646228601952461
221.18,1.4060186345654293,2.009896014224591,-1.5895606786743837,1.409489638476255,2.2323352684999036,-1.5606012215439826,0.22246633388156972,1.6592546705620181
221.28,1.4043319088480966,2.009819489217229,-1.5890592685243632,1.409489638476255,2.2323352684999036,-1.5606012215439826,0.22257554718497954,1.6305259851608234
221.38000000000002,1.4044648517572171,2.011077369865084,-1.5896272319689728,1.409489638476255,2.2323352684999036,-1.5606012215439826,0.22131494795848713,1.6630678934546674
221.48000000000002,1.405190936490438,2.0100004740975743,-1.5893784915930904,1.409489638476255,2.2323352684999036,-1.5606012215439826,0.22237634685525548,1.6488161197221076
221.58,1.404142076894169,2.0108905627997564,-1.5895218331985326,1.409489638476255,2.2323352684999036,-1.5606012215439826,0.22150926413470612,1.6570289887425733
221.68,1.4043811823019383,2.0105073430392464,-1.5892329351685184,1.409489638476255,2.2323352684999036,-1.5606012215439826,0.22188673876251327,1.6404763509131157
221.78,1.4037554623264021,2.010479915133067,-1.5893442665339517,1.409489638476255,2.2323352684999036,-1.5606012215439826,0.22192944508028126,1.646855168279872
221.88000000000002,1.4028131819417942,2.0118094570181153,-1.5897690341066493,1.409489638476255,2.2323352684999036,-1.5606012215439826,0.2206268537634478,1.671192557469461
221.98000000000002,1.4033217845566655,2.010893245469791,-1.5893393832842964,1.409489638476255,2.2323352684999036,-1.5606012215439826,0.2215279034019018,1.646575378684314
222.08,1.4033189616678972,2.0125919105658165,-1.5899608087516988,1.409489638476255,2.2323352684999036,-1.5606012215439826,0.2198299811409297,1.6821804352484167
222.18,1.4030254523982049,2.011495250624485,-1.5898404132303436,1.409489638476255,2.2323352684999036,-1.5606012215439826,0.22093460389189098,1.6752822800024907
222.28,1.403520732570731,2.0110091445841127,-1.5893626841077484,1.409489638476255,2.2323352684999036,-1.5606012215439826,0.22140659648099245,1.6479104175272952
222.38000000000002,1.4031962413976997,2.0119446262162644,-1.5898133230194726,1.409489638476255,2.2323352684999036,-1.5606012215439826,0.22048047998175122,1.6737301252534633
222.48000000000002,1.4034985579154298,2.011162165753681,-1.5896198356218274,1.409489638476255,2.2323352684999036,-1.5606012215439826,0.22125423029781235,1.6626441139794212
222.58,1.40319178340126,2.0096704593911867,-1.5890975650850112,1.409489638476255,2.2323352684999036,-1.5606012215439826,0.22275385562087802,1.6327202164558217
222.68,1.403789153287567,2.010747802530788,-1.5891805097859002,1.409489638476255,2.2323352684999036,-1.5606012215439826,0.22166077823106295,1.6374725977497357
222.78,1.403623259447426,2.0102010329043796,-1.5896388467965952,1.409489638476255,2.2323352684999036,-1.5606012215439826,0.22221168517095957,1.6637333740572002
222.88000000000002,1.402586837395938,2.0120841347455403,-1.5896186780770847,1.409489638476255,2.2323352684999036,-1.5606012215439826,0.2203592761442932,1.6625777915510658
222.98000000000002,1.4042638497337545,2.010609604324187,-1.5893186635423262,1.409489638476255,2.2323352684999036,-1.5606012215439826,0.2217872381859335,1.6453882249168241
223.08,1.4047045525004986,2.0101342831220084,-1.5892669839691311,1.409489638476255,2.2323352684999036,-1.5606012215439826,0.22225250268715308,1.642427203485709
223.18,1.4051706348483015,2.0097142353970696,-1.5888957260325334,1.409489638476255,2.2323352684999036,-1.5606012215439826,0.22266292500573906,1.6211556906079219
223.28,1.4042531549781154,2.01013692997056,-1.5890715014668906,1.409489638476255,2.2323352684999036,-1.5606012215439826,0.22226003330474678,1.6312268811386688
223.38000000000002,1.4048933741559997,2.009667281456071,-1.5889066636089104,1.409489638476255,2.2323352684999036,-1.5606012215439826,0.22271541953770055,1.6217823675724288
223.48000000000002,1.4045125089168433,2.0093315793444035,-1.589191497590854,1.409489638476255,2.2323352684999036,-1.5606012215439826,0.2230592235161193,1.638102152599707
223.58,1.406676116309404,2.009053670819019,-1.5888105491021782,1.409489638476255,2.2323352684999036,-1.5606012215439826,0.22329932326344315,1.6162754119866922
223.68,1.4065583568934878,2.009465094868799,-1.5890923287352343,1.409489638476255,2.2323352684999036,-1.5606012215439826,0.22288944951719034,1.6324201957135516
223.78,1.4070737214757263,2.0092431236280226,-1.588967022249167,1.409489638476255,2.2323352684999036,-1.5606012215439826,0.22310522575343184,1.6252406629162777
223.88000000000002,1.4059305391578192,2.0097453403108583,-1.5893489946638553,1.409489638476255,2.2323352684999036,-1.5606012215439826,0.22261838046118934,1.6471260701683377
223.98000000000002,1.407257429192615,2.0085267281899446,-1.5886767844992924,1.409489638476255,2.2323352684999036,-1.5606012215439826,0.2238196717760986,1.6086112647930908
224.08,1.405843472733109,2.0094671273484646,-1.5892443558138136,1.409489638476255,2.2323352684999036,-1.5606012215439826,0.22289796514307672,1.6411307056878492
224.18,1.4075760054848523,2.009623817552529,-1.5892373623190117,1.409489638476255,2.2323352684999036,-1.5606012215439826,0.22271967217628208,1.640730007951652
224.28,1.4070846303165394,2.0113870072154527,-1.5896343920137077,1.409489638476255,2.2323352684999036,-1.5606012215439826,0.22096135007930748,1.6634781337991014
224.38000000000002,1.4062379249280854,2.012074664797146,-1.5901537888436905,1.409489638476255,2.2323352684999036,-1.5606012215439826,0.2202846049648105,1.6932373800495906
224.48000000000002,1.405879328717361,2.011761159932575,-1.5896542169607322,1.409489638476255,2.2323352684999036,-1.5606012215439826,0.22060365297706833,1.6646140195926735
224.58,1.405830552673515,2.010562773687985,-1.5896427373339044,1.409489638476255,2.2323352684999036,-1.5606012215439826,0.22180267889278138,1.6639562854250558
224.68,1.4061002474533344,2.0101979256131988,-1.589461378990438,1.409489638476255,2.2323352684999036,-1.5606012215439826,0.22216319919435742,1.6535652177649447
224.78,1.4075274768064028,2.010065246490385,-1.5893208489234716,1.409489638476255,2.2323352684999036,-1.5606012215439826,0.22227868265429893,1.645513438033082
224.88000000000002,1.4060933245718399,2.0098701133069845,-1.5893954701302018,1.409489638476255,2.2323352684999036,-1.5606012215439826,0.22249107897429707,1.649788918240895
224.98000000000002,1.4068957542265483,2.009864150922217,-1.5894809453129024,1.409489638476255,2.2323352684999036,-1.5606012215439826,0.222486238657059,1.6546862854627509
225.08,1.4073342338909236,2.011038560095476,-1.5896678886557456,1.409489638476255,2.2323352684999036,-1.5606012215439826,0.22130720485235175,1.665397350015733
225.18,1.4061726828789594,2.0116710475698607,-1.589896014541046,1.409489638476255,2.2323352684999036,-1.5606012215439826,0.22068914924186284,1.6784680004411254
225.28,1.4054693973204304,2.0116040806243958,-1.5898292601883692,1.409489638476255,2.2323352684999036,-1.5606012215439826,0.22076779574902614,1.6746432577686248
225.38000000000002,1.405582695673152,2.010483633276852,-1.5896312637783658,1.409489638476255,2.2323352684999036,-1.5606012215439826,0.22188603438073481,1.6632988991166884
225.48000000000002,1.4056739172663244,2.011341267367985,-1.5897096734212333,1.409489638476255,2.2323352684999036,-1.5606012215439826,0.22102694013320276,1.6677914407261198
225.58,1.405684495336799,2.0103513782956615,-1.589588858826137,1.409489638476255,2.2323352684999036,-1.5606012215439826,0.22201650079334367,1.6608692743235278
225.68,1.40487084555355,2.0114827553657797,-1.5896723616407378,1.409489638476255,2.2323352684999036,-1.5606012215439826,0.2209008053532653,1.66565363317761
225.78,1.4060468178869407,2.0103639126468096,-1.5894402300230535,1.409489638476255,2.2323352684999036,-1.5606012215439826,0.22199805366910563,1.6523534711927543
225.88000000000002,1.4051961200820533,2.011444226127959,-1.5896573412927448,1.409489638476255,2.2323352684999036,-1.5606012215439826,0.2209327655653764,1.6647930306307965
225.98000000000002,1.4044911132597597,2.0126373931156145,-1.5899351758807938,1.409489638476255,2.2323352684999036,-1.5606012215439826,0.2197547307857343,1.6807117799287588
226.08,1.4050655319658667,2.0111103324190105,-1.5895975491090162,1.409489638476255,2.2323352684999036,-1.5606012215439826,0.2212691688021865,1.6613671908552743
226.18,1.4060224853790477,2.0111715986100225,-1.5895710056704864,1.409489638476255,2.2323352684999036,-1.5606012215439826,0.22119084526661537,1.659846363853751
226.28,1.40433582784966,2.0122532637489976,-1.5900773782847952,1.409489638476255,2.2323352684999036,-1.5606012215439826,0.22014234163184648,1.6888593775146545
226.38000000000002,1.4049960677513957,2.0121732726297252,-1.5897096874158538,1.409489638476255,2.2323352684999036,-1.5606012215439826,0.22020784864168613,1.667792242558815
226.48000000000002,1.4065646400352634,2.0107111328509224,-1.5895190047597783,1.409489638476255,2.2323352684999036,-1.5606012215439826,0.22164343689366897,1.6568669311393394
226.58,1.4046835476938022,2.0117142041680722,-1.5896721267032052,1.409489638476255,2.2323352684999036,-1.5606012215439826,0.2206734069513571,1.6656401722485463
226.68,1.4052958026545441,2.013353881416844,-1.590274714560176,1.409489638476255,2.2323352684999036,-1.5606012215439826,0.21902154265669915,1.70016591323881
226.78,1.405458346319771,2.013431181389812,-1.5899768436331463,1.409489638476255,2.2323352684999036,-1.5606012215439826,0.21894120368252656,1.683099166280352
226.88000000000002,1.4065223124868682,2.0135263529732996,-1.5898941323022526,1.409489638476255,2.2323352684999036,-1.5606012215439826,0.21882903495070258,1.6783601561022357
226.98000000000002,1.405338386243128,2.0119337442064475,-1.5897347190034334,1.409489638476255,2.2323352684999036,-1.5606012215439826,0.22044061514607952,1.6692264468816382
227.08,1.4050927257218504,2.0133291207541513,-1.5902258555521331,1.409489638476255,2.2323352684999036,-1.5606012215439826,0.21905028096810136,1.6973664982867525
227.18,1.406363704682591,2.0131114664835583,-1.5900857000597302,1.409489638476255,2.2323352684999036,-1.5606012215439826,0.21924608738261242,1.6893361800964837
227.28,1.4062575304408327,2.012129200907637,-1.5898573460591006,1.409489638476255,2.2323352684999036,-1.5606012215439826,0.22022978619342687,1.6762524596254802
227.38000000000002,1.4052738388811505,2.0117793687104824,-1.5898675432581821,1.409489638476255,2.2323352684999036,-1.5606012215439826,0.22059618740619094,1.6768367160957092
227.48000000000002,1.4050918583480516,2.013045592817788,-1.5900298519857194,1.409489638476255,2.2323352684999036,-1.5606012215439826,0.21933376924409836,1.6861363211617355
227.58,1.4039180211719908,2.012173158238252,-1.5900476893847582,1.409489638476255,2.2323352684999036,-1.5606012215439826,0.22023259911795254,1.6871583288441445
227.68,1.404816428767243,2.013782810069863,-1.5900133438387243,1.409489638476255,2.2323352684999036,-1.5606012215439826,0.21860241529955465,1.685190474011331
227.78,1.4050645470169143,2.013606452331957,-1.5903762791502867,1.409489638476255,2.2323352684999036,-1.5606012215439826,0.2187735734878756,1.705985135600122
227.88000000000002,1.40591542825989,2.013252200666565,-1.5902304412118322,1.409489638476255,2.2323352684999036,-1.5606012215439826,0.219112221452702,1.6976292372337927
227.98000000000002,1.4053775012788117,2.013081884916584,-1.590251218995841,1.409489638476255,2.2323352684999036,-1.5606012215439826,0.21929194213437214,1.6988197165651362
228.08,1.4057085523858566,2.0121883330024235,-1.5897116115091652,1.409489638476255,2.2323352684999036,-1.5606012215439826,0.22017940371650266,1.6679024849849444
228.18,1.405567253157824,2.011269658206828,-1.589578018724931,1.409489638476255,2.2323352684999036,-1.5606012215439826,0.2211004051575577,1.6602481822749293
228.28,1.4068439207352206,2.0133334582487388,-1.589888803015486,1.409489638476255,2.2323352684999036,-1.5606012215439826,0.2190177908656108,1.6780548104626973
228.38000000000002,1.4071506136591134,2.0116070357260867,-1.5897603428294473,1.409489638476255,2.2323352684999036,-1.5606012215439826,0.22074062557795635,1.670694583967212
228.48000000000002,1.4077449539992946,2.011402216224298,-1.589512069262004,1.409489638476255,2.2323352684999036,-1.5606012215439826,0.2209399409607499,1.6564695563880492
228.58,1.4071458437746824,2.0103850169993174,-1.5892968568470909,1.409489638476255,2.2323352684999036,-1.5606012215439826,0.2219626263918694,1.644138793314712
228.68,1.4069305481138907,2.012043766676869,-1.5895553434566476,1.409489638476255,2.2323352684999036,-1.5606012215439826,0.2203063655887656,1.658948985102959
228.78,1.4064197435231047,2.0126274541319367,-1.589762037128822,1.409489638476255,2.2323352684999036,-1.5606012215439826,0.21972926056711792,1.6707916601706072
228.88000000000002,1.4050873259598489,2.01246475856089,-1.5897757987048784,1.409489638476255,2.2323352684999036,-1.5606012215439826,0.21991457772583864,1.6715801403980917
228.98000000000002,1.407213527571686,2.011931543367619,-1.5896080657101137,1.409489638476255,2.2323352684999036,-1.5606012215439826,0.22041547752605203,1.661969747712985
229.08,1.4067887787753852,2.013103719090907,-1.5899955645289736,1.409489638476255,2.2323352684999036,-1.5606012215439826,0.21924818562394796,1.6841717945999621
229.18,1.4065030520569521,2.0136605021203176,-1.5897633635290453,1.409489638476255,2.2323352684999036,-1.5606012215439826,0.21869516032506642,1.670867657305355
229.28,1.4064596749725686,2.0132530231074726,-1.5900425941962346,1.409489638476255,2.2323352684999036,-1.5606012215439826,0.2191031969758156,1.6868663960459218
229.38000000000002,1.4076324391511548,2.012727105463716,-1.5898404666113162,1.409489638476255,2.2323352684999036,-1.5606012215439826,0.21961601594934269,1.675285338506923
229.48000000000002,1.4063503897848295,2.0137261784429725,-1.5901907740220647,1.409489638476255,2.2323352684999036,-1.5606012215439826,0.21863162885974669,1.695356474674967
229.58,1.4062518658825929,2.0152002211840667,-1.5905816912855062,1.409489638476255,2.2323352684999036,-1.5606012215439826,0.21715918572378878,1.7177543840089708
229.68,1.4058260088397296,2.0134098198922787,-1.5900987925574988,1.409489638476255,2.2323352684999036,-1.5606012215439826,0.2189561011485257,1.6900863249619087
229.78,1.4065287367868191,2.014654124394705,-1.5903980016735069,1.409489638476255,2.2323352684999036,-1.5606012215439826,0.21770128028507957,1.7072297445010138
229.88000000000002,1.4068109847376955,2.0140561081669692,-1.5902296114555756,1.409489638476255,2.2323352684999036,-1.5606012215439826,0.2182955955155806,1.6975816957022651
229.98000000000002,1.4069196775077344,2.013979560124974,-1.5903397644681945,1.409489638476255,2.2323352684999036,-1.5606012215439826,0.2183708315670778,1.7038929984259767
230.08,1.405638902957817,2.0140461268551086,-1.5906875965502294,1.409489638476255,2.2323352684999036,-1.5606012215439826,0.21832310350499856,1.7238223087058262
230.18,1.4055770191616774,2.014703385091691,-1.5905380224922332,1.409489638476255,2.2323352684999036,-1.5606012215439826,0.21766705140123227,1.7152523464579987
230.28,1.4051146989205274,2.0135098244543475,-1.5901964728444689,1.409489638476255,2.2323352684999036,-1.5606012215439826,0.21886917338412712,1.6956829931469222
230.38000000000002,1.4048591639664254,2.0151780442265648,-1.5907912761352072,1.409489638476255,2.2323352684999036,-1.5606012215439826,0.21720658679765528,1.7297627113467229
230.48000000000002,1.4055814734685959,2.016351805033145,-1.5908000251197645,1.409489638476255,2.2323352684999036,-1.5606012215439826,0.21601881919134688,1.7302639912368794
230.58,1.4060645117657373,2.0145229457922063,-1.5903448574790875,1.409489638476255,2.2323352684999036,-1.5606012215439826,0.2178392513214852,1.704184806455161
230.68,1.4055909968174902,2.0150603163120895,-1.5906628955247715,1.409489638476255,2.2323352684999036,-1.5606012215439826,0.21730992672908517,1.7224070441974417
230.78,1.4065189162011755,2.01643372807195,-1.5908590070561377,1.409489638476255,2.2323352684999036,-1.5606012215439826,0.21592197745944933,1.7336434072585742
230.88000000000002,1.406827138665545,2.0161162393057834,-1.5907393029316121,1.409489638476255,2.2323352684999036,-1.5606012215439826,0.21623542145284574,1.7267848661329512
230.98000000000002,1.405750536640118,2.0157757005889816,-1.590906462929374,1.409489638476255,2.2323352684999036,-1.5606012215439826,0.21659184503647927,1.7363624285081276
231.08,1.406887335421227,2.0157018802289786,-1.5907018210903352,1.409489638476255,2.2323352684999036,-1.5606012215439826,0.21664901775667383,1.7246373148194032
231.18,1.4057150331696822,2.0165390767273186,-1.59074735585924,1.409489638476255,2.2323352684999036,-1.5606012215439826,0.21582920105669368,1.727246264898751
231.28,1.4073973864325144,2.0151212777649294,-1.590344229832248,1.409489638476255,2.2323352684999036,-1.5606012215439826,0.21722406701290714,1.704148844940239
231.38000000000002,1.4070143234093433,2.015199188275902,-1.5905911905619348,1.409489638476255,2.2323352684999036,-1.5606012215439826,0.2171501888549134,1.718298652456756
231.48000000000002,1.4054759670691368,2.0159254690740065,-1.5906895166703865,1.409489638476255,2.2323352684999036,-1.5606012215439826,0.2164470162550672,1.7239323234869859
231.58,1.406870737403345,2.0147495195977765,-1.5901901340828413,1.409489638476255,2.2323352684999036,-1.5606012215439826,0.2176015091127109,1.695319808858322
231.68,1.4054580676822013,2.01625932349546,-1.5907155854044202,1.409489638476255,2.2323352684999036,-1.5606012215439826,0.21611355249643832,1.7254259519243633
231.78,1.4056638995613235,2.0161906570387784,-1.590545837781831,1.409489638476255,2.2323352684999036,-1.5606012215439826,0.21617846641588978,1.7157001295676197
231.88000000000002,1.4064822980299796,2.014935239466078,-1.59031480275146,1.409489638476255,2.2323352684999036,-1.5606012215439826,0.21742082862611856,1.7024627974076891
231.98000000000002,1.40635839740032,2.015684523889253,-1.5906533623932624,1.409489638476255,2.2323352684999036,-1.5606012215439826,0.2166733712550412,1.7218608359964278
232.08,1.4059637086507668,2.015861133890691,-1.590598748798455,1.409489638476255,2.2323352684999036,-1.5606012215439826,0.21650284787028026,1.7187317075099258
232.18,1.4065034333326425,2.0159290303893598,-1.5903897226229204,1.409489638476255,2.2323352684999036,-1.5606012215439826,0.2164268405589222,1.7067553898440364
232.28,1.4069381475442795,2.014372738461411,-1.5901515976797913,1.409489638476255,2.2323352684999036,-1.5606012215439826,0.21797746352950517,1.6931118356059442
232.38000000000002,1.4060853841337018,2.015911097476297,-1.590606858151969,1.409489638476255,2.2323352684999036,-1.5606012215439826,0.21645094305843113,1.7191963392408594
232.48000000000002,1.4052855900031913,2.0151522429125155,-1.5904212872836172,1.409489638476255,2.2323352684999036,-1.5606012215439826,0.21722371101437327,1.7085639116837232
232.58,1.4063508205710056,2.016165505504882,-1.5907678571191386,1.409489638476255,2.2323352684999036,-1.5606012215439826,0.2161925498512059,1.7284209005656421
232.68,1.4061289199707672,2.015273154033345,-1.5903185448191006,1.409489638476255,2.2323352684999036,-1.5606012215439826,0.21708812949022935,1.7026772020901504
232.78,1.406376273558556,2.0140880786601225,-1.5901351330843763,1.409489638476255,2.2323352684999036,-1.5606012215439826,0.21826939527582012,1.6921684837772717
232.88000000000002,1.4053250808094995,2.0138921247868944,-1.5899579257495524,1.409489638476255,2.2323352684999036,-1.5606012215439826,0.21848283817220548,1.6820152513931035
232.98000000000002,1.4046629536968254,2.0160038617807645,-1.5907526537497165,1.409489638476255,2.2323352684999036,-1.5606012215439826,0.2163852453820305,1.7275498116633794
233.08,1.405866540474704,2.0151011673858403,-1.590216341004427,1.409489638476255,2.2323352684999036,-1.5606012215439826,0.21726431259174597,1.6968213548592144
233.18,1.4064901979952285,2.013130739834337,-1.589947644819932,1.409489638476255,2.2323352684999036,-1.5606012215439826,0.2192250488212794,1.6814261975163767
233.28,1.40563766990439,2.0141581127240045,-1.5899997376635369,1.409489638476255,2.2323352684999036,-1.5606012215439826,0.21821115682828776,1.6844108975977763
233.38000000000002,1.4050082943013598,2.0146810840351823,-1.5899254711237283,1.409489638476255,2.2323352684999036,-1.5606012215439826,0.21770031341414461,1.6801557383077046
233.48000000000002,1.4053114573935594,2.014618502474035,-1.590183000434014,1.409489638476255,2.2323352684999036,-1.5606012215439826,0.21775685386669846,1.6949110808879946
233.58,1.4050785529798098,2.0158949302673816,-1.5906529743803215,1.409489638476255,2.2323352684999036,-1.5606012215439826,0.21648528284727683,1.7218386044925185
233.68,1.404491138200835,2.0161994783498196,-1.5909004376921547,1.409489638476255,2.2323352684999036,-1.5606012215439826,0.21619358174748046,1.7360172078448923
233.78,1.405856738899325,2.01491194790804,-1.5904821711331063,1.409489638476255,2.2323352684999036,-1.5606012215439826,0.2174536693103344,1.7120522992999585
233.88000000000002,1.406356270936029,2.013428125074405,-1.5902978541228456,1.409489638476255,2.2323352684999036,-1.5606012215439826,0.21892956729243776,1.7014917125195528
233.98000000000002,1.4068052943791307,2.0143717067205733,-1.5907021857851287,1.409489638476255,2.2323352684999036,-1.5606012215439826,0.21798009075776553,1.7246582102918797
234.08,1.4068056601819312,2.0163123799651306,-1.591058559839644,1.409489638476255,2.2323352684999036,-1.5606012215439826,0.21603956144741493,1.7450769395435761
234.18,1.4069641787076879,2.015116919933806,-1.5906585788557794,1.409489638476255,2.2323352684999036,-1.5606012215439826,0.21723302902833483,1.722159717282643
234.28,1.4066157847406828,2.015605082261398,-1.5907889075664243,1.409489638476255,2.2323352684999036,-1.5606012215439826,0.21674923912731686,1.729627002351977
234.38000000000002,1.4074617277647434,2.0142179424188473,-1.5905140329461094,1.409489638476255,2.2323352684999036,-1.5606012215439826,0.21812675296396747,1.7138778467126696
234.48000000000002,1.4062584041484651,2.013377006582826,-1.5902059497391796,1.409489638476255,2.2323352684999036,-1.5606012215439826,0.21898210277789512,1.6962259792167385
234.58,1.4076329289927605,2.013696113904528,-1.5903974260991365,1.409489638476255,2.2323352684999036,-1.5606012215439826,0.2186470381511871,1.7071967665187948
234.68,1.407321597253327,2.0133050686405425,-1.590117665732891,1.409489638476255,2.2323352684999036,-1.5606012215439826,0.21904092963000316,1.6911676782578968
234.78,1.4054984568618512,2.013544355965916,-1.5906229401015757,1.409489638476255,2.2323352684999036,-1.5606012215439826,0.21882731305331662,1.7201177670796637
234.88000000000002,1.4060056968048062,2.013327895253214,-1.5901554457163314,1.409489638476255,2.2323352684999036,-1.5606012215439826,0.21903508254611823,1.6933323118591026
234.98000000000002,1.4062447640248064,2.0129342858122157,-1.5903500962296195,1.409489638476255,2.2323352684999036,-1.5606012215439826,0.21942497673357242,1.704484964750569
235.08,1.4075966589654767,2.011899318705386,-1.5898052619226657,1.409489638476255,2.2323352684999036,-1.5606012215439826,0.22044407756444542,1.6732682584281784
235.18,1.406853429976822,2.0146189471537514,-1.5901073617530883,1.409489638476255,2.2323352684999036,-1.5606012215439826,0.21773228096851754,1.6905773037030127
235.28,1.4062084082678115,2.015022462696562,-1.590381925729974,1.409489638476255,2.2323352684999036,-1.5606012215439826,0.21733757622142022,1.7063086607848932
235.38000000000002,1.4079712301153016,2.0149010087574126,-1.5902257757328975,1.409489638476255,2.2323352684999036,-1.5606012215439826,0.21743956142734386,1.6973619249814247
235.48000000000002,1.4067946474149042,2.013554233281091,-1.5901485637370534,1.409489638476255,2.2323352684999036,-1.5606012215439826,0.21879763332412008,1.6929380034917765
235.58,1.4074057753084883,2.0156771561166864,-1.590609908667006,1.409489638476255,2.2323352684999036,-1.5606012215439826,0.2166681336679687,1.7193711208778215
235.68,1.4062136766864626,2.0167075917035686,-1.5910123709199844,1.409489638476255,2.2323352684999036,-1.5606012215439826,0.2156525606762713,1.7424305093868078
235.78,1.4062976367679085,2.0143169434541712,-1.5906135761899847,1.409489638476255,2.2323352684999036,-1.5606012215439826,0.21804169080855318,1.7195812544657652
235.88000000000002,1.406776952118338,2.0160509612246402,-1.590821458506613,1.409489638476255,2.2323352684999036,-1.5606012215439826,0.2163013181670814,1.7314920338439674
235.98000000000002,1.4068973629858401,2.0155640188397124,-1.590671433347176,1.409489638476255,2.2323352684999036,-1.5606012215439826,0.2167867490679704,1.7228962253874587
236.08,1.4066792090490978,2.0167774614077967,-1.5909210637309747,1.409489638476255,2.2323352684999036,-1.5606012215439826,0.21557612741656487,1.7371989928173528
236.18,1.4072500884089623,2.015828399030848,-1.5906233029060501,1.409489638476255,2.2323352684999036,-1.5606012215439826,0.2165184521277451,1.720138554244839
236.28,1.4080067317782123,2.0147123683521584,-1.5901960141805318,1.409489638476255,2.2323352684999036,-1.5606012215439826,0.21762795243486205,1.6956567136391143
236.38000000000002,1.4065556342801802,2.016075359589415,-1.5906397272823998,1.409489638476255,2.2323352684999036,-1.5606012215439826,0.21627981085296755,1.7210796016908074
236.48000000000002,1.4064660039049126,2.0172436366394275,-1.5910599395364862,1.409489638476255,2.2323352684999036,-1.5606012215439826,0.21511288306938658,1.7451559903496365
236.58,1.4073339886559015,2.015563575601606,-1.5902627601191497,1.409489638476255,2.2323352684999036,-1.5606012215439826,0.21678241088275998,1.6994809742215584
236.68,1.4058597923483793,2.0161124941242403,-1.5908348649414605,1.409489638476255,2.2323352684999036,-1.5606012215439826,0.21625324030317106,1.7322601659790517
236.78,1.4070403168322698,2.0168129811214013,-1.591244484815303,1.409489638476255,2.2323352684999036,-1.5606012215439826,0.215536204692802,1.7557296559549003
236.88000000000002,1.4066085533637331,2.0157592069584873,-1.5909527228853075,1.409489638476255,2.2323352684999036,-1.5606012215439826,0.21659522405680354,1.7390129287435747
236.98000000000002,1.407337817134778,2.0173110007342765,-1.5912631839704694,1.409489638476255,2.2323352684999036,-1.5606012215439826,0.21503503450189168,1.756801038626401
237.08,1.4072470867650975,2.0179048826326915,-1.59128219749057,1.409489638476255,2.2323352684999036,-1.5606012215439826,0.21444211205203767,1.7578904330818517
237.18,1.4061627209996275,2.0168199791707377,-1.5911356269495769,1.409489638476255,2.2323352684999036,-1.5606012215439826,0.2155409666734618,1.7494925596819981
237.28,1.405841629792691,2.0176085525895253,-1.591219595930794,1.409489638476255,2.2323352684999036,-1.5606012215439826,0.21475770182466486,1.7543036279157511
237.38000000000002,1.406356900824214,2.0166358734626364,-1.5913402691181424,1.409489638476255,2.2323352684999036,-1.5606012215439826,0.21572214319498953,1.7612176922512077
237.48000000000002,1.4057789624852295,2.017686122281957,-1.5912166429680592,1.409489638476255,2.2323352684999036,-1.5606012215439826,0.21468121736287002,1.7541344356139885
237.58,1.4059803135825168,2.017464409782632,-1.591499005305894,1.409489638476255,2.2323352684999036,-1.5606012215439826,0.21489951439476876,1.7703126058653664
237.68,1.4058086266969003,2.0195833649099932,-1.5919571234694636,1.409489638476255,2.2323352684999036,-1.5606012215439826,0.21278374545263146,1.7965608431561921
237.78,1.4061995387287824,2.016969542389696,-1.591508524130014,1.409489638476255,2.2323352684999036,-1.5606012215439826,0.21539085574676875,1.770857994313372
237.88000000000002,1.4052545932689908,2.018343350197367,-1.5915237849487525,1.409489638476255,2.2323352684999036,-1.5606012215439826,0.21403382140845667,1.771732374819001
237.98000000000002,1.406043190993414,2.017575081522074,-1.5912970117587892,1.409489638476255,2.2323352684999036,-1.5606012215439826,0.2147878392996316,1.7587392281273897
238.08,1.405916108777722,2.017167867567498,-1.5912664234059892,1.409489638476255,2.2323352684999036,-1.5606012215439826,0.21519707372200225,1.756986644609692
238.18,1.4064430714056224,2.0181526864944352,-1.5914051138354501,1.409489638476255,2.2323352684999036,-1.5606012215439826,0.21420424833659354,1.764933020876659
238.28,1.4061655811185552,2.0185168333181114,-1.5914023091976588,1.409489638476255,2.2323352684999036,-1.5606012215439826,0.21384427179821197,1.7647723269681521
238.38000000000002,1.4067542961474149,2.0189317571836956,-1.5918359581896435,1.409489638476255,2.2323352684999036,-1.5606012215439826,0.21342104099582795,1.7896185839989793
238.48000000000002,1.4072438023831355,2.0203318634729452,-1.5920446297239585,1.409489638476255,2.2323352684999036,-1.5606012215439826,0.21201530020916345,1.80157458221975
238.58,1.4065035468748883,2.0186475576615,-1.5915986439143317,1.409489638476255,2.2323352684999036,-1.5606012215439826,0.2137085737784258,1.7760214776054066
238.68,1.4070524911171916,2.0180914643663437,-1.5913876781682148,1.409489638476255,2.2323352684999036,-1.5606012215439826,0.21425766566652635,1.76393403073108
238.78,1.4071307362076069,2.019076228837351,-1.5917179244163868,1.409489638476255,2.2323352684999036,-1.5606012215439826,0.21327208541604137,1.7828557469513664
238.88000000000002,1.4078553811192713,2.0181255677957295,-1.5913082549996236,1.409489638476255,2.2323352684999036,-1.5606012215439826,0.2142159346847958,1.759383418375247
238.98000000000002,1.4066447474615398,2.01855103375321,-1.5915801138860093,1.409489638476255,2.2323352684999036,-1.5606012215439826,0.2138031628183152,1.7749597851882744
239.08,1.4058376043618928,2.019703208824679,-1.591662459756315,1.409489638476255,2.2323352684999036,-1.5606012215439826,0.21266341987963205,1.7796778560171196
239.18,1.4064214818177116,2.0187565319713316,-1.5913430405631537,1.409489638476255,2.2323352684999036,-1.5606012215439826,0.21360077313161233,1.7613764843535056
239.28,1.4054244108313183,2.0193615993778415,-1.5915531409156383,1.409489638476255,2.2323352684999036,-1.5606012215439826,0.213012463990065,1.7734143478250834
239.38000000000002,1.4044796871588667,2.0200312135175675,-1.5919406833628897,1.409489638476255,2.2323352684999036,-1.5606012215439826,0.21236315917349077,1.7956188944347644
239.48000000000002,1.4062045598799169,2.0193656100518056,-1.5919317125660626,1.409489638476255,2.2323352684999036,-1.5606012215439826,0.21299499327656424,1.7951049056376989
239.58,1.4059010984217335,2.020614286923827,-1.5918526816537877,1.409489638476255,2.2323352684999036,-1.5606012215439826,0.21175139116251457,1.7905767679132782
239.68,1.4058764084303135,2.021759147688658,-1.592090197859087,1.409489638476255,2.2323352684999036,-1.5606012215439826,0.21060711784571093,1.8041854440428862
239.78,1.405578441877669,2.021848241899109,-1.5923783454222977,1.409489638476255,2.2323352684999036,-1.5606012215439826,0.21052336171094263,1.8206950832918458
239.88000000000002,1.4061070265322424,2.020018147880176,-1.5924706387224272,1.409489638476255,2.2323352684999036,-1.5606012215439826,0.21234406460227642,1.8259830998666002
239.98000000000002,1.4058276528531313,2.0219347081479664,-1.5924802855580278,1.409489638476255,2.2323352684999036,-1.5606012215439826,0.21043242605433493,1.8265358228321689
240.08,1.4055940208041837,2.021037004183251,-1.5923013456942978,1.409489638476255,2.2323352684999036,-1.5606012215439826,0.21133417220193476,1.8162833238537959
240.18,1.4060507686999075,2.0202881176238936,-1.5919137139768018,1.409489638476255,2.2323352684999036,-1.5606012215439826,0.2120750339383965,1.7940736624358673
240.28,1.4051508626889861,2.021001782898138,-1.5925457216631258,1.409489638476255,2.2323352684999036,-1.5606012215439826,0.21137801946258247,1.8302850354820597
240.38000000000002,1.4045972661893253,2.0200619888194407,-1.5919186320353276,1.409489638476255,2.2323352684999036,-1.5606012215439826,0.2123296507153298,1.7943554464327918
240.48000000000002,1.4050184877235044,2.020991975842395,-1.5923480220544561,1.409489638476255,2.2323352684999036,-1.5606012215439826,0.21139058290371215,1.8189576822939004
240.58,1.4051581133165683,2.019506324595235,-1.5922381201054019,1.409489638476255,2.2323352684999036,-1.5606012215439826,0.2128730172515662,1.8126607644528299
240.68,1.405312617559845,2.020509442118688,-1.5921518244824895,1.409489638476255,2.2323352684999036,-1.5606012215439826,0.21186700598682426,1.8077163894694968
240.78,1.4056480268267908,2.019588983967451,-1.5918753228220435,1.409489638476255,2.2323352684999036,-1.5606012215439826,0.21278096616574677,1.7918740112975806
240.88000000000002,1.4053798885570763,2.0193560299976965,-1.5916821409860826,1.409489638476255,2.2323352684999036,-1.5606012215439826,0.2130188866682441,1.7808055074184357
240.98000000000002,1.4074176502866522,2.0193749868335815,-1.5916242053080534,1.409489638476255,2.2323352684999036,-1.5606012215439826,0.21297036108918324,1.7774860375841306
241.08,1.4069103868577824,2.0201134716302644,-1.5917512587862876,1.409489638476255,2.2323352684999036,-1.5606012215439826,0.21223746984330966,1.7847656656594117
241.18,1.4057032650083563,2.019170729168175,-1.5915460848309422,1.409489638476255,2.2323352684999036,-1.5606012215439826,0.21319816474948006,1.7730100639521107
241.28,1.4056252566535938,2.0198759779025304,-1.592017524426734,1.409489638476255,2.2323352684999036,-1.5606012215439826,0.21249443194589923,1.8000215630863388
241.38000000000002,1.4050917654139394,2.0199042387451027,-1.5921007313534925,1.409489638476255,2.2323352684999036,-1.5606012215439826,0.21247654856514717,1.804788968815852
241.48000000000002,1.4049019403861756,2.018470060247938,-1.5916630798604874,1.409489638476255,2.2323352684999036,-1.5606012215439826,0.21391440875832174,1.7797133853690594
241.58,1.4063835876418762,2.01841721060102,-1.5915516422301212,1.409489638476255,2.2323352684999036,-1.5606012215439826,0.2139406063537631,1.7733284794701407
241.68,1.4065410595551007,2.0202749350211153,-1.5919209358423625,1.409489638476255,2.2323352684999036,-1.5606012215439826,0.21208083164866448,1.794487444852705
241.78,1.4076133451162256,2.017579537479645,-1.5915054260497736,1.409489638476255,2.2323352684999036,-1.5606012215439826,0.21476392733142743,1.770680487391007
241.88000000000002,1.4065215549451136,2.019625870018922,-1.5919926112113767,1.409489638476255,2.2323352684999036,-1.5606012215439826,0.21273010534945197,1.7985941409922617
241.98000000000002,1.405611924099631,2.019885986912768,-1.5922294141058628,1.409489638476255,2.2323352684999036,-1.5606012215439826,0.21248466748374284,1.8121619474227988
242.08,1.4068543123563158,2.020779077681866,-1.5920398334914097,1.409489638476255,2.2323352684999036,-1.5606012215439826,0.21157260412727447,1.8012997783371347
242.18,1.4067036372658974,2.0207034789825165,-1.5924685897209006,1.409489638476255,2.2323352684999036,-1.5606012215439826,0.21165012671169317,1.825865700726906
242.28,1.4081046370220767,2.0200990786211594,-1.5918544477949996,1.409489638476255,2.2323352684999036,-1.5606012215439826,0.21224070892096647,1.790677960350747
242.38000000000002,1.4061789595476815,2.020885928048205,-1.5924360304227985,1.409489638476255,2.2323352684999036,-1.5606012215439826,0.21147525664348146,1.8240001903617482
242.48000000000002,1.40649798911647,2.0208784700163087,-1.5923385013748284,1.409489638476255,2.2323352684999036,-1.5606012215439826,0.21147796005925432,1.8184121875331318
242.58,1.406445317922216,2.0211864741357606,-1.5922656876933334,1.409489638476255,2.2323352684999036,-1.5606012215439826,0.21117073956651025,1.814240270892663
242.68,1.4053948507115923,2.021752785629619,-1.5922389232464897,1.409489638476255,2.2323352684999036,-1.5606012215439826,0.21062229079243103,1.812706781047517
242.78,1.4051394997980324,2.0225407393611032,-1.5927401617861647,1.409489638476255,2.2323352684999036,-1.5606012215439826,0.2098396248640631,1.8414256339001949
242.88000000000002,1.4058523515376677,2.021228215600661,-1.5920686844779908,1.409489638476255,2.2323352684999036,-1.5606012215439826,0.21113838504657834,1.8029528181030214
242.98000000000002,1.4063764570155317,2.0196661361128707,-1.5920286986357748,1.409489638476255,2.2323352684999036,-1.5606012215439826,0.21269191749819905,1.8006617981037696
243.08,1.406567765945199,2.019916418910555,-1.592151230876376,1.409489638476255,2.2323352684999036,-1.5606012215439826,0.21243894416973094,1.807682378344494
243.18,1.4039834998035998,2.0203214428583562,-1.5921509693213582,1.409489638476255,2.2323352684999036,-1.5606012215439826,0.21208531261321928,1.8076673923458728
243.28,1.405529420317016,2.020212716620987,-1.592049416564003,1.409489638476255,2.2323352684999036,-1.5606012215439826,0.21215951626899152,1.8018488479514951
243.38000000000002,1.4057627630415614,2.0194646599823565,-1.5917780576085796,1.409489638476255,2.2323352684999036,-1.5606012215439826,0.21290323053241003,1.7863011250726615
243.48000000000002,1.4051760458168818,2.0201107327329764,-1.5921142623602111,1.409489638476255,2.2323352684999036,-1.5606012215439826,0.21226836943623695,1.8055642383933932
243.58,1.4056619754433652,2.0193348799009363,-1.591783541025232,1.409489638476255,2.2323352684999036,-1.5606012215439826,0.2130347777889902,1.78661530170415
243.68,1.40701115306124,2.0197226614103254,-1.5918411301995217,1.409489638476255,2.2323352684999036,-1.5606012215439826,0.21262705280227112,1.7899149183365972
243.78,1.4058876201777362,2.0185835893527617,-1.5917163883811998,1.409489638476255,2.2323352684999036,-1.5606012215439826,0.2137820265458384,1.7827677386179652
243.88000000000002,1.4068493237185211,2.0195105821217343,-1.5919397805700342,1.409489638476255,2.2323352684999036,-1.5606012215439826,0.21284106369304312,1.7955671682143648
243.98000000000002,1.4065920404929944,2.0193391773745613,-1.5918831932797477,1.409489638476255,2.2323352684999036,-1.5606012215439826,0.21301579966929152,1.7923249553068692
244.08,1.4049528841049748,2.019535382949255,-1.5921429338288096,1.409489638476255,2.2323352684999036,-1.5606012215439826,0.21284824037467293,1.8072069925365244
244.18,1.4047051539544648,2.0193681122650142,-1.5919196188626035,1.409489638476255,2.2323352684999036,-1.5606012215439826,0.2130208931699307,1.7944119874708089
244.28,1.4042231145237136,2.0182262596698677,-1.5915561279971182,1.409489638476255,2.2323352684999036,-1.5606012215439826,0.2141737704218775,1.7735854949869456
244.38000000000002,1.4055762721037957,2.0172245684752097,-1.5912274574521479,1.409489638476255,2.2323352684999036,-1.5606012215439826,0.21514629372006142,1.7547540599098816
244.48000000000002,1.4066263803680326,2.0168821105212418,-1.5912068237875043,1.409489638476255,2.2323352684999036,-1.5606012215439826,0.21547218272893723,1.7535718380099177
244.58,1.4057932613045072,2.0183835584492535,-1.5915287295959792,1.409489638476255,2.2323352684999036,-1.5606012215439826,0.21398363824786523,1.7720156822362767
244.68,1.4062441751023387,2.0182846570449424,-1.591693159077434,1.409489638476255,2.2323352684999036,-1.5606012215439826,0.21407521411119548,1.7814367975511542
244.78,1.407113468899158,2.017885777283458,-1.5912728112011976,1.409489638476255,2.2323352684999036,-1.5606012215439826,0.21446265517532748,1.7573526383155238
244.88000000000002,1.4066311344387683,2.018755216417091,-1.5917028356707703,1.409489638476255,2.2323352684999036,-1.5606012215439826,0.21359917999147204,1.781991225509394
244.98000000000002,1.4064863602722117,2.0184854548154134,-1.5914972686528948,1.409489638476255,2.2323352684999036,-1.5606012215439826,0.2138709014636214,1.7702131029780346
245.08,1.4065848760912694,2.0197169244853375,-1.591761224861888,1.409489638476255,2.2323352684999036,-1.5606012215439826,0.2126381853195931,1.785336679729619
245.18,1.4056340321372895,2.0195573684081114,-1.5921198325939556,1.409489638476255,2.2323352684999036,-1.5606012215439826,0.21281282965957146,1.8058833892778532
245.28,1.4054135048733034,2.0200131650901416,-1.5917465407015186,1.409489638476255,2.2323352684999036,-1.5606012215439826,0.21236122636087496,1.7844953393147578
245.38000000000002,1.4059886689327188,2.019199449408969,-1.5916933129977042,1.409489638476255,2.2323352684999036,-1.5606012215439826,0.2131645706192948,1.7814456165330244
245.48000000000002,1.4070134081393333,2.01918645090404,-1.5918116069797719,1.409489638476255,2.2323352684999036,-1.5606012215439826,0.21316320076222423,1.7882233624472963
245.58,1.4058500474387352,2.0194323342605554,-1.591795830386144,1.409489638476255,2.2323352684999036,-1.5606012215439826,0.21293404150263207,1.7873194302173219
245.68,1.405797004119582,2.0188102042379046,-1.591855113597872,1.409489638476255,2.2323352684999036,-1.5606012215439826,0.21355699149543875,1.7907161080453227
245.78,1.406912369760788,2.018756040012513,-1.59153944944821,1.409489638476255,2.2323352684999036,-1.5606012215439826,0.21359477792141993,1.7726298845261041
245.88000000000002,1.405467288424852,2.017231494778652,-1.5915858439194952,1.409489638476255,2.2323352684999036,-1.5606012215439826,0.21514137856084173,1.775288091923486
245.98000000000002,1.4051361965678115,2.0192135436113166,-1.5917848923384479,1.409489638476255,2.2323352684999036,-1.5606012215439826,0.21316618417548497,1.7866927262482266
246.08,1.4058852245684672,2.0174919622035596,-1.5912085498909139,1.409489638476255,2.2323352684999036,-1.5606012215439826,0.21487353969245102,1.7536707364502875
246.18,1.4064813331152775,2.0190559966344774,-1.5915833212210877,1.409489638476255,2.2323352684999036,-1.5606012215439826,0.2133004868925321,1.7751435519517516
246.28,1.406347428152843,2.0173112350605913,-1.5916059771637563,1.409489638476255,2.2323352684999036,-1.5606012215439826,0.2150469912419773,1.7764416418475526
246.38000000000002,1.4056736646286507,2.017587542984317,-1.5914413169156016,1.409489638476255,2.2323352684999036,-1.5606012215439826,0.21478162693890598,1.7670073045747143
246.48000000000002,1.4056043720758338,2.018452936015696,-1.5917400381859774,1.409489638476255,2.2323352684999036,-1.5606012215439826,0.21391761835783274,1.7841227726180326
246.58,1.405115242433451,2.0196252100837455,-1.5918962093727334,1.409489638476255,2.2323352684999036,-1.5606012215439826,0.21275503352951414,1.7930707225006968
246.68,1.4060009149632844,2.0182993192445595,-1.5913065421276584,1.409489638476255,2.2323352684999036,-1.5606012215439826,0.2140643799546907,1.7592852780407975
246.78000000000003,1.4063035183955341,2.0190538466867674,-1.5918238619414182,1.409489638476255,2.2323352684999036,-1.5606012215439826,0.21330521852922804,1.7889255200277276
246.88000000000002,1.4058654809265207,2.0192939318769825,-1.591643421143014,1.409489638476255,2.2323352684999036,-1.5606012215439826,0.21307216061237585,1.7785870238271908
246.98000000000002,1.405403800550272,2.0187344880535143,-1.5919465426089843,1.409489638476255,2.2323352684999036,-1.5606012215439826,0.21363985461253246,1.7959546045071095
247.08,1.4052458488624617,2.0178859921874857,-1.5915428205417637,1.409489638476255,2.2323352684999036,-1.5606012215439826,0.21449126290179263,1.7728230339590714
247.18,1.4046374246981872,2.0191823608504116,-1.5917391447522877,1.409489638476255,2.2323352684999036,-1.5606012215439826,0.21320812840504216,1.7840715826383386
247.28000000000003,1.4065065089749451,2.0196182193707592,-1.591928881755435,1.409489638476255,2.2323352684999036,-1.5606012215439826,0.21273796570389686,1.7949427121361317
247.38000000000002,1.4049471658430142,2.019240248654051,-1.591629555229608,1.409489638476255,2.2323352684999036,-1.5606012215439826,0.21314342950400333,1.7777925655099387
247.48000000000002,1.4052014671878696,2.0175567359960267,-1.5916053820196552,1.409489638476255,2.2323352684999036,-1.5606012215439826,0.21482133608540246,1.7764075426023567
247.58,1.4061433475809104,2.018344472510702,-1.5916143245704013,1.409489638476255,2.2323352684999036,-1.5606012215439826,0.21401695827865685,1.7769199130181912
247.68,1.406320617059052,2.017710825790075,-1.5916606676786447,1.409489638476255,2.2323352684999036,-1.5606012215439826,0.21464783741106536,1.779575177530054
247.78000000000003,1.4062684548615636,2.019298829328584,-1.5921899053465995,1.409489638476255,2.2323352684999036,-1.5606012215439826,0.2130607904769784,1.809898262263214
247.88000000000002,1.4069133125043158,2.0182273239350472,-1.5918144079772325,1.409489638476255,2.2323352684999036,-1.5606012215439826,0.21412344425891644,1.788383847780218
247.98000000000002,1.4062584255936683,2.0177554554492003,-1.5913876218720258,1.409489638476255,2.2323352684999036,-1.5606012215439826,0.21460414000099665,1.763930805197045
248.08,1.4054400962831524,2.0162248549433506,-1.591257061434107,1.409489638476255,2.2323352684999036,-1.5606012215439826,0.21614835099893337,1.7564502431329234
248.18,1.4053498549100436,2.01686535449506,-1.5913630622342427,1.409489638476255,2.2323352684999036,-1.5606012215439826,0.2155096787831807,1.7625236416057075
248.28000000000003,1.4060126559428927,2.018551416140778,-1.5915949540560124,1.409489638476255,2.2323352684999036,-1.5606012215439826,0.21381212532746077,1.7758100642967076
