time_sec,success,candidate_count,match_count,keep_ratio,mean_match_distance_m,max_match_distance_m,mean_tangent_angle_deg,lateral_m,yaw_correction_rad,rms_error_m,measured_x,measured_y,measured_yaw,innovation_x,innovation_y,innovation_yaw,gain_x,gain_y,gain_yaw
0.04999999999999716,0.0,14.0,14.0,1.0,0.015473668604116256,0.031684341766198915,0.10694824482409476,nan,nan,nan,nan,nan,nan,nan,nan,nan,nan,nan,nan
0.18999999999999773,0.0,14.0,14.0,1.0,0.015473668604116256,0.031684341766198915,0.10694824482409476,nan,nan,nan,nan,nan,nan,nan,nan,nan,nan,nan,nan
0.39000000000000057,0.0,14.0,14.0,1.0,0.015473668604116256,0.031684341766198915,0.10694824482409476,nan,nan,nan,nan,nan,nan,nan,nan,nan,nan,nan,nan
0.7899999999999991,0.0,15.0,15.0,1.0,0.01531716311085363,0.02994603511492726,0.15703378674602664,nan,nan,nan,nan,nan,nan,nan,nan,nan,nan,nan,nan
1.2299999999999969,0.0,15.0,15.0,1.0,0.015432443966029592,0.03148660297985493,0.09991703493319816,nan,nan,nan,nan,nan,nan,nan,nan,nan,nan,nan,nan
1.4500000000000028,0.0,15.0,15.0,1.0,0.015404828730898431,0.031072347597163544,0.10000820336473053,nan,nan,nan,nan,nan,nan,nan,nan,nan,nan,nan,nan
2.1300000000000026,0.0,15.0,15.0,1.0,0.01533903217744361,0.03008429643485941,0.10022760265369209,nan,nan,nan,nan,nan,nan,nan,nan,nan,nan,nan,nan
2.5899999999999963,0.0,15.0,15.0,1.0,0.01561811270837879,0.034271661696880916,0.12233328115749614,nan,nan,nan,nan,nan,nan,nan,nan,nan,nan,nan,nan
2.8299999999999983,0.0,15.0,15.0,1.0,0.015510490620885812,0.032657333297266854,0.09966195439521985,nan,nan,nan,nan,nan,nan,nan,nan,nan,nan,nan,nan
3.270000000000003,0.0,14.0,14.0,1.0,0.015424110271895853,0.03203124581840147,0.10687833230283904,nan,nan,nan,nan,nan,nan,nan,nan,nan,nan,nan,nan
3.6899999999999977,0.0,15.0,15.0,1.0,0.015456081569470788,0.03184118024305594,0.099842001403513,nan,nan,nan,nan,nan,nan,nan,nan,nan,nan,nan,nan
3.8900000000000006,0.0,15.0,15.0,1.0,0.01549034215001675,0.032355101290575033,0.0997286575571219,nan,nan,nan,nan,nan,nan,nan,nan,nan,nan,nan,nan
4.350000000000001,0.0,15.0,15.0,1.0,0.015612333590072608,0.03418498943661373,0.09932570583445903,nan,nan,nan,nan,nan,nan,nan,nan,nan,nan,nan,nan
5.229999999999997,0.0,15.0,15.0,1.0,0.01562011491246979,0.034301694696713125,0.1223416047026548,nan,nan,nan,nan,nan,nan,nan,nan,nan,nan,nan,nan
6.089999999999996,0.0,16.0,16.0,1.0,0.0164652616504282,0.03609267323601507,0.2444466908594247,nan,nan,nan,nan,nan,nan,nan,nan,nan,nan,nan,nan
6.530000000000001,0.0,15.0,15.0,1.0,0.015484093985708077,0.032260071631051164,0.23756554288515333,nan,nan,nan,nan,nan,nan,nan,nan,nan,nan,nan,nan
6.75,0.0,15.0,15.0,1.0,0.011502232872260824,0.025854582941051873,0.816142165153707,nan,nan,nan,nan,nan,nan,nan,nan,nan,nan,nan,nan
6.950000000000003,0.0,19.0,19.0,1.0,0.012591466995742547,0.026657292570260532,1.0012514968603166,nan,nan,nan,nan,nan,nan,nan,nan,nan,nan,nan,nan
7.189999999999998,0.0,20.0,20.0,1.0,0.015462686105043033,0.026853038577784788,1.4594740854136863,nan,nan,nan,nan,nan,nan,nan,nan,nan,nan,nan,nan
7.390000000000001,0.0,21.0,21.0,1.0,0.015334146212341103,0.03138184381232522,0.9371321159183474,nan,nan,nan,nan,nan,nan,nan,nan,nan,nan,nan,nan
7.630000000000003,0.0,20.0,20.0,1.0,0.013602404156008557,0.03760936704492243,0.8723486395075867,nan,nan,nan,nan,nan,nan,nan,nan,nan,nan,nan,nan
7.850000000000001,0.0,18.0,18.0,1.0,0.013199749892624109,0.035609317512053824,0.4054603264266356,nan,nan,nan,nan,nan,nan,nan,nan,nan,nan,nan,nan
8.049999999999997,0.0,14.0,14.0,1.0,0.013081812287597406,0.0317789851257689,0.7919823958915553,nan,nan,nan,nan,nan,nan,nan,nan,nan,nan,nan,nan
8.29,0.0,17.0,17.0,1.0,0.011889598934416573,0.03398451715998968,0.6368111628350664,nan,nan,nan,nan,nan,nan,nan,nan,nan,nan,nan,nan
8.530000000000001,0.0,17.0,17.0,1.0,0.011434708799754525,0.027330004673604524,0.26091070101402725,nan,nan,nan,nan,nan,nan,nan,nan,nan,nan,nan,nan
8.75,0.0,15.0,15.0,1.0,0.013351953889717442,0.02675964362950887,0.28371931412986817,nan,nan,nan,nan,nan,nan,nan,nan,nan,nan,nan,nan
8.990000000000002,0.0,18.0,18.0,1.0,0.015354476065192984,0.027644109822746416,0.6085826411432776,nan,nan,nan,nan,nan,nan,nan,nan,nan,nan,nan,nan
9.43,0.0,18.0,18.0,1.0,0.015354476065192984,0.027644109822746416,0.6085826411432776,nan,nan,nan,nan,nan,nan,nan,nan,nan,nan,nan,nan
9.490000000000002,0.0,19.0,19.0,1.0,0.01304784770331466,0.03209331336079406,0.2860063882754135,nan,nan,nan,nan,nan,nan,nan,nan,nan,nan,nan,nan
9.729999999999997,0.0,19.0,19.0,1.0,0.012667298629962338,0.03310757056929367,0.23068253028729796,nan,nan,nan,nan,nan,nan,nan,nan,nan,nan,nan,nan
9.950000000000003,0.0,17.0,17.0,1.0,0.013206228974083353,0.03223664174416415,0.800387310663272,nan,nan,nan,nan,nan,nan,nan,nan,nan,nan,nan,nan
10.189999999999998,0.0,12.0,10.0,0.8333333333333334,0.01118485484854413,0.02657766648593978,0.33304666717955594,nan,nan,nan,nan,nan,nan,nan,nan,nan,nan,nan,nan
10.43,0.0,14.0,12.0,0.8571428571428571,0.013786254568150145,0.028179005287306765,0.41295670776315285,nan,nan,nan,nan,nan,nan,nan,nan,nan,nan,nan,nan
11.049999999999997,0.0,13.0,13.0,1.0,0.009476457243418102,0.023193930814783194,0.11479852825326105,nan,nan,nan,nan,nan,nan,nan,nan,nan,nan,nan,nan
11.29,0.0,12.0,11.0,0.9166666666666666,0.008916542315132973,0.01936034691682439,0.13625603719370538,nan,nan,nan,nan,nan,nan,nan,nan,nan,nan,nan,nan
11.530000000000001,0.0,17.0,17.0,1.0,0.007119993375626716,0.016994312645311493,0.2808622448182099,nan,nan,nan,nan,nan,nan,nan,nan,nan,nan,nan,nan
11.729999999999997,0.0,19.0,19.0,1.0,0.01119120358658464,0.02836470766897614,1.3949935866610315,nan,nan,nan,nan,nan,nan,nan,nan,nan,nan,nan,nan
11.969999999999999,0.0,18.0,18.0,1.0,0.01676836303686016,0.033303789264438236,1.029014234198542,nan,nan,nan,nan,nan,nan,nan,nan,nan,nan,nan,nan
12.149999999999999,0.0,20.0,20.0,1.0,0.01582015221157089,0.034196608113425814,0.7881502069773386,nan,nan,nan,nan,nan,nan,nan,nan,nan,nan,nan,nan
12.39,0.0,19.0,19.0,1.0,0.011782231471723923,0.03925843596190825,0.5024052187472329,nan,nan,nan,nan,nan,nan,nan,nan,nan,nan,nan,nan
12.589999999999996,0.0,19.0,19.0,1.0,0.01285928978567763,0.035674713077433994,0.2009829554978044,nan,nan,nan,nan,nan,nan,nan,nan,nan,nan,nan,nan
12.829999999999998,0.0,16.0,16.0,1.0,0.012500082371238223,0.026666779598576863,0.17001432121598634,nan,nan,nan,nan,nan,nan,nan,nan,nan,nan,nan,nan
13.049999999999997,0.0,16.0,16.0,1.0,0.011421078727443988,0.033272444114815794,1.1014099328616143,nan,nan,nan,nan,nan,nan,nan,nan,nan,nan,nan,nan
13.29,0.0,15.0,15.0,1.0,0.010241647289126538,0.022907084447425733,0.5511672482590023,nan,nan,nan,nan,nan,nan,nan,nan,nan,nan,nan,nan
13.530000000000001,0.0,15.0,15.0,1.0,0.014442465335844163,0.030467136449025777,1.7462370826611102,nan,nan,nan,nan,nan,nan,nan,nan,nan,nan,nan,nan
13.729999999999997,0.0,17.0,17.0,1.0,0.013791257589428865,0.035271024341602224,0.5806096481684663,nan,nan,nan,nan,nan,nan,nan,nan,nan,nan,nan,nan
13.950000000000003,0.0,19.0,19.0,1.0,0.01278198698343243,0.03913821885750648,0.9694433763366803,nan,nan,nan,nan,nan,nan,nan,nan,nan,nan,nan,nan
14.189999999999998,0.0,17.0,17.0,1.0,0.011114490024111034,0.03586519283316819,0.2755972422296075,nan,nan,nan,nan,nan,nan,nan,nan,nan,nan,nan,nan
14.39,0.0,18.0,18.0,1.0,0.013319054202307301,0.029953806844492073,0.3456212654469226,nan,nan,nan,nan,nan,nan,nan,nan,nan,nan,nan,nan
14.630000000000003,0.0,16.0,16.0,1.0,0.010582321923783725,0.021552423423137602,0.386648274851158,nan,nan,nan,nan,nan,nan,nan,nan,nan,nan,nan,nan
14.869999999999997,0.0,17.0,17.0,1.0,0.009639778433895895,0.021982131713722732,0.361556769759611,nan,nan,nan,nan,nan,nan,nan,nan,nan,nan,nan,nan
15.089999999999996,0.0,13.0,11.0,0.8461538461538461,0.012959715336781263,0.027626569823589433,0.41930877674371697,nan,nan,nan,nan,nan,nan,nan,nan,nan,nan,nan,nan
15.329999999999998,0.0,14.0,12.0,0.8571428571428571,0.011045342015374084,0.02709873790155489,0.4373567142994863,nan,nan,nan,nan,nan,nan,nan,nan,nan,nan,nan,nan
15.79,0.0,17.0,17.0,1.0,0.012112696823766611,0.03461405768755541,0.6507399288434493,nan,nan,nan,nan,nan,nan,nan,nan,nan,nan,nan,nan
16.03,0.0,18.0,18.0,1.0,0.012307241475462768,0.03355963647589509,0.30376377097409685,nan,nan,nan,nan,nan,nan,nan,nan,nan,nan,nan,nan
16.229999999999997,0.0,12.0,11.0,0.9166666666666666,0.009674259198518125,0.02328295769810447,0.3816913482938896,nan,nan,nan,nan,nan,nan,nan,nan,nan,nan,nan,nan
16.490000000000002,0.0,15.0,15.0,1.0,0.011005105273631462,0.0378474305956221,0.4259232000354881,nan,nan,nan,nan,nan,nan,nan,nan,nan,nan,nan,nan
16.689999999999998,0.0,18.0,18.0,1.0,0.014782583945064928,0.028406762224305115,0.9628767745153973,nan,nan,nan,nan,nan,nan,nan,nan,nan,nan,nan,nan
16.89,0.0,18.0,18.0,1.0,0.01569075484228154,0.032806868824617724,0.8863366261628303,nan,nan,nan,nan,nan,nan,nan,nan,nan,nan,nan,nan
17.130000000000003,0.0,18.0,18.0,1.0,0.011171669923801307,0.030622383081606423,0.5864838292409924,nan,nan,nan,nan,nan,nan,nan,nan,nan,nan,nan,nan
17.33,0.0,19.0,19.0,1.0,0.014741289219294386,0.03648243403778837,0.5892785876414645,nan,nan,nan,nan,nan,nan,nan,nan,nan,nan,nan,nan
17.549999999999997,0.0,18.0,18.0,1.0,0.011471484751083729,0.030879969435262864,0.3247917605621257,nan,nan,nan,nan,nan,nan,nan,nan,nan,nan,nan,nan
17.75,0.0,19.0,19.0,1.0,0.013469167244138155,0.034573103591083426,0.41332890086144153,nan,nan,nan,nan,nan,nan,nan,nan,nan,nan,nan,nan
17.990000000000002,0.0,18.0,18.0,1.0,0.010659153523498013,0.03953893219992118,0.3506722634943876,nan,nan,nan,nan,nan,nan,nan,nan,nan,nan,nan,nan
18.229999999999997,0.0,14.0,14.0,1.0,0.018870048804553112,0.0370944080693794,0.8308723862246628,nan,nan,nan,nan,nan,nan,nan,nan,nan,nan,nan,nan
18.43,0.0,13.0,13.0,1.0,0.020341657294958324,0.03654419901644547,0.2992639033551497,nan,nan,nan,nan,nan,nan,nan,nan,nan,nan,nan,nan
18.65,0.0,17.0,17.0,1.0,0.013583206820171468,0.04426446174371533,0.2796801984577556,nan,nan,nan,nan,nan,nan,nan,nan,nan,nan,nan,nan
18.85,0.0,16.0,16.0,1.0,0.01102562455129982,0.03839982380110724,0.4425714406267749,nan,nan,nan,nan,nan,nan,nan,nan,nan,nan,nan,nan
19.089999999999996,0.0,22.0,22.0,1.0,0.015171721867569092,0.035458619611871946,0.7927231866282067,nan,nan,nan,nan,nan,nan,nan,nan,nan,nan,nan,nan
19.33,0.0,12.0,12.0,1.0,0.008589488994618333,0.01551230137940749,0.26810579608888546,nan,nan,nan,nan,nan,nan,nan,nan,nan,nan,nan,nan
19.53,0.0,16.0,16.0,1.0,0.008495248836449998,0.020987307771489692,0.29818581474275624,nan,nan,nan,nan,nan,nan,nan,nan,nan,nan,nan,nan
19.79,0.0,16.0,16.0,1.0,0.011838567837504178,0.025672611945295992,0.30109634583753386,nan,nan,nan,nan,nan,nan,nan,nan,nan,nan,nan,nan
20.17,0.0,16.0,16.0,1.0,0.011838567837504178,0.025672611945295992,0.30109634583753386,nan,nan,nan,nan,nan,nan,nan,nan,nan,nan,nan,nan
20.270000000000003,0.0,15.0,13.0,0.8666666666666667,0.013936482471774743,0.0389092801137234,1.1933525104502352,nan,nan,nan,nan,nan,nan,nan,nan,nan,nan,nan,nan
20.450000000000003,0.0,17.0,17.0,1.0,0.014853210033635586,0.03684889317289275,0.9424694490143191,nan,nan,nan,nan,nan,nan,nan,nan,nan,nan,nan,nan
20.689999999999998,0.0,19.0,19.0,1.0,0.014387206714612999,0.030579760078092436,1.730255527975854,nan,nan,nan,nan,nan,nan,nan,nan,nan,nan,nan,nan
21.130000000000003,0.0,15.0,15.0,1.0,0.010779743213724777,0.02166845360616863,0.2767579666442906,nan,nan,nan,nan,nan,nan,nan,nan,nan,nan,nan,nan
21.35,0.0,14.0,13.0,0.9285714285714286,0.01390839145960835,0.02815832859767081,1.0434776102219792,nan,nan,nan,nan,nan,nan,nan,nan,nan,nan,nan,nan
21.589999999999996,0.0,23.0,23.0,1.0,0.015058051020745011,0.03382376298531297,1.8638295349826481,nan,nan,nan,nan,nan,nan,nan,nan,nan,nan,nan,nan
21.83,0.0,24.0,24.0,1.0,0.015566331347034145,0.03737102171320457,1.6020141586507577,nan,nan,nan,nan,nan,nan,nan,nan,nan,nan,nan,nan
22.03,0.0,23.0,23.0,1.0,0.014531987561468871,0.03634235734747591,1.8532562330033278,nan,nan,nan,nan,nan,nan,nan,nan,nan,nan,nan,nan
22.29,0.0,24.0,24.0,1.0,0.016161468768399037,0.03136445191130888,1.6724457010305505,nan,nan,nan,nan,nan,nan,nan,nan,nan,nan,nan,nan
22.490000000000002,0.0,21.0,21.0,1.0,0.0132716965739258,0.025441509294906097,1.1130360349099053,nan,nan,nan,nan,nan,nan,nan,nan,nan,nan,nan,nan
22.729999999999997,0.0,20.0,20.0,1.0,0.012736220971030518,0.024123484941681997,1.098148951919065,nan,nan,nan,nan,nan,nan,nan,nan,nan,nan,nan,nan
22.950000000000003,0.0,16.0,16.0,1.0,0.013156769142992176,0.024419677035196347,1.3004104619611767,nan,nan,nan,nan,nan,nan,nan,nan,nan,nan,nan,nan
23.189999999999998,0.0,21.0,21.0,1.0,0.014135271123440284,0.03219808561281158,1.120482791497565,nan,nan,nan,nan,nan,nan,nan,nan,nan,nan,nan,nan
23.39,0.0,30.0,30.0,1.0,0.012857571711355379,0.038535772629144725,1.274954044021474,nan,nan,nan,nan,nan,nan,nan,nan,nan,nan,nan,nan
23.589999999999996,0.0,29.0,29.0,1.0,0.013052731224775422,0.03969642744112659,1.189152459257434,nan,nan,nan,nan,nan,nan,nan,nan,nan,nan,nan,nan
23.83,0.0,28.0,28.0,1.0,0.016184080872206786,0.030842292182150986,0.8809745775025021,nan,nan,nan,nan,nan,nan,nan,nan,nan,nan,nan,nan
24.03,0.0,34.0,34.0,1.0,0.015415666913009888,0.034203350867008285,0.9578967195251412,nan,nan,nan,nan,nan,nan,nan,nan,nan,nan,nan,nan
24.229999999999997,0.0,32.0,32.0,1.0,0.014662921028400331,0.038914471319464565,1.198185089182834,nan,nan,nan,nan,nan,nan,nan,nan,nan,nan,nan,nan
24.450000000000003,0.0,34.0,34.0,1.0,0.01313548580102141,0.03739658042124005,1.0566518653798744,nan,nan,nan,nan,nan,nan,nan,nan,nan,nan,nan,nan
24.65,0.0,32.0,32.0,1.0,0.014549434074284424,0.032850683264850286,1.0225429631453582,nan,nan,nan,nan,nan,nan,nan,nan,nan,nan,nan,nan
24.89,0.0,32.0,32.0,1.0,0.015221778411005832,0.03398303583143011,1.3673408524636703,nan,nan,nan,nan,nan,nan,nan,nan,nan,nan,nan,nan
25.15,0.0,33.0,33.0,1.0,0.013880845556863244,0.03917481398408677,1.0252135971227647,nan,nan,nan,nan,nan,nan,nan,nan,nan,nan,nan,nan
25.43,0.0,29.0,29.0,1.0,0.016712541334267413,0.03306231116637955,0.9924115163409662,nan,nan,nan,nan,nan,nan,nan,nan,nan,nan,nan,nan
25.93,0.0,28.0,28.0,1.0,0.015570914485249752,0.03713512608684781,1.021855852087435,nan,nan,nan,nan,nan,nan,nan,nan,nan,nan,nan,nan
25.950000000000003,0.0,30.0,30.0,1.0,0.016133459292840022,0.03771151308559421,1.4016185819356175,nan,nan,nan,nan,nan,nan,nan,nan,nan,nan,nan,nan
26.15,0.0,34.0,34.0,1.0,0.01428866197160443,0.03927514506415537,1.0985874515599978,nan,nan,nan,nan,nan,nan,nan,nan,nan,nan,nan,nan
26.450000000000003,0.0,34.0,34.0,1.0,0.018622168252712457,0.031254447079629655,1.016259914694793,nan,nan,nan,nan,nan,nan,nan,nan,nan,nan,nan,nan
26.589999999999996,0.0,31.0,31.0,1.0,0.0165537292606839,0.03265275135924791,0.9865035166132582,nan,nan,nan,nan,nan,nan,nan,nan,nan,nan,nan,nan
26.75,0.0,36.0,36.0,1.0,0.013766833573907698,0.03860055400586154,0.8724890570914738,nan,nan,nan,nan,nan,nan,nan,nan,nan,nan,nan,nan
26.950000000000003,0.0,35.0,35.0,1.0,0.013538721345330178,0.03690307571103092,1.1195565932781577,nan,nan,nan,nan,nan,nan,nan,nan,nan,nan,nan,nan
27.15,0.0,39.0,39.0,1.0,0.014400064006576235,0.031967314537465256,0.9881547656385277,nan,nan,nan,nan,nan,nan,nan,nan,nan,nan,nan,nan
27.35,0.0,37.0,37.0,1.0,0.015199532472243043,0.031777452509705865,0.7804244162322573,nan,nan,nan,nan,nan,nan,nan,nan,nan,nan,nan,nan
27.549999999999997,0.0,33.0,33.0,1.0,0.013058669537061694,0.03743575242777314,1.0801690587445667,nan,nan,nan,nan,nan,nan,nan,nan,nan,nan,nan,nan
27.83,0.0,33.0,33.0,1.0,0.013343071605521485,0.03629371211446933,0.9953664995719281,nan,nan,nan,nan,nan,nan,nan,nan,nan,nan,nan,nan
27.950000000000003,0.0,32.0,32.0,1.0,0.015696952984451656,0.032190093852409396,0.9122302110414805,nan,nan,nan,nan,nan,nan,nan,nan,nan,nan,nan,nan
28.229999999999997,0.0,36.0,36.0,1.0,0.015846169687625408,0.033754077540676,0.8399764660085552,nan,nan,nan,nan,nan,nan,nan,nan,nan,nan,nan,nan
28.35,0.0,36.0,36.0,1.0,0.015429580160574795,0.03716346771568951,1.0227458154123799,nan,nan,nan,nan,nan,nan,nan,nan,nan,nan,nan,nan
28.65,0.0,38.0,38.0,1.0,0.017618643947999096,0.03704170563739114,0.8607951282265868,nan,nan,nan,nan,nan,nan,nan,nan,nan,nan,nan,nan
28.75,0.0,37.0,37.0,1.0,0.017401886555501365,0.03351924599429012,0.8703925748386443,nan,nan,nan,nan,nan,nan,nan,nan,nan,nan,nan,nan
29.15,0.0,42.0,40.0,0.9523809523809523,0.016612156443490806,0.03680561309008603,0.974632301720184,nan,nan,nan,nan,nan,nan,nan,nan,nan,nan,nan,nan
29.189999999999998,0.0,40.0,38.0,0.95,0.016110085882962786,0.03735450067773253,0.7386295679108686,nan,nan,nan,nan,nan,nan,nan,nan,nan,nan,nan,nan
29.33,0.0,37.0,35.0,0.9459459459459459,0.01410658523817216,0.038663994613275895,0.7045411770135572,nan,nan,nan,nan,nan,nan,nan,nan,nan,nan,nan,nan
29.589999999999996,0.0,38.0,36.0,0.9473684210526315,0.0180872497787093,0.03195702272596705,1.1344427317153418,nan,nan,nan,nan,nan,nan,nan,nan,nan,nan,nan,nan
29.729999999999997,0.0,38.0,36.0,0.9473684210526315,0.01645394396639857,0.03321876827652698,0.948189058389628,nan,nan,nan,nan,nan,nan,nan,nan,nan,nan,nan,nan
29.85,0.0,38.0,36.0,0.9473684210526315,0.01645394396639857,0.03321876827652698,0.948189058389628,nan,nan,nan,nan,nan,nan,nan,nan,nan,nan,nan,nan
30.049999999999997,0.0,38.0,36.0,0.9473684210526315,0.01645394396639857,0.03321876827652698,0.948189058389628,nan,nan,nan,nan,nan,nan,nan,nan,nan,nan,nan,nan
30.29,0.0,41.0,39.0,0.9512195121951219,0.017158909478158534,0.03360360587251288,0.7883200714108671,nan,nan,nan,nan,nan,nan,nan,nan,nan,nan,nan,nan
30.490000000000002,0.0,42.0,38.0,0.9047619047619048,0.015450041315232796,0.027361689417213522,0.7273069839933936,nan,nan,nan,nan,nan,nan,nan,nan,nan,nan,nan,nan
30.689999999999998,0.0,42.0,38.0,0.9047619047619048,0.012976823136644848,0.022602592097879723,0.719643103771006,nan,nan,nan,nan,nan,nan,nan,nan,nan,nan,nan,nan
30.93,0.0,40.0,36.0,0.9,0.01304521944254971,0.02660935777208921,0.8303675865584106,nan,nan,nan,nan,nan,nan,nan,nan,nan,nan,nan,nan
31.15,0.0,42.0,38.0,0.9047619047619048,0.015259307643667995,0.030668608478580203,0.6531384989258731,nan,nan,nan,nan,nan,nan,nan,nan,nan,nan,nan,nan
31.389999999999993,0.0,40.0,40.0,1.0,0.013466579929984918,0.034936583199204896,0.909415157027918,nan,nan,nan,nan,nan,nan,nan,nan,nan,nan,nan,nan
31.630000000000003,0.0,40.0,40.0,1.0,0.013728923024815376,0.040133216281376415,0.6638453930149953,nan,nan,nan,nan,nan,nan,nan,nan,nan,nan,nan,nan
31.85,0.0,44.0,40.0,0.9090909090909091,0.017660902820682823,0.03269034285741147,0.729501561610418,nan,nan,nan,nan,nan,nan,nan,nan,nan,nan,nan,nan
32.089999999999996,0.0,46.0,40.0,0.8695652173913043,0.016352428067288486,0.03392805167038504,0.658108904988042,nan,nan,nan,nan,nan,nan,nan,nan,nan,nan,nan,nan
32.330000000000005,0.0,41.0,36.0,0.8780487804878049,0.015197265552613769,0.03950144438614526,0.8010851197370705,nan,nan,nan,nan,nan,nan,nan,nan,nan,nan,nan,nan
32.550000000000004,0.0,47.0,42.0,0.8936170212765957,0.015477444054417927,0.03398000542792723,0.8308098565135446,nan,nan,nan,nan,nan,nan,nan,nan,nan,nan,nan,nan
32.79,0.0,44.0,39.0,0.8863636363636364,0.015229060785572663,0.031929671373062164,0.788263753136021,nan,nan,nan,nan,nan,nan,nan,nan,nan,nan,nan,nan
33.23,0.0,44.0,39.0,0.8863636363636364,0.015229060785572663,0.031929671373062164,0.788263753136021,nan,nan,nan,nan,nan,nan,nan,nan,nan,nan,nan,nan
33.330000000000005,0.0,44.0,38.0,0.8636363636363636,0.016563343066703016,0.029666632759991752,0.6819197533490169,nan,nan,nan,nan,nan,nan,nan,nan,nan,nan,nan,nan
33.529999999999994,0.0,43.0,37.0,0.8604651162790697,0.016871662157450052,0.02903371272459162,0.9857908484076964,nan,nan,nan,nan,nan,nan,nan,nan,nan,nan,nan,nan
33.73,0.0,48.0,40.0,0.8333333333333334,0.015122620667639409,0.03632525706501521,0.7485371889635849,nan,nan,nan,nan,nan,nan,nan,nan,nan,nan,nan,nan
33.949999999999996,0.0,43.0,36.0,0.8372093023255814,0.0150206015682387,0.03834873055016206,0.9880863209850427,nan,nan,nan,nan,nan,nan,nan,nan,nan,nan,nan,nan
34.190000000000005,0.0,45.0,34.0,0.7555555555555555,0.018017319399083635,0.03188391914576847,2.9237299551338216,nan,nan,nan,nan,nan,nan,nan,nan,nan,nan,nan,nan
34.38999999999999,0.0,51.0,46.0,0.9019607843137255,0.02714731296114281,0.06167982825966306,5.335812662434949,nan,nan,nan,nan,nan,nan,nan,nan,nan,nan,nan,nan
34.63,0.0,51.0,41.0,0.803921568627451,0.025822571464917368,0.058960925219288474,5.478928289880508,nan,nan,nan,nan,nan,nan,nan,nan,nan,nan,nan,nan
34.85,0.0,51.0,41.0,0.803921568627451,0.025303108647673985,0.05340358584625922,6.0059600882430875,nan,nan,nan,nan,nan,nan,nan,nan,nan,nan,nan,nan
35.089999999999996,0.0,58.0,48.0,0.8275862068965517,0.02902420227915201,0.06668157620463742,6.1236412456456195,nan,nan,nan,nan,nan,nan,nan,nan,nan,nan,nan,nan
35.330000000000005,0.0,51.0,41.0,0.803921568627451,0.026124905961939775,0.05322257920416385,5.992006216880791,nan,nan,nan,nan,nan,nan,nan,nan,nan,nan,nan,nan
35.550000000000004,0.0,54.0,45.0,0.8333333333333334,0.029904899800319296,0.07131866891082744,7.023435381867585,nan,nan,nan,nan,nan,nan,nan,nan,nan,nan,nan,nan
35.79,0.0,48.0,38.0,0.7916666666666666,0.030551658744348942,0.0620934701119199,7.398579913475282,nan,nan,nan,nan,nan,nan,nan,nan,nan,nan,nan,nan
35.99,0.0,44.0,33.0,0.75,0.015563193282045612,0.032576899426029836,0.8663975721694662,nan,nan,nan,nan,nan,nan,nan,nan,nan,nan,nan,nan
36.24999999999999,0.0,55.0,43.0,0.7818181818181819,0.01851680135595411,0.15586030525633518,0.8635984129924583,nan,nan,nan,nan,nan,nan,nan,nan,nan,nan,nan,nan
36.49,0.0,53.0,45.0,0.8490566037735849,0.025797765429858243,0.1497746323422564,2.1989787417489124,nan,nan,nan,nan,nan,nan,nan,nan,nan,nan,nan,nan
36.690000000000005,0.0,45.0,39.0,0.8666666666666667,0.017502588826995236,0.03261207683529926,0.8342661611979666,nan,nan,nan,nan,nan,nan,nan,nan,nan,nan,nan,nan
36.88999999999999,0.0,46.0,34.0,0.7391304347826086,0.014868268098729957,0.03699531885197282,0.731703896349567,nan,nan,nan,nan,nan,nan,nan,nan,nan,nan,nan,nan
37.089999999999996,0.0,52.0,39.0,0.75,0.015508457066979892,0.03943044927946188,0.6833339394263669,nan,nan,nan,nan,nan,nan,nan,nan,nan,nan,nan,nan
37.330000000000005,0.0,47.0,35.0,0.7446808510638298,0.015800700555584548,0.03093898021937983,0.8747968451149236,nan,nan,nan,nan,nan,nan,nan,nan,nan,nan,nan,nan
37.529999999999994,0.0,42.0,31.0,0.7380952380952381,0.01446155192665725,0.031011435807984822,1.0328173094892845,nan,nan,nan,nan,nan,nan,nan,nan,nan,nan,nan,nan
37.74999999999999,0.0,50.0,39.0,0.78,0.029411016238789552,0.07364543898482698,7.126353511254501,nan,nan,nan,nan,nan,nan,nan,nan,nan,nan,nan,nan
37.99,0.0,58.0,46.0,0.7931034482758621,0.03367199096159362,0.08637378432519582,8.800373862925378,nan,nan,nan,nan,nan,nan,nan,nan,nan,nan,nan,nan
38.23,0.0,57.0,45.0,0.7894736842105263,0.03701275372789549,0.08806260435595897,7.849067189451815,nan,nan,nan,nan,nan,nan,nan,nan,nan,nan,nan,nan
38.449999999999996,0.0,63.0,51.0,0.8095238095238095,0.042132251065707796,0.10267413644961347,8.852370324464378,nan,nan,nan,nan,nan,nan,nan,nan,nan,nan,nan,nan
38.690000000000005,0.0,45.0,31.0,0.6888888888888889,0.07479750728254426,0.11343783818171085,7.9856471146957215,nan,nan,nan,nan,nan,nan,nan,nan,nan,nan,nan,nan
38.93,0.0,51.0,36.0,0.7058823529411765,0.0767819140342545,0.12471559299035767,6.6061300959469325,nan,nan,nan,nan,nan,nan,nan,nan,nan,nan,nan,nan
39.15,0.0,48.0,30.0,0.625,0.08406803108278557,0.12621450414962182,6.829628363360316,nan,nan,nan,nan,nan,nan,nan,nan,nan,nan,nan,nan
39.38999999999999,0.0,51.0,36.0,0.7058823529411765,0.11394249649187133,0.16221280226166002,6.819116810247029,nan,nan,nan,nan,nan,nan,nan,nan,nan,nan,nan,nan
39.63,0.0,58.0,43.0,0.7413793103448276,0.11305186280071741,0.16652564157677055,7.82134242437366,nan,nan,nan,nan,nan,nan,nan,nan,nan,nan,nan,nan
39.85,0.0,54.0,42.0,0.7777777777777778,0.13535917749984336,0.19321007148780495,6.290090015419722,nan,nan,nan,nan,nan,nan,nan,nan,nan,nan,nan,nan
40.050000000000004,0.0,55.0,41.0,0.7454545454545455,0.13598148151007744,0.18830546892843614,6.433217744816857,nan,nan,nan,nan,nan,nan,nan,nan,nan,nan,nan,nan
40.29,0.0,53.0,45.0,0.8490566037735849,0.1476127415035795,0.25045159957446866,6.954130135944047,nan,nan,nan,nan,nan,nan,nan,nan,nan,nan,nan,nan
40.529999999999994,0.0,60.0,48.0,0.8,0.15103882408574698,0.2549364063190939,7.7602816592669335,nan,nan,nan,nan,nan,nan,nan,nan,nan,nan,nan,nan
40.73,0.0,61.0,45.0,0.7377049180327869,0.15745999998151025,0.24389358488977783,9.312093632626553,nan,nan,nan,nan,nan,nan,nan,nan,nan,nan,nan,nan
40.949999999999996,0.0,61.0,45.0,0.7377049180327869,0.16008473605857046,0.2297809911503645,9.558534377977015,nan,nan,nan,nan,nan,nan,nan,nan,nan,nan,nan,nan
41.15,0.0,63.0,50.0,0.7936507936507936,0.08017721496125299,0.2249128121957314,7.453328404400412,nan,nan,nan,nan,nan,nan,nan,nan,nan,nan,nan,nan
41.38999999999999,0.0,66.0,54.0,0.8181818181818182,0.07695320518367021,0.2320194842911012,7.4515127128389205,nan,nan,nan,nan,nan,nan,nan,nan,nan,nan,nan,nan
41.63,0.0,74.0,61.0,0.8243243243243243,0.0812671224761346,0.18766505844732026,7.443877850667422,nan,nan,nan,nan,nan,nan,nan,nan,nan,nan,nan,nan
41.99,0.0,64.0,49.0,0.765625,0.10127615024346895,0.1932253696419271,7.042271363124068,nan,nan,nan,nan,nan,nan,nan,nan,nan,nan,nan,nan
42.15,0.0,70.0,52.0,0.7428571428571429,0.11856319556180715,0.20869277771150513,8.209470139496952,nan,nan,nan,nan,nan,nan,nan,nan,nan,nan,nan,nan
42.38999999999999,0.0,63.0,47.0,0.746031746031746,0.13755440166779706,0.21695705111704566,6.860823045425466,nan,nan,nan,nan,nan,nan,nan,nan,nan,nan,nan,nan
42.63,0.0,63.0,46.0,0.7301587301587301,0.15330372793610011,0.2231410145857224,7.6208644162464845,nan,nan,nan,nan,nan,nan,nan,nan,nan,nan,nan,nan
42.85,0.0,63.0,47.0,0.746031746031746,0.15969288592975597,0.2492667035440421,6.303052353960722,nan,nan,nan,nan,nan,nan,nan,nan,nan,nan,nan,nan
43.089999999999996,0.0,58.0,43.0,0.7413793103448276,0.17099602220308582,0.26105027623502436,7.056277501969325,nan,nan,nan,nan,nan,nan,nan,nan,nan,nan,nan,nan
43.330000000000005,0.0,68.0,54.0,0.7941176470588235,0.18398205850360216,0.3258557691016269,9.671327063569152,nan,nan,nan,nan,nan,nan,nan,nan,nan,nan,nan,nan
43.529999999999994,0.0,60.0,40.0,0.6666666666666666,0.17901703913485528,0.2702185317228298,9.892707179885074,nan,nan,nan,nan,nan,nan,nan,nan,nan,nan,nan,nan
43.74999999999999,0.0,55.0,48.0,0.8727272727272727,0.15595753209556248,0.2977769070031556,11.280880253165154,nan,nan,nan,nan,nan,nan,nan,nan,nan,nan,nan,nan
43.949999999999996,0.0,67.0,58.0,0.8656716417910447,0.16835985316193228,0.30548966642501735,9.29816007395588,nan,nan,nan,nan,nan,nan,nan,nan,nan,nan,nan,nan
44.190000000000005,0.0,60.0,51.0,0.85,0.1467629814605258,0.3029601551583711,8.680366530348236,nan,nan,nan,nan,nan,nan,nan,nan,nan,nan,nan,nan
44.43,0.0,60.0,54.0,0.9,0.151468600558794,0.3092332223186526,8.85221202850202,nan,nan,nan,nan,nan,nan,nan,nan,nan,nan,nan,nan
44.65,0.0,51.0,42.0,0.8235294117647058,0.14731790241347015,0.2520102091200451,7.639222068186159,nan,nan,nan,nan,nan,nan,nan,nan,nan,nan,nan,nan
44.88999999999999,0.0,58.0,48.0,0.8275862068965517,0.15882238862537426,0.25835589542232174,7.811697090398782,nan,nan,nan,nan,nan,nan,nan,nan,nan,nan,nan,nan
45.13,0.0,48.0,38.0,0.7916666666666666,0.1504399287969404,0.2603252801446204,8.309370441458368,nan,nan,nan,nan,nan,nan,nan,nan,nan,nan,nan,nan
45.35,0.0,47.0,39.0,0.8297872340425532,0.16350747299213458,0.23286039841541456,8.109694636575233,nan,nan,nan,nan,nan,nan,nan,nan,nan,nan,nan,nan
45.589999999999996,0.0,57.0,50.0,0.8771929824561403,0.1742467965856903,0.25915227833884413,10.9272989531882,nan,nan,nan,nan,nan,nan,nan,nan,nan,nan,nan,nan
45.830000000000005,0.0,62.0,54.0,0.8709677419354839,0.13088479689587335,0.2562226143645673,5.991468231597887,nan,nan,nan,nan,nan,nan,nan,nan,nan,nan,nan,nan
46.050000000000004,0.0,66.0,61.0,0.9242424242424242,0.14603487730163944,0.29956139283853195,7.838309553128141,nan,nan,nan,nan,nan,nan,nan,nan,nan,nan,nan,nan
46.29,0.0,72.0,62.0,0.8611111111111112,0.14230539713786874,0.30229979557285014,8.226694550018312,nan,nan,nan,nan,nan,nan,nan,nan,nan,nan,nan,nan
46.49,0.0,72.0,64.0,0.8888888888888888,0.15135133898090058,0.29394198723901077,9.351112454800038,nan,nan,nan,nan,nan,nan,nan,nan,nan,nan,nan,nan
46.73,0.0,71.0,64.0,0.9014084507042254,0.15188015446690864,0.29644273789239495,8.683234479225696,nan,nan,nan,nan,nan,nan,nan,nan,nan,nan,nan,nan
46.949999999999996,0.0,61.0,55.0,0.9016393442622951,0.15335636578446282,0.3083590138741946,7.072425578403336,nan,nan,nan,nan,nan,nan,nan,nan,nan,nan,nan,nan
47.15,0.0,57.0,40.0,0.7017543859649122,0.14061140802443067,0.23871781337985482,9.262533194276617,nan,nan,nan,nan,nan,nan,nan,nan,nan,nan,nan,nan
47.63,0.0,55.0,44.0,0.8,0.1775880278234043,0.2519457359035773,8.319409001473208,nan,nan,nan,nan,nan,nan,nan,nan,nan,nan,nan,nan
47.830000000000005,0.0,49.0,37.0,0.7551020408163265,0.1845557280385523,0.26045508218863517,8.310357963248315,nan,nan,nan,nan,nan,nan,nan,nan,nan,nan,nan,nan
48.029999999999994,0.0,57.0,43.0,0.7543859649122807,0.19051998427026276,0.278418624216722,7.427872442815086,nan,nan,nan,nan,nan,nan,nan,nan,nan,nan,nan,nan
48.23,0.0,71.0,44.0,0.6197183098591549,0.19591045368843343,0.2894805931739918,6.8935438063183545,nan,nan,nan,nan,nan,nan,nan,nan,nan,nan,nan,nan
48.330000000000005,0.0,75.0,57.0,0.76,0.17462650113578218,0.3449398937690513,9.221987322080732,nan,nan,nan,nan,nan,nan,nan,nan,nan,nan,nan,nan
48.550000000000004,0.0,72.0,58.0,0.8055555555555556,0.18151984061690352,0.34601812454473774,10.965157592248655,nan,nan,nan,nan,nan,nan,nan,nan,nan,nan,nan,nan
48.830000000000005,0.0,72.0,59.0,0.8194444444444444,0.17687616845818743,0.3106663123338911,8.508504703195669,nan,nan,nan,nan,nan,nan,nan,nan,nan,nan,nan,nan
48.93,0.0,75.0,57.0,0.76,0.15497427777044526,0.3435594418212984,6.865547106909674,nan,nan,nan,nan,nan,nan,nan,nan,nan,nan,nan,nan
49.050000000000004,0.0,75.0,57.0,0.76,0.15497427777044526,0.3435594418212984,6.865547106909674,nan,nan,nan,nan,nan,nan,nan,nan,nan,nan,nan,nan
49.29,0.0,75.0,57.0,0.76,0.15497427777044526,0.3435594418212984,6.865547106909674,nan,nan,nan,nan,nan,nan,nan,nan,nan,nan,nan,nan
49.65,0.0,63.0,46.0,0.7301587301587301,0.16898456717856405,0.324959990082158,10.127244603876411,nan,nan,nan,nan,nan,nan,nan,nan,nan,nan,nan,nan
49.77,0.0,53.0,36.0,0.6792452830188679,0.1660031037584717,0.28392484400265444,7.039263513636304,nan,nan,nan,nan,nan,nan,nan,nan,nan,nan,nan,nan
49.99,0.0,55.0,35.0,0.6363636363636364,0.1845999147568154,0.2698410795049481,7.489219948096943,nan,nan,nan,nan,nan,nan,nan,nan,nan,nan,nan,nan
50.190000000000005,0.0,59.0,37.0,0.6271186440677966,0.19236235420855932,0.28100924421433543,7.97831516861853,nan,nan,nan,nan,nan,nan,nan,nan,nan,nan,nan,nan
50.43,0.0,57.0,44.0,0.7719298245614035,0.18698641516332823,0.28152681517281536,8.838977242152511,nan,nan,nan,nan,nan,nan,nan,nan,nan,nan,nan,nan
50.63,0.0,55.0,46.0,0.8363636363636363,0.1633642185505658,0.3027937959349769,6.355623226077379,nan,nan,nan,nan,nan,nan,nan,nan,nan,nan,nan,nan
50.88999999999999,0.0,67.0,56.0,0.835820895522388,0.17365944484310075,0.29656879311237455,7.5352578097546825,nan,nan,nan,nan,nan,nan,nan,nan,nan,nan,nan,nan
51.13,0.0,69.0,63.0,0.9130434782608695,0.18287555255871682,0.33383630012676563,9.028387932033834,nan,nan,nan,nan,nan,nan,nan,nan,nan,nan,nan,nan
51.35,0.0,75.0,69.0,0.92,0.18464670102461742,0.3394046180910431,8.751698793327318,nan,nan,nan,nan,nan,nan,nan,nan,nan,nan,nan,nan
51.589999999999996,0.0,59.0,54.0,0.9152542372881356,0.19121232394680096,0.3336373043283549,8.165032008094641,nan,nan,nan,nan,nan,nan,nan,nan,nan,nan,nan,nan
51.830000000000005,0.0,54.0,44.0,0.8148148148148148,0.19727748048680124,0.3247568108665924,7.977375215604327,nan,nan,nan,nan,nan,nan,nan,nan,nan,nan,nan,nan
52.050000000000004,0.0,58.0,42.0,0.7241379310344828,0.19654764990579063,0.26740059504559405,7.9117538440267445,nan,nan,nan,nan,nan,nan,nan,nan,nan,nan,nan,nan
52.29,0.0,57.0,39.0,0.6842105263157895,0.20014293173489078,0.2724897897800601,9.529343454390384,nan,nan,nan,nan,nan,nan,nan,nan,nan,nan,nan,nan
52.529999999999994,0.0,67.0,51.0,0.7611940298507462,0.18667077602701698,0.3037559445560485,6.908186737207954,nan,nan,nan,nan,nan,nan,nan,nan,nan,nan,nan,nan
52.77,0.0,68.0,55.0,0.8088235294117647,0.18853202340297007,0.31138044256922826,6.694454540535402,nan,nan,nan,nan,nan,nan,nan,nan,nan,nan,nan,nan
52.99,0.0,73.0,61.0,0.8356164383561644,0.17907148488033298,0.328908559398263,7.787735094194012,nan,nan,nan,nan,nan,nan,nan,nan,nan,nan,nan,nan
53.190000000000005,0.0,76.0,57.0,0.75,0.17567099737643294,0.3209303787862677,7.726019561655839,nan,nan,nan,nan,nan,nan,nan,nan,nan,nan,nan,nan
53.38999999999999,0.0,68.0,48.0,0.7058823529411765,0.19011156250485675,0.34061739871181507,9.34993417295357,nan,nan,nan,nan,nan,nan,nan,nan,nan,nan,nan,nan
53.63,0.0,59.0,50.0,0.847457627118644,0.19948451269742162,0.34747310613077254,8.654397275251037,nan,nan,nan,nan,nan,nan,nan,nan,nan,nan,nan,nan
53.85,0.0,51.0,37.0,0.7254901960784313,0.17680904656423532,0.3152500005165714,9.140300909782317,nan,nan,nan,nan,nan,nan,nan,nan,nan,nan,nan,nan
54.050000000000004,0.0,56.0,39.0,0.6964285714285714,0.21477105948373212,0.346743020788759,6.872702724578142,nan,nan,nan,nan,nan,nan,nan,nan,nan,nan,nan,nan
54.29,0.0,52.0,39.0,0.75,0.17661949360995405,0.27059381390554405,9.602871375426902,nan,nan,nan,nan,nan,nan,nan,nan,nan,nan,nan,nan
54.529999999999994,0.0,50.0,36.0,0.72,0.19005366647060992,0.2709577543269434,4.953496197024541,nan,nan,nan,nan,nan,nan,nan,nan,nan,nan,nan,nan
54.74999999999999,0.0,48.0,36.0,0.75,0.19154502982832255,0.29934030943212325,5.411673511188284,nan,nan,nan,nan,nan,nan,nan,nan,nan,nan,nan,nan
54.99,0.0,59.0,52.0,0.8813559322033898,0.19137894147035628,0.32637951632043954,7.551401079257133,nan,nan,nan,nan,nan,nan,nan,nan,nan,nan,nan,nan
55.23,0.0,61.0,53.0,0.8688524590163934,0.20681644692438578,0.33481182900485035,7.292951631062492,nan,nan,nan,nan,nan,nan,nan,nan,nan,nan,nan,nan
55.449999999999996,0.0,64.0,53.0,0.828125,0.21956191789013016,0.34255623531288526,8.719834500875432,nan,nan,nan,nan,nan,nan,nan,nan,nan,nan,nan,nan
55.690000000000005,0.0,53.0,46.0,0.8679245283018868,0.20900871476293553,0.32697699266612634,6.480800706112226,nan,nan,nan,nan,nan,nan,nan,nan,nan,nan,nan,nan
55.88999999999999,0.0,61.0,45.0,0.7377049180327869,0.1795331115701643,0.3237682322340177,8.093790817478483,nan,nan,nan,nan,nan,nan,nan,nan,nan,nan,nan,nan
56.15,0.0,56.0,44.0,0.7857142857142857,0.18969637796071337,0.2918053148688115,8.406458105461805,nan,nan,nan,nan,nan,nan,nan,nan,nan,nan,nan,nan
56.37,0.0,62.0,47.0,0.7580645161290323,0.20175018481228688,0.2993413423175541,8.051040084431685,nan,nan,nan,nan,nan,nan,nan,nan,nan,nan,nan,nan
56.589999999999996,0.0,59.0,48.0,0.8135593220338984,0.19899325521340502,0.32511323810085324,8.337577764554633,nan,nan,nan,nan,nan,nan,nan,nan,nan,nan,nan,nan
56.830000000000005,0.0,56.0,46.0,0.8214285714285714,0.2205394199450371,0.3390126734261266,9.018282891876561,nan,nan,nan,nan,nan,nan,nan,nan,nan,nan,nan,nan
57.050000000000004,0.0,59.0,44.0,0.7457627118644068,0.21904959277460836,0.3425894668402945,8.78437859129953,nan,nan,nan,nan,nan,nan,nan,nan,nan,nan,nan,nan
57.24999999999999,0.0,55.0,44.0,0.8,0.19193717115938227,0.34493394974556063,10.25982013058231,nan,nan,nan,nan,nan,nan,nan,nan,nan,nan,nan,nan
57.49,0.0,56.0,47.0,0.8392857142857143,0.1967405075083085,0.34236628097684263,6.72845488471859,nan,nan,nan,nan,nan,nan,nan,nan,nan,nan,nan,nan
57.73,0.0,55.0,40.0,0.7272727272727273,0.18255448690915962,0.2845114865677636,7.605756899461373,nan,nan,nan,nan,nan,nan,nan,nan,nan,nan,nan,nan
57.949999999999996,0.0,54.0,42.0,0.7777777777777778,0.18363789283016865,0.3075651453814265,6.189507118000455,nan,nan,nan,nan,nan,nan,nan,nan,nan,nan,nan,nan
58.190000000000005,0.0,54.0,42.0,0.7777777777777778,0.20107392399542948,0.3127442913350205,7.137655793636421,nan,nan,nan,nan,nan,nan,nan,nan,nan,nan,nan,nan
58.43,0.0,61.0,51.0,0.8360655737704918,0.2121157821117918,0.3386645875266562,7.351053095713136,nan,nan,nan,nan,nan,nan,nan,nan,nan,nan,nan,nan
58.65,0.0,51.0,41.0,0.803921568627451,0.21933481504626906,0.34873849399368717,6.252212550631854,nan,nan,nan,nan,nan,nan,nan,nan,nan,nan,nan,nan
58.88999999999999,0.0,63.0,52.0,0.8253968253968254,0.21807989850610932,0.33011168842033883,8.62796739091937,nan,nan,nan,nan,nan,nan,nan,nan,nan,nan,nan,nan
59.13,0.0,57.0,48.0,0.8421052631578947,0.21368597248346966,0.3342397817359941,5.721354950454588,nan,nan,nan,nan,nan,nan,nan,nan,nan,nan,nan,nan
59.38999999999999,0.0,53.0,42.0,0.7924528301886793,0.22960938650783924,0.30252329626476626,8.25333968968171,nan,nan,nan,nan,nan,nan,nan,nan,nan,nan,nan,nan
59.589999999999996,0.0,57.0,47.0,0.8245614035087719,0.2191536638323207,0.30892935373888986,6.231871132071659,nan,nan,nan,nan,nan,nan,nan,nan,nan,nan,nan,nan
59.79,0.0,49.0,42.0,0.8571428571428571,0.22484806729487955,0.31136066378129224,7.0806570888420906,nan,nan,nan,nan,nan,nan,nan,nan,nan,nan,nan,nan
60.029999999999994,0.0,53.0,41.0,0.7735849056603774,0.22836167339782174,0.31710093114532756,8.247031498535776,nan,nan,nan,nan,nan,nan,nan,nan,nan,nan,nan,nan
60.24999999999999,0.0,52.0,34.0,0.6538461538461539,0.2349871788289914,0.3291373652383539,7.6112358379474285,nan,nan,nan,nan,nan,nan,nan,nan,nan,nan,nan,nan
60.449999999999996,0.0,58.0,45.0,0.7758620689655172,0.21479009429392437,0.3142726703157671,8.586368921224102,nan,nan,nan,nan,nan,nan,nan,nan,nan,nan,nan,nan
60.690000000000005,0.0,53.0,45.0,0.8490566037735849,0.2256151245882546,0.34720147976549065,7.1509152733285894,nan,nan,nan,nan,nan,nan,nan,nan,nan,nan,nan,nan
60.93,0.0,55.0,38.0,0.6909090909090909,0.20097988770380648,0.30264761319740857,6.377466489712614,nan,nan,nan,nan,nan,nan,nan,nan,nan,nan,nan,nan
61.15,0.0,58.0,44.0,0.7586206896551724,0.22814148254429154,0.34789268586689603,6.513495697999316,nan,nan,nan,nan,nan,nan,nan,nan,nan,nan,nan,nan
61.38999999999999,0.0,55.0,47.0,0.8545454545454545,0.22774011707379546,0.3472838100034708,7.352176504304808,nan,nan,nan,nan,nan,nan,nan,nan,nan,nan,nan,nan
61.63,0.0,62.0,47.0,0.7580645161290323,0.22854688124592706,0.3448662259934614,7.81167181594675,nan,nan,nan,nan,nan,nan,nan,nan,nan,nan,nan,nan
61.85,0.0,49.0,35.0,0.7142857142857143,0.24003966904358473,0.3294732240194772,8.234033332878429,nan,nan,nan,nan,nan,nan,nan,nan,nan,nan,nan,nan
62.089999999999996,0.0,54.0,44.0,0.8148148148148148,0.2256900751105295,0.3434213183713011,8.764777779766378,nan,nan,nan,nan,nan,nan,nan,nan,nan,nan,nan,nan
62.330000000000005,0.0,56.0,48.0,0.8571428571428571,0.23415609889090908,0.34986474226321695,8.291317410425489,nan,nan,nan,nan,nan,nan,nan,nan,nan,nan,nan,nan
62.550000000000004,0.0,59.0,45.0,0.7627118644067796,0.22860959419268703,0.34597922959214505,8.395235246753984,nan,nan,nan,nan,nan,nan,nan,nan,nan,nan,nan,nan
62.79,0.0,48.0,39.0,0.8125,0.2457117258330302,0.3286435680919064,7.72528969181631,nan,nan,nan,nan,nan,nan,nan,nan,nan,nan,nan,nan
63.029999999999994,0.0,58.0,49.0,0.8448275862068966,0.22668062142416132,0.3450731357009968,9.321371086778555,nan,nan,nan,nan,nan,nan,nan,nan,nan,nan,nan,nan
63.23,0.0,50.0,43.0,0.86,0.22529560165414145,0.32540843692261057,9.220849313648944,nan,nan,nan,nan,nan,nan,nan,nan,nan,nan,nan,nan
63.449999999999996,0.0,49.0,47.0,0.9591836734693877,0.22583780095178654,0.3287111533621402,8.513757006853814,nan,nan,nan,nan,nan,nan,nan,nan,nan,nan,nan,nan
63.690000000000005,0.0,57.0,48.0,0.8421052631578947,0.24084820406334717,0.3408535422446508,8.997764530544247,nan,nan,nan,nan,nan,nan,nan,nan,nan,nan,nan,nan
63.88999999999999,0.0,58.0,49.0,0.8448275862068966,0.22913640191917947,0.3392327481790362,7.859353975899007,nan,nan,nan,nan,nan,nan,nan,nan,nan,nan,nan,nan
64.09,0.0,54.0,44.0,0.8148148148148148,0.2333178345014866,0.3383910598509784,8.951574405855421,nan,nan,nan,nan,nan,nan,nan,nan,nan,nan,nan,nan
64.33000000000001,0.0,50.0,40.0,0.8,0.2493066515673276,0.3431963526372252,8.764790142039308,nan,nan,nan,nan,nan,nan,nan,nan,nan,nan,nan,nan
64.55000000000001,0.0,53.0,42.0,0.7924528301886793,0.2424545390712717,0.34650802327142455,8.017779769687367,nan,nan,nan,nan,nan,nan,nan,nan,nan,nan,nan,nan
64.78999999999999,0.0,48.0,39.0,0.8125,0.25495401675755763,0.33686291587215716,7.529201032374303,nan,nan,nan,nan,nan,nan,nan,nan,nan,nan,nan,nan
65.05000000000001,0.0,48.0,39.0,0.8125,0.24960952378361553,0.32117345206972625,6.846641726263109,nan,nan,nan,nan,nan,nan,nan,nan,nan,nan,nan,nan
65.28999999999999,0.0,50.0,40.0,0.8,0.24672213282523647,0.3194986396866418,6.830355456768075,nan,nan,nan,nan,nan,nan,nan,nan,nan,nan,nan,nan
65.53,0.0,49.0,39.0,0.7959183673469388,0.24905330525315897,0.324356811365061,6.906917094908549,nan,nan,nan,nan,nan,nan,nan,nan,nan,nan,nan,nan
65.75,0.0,48.0,38.0,0.7916666666666666,0.24797473513380427,0.32517287189601274,6.6373182474376184,nan,nan,nan,nan,nan,nan,nan,nan,nan,nan,nan,nan
65.99000000000001,0.0,51.0,39.0,0.7647058823529411,0.2530023899265463,0.33844280000398463,6.7122776246636855,nan,nan,nan,nan,nan,nan,nan,nan,nan,nan,nan,nan
66.22999999999999,0.0,55.0,45.0,0.8181818181818182,0.2387220322343353,0.33906836132398094,6.985149305634881,nan,nan,nan,nan,nan,nan,nan,nan,nan,nan,nan,nan
66.43,0.0,53.0,43.0,0.8113207547169812,0.24174152405816535,0.3355489894961955,6.57955988055933,nan,nan,nan,nan,nan,nan,nan,nan,nan,nan,nan,nan
66.66999999999999,0.0,54.0,45.0,0.8333333333333334,0.24622868058198547,0.33990637582109967,7.817563668137007,nan,nan,nan,nan,nan,nan,nan,nan,nan,nan,nan,nan
66.85,0.0,50.0,41.0,0.82,0.2407138525816779,0.34012998540762673,7.147333842417461,nan,nan,nan,nan,nan,nan,nan,nan,nan,nan,nan,nan
67.09,0.0,48.0,38.0,0.7916666666666666,0.2414215428417417,0.3202356994122458,5.969401524058117,nan,nan,nan,nan,nan,nan,nan,nan,nan,nan,nan,nan
67.28999999999999,0.0,52.0,42.0,0.8076923076923077,0.24192598188036354,0.3401610022752697,8.232346375738414,nan,nan,nan,nan,nan,nan,nan,nan,nan,nan,nan,nan
67.44999999999999,0.0,51.0,41.0,0.803921568627451,0.2407681467575598,0.34074455903313033,6.952977571262036,nan,nan,nan,nan,nan,nan,nan,nan,nan,nan,nan,nan
67.65,0.0,52.0,45.0,0.8653846153846154,0.239714081904317,0.3387165721109574,8.014575396361412,nan,nan,nan,nan,nan,nan,nan,nan,nan,nan,nan,nan
67.88999999999999,0.0,53.0,43.0,0.8113207547169812,0.24014626382145915,0.33959171427634316,7.643270178807399,nan,nan,nan,nan,nan,nan,nan,nan,nan,nan,nan,nan
68.13,0.0,52.0,42.0,0.8076923076923077,0.24305327785337655,0.34031334876686503,7.485485239389483,nan,nan,nan,nan,nan,nan,nan,nan,nan,nan,nan,nan
68.35,0.0,55.0,45.0,0.8181818181818182,0.23836371343256926,0.340208698099291,7.222020111892039,nan,nan,nan,nan,nan,nan,nan,nan,nan,nan,nan,nan
68.59,0.0,54.0,45.0,0.8333333333333334,0.24245260376904132,0.342303356578226,8.050455980446719,nan,nan,nan,nan,nan,nan,nan,nan,nan,nan,nan,nan
68.83000000000001,0.0,51.0,46.0,0.9019607843137255,0.2384940407648648,0.3406628194481712,7.4522137319015735,nan,nan,nan,nan,nan,nan,nan,nan,nan,nan,nan,nan
69.05000000000001,0.0,52.0,45.0,0.8653846153846154,0.24109371453675835,0.3422234563075843,7.5097064237777404,nan,nan,nan,nan,nan,nan,nan,nan,nan,nan,nan,nan
69.28999999999999,0.0,56.0,47.0,0.8392857142857143,0.23911911078644996,0.34071005083140976,7.71444302637347,nan,nan,nan,nan,nan,nan,nan,nan,nan,nan,nan,nan
69.53,0.0,56.0,45.0,0.8035714285714286,0.24222559298299365,0.3453412285910556,7.668626385107583,nan,nan,nan,nan,nan,nan,nan,nan,nan,nan,nan,nan
69.72999999999999,0.0,52.0,46.0,0.8846153846153846,0.2438742950056124,0.3430599506939531,8.33579514993842,nan,nan,nan,nan,nan,nan,nan,nan,nan,nan,nan,nan
69.94999999999999,0.0,52.0,47.0,0.9038461538461539,0.24271290151684435,0.34030274878946754,7.406635106229324,nan,nan,nan,nan,nan,nan,nan,nan,nan,nan,nan,nan
70.19,0.0,54.0,48.0,0.8888888888888888,0.2433232698480946,0.3426976744156591,7.899211683090547,nan,nan,nan,nan,nan,nan,nan,nan,nan,nan,nan,nan
70.38999999999999,0.0,50.0,38.0,0.76,0.24530477756692604,0.3408162073670099,6.3590665841207334,nan,nan,nan,nan,nan,nan,nan,nan,nan,nan,nan,nan
70.59,0.0,52.0,46.0,0.8846153846153846,0.23964685055256021,0.3421513963436897,8.41492418240826,nan,nan,nan,nan,nan,nan,nan,nan,nan,nan,nan,nan
70.83000000000001,0.0,51.0,46.0,0.9019607843137255,0.24384940793548165,0.3425280704063348,8.173438442888555,nan,nan,nan,nan,nan,nan,nan,nan,nan,nan,nan,nan
71.05000000000001,0.0,54.0,44.0,0.8148148148148148,0.2482595711634701,0.3420501070870664,7.0293603096429225,nan,nan,nan,nan,nan,nan,nan,nan,nan,nan,nan,nan
71.28999999999999,0.0,53.0,46.0,0.8679245283018868,0.24517339347304007,0.3429112278219661,8.173896470249318,nan,nan,nan,nan,nan,nan,nan,nan,nan,nan,nan,nan
71.55000000000001,0.0,50.0,45.0,0.9,0.24306267871033838,0.34293890374297986,7.901395010854927,nan,nan,nan,nan,nan,nan,nan,nan,nan,nan,nan,nan
71.78999999999999,0.0,54.0,44.0,0.8148148148148148,0.2544622074741217,0.34314289376179624,7.113889937956771,nan,nan,nan,nan,nan,nan,nan,nan,nan,nan,nan,nan
72.03,0.0,52.0,46.0,0.8846153846153846,0.24361697706761112,0.3426220533130238,6.881232330649283,nan,nan,nan,nan,nan,nan,nan,nan,nan,nan,nan,nan
72.22999999999999,0.0,50.0,44.0,0.88,0.2429546264203528,0.3438776090323468,8.190273890900006,nan,nan,nan,nan,nan,nan,nan,nan,nan,nan,nan,nan
72.44999999999999,0.0,49.0,42.0,0.8571428571428571,0.24844421241198833,0.3405689395259826,7.796720060113224,nan,nan,nan,nan,nan,nan,nan,nan,nan,nan,nan,nan
72.69,0.0,51.0,46.0,0.9019607843137255,0.2449847562688785,0.3403236216741293,6.461562032623798,nan,nan,nan,nan,nan,nan,nan,nan,nan,nan,nan,nan
72.93,0.0,53.0,46.0,0.8679245283018868,0.2435302442487257,0.34098252297270404,8.40856070763079,nan,nan,nan,nan,nan,nan,nan,nan,nan,nan,nan,nan
73.13,0.0,50.0,45.0,0.9,0.245488992763804,0.34492375449426743,7.5952704817341194,nan,nan,nan,nan,nan,nan,nan,nan,nan,nan,nan,nan
73.33000000000001,0.0,57.0,48.0,0.8421052631578947,0.24389127947257752,0.3420196780209692,7.612469124191879,nan,nan,nan,nan,nan,nan,nan,nan,nan,nan,nan,nan
73.55000000000001,0.0,54.0,47.0,0.8703703703703703,0.24531034458626969,0.3439998123816002,8.840303292360817,nan,nan,nan,nan,nan,nan,nan,nan,nan,nan,nan,nan
73.78999999999999,0.0,55.0,43.0,0.7818181818181819,0.2563768193489067,0.34230548208563755,7.065172237535041,nan,nan,nan,nan,nan,nan,nan,nan,nan,nan,nan,nan
73.99000000000001,0.0,28.0,7.0,0.25,0.32353425095259464,0.3499906912417395,5.87010327023697,nan,nan,nan,nan,nan,nan,nan,nan,nan,nan,nan,nan
74.22999999999999,0.0,28.0,1.0,0.03571428571428571,0.3479262058645413,0.3479262058645413,11.185403883107645,nan,nan,nan,nan,nan,nan,nan,nan,nan,nan,nan,nan
74.43,0.0,19.0,5.0,0.2631578947368421,0.3386819646555087,0.34813624510882485,6.678524713215238,nan,nan,nan,nan,nan,nan,nan,nan,nan,nan,nan,nan
74.65,0.0,26.0,5.0,0.19230769230769232,0.34005820797422504,0.34790278496753274,3.72638706814225,nan,nan,nan,nan,nan,nan,nan,nan,nan,nan,nan,nan
74.87,0.0,13.0,13.0,1.0,0.32709290753228965,0.3476786472047672,4.609891426914901,nan,nan,nan,nan,nan,nan,nan,nan,nan,nan,nan,nan
75.53,1.0,40.0,37.0,0.925,0.0926781920974825,0.1876308004657422,6.416078543867552,0.2,-0.12,0.10612787240855562,2.157155226097539,0.41676683597124375,0.8791040609505466,-0.15403354420924176,0.12756828468839604,0.0,0.9867229932882932,0.9967729939554935,0.9871447430119832
75.75,1.0,40.0,38.0,0.95,0.06599374401541933,0.15470696058767072,5.931205298350243,0.2,-0.12,0.0799286575052476,2.182371035666152,0.48370762574208676,1.0771687350522434,-0.024009751305244187,-0.03247411698723873,-0.000951616480130424,0.8077653912075569,0.718220249512149,0.5391330279024062
75.99000000000001,1.0,37.0,37.0,1.0,0.1153893620474054,0.14727456146516701,3.9501769236275925,0.2,-0.12,0.11401392422680622,2.1997624706068297,0.5586745785342587,1.2858313618283663,-0.02269497084914418,-0.04941899073375711,-0.000509464037646401,0.679191674937223,0.3843002094139081,0.42535894567831267
76.19,1.0,33.0,33.0,1.0,0.1025727143943153,0.1299075666074685,2.4185194870491533,0.2,-0.03655751723232536,0.09958775301996597,2.2065705043800663,0.6318609812037344,1.417881416175797,-0.018175418770123297,-0.058574532840303895,-0.0003500536860514547,0.7391361278223104,0.41923607194072404,0.372299345160824
76.43,1.0,37.0,37.0,1.0,0.08114407734667589,0.09877775423664975,1.8019113046561996,0.2,-0.015079369221121368,0.0777894667393285,2.2073521636784954,0.7283011623502861,1.5266491784760001,-0.01061799131522978,-0.056825591589809044,-0.00029831058847817893,0.8703529783123576,0.5332274609147538,0.3646207568465982
76.63,1.0,30.0,30.0,1.0,0.09355121576547624,0.11377128007283248,2.9142632143229843,0.2,-0.008068448179022076,0.09077851915850807,2.20920101632238,0.8181087468665381,1.585968016987021,-0.0027310400259730194,-0.038611618028136285,-0.00026037344282658914,0.7557368130565836,0.3827783424614296,0.33302771528922515
76.83000000000001,1.0,38.0,35.0,0.9210526315789473,0.1146200235646401,0.13764222115549762,1.940693379450486,0.2,-0.012848897723739119,0.111379070638316,2.207585356209365,0.9063542815156415,1.6262465363555922,-0.00029922663070314215,-0.03187685203844093,-0.00018170886874457892,0.6995971994106001,0.31154843526498205,0.34351960639592194
77.05000000000001,1.0,44.0,44.0,1.0,0.1021846023735759,0.13232101439346283,2.256556123458385,0.2,0.004390903902262806,0.09918853442718048,2.2063272675948467,1.0162957778862887,1.6524750701503166,0.0008556348102262135,-0.027173269683031576,-0.00011552141128112758,0.7837912852923022,0.3858522470678952,0.34568488465557207
77.28999999999999,1.0,39.0,39.0,1.0,0.11980320113869254,0.14502558993902595,1.3378251048354648,0.2,0.0077537431338054385,0.11693407042759231,2.204071353060484,1.142058315848212,1.6363234045827013,0.0007692224935427205,-0.013492345336060696,-5.197533321821268e-05,0.729839981385201,0.3194498934890246,0.3537203843291941
77.49000000000001,1.0,32.0,32.0,1.0,0.11520088136648114,0.13985557159031137,3.5712740161545566,0.2,0.017778788713473923,0.1132902122276858,2.2134512547737555,1.2479840014033632,1.576870693353616,0.00016421460728643922,0.002677119174487874,-2.0808553806039853e-05,0.7165154954858121,0.3364107166093831,0.34286787595187007
77.69,1.0,33.0,32.0,0.9696969696969697,0.11610584061236293,0.1384851244899924,4.709329159061622,0.2,0.011307480472117328,0.11336026118363939,2.234436465285317,1.3653532204176138,1.493462736558565,0.0006187246791817813,0.01844095469924878,-1.674799024264928e-05,0.7078561994198155,0.3363093407917557,0.33813236988208517
77.93,1.0,34.0,32.0,0.9411764705882353,0.08986289027532021,0.18793224296162525,4.8684014326044265,0.2,0.06728805953166977,0.09070258015581617,2.2748925601920797,1.5083447556304739,1.3957811286432236,0.0030076601379303014,0.031622778327186296,-4.9588566882530216e-05,0.8307422081707929,0.4616211347309487,0.3505205051889131
78.38999999999999,1.0,43.0,37.0,0.8604651162790697,0.06539011109194263,0.17756175563222892,10.964232732053855,0.2,0.12,0.0784222550030255,2.3638175301888045,1.7555048300379166,1.2771723251123477,0.007916710323053966,0.04025143888212579,-0.00014155065163024005,0.8037230561470059,0.5915675758283051,0.4232428296365013
78.59,1.0,29.0,22.0,0.7586206896551724,0.036037958554535246,0.07791808832601532,7.857487153535998,0.2,0.10603730113977984,0.035498558049905274,2.4050942036807634,1.8533726791101737,1.2516702352170253,0.005277548182295533,0.021714189326136557,-0.00034195718982465984,0.7770146510038676,0.6225280951752123,0.28851873904720654
78.65,1.0,41.0,26.0,0.6341463414634146,0.1327821597076621,0.17626415122866546,6.651772175508952,0.2,0.04810480948077996,0.1330016933841202,2.4167723279969975,1.883229052578011,1.2458068681912975,0.0026897083914545483,0.009580959896138719,-0.00038791002180382783,0.19109672873757488,0.12298086767638755,0.27636380962785206
78.93,1.0,54.0,44.0,0.8148148148148148,0.06569510736765145,0.19011358649589777,8.109573155596667,0.2,0.0852484293540989,0.07441206441700972,2.471504214209192,2.013115714697439,1.2255922370097394,0.0037771436171993855,0.012274233337117302,-0.00028953307510048987,0.7266581291017298,0.5203146498692495,0.3647158971760809
79.05000000000001,1.0,51.0,47.0,0.9215686274509803,0.1055361143894992,0.1827331963517405,4.697045785572,0.2,-0.0708273891368831,0.11323537517878679,2.497793997208487,2.069796163151795,1.2219831808223045,0.0022843989621925687,0.006869131542493356,-0.00022242429057039995,0.3955624441678831,0.25620811301461804,0.3175490931908734
79.25,1.0,52.0,42.0,0.8076923076923077,0.0430249267188208,0.23007046913252918,10.38865476094058,0.03585593183206113,0.11557768624069949,0.06509231833647076,2.694010206996665,2.104612113576924,1.2160842587303868,0.15611790500192102,-0.050668314050277274,-0.00016186131892137465,0.7417375159629088,0.5716426409121028,0.32648797878437824
79.43,1.0,54.0,43.0,0.7962962962962963,0.02933448067572254,0.08097287411839672,8.833409479862233,0.04061337506469267,0.11087380783630618,0.03143947101601392,2.7240788653784604,2.1789273244948983,1.2098073132403186,0.03211185067089595,-0.00843807630963811,0.002334970283860205,0.7955306500595599,0.6489108070728942,0.32305167666824613
79.53,0.0,54.0,43.0,0.7962962962962963,0.02933448067572254,0.08097287411839672,8.833409479862233,nan,nan,nan,nan,nan,nan,0.03211185067089595,-0.00843807630963811,0.002334970283860205,0.7955306500595599,0.6489108070728942,0.32305167666824613
79.72999999999999,0.0,54.0,43.0,0.7962962962962963,0.02933448067572254,0.08097287411839672,8.833409479862233,nan,nan,nan,nan,nan,nan,0.03211185067089595,-0.00843807630963811,0.002334970283860205,0.7955306500595599,0.6489108070728942,0.32305167666824613
80.09,1.0,46.0,46.0,1.0,0.05736150617849221,0.09687833229199158,4.532747242774699,0.2,-0.10157492649631829,0.057761123429332276,2.6541048158207166,2.513641570036458,1.4385638848359772,-0.1548854199162366,0.011305426654599326,0.0020468115857414926,0.9161503791647134,0.7393758039730289,0.46611350670170426
80.19,1.0,46.0,42.0,0.9130434782608695,0.06330036350740197,0.13329028006510674,3.8397353440028814,0.2,0.0014489612424439437,0.06950671210847502,2.6534729758790214,2.550062222491709,1.5046270612473176,-0.01355803628291552,-0.0191756826749927,-0.0013751074829650987,0.6427684099951303,0.4210129720312577,0.3547489631621781
80.38999999999999,1.0,36.0,26.0,0.7222222222222222,0.10633529029435934,0.15439642039170037,2.6811397378365087,0.2,-0.00905209632669381,0.10444457496445371,2.6447134223035507,2.6206085804639194,1.6469732154897159,-0.005058341977025371,-0.03985658364265898,-0.0010405866395295504,0.6446904139750324,0.24018718027623148,0.29811146609153943
80.59,1.0,46.0,39.0,0.8478260869565217,0.13366170864705554,0.1712021874116876,2.1696290045857696,0.2,0.0229919636477911,0.13232721424982255,2.6239755607845705,2.6849884751283835,1.8080159675352023,0.004225851508320666,-0.06192496962650251,-0.000790447638771008,0.6173370236483949,0.2526890845396324,0.34849087618674424
81.09,0.0,46.0,39.0,0.8478260869565217,0.13366170864705554,0.1712021874116876,2.1696290045857696,nan,nan,nan,nan,nan,nan,0.004225851508320666,-0.06192496962650251,-0.000790447638771008,0.6173370236483949,0.2526890845396324,0.34849087618674424
81.13,1.0,42.0,39.0,0.9285714285714286,0.14500187949141782,0.17189331122549445,1.5381568838352278,0.2,-0.019499233702110545,0.1427472495146188,2.5154795945971906,2.85915851823034,2.128975281290975,0.03098947394231555,-0.1054368377928685,-0.0005834479185256036,0.5858134949073924,0.37236647476668433,0.44428396536154113
81.22999999999999,1.0,42.0,40.0,0.9523809523809523,0.1986825186637403,0.22057888857229155,1.2167759721815006,0.2,0.009733538885602985,0.1962755520400483,2.494293353019201,2.902985031706721,2.133879097822639,0.023773523654772255,-0.0700569802872657,-0.0007883752190189774,0.2801485212777425,0.19433736441785424,0.34556562387794476
81.49000000000001,1.0,43.0,42.0,0.9767441860465116,0.17910888372424394,0.2062677189262164,0.9701955980360624,0.2,0.032558116056853124,0.1768805476363572,2.4265960111630296,3.029564427738909,2.076329691337108,0.014938552197364174,-0.047744046691648556,-0.0006097148188328739,0.3759898392027872,0.2721333890303978,0.3604128349126271
81.63,1.0,54.0,46.0,0.8518518518518519,0.18200607452475961,0.20078460789801797,1.121855138784767,0.2,0.031709071583657676,0.17919108400365333,2.393416546941765,3.1086176861746493,2.0074762275791604,0.00695641991169893,-0.023690347337540718,-0.00046939092929498827,0.3405979265704152,0.24662619095868235,0.3233055081212753
81.83000000000001,1.0,44.0,42.0,0.9545454545454546,0.17334595053331908,0.20153647038341949,2.6977456771641712,0.2,0.03888570787715936,0.17034155040630766,2.364240600876363,3.226400535462575,1.883974172156513,-0.0028165588431985356,0.004649939942623416,-0.0003408969122689065,0.38730034968134447,0.2641311218544535,0.32936027883432656
82.03,1.0,44.0,44.0,1.0,0.16742870079531272,0.1895163388843115,2.858473814084384,0.2,0.03432901600247512,0.16501718281409017,2.352901780950302,3.35662506888904,1.7348633436741867,-0.009066426340075484,0.03256118435991828,-0.00023811237879289848,0.4152828861387492,0.26489363697011814,0.33204768622863656
82.22999999999999,0.0,35.0,4.0,0.11428571428571428,0.345149059257471,0.3494252991928188,2.04102769159058,nan,nan,nan,nan,nan,nan,-0.009066426340075484,0.03256118435991828,-0.00023811237879289848,0.4152828861387492,0.26489363697011814,0.33204768622863656
82.38999999999999,1.0,32.0,31.0,0.96875,0.15014258418380758,0.17536374315878375,3.597679091156737,0.2,0.00022788311413156134,0.1470528333336508,2.383841932927508,3.584828752199157,1.4812043975381837,-0.008890303123382015,0.07497289397196871,-0.0002039106883382491,0.545742366564931,0.32836923677373153,0.38025013447700473
82.63,1.0,30.0,25.0,0.8333333333333334,0.13588863401202358,0.1580876449981814,3.5344112819926035,0.2,0.015457547791259213,0.13351138370828944,2.4251816488683544,3.7388218159371305,1.365234765250434,-0.002272017593077713,0.07346942432323145,-0.00040713066838993223,0.49892323664767557,0.30499273847907543,0.3166240852613557
82.83000000000001,1.0,27.0,27.0,1.0,0.06111992332883645,0.10894243465216331,6.520701059391956,0.2,0.09348690717708398,0.06117112657524264,2.466504282326529,3.8539940391894847,1.300589933252996,0.00286832876648635,0.06357768065351976,-0.000581736765873142,0.81660063150339,0.6766834848063467,0.3252964892485075
82.99000000000001,1.0,34.0,33.0,0.9705882352941176,0.08231797871169015,0.11210993350503734,4.688252386931789,0.2,0.04674569916381934,0.08106547196750284,2.502703156921402,3.9436479590158995,1.2604231112080242,0.004527017504662556,0.028298188129895152,-0.0008980465332137921,0.6042583324001523,0.4298648847904954,0.34173953001707286
83.19,1.0,46.0,46.0,1.0,0.13615508616521108,0.19349616950805684,5.2306155469035,0.2,-0.02191657874052484,0.13476941349873073,2.5454578846416442,4.042919336789525,1.2258081390321662,0.005680060488267635,0.022920570082264113,-0.0007233870865257508,0.401514204623297,0.23008458569961504,0.3375076055441342
83.43,1.0,40.0,40.0,1.0,0.11152211580161116,0.15564585920369767,6.655377838381708,0.2,0.023087822035024217,0.10982284362198977,2.59788540064149,4.15780475816866,1.2026577501200775,0.0065541325853373245,0.022336010835477538,-0.0005239191954791167,0.5798070815117846,0.3731208826940717,0.349941369536185
83.72999999999999,1.0,41.0,41.0,1.0,0.15007255324860025,0.2021712739458417,5.524512425335725,0.2,0.006015849580639488,0.14973140847541686,2.6585932117863273,4.291223656453599,1.1881157885954945,0.00580092051502934,0.01725701492454146,-0.00039885577193099486,0.4528015661548242,0.2749743082199004,0.37551214560231055
83.85,1.0,41.0,41.0,1.0,0.16857129109911942,0.21418426273332183,3.537589278301058,0.2,-0.03959366730783992,0.16616020889405006,2.6832893066433816,4.348072993017969,1.18543229701075,0.004788909396852503,0.013480906230972423,-0.0002757281329266448,0.3429366038161903,0.21796310958637052,0.322532350425005
83.99000000000001,1.0,48.0,47.0,0.9791666666666666,0.16665324894901126,0.1994218104462156,2.6574188364397795,0.2,-0.0698382386297717,0.1645200254658591,2.713865218386927,4.409860153731829,1.1835174585650863,0.004086820759046095,0.01117447082346068,-0.00019781979242350367,0.35477823048818063,0.22593331663171684,0.3055707628635606
84.25,1.0,47.0,47.0,1.0,0.18009616432498357,0.20772744827760273,2.431888377413513,0.2,-0.06640700658570646,0.17788842295085583,2.767475340042244,4.5305723711281365,1.1833067719113144,0.0033558321674820313,0.008934799911716418,-0.00014654527788415805,0.3788925973215769,0.23300644341269655,0.3437274796908342
84.38999999999999,1.0,45.0,45.0,1.0,0.16138493771815585,0.20849640357978852,3.4558277370454418,0.2,-0.07084709799190696,0.15959555756292765,2.7956572652549845,4.592842620670725,1.1938300789932477,0.0019361300112126223,0.005137144311137654,-0.00010226070033669821,0.4041239341657354,0.2640763742928003,0.3155819121250791
84.44999999999999,0.0,45.0,45.0,1.0,0.16138493771815585,0.20849640357978852,3.4558277370454418,nan,nan,nan,nan,nan,nan,0.0019361300112126223,0.005137144311137654,-0.00010226070033669821,0.4041239341657354,0.2640763742928003,0.3155819121250791
84.69,0.0,45.0,45.0,1.0,0.16138493771815585,0.20849640357978852,3.4558277370454418,nan,nan,nan,nan,nan,nan,0.0019361300112126223,0.005137144311137654,-0.00010226070033669821,0.4041239341657354,0.2640763742928003,0.3155819121250791
85.05000000000001,1.0,43.0,43.0,1.0,0.11829080882371193,0.14845658602157719,1.8624183439643096,0.2,-0.12,0.11614454661703612,2.857962194650213,4.860451575488944,1.46334434029927,-0.011366575366823728,-0.04826418515623665,-7.335504591576836e-05,0.7893182806238557,0.5192853592193876,0.4643485846026183
85.13,0.0,43.0,43.0,1.0,0.11829080882371193,0.14845658602157719,1.8624183439643096,nan,nan,nan,nan,nan,nan,-0.011366575366823728,-0.04826418515623665,-7.335504591576836e-05,0.7893182806238557,0.5192853592193876,0.4643485846026183
85.33000000000001,0.0,43.0,43.0,1.0,0.11829080882371193,0.14845658602157719,1.8624183439643096,nan,nan,nan,nan,nan,nan,-0.011366575366823728,-0.04826418515623665,-7.335504591576836e-05,0.7893182806238557,0.5192853592193876,0.4643485846026183
85.55000000000001,1.0,32.0,32.0,1.0,0.10079836611323768,0.12129937243503405,2.27800682854857,0.2,-0.05867357848306134,0.09898688652818731,2.8247585442751393,5.056541090884009,1.777357248235509,-0.0035273362066403635,-0.08666806093674939,-0.0001143072213949381,0.8685076145072772,0.5730598586335658,0.4686386623804488
85.75,1.0,28.0,28.0,1.0,0.11510738955053774,0.13276596736512364,2.6368259547038577,0.2,-0.06919435705389271,0.112486829998262,2.796765643953216,5.146910519375108,1.8562654798726366,0.005990643826598863,-0.052191387487155794,-0.00025770768760069446,0.6445892769795932,0.37217479760663624,0.3576066395838627
85.99000000000001,1.0,30.0,30.0,1.0,0.09761511437934059,0.1214818758795899,2.4411764228355337,0.2,-0.060918088804630545,0.09548442110900933,2.763080229512403,5.2482295287153775,1.9272206137084023,0.010546893241442756,-0.04667209344385892,-0.00024087561414765093,0.7875294869960127,0.4855425026338923,0.36387647555817765
86.19,1.0,31.0,31.0,1.0,0.09540375812674932,0.12122807530044986,2.9320376601118343,0.2,-0.05093294700778805,0.09277684905898266,2.7267369192783413,5.343061785808979,1.963168498949211,0.010638149052371926,-0.031996146788797475,-0.00016315457178572856,0.737167677911442,0.4704169349124822,0.35008310987493485
86.38999999999999,1.0,31.0,27.0,0.8709677419354839,0.07097476747101587,0.1356735040741774,5.899977193474707,0.2,-0.008872144021352191,0.06913561426943453,2.681343305345183,5.451299341284923,1.9838833755097767,0.00853892521441102,-0.02211785204636385,-0.00010044691724586663,0.7986914361508158,0.5627453432072888,0.3086740030599125
86.59,1.0,40.0,35.0,0.875,0.04677101733074991,0.12159690432298591,6.06409867243422,0.2,0.054264741535490296,0.047996961013647345,2.6409596299230707,5.549393467618711,1.9985862399087606,0.005702411005766184,-0.013425458477867913,-6.175311358136426e-05,0.8722134952433093,0.7084495374003189,0.34793208557839816
86.83000000000001,1.0,29.0,23.0,0.7931034482758621,0.03130251449174632,0.07485474427164594,10.158395269280101,0.19765649117080342,0.09756642492173766,0.02659782222263264,2.5893711814786684,5.670785195297578,2.0092707670786165,0.0049987494318117776,-0.005387964471104567,-2.3175024056243384e-05,0.8618186463838139,0.6262256740057373,0.28315244959548747
87.05000000000001,1.0,31.0,30.0,0.967741935483871,0.1190490872418711,0.18595281409540565,11.351862793512458,0.06613994920770966,0.12,0.11983282791997439,2.6664448761248565,5.8285329261017464,2.0161606625924673,0.12072115475045919,0.052704586490057714,4.229088846230411e-06,0.6171266059119163,0.3067762293782119,0.3517701217423382
87.25,1.0,43.0,38.0,0.8837209302325582,0.07946249908208489,0.1623161975843942,9.164421885549617,0.14437123008577107,0.12,0.08762023514783004,2.5577578231532088,5.8862959591277875,2.0193293063297,-0.03432092733744607,-0.020693481183265305,0.0006312177115059825,0.7359563325347892,0.48557489141279286,0.3519689019944578
87.49000000000001,1.0,44.0,42.0,0.9545454545454546,0.03852064490338905,0.10591982178453663,6.815867893795699,0.2,0.12,0.04371737084974583,2.4592147225153003,5.970284930078393,2.0186867486304587,-0.056039212162751983,-0.0293212558318503,0.00016469947085306913,0.896564985802934,0.7427731408363061,0.35631725688246296
87.72999999999999,1.0,38.0,32.0,0.8421052631578947,0.16804726486150495,0.2027024866611235,2.612053930005559,0.2,0.007599707039812722,0.1657741078946,2.410956642148736,6.084949150495364,2.0190028201056816,-0.0029238126702275657,-0.002208574664346763,-0.00027279642455146913,0.5231309943213528,0.22930766635129712,0.358207773684328
87.94999999999999,1.0,40.0,35.0,0.875,0.1561993971003169,0.18348911106607568,2.567482510928775,0.2,0.028380401093073812,0.15356835913750497,2.369309298240611,6.184923028928098,2.018058403386715,-0.0010545005349249514,-0.0009874567162544423,-0.0001874735445248632,0.5871320882719667,0.294184691197522,0.3519702818879039
88.19,1.0,54.0,51.0,0.9444444444444444,0.1812054078244868,0.20427953908163474,1.6532213380577088,0.2,0.024498483402699927,0.17884267546441654,2.324150883490283,6.302424280751119,2.01366892639372,-0.0006201764319593295,0.0002932556179482404,-0.00012644076488665945,0.532038762359617,0.26680651807394085,0.3563801347534004
88.38999999999999,1.0,41.0,41.0,1.0,0.17628888641048102,0.19978789349820178,1.6152513708037095,0.2,0.04135633342318641,0.1739788950785278,2.286261196716486,6.403539369058267,1.9785520052087648,-0.003229922957988851,0.006716089645267154,-8.337973086769424e-05,0.5347709995868347,0.2782275650175779,0.3440414160679809
88.63,0.0,45.0,1.0,0.022222222222222223,0.3402127502953794,0.3402127502953794,1.3668696731530696,nan,nan,nan,nan,nan,nan,-0.003229922957988851,0.006716089645267154,-8.337973086769424e-05,0.5347709995868347,0.2782275650175779,0.3440414160679809
88.85,0.0,44.0,2.0,0.045454545454545456,0.34552232351278134,0.3459006009830666,5.97082819092168,nan,nan,nan,nan,nan,nan,-0.003229922957988851,0.006716089645267154,-8.337973086769424e-05,0.5347709995868347,0.2782275650175779,0.3440414160679809
89.09,0.0,42.0,0.0,0.0,nan,nan,nan,nan,nan,nan,nan,nan,nan,-0.003229922957988851,0.006716089645267154,-8.337973086769424e-05,0.5347709995868347,0.2782275650175779,0.3440414160679809
89.33000000000001,0.0,32.0,0.0,0.0,nan,nan,nan,nan,nan,nan,nan,nan,nan,-0.003229922957988851,0.006716089645267154,-8.337973086769424e-05,0.5347709995868347,0.2782275650175779,0.3440414160679809
89.53,0.0,30.0,0.0,0.0,nan,nan,nan,nan,nan,nan,nan,nan,nan,-0.003229922957988851,0.006716089645267154,-8.337973086769424e-05,0.5347709995868347,0.2782275650175779,0.3440414160679809
89.72999999999999,0.0,26.0,3.0,0.11538461538461539,0.34405792460667267,0.34784583545125064,8.058383619716478,nan,nan,nan,nan,nan,nan,-0.003229922957988851,0.006716089645267154,-8.337973086769424e-05,0.5347709995868347,0.2782275650175779,0.3440414160679809
89.94999999999999,1.0,45.0,26.0,0.5777777777777777,0.06672610939739124,0.16439642655299924,11.282018378673621,0.2,0.09966592195073855,0.06523392246645078,2.3579442245923614,7.327686045957327,1.2994289605990972,-0.011506234834567586,0.1382295796073194,-6.077040361374131e-05,0.9781738004622034,0.8675226212344768,0.5704504708844655
90.16999999999999,1.0,36.0,27.0,0.75,0.10579675013923816,0.1901805787543365,13.32953708660492,0.2,0.044842389372679016,0.11278186596599984,2.4011894309348993,7.435733328041147,1.2633872241145616,0.0016590094509725262,0.02517235239745297,-0.0018605331468422026,0.6541166164104154,0.34582306318393224,0.42777040985355735
90.38999999999999,1.0,52.0,49.0,0.9423076923076923,0.0859576612974905,0.19151032917601754,11.317162100225353,0.2,0.0734945479583681,0.09303393654560721,2.4424480632436185,7.542677763098003,1.2452985473410685,0.004402900859327374,0.02004496712234438,-0.0011764673105472134,0.7954895518045014,0.48899099407692426,0.4087562147296052
90.63,1.0,44.0,43.0,0.9772727272727273,0.08303234223881434,0.1531554142529142,6.254138053968704,0.2,0.07048668198355491,0.08896009372043293,2.490822088111166,7.6555217875175146,1.2368759199667123,0.0038016662273188118,0.012307176721668256,-0.0007546292064262161,0.8139726166138348,0.49972290215634274,0.37900168796268024
90.83000000000001,1.0,43.0,43.0,1.0,0.09201394492024811,0.15656802081072643,5.9721397338945,0.2,0.056712739267050075,0.09788129736341679,2.5277930395674266,7.746978545151312,1.23355006804508,0.0024801815970429963,0.007236786944057272,-0.0004974450160000198,0.7282082597635278,0.42134055151389743,0.35359725111718904
91.05000000000001,1.0,33.0,31.0,0.9393939393939394,0.09593190471738788,0.18539700944692344,7.68969699330588,0.2,0.058770819700743174,0.10353718581424913,2.5674136871428197,7.851362253953983,1.2317318611649473,0.0017099392810919767,0.004822323561659125,-0.00033190591390752644,0.7291568443168972,0.3946904385723969,0.342813254971537
91.28999999999999,1.0,33.0,33.0,1.0,0.08903732274888801,0.1765531811585742,8.598900198874649,0.2,0.09120850297160696,0.09506197058698346,2.6116330235181966,7.961962028468646,1.2366990040107655,0.0008055975374450242,0.0022023063945475485,-0.0002222373830647051,0.7770472182605405,0.45900437988814025,0.35712004096986827
91.53,0.0,17.0,6.0,0.35294117647058826,0.18883058657398802,0.20490810826806202,2.701611208785952,nan,nan,nan,nan,nan,nan,0.0008055975374450242,0.0022023063945475485,-0.0002222373830647051,0.7770472182605405,0.45900437988814025,0.35712004096986827
92.19,1.0,18.0,18.0,1.0,0.03867841557334516,0.05463746140102278,2.268468547847019,0.2,-0.1045830856821732,0.03563176019078873,2.666209909786372,8.321407169686646,1.6389353956187989,-0.010074979991115729,-0.07791634083347887,-0.000145187872334418,0.9635322850626755,0.7861867838938644,0.3843128557920638
92.43,1.0,20.0,20.0,1.0,0.05714720181002155,0.08316790912567014,4.284912439199134,0.2,-0.12,0.05460020327100738,2.642828260017528,8.3847219112079,1.837455250199155,0.004105283804460402,-0.05601443819275609,-0.00032754498085640904,0.8677175478700988,0.587343573011344,0.3558835346583313
93.22999999999999,0.0,13.0,0.0,0.0,nan,nan,nan,nan,nan,nan,nan,nan,nan,0.004105283804460402,-0.05601443819275609,-0.00032754498085640904,0.8677175478700988,0.587343573011344,0.3558835346583313
93.43,1.0,37.0,29.0,0.7837837837837838,0.11096345395565041,0.2183366704215168,7.237215118902148,0.2,-0.12,0.1213639926786137,2.3621340966112023,8.685902355089691,2.42532044179338,0.06640972185148897,-0.12143557688508189,-0.0003793094945354625,0.7393857967092892,0.6555845676634986,0.558924783149447
93.65,1.0,29.0,19.0,0.6551724137931034,0.09535692050163835,0.2252996117493288,6.7329620957665055,0.2,-0.12,0.11489725535645652,2.290054700163348,8.747402174832766,2.4682117457246457,0.0466727425391964,-0.05967870851206669,-0.0008939657165845105,0.47459211395122153,0.5252672730432373,0.3223162854141569
93.88999999999999,1.0,41.0,29.0,0.7073170731707317,0.11530561836511202,0.214946285480993,9.413939126321612,0.2,-0.12,0.12316532184187128,2.202227343118935,8.814594773668112,2.4929782639138445,0.0387731314503057,-0.03936418586944157,-0.0007450240677457919,0.5116820492447068,0.6026896788721349,0.40272738734296804
94.13,1.0,46.0,35.0,0.7608695652173914,0.1396728741743798,0.22921304337088616,8.463261296236503,0.2,-0.12,0.1502188516329201,2.111040916374206,8.884136278337778,2.507552674118946,0.028427811619125887,-0.02436593064720327,-0.0004979312711483885,0.43132491088374647,0.5513717578869184,0.3924616282763982
94.33000000000001,1.0,46.0,35.0,0.7608695652173914,0.15787187952534776,0.21786912522394192,3.999153212712978,0.2,-0.12,0.16541313674683822,2.031401233603395,8.94445394030833,2.513202415634966,0.021918957817387064,-0.01720820959510938,-0.0003101367037849912,0.36552553153096384,0.47491345266408,0.35919125854274275
94.55000000000001,1.0,46.0,26.0,0.5652173913043478,0.0497979937289368,0.0726574609049901,2.0332742443484735,-0.2,-0.05303908548830903,0.04739329689829846,2.183018059850613,9.338246515992418,2.515683156431261,0.2516096335513296,0.31109311358123115,-0.00019838077044820324,0.809892490920175,0.8715773578372599,0.3065003643056046
94.78999999999999,1.0,44.0,29.0,0.6590909090909091,0.026263652431372533,0.046206659325544346,1.9608222070395283,-0.2,-0.0735901516158747,0.021626615629834724,2.087656065877139,9.410305971743563,2.5283526935369913,0.016283201925883173,0.017492459577811204,0.0022660592912235877,0.7360249415393706,0.8324270992383922,0.34406434560572907
95.03,1.0,45.0,32.0,0.7111111111111111,0.020878057467565943,0.04120094800113791,3.022096355323843,-0.2,-0.08850903884588983,0.01477970725890809,1.97700574088681,9.483233416460365,2.587952275853609,-0.008162741851392319,0.0070921095935769785,0.0016479972041327784,0.7291814583251586,0.8604306132658056,0.367604591306838
95.25,1.0,44.0,42.0,0.9545454545454546,0.05738385299907719,0.08597563695275609,4.176553358000343,-0.2,-0.05789393088556689,0.05692617746199987,1.859186804497031,9.540868638115581,2.6953774056976467,-0.022063331374558626,0.012287506774818269,0.0010376049580989033,0.6175007603040115,0.8429360947947503,0.3558505041047421
95.49000000000001,1.0,44.0,41.0,0.9318181818181818,0.08776214308177274,0.12341964247645652,6.0200953790376275,-0.2,-0.011260028754224216,0.08792314392032867,1.718396880038946,9.586868924381287,2.8476616557943384,-0.03861926270584681,0.0160760111119842,0.0006737802569367624,0.4078794234517843,0.7834712700956603,0.35795591530086107
95.73000000000002,1.0,39.0,39.0,1.0,0.04423919569361374,0.08145729024874061,6.341922632946495,-0.2,-0.06188561098736849,0.04480430876859816,1.57538397365897,9.607809287041228,3.024508627661522,-0.059634161923552975,0.015884222317968266,0.00045658921316116263,0.6988211885565607,0.9446475343014576,0.35884898310545615
95.93,1.0,43.0,41.0,0.9534883720930233,0.05975564782651402,0.1028772009230008,7.917787940083749,-0.2,-0.008851217830300965,0.05974283028005197,1.441975691601318,9.604504220139114,-3.128852539276548,-0.044438620012223984,0.004331938130389901,0.0003257354414127889,0.5275721667936536,0.8891878666494848,0.34504034817365503
96.15,1.0,29.0,28.0,0.9655172413793104,0.12932573962039448,0.15792559668631856,5.968245577351397,-0.2,0.12,0.1280386252762921,1.2960188832383919,9.585146454298364,-3.0204974548180195,-0.0426011061246363,-0.001001788696964212,0.0002904836524271204,0.18806225679745459,0.6545038306152461,0.3167981687414034
96.35,1.0,29.0,29.0,1.0,0.09544421859128473,0.13564594028381943,7.746938706090568,-0.2,0.12,0.09540843192483513,1.175581653037592,9.560855343509624,-2.9468731334960427,-0.049175848641674236,-0.004917819367616261,0.00023268329281389555,0.36548018847506747,0.765315925286151,0.32444293587067885
96.63,1.0,34.0,34.0,1.0,0.06698856612490679,0.10590355279913752,7.645829040473058,-0.2,0.10264252334416127,0.06700392777375701,1.0283016324997962,9.523068356516244,-2.8817604266868395,-0.04421388920561853,-0.007438027306024608,0.00021237412105490347,0.6242508743293078,0.9134385268319469,0.37237662457090037
96.83000000000001,1.0,38.0,38.0,1.0,0.044780659538057044,0.08392789551297493,8.080355793178436,-0.2,0.12,0.045045167195114755,0.9272158389036324,9.496315643605985,-2.855954753059546,-0.022164869720349367,-0.005526962236668709,0.00015786352073643428,0.6842138815566655,0.9077589794416643,0.35081148736112133
97.05000000000001,1.0,27.0,27.0,1.0,0.015502945392761045,0.038136398146077645,5.074095735919544,-0.13064076013857492,0.037258859013775764,0.009373213472470839,0.8354843343956615,9.40078534064013,-2.8393383481448295,0.010078209863053966,-0.06926472713526977,9.490825930935641e-05,0.6009668808503571,0.8945801427781267,0.31128003601085774
97.29000000000002,1.0,35.0,35.0,1.0,0.01678771129103473,0.05178243266585811,5.230568208608167,-0.10899494885012484,0.033775543563920575,0.011507890893855073,0.7280701341407025,9.344991861929529,-2.830054314788189,0.002504408523151147,-0.027214165637186483,-0.0003696777639716764,0.6599464085451762,0.911598311123806,0.3632775358213341
97.49000000000001,1.0,37.0,33.0,0.8918918918918919,0.014180971250491857,0.03162491716219551,3.506615726279906,-0.08741400456786583,0.02650858057834447,0.006479199807605143,0.6393898358236911,9.298047907796237,-2.8256794046528393,0.004639019964515989,-0.022802881283416454,-0.00039989068971246766,0.62934881863579,0.892320121264219,0.34695774523760115
97.73000000000002,1.0,32.0,32.0,1.0,0.015667516189480365,0.03828410714999711,3.9037519989714466,-0.10554947887625175,0.0521295028865099,0.006760275689924376,0.5167215893467237,9.283605284942938,-2.837233635111112,-0.0049605209223224644,0.015648778537823205,-0.00041075336919815797,0.6397796245041014,0.9169069259542548,0.3542831047488914
97.95000000000002,1.0,31.0,28.0,0.9032258064516129,0.015482099999238488,0.038193506327920686,1.3430821906217156,-0.06216241215782157,0.028024791060074064,0.007148723832010523,0.4238142704965622,9.220968653237994,-2.8872802594064786,0.01572120941819566,-0.039697664091912443,-0.00018172692205098429,0.593727369200692,0.9056195772648928,0.32053801009580063
98.19,1.0,27.0,27.0,1.0,0.015861729954565338,0.03308183099050687,2.6102462087390466,-0.02507589833890132,-0.012280569034500144,0.008147207378869469,0.3125190897568606,9.169712002344607,-2.96109098482075,0.013996331187680289,-0.03780294599569167,-0.00035764680747885086,0.6002732370236001,0.9190855791953586,0.32394695365635806
98.43,1.0,31.0,31.0,1.0,0.014152541024702783,0.036410765724405596,1.656656681033804,-0.050783173024238216,0.015446999027761903,0.006820876457297935,0.17907873278641198,9.186785039426411,-3.021346424058152,0.0016082970055628365,0.023636846548015455,-0.00047681481450023705,0.6411676667035332,0.9446483279962169,0.3619256096308054
98.65,1.0,30.0,30.0,1.0,0.015152616822471059,0.03536756325866999,2.6809645537452784,-0.05327169506352354,0.018917976128305255,0.010563782306172378,0.058767275136221014,9.185544511353998,-3.0566611399908106,0.0030634746287335687,0.004052563850567736,-0.0001617534848334934,0.59701341110084,0.9349051068722435,0.3436017445831662
98.89000000000001,1.0,29.0,29.0,1.0,0.017357381833757637,0.03593467561677467,3.349955769776765,-0.061683011917873155,0.026036875516273435,0.00980221182576411,-0.0739218749111093,9.192304698809506,-3.081241992818868,0.002154308176419692,0.008856069175360304,-7.360304271308848e-05,0.6024010875067405,0.9384148093888143,0.3398426795890025
99.13,1.0,36.0,36.0,1.0,0.01838872056704284,0.03537048717831809,2.469490696116958,-0.03791984733597148,-0.002457674188020551,0.009080964912892713,-0.20056177281051005,9.16901566849355,-3.097809396797981,0.0031050750586043285,-0.023098014587580096,1.3792085327146708e-05,0.6394534878254869,0.9534350571411261,0.36574660999347625
99.33000000000001,1.0,31.0,31.0,1.0,0.01730850098382726,0.035051721232816496,2.6639624368274477,-0.04608875814465055,0.004427182594021438,0.008899061286951636,-0.3126770594524219,9.177977190813897,-3.105630540206282,0.0007963774068502905,0.007155021921288807,-0.00010077876696179544,0.597060119731743,0.9296539304251271,0.3408167303797697
99.53,1.0,67.0,43.0,0.6417910447761194,0.06144291782790441,0.3380675540350325,4.448216702087632,0.03379638366110905,-0.06675117999732604,0.11727303183292602,-0.421270480569725,9.100912740070651,-3.111564771148438,0.003080310875684167,-0.07932513699167743,-1.8860401222564604e-05,0.21513479306869082,0.7162312379704563,0.34206321182006494
99.95000000000002,1.0,54.0,38.0,0.7037037037037037,0.13829626370703182,0.27097435957061683,10.618108664087556,0.2,-0.12,0.14707378099474044,-0.630344173661849,8.935269941855948,-3.1219207608473014,0.0041215306691747555,-0.18856167100410026,-0.00038413003308690463,0.2512234127041065,0.61594902008444,0.40966765748713035
100.05000000000001,0.0,48.0,35.0,0.7291666666666666,0.24713784291088728,0.34638408401148135,5.9511442307451645,nan,nan,nan,nan,nan,nan,0.0041215306691747555,-0.18856167100410026,-0.00038413003308690463,0.2512234127041065,0.61594902008444,0.40966765748713035
100.29000000000002,1.0,43.0,33.0,0.7674418604651163,0.22703299609806862,0.3441449231249173,11.035174493624549,0.2,-0.12,0.23644284351391187,-0.8010155802531984,8.93625328218775,-3.1245492727335877,0.0007797305696203294,-0.07206591579856969,-0.0019518141987133752,0.1392589835528016,0.5239766058362905,0.41008325917013855
100.53,1.0,38.0,19.0,0.5,0.2008901949218356,0.24836783472421387,5.122970284809675,-0.2,-0.09378842940871263,0.20018094384740245,-0.924948467779245,9.336618480688536,-3.125460322472943,-0.006526248143452262,0.3657554707998525,-0.0014625007993727124,0.13520441925580606,0.5319736848059808,0.2664656412697395
100.73000000000002,1.0,35.0,19.0,0.5428571428571428,0.2043564931647888,0.2580744457807384,8.399611492929509,-0.2,-0.12,0.2044481876219086,-1.0272787557555763,9.336871027874672,-3.1257070095878334,-0.002920625309577929,0.17109843760361265,0.00012282188340817515,0.1387875044094858,0.48280325087803244,0.2680743292247174
100.95000000000002,0.0,26.0,0.0,0.0,nan,nan,nan,nan,nan,nan,nan,nan,nan,-0.002920625309577929,0.17109843760361265,0.00012282188340817515,0.1387875044094858,0.48280325087803244,0.2680743292247174
101.19,0.0,18.0,0.0,0.0,nan,nan,nan,nan,nan,nan,nan,nan,nan,-0.002920625309577929,0.17109843760361265,0.00012282188340817515,0.1387875044094858,0.48280325087803244,0.2680743292247174
101.39000000000001,0.0,18.0,0.0,0.0,nan,nan,nan,nan,nan,nan,nan,nan,nan,-0.002920625309577929,0.17109843760361265,0.00012282188340817515,0.1387875044094858,0.48280325087803244,0.2680743292247174
101.85,0.0,25.0,0.0,0.0,nan,nan,nan,nan,nan,nan,nan,nan,nan,-0.002920625309577929,0.17109843760361265,0.00012282188340817515,0.1387875044094858,0.48280325087803244,0.2680743292247174
102.09,0.0,40.0,0.0,0.0,nan,nan,nan,nan,nan,nan,nan,nan,nan,-0.002920625309577929,0.17109843760361265,0.00012282188340817515,0.1387875044094858,0.48280325087803244,0.2680743292247174
102.33000000000001,1.0,41.0,35.0,0.8536585365853658,0.18216614099118109,0.25737230135130085,7.015398931421353,-0.2,-0.12,0.1969132940229956,-1.874457727480262,8.981777080298144,-2.2587019237226964,-0.1526702460304492,0.01503960643150748,0.0006413645065315166,0.5998900378461182,0.8450285735863431,0.6405290293012534
102.55000000000001,1.0,55.0,27.0,0.4909090909090909,0.06975198290136408,0.13897912013730637,5.5465409303262145,0.09238873820153326,-0.12,0.07489587585575484,-1.6915127083527397,8.70538145411965,-2.085413671556624,0.17541000874554835,-0.1849126298782391,0.0011873664866293154,0.8673817912162787,0.8498116755355442,0.41020112482206006
102.75,1.0,49.0,43.0,0.8775510204081632,0.09177636781926982,0.18805158754718407,7.197133909175609,-0.2,-0.10617736469856469,0.1097888304329313,-1.99134240164656,8.732959010065711,-1.9567295459623908,-0.25132745318102545,0.10134608435870796,-0.0010952014680989386,0.6533286609041201,0.434708336605486,0.3953760984527665
102.97,1.0,52.0,49.0,0.9423076923076923,0.06838310094967266,0.16299853062031827,6.317095581573269,-0.2,-0.08669249357053234,0.08117893592937318,-2.0268579807738973,8.608273536115405,-1.8684333551927832,-0.08108733116184763,0.011305255067933118,0.0011621611273902046,0.8169625987364855,0.5477185030914994,0.367089351934649
103.19,1.0,48.0,42.0,0.875,0.05874978669877142,0.16819993969309036,6.779826131009862,-0.2,-0.06469685136137089,0.06643419993398492,-2.0533166433819305,8.490876140562955,-1.8112632745548272,-0.01661846550925805,-0.014061310762029322,0.0012826553275187,0.880983430986209,0.5876133211173786,0.3556387702687608
103.39000000000001,1.0,44.0,39.0,0.8863636363636364,0.08049078268434326,0.17576908819126585,6.4009335332776764,-0.2,-0.06518215041501474,0.08376556549963309,-2.076117325499352,8.385326714159865,-1.7803024751328884,-0.004396716062486927,-0.013182066521764568,0.0009105756534242283,0.7987193634551446,0.4173970438283516,0.34369801840557956
103.63,1.0,45.0,36.0,0.8,0.06800142623476439,0.13183109637390172,7.489181408987586,-0.2,-0.05614876324730345,0.06784471474649058,-2.0991980556054415,8.261326195867003,-1.757565435882688,-0.0028617973998854573,-0.012534423306430398,0.000608503243261449,0.9014376477320112,0.56023962335999,0.3529277769166628
103.85,1.0,45.0,36.0,0.8,0.07478735887062787,0.10125499319708202,2.570038129829137,-0.2,-0.04081581163923218,0.07314293936577006,-2.121046978329881,8.150034735109863,-1.7387380493474514,-0.0017599398049359394,-0.009421783697883157,0.0003978161661266632,0.8679425000885802,0.48372766054181593,0.349733032703881
104.09,1.0,32.0,29.0,0.90625,0.06407348603907725,0.09544829021961267,3.7978436593013867,-0.2,-0.0693260989093053,0.06234874723324621,-2.13425626742736,8.017647180066025,-1.6805467912425756,-0.0024559080137556144,-0.016511411806643395,0.00025482858627645655,0.902292842816813,0.5494785678044605,0.3331993538047587
104.35,1.0,25.0,17.0,0.68,0.021342445284696587,0.03819440628116451,4.80125336178856,-0.2,-0.10829184435554423,0.019461554403897317,-2.1318781104723357,7.863467664339167,-1.5649799968393547,-0.0021208600239499553,-0.030612024781130565,0.00017796351841203872,0.7895968685446221,0.517434067861009,0.2371614328267698
104.53,1.0,32.0,20.0,0.625,0.025191915105845786,0.043863294210790715,4.799341630325879,-0.2,-0.1052559299583597,0.02418551845046785,-2.1168333881060306,7.751604282246567,-1.4543585981003817,0.00045208050682266077,-0.036873627937883846,0.00024357412296382996,0.842501356697611,0.5268073642234735,0.2717680011996701
104.73000000000002,1.0,34.0,29.0,0.8529411764705882,0.09548171468700606,0.19402503692191297,11.978229575292115,-0.2,0.0823770684237325,0.11318139859070529,-2.0775293613082284,7.634631096765299,-1.3108569029419435,0.006481435668319602,-0.04562050549332941,0.00029602314597187984,0.6607538754668277,0.254049918196625,0.3532881376796253
104.95000000000002,1.0,36.0,36.0,1.0,0.10970972519698924,0.2063563898215799,15.404465906837176,-0.2,0.11296358647210118,0.1180577691620254,-2.013125889051478,7.5045847788502575,-1.1306995467251504,0.019442109666603535,-0.06851119043047849,0.00028869176978152394,0.6903069655185075,0.3618047307635535,0.3649400811952382
105.19,1.0,42.0,32.0,0.7619047619047619,0.0586041420554928,0.13728810367320488,14.860744168000888,-0.2,0.12,0.06635326849171551,-1.9183003953627773,7.380564266626379,-0.9420838459638938,0.036780717740154234,-0.07939254530528572,0.00032723642484877585,0.8237695588772295,0.7026296046070087,0.36163973568754154
105.43,1.0,42.0,12.0,0.2857142857142857,0.015918632993595135,0.030180622002723825,7.00303693885351,0.13096940274486268,-0.07622394393203323,0.013080726452288144,-1.5774541214906952,7.511215718716186,-0.794751175747276,0.2727232638066712,0.1807120847867827,0.0005279061862966117,0.6743912968428447,0.6554184907774151,0.1744185408110674
105.65,1.0,44.0,20.0,0.45454545454545453,0.022685612042151807,0.048060213622914495,7.490641790411485,0.04564471842305091,0.011646862346044801,0.017272867050498415,-1.554584416405061,7.382091130067154,-0.7068933437535887,-0.013262684255118673,-0.05243910938780516,-0.0013213727547105591,0.717210119194855,0.7625529913576259,0.2887964341402089
105.85,1.0,41.0,14.0,0.34146341463414637,0.012783213560393723,0.019316072770452827,2.027395608387117,0.09726330480678695,-0.025010772906368224,0.008385941181986227,-1.4435505582072758,7.364158820643563,-0.6569486328952981,0.03475697528067623,0.0320413149063965,-0.0005305001960590472,0.5800587388728563,0.6718809137620431,0.21600372455145697
106.05000000000001,1.0,37.0,14.0,0.3783783783783784,0.014747479521206095,0.040863363006483244,7.075278502898812,0.09673891476399328,-0.03737187594795903,0.009533211704751143,-1.3652577613742618,7.307498121886077,-0.6207511723810537,0.005376709628691412,0.0055662482043237205,-0.000894155487972781,0.5750264582830089,0.6936722639783162,0.224384917175801
106.43,0.0,49.0,4.0,0.08163265306122448,0.07840000427876617,0.09022861189029385,3.975962760754731,nan,nan,nan,nan,nan,nan,0.005376709628691412,0.0055662482043237205,-0.000894155487972781,0.5750264582830089,0.6936722639783162,0.224384917175801
106.53,0.0,35.0,1.0,0.02857142857142857,0.043147970175847296,0.043147970175847296,2.105332175326282,nan,nan,nan,nan,nan,nan,0.005376709628691412,0.0055662482043237205,-0.000894155487972781,0.5750264582830089,0.6936722639783162,0.224384917175801
106.73000000000002,0.0,58.0,4.0,0.06896551724137931,0.038799261465853635,0.05326069371695087,3.9859209455365643,nan,nan,nan,nan,nan,nan,0.005376709628691412,0.0055662482043237205,-0.000894155487972781,0.5750264582830089,0.6936722639783162,0.224384917175801
106.95000000000002,0.0,55.0,1.0,0.01818181818181818,0.3475604354820436,0.3475604354820436,21.54571123382447,nan,nan,nan,nan,nan,nan,0.005376709628691412,0.0055662482043237205,-0.000894155487972781,0.5750264582830089,0.6936722639783162,0.224384917175801
107.15,0.0,51.0,0.0,0.0,nan,nan,nan,nan,nan,nan,nan,nan,nan,0.005376709628691412,0.0055662482043237205,-0.000894155487972781,0.5750264582830089,0.6936722639783162,0.224384917175801
107.39000000000001,0.0,56.0,2.0,0.03571428571428571,0.3369585687434501,0.3429301930094656,6.192826856051434,nan,nan,nan,nan,nan,nan,0.005376709628691412,0.0055662482043237205,-0.000894155487972781,0.5750264582830089,0.6936722639783162,0.224384917175801
107.63,0.0,32.0,1.0,0.03125,0.3460846695412574,0.3460846695412574,19.24991050570602,nan,nan,nan,nan,nan,nan,0.005376709628691412,0.0055662482043237205,-0.000894155487972781,0.5750264582830089,0.6936722639783162,0.224384917175801
107.85,0.0,23.0,0.0,0.0,nan,nan,nan,nan,nan,nan,nan,nan,nan,0.005376709628691412,0.0055662482043237205,-0.000894155487972781,0.5750264582830089,0.6936722639783162,0.224384917175801
108.73000000000002,1.0,39.0,39.0,1.0,0.14232619327449397,0.22661932018331188,4.88440308298442,-0.2,0.12,0.1421526936916107,-0.29415765285934403,6.6380396869525935,-0.5969397921756441,-0.16775165240421677,-0.24434286319181542,-0.0007780424077952207,0.7010453754675131,0.9253737528124149,0.7286406755630047
108.99000000000001,1.0,44.0,36.0,0.8181818181818182,0.04910571892884917,0.12209518899536737,6.725810405984486,-0.2,0.12,0.05105067285288303,-0.25112477176023773,6.566172062780029,-0.8265936938882311,-0.06623040137369196,0.024522355480010916,0.0030109730984901883,0.9182885628792369,0.9198162903662258,0.4861210065238435
109.19,1.0,39.0,38.0,0.9743589743589743,0.057919460804491285,0.13442608961671534,5.249648710177689,-0.2,0.12,0.05833595849177597,-0.22674717163852687,6.504206177503092,-1.0049114907455843,-0.028081093224267217,0.03333723296257851,0.0017940571683234818,0.8006354650883335,0.6672832847595864,0.3953434527167472
109.39000000000001,1.0,22.0,22.0,1.0,0.0754910082403122,0.09305865611911424,1.0666174862040667,-0.2,0.11456571181833887,0.07293148360523205,-0.21084537880037055,6.436404153668136,-1.1650611309234045,-0.025492155716368203,0.043693873520595616,0.001268149898838056,0.7235458319621829,0.42433024428149396,0.2791609867485518
109.59,1.0,34.0,34.0,1.0,0.0899255064364136,0.10917711910649526,2.0489008747942465,-0.2,-0.02010199417612648,0.08733162408625221,-0.19771517443249242,6.363974360967656,-1.284160236408986,-0.02239635114513644,0.05186835374362175,0.0010891450693888416,0.7755766878802622,0.4306019990360234,0.3646713954606257
109.99000000000001,1.0,34.0,34.0,1.0,0.06541443270732505,0.08748068177313346,1.9961298580824602,-0.2,-0.009728633181538989,0.06350822807338838,-0.1706671408230861,6.182966444067117,-1.3772520762479874,-0.015656781670370323,0.05038840538197498,0.0008537472559158044,0.8578065641441606,0.6502244994317665,0.41123180721400004
110.05000000000001,1.0,39.0,39.0,1.0,0.10194497365638473,0.12071637947494016,3.5748430072299713,-0.2,-0.03815594629759865,0.09986644848840052,-0.16242450181659138,6.154898317576898,-1.3730833559967526,-0.004646983842901187,0.017619757004908365,0.0007670386442322208,0.38596553515557946,0.24871816741865246,0.3158017623433133
110.25,1.0,28.0,28.0,1.0,0.09905891501104647,0.12111182126181728,2.623149034817751,-0.2,-0.048025001604628616,0.09758446434370832,-0.13712871034916768,6.047569973397803,-1.3289284775222556,-0.0014088840143925419,0.004770071723383396,0.0005360810485890433,0.6825402196867242,0.3135986155969856,0.29741890690846395
110.49000000000001,1.0,39.0,39.0,1.0,0.09748082660657664,0.12024457352675874,1.6592918402573182,-0.2,-0.053197313442033746,0.09548413591975277,-0.09618120876064684,5.915649228210334,-1.2447127534562068,0.0038672152381156732,-0.012746076259732675,0.0003789405525362888,0.7861000315959071,0.42919416083783823,0.3513008256295581
110.69,1.0,35.0,35.0,1.0,0.09895505055504368,0.11985856256297069,1.7844318128229169,-0.2,-0.04835135209277468,0.09521824089362768,-0.04597853336949434,5.798807553419442,-1.175413199262753,0.00735327604096999,-0.020719525454256704,0.00024335367190175816,0.7380825550653363,0.44186823015974075,0.3417947087375317
110.93,1.0,26.0,26.0,1.0,0.08695849998406704,0.10486761209721004,2.2096067041616294,-0.2,-0.04868790495289945,0.0847664593331168,0.013633582951482398,5.666992337884604,-1.118385938025365,0.009544224407578569,-0.022982509363097314,0.00016854238528907217,0.7739573987313694,0.49649876221168954,0.3063168082837963
111.13,1.0,37.0,30.0,0.8108108108108109,0.10261661978365784,0.11694688997109663,2.3903133056736885,-0.2,-0.03838770869034485,0.10099265824464088,0.06719446019811368,5.562835592025141,-1.0855862286462499,0.009051651877403623,-0.019046136556672977,0.00011290830528354334,0.6836389912436642,0.4407840542475706,0.3381587500907653
111.35,1.0,48.0,42.0,0.875,0.21340616313460237,0.34999358409931636,9.948782597224694,0.09339085208510899,-0.12,0.23930849556677455,0.38186382048330025,5.598684127814902,-1.0589397433140377,0.26448523001800595,0.12681639755298324,7.270920610125132e-05,0.3650417522612487,0.17899611647291946,0.35306274384566316
111.59,1.0,63.0,28.0,0.4444444444444444,0.10426345393490803,0.23061912701198173,7.196947436357863,0.2,-0.12,0.11390553233563566,0.5291078950891969,5.546462997828007,-1.0440623510959082,0.24040197198447966,0.11940377132292657,-0.0007160475763459129,0.7017422135903585,0.4671734924700221,0.32677417776915885
111.83000000000001,1.0,61.0,21.0,0.3442622950819672,0.08364804520760852,0.1607568628844126,7.576265419840366,0.2,-0.1152911771011419,0.09405837595142634,0.585311842708618,5.446154750703535,-1.0389416927330197,0.0472309559269386,0.01651300106474185,-0.0016532885399902497,0.7013872312925462,0.4861109910912021,0.27404359173927745
112.05000000000001,1.0,58.0,38.0,0.6551724137931034,0.1996337909822282,0.29953402827916586,7.271739836632682,0.0466652416369996,-0.12,0.21039151514003682,0.5061243616371173,5.2701030200704,-1.0363022873685992,-0.12143712715068211,-0.07837201947945704,-0.001415314413148794,0.4208970168137482,0.23955459337440607,0.3760020402291095
112.29000000000002,1.0,50.0,20.0,0.4,0.07994951895090108,0.13750768097894406,4.656658296185076,0.2,-0.12,0.08320399341128953,0.6956583186611522,5.243447584532215,-1.0353787352341381,0.07449441283308722,0.03878228032440845,-0.00044931584016394405,0.7421084917668647,0.5488826849236687,0.26524920868072205
112.53,1.0,35.0,27.0,0.7714285714285715,0.16954174679618716,0.28959318715954646,5.760035090946663,0.03402253553666015,-0.12,0.1865455711318036,0.6096674575864236,5.057364927603835,-1.0365948766809172,-0.1304564099673441,-0.08044678803900407,-0.000777980765496622,0.4631132692123524,0.26452194998279965,0.34570287379046216
112.73000000000002,1.0,44.0,26.0,0.5909090909090909,0.17557297452546636,0.31314913397594824,5.85036137982543,0.058195237120009756,-0.12,0.1991002219697996,0.6776979820583205,4.979300005080623,-1.0556658542815536,-0.03407388584275939,-0.024144245685731036,-2.0260317981968257e-05,0.42631077282745766,0.24303450316492345,0.31949601125774035
112.95000000000002,1.0,35.0,21.0,0.6,0.1674044408847036,0.34804352179099146,7.734374996187979,0.024369978724482225,-0.12,0.18093771232828523,0.6893214671167316,4.858971998477809,-1.1201451523294899,-0.04440709262865283,-0.030915390238627438,0.0001186099018473108,0.46824903656001066,0.24501999192412197,0.27505895794961766
113.15,0.0,31.0,20.0,0.6451612903225806,0.1396615510190521,0.30780973158538305,7.078908176811226,nan,nan,nan,nan,nan,nan,-0.04440709262865283,-0.030915390238627438,0.0001186099018473108,0.46824903656001066,0.24501999192412197,0.27505895794961766
113.39000000000001,1.0,24.0,9.0,0.375,0.039901606421040695,0.07435814292907425,10.351954404680782,0.18766837687507026,-0.12,0.03238030380653565,0.8961409217104256,4.671613859096589,-1.3660097457539797,0.14314691668185975,0.011252253611875318,0.00026345635140523355,0.8773681499830249,0.637892316069878,0.18140416246362714
113.59,0.0,15.0,7.0,0.4666666666666667,0.08665441488964043,0.0987773836543711,4.252155064190117,nan,nan,nan,nan,nan,nan,0.14314691668185975,0.011252253611875318,0.00026345635140523355,0.8773681499830249,0.637892316069878,0.18140416246362714
114.23000000000002,1.0,12.0,12.0,1.0,0.021834886992244656,0.03840792441268092,6.230639872154575,-0.18311596763577864,0.07601191485601105,0.008210621400805073,0.4146237771178063,4.338139717024058,-2.0748402342585455,-0.3280401381156208,0.04144738328504083,-0.0012401296427264617,0.9411044284339289,0.7632328675022854,0.3348556085296311
114.45000000000002,1.0,22.0,22.0,1.0,0.029434562206141688,0.046252916437554185,3.0408908122636897,-0.17310422115522195,0.12,0.025929942237630402,0.36380427035607055,4.2900816013619965,-2.2853810312842047,0.012264899646464711,0.020845824076409336,0.0036749145513259585,0.8182378161639127,0.7729188171323227,0.4251027099434377
114.69,1.0,40.0,40.0,1.0,0.016268209043827524,0.03141123515378309,2.497070821198902,-0.09866592924288052,0.12,0.010381114547857173,0.33325401375533326,4.199521076421863,-2.515935400157562,0.07775656586408264,-0.027524225542187253,0.0023289137821285166,0.7703342655959642,0.84095516880068,0.45020687609535587
114.93,1.0,48.0,35.0,0.7291666666666666,0.014599704829558255,0.0349364483796164,2.5383422206301605,-0.06797414108529734,0.08432366960529447,0.007580704875955003,0.2477088761426934,4.144786913000605,-2.7232956162615136,0.04460023676679367,-0.012557665545831043,0.0010014349446456627,0.6966730524592648,0.89064315592592,0.39450316465811175
115.15,1.0,30.0,30.0,1.0,0.014715934000944795,0.02986440768093766,2.013463927846477,-0.041227031355251666,0.016668798258450322,0.008086418812731163,0.1475602813833968,4.097374110199495,-2.8613311514759467,0.028333728774670136,-0.018898651346041184,0.0006194469559099858,0.6214519086712026,0.8972206259856756,0.35187043199561097
115.39000000000001,1.0,29.0,29.0,1.0,0.01374254210702074,0.03062140166213198,2.4334353545790943,-0.02857648054235792,0.007201059654175853,0.007885994479967226,0.022434796515247924,4.075410763632298,-2.9636901984298145,0.015366052302951195,-0.01090956509582508,0.0002989049470225602,0.6137927911027048,0.9150297400395427,0.3432345215387713
115.63,1.0,26.0,26.0,1.0,0.012401443062639628,0.02744711140207294,2.643706871401623,-0.016955113252510305,-0.0263440009141329,0.0076561257821702805,-0.10878564580961418,4.061560424754242,-3.029086557601567,0.008438776051743008,-0.011309657751969127,0.00016010421666834415,0.5950151669655606,0.9263684177813075,0.3203805774190902
115.85,1.0,31.0,31.0,1.0,0.014817090742388274,0.03386623990457937,2.7350549259007972,-0.012260253641905335,-0.0411617497381171,0.010550509634840425,-0.22591903595799562,4.052158262772485,-3.065958785585964,0.003949454472132269,-0.005129618089964261,6.0485192146408906e-05,0.6146578554307045,0.9275254172242162,0.3593272949203344
116.05000000000001,1.0,29.0,29.0,1.0,0.011832023794256043,0.02339460600366033,2.6016122066444454,-0.020305629972360323,-0.04207747669961533,0.00819123892843942,-0.33778442188925045,4.061657081379954,-3.087770743924424,0.0012283842859006633,0.007776514388203815,1.0039647977855282e-05,0.5686823657726728,0.8916107002879213,0.3280078023052601
116.29000000000002,1.0,49.0,47.0,0.9591836734693877,0.048203255891688196,0.27856685108678364,3.588671108662261,0.01860253075724221,-0.08635201470014003,0.09062772068250279,-0.46650247467631456,4.0278931993825635,-3.1082538721929875,0.002386105001514094,-0.03801409726103255,8.734698974421917e-05,0.33646948006851357,0.8130232962863897,0.36039522453448086
116.49000000000001,1.0,62.0,56.0,0.9032258064516129,0.15452507472966467,0.2721114627311392,6.8634003117711595,0.2,-0.12,0.15682398824814217,-0.5626331016021507,3.8520449578981735,-3.12122639976194,0.004395524419870678,-0.18841504873870907,-0.00018220657154932596,0.1663471220297501,0.5642939053046365,0.34577194785102483
116.73000000000002,0.0,14.0,14.0,1.0,0.010393604016512108,0.027261741229276423,2.243220470048717,nan,nan,nan,nan,nan,nan,0.004395524419870678,-0.18841504873870907,-0.00018220657154932596,0.1663471220297501,0.5642939053046365,0.34577194785102483
116.95000000000002,1.0,51.0,43.0,0.8431372549019608,0.22881004586587345,0.3149108146941477,4.61352324951378,0.2,-0.12,0.23393427626811786,-0.7946441586086859,3.861840892853108,-3.132339825831766,-0.0003027148921403988,-0.08188350036052494,-0.0008900687807029684,0.14261088132990177,0.6032281100045234,0.422727388534729
117.19,1.0,33.0,30.0,0.9090909090909091,0.20978754301236166,0.2841383882743396,7.800481610333574,0.2,-0.12,0.21253577282211714,-0.9154434678805318,3.869651710821029,-3.1330091885995506,-0.0009051734323349825,-0.032416431050080075,-0.0008374736686995732,0.17739437532058394,0.5730969189877236,0.3692086954906676
117.43,1.0,40.0,19.0,0.475,0.22073870959151343,0.2599482331645085,5.783972122132036,-0.2,-0.12,0.21996072435355116,-1.039337355778627,4.277923537216436,-3.133227588848969,-0.004276932761533736,0.3862027561183812,-0.0006467918160120156,0.12189496119963583,0.4446017862869731,0.2612588351607574
117.85,0.0,40.0,19.0,0.475,0.22073870959151343,0.2599482331645085,5.783972122132036,nan,nan,nan,nan,nan,nan,-0.004276932761533736,0.3862027561183812,-0.0006467918160120156,0.12189496119963583,0.4446017862869731,0.2612588351607574
117.95000000000002,0.0,22.0,9.0,0.4090909090909091,0.25473289683965944,0.2661848306559379,3.7040574243876363,nan,nan,nan,nan,nan,nan,-0.004276932761533736,0.3862027561183812,-0.0006467918160120156,0.12189496119963583,0.4446017862869731,0.2612588351607574
118.19,0.0,17.0,5.0,0.29411764705882354,0.3252155039754433,0.34239116475540976,8.060126459108485,nan,nan,nan,nan,nan,nan,-0.004276932761533736,0.3862027561183812,-0.0006467918160120156,0.12189496119963583,0.4446017862869731,0.2612588351607574
118.43,0.0,12.0,2.0,0.16666666666666666,0.3456900361062277,0.3496911581706776,4.644068645190237,nan,nan,nan,nan,nan,nan,-0.004276932761533736,0.3862027561183812,-0.0006467918160120156,0.12189496119963583,0.4446017862869731,0.2612588351607574
118.85,0.0,31.0,0.0,0.0,nan,nan,nan,nan,nan,nan,nan,nan,nan,-0.004276932761533736,0.3862027561183812,-0.0006467918160120156,0.12189496119963583,0.4446017862869731,0.2612588351607574
119.05000000000001,0.0,23.0,0.0,0.0,nan,nan,nan,nan,nan,nan,nan,nan,nan,-0.004276932761533736,0.3862027561183812,-0.0006467918160120156,0.12189496119963583,0.4446017862869731,0.2612588351607574
119.25,1.0,31.0,16.0,0.5161290322580645,0.12340987426381592,0.209423208075312,5.521371770149365,-0.2,-0.12,0.13628264135269402,-1.9649710982876105,3.792776551925082,-2.038605626412654,-0.17915391119504975,0.10418869426576416,0.0006353307092061833,0.6244940882414627,0.7977573787878376,0.4923795546652561
119.49000000000001,1.0,29.0,15.0,0.5172413793103449,0.1070670561997666,0.24497108745782326,10.39065700003193,-0.2,-0.02057346253358971,0.12021395122614473,-2.0107129809374156,3.6438709284682873,-1.858236487054425,-0.0693493714361233,-0.031073010811121904,0.00379830520437574,0.6152869110358002,0.5176690815726909,0.3567845559552672
119.73000000000002,1.0,24.0,15.0,0.625,0.05962530766694583,0.20126771666429186,4.66760357349603,-0.2,0.0003634774745953097,0.07928464718852121,-2.0346077279991737,3.5027780260021553,-1.738278907972951,-0.03398318295803637,-0.04322479578216454,0.002994306038702543,0.7976143919402566,0.5841298904283277,0.3105954018351261
119.93,1.0,20.0,17.0,0.85,0.04945388804548845,0.07293606267843476,4.720541877513741,-0.2,0.005893377043805108,0.048922406782160546,-2.049143018810451,3.3871371016711027,-1.6637501632630618,-0.010726036344604228,-0.03443845399588241,0.002274439949869978,0.8772475254644501,0.6815730218955252,0.3058698870280692
120.15,1.0,27.0,21.0,0.7777777777777778,0.032340930709410055,0.07658130729391352,8.56884722969421,-0.2,0.12,0.03296653537823694,-2.053627878122185,3.259663787933503,-1.5665932953653658,-0.002802167172428316,-0.030620372307181842,0.0016097259202192404,0.8979356761729093,0.5899205764130859,0.33274756663610894
120.35,0.0,14.0,7.0,0.5,0.038709373429701086,0.05034132797824823,0.48317110725479634,nan,nan,nan,nan,nan,nan,-0.002802167172428316,-0.030620372307181842,0.0016097259202192404,0.8979356761729093,0.5899205764130859,0.33274756663610894
120.59,1.0,14.0,14.0,1.0,0.021031185692967354,0.03919452489682866,3.1951664319875235,0.2,-0.10050520113453816,0.013272851513382892,-1.6171804548966686,3.1026966989158367,-1.2890474464590256,0.39197935710523435,0.043932272758597346,0.001041894220488393,0.890934010057656,0.5744731175034993,0.2768054081476508
120.79000000000002,0.0,16.0,3.0,0.1875,0.02825128296017661,0.04098758132456089,4.779724264114729,nan,nan,nan,nan,nan,nan,0.39197935710523435,0.043932272758597346,0.001041894220488393,0.890934010057656,0.5744731175034993,0.2768054081476508
120.99000000000001,1.0,33.0,14.0,0.42424242424242425,0.01783246250171057,0.03793681494775605,3.596637360402075,0.038208622923129855,-0.06006807078877715,0.009668842793331073,-1.672486718460953,2.9013603113977737,-0.9593059858153113,-0.12174992634365522,-0.04144216298386416,-0.00451222252187633,0.8240106512744068,0.6515498218051005,0.29704734328700627
121.23000000000002,1.0,69.0,11.0,0.15942028985507245,0.08277284498929958,0.1927187150292839,16.053630269741937,0.2,-0.12,0.09781262342579049,-1.4792577542616128,2.9495598182189124,-0.7407476720374682,0.08757899995743434,0.12698940131365521,-0.0012451294291225823,0.3767706169680604,0.3933832429089268,0.23224909034705385
121.49000000000001,0.0,61.0,7.0,0.11475409836065574,0.07470764642996941,0.16358093098765694,9.923619087837162,nan,nan,nan,nan,nan,nan,0.08757899995743434,0.12698940131365521,-0.0012451294291225823,0.3767706169680604,0.3933832429089268,0.23224909034705385
121.69,0.0,77.0,6.0,0.07792207792207792,0.11978146097346472,0.3365168525466642,9.454323036972085,nan,nan,nan,nan,nan,nan,0.08757899995743434,0.12698940131365521,-0.0012451294291225823,0.3767706169680604,0.3933832429089268,0.23224909034705385
121.93,0.0,58.0,1.0,0.017241379310344827,0.3180278731453699,0.3180278731453699,17.258076789160942,nan,nan,nan,nan,nan,nan,0.08757899995743434,0.12698940131365521,-0.0012451294291225823,0.3767706169680604,0.3933832429089268,0.23224909034705385
122.17000000000002,0.0,42.0,0.0,0.0,nan,nan,nan,nan,nan,nan,nan,nan,nan,0.08757899995743434,0.12698940131365521,-0.0012451294291225823,0.3767706169680604,0.3933832429089268,0.23224909034705385
122.35,0.0,32.0,0.0,0.0,nan,nan,nan,nan,nan,nan,nan,nan,nan,0.08757899995743434,0.12698940131365521,-0.0012451294291225823,0.3767706169680604,0.3933832429089268,0.23224909034705385
122.55000000000001,0.0,17.0,4.0,0.23529411764705882,0.31898811961396895,0.3442053486356392,11.550658487643084,nan,nan,nan,nan,nan,nan,0.08757899995743434,0.12698940131365521,-0.0012451294291225823,0.3767706169680604,0.3933832429089268,0.23224909034705385
122.75,0.0,22.0,0.0,0.0,nan,nan,nan,nan,nan,nan,nan,nan,nan,0.08757899995743434,0.12698940131365521,-0.0012451294291225823,0.3767706169680604,0.3933832429089268,0.23224909034705385
123.63,1.0,24.0,22.0,0.9166666666666666,0.15148823182100243,0.25439818576173706,12.29146984616654,-0.17116664693678696,-0.12,0.12936763759695477,-0.6537035446131001,2.2684260714163584,-0.8081548923227149,-0.23154251581423602,-0.20948436199802156,-0.002233814716613658,0.6977968180957914,0.8936490397539276,0.6424740092836626
123.83000000000001,1.0,19.0,19.0,1.0,0.1413731376442702,0.1925855582973018,11.563860848377805,-0.060152063209563865,-0.12,0.13120019575700423,-0.5389850620779922,2.2649624095535854,-0.9986452264343045,0.022025847675451904,0.08397991150352713,0.004006370619101474,0.5248879145767514,0.4935720484942839,0.3952697783609462
124.05000000000001,1.0,24.0,22.0,0.9166666666666666,0.11692310031099223,0.16445778818452725,8.657154276042473,-0.096599807550779,-0.12,0.11498722957970466,-0.5517478872729064,2.1551236266160716,-1.1972477254975018,-0.03691503619832459,0.03771745166445051,0.0018607001285166902,0.6577358838510015,0.4821163987295748,0.36871354895249864
124.29000000000002,1.0,29.0,29.0,1.0,0.08528363430098759,0.1278494533129752,8.604308334221844,-0.18511151293562889,-0.12,0.07828289076521794,-0.6293851636557306,2.0303022185494912,-1.3649803986488867,-0.10770930408692547,0.02083495777246025,0.0013922179566459025,0.8517568862266309,0.6376832161394943,0.40047848823956306
124.53,1.0,28.0,28.0,1.0,0.06487018638013418,0.11530109765699795,6.650686458230418,-0.2,-0.12,0.0653592882567862,-0.6491614817050426,1.9304434799845502,-1.4837300140612946,-0.03502787797228479,0.03432905936907393,0.001777961609334744,0.8933971865932941,0.5924925041780406,0.3601534268877846
124.75,0.0,19.0,6.0,0.3157894736842105,0.10502396286895443,0.12450857520591684,8.527846261963644,nan,nan,nan,nan,nan,nan,-0.03502787797228479,0.03432905936907393,0.001777961609334744,0.8933971865932941,0.5924925041780406,0.3601534268877846
124.99000000000001,1.0,21.0,16.0,0.7619047619047619,0.04580641425236073,0.0752277592777942,6.13206185287929,-0.2,-0.03540212300013947,0.04488028528468991,-0.6769997496644824,1.7471854276619692,-1.7055990787159225,-0.0033737201869806777,0.059264523078861764,0.0014716070070652787,0.9246624774300722,0.6165364242240722,0.28493270560840683
125.23000000000002,1.0,29.0,23.0,0.7931034482758621,0.028677191123914966,0.08320219657060056,8.637885078272342,-0.16985568962311196,-0.005252542544663811,0.027736602346448914,-0.6852624956165068,1.6615609457244593,-1.8691916372308979,0.036857922618025785,0.04565799459158937,0.0014197807848421728,0.897411036297856,0.6534628852615424,0.35650961260182823
125.49000000000001,1.0,73.0,57.0,0.7808219178082192,0.048721887905509256,0.15922185446139564,5.699381747266392,-0.2,0.12,0.05557089030160717,-0.7703607570081306,1.6003351797549783,-2.07743713441735,-0.005119967569295669,0.06571221238679348,0.0009719345785406119,0.8652940574068173,0.6949800812124454,0.41657717844743064
125.69,1.0,86.0,56.0,0.6511627906976745,0.05707488048162633,0.20427686498695607,9.576460081951367,-0.2,0.12,0.07312586766020476,-0.8217912940517811,1.5559823430953217,-2.244504330187562,0.026462908312583022,0.047038695291842014,0.0010576617427004995,0.6779164521162763,0.5785107344851697,0.3688312959131227
125.93,1.0,60.0,43.0,0.7166666666666667,0.08539164757643455,0.2267540086314581,9.103018359664857,-0.2,0.12,0.10602115035284966,-0.8904748208933835,1.5231426209726282,-2.4638799595071976,0.048222974999345136,0.05568500286109068,0.0009087612315110682,0.5062821712851661,0.5822981320627517,0.3632433787352109
126.15,1.0,78.0,63.0,0.8076923076923077,0.1698370586557393,0.30815237088887604,7.450444072079415,0.13878482269250653,-0.12,0.19081456342215758,-0.7996996176452573,1.2009969733460575,-2.6493780966741074,0.22723925660612032,-0.2441789072025804,0.0008024623202089742,0.2318703423835937,0.3958329107263275,0.3540909132667372
126.39000000000001,0.0,77.0,36.0,0.4675324675324675,0.2714009837594397,0.3467971878610659,7.830910387700402,nan,nan,nan,nan,nan,nan,0.22723925660612032,-0.2441789072025804,0.0008024623202089742,0.2318703423835937,0.3958329107263275,0.3540909132667372
126.63,1.0,47.0,28.0,0.5957446808510638,0.23352138894378185,0.3106016231403972,7.6538541187212585,0.2,-0.12,0.2364424828058074,-1.0475858945892202,1.0800857953961174,-2.8862917072096943,0.12261915480863794,-0.18431753419084584,-0.0005978769618324442,0.19530844964525693,0.49913704321376945,0.39853706978447867
126.83000000000001,1.0,33.0,20.0,0.6060606060606061,0.18439755316563833,0.20814205248554005,3.495288637650526,-0.2,-0.08961039239331885,0.18439540982343075,-1.2406535619031351,1.4446882159370191,-2.9173841450046907,-0.019646203410185636,0.31180685216662307,-0.001251683208338239,0.2054220555151145,0.49033041855522275,0.28037473586530415
127.07,1.0,25.0,20.0,0.8,0.18693397973263365,0.20350672732282,1.7362529213477267,-0.2,-0.07594216115135118,0.1866634258459201,-1.3619465015163466,1.4217747132056495,-2.895160206688885,0.009302774766287936,0.15596706586871179,0.0004281063070594726,0.20248887567996116,0.49424638602390125,0.28894705918608365
127.25,1.0,18.0,15.0,0.8333333333333334,0.24773428498475994,0.2661837106738366,1.5397412371285846,-0.2,0.0068014873799878695,0.2469886922075475,-1.4613385129007828,1.388888029922934,-2.8247392527704855,0.007104531826152005,0.07568009558236133,0.0009521632991629225,0.09699945166561821,0.24153469689236173,0.223389353641768
127.73000000000002,0.0,16.0,1.0,0.0625,0.33641980534666566,0.33641980534666566,9.240643275434811,nan,nan,nan,nan,nan,nan,0.007104531826152005,0.07568009558236133,0.0009521632991629225,0.09699945166561821,0.24153469689236173,0.223389353641768
127.95000000000002,0.0,20.0,0.0,0.0,nan,nan,nan,nan,nan,nan,nan,nan,nan,0.007104531826152005,0.07568009558236133,0.0009521632991629225,0.09699945166561821,0.24153469689236173,0.223389353641768
128.19,0.0,19.0,5.0,0.2631578947368421,0.12486630290394307,0.13842856751708937,10.916399848801506,nan,nan,nan,nan,nan,nan,0.007104531826152005,0.07568009558236133,0.0009521632991629225,0.09699945166561821,0.24153469689236173,0.223389353641768
128.39000000000001,0.0,21.0,6.0,0.2857142857142857,0.09472236716265943,0.12751779751157066,9.237689506048579,nan,nan,nan,nan,nan,nan,0.007104531826152005,0.07568009558236133,0.0009521632991629225,0.09699945166561821,0.24153469689236173,0.223389353641768
128.85,1.0,19.0,19.0,1.0,0.04286614985975725,0.08500926483230042,3.578813054607716,-0.2,0.05493260745460326,0.04165075456564145,-1.9902818979371302,0.5784896101242774,-1.6146366020400693,-0.12703613493120502,-0.12389594486817768,0.0009241269146698095,0.9617896919441367,0.9510382967175618,0.51586414236726
129.85,1.0,16.0,16.0,1.0,0.12088032854973933,0.1487750535050741,7.50333689997365,0.1571884869755715,-0.12,0.1209982492196022,-1.4537800100587792,0.2641059009539504,-0.7652584539826703,0.30216001451041286,0.0963013225447768,0.0025351480529631765,0.6731895484311978,0.4011250921792607,0.4567784832333307
129.93,1.0,42.0,42.0,1.0,0.07068406132859806,0.1332116499887162,2.7558927949403182,0.1171484946144388,-0.12,0.06855981203514672,-1.4550025509950173,0.22075534398639407,-0.6896148374666611,0.054009107901733744,0.002493346588910983,-0.006233722200460923,0.8144647436908783,0.740785410723385,0.4937549807370938
130.17000000000002,1.0,45.0,45.0,1.0,0.1121686974964522,0.17808321429130225,5.039852818752129,0.09782729287612119,-0.12,0.11486777843425931,-1.378735233683201,0.16831058913943356,-0.4674201160845981,-0.020688391845089305,-0.005091150938040051,-0.003767150254410656,0.4068323524550687,0.6389666378989114,0.4100144734026258
130.35,1.0,37.0,37.0,1.0,0.059211438932814296,0.12455347854800795,2.419863956355809,0.07083706151504382,-0.12,0.05414531909846256,-1.3141770336865908,0.12428666043095594,-0.32031898764487515,-0.033226484184270655,-0.01861012956753129,-0.0021343716531209145,0.7065353009261122,0.8658941767386085,0.3593190212919511
130.59,1.0,36.0,36.0,1.0,0.04342538163139333,0.09321541829984054,2.1244617193625146,0.07241584830768445,-0.12,0.030526701257073092,-1.1916432444374243,0.10820791097814865,-0.1840481738064108,-0.01745041019072069,0.0037720569201450532,-0.0011517814862572195,0.6590782829894477,0.9114000646919902,0.35922474007112737
130.83,1.0,28.0,28.0,1.0,0.027705152828645833,0.10225673651528586,1.3683816966769826,0.033372093104111177,-0.04146078470800843,0.009375179078962346,-1.0681487947559487,0.05934615536355389,-0.10921180393465857,-0.015771396828650364,-0.03686759336145566,-0.0007738438942355708,0.6100920423210048,0.9211206538374993,0.32913230904059637
131.05,1.0,24.0,24.0,1.0,0.03116015458393745,0.109563934240511,1.9244806978964286,0.05259215931474268,-0.039165193565172444,0.00780897865810711,-0.949778802616452,0.06686514220441989,-0.06704421077794143,-0.00494253888541929,0.016931609315536687,-0.0002476794618562206,0.5470687419915521,0.8974999048167068,0.29606602453745384
131.29000000000002,1.0,18.0,18.0,1.0,0.026124650174518857,0.09764749237746213,2.3121774041773118,0.042530470960936394,-0.017924505258710977,0.007721854638266993,-0.8189241298228239,0.0551808000603141,-0.03489982061055352,-0.004700665879628696,-0.00815131624814662,-0.0003109246694809262,0.4984285342167558,0.8788690563219395,0.25109016415106594
131.53,1.0,34.0,34.0,1.0,0.0192409527091049,0.055617173809383365,1.897570414198216,0.030205512176213273,0.008220163635433864,0.011049288676840591,-0.6894821682994542,0.04339062772677597,-0.01671997210394371,-0.0032176373771818367,-0.013241208739179548,-0.00015473663419209374,0.6657161918737867,0.9408751080727503,0.3930664751927309
131.75,1.0,19.0,19.0,1.0,0.016801714181495227,0.053863468482698705,2.0183922130141143,0.032243168697289146,0.014380150040663587,0.005640836181545915,-0.5644852912984566,0.0407031412500913,-0.00975682111040888,-0.001199354515413531,0.001274446884140877,3.149420278769286e-06,0.4826089071649388,0.881891635878428,0.2553856565970539
131.99,1.0,16.0,15.0,0.9375,0.01479795704960638,0.03989011233381809,2.970020195323196,0.014768416578894291,0.02630152282713978,0.00752827426017346,-0.4332315611912964,0.02593039516685366,-0.004374515040856508,-0.0008757602657720742,-0.01731895209003666,-8.069431462189199e-06,0.46409358230055753,0.8680991366718447,0.2283640189688924
132.19,1.0,26.0,26.0,1.0,0.018481720833198646,0.0349163978122892,4.436910378575405,0.012120333652584907,0.051229080494870266,0.008640058216579607,-0.32117865403204304,0.021767170306185944,-0.0031109196049219356,-0.00046096264472261783,-0.0049121642121245125,0.00016438370825492927,0.5999880518428025,0.9033042356003154,0.34718640671107626
132.43,1.0,36.0,36.0,1.0,0.015509857124070412,0.030209200759588068,2.1280346784500077,0.03949244528548876,0.03226878987127292,0.008070649938584156,-0.1916035543385631,0.04749474187702588,-0.002577910183344745,-0.00011484482285969988,0.026917425290538765,0.00015782342610720515,0.6303962515631993,0.941688717589866,0.3860015851873458
132.63,1.0,35.0,35.0,1.0,0.014647558678830658,0.035847621502761655,1.7683785020282552,0.047864443474706114,0.025824784109556333,0.007299806165495761,-0.07955340295678098,0.05657436816505737,-0.0029267858014043746,-2.7501598779178238e-05,0.009930880861862196,-9.255587054944007e-05,0.589275311254595,0.9145486524703819,0.3564061408128778
132.85,1.0,40.0,40.0,1.0,0.014488334846774554,0.03406560234816437,1.0572847804486327,0.07577418324053999,0.005667238361308045,0.00599651626835809,0.03949750439470132,0.08367438201678072,-0.003560452677058735,0.00010926480798047894,0.02874140896768969,-0.00014246205421071002,0.5990937976492433,0.93069395715313,0.3511323543864207
133.09,1.0,42.0,42.0,1.0,0.013250635782876644,0.03683183816041515,0.9472012017619849,0.07592225512096619,0.004763177466058043,0.004982185066058259,0.16956340641801732,0.0857718064720061,-0.004525160530600925,8.609750471752498e-05,0.002102466906665365,-0.0002881604736720521,0.6203114009876041,0.9346929878544833,0.3559390712532049
133.29000000000002,1.0,44.0,44.0,1.0,0.016134892759297224,0.034244870259007326,0.7753060093770383,0.07712845712708077,0.0037661562237110875,0.0050024264506121525,0.2799168012298628,0.08760022850408601,-0.0052065919536952165,8.805757329966024e-05,0.001321711234081216,-0.00020016824212216924,0.5961787386435766,0.9174954864656572,0.3437601954252326
133.53,1.0,45.0,45.0,1.0,0.014537088287272883,0.035878470741352836,0.7131911496864193,0.07585504726175123,0.005551543503327496,0.004938817681712769,0.4105724925580589,0.08659089906924525,-0.005859071612062561,7.634493695207745e-05,-0.0011827141165453026,-0.0001412779169276063,0.6298158505190169,0.9448118221273071,0.35291809086798814
133.75,1.0,46.0,46.0,1.0,0.014206665632533335,0.03477678263370074,0.90896577323918,0.07557510663781959,0.005244990838105469,0.004956019584699235,0.5316838934815701,0.08748051490238182,-0.006411858620704702,7.058193443820748e-05,-0.0003555792713416245,-8.46229276273364e-05,0.605514209046316,0.9328606242487179,0.34966988669368576
133.99,1.0,47.0,44.0,0.9361702127659575,0.015192417883033304,0.03827645500189323,0.8152353910760968,0.07465945370887005,0.005017955388296334,0.004968319059338805,0.6639611255148347,0.0881535460630249,-0.007039388598513162,6.961932562477013e-05,-0.0009467472771016033,-5.265433498479778e-05,0.6202633812656094,0.9363080639911394,0.35533175787480026
134.23000000000002,1.0,35.0,30.0,0.8571428571428571,0.014533042096996063,0.03381183767337262,0.868694734829662,0.07457038874855716,0.006309686080121293,0.004946122453600479,0.7926234334080401,0.08667556212664747,-0.007088071448322797,3.1446753933406235e-05,-0.0001529419995819764,-2.7368442701789994e-05,0.617041247028027,0.9426235103411384,0.34303976506279193
134.45000000000002,1.0,37.0,25.0,0.6756756756756757,0.015219165060653152,0.034147543522610055,1.0894153166781173,0.07217857573573408,0.005871340745477114,0.0049259835626890925,0.9123215011456027,0.08761125418580255,-0.007566837519012992,3.0052947049941103e-05,-0.0024028490641846006,-1.7103846430388536e-05,0.5497190507238526,0.9172314088214756,0.30080107997226385
134.69,1.0,44.0,18.0,0.4090909090909091,0.013927195396485478,0.022966294431350145,1.1520471910767716,0.07653863603746734,0.0019965865276663297,0.00483798178196081,1.0439356019904877,0.09121438123407136,-0.007681865455640316,6.19274887569965e-05,0.004161575681719737,4.797317831344537e-06,0.49439793137789156,0.8956990056895326,0.2480621110641596
134.93,1.0,66.0,43.0,0.6515151515151515,0.23728451551971388,0.34638162665521016,8.044311218240276,-0.19824897647513762,0.12,0.24132215901833123,1.1611089269350217,-0.18288992917583843,-0.00779868881336343,-0.0021154723933431985,-0.27434904882477695,-2.9979667440646444e-05,0.07850729708397045,0.44029650349565735,0.3912914365637893
135.17000000000002,0.0,59.0,39.0,0.6610169491525424,0.26090407297669943,0.347106587041336,8.285589654093686,nan,nan,nan,nan,nan,nan,-0.0021154723933431985,-0.27434904882477695,-2.9979667440646444e-05,0.07850729708397045,0.44029650349565735,0.3912914365637893
135.39000000000001,0.0,42.0,0.0,0.0,nan,nan,nan,nan,nan,nan,nan,nan,nan,-0.0021154723933431985,-0.27434904882477695,-2.9979667440646444e-05,0.07850729708397045,0.44029650349565735,0.3912914365637893
135.63,0.0,48.0,30.0,0.625,0.28385214377821116,0.3446221441876222,8.921718607619828,nan,nan,nan,nan,nan,nan,-0.0021154723933431985,-0.27434904882477695,-2.9979667440646444e-05,0.07850729708397045,0.44029650349565735,0.3912914365637893
135.83,0.0,30.0,7.0,0.23333333333333334,0.33482494044303834,0.34996003162097633,3.999193602172393,nan,nan,nan,nan,nan,nan,-0.0021154723933431985,-0.27434904882477695,-2.9979667440646444e-05,0.07850729708397045,0.44029650349565735,0.3912914365637893
136.05,0.0,19.0,2.0,0.10526315789473684,0.29900788219618035,0.3057350906541956,16.43798217297696,nan,nan,nan,nan,nan,nan,-0.0021154723933431985,-0.27434904882477695,-2.9979667440646444e-05,0.07850729708397045,0.44029650349565735,0.3912914365637893
136.29000000000002,0.0,14.0,5.0,0.35714285714285715,0.3106719817278998,0.34964456500204877,7.264659873841446,nan,nan,nan,nan,nan,nan,-0.0021154723933431985,-0.27434904882477695,-2.9979667440646444e-05,0.07850729708397045,0.44029650349565735,0.3912914365637893
136.53,0.0,22.0,21.0,0.9545454545454546,0.28617449263093214,0.33118970211558924,11.537144198663292,nan,nan,nan,nan,nan,nan,-0.0021154723933431985,-0.27434904882477695,-2.9979667440646444e-05,0.07850729708397045,0.44029650349565735,0.3912914365637893
136.73000000000002,0.0,15.0,12.0,0.8,0.30127432524719544,0.341021405336587,7.334287301460155,nan,nan,nan,nan,nan,nan,-0.0021154723933431985,-0.27434904882477695,-2.9979667440646444e-05,0.07850729708397045,0.44029650349565735,0.3912914365637893
137.39000000000001,1.0,50.0,47.0,0.94,0.15384097557367363,0.23551890374045947,4.780564048301449,0.2,-0.12,0.1582607446828858,2.1539772812659663,0.4271932165874651,0.8070341229710727,-0.14428532694676743,0.18386446403323367,0.0007398493637235105,0.6808423446761238,0.928648911075022,0.7062295158381499
137.63,1.0,39.0,37.0,0.9487179487179487,0.07713017352977287,0.17378712286555673,6.617366839799207,0.2,-0.12,0.08616877686398322,2.180397763450743,0.4974130652374742,1.0294515107391824,-0.06562586940556203,-0.027861623971695115,-0.0026890744348544438,0.8394513510269846,0.8037250769584601,0.4754234126961728
137.85,1.0,38.0,38.0,1.0,0.0779580460521117,0.1383782469798155,5.878074785280074,0.2,-0.12,0.08089060665103337,2.190897541217392,0.566744865004826,1.2208858411323484,-0.028549318237788057,-0.044021896142009465,-0.0018281261676427187,0.8061294646193692,0.5881128292641908,0.39757222747122867
138.09,1.0,39.0,39.0,1.0,0.11118991754411944,0.14645103750929353,3.739653442512121,0.2,-0.08796274720114523,0.11018409520692596,2.195661623138362,0.6600584690497482,1.3717634632737736,-0.017904140586522566,-0.04998269416283041,-0.0012766991731758548,0.7275668080751473,0.35964992836949117,0.3746355745125754
138.33,1.0,26.0,26.0,1.0,0.05697753823438764,0.0811915552926158,2.753851984911235,0.2,-0.019803192597483102,0.05414107739492713,2.197386171889191,0.763216278952617,1.4689473317158512,-0.012010274210466854,-0.0527697859678532,-0.0009370287430141566,0.9220740033122026,0.6624856362973295,0.3188535288083314
138.53,1.0,36.0,35.0,0.9722222222222222,0.0968180065390812,0.1174255866618079,1.8333259397080737,0.2,0.05344231845202946,0.09322064364562099,2.1957533590929947,0.8507560377004345,1.5209248489826424,-0.003317866479577436,-0.028556063530294384,-0.000839549566134634,0.7526231404117641,0.3474832050420518,0.3591405759304281
138.79000000000002,1.0,40.0,40.0,1.0,0.09038292691034774,0.11522400654760094,1.8971907021935162,0.2,0.057905415283281116,0.08743734119865455,2.194750050042859,0.9737769554432908,1.5604766643415653,-0.0016283982476656966,-0.02661467156967945,-0.0005915617188247957,0.8676610098916683,0.4347128931503726,0.366130335610568
138.99,1.0,35.0,33.0,0.9428571428571428,0.08718773642253491,0.1100204909141447,1.2055725261052108,0.2,0.08376557311653164,0.08442266216607566,2.1922330581590037,1.0701565163727935,1.569340307631154,-0.00035272912782868815,-0.01682710142455357,-0.00040521198042009493,0.8070351311819663,0.4339290315824793,0.3481678112979823
139.19,0.0,40.0,7.0,0.175,0.3293010788850478,0.34947207946580966,15.609918959535632,nan,nan,nan,nan,nan,nan,-0.00035272912782868815,-0.01682710142455357,-0.00040521198042009493,0.8070351311819663,0.4339290315824793,0.3481678112979823
139.39000000000001,0.0,38.0,1.0,0.02631578947368421,0.34937730983833903,0.34937730983833903,7.207170019346662,nan,nan,nan,nan,nan,nan,-0.00035272912782868815,-0.01682710142455357,-0.00040521198042009493,0.8070351311819663,0.4339290315824793,0.3481678112979823
139.59,0.0,31.0,0.0,0.0,nan,nan,nan,nan,nan,nan,nan,nan,nan,-0.00035272912782868815,-0.01682710142455357,-0.00040521198042009493,0.8070351311819663,0.4339290315824793,0.3481678112979823
139.83,0.0,35.0,0.0,0.0,nan,nan,nan,nan,nan,nan,nan,nan,nan,-0.00035272912782868815,-0.01682710142455357,-0.00040521198042009493,0.8070351311819663,0.4339290315824793,0.3481678112979823
140.05,0.0,42.0,7.0,0.16666666666666666,0.30074629901995653,0.3479627452155427,10.160529944566372,nan,nan,nan,nan,nan,nan,-0.00035272912782868815,-0.01682710142455357,-0.00040521198042009493,0.8070351311819663,0.4339290315824793,0.3481678112979823
140.25,1.0,43.0,41.0,0.9534883720930233,0.0864786344305598,0.16259703231212314,6.410737564587835,0.2,0.12,0.08898515086468645,2.3597835856252454,1.773565297579613,1.1690457028679615,0.01600845387495875,0.06834652252517293,-0.0002789470917154979,0.9386621947018069,0.7166028469863946,0.5825837403114335
140.49,1.0,48.0,44.0,0.9166666666666666,0.10147088579879658,0.17269017807399414,5.67070477778445,0.2,0.12,0.10196171304152993,2.410150182192097,1.8891205434415135,1.1414935773877257,0.007158046078860281,0.025315055618149174,-0.0003137505187489343,0.7390749704383034,0.499445997975581,0.43932297660294295
140.73000000000002,1.0,60.0,51.0,0.85,0.09852340932784469,0.15799049329181322,6.79954465821323,0.2,0.12,0.09907499484644669,2.46054300066114,2.0046069487032394,1.1259105200490067,0.006532893357962699,0.01642668264369096,-0.00020553677204881993,0.7575931513394275,0.5018458630139689,0.3905433786109816
140.95000000000002,1.0,49.0,30.0,0.6122448979591837,0.17496504343897148,0.2156190662983226,9.535852713041372,-0.0838673027903135,0.12,0.17391734537254566,2.7606931485837296,1.9809827200847108,1.1181952957904313,0.26010448520933593,-0.11355231417389589,-0.00012222497164926516,0.47920821120643164,0.24012738923595886,0.350451518861194
141.19,1.0,38.0,27.0,0.7105263157894737,0.13634292184324626,0.1843554175247528,11.529397607825164,-0.025879706367411527,0.12,0.13644983285618723,2.759214372814053,2.116574044831536,1.1143336868982345,0.0659997140255979,-0.02166207102060813,0.0009698445042434222,0.6165426709066362,0.3496121447082349,0.3268437638519901
141.39000000000001,1.0,43.0,35.0,0.813953488372093,0.12878697251515317,0.17334426112944906,7.867123823922409,-0.017266264211075386,0.12,0.12826175655033403,2.792338885750212,2.2114620730511305,1.124511695987528,0.013851266039022203,0.0012463745023807427,0.0009774624780656271,0.6412795929902668,0.40050280792197274,0.357069023765257
141.63,1.0,53.0,45.0,0.8490566037735849,0.07411350944418992,0.13306713123054326,8.014220969168369,0.06627233079304129,0.12,0.07803088181637541,2.757953943807238,2.356985100835137,1.1822834783320835,-0.07181877129021474,0.035433050880004924,0.0006883823101011544,0.84654968458962,0.6215332614004148,0.3584514177396683
141.85,1.0,36.0,33.0,0.9166666666666666,0.04088584857014397,0.10046309195615517,8.8959520159564,0.10065524173041164,0.12,0.04237788707166106,2.7428828961828198,2.465789729820636,1.2851208760170838,-0.04215477735276618,0.008337313390859968,5.584182638940227e-05,0.9168749401367037,0.7188966121344204,0.3520298702263239
142.09,1.0,39.0,39.0,1.0,0.04570100312327734,0.09593506147176907,5.936006374528671,0.2,0.03584061367684806,0.045529323138690965,2.6489325744214707,2.5849181133749077,1.4415678083165535,-0.10467284687841083,-0.0030843411165801804,-0.00022145837089082576,0.9295909041563761,0.6434750078424796,0.3563338496269029
142.29000000000002,1.0,46.0,42.0,0.9130434782608695,0.06778817360566942,0.12353307071665513,3.9776773012311364,0.2,0.04242568129541359,0.07163223567735194,2.633908936820719,2.655519199237867,1.587739359106445,-0.009054557119125839,-0.0347186274612028,-0.0008670580650269598,0.8456737121969782,0.42401521978636864,0.34397211052335286
142.53,1.0,45.0,38.0,0.8444444444444444,0.09098738040527138,0.14635309006309255,4.576956804861391,0.17769738490851433,0.12,0.09317102105348865,2.6248173461752944,2.733762702913677,1.7851042624915685,0.02505981671897972,-0.0543657808060809,-0.0007459124666924222,0.8203109247780135,0.3866672397828869,0.3530451154046305
142.73000000000002,0.0,45.0,7.0,0.15555555555555556,0.3331921954316484,0.3441573272957381,5.00741905400844,nan,nan,nan,nan,nan,nan,0.02505981671897972,-0.0543657808060809,-0.0007459124666924222,0.8203109247780135,0.3866672397828869,0.3530451154046305
142.95000000000002,1.0,45.0,43.0,0.9555555555555556,0.1763239727551586,0.19410012250883568,1.1228663699478816,0.2,0.07414328748383929,0.1736845872311493,2.511044435964426,2.865473806143282,2.0336145045748815,0.004122013370227773,-0.08702451585990234,-0.000555952398570092,0.6081984498642549,0.28040881156094716,0.41374994247907304
143.15,0.0,37.0,2.0,0.05405405405405406,0.334621109975069,0.3406389728320667,11.642131616483175,nan,nan,nan,nan,nan,nan,0.004122013370227773,-0.08702451585990234,-0.000555952398570092,0.6081984498642549,0.28040881156094716,0.41374994247907304
143.35,0.0,45.0,3.0,0.06666666666666667,0.3325836908968723,0.33774424918306645,3.1325565053796582,nan,nan,nan,nan,nan,nan,0.004122013370227773,-0.08702451585990234,-0.000555952398570092,0.6081984498642549,0.28040881156094716,0.41374994247907304
143.59,0.0,43.0,1.0,0.023255813953488372,0.34546985153624415,0.34546985153624415,5.16651010783416,nan,nan,nan,nan,nan,nan,0.004122013370227773,-0.08702451585990234,-0.000555952398570092,0.6081984498642549,0.28040881156094716,0.41374994247907304
143.85,0.0,42.0,0.0,0.0,nan,nan,nan,nan,nan,nan,nan,nan,nan,0.004122013370227773,-0.08702451585990234,-0.000555952398570092,0.6081984498642549,0.28040881156094716,0.41374994247907304
144.09,0.0,32.0,3.0,0.09375,0.07973159581543704,0.08937622174895324,19.820396855983248,nan,nan,nan,nan,nan,nan,0.004122013370227773,-0.08702451585990234,-0.000555952398570092,0.6081984498642549,0.28040881156094716,0.41374994247907304
144.33,0.0,34.0,0.0,0.0,nan,nan,nan,nan,nan,nan,nan,nan,nan,0.004122013370227773,-0.08702451585990234,-0.000555952398570092,0.6081984498642549,0.28040881156094716,0.41374994247907304
144.55,0.0,30.0,0.0,0.0,nan,nan,nan,nan,nan,nan,nan,nan,nan,0.004122013370227773,-0.08702451585990234,-0.000555952398570092,0.6081984498642549,0.28040881156094716,0.41374994247907304
144.75,0.0,34.0,1.0,0.029411764705882353,0.3371926319176055,0.3371926319176055,20.305246929119615,nan,nan,nan,nan,nan,nan,0.004122013370227773,-0.08702451585990234,-0.000555952398570092,0.6081984498642549,0.28040881156094716,0.41374994247907304
144.99,0.0,40.0,1.0,0.025,0.34162452406911387,0.34162452406911387,4.987050920058114,nan,nan,nan,nan,nan,nan,0.004122013370227773,-0.08702451585990234,-0.000555952398570092,0.6081984498642549,0.28040881156094716,0.41374994247907304
145.19,0.0,33.0,2.0,0.06060606060606061,0.33897449846464833,0.3492943804603107,4.969114938369841,nan,nan,nan,nan,nan,nan,0.004122013370227773,-0.08702451585990234,-0.000555952398570092,0.6081984498642549,0.28040881156094716,0.41374994247907304
145.39000000000001,0.0,47.0,6.0,0.1276595744680851,0.33380133800669903,0.34393873002570907,3.5032656203625963,nan,nan,nan,nan,nan,nan,0.004122013370227773,-0.08702451585990234,-0.000555952398570092,0.6081984498642549,0.28040881156094716,0.41374994247907304
145.63,0.0,46.0,1.0,0.021739130434782608,0.3333770409205257,0.3333770409205257,2.0081713673787642,nan,nan,nan,nan,nan,nan,0.004122013370227773,-0.08702451585990234,-0.000555952398570092,0.6081984498642549,0.28040881156094716,0.41374994247907304
145.83,0.0,43.0,0.0,0.0,nan,nan,nan,nan,nan,nan,nan,nan,nan,0.004122013370227773,-0.08702451585990234,-0.000555952398570092,0.6081984498642549,0.28040881156094716,0.41374994247907304
145.99,1.0,45.0,45.0,1.0,0.19903792088392214,0.2201149773968137,2.673087376075832,0.2,0.03260110104686944,0.19761377758671372,2.745505542870131,4.501138719990152,1.0924956732671045,0.018464707144085324,0.11788325694723234,-0.0006296895491355592,0.9057148422496314,0.678882918138817,0.7414939725219668
146.19,1.0,45.0,43.0,0.9555555555555556,0.1497848954093825,0.18091929461899742,2.3706255221234485,0.2,0.024532858440893136,0.14736710894256957,2.785535091643159,4.588238164346073,1.0963323371423286,0.006508977249573444,0.03796133948452063,-0.0006871572733579966,0.7047387281661696,0.5924233224769644,0.4759428741848923
146.39000000000001,1.0,45.0,45.0,1.0,0.15060176469907785,0.16822455732324734,1.857895606336082,0.2,0.020461357354650298,0.14837221753176935,2.8201530235372245,4.6760046148271375,1.1273270156831137,0.0012585471382555724,0.01025664065044829,-0.0004544652793685433,0.6134336962717886,0.4451604246659404,0.3916443415698335
146.89000000000001,0.0,45.0,45.0,1.0,0.15060176469907785,0.16822455732324734,1.857895606336082,nan,nan,nan,nan,nan,nan,0.0012585471382555724,0.01025664065044829,-0.0004544652793685433,0.6134336962717886,0.4451604246659404,0.3916443415698335
146.93,1.0,44.0,44.0,1.0,0.15588789155416047,0.1735214784924018,1.848880294259386,0.2,-0.07841754265625071,0.1539583670877181,2.8560439174249117,4.887492797192193,1.3928138986480025,-0.01459441824397123,-0.04460092806570337,-0.00029137530447087556,0.6137635709730112,0.40980717523197957,0.4573534422071061
147.03,1.0,37.0,37.0,1.0,0.1301298059101908,0.1491599944885653,1.872252030443144,0.2,-0.011831307963791914,0.12778522343265056,2.8520477846731427,4.926025339204332,1.4602060101908199,-0.01129902784764969,-0.040877653423219584,-0.00027544884102082,0.5435389645608975,0.3944429978099431,0.35099314573364254
147.23000000000002,1.0,34.0,34.0,1.0,0.1178524770047001,0.1389960568873558,1.5891462207950267,0.2,-0.0035150601810542263,0.1161352520092283,2.835970853224656,5.000072660741061,1.588118477786911,-0.00805077034488022,-0.05076379483767646,-0.00028593674230714683,0.5870745143105471,0.38626124802027106,0.34148364421444094
147.43,1.0,30.0,30.0,1.0,0.10648818993962288,0.12879264037277952,1.7756341978335937,0.2,0.009812139469914096,0.10460154339680824,2.8109872426771694,5.083851722219031,1.7000362917059508,-0.002539553956302232,-0.05359956019839007,-0.0003620530729036009,0.6084838784728971,0.38588031389911515,0.32300043223877106
147.63,1.0,30.0,30.0,1.0,0.08930912192534961,0.11004292637210458,1.9179321383292862,0.2,0.02885539955208654,0.08742719779691305,2.780134955720877,5.170342557180316,1.7787688296977882,0.0022544209060981757,-0.048395243593090775,-0.0004671588786699931,0.6768539420893307,0.45236661945268614,0.32424938400319975
147.83,1.0,30.0,30.0,1.0,0.09002767811142288,0.11492794813401754,2.9597803334164854,0.2,0.03637124258888395,0.08738281997671891,2.744117457119332,5.2688883574734025,1.8303096266641405,0.0048485914361515725,-0.03658897989149068,-0.0005551057756760791,0.6516676773214545,0.42489441524765903,0.32479554922528475
148.03,1.0,28.0,28.0,1.0,0.08431643902709421,0.11014519461378675,2.168260534435112,0.2,0.051071014273724055,0.0815911179458518,2.708295674444033,5.365071254816845,1.8659100399857298,0.005686240990180114,-0.02813819126951156,-0.0005374548475123309,0.6603143772894763,0.43517883543044766,0.31010510202438274
148.23000000000002,1.0,31.0,31.0,1.0,0.055211767611105536,0.1250330505614483,6.680696842586772,0.2,0.09951414834933107,0.05614976921364017,2.66765857588656,5.462911831993374,1.8895704424796733,0.005325196928119613,-0.02077496717574867,-0.00047405025005908824,0.8116336804433177,0.6354793901588855,0.3355788921018704
148.43,1.0,39.0,37.0,0.9487179487179487,0.04278938890861006,0.11481114880659447,5.34701190686528,0.2,0.12,0.044334148524650986,2.627249871749316,5.557564810136731,1.9046055726712883,0.0032809274060836557,-0.010732894065450083,-0.00041438067322818734,0.8217227114825774,0.6423675019816838,0.3393181069941055
148.59,1.0,31.0,25.0,0.8064516129032258,0.07944439905562152,0.18093939978757403,7.053614422926034,0.191644254463797,0.12,0.08451266947643486,2.6019680077674154,5.6392664855522145,1.9133160514577714,0.00979590180016121,-0.002891609984491339,-0.0003214978481598241,0.507855287371934,0.28913507570577524,0.2700172797851974
148.79000000000002,1.0,32.0,30.0,0.9375,0.19354094713894984,0.27693803979077386,6.768600980044571,0.08608330380675076,0.12,0.19473007318754731,2.6575835693174574,5.776422026748689,1.922504064439232,0.10478533075532681,0.0318012468909048,-0.00015352986957783976,0.2612294727892049,0.12003311001394941,0.32498975015162457
149.05,1.0,34.0,32.0,0.9411764705882353,0.14787997305296358,0.21436833262011082,6.725771709146155,0.13294470432971123,0.12,0.14875124833759268,2.564983241241039,5.879508198587141,1.9304086297008833,0.03183673415234978,0.004614688246148191,0.0004890714228924509,0.5002402449009979,0.2677686491331869,0.36078232836880453
149.19,0.0,36.0,3.0,0.08333333333333333,0.3204618763388891,0.334298457709824,12.081623866926357,nan,nan,nan,nan,nan,nan,0.03183673415234978,0.004614688246148191,0.0004890714228924509,0.5002402449009979,0.2677686491331869,0.36078232836880453
149.39000000000001,0.0,41.0,0.0,0.0,nan,nan,nan,nan,nan,nan,nan,nan,nan,0.03183673415234978,0.004614688246148191,0.0004890714228924509,0.5002402449009979,0.2677686491331869,0.36078232836880453
149.73000000000002,1.0,41.0,38.0,0.926829268292683,0.11785810878684304,0.144888144234505,2.5624160165198333,0.2,0.10472850378984175,0.11488779126245996,2.3671163107678526,6.169419902708073,1.9299585730828808,-0.04751620329617667,-0.02336461492647679,0.0005840115673809709,0.7482569777175524,0.5164092255747886,0.4808548924897742
149.79000000000002,0.0,44.0,0.0,0.0,nan,nan,nan,nan,nan,nan,nan,nan,nan,-0.04751620329617667,-0.02336461492647679,0.0005840115673809709,0.7482569777175524,0.5164092255747886,0.4808548924897742
149.99,0.0,47.0,0.0,0.0,nan,nan,nan,nan,nan,nan,nan,nan,nan,-0.04751620329617667,-0.02336461492647679,0.0005840115673809709,0.7482569777175524,0.5164092255747886,0.4808548924897742
150.19,0.0,37.0,0.0,0.0,nan,nan,nan,nan,nan,nan,nan,nan,nan,-0.04751620329617667,-0.02336461492647679,0.0005840115673809709,0.7482569777175524,0.5164092255747886,0.4808548924897742
150.39000000000001,0.0,41.0,0.0,0.0,nan,nan,nan,nan,nan,nan,nan,nan,nan,-0.04751620329617667,-0.02336461492647679,0.0005840115673809709,0.7482569777175524,0.5164092255747886,0.4808548924897742
150.45000000000002,0.0,41.0,0.0,0.0,nan,nan,nan,nan,nan,nan,nan,nan,nan,-0.04751620329617667,-0.02336461492647679,0.0005840115673809709,0.7482569777175524,0.5164092255747886,0.4808548924897742
150.95000000000002,0.0,41.0,0.0,0.0,nan,nan,nan,nan,nan,nan,nan,nan,nan,-0.04751620329617667,-0.02336461492647679,0.0005840115673809709,0.7482569777175524,0.5164092255747886,0.4808548924897742
150.99,0.0,39.0,0.0,0.0,nan,nan,nan,nan,nan,nan,nan,nan,nan,-0.04751620329617667,-0.02336461492647679,0.0005840115673809709,0.7482569777175524,0.5164092255747886,0.4808548924897742
151.19,0.0,35.0,0.0,0.0,nan,nan,nan,nan,nan,nan,nan,nan,nan,-0.04751620329617667,-0.02336461492647679,0.0005840115673809709,0.7482569777175524,0.5164092255747886,0.4808548924897742
151.29000000000002,0.0,35.0,0.0,0.0,nan,nan,nan,nan,nan,nan,nan,nan,nan,-0.04751620329617667,-0.02336461492647679,0.0005840115673809709,0.7482569777175524,0.5164092255747886,0.4808548924897742
151.53,0.0,35.0,0.0,0.0,nan,nan,nan,nan,nan,nan,nan,nan,nan,-0.04751620329617667,-0.02336461492647679,0.0005840115673809709,0.7482569777175524,0.5164092255747886,0.4808548924897742
151.73000000000002,1.0,40.0,35.0,0.875,0.09278376048223991,0.17574256808825692,8.196130243502978,0.2,0.12,0.09535880500488127,2.344286421334604,7.299934714870102,1.2206193434076766,-0.009698588147028175,0.13243518250142117,-0.0005153113891203098,0.9338800586636776,0.795013375309616,0.6740430758838871
151.99,1.0,44.0,41.0,0.9318181818181818,0.09421520433753044,0.18251927993517175,8.452542432600715,0.2,0.12,0.09772411982236165,2.389819526587204,7.42595815457996,1.1752985108054734,0.0030009691387542503,0.035531888750940155,-0.0009831065768761693,0.8198976687566462,0.565778482671821,0.4713276116198175
152.19,1.0,54.0,46.0,0.8518518518518519,0.08694554830158469,0.1569201748568856,10.877960785945685,0.2,0.12,0.09345313775991312,2.432911777138651,7.53055667065473,1.162594233917659,0.005954388314639569,0.018115428966937408,-0.0005238643373417506,0.7546037849078089,0.5034765272307178,0.38989497128752865
152.35,1.0,62.0,60.0,0.967741935483871,0.08686494119331568,0.14458969175167344,6.437442851659135,0.2,0.12,0.08904360928005509,2.462677433552918,7.60791726831095,1.1541972506012472,0.004536945447293217,0.011308464574991461,-0.00031169515297935213,0.6927192397453145,0.4655653234982026,0.3439180397371688
152.55,1.0,62.0,62.0,1.0,0.08839196802374788,0.1583299021050705,5.837387018451143,0.2,0.12,0.09199305699655318,2.500817966244805,7.702428948681714,1.1496682812666261,0.0031729363349035644,0.0074237602898854504,-0.00019418311456886883,0.7114443681955616,0.45068612662626817,0.3385813140405821
152.79000000000002,1.0,49.0,49.0,1.0,0.09266510533981172,0.14743409803606852,4.138219030505633,0.2,0.12,0.09490398464146517,2.5462132205639016,7.815249664646707,1.1477564526034445,0.0021621675333021173,0.004882225279160934,-0.00012128393449728492,0.7580324604427148,0.46745471100558383,0.3507621046996168
152.99,1.0,43.0,43.0,1.0,0.09855515704735421,0.17690836507620875,5.381976496400123,0.2,0.12,0.10078183086062198,2.583516171904769,7.9113049192563185,1.1466338506866602,0.001420949705333907,0.0031560325564763403,-7.339402112949146e-05,0.7090300122453159,0.43019000700263504,0.34159902651313045
153.19,1.0,37.0,32.0,0.8648648648648649,0.09248782556744073,0.17369125435275934,5.618068423392471,0.2,0.12,0.09579453280684211,2.617507275062694,8.00324765957956,1.1596170288570828,-0.00013774542017364055,-0.00035214954329987336,-4.465250544849475e-05,0.7319182304784727,0.4533035371043097,0.33760680396039755
153.39000000000001,1.0,23.0,21.0,0.9130434782608695,0.07336221475859357,0.1187489607941073,3.3696146817983985,0.2,0.042080944030490564,0.0741506787483514,2.6454368355151767,8.089039718933526,1.2062518424260424,-0.0036149809822365597,-0.008847665671353866,-2.995830642249508e-05,0.7567866199196928,0.45899232113390426,0.24917319986133915
153.59,1.0,15.0,15.0,1.0,0.13532757232023243,0.14946165865871314,1.4074534738465383,0.2,-0.008222822370751353,0.13388908917282777,2.65993044299232,8.173741018297184,1.28800088350853,-0.007295681875480131,-0.020782875366164077,-3.562948579460823e-05,0.4496788910677835,0.15756473261598924,0.20433522017765884
153.83,1.0,18.0,16.0,0.8888888888888888,0.07454988165354935,0.08711227826724989,2.30792328406108,0.2,0.012901286209161028,0.07313463615793768,2.6641010571554924,8.268114007216695,1.4265659422513008,-0.011940427490390704,-0.045295103362015254,-4.8509684052566726e-05,0.8405802421422295,0.4387955050333537,0.24166818645185906
154.05,1.0,34.0,34.0,1.0,0.07727864596336789,0.09866279595653017,2.7295744682411525,0.2,-0.039054578136576805,0.07345957584605498,2.6448959129751946,8.344965152675307,1.5792571659716916,-0.007511567635146932,-0.05679279948039806,-0.00016806503672417428,0.8908796708690014,0.5637786369969374,0.40042985812843607
154.29000000000002,1.0,39.0,39.0,1.0,0.05037929318466351,0.06991289963449762,1.987314482905349,0.2,-0.08415680417228928,0.04732891060016789,2.6137540526650995,8.41593984931016,1.7802894841539336,0.0031730525151290045,-0.06471647938265512,-0.00039154709276467686,0.9348505216570605,0.7063875514973529,0.375740057210581
154.49,1.0,35.0,35.0,1.0,0.023271184239076634,0.042794630055632686,1.533261205650101,0.2,-0.0796104644569186,0.01867296118960059,2.574982809797189,8.467074245765561,1.9515022289964985,0.013028574598068055,-0.05183206107740723,-0.00063692889435063,0.881758883170048,0.6513485525169628,0.3521905894045208
154.73000000000002,1.0,48.0,40.0,0.8333333333333334,0.057451375795624336,0.10365645560420289,6.33469914628887,0.2,-0.10395456125387247,0.05737483069330155,2.5157082416226206,8.53051360347186,2.1310392872275585,0.02320300235275541,-0.051318331483898305,-0.0007760956883178237,0.8316979526170268,0.6680069364768906,0.3564313378947148
154.93,1.0,42.0,34.0,0.8095238095238095,0.03465881461640492,0.12639532852636215,6.945686438904563,0.2,-0.07231795657361798,0.03881463940071469,2.4479890617395363,8.594899869377993,2.2348404506269244,0.024109043501429728,-0.037673191628073255,-0.0008015280584352525,0.8108218492156407,0.732733360820863,0.3439438240666112
155.15,1.0,38.0,29.0,0.7631578947368421,0.0964633070731457,0.1588786122128928,11.651284797324482,0.2,-0.12,0.10133360633662142,2.37145869525256,8.6662365196328,2.3150786669673504,0.020444236405551486,-0.02570451982123423,-0.0007998132610937958,0.5282682066063698,0.4812782888155948,0.3239737670622026
155.35,1.0,38.0,25.0,0.6578947368421053,0.07824061235763444,0.14818784479903968,11.180919266268935,0.2,-0.12,0.08578814565986023,2.2982107782533805,8.726274164839761,2.3665475910161824,0.02329723866999256,-0.025809181336260423,-0.0006058989887249844,0.5561933270119688,0.5508040841338921,0.2910187525503816
155.59,1.0,44.0,34.0,0.7727272727272727,0.08387465781137346,0.13954839667882865,12.651719602143222,0.2,-0.12,0.09007701809390066,2.2109466242751012,8.794401575912623,2.405893453416538,0.02151594941686108,-0.02182846108691905,-0.0005180701759561757,0.6105101882676827,0.6449737743214978,0.36470310843379566
155.75,1.0,43.0,31.0,0.7209302325581395,0.06732037371788215,0.14252683945468841,11.254285930994676,0.2,-0.12,0.07443714155262915,2.149755144847798,8.84364117255007,2.4184261831724427,0.014821148535518525,-0.013885771990407747,-0.0004010880688434249,0.6101649067100653,0.6467113679197437,0.32588183402123905
155.97,1.0,40.0,31.0,0.775,0.0714794161218149,0.13245928396559908,11.558991391412743,0.2,-0.12,0.07544521901850194,2.0651832802082795,8.907890386596067,2.4290279520450486,0.00960531244804752,-0.008635766159747149,-0.0003095643749251309,0.6231423818682571,0.6773624180865468,0.33550647075697365
156.19,1.0,54.0,33.0,0.6111111111111112,0.019829070977559198,0.04792657213792859,3.179528500673833,-0.19697762215511133,0.003939810269823946,0.013180272811933149,2.236689504820286,9.275981425644984,2.433796789544685,0.26409158589226633,0.29641482435857114,-0.0002297108462405717,0.7825693712602314,0.8234864514473433,0.3468928424363868
156.39000000000001,1.0,42.0,27.0,0.6428571428571429,0.03334416862112843,0.055103552959074445,1.8153239708110582,-0.2,0.03130094473026666,0.0298082808351409,2.1604903697235462,9.340089912039133,2.436500657782558,0.019884609573337375,0.02008960038799046,0.0022238025252394595,0.7059855626941274,0.758603422001878,0.3028679815254512
156.59,1.0,48.0,32.0,0.6666666666666666,0.08172739668204708,0.1042686699717061,1.0796679562859068,-0.2,0.0338111034170841,0.07966472090059684,2.0911504034530766,9.39644300115514,2.450413892924301,0.00025924204457128397,0.003197395816085802,0.0017458776122429855,0.551160319698151,0.6287103323567503,0.3451426702884484
156.79000000000002,1.0,43.0,32.0,0.7441860465116279,0.061453582858111366,0.08085609280021575,1.0330742938701654,-0.2,0.017139447182168963,0.058294681655675896,2.0008662824947394,9.4592711651675,2.4944642872821756,-0.0075309155759906155,0.006507245777472193,0.0011591655399030287,0.6914249026887741,0.773685541594237,0.339108652867725
157.03,1.0,33.0,31.0,0.9393939393939394,0.06388447310694512,0.08121104877543658,3.4846652787523875,-0.2,0.014728277396322126,0.06183936258176654,1.8793849290296887,9.527475388616038,2.5995628762009684,-0.020786185576570526,0.01433823097839415,0.0007843730026859674,0.6454770953225467,0.8106786950045836,0.3437940601383418
157.25,1.0,41.0,41.0,1.0,0.05545660779967951,0.09210435253823349,5.549763359331587,-0.2,0.004270022957140434,0.055638557712006965,1.7489003355652883,9.572939785549343,2.7444564189359086,-0.03554626644948655,0.019152035205426188,0.0005625262505426498,0.6429087428735264,0.8627496357521822,0.35051403124847647
157.45000000000002,1.0,41.0,40.0,0.975609756097561,0.05391915082560585,0.0923785985477889,5.6216099334016345,-0.2,0.05072005502847921,0.05474997117665087,1.6222952332656349,9.597885637492476,2.884754881196036,-0.04153562266037536,0.01581910597558256,0.0005280189948511094,0.5917841976730722,0.8579133732044993,0.34138922788097653
157.69,1.0,37.0,37.0,1.0,0.05749921991627584,0.0895953365662412,6.350595159067477,-0.2,0.05773935556448333,0.058336123030107725,1.4716261099185846,9.603559138141783,3.0531752535897247,-0.051435267023543396,0.011466191777095958,0.000580765216436685,0.5657693489781084,0.9053701301345245,0.3518960948660077
157.93,1.0,28.0,28.0,1.0,0.07441537090830548,0.11015363655985172,8.308449619359706,-0.2,0.09889824465854623,0.07565277251170348,1.3161086205523773,9.586981130247207,-3.100544693588432,-0.048620556486221655,0.0035378932159648713,0.0006279207104089578,0.41942585412721745,0.8610523984423685,0.3262862246573389
158.15,1.0,30.0,30.0,1.0,0.04021483704241633,0.07493205211095945,7.1815617404117225,-0.2,0.12,0.04293453807164999,1.1816079134277868,9.563002560432613,-3.017984459589518,-0.04462014354923771,-0.0015814778067380075,0.0005993312791674477,0.6569921668326091,0.9283343259904326,0.34327026930398413
158.39000000000001,1.0,27.0,27.0,1.0,0.02520319620851584,0.06607353929031516,8.815785707402828,-0.2,0.12,0.025739429696816342,1.0563731522217772,9.529264755526878,-2.9586151090520523,-0.027068260320655124,-0.0033543528948136725,0.0005931036772337528,0.6042929560261064,0.9124185759008023,0.3238667344323614
158.59,1.0,30.0,30.0,1.0,0.023891754239930278,0.04566246512597766,7.4289784386898825,-0.2,0.12,0.019764934076938766,0.9542709602103987,9.502936068918268,-2.9308909305771986,-0.016326572601376488,-0.002961852925130515,0.0005259419627190454,0.607464194753501,0.897916137100009,0.3409154030746329
158.79000000000002,1.0,37.0,37.0,1.0,0.028890257148863157,0.06205683298099267,7.099612548199089,-0.2,0.12,0.026995725627937655,0.8539874684686029,9.47405240211374,-2.913969237765488,-0.00989073538838292,-0.002117208420871819,0.0003951722800690227,0.6142150509707767,0.8993362153854046,0.3470755334484609
158.99,1.0,34.0,34.0,1.0,0.01660969272435304,0.040590754817263056,4.533593081527585,-0.12030275878840174,0.11066647049124749,0.010641428522311246,0.7740401248350539,9.369280151606521,-2.903919599020047,0.012853560884944937,-0.07884275447706557,0.00028475103753544673,0.6077040803110476,0.8834249148605348,0.33991561178391205
159.19,1.0,36.0,36.0,1.0,0.017111204117146436,0.05613125052730669,5.413987793127688,-0.10971343407742894,0.11027916339424051,0.013232238453370198,0.6809692588256047,9.331717933914787,-2.8983221307503992,0.0013815575118460988,-0.018679779420542886,-0.00046960958526254265,0.607479336781465,0.8820887983760753,0.33679216668326006
159.43,1.0,32.0,32.0,1.0,0.012313973286188107,0.03215626296113154,1.9644030232079737,-0.07069030658372764,0.0824603102387966,0.005396675970528409,0.5759576755005715,9.258301503359842,-2.899631477423645,0.00866219163851456,-0.039902936694176105,-0.00045876904137243096,0.6469947508193059,0.9242579586800139,0.3500096841337893
159.63,1.0,29.0,29.0,1.0,0.014143101056595,0.03367422393955934,1.5123326456999595,-0.056754410030455546,0.08554801690482548,0.004627983232901745,0.4797139581987769,9.22069749037441,-2.925481142659526,0.0048964629088672496,-0.01553434654570296,-0.0005179715027678888,0.5945348070529085,0.8917265168766298,0.31945604078968237
159.83,1.0,28.0,28.0,1.0,0.014700104689024789,0.03891276456541855,1.6398070486210174,-0.03888889842241961,0.06950581332496425,0.006934238924813855,0.3904443609387472,9.188138815381171,-2.9839614123194687,0.006959156777909703,-0.018323622969205644,-0.00047328850655237176,0.5812035449881383,0.8961664139618507,0.3129246007470323
160.05,1.0,29.0,29.0,1.0,0.014083633715023402,0.035307133870389855,2.4026188003593454,-0.03696256624591069,0.07245810757591062,0.007269946264125736,0.27637951598107596,9.177750350892724,-3.0505605450772793,0.004670945998851317,-0.003073093281091843,-0.0004621464533705044,0.5893385963050706,0.9209909224745213,0.329551426587388
160.33,1.0,28.0,28.0,1.0,0.015254219617966733,0.03314884138133643,3.4159980076203356,-0.06478055259929842,0.1058425288079585,0.008136102363677584,0.12447617167099999,9.197026522060941,-3.1100538290358513,0.0031322385985959877,0.027898504551551184,-0.0003318854761502621,0.6311221473465233,0.9485875009770577,0.34382237292411966
160.53,1.0,32.0,32.0,1.0,0.01665793413283023,0.04030151962823463,2.961564548717159,-0.060045951725566205,0.0962028778777507,0.008842128679555613,0.014919610986327169,9.187461190163008,-3.136616227064351,0.003221042581676022,-0.00322698981335634,-5.673611022238845e-05,0.6167628958245868,0.9215271945310521,0.35928399293468105
160.75,1.0,32.0,29.0,0.90625,0.015876877985422633,0.03673214859832171,2.7131770191070017,-0.034126585140720866,0.05713591755137352,0.008287043193600992,-0.1033046359410213,9.160379829597433,3.1263386684797574,0.002045931216890645,-0.02616031851860967,-6.602910552588881e-05,0.5797982899373272,0.9298374655979059,0.3302325252966245
160.99,1.0,41.0,41.0,1.0,0.01580380462297841,0.034236468526337584,1.9899359650879915,-0.04899922056321867,0.07621352512422769,0.00841557475214602,-0.23468561641189206,9.175257448674369,3.112111152940166,0.0019078933576458512,0.013038579787526317,-0.00021621714976305384,0.6253918919609502,0.9402238855008058,0.3613906106890147
161.23000000000002,1.0,53.0,43.0,0.8113207547169812,0.016880290710371743,0.03420207686736822,3.6366440677232754,-0.03237548532497782,0.05800176984245791,0.009129221246184056,-0.3672773102075927,9.158942698934878,3.104163252715372,0.000367988590323165,-0.01585575781169979,-5.37669300300081e-05,0.6147075566535699,0.9489735150896403,0.36021235025596615
161.45000000000002,1.0,56.0,38.0,0.6785714285714286,0.08412742915455779,0.34508972034177926,8.706126643463941,0.0495928172903926,-0.017794648865600657,0.14629128556534815,-0.4874449716996873,9.078736959054021,3.098151923992436,-0.003027684439029399,-0.08269826140512748,-0.0001222350381762105,0.151637981618877,0.6440370348506173,0.3528253118068179
161.69,1.0,49.0,39.0,0.7959183673469388,0.1204297261353921,0.26053164804740064,15.806425696741512,0.2,-0.12,0.13699618894351628,-0.611160376019044,8.9306465509721,3.09507659255613,-0.007965916128553019,-0.17956511158266153,-0.0004067374009433244,0.2374820509832488,0.7335707289616282,0.35673420055022553
161.93,1.0,43.0,35.0,0.813953488372093,0.21185778457578594,0.33293473094673615,10.219000672976374,0.2,-0.12,0.22543220181628784,-0.7322436442157056,8.931839552443972,3.093041469298841,-0.002448680699134731,-0.0475287579766146,-0.0009822853142136267,0.1197748617874435,0.5272700000899286,0.35839951039315865
162.13,1.0,46.0,36.0,0.782608695652174,0.20038975052386182,0.31350313024284376,9.602899797477637,0.2,-0.12,0.21233351159028047,-0.8344017905959348,8.934470217847108,3.0926203795015432,-0.0013240097730741196,-0.02235735672194572,-0.0007547631065230043,0.15574048162537452,0.5479811057932833,0.3449336687785137
162.35,1.0,43.0,19.0,0.4418604651162791,0.16251247946151182,0.22664204538753985,12.933873372925618,-0.2,-0.12,0.16434393117291235,-0.9250047520507557,9.332485308375883,3.092087686001867,0.01898806771581152,0.3894827217252885,-0.0005591547447658662,0.16982506547614712,0.5643567427277593,0.23934124655406563
162.55,1.0,32.0,18.0,0.5625,0.17283853134451405,0.22683817464496342,12.785890991278709,-0.2,-0.12,0.17377301925415392,-1.0247161382252927,9.334343123681005,3.0920918228369114,0.008303592692162187,0.16921985421550545,0.0008579600703955137,0.1543375870812691,0.4720993492475556,0.24317264949946785
162.75,0.0,30.0,24.0,0.8,0.2569122022984745,0.32862652250900265,10.29927710679442,nan,nan,nan,nan,nan,nan,0.008303592692162187,0.16921985421550545,0.0008579600703955137,0.1543375870812691,0.4720993492475556,0.24317264949946785
162.99,1.0,22.0,10.0,0.45454545454545453,0.20076703917795563,0.22620460151759963,7.768952010561958,-0.2,-0.12,0.19901924169569155,-1.2571031274345417,9.328195883771217,-3.12906818705034,-0.00803404461470092,0.08916370327767353,0.0012668273453093628,0.09278495370324806,0.399380578924508,0.2004004617747442
163.19,0.0,19.0,5.0,0.2631578947368421,0.34401163529237533,0.34788689921416693,2.3040804446401775,nan,nan,nan,nan,nan,nan,-0.00803404461470092,0.08916370327767353,0.0012668273453093628,0.09278495370324806,0.399380578924508,0.2004004617747442
163.39000000000001,0.0,12.0,3.0,0.25,0.3483143034896712,0.3493788107284634,2.6662223281425304,nan,nan,nan,nan,nan,nan,-0.00803404461470092,0.08916370327767353,0.0012668273453093628,0.09278495370324806,0.399380578924508,0.2004004617747442
163.63,0.0,22.0,0.0,0.0,nan,nan,nan,nan,nan,nan,nan,nan,nan,-0.00803404461470092,0.08916370327767353,0.0012668273453093628,0.09278495370324806,0.399380578924508,0.2004004617747442
163.83,0.0,39.0,0.0,0.0,nan,nan,nan,nan,nan,nan,nan,nan,nan,-0.00803404461470092,0.08916370327767353,0.0012668273453093628,0.09278495370324806,0.399380578924508,0.2004004617747442
164.05,1.0,41.0,31.0,0.7560975609756098,0.15049237653185388,0.18666011332694085,4.6302060306146595,-0.2,-0.12,0.15325535330335083,-1.8403515447447945,9.028332249762453,-2.403963911043358,-0.13951789173374052,0.001028626183963155,0.0014045771178787803,0.6194421774693427,0.8635704648740008,0.5955891972843118
164.25,1.0,47.0,19.0,0.40425531914893614,0.031539107620239544,0.07731856650591415,10.965373633397228,0.2,-0.07555926775090624,0.03595756347545628,-1.5963393345004246,8.67347633392138,-2.226756387048506,0.2401030517481022,-0.28171899464889094,0.0017366740499826783,0.8552894861283109,0.8634683686567984,0.31694946275687497
164.49,1.0,43.0,41.0,0.9534883720930233,0.06345358429379078,0.13984990209983922,4.77127811006421,-0.2,-0.0890099145569847,0.07653083851335458,-1.9767880285302655,8.777227865713943,-2.054799700203509,-0.31435947183735213,0.18802381999011786,-0.0027173037642551634,0.7822495172956787,0.5909026290826754,0.423571011922942
164.69,1.0,50.0,46.0,0.92,0.06672973091337038,0.15582625355508267,7.053668910184557,-0.2,-0.047842523740629805,0.07992576507692553,-2.014136125049897,8.662325704884058,-1.956293968724772,-0.04870927503447553,0.012377367301345643,0.0012435319102745979,0.7654063544858349,0.5044428295472781,0.37161063773428793
164.93,1.0,42.0,32.0,0.7619047619047619,0.06735184537355601,0.18405413394301937,5.120647111273507,-0.2,-0.009461344491716867,0.07965354757733552,-2.0448939545804765,8.533799577692507,-1.880251203581811,-0.014803205463898461,-0.014794701166318092,0.0011514467730751043,0.833276028863405,0.5103532097664174,0.3643697315535608
165.19,1.0,46.0,30.0,0.6521739130434783,0.06993940213843666,0.17332692947861267,5.357605726983608,-0.2,-0.01918948616379539,0.07924265542916109,-2.076832221736121,8.405092637537479,-1.8212253713211821,-0.007411845064037248,-0.020388540081935247,0.0008321753742928095,0.8561813632867481,0.490128686668914,0.35337708443951027
165.39000000000001,1.0,40.0,34.0,0.85,0.07149640634267977,0.15226218429810606,5.5751480559230995,-0.2,-8.041354808258159e-05,0.07232558774130005,-2.095873076501954,8.300888754827346,-1.8006837918035397,-0.0040937141252048725,-0.01516126451361366,0.0005718553882620991,0.8317689104680399,0.5175037666744845,0.35270339379417204
165.59,1.0,45.0,39.0,0.8666666666666667,0.07035667890760387,0.16928419050986973,6.6642647131032415,-0.2,-0.02601072663754403,0.07746791090275991,-2.116374132772574,8.190708330909837,-1.7968538255474196,-0.0020298793807373983,-0.008395918199301633,0.00039708963192675034,0.784957711218063,0.45865031751412544,0.34233280974014696
165.83,1.0,34.0,28.0,0.8235294117647058,0.0817591841157234,0.10209585387210918,3.5420265070227486,-0.2,-0.0076251284680952675,0.0802422017502598,-2.1350783464148426,8.06173060491367,-1.749528853134519,-0.002980121030703664,-0.013982839420471294,0.00027369493450013493,0.8390490383345219,0.43739834200847233,0.32249788409092717
166.05,1.0,26.0,21.0,0.8076923076923077,0.04134400831882375,0.06442229806198595,5.572809673704679,-0.2,-0.044924049129106754,0.04120868548123612,-2.1396098295408397,7.934882603699138,-1.6629125828493516,-0.003878881895489794,-0.02525719619063249,0.0002042955553080983,0.9022152478010139,0.5901899420899117,0.26639512322255493
166.25,1.0,30.0,16.0,0.5333333333333333,0.061092499550926695,0.07635155327401756,3.2053327774790876,-0.2,-0.04715295865725132,0.05898743254415771,-2.1284391871966086,7.814100130056038,-1.5536933464449005,-0.00202371512684163,-0.03229590018790951,0.0002287264960032509,0.7710213243513562,0.38311637303945467,0.22292112517257423
166.49,1.0,35.0,28.0,0.8,0.08384779083540728,0.16556921070950123,12.215553481934945,-0.2,0.09882563877771494,0.10144568886139349,-2.094661422615619,7.668683755089986,-1.3850550033005362,0.002928908934426655,-0.05343162856711725,0.0003108701764689137,0.7492965793026616,0.3246496667265644,0.3615669861798833
166.69,1.0,35.0,33.0,0.9428571428571428,0.057396453913757764,0.14673385464605282,11.276265370666323,-0.2,0.12,0.06936386253301806,-2.0430716500055626,7.550112067677803,-1.2239805543540958,0.01290673934496489,-0.06731843920989533,0.0003587712336980964,0.844224535419958,0.5825761166529047,0.3674856151078436
166.93,1.0,41.0,32.0,0.7804878048780488,0.03742769353617027,0.09321697586234483,12.43920950288214,-0.2,0.12,0.04066616718344926,-1.9534506172992592,7.420418123036966,-1.0324218897177415,0.024486350844785898,-0.0637864092165561,0.0005556869479135251,0.880402364842129,0.7520018563948788,0.36266357613435696
167.15,1.0,44.0,15.0,0.3409090909090909,0.01890449934870707,0.03987944666246236,9.960933953419358,0.1587721357511692,-0.029370879512121157,0.012723726849444467,-1.5821381916743824,7.546281543734255,-0.8860682847208078,0.3046398192407671,0.18453068253203497,0.0007534571242278076,0.6895711663997453,0.594700897483511,0.20421658374005383
167.39000000000001,1.0,37.0,10.0,0.2702702702702703,0.017188795993754023,0.03141036976656519,7.273690546436037,0.14937539701480812,-0.025971017482205764,0.007113310797995389,-1.5089227578149271,7.474560021672507,-0.7755955023799723,0.03787110782687875,0.01787004813935411,-0.001884119687211694,0.5999517939976484,0.5952201703756517,0.16601859578094622
167.59,1.0,38.0,13.0,0.34210526315789475,0.017227448450041562,0.03479338379715908,3.8880850895485217,0.17882294909715646,-0.04634603765295355,0.012099374545978779,-1.417368879958425,7.442658254122294,-0.7165682786265299,0.02403771880493566,0.02708064760830986,-0.0018926459282446737,0.6221943544612045,0.6639781263938744,0.22109244887319404
167.83,1.0,40.0,9.0,0.225,0.015415081345714081,0.038110720008367405,4.024166212292555,0.09480741974709721,0.018345984506360095,0.005264027783194483,-1.3772776805567948,7.311204091895355,-0.6755133062437064,-0.054185943497087274,-0.05634685849013277,-0.0018724345219802707,0.548022313365554,0.6429822069448654,0.17329679278901458
168.09,0.0,37.0,6.0,0.16216216216216217,0.012602907479843627,0.030713085891136152,3.28353909592433,nan,nan,nan,nan,nan,nan,-0.054185943497087274,-0.05634685849013277,-0.0018724345219802707,0.548022313365554,0.6429822069448654,0.17329679278901458
168.33,0.0,56.0,3.0,0.05357142857142857,0.06199769181572292,0.07482570102390364,1.693174405363702,nan,nan,nan,nan,nan,nan,-0.054185943497087274,-0.05634685849013277,-0.0018724345219802707,0.548022313365554,0.6429822069448654,0.17329679278901458
168.53,0.0,40.0,6.0,0.15,0.05612135590383755,0.06756174695982184,6.805967099309398,nan,nan,nan,nan,nan,nan,-0.054185943497087274,-0.05634685849013277,-0.0018724345219802707,0.548022313365554,0.6429822069448654,0.17329679278901458
168.73000000000002,1.0,46.0,14.0,0.30434782608695654,0.1830874230172111,0.25682056107325546,12.906372675078398,0.2,-0.12,0.1948502430015861,-0.9618049038981202,7.202927335799239,-0.4233454844611337,0.010576671198764265,0.09982123084362193,-0.0007779690726950617,0.2788583477145257,0.46858048458624835,0.37432579387518544
168.95000000000002,1.0,63.0,19.0,0.30158730158730157,0.19195692590495048,0.34598983073085954,10.61973909302461,0.18544616389947993,-0.12,0.2099310672769863,-0.8834244071411028,7.177380351099491,-0.29145002725064023,-0.04264531914150649,0.04594654995779024,-0.0014094786641183357,0.2441250589212967,0.4509066036088072,0.38147629383337583
169.19,0.0,50.0,20.0,0.4,0.2642702555104878,0.3266371608941672,8.71967476462065,nan,nan,nan,nan,nan,nan,-0.04264531914150649,0.04594654995779024,-0.0014094786641183357,0.2441250589212967,0.4509066036088072,0.38147629383337583
169.43,0.0,38.0,5.0,0.13157894736842105,0.26853947321788146,0.28117734400125866,19.53247630283514,nan,nan,nan,nan,nan,nan,-0.04264531914150649,0.04594654995779024,-0.0014094786641183357,0.2441250589212967,0.4509066036088072,0.38147629383337583
169.63,0.0,23.0,1.0,0.043478260869565216,0.3436736102637576,0.3436736102637576,8.423140516649783,nan,nan,nan,nan,nan,nan,-0.04264531914150649,0.04594654995779024,-0.0014094786641183357,0.2441250589212967,0.4509066036088072,0.38147629383337583
169.83,0.0,15.0,0.0,0.0,nan,nan,nan,nan,nan,nan,nan,nan,nan,-0.04264531914150649,0.04594654995779024,-0.0014094786641183357,0.2441250589212967,0.4509066036088072,0.38147629383337583
170.29000000000002,1.0,20.0,20.0,1.0,0.2032008106975197,0.31555838818633114,9.625096205236304,-0.2,0.12,0.21900146771622295,-0.37039519942837573,6.696099319970018,-0.45573157242204854,-0.18007313795530655,-0.32672839389109853,-0.001121605345300536,0.31678493493716486,0.7079028827113676,0.5228016567305384
170.49,1.0,39.0,38.0,0.9743589743589743,0.07680880723970047,0.18071252734899845,3.8002120755746325,-0.2,0.12,0.07756839854390853,-0.31720770424531597,6.652695713358464,-0.6132306637183751,-0.11432678115212486,-0.05947438279942574,0.0031019259897040463,0.8283471444635703,0.9121534164229451,0.5004460803418094
170.73000000000002,1.0,38.0,38.0,1.0,0.03249041404536522,0.07502170847172421,5.325837982470281,-0.2,0.12,0.0325753194748173,-0.27062975524553984,6.5925941608739995,-0.8191638395500423,-0.04798918987885831,0.026640298047312605,0.0023527727394428988,0.854967712348157,0.8477452387597131,0.4123735638587587
170.95000000000002,1.0,38.0,38.0,1.0,0.025053392882342033,0.07021631480022869,4.988318135001934,-0.2,0.12,0.0245373187578311,-0.2412430875524785,6.527189913905905,-1.0198649848675454,-0.03361666404241645,0.040514663993463707,0.0014840789078982564,0.8420642203540938,0.7135603747373854,0.3738370775295765
171.19,1.0,36.0,34.0,0.9444444444444444,0.06991184876997178,0.15022512023799875,3.600596714473931,-0.2,0.12,0.06976068981872442,-0.21870468136896656,6.449281786607222,-1.2169938598818084,-0.027881719709512864,0.05160124185804271,0.0010755809831042296,0.8194641771687075,0.5201351786023481,0.36523119703867873
171.43,1.0,34.0,34.0,1.0,0.07283119701570713,0.1001947435900432,1.6966847973682504,-0.2,0.05927899487041237,0.07071473025386528,-0.2038590384512144,6.360058104644719,-1.3551319968915332,-0.01985119596769941,0.055136775127826,0.0007990818531149468,0.8728306091018421,0.5247239680371203,0.3617932720502296
171.63,1.0,37.0,37.0,1.0,0.08159332236207655,0.10434927861426341,1.9136268999062673,-0.2,0.043299646190125315,0.07986532905759045,-0.19251644011845498,6.286082843251695,-1.432275772038283,-0.00992672204592318,0.04310214384817179,0.0006016196724594192,0.8075523085427075,0.4339176599434842,0.34634936443538566
171.85,1.0,37.0,37.0,1.0,0.10582639471035651,0.12427659649932186,2.1552536647135323,-0.2,0.017289578191396284,0.10409796248586455,-0.17072341153987802,6.170354642103992,-1.4350082177536434,-0.004430119668642957,0.025523053623380143,0.0004167294402377397,0.756071048149582,0.3230158464365504,0.3469161103970156
172.07,1.0,33.0,33.0,1.0,0.09585606597735205,0.12004155125389301,1.9470259861485468,-0.2,-0.00494558765353041,0.0937112977562353,-0.14279746460073156,6.052018975714891,-1.382625590993928,-0.000916708948881434,0.007215575999187429,0.0002596504277347922,0.7818257506492013,0.40684999162032315,0.3471283518173694
172.25,1.0,29.0,29.0,1.0,0.11260193483532902,0.13354072011104706,1.8641857184726627,-0.2,0.01929825530661482,0.11094353048462087,-0.1117323207417289,5.954022217766019,-1.3183492452854448,0.0021297002120308633,-0.008196359204802661,0.00015785266169032752,0.6330127526122049,0.30202573977752833,0.3111255549462025
172.49,1.0,31.0,31.0,1.0,0.11677592612933625,0.13920336919026044,1.9359109269229664,-0.2,0.018626110957076933,0.11423340221144797,-0.05781725416191211,5.8151770878135265,-1.2344129374803983,0.0063506822309198074,-0.02195418133525706,0.0001177515339196855,0.7147037676210788,0.3661555957161021,0.3454844130862051
172.73000000000002,1.0,36.0,32.0,0.8888888888888888,0.07343012164784102,0.09534083098052991,1.7939111693667253,-0.2,-0.015030665431231967,0.07151626343030111,0.0009091339022369582,5.684928377604793,-1.1786474222953276,0.0085987123129811,-0.02514056708246315,0.0001094170447657472,0.8640924854569876,0.6282021595217154,0.3582330117409951
172.93,1.0,29.0,25.0,0.8620689655172413,0.09797905409968295,0.11265052585576038,1.5413069101163768,-0.2,0.02340810479633336,0.09528161383082462,0.05215652184438041,5.5781207059560645,-1.1467264312657086,0.006531126652530389,-0.01616470965733452,0.00012075254799159829,0.661222895691147,0.3793628005956811,0.29134749741197286
173.15,1.0,34.0,29.0,0.8529411764705882,0.07197401702009386,0.08738855209439787,3.3369230163973214,-0.2,-0.004482486029526685,0.06900140583072634,0.11196675004097134,5.468944747439666,-1.1192645879241203,0.007085858339274678,-0.016025459607795334,0.00010170036628442958,0.8239065202658941,0.5952420614351873,0.33571125251863076
173.35,1.0,71.0,63.0,0.8873239436619719,0.16229729018676464,0.3084101599356895,9.3111719982196,0.07597060361816078,-0.12,0.17494486795757475,0.40664728944710277,5.501410615579953,-1.1070700080524931,0.2514320463478765,0.11376253806495029,9.957264814008937e-05,0.4069412154252842,0.20299253038120593,0.35005161402762414
173.59,1.0,76.0,64.0,0.8421052631578947,0.14685122446579799,0.3087869306837054,5.7650326977382464,0.1029339052337229,-0.12,0.1680769684210385,0.4875425467034756,5.409719009079523,-1.1001511890750768,0.15751124453013576,0.06951176447536955,-0.0010097185133950417,0.5511657679405431,0.284591789029408,0.35557462794016287
173.83,1.0,69.0,52.0,0.7536231884057971,0.16720001691475803,0.3203644506649984,7.292886339780598,0.10649194850063555,-0.12,0.18633362265217762,0.5476317868241657,5.306065974035351,-1.097184322358391,0.06097578928621039,0.022957143725633955,-0.0013211557314907196,0.5395236174500326,0.2774744646897795,0.3578916209454925
174.03,1.0,66.0,37.0,0.5606060606060606,0.13463316414964072,0.25137467569136573,6.925411763741353,0.05784898171693555,-0.12,0.14991919014685043,0.5524452798154776,5.1971765814073585,-1.0965482887257432,-0.019479828863183557,-0.016702136750367025,-0.0010535337968924363,0.6011005351903776,0.3626483481559764,0.3446931235306128
174.29000000000002,1.0,55.0,41.0,0.7454545454545455,0.16887894066101103,0.3484283739817691,7.918979757350514,0.050390608698624786,-0.12,0.18682985033406935,0.6060745061418662,5.080664671717297,-1.0956641617495986,-0.011703890224035729,-0.010798974415695994,-0.0005944395847834462,0.5597790680001965,0.3002629699916945,0.3603532746474206
174.53,1.0,44.0,30.0,0.6818181818181818,0.17670684030196432,0.3366796924279308,7.900580254721023,0.0610107134676568,-0.12,0.19353339602877714,0.671909046504923,4.980161593061644,-1.112753595826403,0.006696482743255627,-0.0015151923753000673,-0.00033442039408115853,0.5348270856820498,0.28372141096837605,0.3451434265129742
174.75,1.0,32.0,20.0,0.625,0.16108426121309866,0.33071413147060147,6.407552546965162,0.01650714622939184,-0.12,0.1758180787760918,0.6748381205689709,4.854407673756652,-1.1728414790279595,-0.03615594091978247,-0.022796723700674093,-0.00023327084338475856,0.4769758192338664,0.23425068214719122,0.2569028642667018
174.99,1.0,29.0,27.0,0.9310344827586207,0.13643935944598584,0.24066161389594687,10.14138499149346,-0.1377295260058381,-0.12,0.13913077568203291,0.5598912320284501,4.698051740311663,-1.2929789751331116,-0.16344456329606372,-0.05665811706076518,-3.685912419060244e-05,0.6854588047605727,0.3743870929254398,0.3407708319881496
175.23000000000002,1.0,33.0,13.0,0.3939393939393939,0.05536906643037382,0.08191004076037385,7.38261361841261,0.19988894098691914,-0.12,0.04789282097218654,0.9022315533912046,4.639651962450288,-1.4527198261706171,0.28665413564395315,0.046161890403711325,0.000739758670168067,0.8977192878689705,0.6426525270104353,0.19741105666182224
175.39000000000001,1.0,38.0,30.0,0.7894736842105263,0.049586580444416835,0.1140522385594748,8.28549903338137,-0.2,-0.1116668898625811,0.05245600824743887,0.4967680091439134,4.5365581252743885,-1.5710917005888876,-0.37128303377827776,-0.01943918787452592,-0.0012288354550737959,0.876329787780303,0.6574997173833387,0.36757453257477785
176.25,1.0,35.0,35.0,1.0,0.041203673585021416,0.06803815568617894,3.575946764914369,-0.14055867833785152,0.12,0.03921536229200255,0.382884267723795,4.278425778008212,-2.331853240596116,0.05339169258788834,0.09211676827855353,0.0026912066099264997,0.9612432429023546,0.8925019692904174,0.5261231553435535
176.45000000000002,1.0,42.0,42.0,1.0,0.05110574007624547,0.08016292243149964,4.079568981000311,-0.09776430444258746,0.12,0.04971588778893862,0.34182299440550407,4.2116406562993465,-2.5224721719565526,0.05096992814789153,-0.005422601653947368,0.002166502686836491,0.7320548308914375,0.8047587945626181,0.40946240734717465
176.69,1.0,54.0,43.0,0.7962962962962963,0.021261334225844024,0.22209484482328692,2.6219424557485604,-0.06518118742632804,0.12,0.035129174672233816,0.2612351874679144,4.150817496165703,-2.73606568295253,0.04402673118776712,-0.014361209684627063,0.0011233712035747523,0.6821476220997894,0.8810451690341976,0.37920572724783597
176.93,1.0,37.0,37.0,1.0,0.016758865945929933,0.03528428067094902,2.326232430811284,-0.06149850148366212,0.11733252768937287,0.00900900827898348,0.14480233762247477,4.122647122585739,-2.8937012168786915,0.023000329956562968,0.002956305778258006,0.0005926921993686385,0.6391116948388434,0.9104443108366481,0.3673228800758127
177.15,1.0,32.0,32.0,1.0,0.015511164572435163,0.0352470231312525,2.255805110797744,-0.05169096102061201,0.09994696149454274,0.009424536228262373,0.03168173995134972,4.10212574712131,-2.9902553193509447,0.015835591138648554,-0.006483871811640007,0.0004116646356808751,0.6128747854869617,0.9222219507246626,0.3556716451639626
177.39000000000001,1.0,28.0,28.0,1.0,0.012227806649321772,0.030095296994378285,2.301956778879985,-0.028668295869723595,0.06619921984026654,0.006767249730185424,-0.09560714538469878,4.0759063828627164,-3.0618197145802903,0.011310678950005468,-0.022254455012018504,0.0002418941326154389,0.5924494910961817,0.9235383390941201,0.3277297579211395
177.63,0.0,25.0,25.0,1.0,0.013874005031103207,0.028826848082934262,2.67378759110187,nan,nan,nan,nan,nan,nan,0.011310678950005468,-0.022254455012018504,0.0002418941326154389,0.5924494910961817,0.9235383390941201,0.3277297579211395
177.85,1.0,35.0,35.0,1.0,0.014907643623214648,0.03250195628940271,2.815855059474239,-0.014693932070483452,0.0012292205123777664,0.009331141470404944,-0.3457609032142423,4.0618110145658655,-3.1288865136609054,0.006062517054513883,-0.015261658280049772,1.6541392078739392e-05,0.7292295853566076,0.9679547464808308,0.43189011436875885
178.09,1.0,66.0,58.0,0.8787878787878788,0.1503686190258154,0.29076358206507696,7.29631742732168,0.2,-0.12,0.16540938373990804,-0.47889637338576047,3.8526314153806114,3.1340779512716876,0.00022505732365701858,-0.21512402353524163,-9.153899691449752e-05,0.1383751909453931,0.57860511724673,0.3878114405712634
178.35,1.0,32.0,32.0,1.0,0.013710758633399975,0.02761987874537542,2.5673597599284386,-0.012944047767123093,-0.0055686662906354505,0.008515439990416991,-0.6052565590267754,4.06982555684148,3.117845084153714,0.0025076404860369106,0.12241798191653253,-0.00107256087301133,0.7216110326246723,0.9586332102393106,0.37736583439350074
178.59,1.0,60.0,52.0,0.8666666666666667,0.1871751171355514,0.2987776836672797,9.803196162603028,0.2,-0.12,0.19518847600979214,-0.7308407175278633,3.8655599442630084,3.112568024381657,-0.005931743612768825,-0.20780886541876065,3.451708933654984e-05,0.10364786751929951,0.49046656428650803,0.36676151351587744
178.79000000000002,1.0,24.0,11.0,0.4583333333333333,0.2001079420497722,0.33021102053586515,9.691927543407719,0.2,-0.12,0.21440669588632416,-0.8303944537370123,3.871886311597742,3.1105150120206044,-0.0034304578198482982,-0.10573900669972014,-0.0006878218208754561,0.043530157517046274,0.24829499137849356,0.15534869299019807
178.99,1.0,41.0,34.0,0.8292682926829268,0.20322868760573928,0.2885283362099756,7.885843604738778,0.2,-0.12,0.20553571182079033,-0.931239004104825,3.87671611999414,3.1095595508485223,-0.0028259252258802103,-0.07938571114361093,-0.0008000469925031339,0.15827396814646205,0.5807552529721968,0.38263528866289065
179.23000000000002,1.0,42.0,21.0,0.5,0.16775240086227236,0.22806314733942487,8.789845862787677,-0.2,-0.12,0.16718526396656236,-1.0396406278255073,4.284011618598644,3.109441666960114,0.011481394906528664,0.36662898395325305,-0.0008111146216425169,0.18145045801675697,0.6017891815697408,0.27718651930861093
179.45000000000002,1.0,21.0,11.0,0.5238095238095238,0.1892994944301246,0.23135739234468483,9.270828734522548,-0.2,-0.12,0.18830258253356122,-1.150918306526349,4.288134983686311,3.1194165089337567,0.002599498543823131,0.14580100681733565,0.0007985741742326801,0.08836135648276597,0.356699651004091,0.1727286925013809
179.69,1.0,21.0,8.0,0.38095238095238093,0.19478330331600666,0.22683520822455147,5.781457357176365,-0.09847837502203419,-0.12,0.19309298196722935,-1.2799190969794254,4.1839711765161365,-3.1063374485743904,-0.00657226723181914,-0.007877490151942723,0.001070249962643377,0.07293631567133425,0.3204409427716338,0.1496971556336264
179.89000000000001,1.0,21.0,11.0,0.5238095238095238,0.22840866755510267,0.2535290375192958,4.7026076961875365,-0.2,-0.12,0.22743426678115575,-1.4008004103481793,4.271068932901039,-3.015307514161211,-0.027805139787470345,0.09456110327779665,0.0008852730955286603,0.08130314060796266,0.3262046905563338,0.20857791009676488
180.35,0.0,15.0,5.0,0.3333333333333333,0.3329100766242621,0.3454027636690869,8.76859756007989,nan,nan,nan,nan,nan,nan,-0.027805139787470345,0.09456110327779665,0.0008852730955286603,0.08130314060796266,0.3262046905563338,0.20857791009676488
180.59,0.0,29.0,0.0,0.0,nan,nan,nan,nan,nan,nan,nan,nan,nan,-0.027805139787470345,0.09456110327779665,0.0008852730955286603,0.08130314060796266,0.3262046905563338,0.20857791009676488
180.79000000000002,0.0,31.0,2.0,0.06451612903225806,0.3431050191673388,0.347598519022852,7.79381183663382,nan,nan,nan,nan,nan,nan,-0.027805139787470345,0.09456110327779665,0.0008852730955286603,0.08130314060796266,0.3262046905563338,0.20857791009676488
181.03,1.0,27.0,21.0,0.7777777777777778,0.08029095098811308,0.13430516287284994,7.905949695863688,-0.2,-0.12,0.08883756736834714,-1.9656268929752292,3.826933261096701,-2.10602484885359,-0.1709323962309519,-0.03341512678865888,0.0010214845041875975,0.8247164674688681,0.9066138919209545,0.5045316397625058
181.25,1.0,28.0,20.0,0.7142857142857143,0.08219720894145399,0.13882507267004915,7.299534889145609,-0.2,-0.08653597290070644,0.09035782285045414,-2.015534165147521,3.6892228012833375,-1.9327522818126335,-0.046894179559061167,-0.045452855478385956,0.0023924289548595823,0.7154806622362264,0.5308835509688106,0.37311464275398737
181.49,1.0,25.0,18.0,0.72,0.06544083450586231,0.15478967615992306,7.049553416283239,-0.2,-0.04248285845789583,0.08227894952796588,-2.043710048820889,3.552871483281735,-1.7896962681055086,-0.025772497656233462,-0.05330094390599438,0.0018290876647397705,0.7526716629792323,0.450372742759344,0.30979953768245877
181.73000000000002,1.0,22.0,21.0,0.9545454545454546,0.05643602429001086,0.19506769235314536,7.830163866767007,-0.2,0.06595680471005831,0.07627940546495363,-2.0636513141113526,3.4077174934505385,-1.70835373909934,-0.013507087443754173,-0.04746189977662185,0.0014295553439138686,0.828605013376229,0.4714011598454157,0.33034586166939095
181.93,1.0,24.0,18.0,0.75,0.03715987397249916,0.07129622928298164,6.21829450629142,-0.2,0.0675720699214995,0.03641541894381217,-2.0639542130657915,3.293078247002325,-1.615627684398406,-0.0066183831265691495,-0.04431776867321169,0.0010401543060583054,0.8751502625437689,0.5898750639198895,0.27401035024365494
182.75,0.0,32.0,7.0,0.21875,0.015657123226169432,0.02822335785575606,5.85282360982503,nan,nan,nan,nan,nan,nan,-0.0066183831265691495,-0.04431776867321169,0.0010401543060583054,0.8751502625437689,0.5898750639198895,0.27401035024365494
182.99,0.0,49.0,5.0,0.10204081632653061,0.02600927506617092,0.04554901276945776,10.79344779140569,nan,nan,nan,nan,nan,nan,-0.0066183831265691495,-0.04431776867321169,0.0010401543060583054,0.8751502625437689,0.5898750639198895,0.27401035024365494
183.23000000000002,1.0,62.0,16.0,0.25806451612903225,0.08058641123682364,0.16064604307364178,18.163332545012665,0.2,-0.12,0.0856324593979822,-1.4300887103726443,2.9259404420214863,-0.6013806675256398,0.31175221515105767,0.1379293691744845,0.0008809862941479008,0.8583794579524797,0.7360813324808808,0.43874841580682955
183.63,0.0,71.0,3.0,0.04225352112676056,0.03553844769469656,0.04982499743577461,11.854733862939074,nan,nan,nan,nan,nan,nan,0.31175221515105767,0.1379293691744845,0.0008809862941479008,0.8583794579524797,0.7360813324808808,0.43874841580682955
183.69,0.0,60.0,0.0,0.0,nan,nan,nan,nan,nan,nan,nan,nan,nan,0.31175221515105767,0.1379293691744845,0.0008809862941479008,0.8583794579524797,0.7360813324808808,0.43874841580682955
183.93,0.0,52.0,0.0,0.0,nan,nan,nan,nan,nan,nan,nan,nan,nan,0.31175221515105767,0.1379293691744845,0.0008809862941479008,0.8583794579524797,0.7360813324808808,0.43874841580682955
184.15,0.0,27.0,4.0,0.14814814814814814,0.3414089201489282,0.3471179485382612,8.889158046125907,nan,nan,nan,nan,nan,nan,0.31175221515105767,0.1379293691744845,0.0008809862941479008,0.8583794579524797,0.7360813324808808,0.43874841580682955
184.39000000000001,0.0,31.0,2.0,0.06451612903225806,0.3260967559659649,0.34767258328580236,1.2246352088001249,nan,nan,nan,nan,nan,nan,0.31175221515105767,0.1379293691744845,0.0008809862941479008,0.8583794579524797,0.7360813324808808,0.43874841580682955
184.63,0.0,25.0,0.0,0.0,nan,nan,nan,nan,nan,nan,nan,nan,nan,0.31175221515105767,0.1379293691744845,0.0008809862941479008,0.8583794579524797,0.7360813324808808,0.43874841580682955
185.45000000000002,1.0,27.0,20.0,0.7407407407407407,0.07182473536057978,0.1348948538101855,15.264983336165189,-0.2,-0.12,0.07208728112082637,-0.6961850928070037,2.2552489153783077,-0.856532679138205,-0.2348970475125654,-0.2936408142736324,-0.004633463467706434,0.8555511125456484,0.9543938425883628,0.62207951181093
185.69,1.0,19.0,19.0,1.0,0.10581039307338813,0.15149984170396633,10.531826783521552,-0.0654989032575018,-0.12,0.09973298124434787,-0.551825352969975,2.2474502103946294,-1.077478959614064,0.07102663462859027,0.09558206612496711,0.007191214837183768,0.6134328981166742,0.45560059334993563,0.4149046851071262
185.93,1.0,30.0,30.0,1.0,0.07310041173732641,0.13336487890706522,8.89377836186736,-0.15746955693214704,-0.12,0.07284073670118138,-0.621444018684585,2.119989629479948,-1.2852560525494705,-0.07874245770226496,0.029035520607955778,0.0029076109884420553,0.8654292170252619,0.6505785913581724,0.4573664430859683
186.13,1.0,26.0,26.0,1.0,0.04461731991272967,0.10882150197682555,7.638737483989392,-0.18948588232064023,-0.12,0.04679675610854983,-0.6483783442571597,2.035573024961933,-1.4162231446411964,-0.04887840706323909,0.03173209666307031,0.002248027887093329,0.8926332169134632,0.6606048894662071,0.34747510366948675
186.35,1.0,29.0,27.0,0.9310344827586207,0.033282213628658915,0.07544840719602242,8.96980978211815,-0.2,-0.12,0.03424025271419381,-0.6586121791903269,1.944797127334458,-1.520229541392744,-0.0188738568089567,0.031869518688251386,0.0019796435654668705,0.910409438404775,0.5927576513902996,0.3406156755478894
186.59,1.0,26.0,19.0,0.7307692307692307,0.02525980948660472,0.06171073288549155,5.361197246268548,-0.2,-0.05792698621682837,0.025302386058869693,-0.6696188405706769,1.8453921525483612,-1.6254153025020117,-0.0020576647294918704,0.03433681898812302,0.001506933483548245,0.883106269762102,0.5088555110596664,0.2643088358495437
186.83,1.0,16.0,10.0,0.625,0.05823880966157473,0.06763788923854513,2.134704716917154,-0.2,0.05194084921736103,0.05564403541299493,-0.692195547308607,1.7532565914194906,-1.7517005026405477,0.0034274515749048717,0.04186612433952397,0.0012116544764413373,0.7782173510208977,0.3299841367141975,0.168098914667935
187.03,0.0,16.0,6.0,0.375,0.03424917563299513,0.044630619638873624,7.201405625062815,nan,nan,nan,nan,nan,nan,0.0034274515749048717,0.04186612433952397,0.0012116544764413373,0.7782173510208977,0.3299841367141975,0.168098914667935
187.25,1.0,48.0,36.0,0.75,0.02763448464309821,0.09194105644156692,5.0624158731916005,-0.1366916333295812,0.08906689662487839,0.03422725565736409,-0.712566563581002,1.5993860235165378,-2.062453866508548,0.08050750085862479,0.056764093872089694,0.0010993944901067643,0.931291648523594,0.7940011268380194,0.47052345535924345
187.49,1.0,68.0,65.0,0.9558823529411765,0.05665967200718749,0.13351502142674285,6.298411027193566,-0.2,0.12,0.05892998904587569,-0.8255277705603563,1.5766866627770921,-2.2655331125924287,-0.023795292634709364,0.08051419940272453,0.0005229007233369387,0.7716457500906521,0.6983558869306965,0.4018005043924813
187.73000000000002,1.0,73.0,49.0,0.6712328767123288,0.08265562418813192,0.16802294734429585,8.107611128944146,-0.2,0.12,0.09021080389105547,-0.8933408428638212,1.540305384427241,-2.4814465020638403,0.0385730522461053,0.050304529080643645,0.0010451727760965035,0.5485871331530018,0.6444777989288086,0.37630626759361585
187.99,1.0,84.0,70.0,0.8333333333333334,0.16179698459302927,0.2906899037378102,10.065722035904615,0.17490571245269565,-0.12,0.17494854322714484,-0.8151293800343794,1.1762328929399406,-2.6947345190703986,0.22663411041729586,-0.2895250293924012,0.0008574991614826999,0.2569867308691955,0.5117522819998714,0.37299600219942375
188.23000000000002,1.0,71.0,53.0,0.7464788732394366,0.14391377596684685,0.24755465931641316,11.562410033905305,0.14229944841861494,-0.12,0.15396989807333217,-0.9617751345164859,1.1694834331878723,-2.834113420881626,0.08465048520642082,-0.07907508244726968,-0.0007613025539843221,0.30905209445839005,0.6305062200181865,0.3649504661586897
188.43,1.0,58.0,30.0,0.5172413793103449,0.2281015476519989,0.3122034550266016,7.804212605668488,0.1905512694707011,-0.12,0.23167916288480028,-1.0603702416627174,1.1020479117100404,-2.9079529606517758,0.04825807887347078,-0.06683122377926676,-0.0008553772090480471,0.14827785832168078,0.37441614401541123,0.3332512225340488
188.65,1.0,41.0,28.0,0.6829268292682927,0.1970637076062845,0.2553644128401981,6.817894609797742,0.10075111748881116,-0.12,0.20031202034558354,-1.1930049799703202,1.1662263197718665,-2.9481996390146215,0.011553324057851588,0.04821102778982933,-0.000778468213417316,0.1915521150890336,0.49833316050979226,0.3210376696265867
188.85,1.0,26.0,21.0,0.8076923076923077,0.21596667803559036,0.262046862831355,6.128278888096986,0.051436389894181804,-0.12,0.21874344988330968,-1.3000855123782473,1.192316837496692,-2.9266992422380596,0.004592300703053054,0.07370202316882479,-0.00036230687258242966,0.13242170913307486,0.34927225525599576,0.25987761867104187
189.09,1.0,19.0,14.0,0.7368421052631579,0.19916785755237068,0.21946658746593764,2.103658068815315,-0.2,-0.08263930703952617,0.1985215218069262,-1.4847989695964108,1.398474431093903,-2.838850385126849,-0.06284044724766669,0.2893507718492896,-4.396434184084086e-05,0.13091263647599144,0.35869700650346614,0.2073012675553975
189.29000000000002,1.0,13.0,10.0,0.7692307692307693,0.22810402505019275,0.24540079827991193,2.0902131366361503,-0.2,-0.02261074905669368,0.22808746034496014,-1.5964415375896048,1.345623544799471,-2.7235402624920857,-0.056854645763209755,0.17315530153896197,0.0009917485218036148,0.08622267008857759,0.22060815404618045,0.16708981092221128
189.53,0.0,20.0,5.0,0.25,0.3349173839076867,0.339819779678883,3.5931938201189313,nan,nan,nan,nan,nan,nan,-0.056854645763209755,0.17315530153896197,0.0009917485218036148,0.08622267008857759,0.22060815404618045,0.16708981092221128
189.75,0.0,21.0,1.0,0.047619047619047616,0.3311901705166896,0.3311901705166896,4.514011662154245,nan,nan,nan,nan,nan,nan,-0.056854645763209755,0.17315530153896197,0.0009917485218036148,0.08622267008857759,0.22060815404618045,0.16708981092221128
189.95000000000002,0.0,16.0,0.0,0.0,nan,nan,nan,nan,nan,nan,nan,nan,nan,-0.056854645763209755,0.17315530153896197,0.0009917485218036148,0.08622267008857759,0.22060815404618045,0.16708981092221128
190.19,0.0,16.0,4.0,0.25,0.10218255908378418,0.12431647228505356,13.429545150690279,nan,nan,nan,nan,nan,nan,-0.056854645763209755,0.17315530153896197,0.0009917485218036148,0.08622267008857759,0.22060815404618045,0.16708981092221128
190.43,0.0,16.0,7.0,0.4375,0.10050491845707556,0.12578708689051357,4.270757996992546,nan,nan,nan,nan,nan,nan,-0.056854645763209755,0.17315530153896197,0.0009917485218036148,0.08622267008857759,0.22060815404618045,0.16708981092221128
190.63,1.0,17.0,17.0,1.0,0.052733883991768614,0.07017412433966609,2.3516878117503004,-0.2,-0.019660256207196764,0.05237167153718351,-2.0054115498575382,0.6169329656923837,-1.6651210226462259,-0.1604858359072796,-0.03218872499952763,0.001317150646077625,0.9482002667134223,0.9314188187366754,0.4656502115272484
191.69,1.0,38.0,38.0,1.0,0.026952806196427908,0.11121599663871518,0.712422224283228,0.08607413093344211,-0.12,0.011739626788622861,-1.5097785432825257,0.21927794719385107,-0.7620750238947699,0.2508379081671719,0.03706936893924628,0.0036897604915222537,0.9663263241036708,0.9116734330909072,0.6347400048867742
191.89000000000001,1.0,38.0,38.0,1.0,0.024537933133501725,0.10674802013792595,0.610046843994036,0.04681176653512787,-0.06469243496567685,0.007638999973335035,-1.4570654354626666,0.14871014430953056,-0.5747373041496675,-0.026628390878254526,-0.026568305478593512,-0.002006264477250275,0.7230629520646065,0.8216492498313668,0.44492408609089246
192.09,1.0,34.0,34.0,1.0,0.024577717727200205,0.09670525996509413,0.7332806506067742,0.05213980791801727,-0.06555475320012688,0.008156105259033167,-1.3680466569559733,0.12768302768362605,-0.3969254086977903,-0.009488118362724896,0.007201891124523269,-0.000698561348260629,0.6513870247963354,0.852812733154779,0.37984721499561536
192.29000000000002,1.0,36.0,36.0,1.0,0.030721536352666372,0.11061136696941502,1.1852595909992982,0.03876722497318229,-0.04535240289446874,0.008669463507449175,-1.275944146192728,0.0955386525245552,-0.257514145725338,-0.014394491969264234,-0.008542869634552364,-0.0005096798739158137,0.6175693621806875,0.8786487232999064,0.3538301337897387
192.53,1.0,29.0,29.0,1.0,0.02813085548182406,0.0887122283011796,0.7814984488386276,0.033635228779348166,-0.03939845764660614,0.009362239556799361,-1.148093652271354,0.07741795612850087,-0.15917722273696766,-0.009374575656978745,-0.004209094227741336,-0.00025381270149210655,0.6162160541348384,0.918297882147592,0.33476957792096296
192.75,1.0,34.0,34.0,1.0,0.02943836925429641,0.10938114399444927,1.2855489494902594,0.03205824048866233,-0.015363124133994547,0.009376087388848464,-1.0299541267206147,0.06021143754775572,-0.10880523709804457,-0.0052315858662488335,-0.001215145435547342,-0.00015095351004440483,0.6159613895122591,0.9174462257710069,0.3565039139956069
192.95000000000002,1.0,18.0,18.0,1.0,0.030027586970853812,0.09646302980057082,2.586040146264708,0.03596775439306108,-0.003937294605022027,0.008628738479880336,-0.921326873244222,0.06065661051465752,-0.07387182533082372,-0.0027938064440050647,0.004073730000450054,-8.326816994398689e-05,0.44905905846984034,0.8186545508283649,0.22773502740490348
193.19,1.0,26.0,26.0,1.0,0.03371487280772344,0.09336024253443921,2.301836877260809,0.04214717869124473,0.002851242887238192,0.00894833457166319,-0.7862391047904311,0.0642241928222006,-0.048651186038926486,-0.002264766075108504,0.007034194047206475,-0.00011090467473646311,0.5986919274609837,0.9145498759667475,0.32992222877414207
193.43,1.0,34.0,34.0,1.0,0.021691483054693195,0.08408762516237495,2.7700384502695936,0.0424383541101618,0.008961302602903705,0.010460861976472164,-0.6579825878038111,0.06640816950668425,-0.033336503097863165,-0.0016596049567193516,0.0009375201691340235,-0.00014459934238925803,0.6475326784312634,0.9394305715296597,0.3779003666142116
193.65,1.0,18.0,15.0,0.8333333333333334,0.01489966168791629,0.03568770475179586,2.565630370499392,0.01406787181462899,0.03644741318808477,0.005771282454294968,-0.538021982324419,0.034145188602656924,-0.026201351711354178,-0.001640767489704209,-0.02829008784589252,-0.0001000278502347185,0.4213739327063162,0.8543276465283306,0.20868115892429126
193.89000000000001,0.0,33.0,33.0,1.0,0.020655464630292674,0.10555218675617,2.3496150706820527,nan,nan,nan,nan,nan,nan,-0.001640767489704209,-0.02829008784589252,-0.0001000278502347185,0.4213739327063162,0.8543276465283306,0.20868115892429126
194.13,1.0,31.0,31.0,1.0,0.012689711370514827,0.03459255086686207,2.283845335410481,0.011928249675562472,0.059518796218477214,0.007611147299050861,-0.27669783275931753,0.03481484886846923,-0.021094713084664363,-0.0007393295972034641,-0.006196065522757706,0.00016519273024776654,0.7465037732350905,0.9660786832509467,0.450654905926
194.39000000000001,1.0,35.0,35.0,1.0,0.014780114632564643,0.0309436144595204,2.1574407308686796,0.03857243213480648,0.04218843920960618,0.007833063042648596,-0.13119507970075367,0.05960837353121562,-0.021553695157996867,0.00042266099418614145,0.026451661186577657,0.00014395759789480672,0.6570237202449206,0.9508756221177893,0.40591798972709014
194.59,1.0,36.0,36.0,1.0,0.015198806119790107,0.035087912830395966,1.9019288426073042,0.04820138720442337,0.03683260911580531,0.0075082667113017115,-0.021582084843829213,0.06756994065784877,-0.022258982621270015,0.00021806455299371724,0.010912185297345278,-9.326299855771243e-05,0.6022018735437186,0.91516987638429,0.36454401558096244
194.83,1.0,41.0,41.0,1.0,0.015853284911065666,0.036382745378436915,0.7379063997846147,0.06776418922465721,0.022874570599286312,0.0049676125704267455,0.11003095078379366,0.08636247491892984,-0.02300623204906538,0.0004972599863750787,0.020461567543397244,-0.00015003057314180376,0.6307721567741407,0.9431172091625252,0.3614751644646267
195.05,1.0,43.0,43.0,1.0,0.012747627355530849,0.023774724979853487,0.7066222523173842,0.06848250442377622,0.0235248775938724,0.004974245219190285,0.22923200879053388,0.08640576879442056,-0.023729054225805502,0.00010388931685767488,0.001851239547338679,-0.00022165766261700306,0.6058052378056235,0.9306341004485569,0.3532600047966248
195.29000000000002,1.0,42.0,42.0,1.0,0.0158451303994643,0.03528085478013779,0.6694251935102615,0.06980951495344159,0.02228075211205246,0.00495761294408329,0.36095912515827494,0.08841229542859295,-0.024381120196889757,0.000103905364146617,0.0014331426017771404,-0.00015583732807138148,0.6214299484018693,0.9345047312146821,0.3568110111601436
195.49,1.0,43.0,43.0,1.0,0.014020909291522655,0.03775301776501223,0.8964256908136278,0.06851209009462811,0.022916233347190396,0.004965456809608575,0.4686915083738975,0.08827424885838886,-0.024860561527306754,2.9789095442267488e-05,-0.0012162848311380176,-0.00011027810442365907,0.5947697815535581,0.9034552259421057,0.3440952218229038
195.73000000000002,1.0,49.0,47.0,0.9591836734693877,0.015441336012695907,0.035587638901404504,0.7467719808212121,0.06922899710417466,0.023058956374299996,0.0049098328361072505,0.6012237121597724,0.08850771657835445,-0.02519965792225909,6.251653263322776e-05,0.0005906138131848704,-6.153450439563835e-05,0.6155644225214859,0.8775724944012885,0.3527087583443082
195.95000000000002,1.0,40.0,30.0,0.75,0.015235225055697861,0.03456483728929005,1.3388815765403876,0.06574976367289087,0.026688498857696374,0.004936748305042691,0.7202250597252822,0.08543654365602563,-0.025771368890874943,-2.991647443273404e-05,-0.0034126347789789624,-4.817280846577954e-05,0.587927682682485,0.9280597534320154,0.3350338980090536
196.15,1.0,38.0,28.0,0.7368421052631579,0.013023530082827722,0.03725795989697988,0.8547850411542098,0.0666716808478385,0.025048516508373597,0.004978660495196094,0.8291493067963771,0.08647067445301065,-0.02566657792152993,3.4188831074422055e-05,0.0006757800208416487,-8.055802499219722e-06,0.5593401545217133,0.8930061049558817,0.3148468900800213
196.39000000000001,1.0,45.0,31.0,0.6888888888888889,0.07074723733301751,0.2742065742166436,4.610052691348791,-0.12862638406348076,0.12,0.10471757681568872,0.9531496624835369,-0.10934083334949983,-0.025677073668638695,-0.005004157875735604,-0.19516316692278857,-1.1607817877064967e-05,0.2702026660750074,0.7675260236908351,0.3522857847284568
196.63,1.0,67.0,33.0,0.4925373134328358,0.23245667668327416,0.3465828976767921,5.330093969689811,-0.2,0.12,0.23701123199262047,1.0727741679490161,-0.1801196235974992,-0.025353750375067364,-0.0029316370783980528,-0.11652451718983642,0.001101129230287063,0.09411021387978229,0.47493655221128583,0.36123489780150414
196.85,1.0,72.0,39.0,0.5416666666666666,0.2386666996084201,0.3428058570894912,7.575955076608205,-0.17816913922770736,0.12,0.24387293960170284,1.1854973216053506,-0.15780445113133645,-0.026525969992337927,-0.0011413874594319307,-0.039232163639916995,0.0010067054048417954,0.1127194617595807,0.4962208020561512,0.3532666093465404
197.13,0.0,75.0,35.0,0.4666666666666667,0.27528747156709577,0.34835102408924123,7.0740506923561055,nan,nan,nan,nan,nan,nan,-0.0011413874594319307,-0.039232163639916995,0.0010067054048417954,0.1127194617595807,0.4962208020561512,0.3532666093465404
197.35,0.0,54.0,43.0,0.7962962962962963,0.27184373612807816,0.3496983979541685,5.910444091563306,nan,nan,nan,nan,nan,nan,-0.0011413874594319307,-0.039232163639916995,0.0010067054048417954,0.1127194617595807,0.4962208020561512,0.3532666093465404
197.59,0.0,38.0,28.0,0.7368421052631579,0.26106142810979166,0.32881075288285644,6.247773137964033,nan,nan,nan,nan,nan,nan,-0.0011413874594319307,-0.039232163639916995,0.0010067054048417954,0.1127194617595807,0.4962208020561512,0.3532666093465404
197.83,0.0,27.0,7.0,0.25925925925925924,0.32934527827621707,0.34857367173398524,7.234634781846805,nan,nan,nan,nan,nan,nan,-0.0011413874594319307,-0.039232163639916995,0.0010067054048417954,0.1127194617595807,0.4962208020561512,0.3532666093465404
198.05,0.0,28.0,24.0,0.8571428571428571,0.3012083333869298,0.3425159015632236,6.346311596672044,nan,nan,nan,nan,nan,nan,-0.0011413874594319307,-0.039232163639916995,0.0010067054048417954,0.1127194617595807,0.4962208020561512,0.3532666093465404
198.29000000000002,0.0,29.0,29.0,1.0,0.29201009186595583,0.33539215269543127,6.374133983972502,nan,nan,nan,nan,nan,nan,-0.0011413874594319307,-0.039232163639916995,0.0010067054048417954,0.1127194617595807,0.4962208020561512,0.3532666093465404
198.49,0.0,14.0,9.0,0.6428571428571429,0.3093511147281858,0.335199455681667,11.816520715322397,nan,nan,nan,nan,nan,nan,-0.0011413874594319307,-0.039232163639916995,0.0010067054048417954,0.1127194617595807,0.4962208020561512,0.3532666093465404
199.15,1.0,43.0,41.0,0.9534883720930233,0.17424875505076784,0.2424281098232246,6.316603453733646,0.2,-0.12,0.1758918857225301,2.1270529895311676,0.4206888422714514,0.7418578928420234,-0.13120275771972212,0.30658609383362967,0.0007558675832298745,0.6263368397200008,0.9125594216387102,0.6918192645370012
199.39000000000001,1.0,38.0,38.0,1.0,0.16563075458792156,0.21293819689064722,6.438190915627638,0.2,-0.12,0.16554957553654273,2.1573349180686465,0.4894993619315303,0.9617413892277024,-0.06534133117092811,-0.011663480632152057,-0.003200111423106944,0.5784363742919317,0.5773354032276699,0.47151684477067984
199.59,1.0,42.0,42.0,1.0,0.1350066237938045,0.16947807095737139,5.449565770411605,0.2,-0.09283981956887483,0.13334367641163075,2.1709602770255345,0.5527515056235228,1.1429832149491137,-0.04642352247230708,-0.04236979384996309,-0.0020522549822317156,0.6460183773912668,0.5253691996775416,0.38994620822958453
199.83,1.0,37.0,37.0,1.0,0.07876806514174568,0.10837529210543975,4.830587007502339,0.2,0.009372857127380108,0.0763607640831065,2.179583957448295,0.6378734218247125,1.315828920499392,-0.03186646319363451,-0.05706726483451974,-0.001455882401610209,0.8704527442652504,0.6738289957163623,0.371630431240796
200.05,1.0,36.0,36.0,1.0,0.07133563227505106,0.09908074095308086,2.0597736964827265,0.2,0.03401408606803333,0.06897977959649357,2.182138307903501,0.7270636965677074,1.4232700740637192,-0.011939728157580376,-0.04169532368824769,-0.0011171459915497728,0.8668015261507781,0.570261311092127,0.357481803826823
200.29000000000002,1.0,33.0,33.0,1.0,0.055860515296017495,0.07414636625687435,2.4800079046457997,0.2,0.04990816740569942,0.05330995189792008,2.1800819719422138,0.8303451192307308,1.4979101066978062,-0.005167313538163132,-0.03333435446900701,-0.0008525818013074282,0.920644007619682,0.6519026520903979,0.3585630205642323
200.53,1.0,33.0,33.0,1.0,0.06795172391189207,0.09159664284994024,1.243833383443546,0.2,0.08110903345437354,0.06531569088696344,2.1772521827431586,0.9457235605506902,1.538879950633054,-0.0014990203736320318,-0.01989967192943276,-0.0006690223393082116,0.8987992013137596,0.5200270016911811,0.3590455320165206
200.75,1.0,41.0,41.0,1.0,0.07070929894215373,0.09845172770576836,2.182397086508181,0.2,0.09588005669603072,0.06793388514082274,2.177685461701744,1.0515249542442922,1.5560944382565012,-0.00043956299676217725,-0.013013517076298386,-0.0004743388505348279,0.8732861466248594,0.49267790324563604,0.3522673230747973
200.99,1.0,40.0,40.0,1.0,0.08547386717167185,0.1097200683353098,1.8904588656985115,0.2,0.1143498863601968,0.08280175850828238,2.1780337592237227,1.177732729622368,1.5273048376601164,6.883677329261317e-05,-0.0008497261274325041,-0.00032006588170330197,0.8309339528788275,0.4155787956513785,0.3564405015214443
201.25,0.0,32.0,0.0,0.0,nan,nan,nan,nan,nan,nan,nan,nan,nan,6.883677329261317e-05,-0.0008497261274325041,-0.00032006588170330197,0.8309339528788275,0.4155787956513785,0.3564405015214443
201.49,0.0,31.0,0.0,0.0,nan,nan,nan,nan,nan,nan,nan,nan,nan,6.883677329261317e-05,-0.0008497261274325041,-0.00032006588170330197,0.8309339528788275,0.4155787956513785,0.3564405015214443
201.69,0.0,28.0,0.0,0.0,nan,nan,nan,nan,nan,nan,nan,nan,nan,6.883677329261317e-05,-0.0008497261274325041,-0.00032006588170330197,0.8309339528788275,0.4155787956513785,0.3564405015214443
201.89000000000001,1.0,40.0,35.0,0.875,0.08288818707315825,0.15503345225616913,6.10610804744538,0.17506579941667041,0.12,0.08666650011269862,2.32940824690582,1.681282741903735,1.1914079637048296,0.0372822197406113,0.05562126576570847,-0.00020611777049817093,0.9254956036958916,0.6543942080460717,0.5256024508195645
202.13,1.0,33.0,28.0,0.8484848484848485,0.05801718263667076,0.1034981651602994,5.994345742195805,0.2,0.12,0.05973843386498891,2.3562798409845924,1.8091844894008695,1.1497908151294034,-0.01340222784369427,0.03862671484987401,-3.2935869294981046e-05,0.8755142238565972,0.6936430494298106,0.3887280321787577
202.35,1.0,52.0,42.0,0.8076923076923077,0.07549561969496654,0.13764289859648227,5.4890790334624935,0.2,0.12,0.07565442839121454,2.400123523894578,1.9163292787740427,1.1277138410308858,0.003936214212300282,0.014538637339018612,-0.0002238853657630102,0.7846882905860715,0.5339876096793311,0.3860818785839293
202.55,1.0,54.0,48.0,0.8888888888888888,0.0866911447847671,0.13414112176673848,7.11829916597003,0.2,0.12,0.08668156769854046,2.4409390312201906,2.010319185397723,1.1159489473919264,0.004088376080599421,0.009487702506060014,-0.0001359500097206645,0.6958685395239398,0.45819865390931663,0.35647876826252606
202.79000000000002,1.0,54.0,48.0,0.8888888888888888,0.10195636998367308,0.1700472003553546,5.364536788260804,0.18866626952270454,0.12,0.10506010528926062,2.5030287330131515,2.114099790977293,1.1078015852828091,0.013544613282394202,0.0021524075420731315,-7.853441437544184e-05,0.6879566466488977,0.4197648864617947,0.35819493677367303
203.03,0.0,43.0,30.0,0.6976744186046512,0.1254747189501333,0.1615380336354977,8.932708135594577,nan,nan,nan,nan,nan,nan,0.013544613282394202,0.0021524075420731315,-7.853441437544184e-05,0.6879566466488977,0.4197648864617947,0.35819493677367303
203.25,1.0,45.0,41.0,0.9111111111111111,0.0838023244122147,0.1810497675009035,8.569437605539816,0.15296333927504635,0.12,0.09466100907740123,2.6256422189191166,2.305872593070579,1.120812826205877,0.035670499444888204,-0.014083586698856454,1.5874415380201512e-05,0.8173872560232035,0.5720997435993616,0.4266910343110448
203.49,1.0,54.0,48.0,0.8888888888888888,0.09108947442927412,0.1782023755684452,9.840229099653879,0.011602177799147836,0.12,0.09610937240409531,2.792252386971899,2.3533050688043926,1.1906328463284206,0.13118280886497846,-0.06250146653762068,0.0002462917725503111,0.7583225745381225,0.48807785042531177,0.3858201452462777
203.75,1.0,42.0,37.0,0.8809523809523809,0.044061389277127654,0.11691642266788692,9.755479906623888,0.06112963761426067,0.12,0.04727526145579632,2.7661078011264695,2.4931960077013584,1.32551318065277,-0.025454851655299482,-0.0035823331711131168,0.0009943454695531262,0.9408025193775064,0.7456653289116594,0.37663930724067796
203.95000000000002,1.0,44.0,44.0,1.0,0.021961555713833604,0.05695838090698322,4.136106649626323,0.2,0.054944790230729304,0.020673640433123024,2.6278177994181915,2.601272033342133,1.456655644464285,-0.14115241348044494,0.00558803760453408,0.000466014069002929,0.8964819426220371,0.6157241224104996,0.3525137617238668
204.19,1.0,37.0,32.0,0.8648648648648649,0.04481684588165308,0.09200614344179617,3.641271905682838,0.2,0.011584754600396555,0.04477787205795594,2.607854377185882,2.682871855723416,1.6454116619568167,-0.015023001993819562,-0.04102241114643723,-0.0009604471870743314,0.9326720417292723,0.6280376718225985,0.35651352724626173
204.43,1.0,34.0,32.0,0.9411764705882353,0.0658754072411397,0.10212332812374866,2.528745315222612,0.2,-0.01582542638764396,0.06329285783702243,2.5698123629580474,2.7542251544002943,1.8446295215867397,0.006674812520036433,-0.05414132587013132,-0.0009234574862722056,0.8857222792673359,0.5502030245000386,0.35821826120185174
204.69,1.0,55.0,48.0,0.8727272727272727,0.13137410071424013,0.15597539880702535,1.2672013171726748,0.2,0.07075205334191176,0.12916702960433923,2.512088509173979,2.8368199163393304,2.001004677859301,0.016861198513003828,-0.054268855777523495,-0.0008560890925615183,0.6612137816714623,0.317249608293861,0.3658001138637412
204.89000000000001,1.0,47.0,44.0,0.9361702127659575,0.13790863786535273,0.16522982124745517,1.3816188393119868,0.2,0.09844295863166178,0.13510605947957946,2.462684656607506,2.9164492979910994,2.037802030974966,0.01936679087757076,-0.04688801702106682,-0.000676602482731159,0.5865408494641299,0.3282414921442485,0.3480503265158061
205.13,0.0,41.0,5.0,0.12195121951219512,0.33077843397569257,0.3498432357356953,11.390099706426575,nan,nan,nan,nan,nan,nan,0.01936679087757076,-0.04688801702106682,-0.000676602482731159,0.5865408494641299,0.3282414921442485,0.3480503265158061
205.33,0.0,48.0,4.0,0.08333333333333333,0.34258496458187343,0.3494271269162867,8.81642696888738,nan,nan,nan,nan,nan,nan,0.01936679087757076,-0.04688801702106682,-0.000676602482731159,0.5865408494641299,0.3282414921442485,0.3480503265158061
205.55,0.0,40.0,0.0,0.0,nan,nan,nan,nan,nan,nan,nan,nan,nan,0.01936679087757076,-0.04688801702106682,-0.000676602482731159,0.5865408494641299,0.3282414921442485,0.3480503265158061
205.79000000000002,0.0,28.0,0.0,0.0,nan,nan,nan,nan,nan,nan,nan,nan,nan,0.01936679087757076,-0.04688801702106682,-0.000676602482731159,0.5865408494641299,0.3282414921442485,0.3480503265158061
205.99,0.0,37.0,0.0,0.0,nan,nan,nan,nan,nan,nan,nan,nan,nan,0.01936679087757076,-0.04688801702106682,-0.000676602482731159,0.5865408494641299,0.3282414921442485,0.3480503265158061
206.19,0.0,31.0,0.0,0.0,nan,nan,nan,nan,nan,nan,nan,nan,nan,0.01936679087757076,-0.04688801702106682,-0.000676602482731159,0.5865408494641299,0.3282414921442485,0.3480503265158061
206.63,0.0,31.0,0.0,0.0,nan,nan,nan,nan,nan,nan,nan,nan,nan,0.01936679087757076,-0.04688801702106682,-0.000676602482731159,0.5865408494641299,0.3282414921442485,0.3480503265158061
206.73000000000002,0.0,33.0,1.0,0.030303030303030304,0.3187104254046493,0.3187104254046493,4.662115150717591,nan,nan,nan,nan,nan,nan,0.01936679087757076,-0.04688801702106682,-0.000676602482731159,0.5865408494641299,0.3282414921442485,0.3480503265158061
207.49,0.0,33.0,1.0,0.030303030303030304,0.3187104254046493,0.3187104254046493,4.662115150717591,nan,nan,nan,nan,nan,nan,0.01936679087757076,-0.04688801702106682,-0.000676602482731159,0.5865408494641299,0.3282414921442485,0.3480503265158061
207.53,0.0,46.0,0.0,0.0,nan,nan,nan,nan,nan,nan,nan,nan,nan,0.01936679087757076,-0.04688801702106682,-0.000676602482731159,0.5865408494641299,0.3282414921442485,0.3480503265158061
207.69,0.0,49.0,2.0,0.04081632653061224,0.3466727280466395,0.3492497203509006,2.088404064091602,nan,nan,nan,nan,nan,nan,0.01936679087757076,-0.04688801702106682,-0.000676602482731159,0.5865408494641299,0.3282414921442485,0.3480503265158061
207.73000000000002,1.0,47.0,47.0,1.0,0.15755672651596664,0.18867312807291808,2.919463282292107,0.2,0.02453942692742907,0.15550045845540642,2.718978988086744,4.457376164849454,1.0916498976767892,0.01755689119775594,0.14741847089196902,-0.0005343637690207181,0.9123469929592956,0.7104515750700614,0.721898332682917
208.03,1.0,49.0,49.0,1.0,0.1877296473041695,0.2150394848234815,2.7869593193719777,0.2,0.015010330363347275,0.18558499031090658,2.77961238176363,4.590297552537742,1.0968045185588087,0.002180611845612024,0.041769396217691046,-0.002085506458125108,0.4997463371415075,0.39479660039470643,0.492579895671648
208.29000000000002,1.0,42.0,42.0,1.0,0.20123167065525707,0.21731652154317593,1.7986660135742238,0.2,-0.028337439142036118,0.19989953486705322,2.8191146957601707,4.693661097582677,1.1486017861541278,-0.0014457653539836635,0.016040749696698775,-0.0012848536260499088,0.4104225850390132,0.30767939198549105,0.4152306762872232
208.35,1.0,40.0,40.0,1.0,0.15814739750131263,0.17451602371014174,2.3942781450064516,0.2,-0.0013116608972282855,0.15661233665289248,2.829994915319582,4.731393085059909,1.1666336031481093,-0.001395993650957994,0.007732594735935017,-0.000814316981312624,0.43228200124551625,0.34713528779513647,0.31750486188471083
208.53,1.0,47.0,47.0,1.0,0.1422141152598072,0.1696982913941021,2.1420617357985385,0.2,-0.004688167895857165,0.1401811791221565,2.8471257652577355,4.80016233238696,1.252298083660465,-0.006453283732506421,-0.01104500939418429,-0.0005845621133144797,0.48967858073669773,0.3580229982493444,0.3190483374563147
208.63,0.0,47.0,47.0,1.0,0.1422141152598072,0.1696982913941021,2.1420617357985385,nan,nan,nan,nan,nan,nan,-0.006453283732506421,-0.01104500939418429,-0.0005845621133144797,0.48967858073669773,0.3580229982493444,0.3190483374563147
208.83,0.0,47.0,47.0,1.0,0.1422141152598072,0.1696982913941021,2.1420617357985385,nan,nan,nan,nan,nan,nan,-0.006453283732506421,-0.01104500939418429,-0.0005845621133144797,0.48967858073669773,0.3580229982493444,0.3190483374563147
209.05,0.0,47.0,47.0,1.0,0.1422141152598072,0.1696982913941021,2.1420617357985385,nan,nan,nan,nan,nan,nan,-0.006453283732506421,-0.01104500939418429,-0.0005845621133144797,0.48967858073669773,0.3580229982493444,0.3190483374563147
209.25,0.0,47.0,47.0,1.0,0.1422141152598072,0.1696982913941021,2.1420617357985385,nan,nan,nan,nan,nan,nan,-0.006453283732506421,-0.01104500939418429,-0.0005845621133144797,0.48967858073669773,0.3580229982493444,0.3190483374563147
209.45000000000002,0.0,47.0,47.0,1.0,0.1422141152598072,0.1696982913941021,2.1420617357985385,nan,nan,nan,nan,nan,nan,-0.006453283732506421,-0.01104500939418429,-0.0005845621133144797,0.48967858073669773,0.3580229982493444,0.3190483374563147
209.69,1.0,27.0,26.0,0.9629629629629629,0.06435942246882101,0.08979800210662678,2.9992535398587643,0.2,0.06938931994663933,0.06108131035711716,2.7311931556088647,5.288807216268092,1.8390291618797565,-0.006624183682824913,-0.12306345336070734,-0.00041794315457832637,0.9701271571000681,0.8326091246405802,0.5104251681638117
210.05,1.0,21.0,21.0,1.0,0.05992893315962192,0.07930116028390746,2.360278075741954,0.2,0.06404511789208672,0.057829636715157694,2.66423803773136,5.463565708731089,1.890083752319713,0.004367686567171791,-0.030196297110940407,-0.0015164276008206024,0.8041109556659222,0.6159164433594051,0.3776502111697648
210.13,1.0,35.0,31.0,0.8857142857142857,0.04287495422814153,0.14795672603877263,5.759933760464604,0.2,0.12,0.046055970471650616,2.646340835551538,5.500551177305713,1.8969366742830116,0.0032048347298143653,-0.013156099149002287,-0.001224308229747617,0.7589818450659115,0.6173009030069542,0.38330746270610005
210.33,1.0,24.0,24.0,1.0,0.12747489136165505,0.18827965377017977,6.60257602202169,0.09197830282355829,0.12,0.1270779281918903,2.7055246692422563,5.634260955338818,1.9097384216013038,0.10425176815077641,0.028325669698387124,-0.0008364391866948484,0.5405284506025282,0.197538885256486,0.29713995493511897
210.55,1.0,30.0,22.0,0.7333333333333333,0.07451079603861376,0.1532078420726422,5.426914550500862,0.18414978723638734,0.12,0.07877695792782737,2.572710649567326,5.716349512174191,1.919980694660686,-0.04230448060151781,-0.024075226378347026,-1.3785001370614223e-05,0.7896407878587751,0.4310910939394232,0.2853609403958456
210.79000000000002,1.0,35.0,30.0,0.8571428571428571,0.11470504148555216,0.19006875496571998,5.688517667433419,0.14926307132477903,0.12,0.1159858228651385,2.55877824684996,5.83568420843151,1.9288686765326437,0.02796101941126805,0.0033062091445961173,-0.00033679060780111847,0.7021613635209909,0.3511439356516667,0.36633638650382666
211.03,1.0,39.0,36.0,0.9230769230769231,0.08448116944723646,0.1276618749363106,4.23693046067155,0.19023385698036066,0.12,0.08507030767616418,2.4718498892180736,5.933763126623846,1.9301138373864937,-0.030456154246008893,-0.01667655209374974,-8.275942836388772e-05,0.8346684147478061,0.5397094792861111,0.37200627982507845
211.29000000000002,0.0,35.0,3.0,0.08571428571428572,0.33022959193700635,0.3452797757201978,9.524744253359732,nan,nan,nan,nan,nan,nan,-0.030456154246008893,-0.01667655209374974,-8.275942836388772e-05,0.8346684147478061,0.5397094792861111,0.37200627982507845
211.49,0.0,45.0,1.0,0.022222222222222223,0.33968447540218294,0.33968447540218294,0.24784523010894552,nan,nan,nan,nan,nan,nan,-0.030456154246008893,-0.01667655209374974,-8.275942836388772e-05,0.8346684147478061,0.5397094792861111,0.37200627982507845
211.69,0.0,40.0,0.0,0.0,nan,nan,nan,nan,nan,nan,nan,nan,nan,-0.030456154246008893,-0.01667655209374974,-8.275942836388772e-05,0.8346684147478061,0.5397094792861111,0.37200627982507845
211.89000000000001,0.0,47.0,0.0,0.0,nan,nan,nan,nan,nan,nan,nan,nan,nan,-0.030456154246008893,-0.01667655209374974,-8.275942836388772e-05,0.8346684147478061,0.5397094792861111,0.37200627982507845
212.13,0.0,49.0,1.0,0.02040816326530612,0.34658658476276855,0.34658658476276855,10.779647853440752,nan,nan,nan,nan,nan,nan,-0.030456154246008893,-0.01667655209374974,-8.275942836388772e-05,0.8346684147478061,0.5397094792861111,0.37200627982507845
212.33,0.0,44.0,0.0,0.0,nan,nan,nan,nan,nan,nan,nan,nan,nan,-0.030456154246008893,-0.01667655209374974,-8.275942836388772e-05,0.8346684147478061,0.5397094792861111,0.37200627982507845
212.55,0.0,45.0,0.0,0.0,nan,nan,nan,nan,nan,nan,nan,nan,nan,-0.030456154246008893,-0.01667655209374974,-8.275942836388772e-05,0.8346684147478061,0.5397094792861111,0.37200627982507845
212.79000000000002,0.0,38.0,0.0,0.0,nan,nan,nan,nan,nan,nan,nan,nan,nan,-0.030456154246008893,-0.01667655209374974,-8.275942836388772e-05,0.8346684147478061,0.5397094792861111,0.37200627982507845
212.99,0.0,32.0,0.0,0.0,nan,nan,nan,nan,nan,nan,nan,nan,nan,-0.030456154246008893,-0.01667655209374974,-8.275942836388772e-05,0.8346684147478061,0.5397094792861111,0.37200627982507845
213.23000000000002,0.0,30.0,0.0,0.0,nan,nan,nan,nan,nan,nan,nan,nan,nan,-0.030456154246008893,-0.01667655209374974,-8.275942836388772e-05,0.8346684147478061,0.5397094792861111,0.37200627982507845
213.45000000000002,0.0,30.0,0.0,0.0,nan,nan,nan,nan,nan,nan,nan,nan,nan,-0.030456154246008893,-0.01667655209374974,-8.275942836388772e-05,0.8346684147478061,0.5397094792861111,0.37200627982507845
213.69,0.0,40.0,0.0,0.0,nan,nan,nan,nan,nan,nan,nan,nan,nan,-0.030456154246008893,-0.01667655209374974,-8.275942836388772e-05,0.8346684147478061,0.5397094792861111,0.37200627982507845
213.93,1.0,67.0,67.0,1.0,0.10265931098973628,0.18740067474056166,9.106741881795374,0.2,0.12,0.10741865838501884,2.417987919766373,7.4887405014590955,1.1707179474308216,-0.008690131678640967,0.1410497878013537,-0.00022545326638501173,0.9735058797909778,0.8640044164675352,0.7314830254330188
214.13,1.0,44.0,42.0,0.9545454545454546,0.10033327009892468,0.19509679845092245,10.073724333966572,0.2,0.12,0.10633186085857711,2.4570297508412358,7.584213571047413,1.1590781094268738,0.00040236952959471495,0.021305946032202705,-0.001073233202295798,0.7405732649172317,0.5603501941815698,0.4732769333692141
214.39000000000001,1.0,49.0,47.0,0.9591836734693877,0.13158850503915132,0.21481579260078448,6.420892082890415,0.2,0.12,0.1321973289759519,2.505749766932752,7.708867902075581,1.1528100655773112,0.0025933448882011767,0.01052541416618169,-0.0006336418167725011,0.7072539581896162,0.40701476571513606,0.4088500576690363
214.63,1.0,49.0,47.0,0.9591836734693877,0.12887353866622436,0.19911007771266126,4.54813056371725,0.2,0.12,0.12931494214699218,2.5522257214724657,7.824590789082584,1.1505179573750794,0.0027162645927725215,0.007071744370782618,-0.0003785383691918831,0.7040302045714484,0.4121539503157907,0.37907773754428353
214.83,1.0,43.0,43.0,1.0,0.10077789934813143,0.17501397256707985,5.378916913340171,0.2,0.12,0.10355573056385904,2.588957705373629,7.914167552535642,1.1504442235016679,0.001974632767703266,0.004603662843462253,-0.0002322310207001355,0.732863887271046,0.4857932058948894,0.3536424741052403
215.03,1.0,31.0,29.0,0.9354838709677419,0.08879913392541947,0.17811083279295606,6.857766469305645,0.2,0.12,0.0934867412626687,2.6240653089223653,8.00344979478279,1.1636898733839702,0.00010854136787186164,0.00020871180242565401,-0.00014714237055413193,0.7322652269849971,0.47277023183119454,0.32102535998400294
215.25,1.0,21.0,21.0,1.0,0.07143865626135086,0.12161081947935348,8.4778340558401,0.2,0.12,0.07196068706343103,2.6505195146715534,8.100902532998344,1.2153774490414682,-0.0037782185035943883,-0.009471845119518818,-9.966232789815344e-05,0.7930876707241113,0.49292126408002224,0.2613332672965014
215.49,1.0,21.0,21.0,1.0,0.09358550015945113,0.11622343738568414,2.2535179185358625,0.2,0.01757776594903621,0.09178419128356559,2.6660286300372618,8.19428778066236,1.3276005986402115,-0.008650586060122922,-0.026744921626155715,-9.258259521227608e-05,0.7419107681759288,0.3535053448604592,0.2824636028315013
215.69,1.0,21.0,21.0,1.0,0.08666402617728111,0.10879372778595842,1.8404893429042113,0.2,-0.01681701718665534,0.08509994236953324,2.664072940303513,8.270771556059753,1.4488869168168739,-0.009623192247514734,-0.04210087940304419,-0.00011671195894802366,0.762576644693588,0.37642734862883975,0.2819419435762682
215.93,1.0,38.0,38.0,1.0,0.07301173468851883,0.0924019706614998,2.288168387333284,0.2,-0.0731280345586989,0.07102807491386154,2.6409949351366957,8.353898309948017,1.6286489565128477,-0.006008492745716243,-0.06272798417806236,-0.0002070337727613225,0.9088000863412771,0.5694189141298501,0.38690351627297115
216.15,1.0,42.0,42.0,1.0,0.03429159096650467,0.05854285641175947,2.5342618135391577,0.2,-0.09508097332964002,0.031129765084996923,2.6092562632294296,8.417376438629228,1.8149817631116711,0.005718077898818397,-0.06372326462652289,-0.00042961365994176326,0.9255394626264661,0.6901571405627109,0.3637235961500441
216.39000000000001,1.0,44.0,31.0,0.7045454545454546,0.01690076031438751,0.03930045104931821,1.7771232532815728,0.2,-0.12,0.012440827417251141,2.5599832913597282,8.480388041338236,2.0163484075843705,0.01768154788300169,-0.05786519057394379,-0.0006492928931907116,0.882954464838973,0.6814116897027752,0.3538366858859071
216.63,1.0,40.0,39.0,0.975,0.07107728096893719,0.11882413958385717,9.954326746274019,0.2,-0.12,0.07403323597618015,2.4947419341475143,8.546900318268193,2.181720208149672,0.02545153678877199,-0.048937804872887014,-0.0008083792784732147,0.7470671386439767,0.5883540233060975,0.36178725507063764
216.85,1.0,38.0,37.0,0.9736842105263158,0.08961193041041839,0.12878946750092995,7.57184667892882,0.2,-0.12,0.09051587116749636,2.419053334186372,8.62245415243794,2.273538270159558,0.027738297965482772,-0.039835596701887965,-0.0007451058383560749,0.6361298389009226,0.5514986826668461,0.3533962761363135
217.09,1.0,36.0,30.0,0.8333333333333334,0.07795577267092986,0.12166494762861284,9.91099820632666,0.2,-0.12,0.07985801158551882,2.3325194347846008,8.694582911363199,2.351834335432586,0.029598584847343457,-0.03553377371613209,-0.0006174195609962574,0.6636102577458126,0.6486941417967113,0.3422196704793409
217.29000000000002,1.0,30.0,14.0,0.4666666666666667,0.10330372468515735,0.13115643689617132,8.746832606023244,0.2,-0.12,0.10267200814774723,2.263622332527514,8.751039911388292,2.3920452738038342,0.022988678281002706,-0.024058574766437246,-0.0005515424173632155,0.3631915008949687,0.3854240430002375,0.18914541016014977
217.53,1.0,46.0,33.0,0.717391304347826,0.06638352509812184,0.12690179665749662,9.139552895717193,0.2,-0.12,0.07103340767422804,2.1729855079346745,8.819856946172063,2.416715623353771,0.02303345619411168,-0.02255847320072668,-0.0004880148711490229,0.7313997202996257,0.7669389004733318,0.38791110428870285
217.75,1.0,41.0,28.0,0.6829268292682927,0.061852563864932854,0.12418223458612358,9.962550782327366,0.2,-0.12,0.0656701269441384,2.089527588805837,8.889076065446641,2.4276122492844188,0.011570017509009212,-0.0104568492054824,-0.0003946352483463756,0.6710029283475653,0.7223352875413481,0.33382150383483333
217.99,1.0,52.0,31.0,0.5961538461538461,0.020124591228103603,0.03897620006308947,2.8887546385970237,-0.18602557060071911,0.012917922639080254,0.014737007453707214,2.2529454790868617,9.250859309219997,2.4416557169358537,0.25652077277010465,0.2884648348298544,-0.00028721404877884993,0.7761868633828031,0.8216282604988485,0.36097160004494716
218.19,1.0,48.0,29.0,0.6041666666666666,0.05901676495289609,0.09377249156730812,1.6002622728980405,-0.2,0.030650675444097403,0.057289190561219935,2.1778879144943506,9.328658868823766,2.4372660586310886,0.028124318923616887,0.02687481686354154,0.00223412472760609,0.6701025719128432,0.7283422321876638,0.328782070990039
218.39000000000001,1.0,43.0,32.0,0.7441860465116279,0.05591274705394528,0.08097849865586187,1.2539461496587945,-0.2,0.026116712375524105,0.05450928669861836,2.0974681070912093,9.3916119827295,2.4470632217415194,0.002784192078689518,0.003312274320355968,0.0017909872773693714,0.7104293747045061,0.7681462768440895,0.346721748532993
218.63,1.0,40.0,33.0,0.825,0.03486512935210278,0.052774670545263073,1.7892033526121582,-0.2,-0.0014557057906194847,0.030945580622540065,1.9922994980106732,9.463393646847782,2.4968109220204697,-0.007608811600226861,0.0063779049272039146,0.0012002961983559326,0.7515197516450183,0.8327411940267283,0.3541801529150263
218.85,1.0,49.0,40.0,0.8163265306122449,0.07834497571885335,0.10500793015592955,5.852877307010854,-0.2,0.042202308922690016,0.07768162841948636,1.8783213708484903,9.526813862249412,2.5971680842077483,-0.019481792050183966,0.013340272287388544,0.000797773112009903,0.5173090315626219,0.7205519889972659,0.3502445268174712
219.09,1.0,44.0,44.0,1.0,0.05579446171614986,0.0920735485212958,5.146732897966076,-0.2,0.007429613049808781,0.05532637175966852,1.7403323537963322,9.577061722761892,2.746396162664084,-0.03872284692107075,0.021128916103732465,0.0005618961544464618,0.6728884098021707,0.8746886752532894,0.3555997352867466
219.33,1.0,41.0,41.0,1.0,0.0464452448678392,0.08203177074551957,4.6695101570330815,-0.2,-0.010899000195413493,0.04661892424889335,1.5898682598173668,9.604870580647761,2.919889794765303,-0.04808089281439765,0.017478452544088086,0.0005341308766757535,0.6703919186016974,0.9277834196080864,0.35784465154732525
219.55,1.0,40.0,40.0,1.0,0.061142279837231264,0.09793225151151502,7.3259601872144176,-0.2,0.06778356037765446,0.06100455843979354,1.4479585666208918,9.603444313061656,3.0676178938185403,-0.046184465087190985,0.008692667613125593,0.0005505003682859666,0.5171197220608643,0.8953236255122418,0.3517497613843056
219.79000000000002,1.0,35.0,35.0,1.0,0.05619405987156759,0.08495960377954254,6.905621950828164,-0.2,0.12,0.05644500071570142,1.2913818638182772,9.585979326210232,-3.090674685233426,-0.047539013953194376,0.0026421785578154555,0.0005944822663583871,0.5874744883493155,0.9181689543873667,0.35616167366171875
220.03,1.0,30.0,30.0,1.0,0.0439872177519351,0.08254574054788427,7.616104721810496,-0.2,0.12,0.046675324207117216,1.1480078904886455,9.55896526509917,-3.0046175873363974,-0.0366958496360863,-0.002027690699565099,0.0006288411502977099,0.6221343055257637,0.9348573701387017,0.3433497898838962
220.25,1.0,38.0,38.0,1.0,0.026728577411516907,0.05315903852314087,7.022959986431017,-0.2,0.12,0.02307282034831717,1.030582498156394,9.532174294493892,-2.9556652106179833,-0.023599164316295385,-0.0032896582756016812,0.0005663022111801475,0.620573905402518,0.9211889704301368,0.355267214275249
220.49,1.0,32.0,32.0,1.0,0.031217623636933256,0.06224387286348433,6.628774622501594,-0.2,0.12,0.02960391198071766,0.9103383162219487,9.498924258010568,-2.924422313575151,-0.015250471257034826,-0.0029041023477045513,0.00043133628179514716,0.6360531250404811,0.9202864594340997,0.35768070285663434
220.75,1.0,38.0,38.0,1.0,0.050926700120956125,0.08555311480424459,6.506085335004089,-0.2,0.12,0.0493942843660745,0.7805928841293927,9.46314805976429,-2.907348608603169,-0.009055593926088124,-0.0020214578717183684,0.00031996096442199473,0.6470266654669519,0.9342774465128043,0.3655555742435722
220.99,1.0,35.0,32.0,0.9142857142857143,0.015013967197856058,0.03816757977466928,2.322853753113699,-0.0769051270173544,0.08223535865441253,0.007802641118262344,0.6935660081675733,9.308329053679198,-2.899852271117686,0.024676051890270334,-0.12068103318133616,0.0002217540737516899,0.6422755594473382,0.9159763897728657,0.36188264140428045
221.19,1.0,36.0,36.0,1.0,0.016319030498257663,0.04508921027044056,4.186509189706083,-0.09910450044595427,0.10848326775524238,0.010575692039341281,0.592980496695058,9.30210462679922,-2.8971493733387415,-0.005398214650703337,0.013178164214661336,-0.000666443805758643,0.6156356822178198,0.8970424112788479,0.3463412714930944
221.43,1.0,33.0,33.0,1.0,0.015752213050280867,0.03605015955540797,2.622067142651078,-0.0638035162899899,0.09882212912633984,0.00770673476338875,0.48828674364101277,9.237397354824799,-2.9221476536027424,0.008999664810739938,-0.03289616311904631,-0.000333310164369216,0.6451418651719535,0.9280140039446692,0.35402077641889707
221.65,1.0,31.0,31.0,1.0,0.012317636007659291,0.039342846663209315,1.7050641660433035,-0.04918079967278867,0.09626920741192788,0.006223271668531257,0.3847186565557372,9.20737755063187,-2.980130486420745,0.006960016478117503,-0.01545222163794513,-0.0004015437279281109,0.6075477156656447,0.9189657844504893,0.3429717302832078
221.85,1.0,27.0,26.0,0.9629629629629629,0.014275088674515945,0.03576943972699345,2.2471999445890725,-0.036781790655482816,0.06388264479149924,0.005559602195107731,0.2854177448451333,9.184487387542855,-3.040119067776451,0.00607297152211328,-0.012787403620265536,-0.00036737047707013915,0.5440044045296845,0.8772576868570174,0.2977704804999722
222.09,1.0,31.0,30.0,0.967741935483871,0.01418429977433941,0.04174607511183277,2.7122359250133803,-0.05385446837059198,0.08857647649760184,0.007041028978656459,0.1570718104292089,9.193501608961475,-3.0967508242557042,0.003592556506523431,0.015916662442966967,-0.0003776933191028675,0.6156494124504878,0.9310829459017774,0.3474482595309663
222.29000000000002,1.0,27.0,27.0,1.0,0.014678467194949689,0.0313112234887226,3.4082878894638915,-0.05807354658497008,0.0895662758735286,0.007180261252771727,0.04486595677599329,9.193086065380463,-3.1268160304819963,0.0031966536740644994,0.005436847854531024,-0.00013349465194822943,0.5607931219881898,0.9070504829190026,0.31239416108354046
222.49,1.0,32.0,32.0,1.0,0.015763631582731745,0.04111110746955228,2.6435405804037804,-0.05220741965269714,0.08470033535190472,0.008681306078202278,-0.06551884873709278,9.185443562637538,3.134560159705364,0.0026633644052838357,-0.005330193224574842,-5.192513598828441e-05,0.6033295847206408,0.9228052754472407,0.34984924242674753
222.73000000000002,1.0,37.0,37.0,1.0,0.017833668062744962,0.03619399744733359,2.07378008683601,-0.03838283773276886,0.0660401983365083,0.010358359607664387,-0.1926469762747872,9.171591554167229,3.1178289793545257,0.0016090966434779141,-0.014239827433240038,-7.633665628192787e-05,0.6309812627015587,0.9487927782065597,0.3554740884766586
222.95,1.0,39.0,30.0,0.7692307692307693,0.016584042951345572,0.03465337435258761,3.089033916122531,-0.04537749245391784,0.0726200998455568,0.009107112600935266,-0.31325365763251956,9.178260602098232,3.108883299347074,0.0012679360408798246,0.006255574298220878,-0.00012557097686638485,0.5903988915382128,0.9344673816321969,0.3362138991918828
223.19,1.0,49.0,42.0,0.8571428571428571,0.01639852663230492,0.08202277254954535,5.84756501918092,-0.014109986109456303,0.05082583266231422,0.017968914480807084,-0.4465421536073281,9.14914861801772,3.101654945083011,-0.0004697332139157462,-0.030852534550467325,-4.658160331327821e-05,0.6251198676169509,0.9423420354068169,0.35904777180957026
223.43,1.0,46.0,31.0,0.6739130434782609,0.12361329845653267,0.2920558174023883,11.351221299976423,0.2,-0.12,0.1536384547570034,-0.5748617134435068,8.937899027402505,3.0979320176955234,-0.009084744435232661,-0.21565459761497507,-0.00022427823424697738,0.15169052893940613,0.6675902352769726,0.3520674871673358
223.69,1.0,42.0,27.0,0.6428571428571429,0.16450263699772993,0.2995913851950895,14.862322697928658,0.2,-0.12,0.1887339437410972,-0.7038311069543935,8.93781415751382,3.094078762456034,-0.0036611118632133843,-0.07133956699714439,-0.0008616681087216805,0.13504052526078159,0.6241978567317867,0.3293778120799061
223.93,1.0,32.0,21.0,0.65625,0.107645979368613,0.2887929721601945,11.88483316787853,0.2,-0.12,0.12790561416337928,-0.8244167585617629,8.939643270973649,3.0936775147818754,-0.0016401991250409864,-0.02664090646056927,-0.0007796942418467623,0.2535469893727956,0.7390056011441682,0.27983710659974564
224.13,1.0,39.0,29.0,0.7435897435897436,0.21091173686764073,0.30422567421952795,9.947693425797446,0.2,-0.12,0.21881367785104394,-0.926136450191006,8.941257332536258,3.0935453354723066,-0.0006439829730729985,-0.0068535754555458794,-0.0006642327553341155,0.13951371587876632,0.4677677240658954,0.3501529008834736
224.39,1.0,37.0,18.0,0.4864864864864865,0.12782558656027648,0.17602907348915062,12.59656563206497,-0.2,-0.12,0.13172352036705726,-1.0363355675688142,9.339899880851764,3.0926576121118092,0.01894113123602792,0.39593814818141126,-0.00045201712431186536,0.24943688481659995,0.7130173751029955,0.25387771699600575
224.59000000000003,1.0,31.0,26.0,0.8387096774193549,0.22493351454951904,0.3395590721401077,11.821942273609597,0.2,-0.12,0.23654423664042953,-1.1524401549955976,8.942003532722731,3.102323978647746,-0.01226092197970785,-0.2865287574702329,0.0012454537592505588,0.12515757714590953,0.41738044211038405,0.3348128461417234
224.79000000000002,1.0,17.0,8.0,0.47058823529411764,0.20514981927394,0.23075750425148966,10.92434472688512,-0.2,-0.12,0.2037449658660673,-1.245383726548189,9.336637046780515,-3.141523379436126,0.0007797080301039649,0.23308701239821694,3.85697438414212e-05,0.060844420246082595,0.2523873691560414,0.12670005559203593
224.99,0.0,22.0,17.0,0.7727272727272727,0.2828982930409733,0.34474595301374805,10.158450598745665,nan,nan,nan,nan,nan,nan,0.0007797080301039649,0.23308701239821694,3.85697438414212e-05,0.060844420246082595,0.2523873691560414,0.12670005559203593
225.23000000000002,0.0,15.0,3.0,0.2,0.3409470995282479,0.345405474151014,8.69918535930507,nan,nan,nan,nan,nan,nan,0.0007797080301039649,0.23308701239821694,3.85697438414212e-05,0.060844420246082595,0.2523873691560414,0.12670005559203593
225.45,0.0,23.0,0.0,0.0,nan,nan,nan,nan,nan,nan,nan,nan,nan,0.0007797080301039649,0.23308701239821694,3.85697438414212e-05,0.060844420246082595,0.2523873691560414,0.12670005559203593
225.65000000000003,0.0,37.0,0.0,0.0,nan,nan,nan,nan,nan,nan,nan,nan,nan,0.0007797080301039649,0.23308701239821694,3.85697438414212e-05,0.060844420246082595,0.2523873691560414,0.12670005559203593
225.85000000000002,1.0,43.0,11.0,0.2558139534883721,0.03412588073678661,0.08254957401010758,12.884265990915253,0.2,0.022397809848095,0.03714860264845381,-1.5685974598153143,8.751620541782934,-2.426399034588017,0.13107979247859913,-0.17697557456179247,0.0005246125227298393,0.8159917761443771,0.9509709939335694,0.322830739823507
226.09000000000003,1.0,49.0,22.0,0.4489795918367347,0.048958229072114404,0.10309669677406726,4.798465770024166,0.2,-0.11465684534240522,0.051754872082097426,-1.6015914191416434,8.680623472542687,-2.2169790560650307,0.045276509379289065,0.02729232674222004,-0.0036971476748290932,0.8276701576184583,0.7810561981744322,0.4389117568701096
226.32999999999998,1.0,53.0,51.0,0.9622641509433962,0.07144215888892853,0.1667452985397351,4.926726650431958,-0.2,-0.09001130189671853,0.08365301368873515,-1.9829258317749547,8.780100043971354,-2.0459562429321734,-0.3271154095005975,0.22279875877210742,-0.002666723728477205,0.7704011426742269,0.5329971959910177,0.45630140466740304
226.55,1.0,46.0,42.0,0.9130434782608695,0.06293104349067186,0.14537085164121819,10.320331848484797,-0.2,-0.0559822974129415,0.07484726089855842,-2.0253833913612307,8.655234045783061,-1.9436200521615972,-0.0448776082692357,0.02884231314801866,0.0012276361034029293,0.81409318585966,0.5450421808563243,0.3905557881285303
226.79000000000002,1.0,49.0,40.0,0.8163265306122449,0.07165111859873838,0.14878506215334356,8.660369703050248,-0.2,-0.038340229941197006,0.08144360953428734,-2.0573238591551726,8.52547199922269,-1.8753859058938325,-0.00893343757039533,-0.005727502064049261,0.0010723523716509309,0.8109488375512709,0.48558295933419904,0.3718832572907504
227.03000000000003,1.0,43.0,41.0,0.9534883720930233,0.06774893586845662,0.1542538465625673,7.625630922712794,-0.2,-0.031049228363780056,0.07355283756476161,-2.080129475417101,8.402826099387466,-1.8328488093763602,-0.004670813223719428,-0.012192982172978262,0.0007360569064307487,0.8651887881051814,0.5410287242634956,0.3644862505597962
227.25,1.0,42.0,35.0,0.8333333333333334,0.07310785922109365,0.10765860574276186,3.5010556220018363,-0.2,0.0009299964407640718,0.07277433492914423,-2.1067822239879717,8.28855559093376,-1.8117738595571578,-0.0027998806978768442,-0.010142127402074763,0.000509623874382914,0.847007516015255,0.5103182180994429,0.35454239541324006
227.49,1.0,41.0,34.0,0.8292682926829268,0.08215484364887282,0.11358910001751973,3.3188053976375995,-0.2,0.006805604989431443,0.0811834186777843,-2.127878620291634,8.163857767964577,-1.7914020570361415,-0.002228431032771816,-0.009190089177684158,0.0003442831998983209,0.8278594418297992,0.4598830963552084,0.3573817181660966
227.73000000000002,1.0,31.0,28.0,0.9032258064516129,0.057653879593902065,0.0750379229844827,3.1850872478444368,-0.2,-0.01935056850745819,0.056671167666159615,-2.14361648582242,8.032255162489697,-1.734133682562879,-0.0033546999291913515,-0.016405748276058674,0.00023613601660477102,0.9143620304097156,0.6163147557843847,0.3284736080555212
227.93,1.0,30.0,21.0,0.7,0.05856488534997206,0.08613549766198988,2.5058419626549724,-0.2,0.0005970176713717724,0.056323706723051654,-2.1465992840978636,7.917708135706307,-1.6481441984657583,-0.003199576973056395,-0.023540447275617993,0.00019666947566898685,0.8510858705538628,0.48301467448295304,0.2628596300311452
228.15000000000003,1.0,35.0,25.0,0.7142857142857143,0.10217801972628912,0.15525130989318828,9.850138832591592,-0.2,0.07542137473732773,0.10978063592366322,-2.128341317727488,7.783808154420802,-1.5154600804254383,-0.0015133916436256278,-0.03878632513480351,0.0002102770481546834,0.6903829783070426,0.23181007316418173,0.31381047260073397
228.37,1.0,35.0,31.0,0.8857142857142857,0.07744133751287265,0.18752683378448384,10.572116770105884,-0.2,0.12,0.09794727869080314,-2.0889726826220585,7.649680116821891,-1.349971651204812,0.004809234624243874,-0.06250556592701706,0.00023386313793971603,0.7730900091588598,0.39060769326664085,0.3622392770652379
228.59000000000003,1.0,44.0,41.0,0.9318181818181818,0.06511084273020208,0.14784919068558278,12.812323579723024,-0.2,0.12,0.07680601813946272,-2.0268865682185138,7.520145547997188,-1.1708056674772722,0.016155626578300275,-0.07246241993385727,0.0003847411818507229,0.8212635650635931,0.5618380142672197,0.35841893973892275
228.79000000000002,1.0,44.0,32.0,0.7272727272727273,0.050423615960247095,0.11411586663329712,12.048369708350773,-0.2,0.12,0.05787685583953836,-1.9488177328934286,7.412831117298714,-1.0132592665259343,0.02574283296482016,-0.061507209438446786,0.0005562445125766312,0.8229190423478633,0.6845853811030925,0.3448241797854378
229.03000000000003,1.0,41.0,19.0,0.4634146341463415,0.018745225393999844,0.04859612867128495,7.334496096094895,0.10827967900164415,-0.00010071657990642067,0.015356653567285486,-1.6100491878104939,7.504307983325684,-0.862488861120014,0.26416088858335574,0.1537422045397312,0.0007193976100534627,0.7528435163420164,0.6876110309980499,0.24497797046298672
229.23000000000002,1.0,39.0,19.0,0.48717948717948717,0.016856163030000232,0.033240366752695816,5.426538300842821,0.05062587230081521,0.042756005322224566,0.013080248076633254,-1.5800805867841075,7.40798210930881,-0.7737418467301378,-0.009494093562272932,-0.034149675982700245,-0.0012191987451464215,0.6910999238399593,0.6917144053783526,0.25629634827968834
229.43,1.0,37.0,13.0,0.35135135135135137,0.020660217916332952,0.03472312636785572,4.088416136464571,0.0666888121529609,0.036344947377143645,0.010871788991282647,-1.4937184987198606,7.363514983009484,-0.7167897596195231,0.01144287407686595,0.005157647827020995,-0.0005647309754693852,0.5916947094801078,0.6405506115551388,0.19584036365839147
229.69,1.0,43.0,15.0,0.3488372093023256,0.016124777229851023,0.03852255805243938,4.818063231754066,0.10403793559781516,0.0048907933968253565,0.01034976477123365,-1.3660118569768256,7.315426950899997,-0.6745888924125731,0.02477837418239237,0.03050935342038752,-0.0005430272892392729,0.6608110341913369,0.7452673012583325,0.24710207864419378
229.89,0.0,44.0,7.0,0.1590909090909091,0.022782155519733827,0.03409802437375841,10.415091247323044,nan,nan,nan,nan,nan,nan,0.02477837418239237,0.03050935342038752,-0.0005430272892392729,0.6608110341913369,0.7452673012583325,0.24710207864419378
230.13,1.0,42.0,9.0,0.21428571428571427,0.014154528507167101,0.03221370894514058,5.5199083036597045,0.11041266340668378,-0.02023837649505511,0.008222193173544784,-1.1849949849212926,7.202395222642905,-0.6199116323329168,0.0015695465791583096,0.011456653792256688,-0.0007286104358064094,0.6084381135651514,0.7320220053708385,0.20115766255238052
230.35000000000002,0.0,45.0,3.0,0.06666666666666667,0.055933769000805496,0.06845566560875095,6.729935964997566,nan,nan,nan,nan,nan,nan,0.0015695465791583096,0.011456653792256688,-0.0007286104358064094,0.6084381135651514,0.7320220053708385,0.20115766255238052
230.59000000000003,0.0,63.0,0.0,0.0,nan,nan,nan,nan,nan,nan,nan,nan,nan,0.0015695465791583096,0.011456653792256688,-0.0007286104358064094,0.6084381135651514,0.7320220053708385,0.20115766255238052
230.82999999999998,0.0,56.0,24.0,0.42857142857142855,0.23687434423768786,0.3486198087095072,11.12842607728048,nan,nan,nan,nan,nan,nan,0.0015695465791583096,0.011456653792256688,-0.0007286104358064094,0.6084381135651514,0.7320220053708385,0.20115766255238052
231.05,0.0,54.0,24.0,0.4444444444444444,0.2745605593097469,0.34121396144628346,11.351903337892299,nan,nan,nan,nan,nan,nan,0.0015695465791583096,0.011456653792256688,-0.0007286104358064094,0.6084381135651514,0.7320220053708385,0.20115766255238052
231.29000000000002,0.0,36.0,12.0,0.3333333333333333,0.31212718417275465,0.34810339186367517,16.77609571540735,nan,nan,nan,nan,nan,nan,0.0015695465791583096,0.011456653792256688,-0.0007286104358064094,0.6084381135651514,0.7320220053708385,0.20115766255238052
231.53000000000003,0.0,22.0,3.0,0.13636363636363635,0.3436197297710795,0.3494780140316105,15.57518762993677,nan,nan,nan,nan,nan,nan,0.0015695465791583096,0.011456653792256688,-0.0007286104358064094,0.6084381135651514,0.7320220053708385,0.20115766255238052
231.73000000000002,0.0,21.0,6.0,0.2857142857142857,0.33589594576460086,0.3462868283233847,19.787092701268023,nan,nan,nan,nan,nan,nan,0.0015695465791583096,0.011456653792256688,-0.0007286104358064094,0.6084381135651514,0.7320220053708385,0.20115766255238052
232.15000000000003,1.0,22.0,22.0,1.0,0.13345419248406012,0.275808277975686,9.189759208730198,-0.2,0.12,0.15561781634093974,-0.37788101790292855,6.692177646317521,-0.4817442175894561,-0.15866247219736607,-0.2650458371693638,-0.0007252204889763858,0.5091374723074148,0.8531170221363975,0.6187715965789513
232.39,1.0,40.0,38.0,0.95,0.07449913056139437,0.16930675281638152,6.545057936330458,-0.2,0.12,0.07819487437545757,-0.31814403035611666,6.639558126057236,-0.6758972737248077,-0.07967440906044679,0.0008370280972522792,0.0036424501371097318,0.8084610154020427,0.8729961688668727,0.5235502842640916
232.59000000000003,1.0,41.0,39.0,0.9512195121951219,0.054756278179355564,0.13886882237965525,4.407093445525089,-0.2,0.12,0.054611351623094044,-0.28092699645258723,6.58658623605401,-0.8508429138754291,-0.04041608399374902,0.02923392687064741,0.0019807463231170663,0.8129473880565804,0.7945378363715028,0.4086564948638855
232.82999999999998,1.0,31.0,31.0,1.0,0.02813514853260595,0.09451017924130814,3.5173112701980416,-0.2,0.12,0.029969022905026777,-0.25131273646468344,6.513104747081075,-1.0648148396813089,-0.035033192414291286,0.0451990208032127,0.0012593889645564627,0.8649045121896022,0.7135284106514143,0.3714969311868611
233.03000000000003,1.0,37.0,36.0,0.972972972972973,0.0685856689195436,0.08974919107902188,2.878668239135292,-0.2,0.06908169654558828,0.0666415768124502,-0.23308992358737718,6.44881735044061,-1.224978090742129,-0.023665739995330726,0.04661073269351146,0.0009373180750669174,0.808042803211339,0.5169087675708356,0.3554314648654759
233.29000000000002,1.0,33.0,33.0,1.0,0.061969075091109646,0.08645243231391342,2.15351924658258,-0.2,0.07605059876620852,0.060452021246936986,-0.21531905215388364,6.349321784037971,-1.3705152452406435,-0.01827019131915561,0.05356992235167546,0.0006985219434274549,0.914861873306957,0.5933689614815206,0.36464643982992184
233.53000000000003,1.0,36.0,36.0,1.0,0.07042455150104492,0.09141148256235748,1.976012113590152,-0.2,0.027357241968701273,0.06822624599823982,-0.20263879308185334,6.240903171296669,-1.4345189392511992,-0.007502490901139303,0.035725285244964766,0.000498975820617753,0.8900514319205559,0.5197005285304882,0.36155264739464854
233.73000000000002,1.0,35.0,35.0,1.0,0.08222714780249257,0.10010010231705326,1.8837926992920675,-0.2,0.012610121648070623,0.08042086999306164,-0.18568347394161666,6.143693613248794,-1.4249460935274532,-0.0024408899830936914,0.01567159381126615,0.00035019897641186404,0.8060734826550328,0.42403080675199534,0.3462272912759089
233.95,1.0,29.0,29.0,1.0,0.10078439907877265,0.12180495293709509,2.6995863006447336,-0.2,0.021188386490166952,0.0993636090613361,-0.1486351961290617,6.027895252168442,-1.362878870789054,0.000844535971632282,-0.003045680084181157,0.0002252814384737789,0.7470835759848322,0.33074885382290287,0.32492773971880123
234.19,1.0,31.0,31.0,1.0,0.09089242242710849,0.1065269429249944,1.7503190561339854,-0.2,0.009796943421907255,0.08844703567620142,-0.10317593552839313,5.887163974640191,-1.2778334127707427,0.004712330672926049,-0.018580098583311333,0.0001561716597573426,0.8046490349554866,0.4576173761830818,0.35172118404646024
234.43,1.0,28.0,28.0,1.0,0.08751849175038788,0.10896636260398951,1.7654145571963518,-0.2,0.019424685757627194,0.08625351931748544,-0.046957344586299576,5.75679220319742,-1.2052960509361477,0.007588182237589738,-0.024294281693412856,0.00013529114010468746,0.7953495660173068,0.47487812892349557,0.3307062157306012
234.65000000000003,1.0,29.0,25.0,0.8620689655172413,0.058698794386424835,0.07656520454438483,1.8200544804479164,-0.2,-0.007747294248778699,0.05636883531915164,0.00834867974318737,5.640612896874646,-1.1626517551925168,0.008131044454391412,-0.021694155271322124,0.0001368863563240286,0.8627989635098512,0.648907881524652,0.3053570129136241
234.85000000000002,1.0,33.0,33.0,1.0,0.13667626708073394,0.1984562499755259,11.208729625882677,0.021602599498842787,-0.12,0.13974325864734624,0.26415523644597155,5.626866539486819,-1.134400362410291,0.20667490729338314,0.08000556946690907,0.00014709924813716135,0.5037714144287089,0.25428434603831873,0.3584724851240097
235.09000000000003,1.0,60.0,40.0,0.6666666666666666,0.14753737283301752,0.20593138027505278,7.743232554642237,0.0220714779195817,-0.12,0.14861257718669577,0.32192482871420836,5.520799626066617,-1.1112520199328948,0.09098446104088923,0.030159202435552146,-0.0011873569977680631,0.5953256246236286,0.30948749533723613,0.3590254501276478
235.29000000000002,1.0,52.0,44.0,0.8461538461538461,0.1495875796805963,0.24371567273306072,9.710679298697647,0.06466969372911217,-0.12,0.1578262069910687,0.4081975567895429,5.449248851105962,-1.1029068508381803,0.06913890375860127,0.02349029305220718,-0.0011791338494029358,0.5487368589571218,0.30206961989315884,0.3451712789915003
235.49,1.0,66.0,55.0,0.8333333333333334,0.15746918536100776,0.3160213784059182,7.846894545551932,0.08404296130571481,-0.12,0.1721482057381553,0.47299482945631577,5.3684875698629755,-1.097956283901934,0.04434564257696033,0.01405580675425,-0.0010557910863444597,0.5120884339230646,0.28404321815949396,0.33919561876129467
235.69,1.0,69.0,55.0,0.7971014492753623,0.1417608136162124,0.3293752271065985,6.757828679943389,0.09018805491950257,-0.12,0.16119668978547383,0.5256687584593471,5.287051704338503,-1.09552421980103,0.024744599421749336,0.006073855351909074,-0.0008611639841600294,0.5505036882379628,0.321682325284599,0.33657991647320523
235.93,1.0,67.0,42.0,0.6268656716417911,0.13986878864555058,0.2725755775717676,7.9305159650090475,0.08889602588403965,-0.12,0.1556950324825649,0.5812159057243201,5.182324723486973,-1.0942986033427746,0.008894841490318828,-0.0003551463483502104,-0.0006586868885944952,0.610838566032402,0.3556523304392359,0.3499659946158973
236.15000000000003,1.0,43.0,32.0,0.7441860465116279,0.16698192559128217,0.33452739631221196,6.342064806638105,0.08444705999156206,-0.12,0.1807517575719705,0.6292283858869099,5.086690304736935,-1.094663422033138,-0.0004502305182640942,-0.003914110201523435,-0.0004534520563554966,0.5219440024469016,0.2924898432214974,0.34852295519544907
236.39,1.0,41.0,28.0,0.6829268292682927,0.16011652208611063,0.3381812526267743,8.728301462072514,0.08727612674785187,-0.12,0.1826139173481234,0.6883419182290612,4.977308042433378,-1.1186564634422886,0.0038427858213210264,-0.0032850087052089805,-0.00028759337604644664,0.5123672669301723,0.2757868972117121,0.3250179812541772
236.63,1.0,33.0,21.0,0.6363636363636364,0.15083200828558443,0.331107230614513,8.934306036361969,0.05212224369956246,-0.12,0.16894885204056537,0.7038571352610938,4.843875281827586,-1.197844441534257,-0.027599462905831706,-0.02212437957335034,-0.0001999742264662263,0.5365819630696745,0.25449088007730947,0.273352400425962
236.85000000000002,1.0,26.0,12.0,0.46153846153846156,0.059215018857067904,0.10782681859883643,10.272957389217794,0.2,0.006650774796749553,0.05893277265502037,0.8721463635191166,4.768083164566529,-1.3149243725933728,0.13537366920657712,0.01914312541677088,-2.6529463406532724e-05,0.8345159965609937,0.570995433395099,0.18398857692381204
237.09000000000003,1.0,29.0,24.0,0.8275862068965517,0.1258033817988835,0.22860782650488728,12.6991027367033,-0.2,-0.12,0.12925408831697333,0.4880849919456798,4.580064432087742,-1.4714030333477222,-0.3720196144233804,-0.0751014173546416,-0.0008871910985441822,0.6525984607569116,0.26432068285598825,0.3417196046567112
238.17000000000002,1.0,35.0,35.0,1.0,0.06086192338333465,0.09715706206767404,3.69376672004895,-0.1297710779785653,0.12,0.05936017678976428,0.3461478804348063,4.248585258085219,-2.4205343075746275,-0.011354513606010752,0.08088776849028267,0.0014694349358732595,0.965664951500374,0.9026105216590575,0.5750488914664867
238.39,1.0,46.0,45.0,0.9782608695652174,0.030828087390826743,0.34607080909936105,2.7956448559044436,-0.07696943792070995,0.12,0.07162265310825312,0.2947559191831828,4.172099696470563,-2.6287154028066957,0.049998178937536775,-0.0230237437660481,0.0016663476206129069,0.6136504846685891,0.7848146228795563,0.43158213696300274
238.59000000000003,0.0,47.0,37.0,0.7872340425531915,0.025376119836220252,0.0653598471238491,5.077361433744866,nan,nan,nan,nan,nan,nan,0.049998178937536775,-0.0230237437660481,0.0016663476206129069,0.6136504846685891,0.7848146228795563,0.43158213696300274
238.79000000000002,1.0,37.0,34.0,0.918918918918919,0.014836428518722244,0.035332204878461455,1.8084632967019396,-0.07277709967800147,0.10369465189334469,0.008402299102249948,0.11102154902686073,4.129515773984926,-2.914397114342961,0.03724578082924901,0.006303778684535466,0.0006865730367726641,0.7636753217706431,0.936698964124202,0.43384645582957315
238.99,1.0,33.0,33.0,1.0,0.01337926175608581,0.02992876366111723,2.4289366425744365,-0.0407241726053925,0.0593780240130541,0.007717818844882231,0.012740761043494033,4.088275611907852,-2.999095743329223,0.01979888564370958,-0.027997834184840364,0.0005278121432104045,0.6234884349679108,0.9103232817821387,0.37558167779319646
239.23000000000002,1.0,29.0,29.0,1.0,0.013408478496810183,0.02893336066894241,2.6083354241727994,-0.0322955883741422,0.04404730728137664,0.00611097289480907,-0.1168838042808786,4.073250112138316,-3.067799243026126,0.00960632266540093,-0.009742347991864797,0.0001092151173449629,0.5920970967229793,0.9361687605494982,0.3434011578841671
239.45,1.0,31.0,31.0,1.0,0.01472283776320696,0.02989694912231021,2.837806666452912,-0.02187911456226001,0.012155705270658583,0.010092747104451705,-0.23478104173356854,4.062764826316332,-3.108014970927962,0.005300885025416979,-0.010704222362886817,1.775739143994315e-05,0.6018369628715345,0.9315369655337241,0.35317777364151137
239.73000000000002,1.0,33.0,33.0,1.0,0.012059519462269755,0.030301058910082466,2.9559649620191277,-0.024396031898558154,0.009109716306571545,0.008447169901037903,-0.3902902603834295,4.072672219306276,-3.139598243995288,0.0026668479698860326,0.0018692861453724063,-5.437738272284776e-05,0.6578990694771937,0.9564257122980236,0.37489853879558066
239.95,1.0,66.0,66.0,1.0,0.12498926805266738,0.25578924155529587,7.607629726676681,0.2,-0.12,0.1369329611502807,-0.5099178980017028,3.8505788741628746,3.1258512202918247,-0.0021848479378778762,-0.22428453720214891,-1.7137716316284468e-05,0.17257387827765913,0.6587223112927526,0.3588975990008228
240.19,1.0,94.0,80.0,0.851063829787234,0.11695092582175066,0.25366813988166176,8.932570262694856,0.2,-0.12,0.1270960056775855,-0.633470819127858,3.8596875342483057,3.113185765955061,-0.002768150486885168,-0.07635033235567779,-0.0010082768656087815,0.2646348119531537,0.7464035991744491,0.3592051964859137
240.43,1.0,55.0,49.0,0.8909090909090909,0.17614336909680547,0.27711323082645284,9.122865512408502,0.2,-0.12,0.18204779879722996,-0.7530820695428475,3.8654672076822822,3.107003481466787,-0.002387774342741844,-0.01918280562130592,-0.0010003138504015574,0.16802423769707905,0.6105635930221183,0.35939196473086105
240.69,1.0,49.0,39.0,0.7959183673469388,0.1495458289364746,0.24787786850383292,9.643929886034718,0.2,-0.12,0.15402036878615324,-0.8849294246753693,3.87366913293495,3.104910570570363,-0.0021306127387966667,-0.007343609236893922,-0.0007042768279599265,0.26241116252166086,0.7436418971002473,0.36627414704489514
240.95,1.0,38.0,30.0,0.7894736842105263,0.17565803485976508,0.23970184080315513,8.307538349397834,0.2,-0.12,0.1777753660482652,-1.0147965796318377,3.8804441144566653,3.104115638852619,-0.0016045960543626947,-0.001787103545289881,-0.0004728271632186143,0.20965511395506403,0.6599286156688303,0.35415221840267264
241.19,1.0,35.0,33.0,0.9428571428571428,0.1995605932580657,0.2624763884711552,8.02403549377184,0.03467805875453944,-0.12,0.2000117514064789,-1.1298283962122462,4.053566543966926,3.108251489353984,0.005100771957895267,0.16465115013358034,-0.0003115298997493632,0.1945483575400371,0.583180670841747,0.3668968246330262
241.43,1.0,19.0,12.0,0.631578947368421,0.20156307063495785,0.2268751059710695,5.594862594894178,-0.05512165651117304,-0.12,0.20004844231755914,-1.2483734675349987,4.144557955575585,-3.1364953277657914,0.002767273468703868,0.15829397128395684,0.0003475631003824198,0.08994329633280009,0.37357495826473164,0.17580337507257116
241.63,0.0,21.0,6.0,0.2857142857142857,0.20427269774819826,0.20996502836236622,5.855171955807148,nan,nan,nan,nan,nan,nan,0.002767273468703868,0.15829397128395684,0.0003475631003824198,0.08994329633280009,0.37357495826473164,0.17580337507257116
242.29000000000002,0.0,20.0,4.0,0.2,0.3359496049087648,0.342483778034298,6.568322330779366,nan,nan,nan,nan,nan,nan,0.002767273468703868,0.15829397128395684,0.0003475631003824198,0.08994329633280009,0.37357495826473164,0.17580337507257116
242.49,0.0,23.0,0.0,0.0,nan,nan,nan,nan,nan,nan,nan,nan,nan,0.002767273468703868,0.15829397128395684,0.0003475631003824198,0.08994329633280009,0.37357495826473164,0.17580337507257116
242.67000000000002,1.0,33.0,27.0,0.8181818181818182,0.09448436982383852,0.12968763948311304,8.026088297487444,-0.2,-0.12,0.1012048804858093,-1.9209997194044872,3.941364700770923,-2.2759690087177895,-0.1496847019366605,0.1733199628408073,0.0006710889374028639,0.7696669007840291,0.9150576647871722,0.5582251152673414
242.93,1.0,30.0,23.0,0.7666666666666667,0.07923395314674166,0.12104622025355706,7.245971651059917,-0.2,-0.12,0.08318085759408465,-2.0000309633782285,3.786330892942142,-2.04530920983425,-0.0494346872372915,-0.032578361232022957,0.0031432122079180225,0.7705671841156203,0.6388684663097937,0.3871518062393343
243.15000000000003,1.0,25.0,19.0,0.76,0.06240901642663982,0.13457769003131206,7.176113679369264,-0.2,-0.05624217047990699,0.07362847522672902,-2.041129495444396,3.652138571877602,-1.8888934817760454,-0.026978821685842203,-0.046397460374580035,0.0022528824454117746,0.7670302850734391,0.5024477225442476,0.30034960467349314
243.39,1.0,15.0,11.0,0.7333333333333333,0.05248246812629697,0.07609279143443945,4.025808658289447,-0.2,-0.013834574988840739,0.051329943553872874,-2.0666831193125135,3.5131579971231566,-1.7755446636733356,-0.01701933016584034,-0.047952183319426744,0.0017391642352981849,0.8172397372878529,0.49159608343626227,0.19551545457345587
243.63,1.0,19.0,14.0,0.7368421052631579,0.038339719072891465,0.061704432410317436,8.111273957578929,-0.2,0.032549374473851596,0.038714874963259545,-2.079955652173246,3.374366581209861,-1.6805715566138448,-0.009730334495657189,-0.044506227273322096,0.0015526512155614736,0.8796712377486401,0.5350174065474856,0.2519385165261676
243.89,1.0,20.0,20.0,1.0,0.030722478869496157,0.05351051786170847,11.590888613169556,-0.2,0.12,0.02669428449343059,-2.0774132995428105,3.2160695473932437,-1.5552118156708152,-0.004126996686448781,-0.04614252083583459,0.001277152354058897,0.9265400652036542,0.5976237730835996,0.3315743422919212
244.13,1.0,19.0,19.0,1.0,0.03962475359476946,0.06420593550403482,4.2908971126195405,0.2,-0.04012543077719197,0.03666548665498668,-1.6545525232593765,3.139422927013232,-1.3994783737333432,0.396902362292463,0.01867496846944805,0.000945411516694028,0.8983467857104996,0.5612770837690265,0.3028847017037308
244.32999999999998,1.0,13.0,9.0,0.6923076923076923,0.01637804585884662,0.031464257982921635,2.914113710381969,0.14883768856770874,-0.06349598337410775,0.009288342597662657,-1.674496637069069,3.0626855657383305,-1.2464582343912511,-0.016901545070498125,-0.0003334366882166151,-0.00251676951165547,0.719276974341143,0.3792410908900318,0.160115156483961
244.55,0.0,23.0,2.0,0.08695652173913043,0.013160710487165432,0.014173534170980306,2.313284028587317,nan,nan,nan,nan,nan,nan,-0.016901545070498125,-0.0003334366882166151,-0.00251676951165547,0.719276974341143,0.3792410908900318,0.160115156483961
244.75,1.0,60.0,11.0,0.18333333333333332,0.019147666327307036,0.038204935753756594,5.063242632516504,0.05286696834120003,-0.0756873574071838,0.008192444306071819,-1.647093080711373,2.8831517581333794,-0.8883375870293686,-0.1050728845988782,-0.012514696639363887,-0.0019605459569826955,0.7861281447195684,0.6172925733387689,0.24021881147882732
244.99,0.0,61.0,3.0,0.04918032786885246,0.0362054149298268,0.04678390582032483,7.7351222889459965,nan,nan,nan,nan,nan,nan,-0.1050728845988782,-0.012514696639363887,-0.0019605459569826955,0.7861281447195684,0.6172925733387689,0.24021881147882732
245.19,1.0,80.0,10.0,0.125,0.1083596434905875,0.1440514680550812,8.029143377136316,0.2,-0.12,0.1108328187836443,-1.4064024220313749,2.9214086738803333,-0.48405276187627116,0.031535660325558545,0.15557427862484818,-0.0003856310249190087,0.33199717421868147,0.4599706623488606,0.2499367725399152
245.43,0.0,76.0,0.0,0.0,nan,nan,nan,nan,nan,nan,nan,nan,nan,0.031535660325558545,0.15557427862484818,-0.0003856310249190087,0.33199717421868147,0.4599706623488606,0.2499367725399152
245.63,0.0,53.0,40.0,0.7547169811320755,0.2582722053552614,0.34711159437754524,8.94140647586618,nan,nan,nan,nan,nan,nan,0.031535660325558545,0.15557427862484818,-0.0003856310249190087,0.33199717421868147,0.4599706623488606,0.2499367725399152
245.85000000000002,0.0,45.0,36.0,0.8,0.29131763466993765,0.34275693478313685,6.990245944859728,nan,nan,nan,nan,nan,nan,0.031535660325558545,0.15557427862484818,-0.0003856310249190087,0.33199717421868147,0.4599706623488606,0.2499367725399152
246.09000000000003,0.0,24.0,5.0,0.20833333333333334,0.3311062465137225,0.3434384421142468,3.6563493992583815,nan,nan,nan,nan,nan,nan,0.031535660325558545,0.15557427862484818,-0.0003856310249190087,0.33199717421868147,0.4599706623488606,0.2499367725399152
246.32999999999998,0.0,26.0,21.0,0.8076923076923077,0.2941940390627027,0.3440938190428583,10.393999570532744,nan,nan,nan,nan,nan,nan,0.031535660325558545,0.15557427862484818,-0.0003856310249190087,0.33199717421868147,0.4599706623488606,0.2499367725399152
247.25,1.0,25.0,11.0,0.44,0.024968230087632482,0.06032786777156874,15.337113035322487,-0.2,-0.11971143064232505,0.019509523869031386,-0.7216065397275246,2.2612424639141824,-0.8487256861719414,-0.25266347766446046,-0.23319910670928978,-0.002114054101181484,0.8746907557607096,0.960059241531021,0.4584675025855507
247.49,0.0,22.0,22.0,1.0,0.08612260189499268,0.1343587412303761,9.534173093227972,nan,nan,nan,nan,nan,nan,-0.25266347766446046,-0.23319910670928978,-0.002114054101181484,0.8746907557607096,0.960059241531021,0.4584675025855507
247.73000000000002,1.0,24.0,24.0,1.0,0.06726938975058248,0.11682317667513427,8.7003580191865,-0.04066032602961584,-0.12,0.06756607082756436,-0.5344543586902409,2.1609578140868195,-1.2810387971478372,0.09009229997356172,0.12159248070360018,0.0071984832246101416,0.885664707777809,0.715667438239414,0.564016787608259
247.93,1.0,25.0,25.0,1.0,0.047786252350899214,0.09648113491937113,7.672053750795594,-0.14249628747865514,-0.12,0.04668145967337438,-0.6278660771843239,2.0484760474612056,-1.4137271901192954,-0.10196888793717951,0.016069636779691088,0.0013693780757919605,0.8911481391950921,0.6755075905448,0.4177361844880886
248.15000000000003,1.0,29.0,24.0,0.8275862068965517,0.025133887988408127,0.0688639244725797,6.751291670577113,-0.2,-0.11700462254304327,0.024476176270432838,-0.6838086986505454,1.9531447569052969,-1.5210194985089558,-0.0705300498077076,0.02168464518030233,0.0021885301825661507,0.9013118626724682,0.571310952476609,0.35031549506689025
248.39,1.0,20.0,15.0,0.75,0.03121258354688641,0.05520307833901234,5.315459997557829,-0.2,-0.047206761962690025,0.03007912437147225,-0.6950360188031871,1.8524979025950468,-1.6226438990676246,-0.007095293060511376,0.03091472909265036,0.002141055621803556,0.8586558477046021,0.4591117194636743,0.23853340581915447
248.59000000000003,1.0,18.0,14.0,0.7777777777777778,0.03532277076666119,0.054501593322810474,3.321862627722999,-0.2,0.02422881138924981,0.03361344157736588,-0.7117041555026535,1.777101146887195,-1.7317872392559006,0.00199487798617759,0.038265552155335225,0.001781167150701757,0.8171848743397094,0.45498078665675357,0.228351872692268
248.82999999999998,1.0,31.0,26.0,0.8387096774193549,0.02549187778877777,0.06223360737768906,5.713408619366595,-0.13850489802158053,0.03896624093130619,0.02449005007105422,-0.6884784946361776,1.6781246123923552,-1.8908737830467792,0.06851930342384971,0.03242073803614076,0.0014894172280031093,0.9025192864375906,0.6633862810592787,0.3700679209216672
249.03000000000003,1.0,66.0,49.0,0.7424242424242424,0.035275999597674725,0.10089327471432076,5.985057212525109,-0.2,0.12,0.038816637633769656,-0.787063273347954,1.640969188098273,-2.043666501216647,-0.037161182323680486,0.06408677478003266,0.0006107981158374187,0.8554952457684117,0.6830604082448452,0.3839001123322929
249.25,1.0,93.0,66.0,0.7096774193548387,0.05342402876385306,0.18469133029068074,7.215307362977136,-0.2,0.12,0.05861891662679918,-0.8390967685961481,1.5895515768469428,-2.22167455415857,0.020809424041225988,0.04617900844672729,0.0010676923336738753,0.7665803939154135,0.65993297129832,0.36248675270302816
249.53000000000003,1.0,80.0,65.0,0.8125,0.07868683408337888,0.15582247386429576,8.100106164167697,-0.2,0.12,0.0844208033677756,-0.915156405980133,1.5418678908784602,-2.4695127462301243,0.04756943291937443,0.05456413563180562,0.000902931383570671,0.6040065434258056,0.6850515503506883,0.37411358417194246
249.75,1.0,78.0,59.0,0.7564102564102564,0.07605864382690669,0.22193005869075597,10.599706685766614,-0.059324828840405054,-0.07690667072036643,0.09430401162423326,-0.9175570941673808,1.3953714285828804,-2.6597253978447717,0.1277011790169983,-0.07652703371534497,0.0007258998197916533,0.47737004143438616,0.6868064333503022,0.35852441042778616
249.99,1.0,82.0,66.0,0.8048780487804879,0.061895548366334305,0.13878151248989745,12.30552789203473,0.03251425931585585,-0.10105412914240469,0.06929151692704513,-0.9953527031979841,1.2808685503035406,-2.8141790205919013,0.09138749155594894,-0.08511272085383692,-0.00016180717342129114,0.5989105050082957,0.8391192192338742,0.35897761363646324
250.23000000000002,1.0,54.0,35.0,0.6481481481481481,0.03894633278520701,0.09791957310352765,9.124456714442534,-0.2,-0.0025279838674379246,0.04215393363346355,-1.1693947000241218,1.4861039300058114,-2.911187328034955,-0.028492595231738527,0.2215588145190437,-0.0007259841216904482,0.7010181570585194,0.9231668859749977,0.35919868236947
250.45,1.0,32.0,21.0,0.65625,0.16678646403434236,0.1990010518657217,6.280375493083047,-0.2,-0.06784612613217432,0.1668020065527,-1.2711137345615982,1.4633430481735787,-2.948287007117094,0.011654804028325083,0.016812623705937613,0.0010143553757373522,0.09779818441631047,0.3911168414169635,0.2631621696709105
250.69,1.0,23.0,15.0,0.6521739130434783,0.15833530141908042,0.17028624209371562,2.5307739914569667,-0.2,-0.08058520796642371,0.15744594653605953,-1.3936594428654687,1.44183731727844,-2.924579994481035,0.006902038982879333,0.009893901151970752,0.0007994190553346492,0.12045732032180506,0.44633408440044736,0.22027810696805028
250.93,1.0,13.0,10.0,0.7692307692307693,0.14767285615944367,0.16173088435994012,4.163578664292286,-0.2,-0.12,0.14646039743812841,-1.5235346003634704,1.4018851056336283,-2.8380646168379555,-0.009914151112587977,0.0014575843588826576,0.000662045964558544,0.13338977770732863,0.4352060977297851,0.17345312589985407
251.35000000000002,0.0,15.0,5.0,0.3333333333333333,0.3097960087970415,0.3195518743949526,4.702618950909685,nan,nan,nan,nan,nan,nan,-0.009914151112587977,0.0014575843588826576,0.000662045964558544,0.13338977770732863,0.4352060977297851,0.17345312589985407
251.55,0.0,14.0,3.0,0.21428571428571427,0.3068655729191398,0.31244260739241897,4.225390328447584,nan,nan,nan,nan,nan,nan,-0.009914151112587977,0.0014575843588826576,0.000662045964558544,0.13338977770732863,0.4352060977297851,0.17345312589985407
251.99,0.0,16.0,5.0,0.3125,0.08992709731662954,0.10574820549840214,13.763022085110162,nan,nan,nan,nan,nan,nan,-0.009914151112587977,0.0014575843588826576,0.000662045964558544,0.13338977770732863,0.4352060977297851,0.17345312589985407
252.19,1.0,18.0,16.0,0.8888888888888888,0.04541034735126603,0.10139327711604668,9.182206112228936,-0.2,-0.07100704180829198,0.05488978820514864,-2.0175498351988885,0.7888740556731022,-1.8579395798342666,-0.1402286899700571,-0.13446071609029375,0.0005650138053243658,0.9077680151335243,0.9166501361550106,0.4433039319335654
252.39,1.0,17.0,17.0,1.0,0.03000447678362012,0.055050995636942365,1.4953280723512616,-0.2,0.01656218642125276,0.02992220625396487,-2.0323076170327115,0.6625915593321198,-1.7180747906791565,-0.025295781767790793,-0.04544353210895602,0.003015012370955805,0.845896332950799,0.6237262928193766,0.3585461054537673
252.63,1.0,24.0,19.0,0.7916666666666666,0.03901937119077739,0.05680601587672274,3.5365518254315753,0.2,-0.011226157206088388,0.0335146547947974,-1.6251438856141478,0.5181553742399968,-1.5410342702749495,0.3922792310300993,-0.041499794356503195,0.0023823356451539985,0.9005056002546427,0.5769550536871461,0.34197827538931297
253.25,1.0,20.0,20.0,1.0,0.018387499761298158,0.0394206149389423,2.762439883876623,0.08628863959367401,-0.07066413545898702,0.010061231732143266,-1.621582404113414,0.2898859001903501,-1.0158319342992543,-0.08813163669248691,0.019994761106818193,-0.002795690716579591,0.9193008139894912,0.7575555256627162,0.4056416969763329
253.49,1.0,33.0,33.0,1.0,0.0402226943580018,0.11174582158008523,1.2201330277580522,0.10514088404731291,-0.12,0.031095238623627425,-1.5311916840340087,0.23984726539797707,-0.7933634906811133,-0.00704130572139916,0.039485049892739266,-0.000989354881585247,0.8188463488719404,0.8015104369357101,0.45921652247839945
253.69,1.0,42.0,42.0,1.0,0.02231938878415488,0.09212916433581375,0.9245128744685007,0.058045279933818104,-0.08454443067622305,0.008646800273316652,-1.4869652216715783,0.16577145173955654,-0.6041002112534124,-0.04781503784211982,-0.017411139070801968,-0.0009388491647527308,0.7099319262187688,0.8023638932490532,0.3852772053370504
253.93,1.0,34.0,34.0,1.0,0.025215488360025837,0.09103981675708232,0.9362945454821626,0.05558753875507034,-0.10907783969501227,0.008404375897519974,-1.3876060334240292,0.13174414510781207,-0.39262030572268536,-0.02319658986380202,0.00666812592717117,-0.00030212741997126535,0.6825475166018012,0.8854531760193357,0.36978843180727367
254.15000000000003,1.0,30.0,30.0,1.0,0.02587857369060222,0.10467224182628333,1.7730194865386903,0.04882604159571046,-0.08258933659353486,0.009093178090375426,-1.2759134811701636,0.10009662429066213,-0.24759316864884442,-0.01739003698000552,-0.0007934594321310218,-0.00025186129512308475,0.6140758094875286,0.8904478728698954,0.3419683139607162
254.39,1.0,27.0,27.0,1.0,0.027908162903814128,0.08259226145642205,1.2452457455735382,0.03855068130623813,-0.02825893648962181,0.009806288506524699,-1.1496349741938128,0.07698576806991228,-0.15873468555788328,-0.012522867552630323,-0.008004308837134072,-0.00015314362250812286,0.5945402854460323,0.9003213835230623,0.3232364038871082
254.59000000000003,1.0,27.0,27.0,1.0,0.02676551628439934,0.09531888858473092,1.5148434594494333,0.03933097510587865,0.0026018994598876514,0.008978467062356877,-1.0434895344304742,0.07134879532254515,-0.11105789459318191,-0.006384597538126924,0.0008901114555324996,-4.2555741714550566e-05,0.5713379170773744,0.8849955802092261,0.31729116573665134
254.75,0.0,27.0,27.0,1.0,0.02676551628439934,0.09531888858473092,1.5148434594494333,nan,nan,nan,nan,nan,nan,-0.006384597538126924,0.0008901114555324996,-4.2555741714550566e-05,0.5713379170773744,0.8849955802092261,0.31729116573665134
254.99,1.0,30.0,28.0,0.9333333333333333,0.034895486608092774,0.11029650354396138,2.2651769700636537,0.03649485279543875,0.023444677171726047,0.009863585604561081,-0.8248884366443167,0.060628478754064304,-0.059887354418216354,-0.004945181333553816,-0.002329112971006707,-4.695469074827985e-05,0.6755782224006621,0.9377100549393604,0.3834432014271843
255.19,1.0,27.0,27.0,1.0,0.020615823918098224,0.07925241246882272,2.2292433309313537,0.02898298593380655,0.035040303548492434,0.010462462612309256,-0.7133926017775705,0.050333943659486596,-0.047520257385178066,-0.002368366180580117,-0.0075329247503731975,-1.1523725318658695e-05,0.579278053356501,0.8932303170432688,0.3382220216008523
255.43,1.0,18.0,18.0,1.0,0.015594422809315476,0.03339889712007969,1.4797286070328382,0.01122684873154393,0.04877412422283395,0.005851375884066752,-0.5868074970003376,0.03376034700548039,-0.037271220495355806,-0.0018385980349684417,-0.01849011225766658,6.882517120391368e-05,0.5024087423323701,0.8957190323185487,0.25306136597484863
255.63,0.0,21.0,21.0,1.0,0.020529298458612146,0.09554650725136066,2.44098389521747,nan,nan,nan,nan,nan,nan,-0.0018385980349684417,-0.01849011225766658,6.882517120391368e-05,0.5024087423323701,0.8957190323185487,0.25306136597484863
255.85000000000002,0.0,33.0,31.0,0.9393939393939394,0.01438425173703588,0.04080627122720661,2.1869241215056365,nan,nan,nan,nan,nan,nan,-0.0018385980349684417,-0.01849011225766658,6.882517120391368e-05,0.5024087423323701,0.8957190323185487,0.25306136597484863
256.09000000000003,1.0,36.0,36.0,1.0,0.014659227252773006,0.03148059782866059,2.1973069749326886,0.030281700301930472,0.06017159829194972,0.008016622002389583,-0.22354131095502078,0.048901058565741326,-0.03178557823819883,-9.329082007542011e-05,0.017218058430593,0.00019722088261771298,0.7883222132236197,0.9720474177786355,0.5000907317631436
256.33,1.0,37.0,37.0,1.0,0.015145045251935193,0.031058132379009968,1.719773136225529,0.04437986147444705,0.05035858715938841,0.0074384651218834495,-0.09415616284270208,0.06225321687498903,-0.031864080930259504,0.0003279670627313602,0.014561234843231893,-8.421427796170139e-05,0.636466449005883,0.939220536788236,0.41218064877774446
256.55,1.0,41.0,41.0,1.0,0.013599196093012817,0.03486632615801168,0.9415777640687085,0.057813120015663,0.04189507047274213,0.0067801027465173545,0.026873808199904016,0.07483519771054697,-0.03256701360797453,0.0004475929152456537,0.01428733383425454,-0.00016495430040140008,0.6068252978238415,0.9280390781165764,0.3737200119364682
256.79,1.0,40.0,40.0,1.0,0.015028424278439229,0.034395038386373915,1.1629647327696946,0.05587021116232323,0.04393971913636968,0.006397238431547385,0.15968533930285675,0.07347332633548236,-0.033578514839155194,2.0856850157208173e-05,-0.00094834172337524,-0.00021457451342811462,0.6217154994770039,0.9317118262105274,0.36511999173448806
257.03000000000003,1.0,39.0,39.0,1.0,0.014543687820955177,0.03906482477731531,0.5780611951621164,0.06970599345831036,0.03293187719409149,0.0049406391009348145,0.28733755524826593,0.08708780831970073,-0.03361305084944055,0.0004844142799549922,0.013747092759959612,-0.0001288149193822627,0.6335760426380889,0.9422416680307748,0.3617193362990325
257.27,1.0,43.0,43.0,1.0,0.015193773115027233,0.03372778858007294,0.8097263739726795,0.06736898942609622,0.03590727819147512,0.004947247396858802,0.41935434000036154,0.08480057912939643,-0.03423566919145271,-1.1347706512787603e-06,-0.0015696390203661231,-0.00016505711143318533,0.62311511549459,0.9420154847721772,0.3603223847851071
257.49,1.0,45.0,45.0,1.0,0.012690764479750531,0.034278727465702145,0.7266784733664814,0.07245779013244386,0.03141305882391757,0.0049188464752625985,0.5399229704490023,0.08903219822913404,-0.03414231622846664,0.00018386972519512934,0.004983848678442718,-9.581858620902328e-05,0.6119261566161379,0.9310750693398899,0.35277434179261175
257.73,1.0,41.0,38.0,0.926829268292683,0.013378472919390675,0.036018137786139104,1.0616063472322645,0.07279562155404783,0.032647701208827096,0.00492521510128762,0.670484664527186,0.08817237278599684,-0.03443001852020844,4.949865061343317e-05,0.000666144597403856,-9.576254583523736e-05,0.6322703845936334,0.943575550737714,0.35665953551691765
257.95,1.0,36.0,29.0,0.8055555555555556,0.016732383719115333,0.03499308455955261,0.9713531805430369,0.07202322916231171,0.03271356954397441,0.004890105487942349,0.7915035233735065,0.08785147390859069,-0.03451374487074641,-9.479456476224613e-06,-0.0007428254425206893,-6.549386970765292e-05,0.5825011352628985,0.9248118540773245,0.32915103288667524
258.15000000000003,1.0,38.0,28.0,0.7368421052631579,0.013413066234044512,0.035852657206547595,0.9963516168710457,0.070391626168497,0.034045062592969876,0.004949383024444746,0.9015175653321,0.0859940998741816,-0.034532467538496814,-5.022489455852597e-05,-0.0016905370694137722,-3.879321772451427e-05,0.5621219867423495,0.891957908953185,0.3172182019109383
258.39,1.0,63.0,43.0,0.6825396825396826,0.22941595356392977,0.3374635630179732,4.31515566791854,-0.2,0.12,0.2323194093314469,1.017834794183486,-0.1847204713366509,-0.03430773198379544,-0.009293308076818496,-0.27041527574521634,-1.0731316895482013e-05,0.07218423887083754,0.40546041258438825,0.3607708269283481
258.63,0.0,53.0,35.0,0.660377358490566,0.24655231295931104,0.3359382311582791,7.227952157360805,nan,nan,nan,nan,nan,nan,-0.009293308076818496,-0.27041527574521634,-1.0731316895482013e-05,0.07218423887083754,0.40546041258438825,0.3607708269283481
258.85,1.0,59.0,40.0,0.6779661016949152,0.24757151868854338,0.3475733684184136,6.658325283662768,-0.2,0.12,0.24698273294094755,1.2487395041782547,-0.18293628712675644,-0.036508650357485184,-0.005970441577441754,-0.16046704977394216,0.0007928500949768158,0.1279401393465328,0.6048631556239846,0.42766246451747486
259.09000000000003,1.0,62.0,47.0,0.7580645161290323,0.23941890676852404,0.34831304797004753,6.819779422788593,-0.12879549053280515,0.12,0.24564204382423457,1.3686066639346566,-0.11177183532465997,-0.03674718980694536,9.746321000303482e-05,0.007954436041072002,0.0010695185435420432,0.14698529579843014,0.5345914343980388,0.38624857174163224
259.29,1.0,48.0,30.0,0.625,0.24778405995162886,0.34756939161605066,6.5488838369282245,-0.19057227933806414,0.12,0.24543413664472724,1.4620114652957847,-0.17438243461487576,-0.03659604932346561,-0.002268408107429787,-0.05800161758164599,0.0006315619677296422,0.14635727072096985,0.46829956155547076,0.3419971270371095
259.55,0.0,49.0,41.0,0.8367346938775511,0.2300899371475493,0.32115039404274753,7.537628385042085,nan,nan,nan,nan,nan,nan,-0.002268408107429787,-0.05800161758164599,0.0006315619677296422,0.14635727072096985,0.46829956155547076,0.3419971270371095
259.75,0.0,52.0,41.0,0.7884615384615384,0.22918167400076886,0.3168206465215653,6.651659705524062,nan,nan,nan,nan,nan,nan,-0.002268408107429787,-0.05800161758164599,0.0006315619677296422,0.14635727072096985,0.46829956155547076,0.3419971270371095
259.99,0.0,52.0,36.0,0.6923076923076923,0.2223850417782033,0.3112982784904171,5.7044363135502545,nan,nan,nan,nan,nan,nan,-0.002268408107429787,-0.05800161758164599,0.0006315619677296422,0.14635727072096985,0.46829956155547076,0.3419971270371095
260.23,0.0,53.0,38.0,0.7169811320754716,0.22517184758443742,0.3144362037439443,6.157976560961702,nan,nan,nan,nan,nan,nan,-0.002268408107429787,-0.05800161758164599,0.0006315619677296422,0.14635727072096985,0.46829956155547076,0.3419971270371095
260.45,0.0,51.0,36.0,0.7058823529411765,0.22610790361900776,0.31970023907161854,6.893481117252584,nan,nan,nan,nan,nan,nan,-0.002268408107429787,-0.05800161758164599,0.0006315619677296422,0.14635727072096985,0.46829956155547076,0.3419971270371095
260.69,0.0,52.0,37.0,0.7115384615384616,0.227881150251676,0.3210723996612629,6.611187139915027,nan,nan,nan,nan,nan,nan,-0.002268408107429787,-0.05800161758164599,0.0006315619677296422,0.14635727072096985,0.46829956155547076,0.3419971270371095
260.89,0.0,48.0,39.0,0.8125,0.22660952681962598,0.3076485102659084,7.703888978193637,nan,nan,nan,nan,nan,nan,-0.002268408107429787,-0.05800161758164599,0.0006315619677296422,0.14635727072096985,0.46829956155547076,0.3419971270371095
261.13,0.0,48.0,38.0,0.7916666666666666,0.22523540813234574,0.30750490214191273,6.132587987588018,nan,nan,nan,nan,nan,nan,-0.002268408107429787,-0.05800161758164599,0.0006315619677296422,0.14635727072096985,0.46829956155547076,0.3419971270371095
261.35,0.0,50.0,37.0,0.74,0.22953478346080716,0.3206631456687301,6.714794630899163,nan,nan,nan,nan,nan,nan,-0.002268408107429787,-0.05800161758164599,0.0006315619677296422,0.14635727072096985,0.46829956155547076,0.3419971270371095
261.59000000000003,0.0,48.0,37.0,0.7708333333333334,0.2267294677472797,0.30898277211587577,7.388297295031267,nan,nan,nan,nan,nan,nan,-0.002268408107429787,-0.05800161758164599,0.0006315619677296422,0.14635727072096985,0.46829956155547076,0.3419971270371095
261.79,0.0,51.0,38.0,0.7450980392156863,0.22855283873341947,0.31724029134680914,6.317769214127257,nan,nan,nan,nan,nan,nan,-0.002268408107429787,-0.05800161758164599,0.0006315619677296422,0.14635727072096985,0.46829956155547076,0.3419971270371095
262.33,0.0,49.0,36.0,0.7346938775510204,0.2291282984732858,0.31810684751719837,6.309495567188442,nan,nan,nan,nan,nan,nan,-0.002268408107429787,-0.05800161758164599,0.0006315619677296422,0.14635727072096985,0.46829956155547076,0.3419971270371095
262.45,0.0,52.0,39.0,0.75,0.22332851756449648,0.3075153615285204,6.426973210348391,nan,nan,nan,nan,nan,nan,-0.002268408107429787,-0.05800161758164599,0.0006315619677296422,0.14635727072096985,0.46829956155547076,0.3419971270371095
262.59000000000003,0.0,49.0,37.0,0.7551020408163265,0.22625185823356533,0.3049704315737642,6.602331576853375,nan,nan,nan,nan,nan,nan,-0.002268408107429787,-0.05800161758164599,0.0006315619677296422,0.14635727072096985,0.46829956155547076,0.3419971270371095
262.93,0.0,51.0,38.0,0.7450980392156863,0.2275792783822743,0.3178007263576035,6.640821093785518,nan,nan,nan,nan,nan,nan,-0.002268408107429787,-0.05800161758164599,0.0006315619677296422,0.14635727072096985,0.46829956155547076,0.3419971270371095
262.95,0.0,51.0,39.0,0.7647058823529411,0.2251204759493814,0.3142637743919145,6.3611581685331,nan,nan,nan,nan,nan,nan,-0.002268408107429787,-0.05800161758164599,0.0006315619677296422,0.14635727072096985,0.46829956155547076,0.3419971270371095
263.05,0.0,51.0,39.0,0.7647058823529411,0.2251204759493814,0.3142637743919145,6.3611581685331,nan,nan,nan,nan,nan,nan,-0.002268408107429787,-0.05800161758164599,0.0006315619677296422,0.14635727072096985,0.46829956155547076,0.3419971270371095
263.29,0.0,51.0,39.0,0.7647058823529411,0.2251204759493814,0.3142637743919145,6.3611581685331,nan,nan,nan,nan,nan,nan,-0.002268408107429787,-0.05800161758164599,0.0006315619677296422,0.14635727072096985,0.46829956155547076,0.3419971270371095
263.53000000000003,0.0,51.0,39.0,0.7647058823529411,0.2251204759493814,0.3142637743919145,6.3611581685331,nan,nan,nan,nan,nan,nan,-0.002268408107429787,-0.05800161758164599,0.0006315619677296422,0.14635727072096985,0.46829956155547076,0.3419971270371095
263.73,0.0,51.0,39.0,0.7647058823529411,0.2251204759493814,0.3142637743919145,6.3611581685331,nan,nan,nan,nan,nan,nan,-0.002268408107429787,-0.05800161758164599,0.0006315619677296422,0.14635727072096985,0.46829956155547076,0.3419971270371095
263.95,0.0,49.0,37.0,0.7551020408163265,0.22405272331903373,0.30378670459787094,6.7361641809092205,nan,nan,nan,nan,nan,nan,-0.002268408107429787,-0.05800161758164599,0.0006315619677296422,0.14635727072096985,0.46829956155547076,0.3419971270371095
264.19,0.0,51.0,39.0,0.7647058823529411,0.2249288066137744,0.3141971604072329,6.414670889226437,nan,nan,nan,nan,nan,nan,-0.002268408107429787,-0.05800161758164599,0.0006315619677296422,0.14635727072096985,0.46829956155547076,0.3419971270371095
264.39,0.0,52.0,40.0,0.7692307692307693,0.22223122483982077,0.3101044486467947,5.979141979377434,nan,nan,nan,nan,nan,nan,-0.002268408107429787,-0.05800161758164599,0.0006315619677296422,0.14635727072096985,0.46829956155547076,0.3419971270371095
264.63,0.0,49.0,36.0,0.7346938775510204,0.22778149410189374,0.31156925548356657,5.79162416074311,nan,nan,nan,nan,nan,nan,-0.002268408107429787,-0.05800161758164599,0.0006315619677296422,0.14635727072096985,0.46829956155547076,0.3419971270371095
264.85,0.0,49.0,37.0,0.7551020408163265,0.22403635323038057,0.3081941492015907,6.281416438251797,nan,nan,nan,nan,nan,nan,-0.002268408107429787,-0.05800161758164599,0.0006315619677296422,0.14635727072096985,0.46829956155547076,0.3419971270371095
265.05,0.0,51.0,38.0,0.7450980392156863,0.22492559275150964,0.3098968024138895,5.660646006928614,nan,nan,nan,nan,nan,nan,-0.002268408107429787,-0.05800161758164599,0.0006315619677296422,0.14635727072096985,0.46829956155547076,0.3419971270371095
265.29,0.0,50.0,38.0,0.76,0.2258664312614633,0.31425187994598774,6.09451568253569,nan,nan,nan,nan,nan,nan,-0.002268408107429787,-0.05800161758164599,0.0006315619677296422,0.14635727072096985,0.46829956155547076,0.3419971270371095
265.53000000000003,0.0,49.0,37.0,0.7551020408163265,0.22802305452762972,0.31288464517329073,6.295540532205015,nan,nan,nan,nan,nan,nan,-0.002268408107429787,-0.05800161758164599,0.0006315619677296422,0.14635727072096985,0.46829956155547076,0.3419971270371095
265.75,0.0,52.0,40.0,0.7692307692307693,0.22263300218762438,0.3042388661100114,6.433436490268446,nan,nan,nan,nan,nan,nan,-0.002268408107429787,-0.05800161758164599,0.0006315619677296422,0.14635727072096985,0.46829956155547076,0.3419971270371095
265.99,0.0,49.0,37.0,0.7551020408163265,0.2259713471548173,0.31756715644039246,6.571566314229549,nan,nan,nan,nan,nan,nan,-0.002268408107429787,-0.05800161758164599,0.0006315619677296422,0.14635727072096985,0.46829956155547076,0.3419971270371095
266.23,0.0,47.0,36.0,0.7659574468085106,0.22773638563553256,0.30713828039482677,7.040315610437765,nan,nan,nan,nan,nan,nan,-0.002268408107429787,-0.05800161758164599,0.0006315619677296422,0.14635727072096985,0.46829956155547076,0.3419971270371095
266.45,0.0,51.0,39.0,0.7647058823529411,0.22412272215277942,0.3063489667691143,6.994667135977226,nan,nan,nan,nan,nan,nan,-0.002268408107429787,-0.05800161758164599,0.0006315619677296422,0.14635727072096985,0.46829956155547076,0.3419971270371095
266.69,0.0,52.0,40.0,0.7692307692307693,0.22536109151535752,0.3140234179083692,5.890011678990564,nan,nan,nan,nan,nan,nan,-0.002268408107429787,-0.05800161758164599,0.0006315619677296422,0.14635727072096985,0.46829956155547076,0.3419971270371095
266.93,0.0,50.0,38.0,0.76,0.22383767274151395,0.3103836925192796,5.718435663948575,nan,nan,nan,nan,nan,nan,-0.002268408107429787,-0.05800161758164599,0.0006315619677296422,0.14635727072096985,0.46829956155547076,0.3419971270371095
267.15000000000003,0.0,48.0,37.0,0.7708333333333334,0.22409539591549937,0.3030414006198621,6.890849578823924,nan,nan,nan,nan,nan,nan,-0.002268408107429787,-0.05800161758164599,0.0006315619677296422,0.14635727072096985,0.46829956155547076,0.3419971270371095
267.39,0.0,49.0,37.0,0.7551020408163265,0.22686077157282825,0.3057358604065974,6.709737812398285,nan,nan,nan,nan,nan,nan,-0.002268408107429787,-0.05800161758164599,0.0006315619677296422,0.14635727072096985,0.46829956155547076,0.3419971270371095
267.59000000000003,0.0,50.0,39.0,0.78,0.22443595056243879,0.3067709638787611,6.993032262170827,nan,nan,nan,nan,nan,nan,-0.002268408107429787,-0.05800161758164599,0.0006315619677296422,0.14635727072096985,0.46829956155547076,0.3419971270371095
267.83,0.0,49.0,37.0,0.7551020408163265,0.22362216299192522,0.31424562004394907,6.556802230147609,nan,nan,nan,nan,nan,nan,-0.002268408107429787,-0.05800161758164599,0.0006315619677296422,0.14635727072096985,0.46829956155547076,0.3419971270371095
268.03000000000003,0.0,50.0,37.0,0.74,0.22761688396825278,0.3187614853371965,6.649889663294773,nan,nan,nan,nan,nan,nan,-0.002268408107429787,-0.05800161758164599,0.0006315619677296422,0.14635727072096985,0.46829956155547076,0.3419971270371095
268.23,0.0,51.0,38.0,0.7450980392156863,0.22376463928914483,0.3129119616105567,6.255847701011498,nan,nan,nan,nan,nan,nan,-0.002268408107429787,-0.05800161758164599,0.0006315619677296422,0.14635727072096985,0.46829956155547076,0.3419971270371095
268.43,0.0,49.0,36.0,0.7346938775510204,0.22388724364371926,0.3071104472555669,5.790788125297259,nan,nan,nan,nan,nan,nan,-0.002268408107429787,-0.05800161758164599,0.0006315619677296422,0.14635727072096985,0.46829956155547076,0.3419971270371095
268.65000000000003,0.0,51.0,39.0,0.7647058823529411,0.22320600407777988,0.3047949657172551,6.132185514723159,nan,nan,nan,nan,nan,nan,-0.002268408107429787,-0.05800161758164599,0.0006315619677296422,0.14635727072096985,0.46829956155547076,0.3419971270371095
268.75,0.0,51.0,39.0,0.7647058823529411,0.22320600407777988,0.3047949657172551,6.132185514723159,nan,nan,nan,nan,nan,nan,-0.002268408107429787,-0.05800161758164599,0.0006315619677296422,0.14635727072096985,0.46829956155547076,0.3419971270371095
