time_sec,valid,confidence,point_count,span_m
0.009999999999990905,1.0,0.22105263157894733,14.0,0.6
0.21000000000000796,0.0,0.0,0.0,0.0
0.4099999999999966,1.0,0.18648648648648647,12.0,0.6
0.6049999999999898,0.0,0.0,0.0,0.0
0.8050000000000068,0.0,0.0,0.0,0.0
1.0,1.0,0.36000000000000004,18.0,0.76
1.1999999999999886,0.0,0.0,0.0,0.0
1.4000000000000057,1.0,0.18157894736842103,12.0,0.6
1.5949999999999989,1.0,0.18648648648648647,12.0,0.6
1.7949999999999875,1.0,0.18157894736842103,12.0,0.6
1.990000000000009,0.0,0.0,0.0,0.0
2.1899999999999977,1.0,0.26249999999999996,15.0,0.6
2.3899999999999864,1.0,0.18157894736842103,12.0,0.6
2.585000000000008,1.0,0.2596153846153846,15.0,0.6
2.7849999999999966,1.0,0.18157894736842103,12.0,0.6
2.9799999999999898,1.0,0.18157894736842103,12.0,0.6
3.180000000000007,1.0,0.20833333333333337,13.0,0.64
3.3799999999999955,1.0,0.18648648648648647,12.0,0.6
3.5749999999999886,1.0,0.26644736842105265,15.0,0.6
3.7750000000000057,1.0,0.2394736842105263,14.0,0.56
3.9749999999999943,1.0,0.18157894736842103,12.0,0.6
4.1699999999999875,1.0,0.18157894736842103,12.0,0.6
4.3700000000000045,1.0,0.2596153846153846,15.0,0.6
4.564999999999998,1.0,0.2394736842105263,14.0,0.56
4.764999999999986,1.0,0.18157894736842103,12.0,0.6
4.965000000000003,0.0,0.0,0.0,0.0
5.159999999999997,1.0,0.26249999999999996,15.0,0.6
5.359999999999985,1.0,0.18648648648648647,12.0,0.6
5.555000000000007,1.0,0.2596153846153846,15.0,0.6
5.7549999999999955,1.0,0.18157894736842103,12.0,0.6
5.954999999999984,1.0,0.26644736842105265,15.0,0.6
6.150000000000006,1.0,0.227027027027027,14.0,0.6
6.349999999999994,1.0,0.18157894736842103,12.0,0.6
6.5449999999999875,1.0,0.29,16.0,0.64
6.7450000000000045,1.0,0.18157894736842103,12.0,0.6
6.939999999999998,1.0,0.18157894736842103,12.0,0.6
7.139999999999986,1.0,0.18157894736842103,12.0,0.6
7.340000000000003,1.0,0.18157894736842103,12.0,0.6
7.534999999999997,1.0,0.18157894736842103,12.0,0.6
7.734999999999985,0.0,0.0,0.0,0.0
7.930000000000007,1.0,0.2596153846153846,15.0,0.6
8.129999999999995,1.0,0.26644736842105265,15.0,0.6
8.329999999999984,1.0,0.26644736842105265,15.0,0.6
8.525000000000006,0.0,0.0,0.0,0.0
8.724999999999994,1.0,0.2596153846153846,15.0,0.6
8.919999999999987,1.0,0.22105263157894733,14.0,0.6
9.120000000000005,1.0,0.18648648648648647,12.0,0.6
9.319999999999993,1.0,0.18157894736842103,12.0,0.6
9.514999999999986,1.0,0.2394736842105263,14.0,0.56
9.715000000000003,1.0,0.18157894736842103,12.0,0.6
9.909999999999997,1.0,0.18648648648648647,12.0,0.6
10.109999999999985,1.0,0.18648648648648647,12.0,0.6
10.310000000000002,1.0,0.2596153846153846,15.0,0.6
10.504999999999995,1.0,0.18648648648648647,12.0,0.6
10.704999999999984,1.0,0.18157894736842103,12.0,0.6
10.900000000000006,1.0,0.18157894736842103,12.0,0.6
11.099999999999994,1.0,0.18157894736842103,12.0,0.6
11.299999999999983,0.0,0.0,0.0,0.0
11.495000000000005,1.0,0.2596153846153846,15.0,0.6
11.694999999999993,1.0,0.18157894736842103,12.0,0.6
11.889999999999986,1.0,0.2596153846153846,15.0,0.6
12.090000000000003,1.0,0.18157894736842103,12.0,0.6
12.289999999999992,0.0,0.0,0.0,0.0
12.484999999999985,1.0,0.2692307692307692,15.0,0.6
12.685000000000002,1.0,0.2596153846153846,15.0,0.6
12.879999999999995,1.0,0.22105263157894733,14.0,0.6
13.079999999999984,1.0,0.2596153846153846,15.0,0.6
13.280000000000001,1.0,0.18648648648648647,12.0,0.6
13.474999999999994,1.0,0.2394736842105263,14.0,0.56
13.674999999999983,0.0,0.0,0.0,0.0
13.875,1.0,0.2596153846153846,15.0,0.6
14.069999999999993,1.0,0.2596153846153846,15.0,0.6
14.269999999999982,1.0,0.2596153846153846,15.0,0.6
14.465000000000003,1.0,0.2596153846153846,15.0,0.6
14.664999999999992,1.0,0.2596153846153846,15.0,0.6
14.865000000000009,1.0,0.18157894736842103,12.0,0.6
15.060000000000002,1.0,0.18157894736842103,12.0,0.6
15.259999999999991,1.0,0.18648648648648647,12.0,0.6
15.454999999999984,0.0,0.0,0.0,0.0
15.655000000000001,1.0,0.26644736842105265,15.0,0.6
15.85499999999999,0.0,0.0,0.0,0.0
16.049999999999983,1.0,0.18157894736842103,12.0,0.6
16.25,0.0,0.0,0.0,0.0
16.444999999999993,1.0,0.18157894736842103,12.0,0.6
16.644999999999982,1.0,0.26644736842105265,15.0,0.6
16.840000000000003,1.0,0.227027027027027,14.0,0.6
17.039999999999992,1.0,0.22435897435897437,14.0,0.6
17.24000000000001,1.0,0.18157894736842103,12.0,0.6
17.435000000000002,1.0,0.2596153846153846,15.0,0.6
17.63499999999999,0.0,0.0,0.0,0.0
17.829999999999984,1.0,0.18648648648648647,12.0,0.6
18.03,1.0,0.22105263157894733,14.0,0.6
18.22999999999999,1.0,0.2596153846153846,15.0,0.6
18.424999999999983,1.0,0.18157894736842103,12.0,0.6
18.625,1.0,0.18157894736842103,12.0,0.6
18.819999999999993,1.0,0.22105263157894733,14.0,0.6
19.019999999999982,1.0,0.18157894736842103,12.0,0.6
19.22,1.0,0.18648648648648647,12.0,0.6
19.414999999999992,1.0,0.18648648648648647,12.0,0.6
19.61500000000001,1.0,0.2596153846153846,15.0,0.6
19.810000000000002,0.0,0.0,0.0,0.0
20.00999999999999,1.0,0.18157894736842103,12.0,0.6
20.210000000000008,1.0,0.18157894736842103,12.0,0.6
20.405,1.0,0.2596153846153846,15.0,0.6
20.60499999999999,1.0,0.20202702702702702,13.0,0.56
20.799999999999983,1.0,0.26644736842105265,15.0,0.6
21.0,1.0,0.2596153846153846,15.0,0.6
21.19999999999999,0.0,0.0,0.0,0.0
21.394999999999982,1.0,0.18648648648648647,12.0,0.6
21.595,1.0,0.2596153846153846,15.0,0.6
21.789999999999992,1.0,0.2596153846153846,15.0,0.6
21.99000000000001,1.0,0.18157894736842103,12.0,0.6
22.189999999999998,1.0,0.18648648648648647,12.0,0.6
22.38499999999999,1.0,0.18157894736842103,12.0,0.6
22.585000000000008,1.0,0.26644736842105265,15.0,0.6
22.78,1.0,0.18648648648648647,12.0,0.6
22.97999999999999,1.0,0.18157894736842103,12.0,0.6
23.180000000000007,1.0,0.18648648648648647,12.0,0.6
23.375,1.0,0.2596153846153846,15.0,0.6
23.57499999999999,1.0,0.18157894736842103,12.0,0.6
23.775000000000006,1.0,0.22105263157894733,14.0,0.6
23.97,1.0,0.18648648648648647,12.0,0.6
24.169999999999987,1.0,0.2692307692307692,15.0,0.76
24.36500000000001,1.0,0.18157894736842103,12.0,0.6
24.564999999999998,1.0,0.19166666666666665,12.0,0.6
24.764999999999986,1.0,0.2596153846153846,15.0,0.6
24.960000000000008,1.0,0.18157894736842103,12.0,0.6
25.159999999999997,1.0,0.2596153846153846,15.0,0.6
25.35499999999999,1.0,0.22105263157894733,14.0,0.6
25.555000000000007,1.0,0.18157894736842103,12.0,0.6
25.754999999999995,1.0,0.18648648648648647,12.0,0.6
25.94999999999999,1.0,0.18157894736842103,12.0,0.6
26.150000000000006,1.0,0.18157894736842103,12.0,0.6
26.345,1.0,0.18648648648648647,12.0,0.6
26.544999999999987,0.0,0.0,0.0,0.0
26.74000000000001,1.0,0.2596153846153846,15.0,0.6
26.939999999999998,0.0,0.0,0.0,0.0
27.139999999999986,1.0,0.18157894736842103,12.0,0.6
27.335000000000008,1.0,0.227027027027027,14.0,0.6
27.534999999999997,1.0,0.2596153846153846,15.0,0.6
27.72999999999999,1.0,0.26644736842105265,15.0,0.6
27.930000000000007,1.0,0.18157894736842103,12.0,0.6
28.129999999999995,1.0,0.227027027027027,14.0,0.6
28.32499999999999,1.0,0.18157894736842103,12.0,0.6
28.525000000000006,1.0,0.37894736842105264,18.0,0.76
28.72,0.0,0.0,0.0,0.0
28.919999999999987,1.0,0.2596153846153846,15.0,0.6
29.120000000000005,1.0,0.227027027027027,14.0,0.6
29.314999999999998,1.0,0.2692307692307692,15.0,0.76
29.514999999999986,1.0,0.18157894736842103,12.0,0.6
29.710000000000008,0.0,0.0,0.0,0.0
29.909999999999997,1.0,0.18157894736842103,12.0,0.6
30.109999999999985,1.0,0.26644736842105265,15.0,0.6
30.305000000000007,1.0,0.2596153846153846,15.0,0.6
30.504999999999995,1.0,0.18157894736842103,12.0,0.6
30.69999999999999,1.0,0.18157894736842103,12.0,0.6
30.900000000000006,1.0,0.2596153846153846,15.0,0.6
31.099999999999994,0.0,0.0,0.0,0.0
31.294999999999987,1.0,0.18157894736842103,12.0,0.6
31.495000000000005,1.0,0.18157894736842103,12.0,0.6
31.689999999999998,1.0,0.2596153846153846,15.0,0.6
31.889999999999986,1.0,0.2596153846153846,15.0,0.6
32.09,1.0,0.22105263157894733,14.0,0.6
32.285,1.0,0.2596153846153846,15.0,0.6
32.484999999999985,1.0,0.2596153846153846,15.0,0.6
32.68000000000001,0.0,0.0,0.0,0.0
32.879999999999995,1.0,0.18157894736842103,12.0,0.6
33.079999999999984,1.0,0.18157894736842103,12.0,0.6
33.275000000000006,1.0,0.2596153846153846,15.0,0.6
33.474999999999994,1.0,0.2596153846153846,15.0,0.6
33.67499999999998,1.0,0.18157894736842103,12.0,0.6
33.870000000000005,1.0,0.18157894736842103,12.0,0.6
34.06999999999999,1.0,0.18157894736842103,12.0,0.6
34.264999999999986,1.0,0.18648648648648647,12.0,0.6
34.465,1.0,0.18157894736842103,12.0,0.6
34.66499999999999,1.0,0.27364864864864863,15.0,0.6
34.859999999999985,1.0,0.18648648648648647,12.0,0.6
35.06,1.0,0.2596153846153846,15.0,0.6
35.254999999999995,1.0,0.18157894736842103,12.0,0.6
35.454999999999984,1.0,0.2596153846153846,15.0,0.6
35.655,1.0,0.18648648648648647,12.0,0.6
35.849999999999994,1.0,0.18157894736842103,12.0,0.6
36.04999999999998,1.0,0.18157894736842103,12.0,0.6
36.245000000000005,1.0,0.18157894736842103,12.0,0.6
36.44499999999999,1.0,0.2596153846153846,15.0,0.6
36.639999999999986,1.0,0.227027027027027,14.0,0.6
36.84,1.0,0.2596153846153846,15.0,0.6
37.03999999999999,1.0,0.2596153846153846,15.0,0.6
37.234999999999985,1.0,0.26644736842105265,15.0,0.6
37.435,1.0,0.18157894736842103,12.0,0.6
37.629999999999995,1.0,0.18157894736842103,12.0,0.6
37.829999999999984,1.0,0.18157894736842103,12.0,0.6
38.03,0.0,0.0,0.0,0.0
38.224999999999994,1.0,0.18648648648648647,12.0,0.6
38.42499999999998,1.0,0.2596153846153846,15.0,0.6
38.620000000000005,1.0,0.18157894736842103,12.0,0.6
38.81999999999999,1.0,0.18157894736842103,12.0,0.6
39.01999999999998,0.0,0.0,0.0,0.0
39.215,1.0,0.18648648648648647,12.0,0.6
39.41499999999999,1.0,0.26644736842105265,15.0,0.6
39.609999999999985,1.0,0.2596153846153846,15.0,0.6
39.81,1.0,0.2596153846153846,15.0,0.6
40.00999999999999,1.0,0.2596153846153846,15.0,0.6
40.204999999999984,1.0,0.22105263157894733,14.0,0.6
40.405,1.0,0.2596153846153846,15.0,0.6
40.599999999999994,1.0,0.18157894736842103,12.0,0.6
40.79999999999998,1.0,0.18157894736842103,12.0,0.6
41.0,1.0,0.18157894736842103,12.0,0.6
41.19499999999999,1.0,0.18157894736842103,12.0,0.6
41.39499999999998,1.0,0.22105263157894733,14.0,0.6
41.59,1.0,0.36000000000000004,18.0,0.76
41.78999999999999,1.0,0.18157894736842103,12.0,0.6
41.99000000000001,1.0,0.18648648648648647,12.0,0.6
42.185,1.0,0.26644736842105265,15.0,0.6
42.38499999999999,1.0,0.2596153846153846,15.0,0.6
42.579999999999984,0.0,0.0,0.0,0.0
42.78,1.0,0.18157894736842103,12.0,0.6
42.97999999999999,1.0,0.18157894736842103,12.0,0.6
43.17499999999998,1.0,0.20833333333333337,13.0,0.64
43.375,1.0,0.2596153846153846,15.0,0.6
43.57499999999999,1.0,0.227027027027027,14.0,0.6
43.76999999999998,1.0,0.18157894736842103,12.0,0.6
43.97,1.0,0.18648648648648647,12.0,0.6
44.16499999999999,1.0,0.2692307692307692,15.0,0.6
44.36500000000001,1.0,0.2596153846153846,15.0,0.6
44.565,1.0,0.36000000000000004,18.0,0.76
44.75999999999999,1.0,0.2596153846153846,15.0,0.6
44.96000000000001,1.0,0.2596153846153846,15.0,0.6
45.155,1.0,0.2394736842105263,14.0,0.56
45.35499999999999,1.0,0.18157894736842103,12.0,0.6
45.55500000000001,1.0,0.2394736842105263,14.0,0.56
45.75,1.0,0.2596153846153846,15.0,0.6
45.94999999999999,1.0,0.22105263157894733,14.0,0.6
46.14499999999998,1.0,0.18157894736842103,12.0,0.6
46.345,1.0,0.18157894736842103,12.0,0.6
46.53999999999999,1.0,0.18157894736842103,12.0,0.6
46.74000000000001,1.0,0.2596153846153846,15.0,0.6
46.94,1.0,0.2596153846153846,15.0,0.6
47.13499999999999,1.0,0.18648648648648647,12.0,0.6
47.33500000000001,1.0,0.18157894736842103,12.0,0.6
47.53,1.0,0.18157894736842103,12.0,0.6
47.72999999999999,1.0,0.2596153846153846,15.0,0.6
47.93000000000001,1.0,0.2596153846153846,15.0,0.6
48.125,1.0,0.18157894736842103,12.0,0.6
48.32499999999999,1.0,0.2596153846153846,15.0,0.6
48.51999999999998,0.0,0.0,0.0,0.0
48.72,1.0,0.18157894736842103,12.0,0.6
48.91999999999999,1.0,0.2596153846153846,15.0,0.6
49.11500000000001,1.0,0.19166666666666665,12.0,0.6
49.315,1.0,0.2596153846153846,15.0,0.6
49.50999999999999,1.0,0.18157894736842103,12.0,0.6
49.71000000000001,1.0,0.2596153846153846,15.0,0.6
49.91,1.0,0.2692307692307692,15.0,0.6
50.10499999999999,1.0,0.2596153846153846,15.0,0.6
50.30500000000001,1.0,0.18157894736842103,12.0,0.6
50.5,1.0,0.18648648648648647,12.0,0.6
50.69999999999999,1.0,0.18648648648648647,12.0,0.6
50.900000000000006,1.0,0.26644736842105265,15.0,0.6
51.095,1.0,0.227027027027027,14.0,0.6
51.29499999999999,1.0,0.227027027027027,14.0,0.6
51.49000000000001,0.0,0.0,0.0,0.0
51.69,1.0,0.18157894736842103,12.0,0.6
51.889999999999986,1.0,0.18648648648648647,12.0,0.6
52.08500000000001,1.0,0.22105263157894733,14.0,0.6
52.285,1.0,0.18157894736842103,12.0,0.6
52.47999999999999,1.0,0.2596153846153846,15.0,0.6
52.68000000000001,1.0,0.26644736842105265,15.0,0.6
52.879999999999995,1.0,0.2596153846153846,15.0,0.6
53.07499999999999,1.0,0.18157894736842103,12.0,0.6
53.275000000000006,1.0,0.22105263157894733,14.0,0.6
53.474999999999994,1.0,0.18648648648648647,12.0,0.6
53.66999999999999,0.0,0.0,0.0,0.0
53.870000000000005,1.0,0.26644736842105265,15.0,0.6
54.065,1.0,0.2596153846153846,15.0,0.6
54.264999999999986,1.0,0.18157894736842103,12.0,0.6
54.465,1.0,0.2394736842105263,14.0,0.56
54.66,1.0,0.18648648648648647,12.0,0.6
54.859999999999985,1.0,0.18157894736842103,12.0,0.6
55.05500000000001,1.0,0.18157894736842103,12.0,0.6
55.254999999999995,0.0,0.0,0.0,0.0
55.454999999999984,1.0,0.227027027027027,14.0,0.6
55.650000000000006,1.0,0.2596153846153846,15.0,0.6
55.849999999999994,1.0,0.18157894736842103,12.0,0.6
56.04499999999999,1.0,0.2596153846153846,15.0,0.6
56.245000000000005,1.0,0.26249999999999996,15.0,0.6
56.44,1.0,0.2596153846153846,15.0,0.6
56.639999999999986,1.0,0.2692307692307692,15.0,0.6
56.84,1.0,0.18157894736842103,12.0,0.6
57.035,1.0,0.18157894736842103,12.0,0.6
57.234999999999985,1.0,0.18648648648648647,12.0,0.6
57.43000000000001,1.0,0.18157894736842103,12.0,0.6
57.629999999999995,1.0,0.18157894736842103,12.0,0.6
57.829999999999984,1.0,0.18157894736842103,12.0,0.6
58.025000000000006,1.0,0.2692307692307692,15.0,0.76
58.224999999999994,1.0,0.2596153846153846,15.0,0.6
58.41999999999999,1.0,0.22105263157894733,14.0,0.6
58.620000000000005,1.0,0.2692307692307692,15.0,0.6
58.81999999999999,1.0,0.2596153846153846,15.0,0.6
59.014999999999986,1.0,0.18157894736842103,12.0,0.6
59.215,1.0,0.2596153846153846,15.0,0.6
59.41,1.0,0.18648648648648647,12.0,0.6
59.609999999999985,1.0,0.26644736842105265,15.0,0.6
59.81,1.0,0.18157894736842103,12.0,0.6
60.004999999999995,1.0,0.42102272727272727,19.0,0.6999999629572122
60.204999999999984,1.0,0.27364864864864863,15.0,0.6
60.400000000000006,1.0,0.37295918367346936,17.0,0.66
60.599999999999994,1.0,0.25277777777777777,14.0,0.5599935578470325
60.79999999999998,1.0,0.75625,33.0,0.9611964352795404
60.995000000000005,1.0,0.923728813559322,42.0,1.0168467288786638
61.19499999999999,1.0,0.940677966101695,42.0,1.2229673360540756
61.389999999999986,1.0,0.9439252336448598,43.0,1.1643433163794283
61.59,1.0,0.7157894736842105,32.0,0.9407999460208323
61.78999999999999,1.0,0.678125,31.0,0.8597597651553248
61.984999999999985,1.0,0.6305921052631579,27.0,0.8202427795189523
62.185,1.0,0.528,24.0,0.6203224680332016
62.379999999999995,1.0,0.44047619047619047,20.0,0.5811464014459959
62.579999999999984,1.0,0.4,16.0,0.5003592411306496
62.78,0.0,0.0,0.0,0.0
62.974999999999994,0.0,0.0,0.0,0.0
63.17499999999998,0.0,0.0,0.0,0.0
63.375,0.0,0.0,0.0,0.0
63.56999999999999,0.0,0.0,0.0,0.0
63.76999999999998,0.0,0.0,0.0,0.0
63.965,0.0,0.0,0.0,0.0
64.16499999999999,0.0,0.0,0.0,0.0
64.36500000000001,0.0,0.0,0.0,0.0
64.56,1.0,0.5739130434782609,24.0,0.6380504590795802
64.75999999999999,1.0,0.7827956989247312,32.0,0.8418999589912255
64.95499999999998,1.0,0.7781818181818183,32.0,0.9498897589504072
65.155,1.0,0.8185483870967741,35.0,0.9945415150875307
65.35499999999999,1.0,0.7666666666666666,34.0,0.9560011610222523
65.54999999999998,1.0,0.8212719298245614,35.0,1.2323482644764023
65.75,1.0,0.9629629629629629,46.0,1.4672928251180533
65.945,1.0,0.967741935483871,40.0,1.188104465042164
66.14499999999998,1.0,0.941747572815534,40.0,1.2495471475384359
66.34,1.0,0.9230769230769231,44.0,1.3439442888939106
66.53999999999999,1.0,0.9591836734693877,43.0,1.2035508101032346
66.74000000000001,1.0,0.8167553191489362,37.0,0.9764624912416018
66.935,1.0,0.673943661971831,29.0,0.8676370856415183
67.13499999999999,1.0,0.7372448979591836,34.0,0.9741116264915373
67.32999999999998,1.0,0.8682352941176471,36.0,1.0880094837446013
67.53,1.0,0.9270833333333334,44.0,1.1244245623075872
67.72999999999999,1.0,0.756,36.0,1.1472425852368664
67.92499999999998,1.0,0.96,61.0,1.3406764790750574
68.125,1.0,0.95,53.0,1.3957071652746296
68.32,1.0,0.9296875,45.0,1.2110603009888097
68.51999999999998,1.0,0.9807692307692307,40.0,1.2447646804397614
68.72,1.0,0.9924242424242424,53.0,1.2876221104284644
68.91499999999999,1.0,0.96875,55.0,1.2962751567813355
69.11500000000001,1.0,1.0,51.0,1.3427503786093664
69.31,1.0,0.9381443298969072,44.0,1.2068297714148464
69.50999999999999,1.0,0.48999999999999994,28.0,1.0812530708514094
69.71000000000001,1.0,0.6857142857142857,32.0,0.7020191244787701
69.905,1.0,0.5173469387755102,26.0,0.665432369032119
70.10499999999999,1.0,0.8346153846153846,35.0,0.7598151687035117
70.29999999999998,1.0,0.7560975609756098,31.0,0.8542153873711523
70.5,1.0,0.6252380952380953,26.0,0.7771450131842166
70.69999999999999,1.0,0.96,40.0,1.0804520692238915
70.89499999999998,1.0,0.9618320610687023,42.0,1.1251132966144115
71.095,1.0,0.9565217391304348,45.0,1.3013837844551157
71.28999999999999,1.0,0.9867549668874173,55.0,1.6153701971834113
71.49000000000001,1.0,0.958904109589041,49.0,1.615440449079617
71.69,1.0,0.7484939759036144,35.0,1.1818285620213052
71.88499999999999,0.0,0.0,0.0,0.0
72.08500000000001,0.0,0.0,0.0,0.0
72.28,0.0,0.0,0.0,0.0
72.47999999999999,0.0,0.0,0.0,0.0
72.68,0.0,0.0,0.0,0.0
72.875,0.0,0.0,0.0,0.0
73.07499999999999,1.0,0.9326923076923077,46.0,1.109317874377414
73.275,1.0,0.8080459770114943,37.0,0.9486075332089827
73.47,1.0,0.9339473684210526,39.0,1.0044652353478363
73.66999999999999,1.0,0.897196261682243,40.0,0.948456572733703
73.86500000000001,1.0,0.8308080808080808,35.0,0.9801527280718652
74.065,1.0,0.9407894736842105,46.0,1.4961470926134917
74.26499999999999,1.0,0.9444444444444444,49.0,1.3436513122965366
74.46000000000001,1.0,0.9294871794871795,45.0,1.3533685642488493
74.66,1.0,0.9496402877697842,40.0,1.320160224219977
74.85499999999999,1.0,0.952755905511811,43.0,1.2271424737556385
75.055,1.0,0.9375,44.0,1.4042314227501271
75.255,1.0,0.9607843137254902,42.0,1.4160395310844702
75.44999999999999,1.0,0.9661016949152542,41.0,1.536482147123439
75.65,1.0,0.9523809523809523,44.0,1.368160848181592
75.845,1.0,0.924742268041237,39.0,1.1682353287778044
76.04499999999999,1.0,0.9655172413793104,41.0,1.2805660156085281
76.24000000000001,1.0,0.9382716049382716,41.0,1.4057519198298465
76.44,1.0,0.8455056179775281,35.0,1.202135775409928
76.63999999999999,1.0,0.968421052631579,44.0,1.2213163404614487
76.83500000000001,1.0,0.9340659340659341,43.0,1.2148466077690356
77.035,1.0,0.7314285714285714,32.0,0.8876209692163859
77.22999999999999,1.0,0.5876543209876542,28.0,0.7766241974984884
77.43,1.0,0.7162878787878788,31.0,0.9252986676947066
77.63,1.0,0.7173913043478262,30.0,0.9394875791226807
77.82499999999999,1.0,0.6428571428571428,28.0,0.834859596011065
78.025,1.0,0.6262048192771085,27.0,0.653824875923328
78.22,1.0,0.9693877551020408,42.0,0.9909719062468494
78.41999999999999,1.0,0.9038461538461539,41.0,0.9630629014462324
78.62,1.0,0.9765625,41.0,1.2185533654769016
78.815,1.0,0.9896907216494846,40.0,1.243799604235292
79.01499999999999,1.0,0.9846153846153847,50.0,1.3453453894261194
79.21000000000001,1.0,1.0,47.0,1.4731866879400557
79.41,1.0,0.9682539682539683,43.0,1.3885142649997209
79.60999999999999,1.0,0.9655172413793104,40.0,1.2888688424119867
79.805,1.0,0.9047619047619047,38.0,1.3602939091089281
80.005,1.0,0.8526315789473684,36.0,1.1180313354798173
80.19999999999999,1.0,0.9523809523809523,42.0,1.2473388562809855
80.4,1.0,0.8400000000000001,36.0,1.1151639257945622
80.6,1.0,0.8012048192771084,35.0,0.8771829219702454
80.79499999999999,1.0,0.7333333333333334,32.0,0.9749300704142367
80.995,1.0,0.5463768115942029,26.0,0.8039298597139566
81.19,1.0,0.806896551724138,36.0,0.9313279125821092
81.38999999999999,1.0,0.9158878504672897,59.0,1.535293798127623
81.59,1.0,0.8209876543209875,38.0,1.2059191834865226
81.785,1.0,0.9151376146788991,38.0,1.2741688942963894
81.98499999999999,1.0,0.7434343434343434,32.0,1.2742226642720074
82.18,1.0,0.7407407407407408,32.0,1.2492299343375057
82.38,1.0,0.6179577464788732,27.0,1.1241350314872693
82.57999999999998,1.0,0.45918367346938777,20.0,0.6127213021953919
82.775,1.0,0.6,24.0,0.6646490487241016
82.975,1.0,0.40078125,19.0,0.519169042779962
83.17499999999998,0.0,0.0,0.0,0.0
83.37,0.0,0.0,0.0,0.0
83.57,0.0,0.0,0.0,0.0
83.76499999999999,0.0,0.0,0.0,0.0
83.965,0.0,0.0,0.0,0.0
84.16499999999999,0.0,0.0,0.0,0.0
84.35999999999999,0.0,0.0,0.0,0.0
84.56,0.0,0.0,0.0,0.0
84.755,1.0,0.9325842696629213,40.0,0.8813453116768939
84.95499999999998,1.0,0.7319444444444444,31.0,0.8436333115725244
85.155,1.0,0.78625,34.0,0.8507203993897627
85.35,1.0,0.8977722772277228,39.0,0.8918278452620965
85.54999999999998,1.0,0.7549528301886792,33.0,1.03488904780114
85.745,1.0,0.9333333333333333,44.0,0.949220678436085
85.945,1.0,0.9464285714285714,42.0,1.0729825690450376
86.13999999999999,1.0,0.9504132231404959,43.0,1.1858393292889224
86.34,1.0,0.9496402877697842,46.0,1.324330579391162
86.53999999999999,1.0,0.9302325581395349,41.0,1.3399150471645611
86.73499999999999,1.0,0.9590163934426229,51.0,1.622801114507164
86.935,1.0,0.9568965517241379,48.0,1.5042541717252162
87.13,1.0,0.9259259259259259,47.0,1.2763304199002732
87.32999999999998,1.0,0.9302325581395349,45.0,1.1259177584827835
87.53,1.0,0.8804878048780488,38.0,1.0042469193970307
87.725,1.0,0.8288961038961039,37.0,1.0040396761675523
87.92499999999998,1.0,0.9496753246753247,39.0,1.2763711080939006
88.12,1.0,0.9069767441860465,39.0,1.1168840942313758
88.32,1.0,0.9557522123893806,40.0,1.1838179144957643
88.51999999999998,1.0,0.856842105263158,37.0,1.0392488972790752
88.715,1.0,0.9285714285714285,39.0,1.1291687700461295
88.91499999999999,1.0,0.6961038961038961,32.0,0.8020158465556337
89.10999999999999,1.0,0.7403846153846154,33.0,1.1023497930464972
89.31,1.0,0.6930379746835443,30.0,0.868052660747912
89.50999999999999,1.0,0.7104166666666667,31.0,0.9863253136085843
89.70499999999998,1.0,0.7367283950617284,31.0,0.929623250715638
89.905,1.0,0.889423076923077,37.0,1.0064774653661077
90.1,1.0,0.7157894736842105,32.0,0.9296446775786502
90.29999999999998,1.0,0.7884057971014493,34.0,1.018217675821112
90.5,1.0,0.7307142857142856,33.0,0.8394708301609137
90.695,1.0,0.4688461538461538,23.0,0.7665389395376948
90.89499999999998,1.0,0.740625,33.0,0.9248007187831485
91.09,1.0,0.7425287356321839,34.0,1.080162502499113
91.28999999999999,1.0,0.6538461538461539,34.0,0.8396748529265274
91.49000000000001,1.0,0.9285714285714286,64.0,1.3918999346884768
91.685,1.0,0.9205298013245033,54.0,1.3316135056052647
91.88499999999999,1.0,0.9558823529411765,48.0,1.2417693704850248
92.07999999999998,1.0,0.9196428571428571,43.0,1.231072376352093
92.28,1.0,0.9375,48.0,1.2226416919584793
92.47999999999999,1.0,0.9330645161290323,39.0,1.1917190771810344
92.67499999999998,1.0,0.7232876712328767,32.0,0.9535086076933974
92.875,1.0,0.5967213114754099,26.0,0.851586515361179
93.07499999999999,1.0,0.48125,21.0,0.7131686025355566
93.26999999999998,1.0,0.3891891891891892,16.0,0.6082520049765512
93.47,0.0,0.0,0.0,0.0
93.66499999999999,0.0,0.0,0.0,0.0
93.86500000000001,0.0,0.0,0.0,0.0
94.065,0.0,0.0,0.0,0.0
94.25999999999999,0.0,0.0,0.0,0.0
94.46000000000001,0.0,0.0,0.0,0.0
94.655,0.0,0.0,0.0,0.0
94.85499999999999,0.0,0.0,0.0,0.0
95.055,1.0,1.0,41.0,1.090093087736998
95.25,1.0,0.9159663865546218,47.0,1.0975253540653704
95.44999999999999,1.0,0.6262886597938144,30.0,1.300520987259869
95.64499999999998,1.0,0.634375,29.0,0.7455436043300483
95.845,1.0,0.918918918918919,44.0,1.2445058576217436
96.03999999999999,1.0,0.9401197604790419,48.0,1.4540867081099023
96.24000000000001,1.0,0.937984496124031,46.0,1.380933966981085
96.44,1.0,0.944,48.0,1.544831041558658
96.63499999999999,1.0,0.8888888888888888,40.0,1.2588579757207778
96.83500000000001,1.0,0.944954128440367,44.0,1.3440669555877032
97.03,1.0,0.9262499999999999,39.0,1.2434285987655163
97.22999999999999,1.0,0.9659090909090909,43.0,1.3056376640093539
97.43,1.0,0.5188679245283019,25.0,0.7153695105654183
97.625,0.0,0.0,0.0,0.0
97.82499999999999,0.0,0.0,0.0,0.0
98.01999999999998,0.0,0.0,0.0,0.0
98.22,0.0,0.0,0.0,0.0
98.41999999999999,1.0,0.5125,23.0,0.6440493458535577
98.61500000000001,1.0,0.6154411764705883,27.0,0.8096509088615682
98.815,1.0,0.8014285714285714,34.0,1.0681517895691484
99.00999999999999,1.0,0.9033088235294118,39.0,1.186708588864309
99.21000000000001,1.0,0.6896551724137931,32.0,1.0215726797001357
99.41,1.0,0.796875,35.0,1.0114625048257306
99.60499999999999,1.0,0.8263888888888888,35.0,1.1075548687237302
99.805,1.0,0.8032967032967032,34.0,1.0158554209721522
100.0,1.0,0.9126666666666667,37.0,1.1412044934960188
100.19999999999999,1.0,0.9555555555555556,47.0,1.0553089264346878
100.4,1.0,0.9438202247191011,40.0,0.9711041326751249
100.595,1.0,0.9090909090909091,51.0,0.9257620981762472
100.79499999999999,1.0,0.9555555555555556,62.0,1.0442033003764997
100.99000000000001,1.0,0.8873595505617977,39.0,1.15223246126085
101.19,1.0,0.8942307692307693,45.0,1.2349553990743254
101.38999999999999,1.0,0.9625,51.0,1.5039781650251114
101.58500000000001,1.0,0.959731543624161,59.0,1.5864597431849736
101.785,1.0,0.9054054054054054,49.0,1.4411343712236797
101.97999999999999,1.0,0.937984496124031,51.0,1.360583648573961
102.18,1.0,0.55,27.0,0.8657539940525123
102.38,1.0,0.5315625,27.0,0.853391181884718
102.57499999999999,1.0,0.3103448275862069,18.0,0.6202919179588298
102.775,0.0,0.0,0.0,0.0
102.975,0.0,0.0,0.0,0.0
103.16999999999999,0.0,0.0,0.0,0.0
103.37,0.0,0.0,0.0,0.0
103.565,0.0,0.0,0.0,0.0
103.76499999999999,0.0,0.0,0.0,0.0
103.965,0.0,0.0,0.0,0.0
104.16,0.0,0.0,0.0,0.0
104.35999999999999,0.0,0.0,0.0,0.0
104.555,0.0,0.0,0.0,0.0
104.755,0.0,0.0,0.0,0.0
104.95499999999998,0.0,0.0,0.0,0.0
105.15,0.0,0.0,0.0,0.0
105.35,0.0,0.0,0.0,0.0
105.54499999999999,1.0,0.33333333333333337,16.0,0.6105258183794049
105.745,1.0,0.9739130434782609,42.0,1.5860917373079848
105.94,1.0,0.9775280898876404,44.0,1.2087877965451312
106.13999999999999,1.0,0.9368421052631579,42.0,1.2041036867666348
106.34,1.0,0.9523255813953487,39.0,1.0840530381511932
106.535,1.0,0.8158783783783784,35.0,1.0823000154006963
106.73499999999999,1.0,0.8369047619047619,37.0,1.4121919151036633
106.93,1.0,0.957983193277311,50.0,1.3669300439254264
107.13,1.0,0.8938053097345132,51.0,1.2371361670343863
107.32999999999998,1.0,0.9651741293532339,73.0,1.2133404456899002
107.525,1.0,0.8846153846153846,49.0,1.0283556950860981
107.725,1.0,0.956140350877193,43.0,0.8442522589830769
107.91999999999999,1.0,0.8802197802197802,36.0,0.7184237941668812
108.12,1.0,0.6882911392405062,29.0,0.6207421072341984
108.32,1.0,0.4805084745762712,21.0,0.6061543557664505
108.51499999999999,1.0,0.6245098039215686,26.0,0.600741899762226
108.715,0.0,0.0,0.0,0.0
108.91,1.0,0.2816666666666667,13.0,0.38587603142585836
109.10999999999999,0.0,0.0,0.0,0.0
109.31,0.0,0.0,0.0,0.0
109.505,0.0,0.0,0.0,0.0
109.70499999999998,0.0,0.0,0.0,0.0
109.9,0.0,0.0,0.0,0.0
110.1,0.0,0.0,0.0,0.0
110.29999999999998,0.0,0.0,0.0,0.0
110.495,0.0,0.0,0.0,0.0
110.695,0.0,0.0,0.0,0.0
110.88999999999999,0.0,0.0,0.0,0.0
111.09,0.0,0.0,0.0,0.0
111.28999999999999,0.0,0.0,0.0,0.0
111.48499999999999,0.0,0.0,0.0,0.0
111.685,0.0,0.0,0.0,0.0
111.88,1.0,0.935251798561151,54.0,2.1045240246547126
112.07999999999998,1.0,0.8628865979381444,36.0,1.061636930524374
112.28,1.0,0.9902912621359223,47.0,1.2249954909037362
112.475,1.0,0.9732142857142857,43.0,1.3189208364781433
112.67499999999998,1.0,1.0,41.0,1.2649536845890146
112.875,1.0,0.9795918367346939,42.0,1.2925371385176456
113.07,1.0,0.9032258064516129,41.0,1.2629282183662576
113.26999999999998,1.0,0.9415584415584416,53.0,1.220507349179253
113.465,1.0,0.916030534351145,47.0,1.2175154471263496
113.66499999999999,1.0,0.9925373134328358,58.0,1.3795664580042821
113.86500000000001,1.0,0.9140625,44.0,1.063355777963804
114.06,1.0,0.917910447761194,43.0,1.0875735072552302
114.25999999999999,1.0,0.7232876712328766,33.0,0.9028747885485928
114.45499999999998,1.0,0.545886075949367,23.0,0.9007320047154406
114.655,1.0,0.5657407407407408,26.0,0.7000207742173492
114.85499999999999,1.0,0.30624999999999997,14.0,0.5995880195216018
115.04999999999998,1.0,0.3810344827586207,17.0,0.4799999445858815
115.25,1.0,0.32857142857142857,16.0,0.3600916642028964
115.445,0.0,0.0,0.0,0.0
115.64499999999998,0.0,0.0,0.0,0.0
115.84,0.0,0.0,0.0,0.0
116.03999999999999,0.0,0.0,0.0,0.0
116.24000000000001,0.0,0.0,0.0,0.0
116.435,0.0,0.0,0.0,0.0
116.63499999999999,0.0,0.0,0.0,0.0
116.82999999999998,0.0,0.0,0.0,0.0
117.03,0.0,0.0,0.0,0.0
117.22999999999999,1.0,0.5524509803921568,23.0,0.635991733889596
117.42499999999998,1.0,0.9006578947368422,37.0,0.7295158081207666
117.625,1.0,0.838953488372093,37.0,0.7773724084454466
117.82,1.0,0.9587628865979382,41.0,1.0345877328597255
118.01999999999998,1.0,0.9743589743589743,59.0,1.3348169689041742
118.22,1.0,0.96,50.0,1.4489940752247592
118.41499999999999,1.0,0.9642857142857143,49.0,1.4489618412062182
118.61500000000001,1.0,0.7542857142857143,32.0,1.0575798215270935
118.81,1.0,0.5111111111111111,23.0,0.7178428143182223
119.00999999999999,0.0,0.0,0.0,0.0
119.21000000000001,0.0,0.0,0.0,0.0
119.405,0.0,0.0,0.0,0.0
119.60499999999999,0.0,0.0,0.0,0.0
119.79999999999998,0.0,0.0,0.0,0.0
120.0,0.0,0.0,0.0,0.0
120.19999999999999,1.0,0.7868852459016393,32.0,2.224159096665648
120.39499999999998,1.0,0.9647887323943662,69.0,2.319998616648825
120.59499999999997,1.0,0.9959514170040485,92.0,1.8135837528138703
120.79000000000002,1.0,0.946524064171123,75.0,1.5176118236306295
120.99000000000001,1.0,0.8345454545454546,36.0,0.8999812764278842
121.19,1.0,0.5408450704225352,24.0,0.6179944239647437
121.38499999999999,1.0,0.3845454545454545,18.0,0.5274079141881154
121.58499999999998,1.0,0.3179347826086957,15.0,0.5271110067919257
121.77999999999997,1.0,0.22749999999999998,13.0,0.4176598900022042
121.98000000000002,1.0,0.3125,15.0,0.4017595739259797
122.18,0.0,0.0,0.0,0.0
122.375,0.0,0.0,0.0,0.0
122.57499999999999,0.0,0.0,0.0,0.0
122.77499999999998,0.0,0.0,0.0,0.0
122.96999999999997,0.0,0.0,0.0,0.0
123.17000000000002,0.0,0.0,0.0,0.0
123.36500000000001,0.0,0.0,0.0,0.0
123.565,0.0,0.0,0.0,0.0
123.76499999999999,0.0,0.0,0.0,0.0
123.95999999999998,0.0,0.0,0.0,0.0
124.15999999999997,0.0,0.0,0.0,0.0
124.35500000000002,0.0,0.0,0.0,0.0
124.555,1.0,0.3453488372093024,18.0,0.4662974881020518
124.755,1.0,0.539622641509434,26.0,0.6553181663807552
124.94999999999999,1.0,0.5013698630136986,24.0,0.7445064924243052
125.14999999999998,1.0,0.5048780487804878,24.0,0.7467017254119013
125.34499999999997,1.0,0.8571428571428571,44.0,1.1857061893182768
125.54500000000002,1.0,0.8770491803278688,40.0,1.331685896564851
125.74000000000001,1.0,0.9307692307692308,46.0,1.4961265751235904
125.94,1.0,0.9285714285714286,47.0,1.4436227410600453
126.13999999999999,1.0,0.9323308270676691,53.0,1.5018863631759336
126.33499999999998,1.0,0.9810126582278481,69.0,2.3621141197253746
126.53499999999997,1.0,0.9285714285714286,78.0,2.40984559332444
126.73000000000002,1.0,0.8905109489051095,50.0,2.278486414893625
126.93,1.0,0.8208737864077669,38.0,2.401772669911499
127.13,1.0,0.5487012987012987,26.0,2.4007496627443627
127.32499999999999,1.0,0.9215686274509803,53.0,2.333188533447896
127.52499999999998,1.0,0.937888198757764,72.0,2.1383544462261703
127.71999999999997,1.0,0.9885057471264368,87.0,1.9836248740686284
127.92000000000002,1.0,0.9471153846153846,77.0,1.560501514923996
128.12,1.0,0.9037037037037037,49.0,1.4372348141880218
128.315,1.0,0.9523809523809523,49.0,1.258063611533717
128.515,1.0,0.9666666666666667,41.0,1.0209827123596384
128.70999999999998,1.0,0.6006329113924052,26.0,0.9689363016608389
128.90999999999997,1.0,0.6774590163934426,29.0,0.7487277290562054
129.11,1.0,0.38163265306122446,17.0,0.6255736648503716
129.305,1.0,0.1935483870967742,12.0,0.6022412153045391
129.505,0.0,0.0,0.0,0.0
129.7,0.0,0.0,0.0,0.0
129.89999999999998,0.0,0.0,0.0,0.0
130.10000000000002,0.0,0.0,0.0,0.0
130.29500000000002,0.0,0.0,0.0,0.0
130.495,0.0,0.0,0.0,0.0
130.69,0.0,0.0,0.0,0.0
130.89,0.0,0.0,0.0,0.0
131.08999999999997,0.0,0.0,0.0,0.0
131.28499999999997,0.0,0.0,0.0,0.0
131.485,1.0,0.2913793103448276,13.0,0.3440923434820227
131.68,0.0,0.0,0.0,0.0
131.88,1.0,0.2806818181818182,13.0,0.45973739760731147
132.07999999999998,1.0,0.3269230769230769,15.0,0.5126665875966836
132.27499999999998,1.0,0.2916666666666667,14.0,0.5263824890199478
132.47500000000002,1.0,0.48300000000000004,21.0,0.7462189468464662
132.675,1.0,0.6976415094339623,29.0,0.954703209310144
132.87,0.0,0.0,0.0,0.0
133.07,0.0,0.0,0.0,0.0
133.265,0.0,0.0,0.0,0.0
133.46499999999997,0.0,0.0,0.0,0.0
133.66500000000002,0.0,0.0,0.0,0.0
133.86,0.0,0.0,0.0,0.0
134.06,0.0,0.0,0.0,0.0
134.255,1.0,0.9193548387096774,38.0,1.1484857749465984
134.45499999999998,1.0,0.759,33.0,0.8489186218855351
134.65499999999997,1.0,0.736842105263158,32.0,1.0616920780498744
134.85000000000002,1.0,0.5723880597014925,26.0,0.7298347180289826
135.05,1.0,0.601171875,27.0,0.8350833965777353
135.245,1.0,0.48874999999999996,23.0,0.8287107393037162
135.445,1.0,0.4801587301587302,22.0,0.7623176036634087
135.64,1.0,0.6818181818181818,30.0,0.9419123880446865
135.83999999999997,1.0,0.6732142857142858,29.0,1.0007727786127794
136.04000000000002,1.0,0.9857142857142858,41.0,0.9202101884966976
136.235,1.0,0.8875,39.0,1.0801535102892297
136.435,1.0,0.9473684210526315,43.0,0.9400747789557249
136.63,1.0,0.8839999999999999,39.0,0.8000181595950008
136.82999999999998,1.0,0.835820895522388,35.0,0.8001174463114695
137.02999999999997,1.0,0.6516393442622951,30.0,0.700214231096142
137.22500000000002,1.0,0.391304347826087,20.0,0.6999500316754681
137.425,1.0,0.6611842105263157,30.0,1.364646922911169
137.62,1.0,0.917910447761194,44.0,1.2736186889407473
137.82,1.0,0.9153846153846154,54.0,1.0034791351452137
138.01999999999998,1.0,0.8839285714285714,45.0,1.1870669380076144
138.21499999999997,1.0,0.9278350515463918,43.0,1.0400720556348735
138.41500000000002,1.0,0.6964285714285714,30.0,0.9012887218134324
138.61,1.0,0.5860655737704918,26.0,0.8001140992226716
138.81,1.0,0.46475409836065573,21.0,0.6999787144106109
139.01,1.0,0.31839622641509435,15.0,0.6194348869966282
139.20499999999998,1.0,0.3068181818181818,15.0,0.5001712284135514
139.46999999999997,1.0,0.24021739130434783,13.0,0.3804388321210812
139.67000000000002,0.0,0.0,0.0,0.0
139.865,0.0,0.0,0.0,0.0
140.065,0.0,0.0,0.0,0.0
140.265,0.0,0.0,0.0,0.0
140.45999999999998,0.0,0.0,0.0,0.0
140.65999999999997,0.0,0.0,0.0,0.0
140.85500000000002,0.0,0.0,0.0,0.0
141.055,0.0,0.0,0.0,0.0
141.255,0.0,0.0,0.0,0.0
141.45,1.0,0.7,28.0,0.8957051281486041
141.64999999999998,1.0,1.0,42.0,1.0796077693353554
141.84499999999997,1.0,0.9471428571428571,39.0,1.0280009822428609
142.04500000000002,1.0,0.9523809523809523,41.0,1.1619343245008555
142.24,1.0,0.952,42.0,1.2811473692853932
142.44,1.0,0.9831932773109243,44.0,1.6676398492457194
142.64,1.0,0.9555555555555556,44.0,1.3879012463868472
142.83499999999998,1.0,0.8829545454545455,37.0,1.2840418678186643
143.03499999999997,1.0,0.9702970297029703,46.0,1.3841789796207669
143.23000000000002,1.0,0.944954128440367,43.0,1.2730988485305477
143.43,1.0,0.9448453608247422,39.0,1.2681613660971864
143.63,1.0,0.8388297872340426,38.0,1.238106797827991
143.825,1.0,0.6466216216216216,29.0,0.7983572819806939
144.02499999999998,1.0,0.6728021978021979,31.0,0.7629166143761501
144.21999999999997,1.0,0.9181818181818182,42.0,0.9965999750194894
144.42000000000002,1.0,0.6569047619047619,31.0,1.3063757349430904
144.62,1.0,0.9724770642201835,54.0,1.4507871460437178
144.815,1.0,0.957983193277311,57.0,1.285279034770522
145.015,1.0,1.0,59.0,1.3992758201706263
145.20999999999998,1.0,0.9568965517241379,46.0,1.2475656276774423
145.40999999999997,1.0,0.9272727272727272,47.0,1.2482694035607322
145.61,1.0,0.9583333333333334,47.0,1.2585419599368002
145.805,1.0,0.96,56.0,1.3284211720846173
146.005,1.0,0.8811881188118812,43.0,1.2523857326528702
146.2,1.0,0.8764044943820225,47.0,1.3384235181981223
146.39999999999998,1.0,0.6506666666666667,32.0,0.68028957429773
146.60000000000002,1.0,0.783888888888889,34.0,0.7010970078294078
146.79500000000002,1.0,0.5455128205128205,23.0,0.6442516401801743
146.995,1.0,0.9,36.0,0.7860375855178292
147.19,1.0,0.85,34.0,0.8487937244342805
147.39,1.0,0.8292682926829268,34.0,0.8876929468682677
147.58999999999997,1.0,0.9141509433962264,38.0,1.115146788873393
147.78499999999997,1.0,0.9732142857142857,45.0,1.1962840315169514
147.985,1.0,0.9918032786885246,45.0,1.4276154635208473
148.18,1.0,0.993006993006993,56.0,1.720457427103703
148.38,1.0,0.9270833333333334,47.0,1.4317451351877624
148.57999999999998,1.0,0.2727272727272727,16.0,0.512591709913202
148.77499999999998,0.0,0.0,0.0,0.0
148.97500000000002,0.0,0.0,0.0,0.0
149.175,0.0,0.0,0.0,0.0
149.37,0.0,0.0,0.0,0.0
149.57,0.0,0.0,0.0,0.0
149.765,0.0,0.0,0.0,0.0
149.96499999999997,1.0,0.91,45.0,1.1644474916064713
150.16500000000002,1.0,0.7608247422680412,36.0,1.0332452202059241
150.36,1.0,0.5084158415841584,26.0,0.746013740969707
150.56,1.0,0.6976744186046512,30.0,0.9484723388969316
150.755,1.0,0.8701680672268907,38.0,1.1544924320042158
150.95499999999998,1.0,0.8600000000000001,36.0,1.0256218561735624
151.15499999999997,1.0,0.860891089108911,37.0,1.2279308952140031
151.35000000000002,1.0,0.9411764705882353,42.0,1.4625016589880764
151.55,1.0,0.8717625899280577,37.0,1.4550864152373906
151.745,1.0,0.9640287769784173,50.0,1.4673062662099936
151.945,1.0,0.9624060150375939,43.0,1.4159842800309868
152.14,1.0,0.9907407407407407,47.0,1.3439721296388698
152.33999999999997,1.0,0.9181818181818182,42.0,1.3439559973530784
152.54000000000002,1.0,0.9439252336448598,45.0,1.2559946743240138
152.735,1.0,0.9428571428571428,42.0,1.2559669198091634
152.935,1.0,0.9318181818181818,42.0,1.1805997072223207
153.13,1.0,0.9162650602409639,39.0,1.1345465256979468
153.32999999999998,1.0,0.9387755102040817,42.0,1.1745608862171009
153.52999999999997,1.0,0.9666666666666667,42.0,1.2321840764098444
153.72500000000002,1.0,0.9772727272727273,41.0,1.2881604556550643
153.925,1.0,0.517578125,25.0,0.695691576423228
154.12,1.0,0.6461538461538462,30.0,0.8286995076213948
154.32,1.0,0.6274647887323944,27.0,0.8808696072746436
154.51999999999998,1.0,0.810989010989011,36.0,1.1413691344685222
154.71499999999997,1.0,0.7545454545454546,32.0,1.0039959331711366
154.91500000000002,1.0,0.7162790697674419,32.0,0.7154357494293815
155.11,1.0,0.9609375,53.0,1.0832538722890024
155.31,1.0,0.9629629629629629,46.0,1.2018844194163552
155.51,1.0,0.9523809523809523,44.0,1.2041554865932593
155.70499999999998,1.0,0.96875,45.0,1.37235203108999
155.90499999999997,1.0,0.9824561403508771,41.0,1.3621665116390982
156.10000000000002,1.0,0.9754098360655737,49.0,1.345241519428945
156.3,1.0,0.9727272727272728,47.0,1.360287471019416
156.5,1.0,0.972972972972973,46.0,1.3753030227974603
156.695,1.0,0.9537037037037037,41.0,1.360294081210258
156.89499999999998,1.0,0.9151376146788991,38.0,1.2021646976627267
157.08999999999997,1.0,0.9468085106382979,44.0,1.4774386740590055
157.29000000000002,1.0,0.9801980198019802,45.0,1.2006423272294304
157.49,1.0,0.8798780487804878,37.0,1.2149060895110095
157.685,1.0,0.7264925373134328,33.0,0.8982193146915514
157.885,1.0,0.7906976744186046,34.0,1.040535193107948
158.07999999999998,1.0,0.9130434782608695,48.0,1.1778733664250103
158.27999999999997,1.0,0.9459459459459459,58.0,1.4407835379127985
158.48000000000002,1.0,0.937007874015748,44.0,1.2509096644164992
158.675,1.0,0.9739130434782609,52.0,1.2823347074558846
158.875,1.0,0.9508196721311475,41.0,1.223807161312596
159.075,1.0,0.9351851851851852,47.0,1.2363647721954725
159.26999999999998,1.0,0.9512195121951219,39.0,1.0819669763711883
159.46999999999997,1.0,0.7058823529411764,30.0,0.9801530075024154
159.66500000000002,1.0,0.5280612244897959,23.0,0.7179391168740825
159.865,1.0,0.3310344827586207,16.0,0.4947710260562904
160.065,0.0,0.0,0.0,0.0
160.26,0.0,0.0,0.0,0.0
160.45999999999998,0.0,0.0,0.0,0.0
160.65499999999997,0.0,0.0,0.0,0.0
160.85500000000002,0.0,0.0,0.0,0.0
161.055,0.0,0.0,0.0,0.0
161.25,0.0,0.0,0.0,0.0
161.45,1.0,0.9595959595959596,42.0,1.2034056153329955
161.64499999999998,1.0,0.9607843137254902,47.0,1.313257918655239
161.84499999999997,1.0,0.9477611940298507,53.0,1.1621734175333038
162.04000000000002,1.0,0.9565217391304348,41.0,1.0840634138116254
162.24,1.0,0.9401709401709402,46.0,1.1855073225131894
162.44,1.0,0.975,45.0,1.1780015594769297
162.635,1.0,0.9349593495934959,44.0,1.227523866549598
162.83499999999998,1.0,0.7767241379310345,34.0,1.1884726856144818
163.02999999999997,1.0,0.9310344827586207,42.0,1.265050809984121
163.23000000000002,1.0,0.9763779527559056,49.0,1.4458050326306502
163.43,1.0,0.9661016949152542,48.0,1.5278572059801647
163.625,1.0,0.9586776859504132,43.0,1.5042205803165858
163.825,1.0,0.9504132231404959,46.0,1.364814982723737
164.01999999999998,1.0,0.8101851851851852,35.0,1.5158643739165705
164.21999999999997,1.0,0.6833333333333333,31.0,0.9764847534415091
164.42000000000002,1.0,0.7424999999999999,33.0,0.9208353292275518
164.615,1.0,0.7996153846153846,33.0,0.9763979192990203
164.815,1.0,0.7999999999999999,35.0,0.908541942420938
165.01,1.0,0.9619047619047619,41.0,1.2041122269571987
165.20999999999998,1.0,0.9134615384615384,38.0,1.114024962683514
165.40999999999997,1.0,0.9387755102040817,40.0,1.0023642682247886
165.60500000000002,1.0,0.7054054054054054,29.0,1.0278984527717916
165.805,1.0,0.5104477611940298,24.0,0.6995819783353051
166.0,1.0,0.6355263157894737,28.0,0.8942219329657621
166.2,1.0,0.8389610389610389,34.0,1.022868706641983
166.39999999999998,1.0,0.7417857142857144,31.0,0.891886637722218
166.59499999999997,1.0,0.7892857142857143,34.0,0.9929168394569883
166.79500000000002,1.0,0.8640625000000001,35.0,1.0628264104068368
166.99,1.0,0.8029411764705882,35.0,0.9995974851294913
167.19,1.0,0.6912162162162162,31.0,0.8489972079594519
167.39,1.0,0.6573333333333333,29.0,0.9568811300061342
167.58499999999998,1.0,0.5142857142857142,24.0,0.6826406570965946
167.78499999999997,1.0,0.6358974358974359,31.0,1.0017983763102765
167.98000000000002,1.0,0.9315068493150684,41.0,1.060748376729578
168.18,1.0,0.9,41.0,0.9540549131795106
168.38,1.0,0.9798657718120806,58.0,1.3985330887044012
168.575,1.0,0.9349593495934959,53.0,1.2769448327895527
168.77499999999998,1.0,0.9586206896551724,45.0,1.195339461247671
168.97500000000002,1.0,0.9365079365079365,47.0,1.2271038173145947
169.17000000000002,1.0,0.8212719298245614,35.0,1.1681380545691664
169.37,1.0,0.8752688172043012,37.0,0.9963278995822509
169.565,1.0,0.7147222222222223,31.0,0.8877607911921107
169.765,1.0,0.5447368421052631,23.0,0.8318414728098074
169.96499999999997,1.0,0.4543478260869565,19.0,0.7331201087243207
170.15999999999997,1.0,0.3728571428571429,18.0,0.5918007536816131
170.36,0.0,0.0,0.0,0.0
170.555,0.0,0.0,0.0,0.0
170.755,0.0,0.0,0.0,0.0
170.95499999999998,0.0,0.0,0.0,0.0
171.14999999999998,0.0,0.0,0.0,0.0
171.35000000000002,0.0,0.0,0.0,0.0
171.54500000000002,0.0,0.0,0.0,0.0
171.745,0.0,0.0,0.0,0.0
171.94,1.0,0.95,38.0,0.9830703328343837
172.14,1.0,0.9230769230769231,48.0,1.1506568218740312
172.33999999999997,1.0,0.9461538461538461,46.0,1.3988431765326617
172.53499999999997,1.0,0.95,46.0,1.2541836343758623
172.735,1.0,0.9022556390977443,40.0,1.1310633736179874
172.93,1.0,0.768695652173913,34.0,1.171136180321814
173.13,1.0,0.9657142857142857,55.0,1.5716524599595991
173.32999999999998,1.0,0.8589285714285715,37.0,1.137859710419888
173.52499999999998,1.0,0.9181818181818182,43.0,1.3480110004296795
173.72500000000002,1.0,0.9495798319327731,47.0,1.280133013033592
173.92000000000002,1.0,0.978494623655914,41.0,1.261263121506357
174.12,1.0,0.8986486486486486,38.0,1.1895622901299578
174.32,1.0,0.5886792452830188,26.0,0.9750426969439012
174.515,1.0,0.3,14.0,0.5180320316086948
174.71499999999997,0.0,0.0,0.0,0.0
174.90999999999997,0.0,0.0,0.0,0.0
175.11,0.0,0.0,0.0,0.0
175.31,1.0,0.6013636363636364,27.0,0.9279013148304964
175.505,1.0,0.775,32.0,0.9278975643019294
175.70499999999998,1.0,0.9140625,39.0,0.996393303744969
175.89999999999998,1.0,0.9696969696969697,51.0,1.3856651159817517
176.10000000000002,1.0,0.8798780487804878,37.0,1.0900931583168156
176.3,1.0,0.9002232142857143,37.0,1.1069444130036628
176.495,1.0,0.9385964912280702,42.0,1.1185926986821957
176.695,1.0,0.8608695652173913,36.0,1.0878297446185865
176.89,1.0,0.7537037037037037,33.0,0.9878089673807624
177.08999999999997,1.0,0.957983193277311,49.0,1.1512453031125185
177.29000000000002,1.0,0.9716981132075472,47.0,0.9990807483123121
177.485,1.0,0.9397590361445783,42.0,0.9219282081466603
177.685,1.0,0.9398496240601504,53.0,0.899133184897597
177.88,1.0,0.979381443298969,53.0,1.13740494413696
178.07999999999998,1.0,0.9917355371900827,54.0,1.0965701802117724
178.27999999999997,1.0,0.9492753623188406,50.0,1.3628675736368752
178.47500000000002,1.0,0.9698795180722891,61.0,1.4424143673161227
178.675,1.0,0.9682539682539683,52.0,1.4524359989385593
178.875,1.0,0.9112903225806451,44.0,1.3441799926423392
179.07,1.0,0.9247311827956989,40.0,1.105996936780783
179.26999999999998,1.0,0.6066666666666667,28.0,0.7410647120536525
179.46499999999997,1.0,0.4148936170212766,20.0,0.6219807505244117
179.66500000000002,1.0,0.315,14.0,0.6066909282727049
179.865,0.0,0.0,0.0,0.0
180.06,0.0,0.0,0.0,0.0
180.26,0.0,0.0,0.0,0.0
180.45499999999998,0.0,0.0,0.0,0.0
180.65499999999997,0.0,0.0,0.0,0.0
180.85500000000002,0.0,0.0,0.0,0.0
181.05,0.0,0.0,0.0,0.0
181.25,0.0,0.0,0.0,0.0
181.445,0.0,0.0,0.0,0.0
181.64499999999998,1.0,0.45,18.0,0.4101881890736352
181.83999999999997,1.0,0.55,22.0,0.5527056587868169
182.04000000000002,1.0,0.3964285714285714,18.0,0.5803319805928431
182.24,1.0,0.41,18.0,0.5882122748053911
182.435,1.0,0.37090909090909085,17.0,0.5830005556779537
182.635,1.0,0.9663865546218487,44.0,1.3023050406799417
182.82999999999998,1.0,0.8589285714285715,37.0,1.1215827162276106
183.02999999999997,1.0,0.9690721649484536,44.0,1.3885081465411782
183.23000000000002,1.0,0.9887640449438202,42.0,1.2180273405225492
183.425,1.0,0.7253333333333334,32.0,0.911941630705359
183.625,1.0,0.7353260869565217,33.0,0.98462962062084
183.82,1.0,0.9224137931034483,49.0,1.3517164929200036
184.01999999999998,1.0,0.9206349206349206,64.0,1.3511554160673713
184.21999999999997,1.0,0.9603960396039604,71.0,1.1814906800126106
184.41500000000002,1.0,0.9850746268656716,70.0,1.073657957905775
184.615,1.0,0.8731308411214954,37.0,0.8461370065702039
184.81,1.0,0.8957894736842106,37.0,0.7251012254847004
185.01,1.0,0.7357594936708861,31.0,0.6069318518082027
185.20999999999998,1.0,0.4105263157894737,18.0,0.6092599234542626
185.40499999999997,1.0,0.5515306122448979,23.0,0.6000200909906419
185.60500000000002,1.0,0.26842105263157895,12.0,0.4379111382303949
185.8,0.0,0.0,0.0,0.0
186.0,0.0,0.0,0.0,0.0
186.2,0.0,0.0,0.0,0.0
186.39499999999998,0.0,0.0,0.0,0.0
186.59499999999997,0.0,0.0,0.0,0.0
186.79000000000002,0.0,0.0,0.0,0.0
186.99,0.0,0.0,0.0,0.0
187.19,0.0,0.0,0.0,0.0
187.385,0.0,0.0,0.0,0.0
187.58499999999998,0.0,0.0,0.0,0.0
187.77999999999997,0.0,0.0,0.0,0.0
187.98000000000002,0.0,0.0,0.0,0.0
188.18,0.0,0.0,0.0,0.0
188.375,0.0,0.0,0.0,0.0
188.575,0.0,0.0,0.0,0.0
188.77499999999998,1.0,0.9558823529411765,57.0,2.108721151034343
188.96999999999997,1.0,0.7574468085106383,32.0,0.9605476664534214
189.17000000000002,1.0,0.8431578947368421,36.0,1.0196159055843168
189.365,1.0,0.8986486486486486,38.0,1.1929878809354042
189.565,1.0,0.9215686274509803,42.0,1.1627210059239967
189.765,1.0,0.9797979797979798,42.0,1.301722137454911
189.95999999999998,1.0,0.9230769230769231,44.0,1.3419696016776412
190.15999999999997,1.0,0.95625,57.0,1.4079736143027144
190.35500000000002,1.0,0.9333333333333333,50.0,1.241447162635523
190.555,1.0,0.9618320610687023,52.0,1.2849910867453425
190.755,1.0,0.937007874015748,54.0,1.036584378616463
190.95,1.0,0.941747572815534,43.0,1.0920073198379954
191.14999999999998,1.0,0.7764423076923076,34.0,0.9209987974865415
191.34499999999997,1.0,0.5408450704225352,24.0,0.7607419506292215
191.54500000000002,1.0,0.7448275862068966,32.0,0.7202159862065053
191.74,1.0,0.47250000000000003,21.0,0.5801441759198633
191.94,1.0,0.3230769230769231,16.0,0.3600694407295695
192.14,0.0,0.0,0.0,0.0
192.33499999999998,0.0,0.0,0.0,0.0
192.53499999999997,0.0,0.0,0.0,0.0
192.73000000000002,0.0,0.0,0.0,0.0
192.93,0.0,0.0,0.0,0.0
193.13,0.0,0.0,0.0,0.0
193.325,0.0,0.0,0.0,0.0
193.52499999999998,0.0,0.0,0.0,0.0
193.71999999999997,0.0,0.0,0.0,0.0
193.92000000000002,1.0,0.3,12.0,0.3111257577381652
194.12,1.0,0.6548507462686568,27.0,0.7791124081021443
194.315,1.0,0.6753571428571429,31.0,0.7477029397407056
194.515,1.0,0.8307692307692308,36.0,0.882406905072122
194.70999999999998,1.0,0.8889705882352941,39.0,1.0588983971827521
194.90999999999997,1.0,0.9508196721311475,46.0,1.354397647468715
195.11,1.0,0.8848739495798319,39.0,1.2967334967083324
195.305,1.0,0.9127659574468086,39.0,1.2318875638344036
195.505,1.0,0.6275862068965516,28.0,0.8634722362366776
195.7,1.0,0.21029411764705885,13.0,0.5331777517197376
195.89999999999998,0.0,0.0,0.0,0.0
196.10000000000002,0.0,0.0,0.0,0.0
196.29500000000002,0.0,0.0,0.0,0.0
196.495,0.0,0.0,0.0,0.0
196.69,0.0,0.0,0.0,0.0
196.89,0.0,0.0,0.0,0.0
197.08999999999997,1.0,0.946236559139785,42.0,2.2877928375240413
197.28499999999997,1.0,0.9932885906040269,64.0,2.1697898661772452
197.485,1.0,0.9839357429718876,82.0,1.7447639982864915
197.68,1.0,0.9194630872483222,52.0,1.4425336361497307
197.88,1.0,0.9803921568627451,42.0,0.9976977036470269
198.07999999999998,1.0,0.6645569620253164,30.0,0.6667727358551947
198.27499999999998,1.0,0.4970338983050847,23.0,0.5422987622024507
198.47500000000002,1.0,0.5222222222222221,24.0,1.9329646855269913
198.675,1.0,0.3541666666666667,17.0,1.932041847530829
198.87,1.0,0.25390625,13.0,0.4032089333906358
199.07,0.0,0.0,0.0,0.0
199.265,0.0,0.0,0.0,0.0
199.46499999999997,0.0,0.0,0.0,0.0
199.66500000000002,0.0,0.0,0.0,0.0
199.86,0.0,0.0,0.0,0.0
200.06,0.0,0.0,0.0,0.0
200.255,0.0,0.0,0.0,0.0
200.45499999999998,0.0,0.0,0.0,0.0
200.65499999999997,0.0,0.0,0.0,0.0
200.85000000000002,0.0,0.0,0.0,0.0
201.05,0.0,0.0,0.0,0.0
201.245,0.0,0.0,0.0,0.0
201.445,1.0,0.2586734693877551,13.0,0.4119777575939885
201.64,1.0,0.5971153846153846,27.0,0.6397616436800913
201.83999999999997,1.0,0.5753424657534246,28.0,0.6549236180013018
202.04000000000002,1.0,0.9278350515463918,43.0,1.2349809950170643
202.235,1.0,0.859504132231405,41.0,1.1657329635466258
202.435,1.0,0.8467741935483871,46.0,1.3242480901483253
202.63,1.0,0.9133333333333333,51.0,1.5527019178519788
202.82999999999998,1.0,0.9731543624161074,54.0,1.587245169639564
203.02999999999997,1.0,0.9571428571428572,58.0,2.273874083498173
203.22500000000002,1.0,0.9503105590062112,65.0,2.3428759478235226
203.425,1.0,0.9675324675324676,77.0,2.4159493821068265
203.62,1.0,0.9182389937106918,68.0,2.39774415249283
203.82,1.0,0.82,41.0,2.3966108194034654
204.01999999999998,1.0,0.9603174603174603,55.0,2.4000086878920106
204.21499999999997,1.0,0.9487179487179487,64.0,2.324214472112861
204.41500000000002,1.0,0.9299363057324841,81.0,2.1585769048872914
204.61,1.0,0.9451219512195121,72.0,2.0168570409051205
204.81,1.0,0.9455782312925171,64.0,1.542424123898051
205.01,1.0,0.9512195121951219,66.0,1.4509282040209424
205.20499999999998,1.0,0.9819819819819819,48.0,1.267011038967086
205.40499999999997,1.0,0.868279569892473,38.0,1.046565228301155
205.60000000000002,1.0,0.8317901234567902,35.0,0.9448436199290771
205.8,1.0,0.7023809523809523,30.0,0.7529913857987166
206.0,1.0,0.46226415094339623,20.0,0.6474261539698534
206.195,1.0,0.3578947368421052,17.0,0.6063166141370815
206.39499999999998,0.0,0.0,0.0,0.0
206.58999999999997,0.0,0.0,0.0,0.0
206.79000000000002,0.0,0.0,0.0,0.0
206.99,0.0,0.0,0.0,0.0
207.185,0.0,0.0,0.0,0.0
207.385,0.0,0.0,0.0,0.0
207.57999999999998,0.0,0.0,0.0,0.0
207.77999999999997,0.0,0.0,0.0,0.0
207.98000000000002,0.0,0.0,0.0,0.0
208.175,0.0,0.0,0.0,0.0
208.375,1.0,0.4,16.0,0.3672823435538882
208.575,1.0,0.30000000000000004,13.0,0.3777238210981758
208.76999999999998,0.0,0.0,0.0,0.0
208.96999999999997,1.0,0.37000000000000005,16.0,0.4486818730964595
209.16500000000002,1.0,0.5011363636363637,21.0,0.6167251837870964
209.365,1.0,0.4838235294117647,21.0,0.7334445047355572
209.565,1.0,0.506,23.0,0.8602122333704207
209.76,0.0,0.0,0.0,0.0
209.95999999999998,0.0,0.0,0.0,0.0
210.15499999999997,0.0,0.0,0.0,0.0
210.35500000000002,0.0,0.0,0.0,0.0
210.555,0.0,0.0,0.0,0.0
210.75,0.0,0.0,0.0,0.0
210.95,0.0,0.0,0.0,0.0
211.14499999999998,1.0,0.9652499999999999,39.0,1.2702644864672854
211.34499999999997,1.0,0.7721153846153845,33.0,0.9653981865958065
211.54000000000002,1.0,0.7089041095890412,30.0,0.9419126752501891
211.74,1.0,0.7287313432835821,31.0,0.8457271881668873
211.94,1.0,0.515625,24.0,0.9475609213187599
212.135,1.0,0.49429824561403507,23.0,0.8285236112803906
212.33499999999998,1.0,0.762890625,31.0,1.004983902760947
212.52999999999997,1.0,0.5766129032258065,26.0,0.8421179348291844
212.73000000000002,1.0,0.638235294117647,28.0,0.7608601026995271
212.93,1.0,0.9859154929577465,40.0,0.9202056611683281
213.125,1.0,0.8863636363636364,39.0,1.0596574717755065
213.325,1.0,0.9880952380952381,48.0,1.0400593282056545
213.51999999999998,1.0,0.963855421686747,46.0,0.9
213.71999999999997,1.0,0.8328358208955224,36.0,0.760086883651778
213.92000000000002,1.0,0.6124999999999999,28.0,0.659969885149742
214.115,1.0,0.5612244897959183,25.0,0.759999999334894
214.315,1.0,0.5866071428571429,27.0,1.3451062580072655
214.51,1.0,0.920863309352518,50.0,1.2388036288808157
214.70999999999998,1.0,0.9312977099236641,57.0,1.169470838824148
214.90999999999997,1.0,0.9279279279279279,49.0,1.160959486581358
215.10500000000002,1.0,0.9484536082474226,42.0,1.0599338497616186
215.305,1.0,0.7619047619047619,32.0,0.9202221421260253
215.5,1.0,0.4653846153846154,22.0,0.7610391428947226
215.7,1.0,0.4421568627450981,22.0,0.6200697097782362
215.89999999999998,1.0,0.3333333333333333,15.0,0.5999397751990458
216.09499999999997,1.0,0.3825,17.0,0.48146306600377786
216.29500000000002,0.0,0.0,0.0,0.0
216.49,0.0,0.0,0.0,0.0
216.69,0.0,0.0,0.0,0.0
216.89,0.0,0.0,0.0,0.0
217.08499999999998,0.0,0.0,0.0,0.0
217.28499999999997,0.0,0.0,0.0,0.0
217.48000000000002,0.0,0.0,0.0,0.0
217.68,0.0,0.0,0.0,0.0
217.88,0.0,0.0,0.0,0.0
218.075,0.0,0.0,0.0,0.0
218.27499999999998,1.0,0.711448598130841,29.0,0.9435896637560244
218.47500000000002,1.0,0.6416666666666666,28.0,0.7782786769801843
218.67000000000002,1.0,0.6543478260869565,28.0,0.9118151588373623
218.87,1.0,0.7916666666666666,33.0,0.9653597375693509
219.065,1.0,0.8256198347107438,36.0,1.0629113365617726
219.265,1.0,0.9925925925925926,56.0,1.5435218017392387
219.46499999999997,1.0,1.0,46.0,1.3714552314183766
219.65999999999997,1.0,0.9711538461538461,43.0,1.3840338710950884
219.86,1.0,0.9469026548672567,43.0,1.4018241277298946
220.055,1.0,0.944954128440367,49.0,1.5415486330951107
220.255,1.0,0.95,40.0,1.2399242704027107
220.45499999999998,1.0,0.956989247311828,41.0,1.0591605334814123
220.71499999999997,1.0,0.8189024390243902,34.0,0.9926079369237578
220.91500000000002,1.0,0.9354838709677419,41.0,0.9210604910669065
221.11,1.0,0.6296296296296295,30.0,1.0550553218038232
221.31,1.0,0.9451219512195121,40.0,1.2321439804303114
221.51,1.0,0.9876543209876543,62.0,1.3927546142734577
221.70499999999998,1.0,0.9103448275862069,54.0,1.2516646100451905
221.90499999999997,1.0,0.9391891891891891,44.0,1.1825853136620874
222.10000000000002,1.0,0.9696969696969697,49.0,1.2598402726610076
222.3,1.0,0.9916666666666667,53.0,1.303835927288885
222.5,1.0,0.9538461538461539,49.0,1.1757870253256264
222.695,1.0,0.9735099337748344,56.0,1.386876578274912
222.89499999999998,1.0,0.9223300970873787,46.0,1.1482359349318167
223.08999999999997,1.0,0.9385964912280702,43.0,1.3247081769702906
223.29000000000002,1.0,0.6024647887323944,29.0,0.6849593653253027
223.49,1.0,0.556640625,25.0,0.6411768837750801
223.685,1.0,0.6415584415584416,26.0,0.6632452112973921
223.885,1.0,0.8896551724137931,36.0,0.7766099682787961
224.07999999999998,1.0,0.75,30.0,0.8726415978730706
224.27999999999997,1.0,0.8923529411764707,37.0,1.023708958478488
224.48000000000002,1.0,0.9745762711864406,45.0,1.1773452900696455
224.675,1.0,0.9238532110091743,38.0,1.1868305351615187
224.875,1.0,0.9473684210526315,42.0,1.4882194017077786
225.075,1.0,0.9621212121212122,47.0,1.6583822911389945
225.26999999999998,1.0,0.9306930693069307,43.0,1.350803573824416
225.46999999999997,1.0,0.2731707317073171,16.0,0.6134669855678545
225.66500000000002,0.0,0.0,0.0,0.0
225.865,0.0,0.0,0.0,0.0
226.065,0.0,0.0,0.0,0.0
226.26,0.0,0.0,0.0,0.0
226.45999999999998,0.0,0.0,0.0,0.0
226.65499999999997,1.0,0.89609375,37.0,1.114594863141989
226.85500000000002,1.0,0.77,35.0,1.0295473853099004
227.055,1.0,0.4753246753246753,24.0,0.7443104162901233
227.25,1.0,0.927536231884058,42.0,1.3112621383058927
227.45,1.0,0.8009615384615384,35.0,1.4275295625414253
227.64499999999998,1.0,0.8677835051546392,37.0,0.9714513991170901
227.84499999999997,1.0,0.843141592920354,37.0,1.0169091371303467
228.04000000000002,1.0,0.8009708737864077,33.0,1.128032957889895
228.24,1.0,0.8880434782608696,38.0,1.1160483508443706
228.44,1.0,0.952,50.0,1.392694563435502
228.635,1.0,0.9699248120300752,48.0,1.4837587962864527
228.83499999999998,1.0,0.9689922480620154,47.0,1.572923492782309
229.02999999999997,1.0,0.9649122807017544,46.0,1.4560217303711638
229.23000000000002,1.0,0.8973880597014926,37.0,1.3681882287527634
229.43,1.0,0.8969072164948454,40.0,1.268137157494885
229.625,1.0,0.9550561797752809,47.0,1.2805319650478633
229.825,1.0,0.9268518518518518,39.0,1.024498146435766
230.01999999999998,1.0,0.9085227272727272,39.0,1.1171238100867078
230.21999999999997,1.0,0.9797979797979798,49.0,1.390538917150873
230.42000000000002,1.0,0.9620253164556962,41.0,1.1092892423622502
230.615,1.0,0.888961038961039,37.0,1.135864771553887
230.815,1.0,0.564041095890411,27.0,0.7227625981674995
231.01,1.0,0.6157534246575342,29.0,0.7664905914094473
231.20999999999998,1.0,0.4821917808219178,22.0,0.8209690991484171
231.40999999999997,1.0,0.8014285714285714,33.0,1.0626849030033205
231.60500000000002,1.0,0.8355855855855856,35.0,1.0877638941886625
231.805,1.0,0.852,36.0,0.9362629407690349
232.0,1.0,0.9801980198019802,46.0,1.1539235953269023
232.2,1.0,0.8677835051546392,37.0,1.175059671944211
232.39999999999998,1.0,0.9663865546218487,43.0,1.228776955575216
232.59499999999997,1.0,0.9836065573770492,41.0,1.2590058537926176
232.79500000000002,1.0,0.9856115107913669,52.0,1.444988914154681
232.99,1.0,0.9929577464788732,47.0,1.572886869899224
233.19,1.0,0.9734513274336283,47.0,1.601113911672023
233.39,1.0,0.9619047619047619,46.0,1.4017440328357966
233.58499999999998,1.0,0.9405882352941176,39.0,1.2027137741741376
233.78499999999997,1.0,0.9587628865979382,41.0,1.244771171173064
233.98000000000002,1.0,0.978494623655914,41.0,1.2370481054589595
234.18,1.0,0.9775280898876404,45.0,1.1896209167963092
234.38,1.0,0.75625,33.0,0.9294899322743828
234.575,1.0,0.6923333333333334,31.0,0.9534160174799647
234.77499999999998,1.0,0.5909090909090908,28.0,0.8489001690496008
234.97500000000002,1.0,0.9153846153846154,58.0,1.1598378318050666
235.17000000000002,1.0,0.9225352112676056,50.0,1.3084638432929967
235.37,1.0,0.9349593495934959,46.0,1.227500390422796
235.565,1.0,0.9487179487179487,44.0,1.3011003707199644
235.765,1.0,0.9089130434782609,37.0,1.2679603966298123
235.96499999999997,1.0,0.8395348837209302,38.0,1.08166734547057
236.15999999999997,1.0,0.673943661971831,29.0,0.9312566880513058
236.36,1.0,0.624056603773585,27.0,0.8103169173015224
236.555,1.0,0.5494444444444444,23.0,0.7332851972658959
236.755,1.0,0.3232758620689655,15.0,0.5140609073787601
236.95499999999998,0.0,0.0,0.0,0.0
237.14999999999998,0.0,0.0,0.0,0.0
237.35000000000002,0.0,0.0,0.0,0.0
237.54500000000002,0.0,0.0,0.0,0.0
237.745,0.0,0.0,0.0,0.0
237.94,0.0,0.0,0.0,0.0
238.14,1.0,0.7304347826086957,32.0,0.9054857450498348
238.33999999999997,1.0,0.9349593495934959,51.0,1.300681278899991
238.53499999999997,1.0,0.855,38.0,1.0192532566857326
238.735,1.0,0.8076923076923077,35.0,0.8542074391930392
238.93,1.0,0.5696428571428571,29.0,0.7570386224494303
239.13,1.0,0.943089430894309,45.0,1.0532488844385515
239.32999999999998,1.0,0.9166666666666666,43.0,1.072441288253309
239.52499999999998,1.0,0.7926605504587156,36.0,1.0136472022521261
239.72500000000002,1.0,0.975609756097561,50.0,1.3695068174434566
239.92000000000002,1.0,0.9436619718309859,50.0,1.359129571744748
240.12,1.0,0.9708029197080292,48.0,1.5001959946619365
240.32,1.0,0.9758064516129032,53.0,1.5159453848994464
240.515,1.0,0.9385964912280702,46.0,1.5639769363710365
240.71499999999997,1.0,0.9739130434782609,40.0,1.3762512368573583
240.90999999999997,1.0,0.97,49.0,1.36475808008033
241.11,1.0,0.9565217391304348,43.0,1.3423092888820403
241.31,1.0,0.9274390243902438,39.0,1.3423856479696148
241.505,1.0,0.6547619047619048,30.0,0.8717475990061367
241.70499999999998,1.0,0.8393258426966291,36.0,1.0331885360286601
241.89999999999998,1.0,0.9680851063829787,45.0,1.2679483291333855
242.10000000000002,1.0,0.970873786407767,40.0,1.1488702649753728
242.3,1.0,0.9555555555555556,44.0,1.2216235837702731
242.495,1.0,0.7695945945945946,34.0,0.8846050880843659
242.695,1.0,0.7469594594594594,33.0,0.9247837420362559
242.89,1.0,0.739240506329114,32.0,1.1557431493344499
243.08999999999997,1.0,0.7578488372093023,33.0,0.9297311241780235
243.29000000000002,1.0,0.8338235294117646,35.0,0.9673993829729517
243.485,1.0,0.9042168674698794,38.0,1.0064699929440133
243.685,1.0,0.9141176470588236,37.0,1.1327854142663663
243.88,1.0,0.8635135135135135,36.0,1.0182226577132472
244.07999999999998,1.0,0.5985507246376811,28.0,0.9609926754019652
244.27999999999997,1.0,0.7894736842105263,32.0,0.9476261682586622
244.47500000000002,1.0,0.5178082191780822,24.0,0.8209289404214097
244.675,1.0,0.5617283950617283,28.0,0.7602323981148777
244.875,1.0,0.7974137931034483,37.0,1.1408551313111879
245.07,1.0,0.937984496124031,55.0,1.421587820554969
245.26999999999998,1.0,0.928,42.0,1.2586299792848417
245.46499999999997,1.0,0.9306930693069307,44.0,1.264109261578834
245.66500000000002,1.0,0.9198113207547169,39.0,1.2086544928735827
245.865,1.0,0.9534883720930233,43.0,1.2199230920306148
246.06,1.0,0.7442934782608696,33.0,1.1017296373045615
246.26,1.0,0.8185185185185184,34.0,1.0461368615890778
246.45499999999998,1.0,0.6444444444444444,28.0,0.8548405206552702
246.65499999999997,1.0,0.5041666666666667,22.0,0.7100475010410414
246.85500000000002,1.0,0.4625,20.0,0.60827368189978
247.05,0.0,0.0,0.0,0.0
247.25,0.0,0.0,0.0,0.0
247.445,0.0,0.0,0.0,0.0
247.64499999999998,0.0,0.0,0.0,0.0
247.83999999999997,0.0,0.0,0.0,0.0
248.04000000000002,0.0,0.0,0.0,0.0
248.24,0.0,0.0,0.0,0.0
248.435,0.0,0.0,0.0,0.0
248.635,1.0,0.825,33.0,0.8208994863236285
248.82999999999998,1.0,0.8732323232323232,38.0,1.1296233060385588
249.02999999999997,1.0,0.9302325581395349,47.0,1.3850063480758945
249.23000000000002,1.0,0.899353448275862,39.0,1.3150629673234357
249.425,1.0,0.9607843137254902,50.0,1.3281751361034178
249.625,1.0,0.8715596330275229,44.0,1.5230019551925784
249.82,1.0,0.9448275862068966,52.0,1.5930389869213044
250.01999999999998,1.0,0.9824561403508771,48.0,1.5196537897063074
250.21999999999997,1.0,0.9473684210526315,43.0,1.3854233907047449
250.41500000000002,1.0,0.9553571428571429,41.0,1.3269991892696715
250.615,1.0,0.9732142857142857,44.0,1.4047034940748624
250.81,1.0,0.9267326732673267,39.0,1.3237744157089775
251.01,1.0,0.6234375,28.0,0.8676197820680587
251.20999999999998,0.0,0.0,0.0,0.0
251.40499999999997,0.0,0.0,0.0,0.0
251.60500000000002,0.0,0.0,0.0,0.0
251.8,0.0,0.0,0.0,0.0
252.0,0.0,0.0,0.0,0.0
252.2,1.0,0.7511538461538462,31.0,0.8402184643848802
252.39499999999998,1.0,0.9666666666666667,41.0,1.0322467494105991
252.59499999999997,1.0,0.7284574468085105,33.0,1.3290679984513767
252.79000000000002,1.0,0.6804597701149425,32.0,1.0463720967592949
252.99,1.0,0.6451612903225806,30.0,0.8703949822930408
253.19,1.0,0.9034883720930232,37.0,1.2489508981856585
253.385,1.0,0.8305084745762712,35.0,1.0879681598165332
253.58499999999998,1.0,0.874,38.0,1.2593578039106395
253.77999999999997,1.0,0.7730337078651686,32.0,1.0279951635176579
253.98000000000002,1.0,0.951048951048951,47.0,0.8438234018103759
254.18,1.0,0.8723684210526316,39.0,0.9163228958247533
254.375,1.0,0.9487179487179487,50.0,1.0692042540694353
254.575,1.0,0.9935483870967742,62.0,1.0050863697203718
254.77499999999998,1.0,0.9675675675675676,65.0,1.2089470747365993
254.96999999999997,1.0,0.9290780141843972,58.0,1.3585935944965049
255.17000000000002,1.0,0.9617834394904459,64.0,1.6088936906990736
255.365,1.0,0.9072847682119205,53.0,1.4383650244549684
255.565,1.0,0.921875,43.0,1.3695307661418386
255.765,1.0,0.8376237623762377,36.0,1.1166106270036522
255.95999999999998,1.0,0.5727272727272728,27.0,0.860065580443703
256.15999999999997,1.0,0.44423076923076926,21.0,0.6226950669271798
256.355,0.0,0.0,0.0,0.0
256.555,1.0,0.29900000000000004,13.0,0.470636647055634
256.755,0.0,0.0,0.0,0.0
256.95,0.0,0.0,0.0,0.0
257.15,0.0,0.0,0.0,0.0
257.34499999999997,0.0,0.0,0.0,0.0
257.545,0.0,0.0,0.0,0.0
257.74,0.0,0.0,0.0,0.0
257.94,0.0,0.0,0.0,0.0
258.14,0.0,0.0,0.0,0.0
258.335,1.0,0.425,17.0,0.4105916203344465
258.53499999999997,1.0,0.475,19.0,0.537994854150184
258.73,1.0,0.525,21.0,0.7002274828247046
258.93,1.0,0.5255555555555557,22.0,0.5771714120046223
259.13,1.0,0.35555555555555557,16.0,0.5361571964194805
259.325,1.0,0.9910714285714286,46.0,1.4469233683381253
259.525,1.0,0.9229999999999999,39.0,1.121584683376121
259.71999999999997,1.0,0.9519230769230769,45.0,1.5558751694104305
259.92,1.0,0.9397590361445783,39.0,1.2593605195916475
260.12,1.0,0.5468253968253969,26.0,0.8030731687514443
260.315,1.0,0.6841463414634146,33.0,0.8120664641118818
260.515,1.0,0.9357798165137615,46.0,1.3876745590949762
260.71,1.0,0.8916666666666667,55.0,1.2280236914960285
260.90999999999997,1.0,0.9644970414201184,67.0,1.1350044139073994
261.11,1.0,0.9477611940298507,64.0,1.0678267100047463
261.305,1.0,0.975609756097561,56.0,0.8999386774056319
261.505,1.0,0.9583333333333334,44.0,0.7282679285466533
261.7,1.0,0.7531645569620252,34.0,0.6427844776894444
261.9,1.0,0.5917910447761194,26.0,0.6383954779699729
262.1,1.0,0.5320754716981132,24.0,0.4969309146732993
262.295,1.0,0.2676470588235294,13.0,0.44755376432484434
262.495,1.0,0.34838709677419355,16.0,0.3936192988660807
262.69,0.0,0.0,0.0,0.0
262.89,0.0,0.0,0.0,0.0
263.09,0.0,0.0,0.0,0.0
263.28499999999997,0.0,0.0,0.0,0.0
263.485,0.0,0.0,0.0,0.0
263.68,0.0,0.0,0.0,0.0
263.88,0.0,0.0,0.0,0.0
264.08,0.0,0.0,0.0,0.0
264.275,0.0,0.0,0.0,0.0
264.475,0.0,0.0,0.0,0.0
264.675,0.0,0.0,0.0,0.0
264.87,0.0,0.0,0.0,0.0
265.07,0.0,0.0,0.0,0.0
265.265,0.0,0.0,0.0,0.0
265.465,1.0,0.9784172661870504,54.0,2.171529073740226
265.665,1.0,0.984375,46.0,1.8003769024541187
265.86,1.0,0.968421052631579,40.0,1.0845791701095786
266.06,1.0,0.9829059829059829,40.0,1.3753278802365707
266.255,1.0,0.94575,39.0,1.216516805423776
266.455,1.0,0.9607843137254902,44.0,1.2169847365681927
266.655,1.0,0.9285714285714286,47.0,1.4732080280520252
266.85,1.0,0.9565217391304348,58.0,1.380384427204239
267.05,1.0,0.9315068493150684,55.0,1.2912386235790696
267.245,1.0,0.9262295081967213,42.0,1.3245904753361923
267.445,1.0,0.9507042253521126,51.0,1.2318158674880593
267.64,1.0,0.8153409090909091,35.0,1.0664229098844058
267.84,1.0,0.7739690721649484,33.0,0.9221012788544893
268.04,1.0,0.396,18.0,0.7807937427539153
268.235,1.0,0.5967213114754099,26.0,0.7409143980813566
268.435,1.0,0.34375,15.0,0.6220993912642894
268.63,1.0,0.34411764705882353,18.0,0.48076680039232444
268.83,1.0,0.29615384615384616,14.0,0.48114194982355607
269.03,0.0,0.0,0.0,0.0
269.225,0.0,0.0,0.0,0.0
269.425,0.0,0.0,0.0,0.0
269.62,0.0,0.0,0.0,0.0
269.82,0.0,0.0,0.0,0.0
270.02,0.0,0.0,0.0,0.0
270.215,0.0,0.0,0.0,0.0
270.415,0.0,0.0,0.0,0.0
270.61,0.0,0.0,0.0,0.0
270.81,1.0,0.5462499999999999,23.0,0.5116615661185965
271.01,1.0,0.5861842105263159,27.0,0.6804392224343644
271.205,1.0,1.0,51.0,0.9345416989168687
271.405,1.0,0.9020202020202019,38.0,1.0288762509577742
271.6,1.0,0.923728813559322,45.0,1.3129367683786457
271.8,1.0,0.9574468085106383,55.0,1.4307548478787155
272.0,1.0,0.9827586206896551,44.0,1.4482797035353192
272.195,1.0,0.6918918918918919,32.0,0.9701464554507755
272.395,1.0,0.528,24.0,0.8199872669085344
272.59,0.0,0.0,0.0,0.0
272.79,0.0,0.0,0.0,0.0
272.99,0.0,0.0,0.0,0.0
273.185,0.0,0.0,0.0,0.0
273.385,0.0,0.0,0.0,0.0
273.58,0.0,0.0,0.0,0.0
273.78,1.0,0.864935064935065,37.0,2.10224591693259
273.98,1.0,0.9758064516129032,60.0,2.239728769358491
274.175,1.0,0.9724770642201835,94.0,1.8792375152805394
274.375,1.0,0.9664804469273743,70.0,1.5452788794397723
274.575,1.0,0.8433823529411765,37.0,0.9414031842672244
274.77,1.0,0.5849358974358975,25.0,0.6599660961070996
274.96999999999997,1.0,0.49076923076923085,22.0,2.014045681848165
275.165,1.0,0.4779661016949152,24.0,0.5391023870319294
275.365,1.0,0.25113636363636366,13.0,1.9321272559658
275.565,0.0,0.0,0.0,0.0
275.76,0.0,0.0,0.0,0.0
275.96,0.0,0.0,0.0,0.0
276.155,0.0,0.0,0.0,0.0
276.355,0.0,0.0,0.0,0.0
276.555,0.0,0.0,0.0,0.0
276.75,0.0,0.0,0.0,0.0
276.95,0.0,0.0,0.0,0.0
277.145,0.0,0.0,0.0,0.0
277.34499999999997,0.0,0.0,0.0,0.0
277.54,0.0,0.0,0.0,0.0
277.74,0.0,0.0,0.0,0.0
277.94,0.0,0.0,0.0,0.0
278.135,1.0,0.2644444444444444,14.0,0.3957621954350282
278.335,1.0,0.5787671232876712,26.0,0.6559657286512481
278.53,1.0,0.525,25.0,0.6543374289606979
278.73,1.0,0.7930693069306931,36.0,0.8615737995513044
278.93,1.0,0.8925619834710744,40.0,1.1842823085655794
279.125,1.0,0.8561151079136691,45.0,1.2683231067623164
279.325,1.0,0.9,52.0,1.553477188340646
279.52,1.0,0.9411764705882353,61.0,1.5801744993300604
279.71999999999997,1.0,0.9197080291970803,53.0,2.2398161021009204
279.92,1.0,0.96875,70.0,2.310309407625299
280.115,1.0,0.9432624113475178,71.0,2.3788855210783577
280.315,1.0,0.85,67.0,2.3963219069152264
280.51,1.0,0.9099099099099099,52.0,2.4013894853004496
280.71,1.0,0.7694711538461538,33.0,2.0917735493310774
280.90999999999997,1.0,0.9693251533742331,65.0,2.36088738368596
281.105,1.0,0.9458128078817734,93.0,2.179471199989237
281.305,1.0,0.9629629629629629,78.0,1.9759834667361118
281.5,1.0,0.9904761904761905,92.0,1.6519378555667945
281.7,1.0,0.9278350515463918,53.0,1.4789714629251063
281.9,1.0,0.9224806201550387,51.0,1.3319556630024771
282.09499999999997,1.0,0.92,41.0,1.172230082050255
282.295,1.0,0.9583333333333334,41.0,0.9947807060175566
282.49,1.0,0.6594202898550724,28.0,0.8069262935199618
282.69,1.0,0.4586206896551724,19.0,0.752657741592186
282.89,1.0,0.44785714285714284,19.0,0.6219171976636196
283.085,0.0,0.0,0.0,0.0
283.28499999999997,0.0,0.0,0.0,0.0
283.48,0.0,0.0,0.0,0.0
283.68,0.0,0.0,0.0,0.0
283.88,0.0,0.0,0.0,0.0
284.075,0.0,0.0,0.0,0.0
284.275,0.0,0.0,0.0,0.0
284.475,0.0,0.0,0.0,0.0
284.67,0.0,0.0,0.0,0.0
284.87,0.0,0.0,0.0,0.0
285.065,0.0,0.0,0.0,0.0
285.265,1.0,0.3154411764705882,13.0,0.4465455316626109
285.465,1.0,0.33205128205128204,14.0,0.45892971479643874
285.65999999999997,1.0,0.26756756756756755,12.0,0.4249141252818063
285.86,1.0,0.3377777777777778,16.0,0.5085493146295063
286.055,1.0,0.45,21.0,0.6941882164864652
286.255,1.0,0.4451086956521739,21.0,0.8160766871460988
286.455,1.0,0.4170731707317073,19.0,0.6134149467097864
286.65,0.0,0.0,0.0,0.0
286.85,0.0,0.0,0.0,0.0
287.045,0.0,0.0,0.0,0.0
287.245,0.0,0.0,0.0,0.0
287.44,0.0,0.0,0.0,0.0
287.64,0.0,0.0,0.0,0.0
287.84,1.0,0.9404040404040404,38.0,1.127977622338152
288.03499999999997,1.0,0.813953488372093,35.0,1.0562076735453316
288.235,1.0,0.5634146341463414,24.0,0.9201517922159702
288.43,1.0,0.6107142857142858,27.0,0.7665216426130137
288.63,1.0,0.7012295081967213,29.0,0.9474075694224273
288.83,1.0,0.5745967741935484,25.0,0.8856262138906406
289.025,1.0,0.4416666666666667,21.0,0.7641617521240587
289.225,1.0,0.6406779661016949,28.0,0.9019968133402201
289.42,1.0,0.7207792207792207,30.0,1.140004543789844
289.62,1.0,1.0,41.0,1.1001311284806206
289.82,1.0,0.9452054794520548,40.0,1.0401629032542419
290.015,1.0,0.8918918918918919,41.0,0.9005861075413956
290.215,1.0,0.9493670886075949,42.0,0.8600486050130036
290.40999999999997,1.0,0.7849264705882353,35.0,0.7000416318217244
290.61,1.0,0.5245614035087719,26.0,0.7600826116672732
290.81,1.0,0.28125,15.0,0.5599995311630793
291.005,1.0,0.31764705882352945,18.0,1.0623445753917329
291.205,1.0,0.9649122807017544,58.0,1.3093407457412551
291.4,1.0,0.936,42.0,1.016782132231885
291.6,1.0,0.923728813559322,46.0,1.1431815694157212
291.8,1.0,0.6927835051546393,32.0,1.0601755454050759
291.995,1.0,0.8292134831460675,36.0,0.9402536727109859
292.195,1.0,0.5445945945945946,26.0,0.7393635319470688
292.39,1.0,0.5555555555555556,25.0,0.7594110993150481
292.59,1.0,0.433695652173913,19.0,0.6397356731112362
292.79,1.0,0.2980769230769231,15.0,0.5003874027293598
292.985,0.0,0.0,0.0,0.0
293.185,0.0,0.0,0.0,0.0
293.38,0.0,0.0,0.0,0.0
293.58,0.0,0.0,0.0,0.0
293.78,0.0,0.0,0.0,0.0
293.975,0.0,0.0,0.0,0.0
294.175,0.0,0.0,0.0,0.0
294.375,0.0,0.0,0.0,0.0
294.57,0.0,0.0,0.0,0.0
294.77,0.0,0.0,0.0,0.0
294.965,1.0,0.525,21.0,0.6455059202663352
295.165,1.0,0.5268421052631579,22.0,0.8232590881893911
295.365,1.0,0.7510204081632654,32.0,0.9068082478401962
295.56,1.0,0.7147222222222223,31.0,0.986070528923756
295.76,1.0,0.8653846153846154,36.0,1.1250157779435312
295.955,1.0,0.9767441860465116,43.0,1.413888242220469
296.155,1.0,0.9324074074074074,38.0,1.4512268589167885
296.355,1.0,0.9257575757575758,39.0,1.1764352320873406
296.55,1.0,0.8883663366336634,37.0,1.4212462241329102
296.75,1.0,0.9145299145299145,48.0,1.385586780244653
296.945,1.0,0.8945876288659793,39.0,1.1343879179226262
297.145,1.0,0.945054945054945,40.0,1.1206987310068566
297.34,1.0,0.8242753623188406,35.0,0.8765540715218078
297.54,1.0,0.87875,37.0,0.9792417326777938
297.74,1.0,0.6961038961038961,32.0,0.9956677923593251
297.935,1.0,0.9262499999999999,39.0,1.099509336189203
298.135,1.0,0.9787234042553191,45.0,1.323770693191515
298.33,1.0,0.9230769230769231,51.0,1.339765618711303
298.53,1.0,0.9225352112676056,47.0,1.4324066864047889
298.73,1.0,0.976,52.0,1.295328876720574
298.925,1.0,0.9781021897810219,47.0,1.2161028407228698
299.125,1.0,0.9769230769230769,46.0,1.2156594299816725
299.32,1.0,0.9051724137931034,42.0,1.1450169499762817
299.52,1.0,0.9421487603305785,53.0,1.2421636998669507
299.71999999999997,1.0,0.8936170212765957,41.0,1.1149806098302557
299.915,1.0,0.7381578947368421,34.0,1.1798753990954782
300.115,1.0,0.6428571428571428,30.0,0.7017103521186201
300.31,1.0,0.4195833333333333,19.0,0.6802257553801867
300.51,1.0,0.7640845070422535,31.0,0.719492559545194
300.71,1.0,0.8732673267326733,36.0,0.7721857723117015
300.905,1.0,0.65,26.0,0.7519781042250325
301.105,1.0,0.98989898989899,46.0,1.0513988734417175
301.3,1.0,0.9734513274336283,48.0,1.1599210525784578
301.5,1.0,0.9714285714285714,46.0,1.375591309805031
301.7,1.0,0.9457364341085271,47.0,1.6183637104118724
301.895,1.0,0.9572649572649573,50.0,1.5586778341251903
302.09499999999997,1.0,0.7373493975903614,34.0,1.0825229373892544
302.29,0.0,0.0,0.0,0.0
302.49,0.0,0.0,0.0,0.0
302.69,0.0,0.0,0.0,0.0
302.885,0.0,0.0,0.0,0.0
303.085,0.0,0.0,0.0,0.0
303.28,1.0,0.3375,15.0,0.32728993186828786
303.48,1.0,1.0,45.0,1.2703420719778113
303.68,1.0,0.9326923076923077,43.0,1.1027826301283077
303.875,1.0,0.6451612903225806,32.0,0.8801770600987332
304.075,1.0,0.674698795180723,32.0,0.8728348549201994
304.275,1.0,0.6039473684210527,27.0,0.783521773328575
304.46999999999997,1.0,0.8835664335664336,38.0,1.2751324014292684
304.67,1.0,0.9625,42.0,1.384439655258387
304.865,1.0,0.954248366013072,45.0,1.4212856450897662
305.065,1.0,0.948905109489051,45.0,1.348253319954618
305.265,1.0,0.9369140625,39.0,1.176382368069045
305.46,1.0,0.96875,50.0,1.5074524368549551
305.65999999999997,1.0,0.9714285714285714,44.0,1.4042061209077892
305.855,1.0,0.9747899159663865,44.0,1.4962063221232254
306.055,1.0,0.975,42.0,1.3681680966933638
306.255,1.0,0.8873595505617977,39.0,1.0524912395142363
306.45,1.0,0.8457831325301205,36.0,1.0525845921731634
306.65,1.0,0.7253333333333334,32.0,1.0933688509253379
306.84499999999997,1.0,0.9777777777777777,44.0,1.2586784439988292
307.045,1.0,0.9901960784313726,44.0,1.277729299573528
307.24,1.0,0.9425287356321839,42.0,1.214818986907623
307.44,1.0,0.967032967032967,41.0,1.092504637264529
307.64,1.0,0.7615384615384615,33.0,0.9697218396312546
307.835,1.0,0.5020491803278688,25.0,0.8039770770175725
308.03499999999997,1.0,0.6224025974025974,27.0,1.040750423569111
308.23,1.0,0.7358490566037736,30.0,0.9504969561125803
308.43,1.0,0.4474576271186441,22.0,0.653790721213156
308.63,1.0,0.9739130434782609,44.0,0.9783019059117433
308.825,1.0,0.9508196721311475,44.0,1.2977625033748232
309.025,1.0,0.9504950495049505,41.0,1.1023193602579013
309.21999999999997,1.0,0.9606299212598425,45.0,1.243139444908166
309.42,1.0,0.9785714285714285,46.0,1.2738491475588871
309.62,1.0,0.9596774193548387,41.0,1.3470928117289767
309.815,1.0,0.9694656488549618,48.0,1.431781944795831
310.015,1.0,0.990990990990991,50.0,1.5014523886852476
310.21,1.0,0.9519230769230769,40.0,1.3602940836893813
310.40999999999997,1.0,0.967741935483871,44.0,1.3170689299655693
310.61,1.0,0.9611650485436893,42.0,1.2739905774566092
310.805,1.0,0.989247311827957,41.0,1.2205332088298557
311.005,1.0,0.8788235294117647,36.0,1.073283167400768
311.2,1.0,0.7392857142857142,33.0,0.854213274072267
311.4,1.0,0.8283333333333334,35.0,0.9674231651499013
311.6,1.0,0.9131067961165048,38.0,1.0775390059056091
311.795,1.0,0.9759036144578314,69.0,1.6528448858679745
311.995,1.0,0.9424460431654677,57.0,1.5664034834313807
312.19,1.0,0.9552238805970149,41.0,1.2750538244590142
312.39,1.0,0.972972972972973,53.0,1.3048600096365668
312.59,1.0,0.909051724137931,37.0,1.2681255693063078
312.78499999999997,1.0,0.9225806451612903,39.0,1.1154863348711825
312.985,1.0,0.616304347826087,27.0,0.8682347428728335
313.18,1.0,0.6986363636363636,29.0,0.8439302663217256
313.38,1.0,0.46824324324324323,21.0,0.6454704928527575
313.58,0.0,0.0,0.0,0.0
313.775,0.0,0.0,0.0,0.0
313.975,0.0,0.0,0.0,0.0
314.175,0.0,0.0,0.0,0.0
314.37,0.0,0.0,0.0,0.0
314.57,0.0,0.0,0.0,0.0
314.765,0.0,0.0,0.0,0.0
314.965,1.0,0.8763157894736843,36.0,0.975749538730228
315.165,1.0,0.9663865546218487,48.0,1.3288398192157758
315.36,1.0,0.39590163934426226,23.0,0.7852667760800225
315.56,1.0,0.8810240963855421,39.0,0.9958166865903635
315.755,1.0,0.595,28.0,0.815990847235361
315.955,1.0,0.9338235294117647,43.0,1.1192293175354144
316.155,1.0,0.8280241935483871,37.0,1.0845091732666226
316.35,1.0,0.9354838709677419,46.0,1.2398148879427016
316.55,1.0,0.9609375,45.0,1.3087392674296248
316.745,1.0,0.96,47.0,1.3559468062623243
316.945,1.0,0.9859154929577465,51.0,1.5448262096422303
317.14,1.0,0.9453125,47.0,1.4276894974840428
317.34,1.0,0.9565217391304348,47.0,1.5474440050222762
317.54,1.0,0.9203539823008849,41.0,1.3762570116288613
317.735,1.0,0.9156626506024096,42.0,1.1259086575352208
317.935,1.0,0.9262499999999999,39.0,1.25363471057375
318.13,1.0,0.8263888888888888,35.0,0.9541378317911382
318.33,1.0,0.9243243243243243,38.0,1.071872942171582
318.53,1.0,0.8856382978723405,37.0,1.1731684215244877
318.725,1.0,0.9711538461538461,45.0,1.312014324251928
318.925,1.0,0.9895833333333334,44.0,1.316606952922351
319.12,1.0,0.8978021978021977,38.0,0.9995986925112568
319.32,1.0,0.8386363636363636,36.0,0.9004897766944374
319.52,1.0,0.5307692307692308,24.0,0.8283932306993637
319.715,1.0,0.598943661971831,27.0,0.995698750703129
319.915,1.0,0.7182926829268294,31.0,1.0499087784120762
320.11,1.0,0.7609756097560976,32.0,0.9431564092929543
320.31,1.0,0.8769230769230769,36.0,1.1260550567004506
320.51,1.0,0.8177215189873418,34.0,1.163747558440455
320.705,1.0,0.7040000000000001,32.0,1.0440287466557763
320.905,1.0,0.7164473684210526,33.0,1.0590427074103388
321.1,1.0,0.5263157894736842,25.0,0.8856522184181415
321.3,1.0,0.5599999999999999,28.0,1.0005341622944193
321.5,1.0,0.56640625,29.0,1.0207417461474835
321.695,1.0,0.783108108108108,38.0,1.0662769724712533
321.895,1.0,0.927007299270073,53.0,1.4925615456257484
322.09,1.0,0.8769230769230769,38.0,1.3521954460482908
322.29,1.0,0.8325,37.0,1.237825887302764
322.49,1.0,0.9357798165137615,43.0,1.2314559821175433
322.685,1.0,0.926605504587156,46.0,1.222829506505936
322.885,1.0,0.9666666666666667,40.0,1.191277355009705
323.08,1.0,0.7342465753424658,32.0,0.9535100558653693
323.28,1.0,0.628448275862069,27.0,0.8318019023512039
323.48,1.0,0.3974489795918367,19.0,0.7132672156745192
323.675,1.0,0.2636363636363636,12.0,0.6082081216121068
323.875,0.0,0.0,0.0,0.0
324.075,0.0,0.0,0.0,0.0
324.27,0.0,0.0,0.0,0.0
324.46999999999997,0.0,0.0,0.0,0.0
324.665,0.0,0.0,0.0,0.0
324.865,0.0,0.0,0.0,0.0
325.065,0.0,0.0,0.0,0.0
325.26,0.0,0.0,0.0,0.0
325.46,1.0,0.9647058823529412,45.0,1.1069512714890686
325.655,1.0,0.9711538461538461,47.0,1.2270762636646388
325.855,1.0,0.9300699300699301,45.0,1.311892115506849
326.055,1.0,0.7111111111111111,32.0,1.271558549964807
326.25,1.0,0.9402985074626866,42.0,1.309500634586071
326.45,1.0,0.9183673469387755,46.0,1.3106833108448914
326.645,1.0,0.9391304347826087,49.0,1.3918823925308452
326.84499999999997,1.0,0.9746835443037974,54.0,1.5156566016052526
327.04,1.0,0.8800970873786408,37.0,1.1458426479707844
327.24,1.0,0.953125,42.0,1.4141510718518462
327.44,1.0,0.9719626168224299,42.0,1.4331100428284056
327.635,1.0,0.9512195121951219,39.0,1.2074248169029218
327.835,1.0,0.5518867924528302,26.0,0.9484720265841408
328.03,0.0,0.0,0.0,0.0
328.23,0.0,0.0,0.0,0.0
328.43,0.0,0.0,0.0,0.0
328.625,0.0,0.0,0.0,0.0
328.825,1.0,0.6113207547169812,27.0,0.9279489052553416
329.02,1.0,0.5975806451612903,26.0,0.804353768426575
329.21999999999997,1.0,0.96,40.0,1.0807126621040233
329.42,1.0,0.9095149253731344,39.0,1.1734071563160637
329.615,1.0,0.7425287356321839,34.0,0.9690292518015428
329.815,1.0,0.7552966101694916,31.0,1.1355136260178869
330.01,1.0,0.9727272727272728,45.0,1.2793413224184627
330.21,1.0,0.7622641509433963,32.0,1.0596695671935668
330.40999999999997,1.0,0.8886075949367089,36.0,1.027826661220731
330.605,1.0,0.9152542372881356,48.0,0.9570109089699798
330.805,1.0,0.9690721649484536,45.0,0.9996703951451651
331.0,1.0,0.92,42.0,0.9327063712090553
331.2,1.0,0.9470198675496688,53.0,1.0578056650780057
331.4,1.0,0.8150684931506849,35.0,0.8337336331557249
331.59499999999997,1.0,0.9537037037037037,52.0,1.0622270255351733
331.795,1.0,0.9473684210526315,51.0,1.3620840142993977
331.99,1.0,1.0,70.0,1.6152305422063282
332.19,1.0,0.95,54.0,1.4503045344600674
332.39,1.0,0.9298245614035088,46.0,1.3525335456100036
332.585,1.0,0.7381578947368421,33.0,0.9754654421916518
332.78499999999997,1.0,0.5541044776119404,27.0,0.7423272992718569
332.98,1.0,0.3923913043478261,19.0,0.6202940521651139
333.18,0.0,0.0,0.0,0.0
333.38,0.0,0.0,0.0,0.0
333.575,0.0,0.0,0.0,0.0
333.775,0.0,0.0,0.0,0.0
333.975,0.0,0.0,0.0,0.0
334.17,0.0,0.0,0.0,0.0
334.37,0.0,0.0,0.0,0.0
334.565,0.0,0.0,0.0,0.0
334.765,0.0,0.0,0.0,0.0
334.965,0.0,0.0,0.0,0.0
335.15999999999997,1.0,0.39666666666666667,17.0,0.39329581245690215
335.36,1.0,0.5127906976744186,21.0,0.4836966560017513
335.555,1.0,0.4117021276595745,18.0,0.5259721792320939
335.755,0.0,0.0,0.0,0.0
335.955,1.0,0.6279411764705882,28.0,0.8098851235046005
336.15,1.0,0.9803921568627451,43.0,1.4424756132756067
336.35,1.0,0.9518072289156626,40.0,1.1497409763687936
336.545,1.0,0.9629629629629629,44.0,1.3059053560235192
336.745,1.0,0.9761904761904762,47.0,1.3059772974068555
336.94,1.0,0.767361111111111,34.0,1.0438374607086411
337.14,1.0,0.9263157894736842,42.0,1.4705739504410218
337.34,1.0,0.8992248062015504,48.0,1.3772906405625562
337.53499999999997,1.0,0.9882352941176471,79.0,1.254908996822146
337.735,1.0,0.8608695652173913,49.0,1.1841937475327615
337.93,1.0,0.9424460431654677,63.0,0.9432978499763138
338.13,1.0,0.9523809523809523,46.0,0.8473156217580354
338.33,1.0,0.7064935064935065,32.0,0.7262891858293882
338.525,1.0,0.6725903614457831,29.0,0.6203606209516167
338.725,1.0,0.47068965517241385,21.0,0.6091743541102008
338.92,1.0,0.44,20.0,0.49688147610485545
339.12,1.0,0.25,12.0,0.4376223989197756
339.32,1.0,0.33620689655172414,15.0,0.38626235622414384
339.515,0.0,0.0,0.0,0.0
339.715,0.0,0.0,0.0,0.0
339.90999999999997,0.0,0.0,0.0,0.0
340.11,0.0,0.0,0.0,0.0
340.31,0.0,0.0,0.0,0.0
340.505,0.0,0.0,0.0,0.0
340.705,0.0,0.0,0.0,0.0
340.9,0.0,0.0,0.0,0.0
341.1,0.0,0.0,0.0,0.0
341.3,0.0,0.0,0.0,0.0
341.495,0.0,0.0,0.0,0.0
341.695,0.0,0.0,0.0,0.0
341.89,0.0,0.0,0.0,0.0
342.09,0.0,0.0,0.0,0.0
342.29,1.0,0.9513888888888888,61.0,2.046022416092608
342.485,1.0,1.0,40.0,1.0613539600408217
342.685,1.0,0.9363861386138613,39.0,1.1261420888040266
342.88,1.0,0.991304347826087,48.0,1.5430623281217022
343.08,1.0,0.8814432989690721,38.0,1.293169614419301
343.28,1.0,0.9603960396039604,45.0,1.3331362684685875
343.475,1.0,0.8723404255319149,41.0,1.329252042566771
343.675,1.0,0.9185185185185185,52.0,1.2099301779391747
343.875,1.0,0.9423076923076923,50.0,1.2374686031632829
344.07,1.0,0.9692307692307692,55.0,1.3135847156552232
344.27,1.0,0.9576271186440678,50.0,1.0864739175749318
344.465,1.0,0.9489795918367347,42.0,1.0968748896958633
344.665,1.0,0.5625000000000001,27.0,0.8405430042587685
344.865,1.0,0.31836734693877555,16.0,0.7407645424227816
345.06,1.0,0.625,28.0,0.7004239312272427
345.26,1.0,0.42244897959183675,18.0,0.6197601292956287
345.455,1.0,0.4393939393939394,20.0,0.480075612582338
345.655,0.0,0.0,0.0,0.0
345.855,0.0,0.0,0.0,0.0
346.05,0.0,0.0,0.0,0.0
346.25,0.0,0.0,0.0,0.0
346.445,0.0,0.0,0.0,0.0
346.645,0.0,0.0,0.0,0.0
346.84,0.0,0.0,0.0,0.0
347.04,0.0,0.0,0.0,0.0
347.24,0.0,0.0,0.0,0.0
347.435,0.0,0.0,0.0,0.0
347.635,1.0,0.65,26.0,0.6508692072691096
347.83,1.0,0.914367816091954,37.0,0.7320000121060652
348.03,1.0,0.7598684210526315,33.0,0.7791353131051629
348.23,1.0,0.7483695652173913,34.0,1.0070309679539275
348.425,1.0,0.9056603773584906,44.0,1.3332663925580652
348.625,1.0,0.952,47.0,1.4232737428711868
348.82,1.0,1.0,43.0,1.4261678058569118
349.02,1.0,0.6864285714285714,31.0,0.9750299894464676
349.21999999999997,1.0,0.5478260869565217,24.0,0.7177122987693199
349.415,0.0,0.0,0.0,0.0
349.615,0.0,0.0,0.0,0.0
349.81,0.0,0.0,0.0,0.0
350.01,0.0,0.0,0.0,0.0
350.21,0.0,0.0,0.0,0.0
350.405,0.0,0.0,0.0,0.0
350.605,1.0,0.7050847457627119,32.0,2.2238069005342296
350.8,1.0,0.951048951048951,62.0,2.2998636534920234
351.0,1.0,0.9826086956521739,94.0,1.8521875463303092
351.2,1.0,0.9585798816568047,62.0,1.3646885628013075
351.395,1.0,0.9150943396226415,40.0,0.9136882574372387
351.59499999999997,1.0,0.673943661971831,29.0,0.6542051411453755
351.79,1.0,0.6000000000000001,26.0,2.0031056393651396
351.99,1.0,0.44423076923076926,21.0,0.5396799203972713
352.19,1.0,0.2692307692307692,14.0,1.9320634105554406
352.385,1.0,0.4714285714285714,20.0,0.4443036047524545
352.585,0.0,0.0,0.0,0.0
352.78,0.0,0.0,0.0,0.0
352.98,0.0,0.0,0.0,0.0
353.18,0.0,0.0,0.0,0.0
353.375,0.0,0.0,0.0,0.0
353.575,0.0,0.0,0.0,0.0
353.775,0.0,0.0,0.0,0.0
353.96999999999997,0.0,0.0,0.0,0.0
354.17,0.0,0.0,0.0,0.0
354.365,0.0,0.0,0.0,0.0
354.565,0.0,0.0,0.0,0.0
354.765,0.0,0.0,0.0,0.0
354.96,1.0,0.38662790697674415,19.0,0.45769342167660665
355.15999999999997,1.0,0.5040816326530613,26.0,0.6234690750639474
355.355,1.0,0.6366279069767442,30.0,0.7461263229051747
355.555,1.0,0.7609523809523809,34.0,0.9521860516829451
355.755,1.0,0.873015873015873,45.0,1.1933909490022119
355.95,1.0,0.8646616541353384,42.0,1.3148067001973929
356.15,1.0,0.9315068493150684,55.0,1.5511596686671558
356.34499999999997,1.0,0.9666666666666667,58.0,2.206058303483201
356.545,1.0,1.0,65.0,2.22201247270339
356.74,1.0,0.9943502824858758,71.0,2.341473949270452
356.94,1.0,0.91875,72.0,2.408262896602215
357.14,1.0,0.8571428571428571,53.0,2.3612385348754525
357.335,1.0,0.88,40.0,2.4008797040003413
357.53499999999997,1.0,0.6876760563380282,31.0,2.0098076714133333
357.73,1.0,0.8737864077669902,49.0,2.3373716540770975
357.93,1.0,0.9710982658959537,83.0,2.154581158754618
358.13,1.0,0.9212121212121213,71.0,1.8974536445985137
358.325,1.0,0.9609756097560975,89.0,1.513563343996286
358.525,1.0,0.9559748427672956,58.0,1.4199781275042136
358.71999999999997,1.0,0.9435483870967742,43.0,1.2682632257377586
358.92,1.0,0.9519230769230769,46.0,1.1286839472341081
359.12,1.0,0.7631249999999999,33.0,0.8949708893379861
359.315,1.0,0.5949152542372882,26.0,0.7511930781432932
359.515,1.0,0.3348837209302326,16.0,0.5809726849461556
359.71,1.0,0.575,23.0,0.6312444067873976
359.90999999999997,0.0,0.0,0.0,0.0
360.11,0.0,0.0,0.0,0.0
360.305,0.0,0.0,0.0,0.0
360.505,0.0,0.0,0.0,0.0
360.7,0.0,0.0,0.0,0.0
360.9,0.0,0.0,0.0,0.0
361.1,0.0,0.0,0.0,0.0
361.295,0.0,0.0,0.0,0.0
361.495,0.0,0.0,0.0,0.0
361.69,0.0,0.0,0.0,0.0
361.89,0.0,0.0,0.0,0.0
362.09,0.0,0.0,0.0,0.0
362.28499999999997,1.0,0.28986486486486485,13.0,0.3747310047984568
362.485,1.0,0.27428571428571424,12.0,0.42537982385917467
362.68,1.0,0.38353658536585367,17.0,0.5074518807145835
362.88,1.0,0.42552083333333335,19.0,0.6941519620392562
363.08,1.0,0.5423076923076923,24.0,0.87302699159396
363.275,1.0,0.4318181818181818,20.0,0.6324526161707968
363.475,0.0,0.0,0.0,0.0
363.675,0.0,0.0,0.0,0.0
363.87,0.0,0.0,0.0,0.0
364.07,0.0,0.0,0.0,0.0
364.265,0.0,0.0,0.0,0.0
364.465,0.0,0.0,0.0,0.0
364.665,1.0,0.9787234042553191,43.0,1.256015229502784
364.86,1.0,0.7152941176470589,32.0,0.8664342948739505
365.06,1.0,0.329225352112676,17.0,0.7602608666356401
365.255,1.0,0.6073529411764705,28.0,0.7045328967027693
365.455,1.0,0.5508474576271186,26.0,0.8286145542750116
365.655,1.0,0.5330882352941176,25.0,0.8086561889262935
365.85,1.0,0.5031249999999999,23.0,0.7641981626141888
366.05,1.0,0.42000000000000004,21.0,0.561422323109579
366.245,1.0,0.6276119402985074,29.0,0.9801476830446658
366.445,1.0,0.8964788732394365,38.0,0.8808226262567365
366.64,1.0,1.0,45.0,1.0401715020684639
366.84,1.0,0.9459459459459459,40.0,1.0199988439188434
367.04,1.0,0.95,42.0,0.8600486050130036
367.235,1.0,0.8719178082191781,38.0,0.9201020289796669
367.435,1.0,0.760546875,33.0,0.7600058314507069
367.63,1.0,0.29523809523809524,16.0,0.5999932704867326
367.83,1.0,0.25098039215686274,16.0,0.8334965526285679
368.03,1.0,0.9580838323353293,58.0,1.3205052748466497
368.225,1.0,0.9491525423728814,43.0,1.2559964217111501
368.425,1.0,0.9173553719008265,42.0,1.157775017629544
368.62,1.0,0.867391304347826,38.0,1.0406636877047066
368.82,1.0,0.7506172839506173,32.0,0.9005839285681003
369.02,1.0,0.6117187500000001,27.0,0.7810245644997323
369.215,1.0,0.4868852459016394,22.0,0.6998935504471249
369.415,1.0,0.3161764705882353,15.0,0.6003029236350219
369.61,1.0,0.3764285714285714,17.0,0.48145660394027645
369.81,0.0,0.0,0.0,0.0
370.01,0.0,0.0,0.0,0.0
370.205,0.0,0.0,0.0,0.0
370.405,0.0,0.0,0.0,0.0
370.6,0.0,0.0,0.0,0.0
370.8,0.0,0.0,0.0,0.0
371.0,0.0,0.0,0.0,0.0
371.195,0.0,0.0,0.0,0.0
371.395,0.0,0.0,0.0,0.0
371.59,0.0,0.0,0.0,0.0
371.79,1.0,0.75,30.0,0.8190244909410902
371.99,1.0,0.6794117647058823,28.0,0.87922685314667
372.185,1.0,0.8574999999999999,35.0,1.0085918426027656
372.385,1.0,0.9714285714285714,41.0,1.2065668385344677
372.58,1.0,0.917079207920792,39.0,1.1522586635518883
372.78,1.0,0.9745762711864406,42.0,1.4620631379271773
372.98,1.0,0.9479166666666666,39.0,1.4517394864566242
373.175,1.0,0.9432065217391303,39.0,1.2962994547950961
373.375,1.0,0.9813084112149533,47.0,1.4434950731290939
373.575,1.0,0.91,40.0,1.088475577183952
373.77,1.0,0.9381443298969072,41.0,1.1933070938998953
373.96999999999997,1.0,0.9347826086956522,40.0,1.087553772229797
374.165,1.0,0.8119402985074626,34.0,1.0113290813073719
374.365,1.0,0.8052631578947369,36.0,0.8406645488180821
374.565,1.0,0.9743589743589743,47.0,1.1702324109444344
374.76,1.0,0.9568345323741008,48.0,1.1753418873325376
374.96,1.0,0.9568345323741008,54.0,1.2548838793007424
375.155,1.0,0.9473684210526315,52.0,1.2823250250924383
375.355,1.0,0.9694656488549618,51.0,1.3274345299883792
375.555,1.0,0.9504132231404959,47.0,1.2498096502988214
375.75,1.0,0.9553571428571429,49.0,1.2189712630100846
375.95,1.0,0.9590163934426229,49.0,1.329630607107555
376.145,1.0,0.963302752293578,54.0,1.2149384748657113
376.34499999999997,1.0,0.9148936170212766,40.0,1.15918965957066
376.53999999999996,1.0,0.9166666666666666,41.0,1.1904668066703983
376.74,1.0,0.7765624999999999,35.0,1.1146567138879955
376.93999999999994,1.0,0.7638888888888888,33.0,0.6999923311406812
377.135,1.0,0.5974264705882353,25.0,0.6638760447172498
377.33500000000004,1.0,0.8,32.0,0.7679771993677942
377.53,1.0,0.85,34.0,0.8681596105694737
377.73,1.0,0.8766233766233766,36.0,0.8720440391445886
377.92999999999995,1.0,0.9106589147286822,37.0,1.1073093540287537
378.125,1.0,0.9682539682539683,48.0,1.2436103236196308
378.32500000000005,1.0,0.9906542056074766,45.0,1.287224432831056
378.52,1.0,0.9664429530201343,54.0,1.7482224613206927
378.72,1.0,0.9391304347826087,42.0,1.369480381584009
378.91999999999996,1.0,0.4659482758620689,23.0,0.7725197142882796
379.115,0.0,0.0,0.0,0.0
379.31499999999994,0.0,0.0,0.0,0.0
379.51,0.0,0.0,0.0,0.0
379.71000000000004,0.0,0.0,0.0,0.0
379.90999999999997,0.0,0.0,0.0,0.0
380.105,0.0,0.0,0.0,0.0
380.30499999999995,1.0,0.9387755102040817,44.0,1.2972123491792253
380.5,1.0,0.6518691588785047,31.0,0.8317355025210538
380.70000000000005,1.0,0.7454545454545455,36.0,0.9694963646559462
380.9,1.0,0.9194630872483222,42.0,1.0321411532555924
381.095,1.0,0.9359999999999999,39.0,1.299164753571886
381.29499999999996,1.0,0.7547872340425531,33.0,0.9197153873754593
381.49,1.0,0.7493119266055045,33.0,1.0161473632150735
381.68999999999994,1.0,0.9682539682539683,45.0,1.562485446322017
381.89,1.0,0.9868421052631579,43.0,1.4547506445406981
382.08500000000004,1.0,0.9710144927536232,55.0,1.4832274446135107
382.28499999999997,1.0,0.9508196721311475,43.0,1.3439201971362777
382.48,1.0,0.9190217391304347,38.0,1.2839714034546643
382.67999999999995,1.0,0.9831932773109243,48.0,1.4961839436240263
382.88,1.0,0.7932242990654206,35.0,1.3681753879720602
383.07500000000005,1.0,0.9068181818181819,38.0,1.1682237838864333
383.275,1.0,0.5735294117647058,26.0,0.8683301980085549
383.475,1.0,0.8174342105263158,35.0,1.0065374618465488
383.66999999999996,1.0,0.9528301886792453,45.0,1.5420682860917703
383.87,1.0,0.9438202247191011,40.0,1.127926599489819
384.06499999999994,1.0,0.8856382978723405,37.0,1.2452743608973096
384.265,1.0,0.839527027027027,35.0,0.99297138487956
384.46500000000003,1.0,0.6844155844155844,31.0,0.8121129533117586
384.65999999999997,1.0,0.6925373134328358,29.0,0.9418626004395014
384.86,1.0,0.9012345679012346,42.0,1.2004111940270494
385.05499999999995,1.0,0.5277777777777778,24.0,0.9070832370016364
385.255,1.0,0.7112068965517241,33.0,0.642182164970138
385.45500000000004,1.0,0.9380530973451328,47.0,1.0901326710247163
385.65,1.0,0.8921568627450981,42.0,1.0878071936385418
385.85,1.0,0.9622641509433962,43.0,1.2153060572638057
386.04499999999996,1.0,0.9917355371900827,51.0,1.342862984737505
386.245,1.0,0.889423076923077,37.0,1.2473956629039793
386.43999999999994,1.0,1.0,47.0,1.5014214535594421
386.64,1.0,0.9719626168224299,45.0,1.5296514642579802
386.84000000000003,1.0,0.9739130434782609,47.0,1.6011245933519773
387.03499999999997,1.0,0.96875,44.0,1.3884968662284105
387.235,1.0,0.691358024691358,32.0,0.9338090321230964
387.42999999999995,1.0,0.9550561797752809,47.0,1.47751325374106
387.63,1.0,0.755056179775281,32.0,0.9501526113625001
387.83000000000004,1.0,0.8555555555555556,36.0,1.0582537781833241
388.025,1.0,0.609375,27.0,0.7808087165541491
388.225,1.0,0.6996527777777778,31.0,0.8259925673471472
388.41999999999996,1.0,0.9075,39.0,1.287399959905315
388.62,1.0,0.8910256410256411,65.0,1.4837471040219465
388.82000000000005,1.0,0.8951612903225806,42.0,1.2226161602467718
389.015,1.0,0.9741379310344828,49.0,1.2988805053575099
389.21500000000003,1.0,0.9758064516129032,43.0,1.282640957705925
389.40999999999997,1.0,0.9611650485436893,47.0,1.2359841614465195
389.61,1.0,0.9512195121951219,39.0,1.0815647555531664
389.80999999999995,1.0,0.7857142857142856,33.0,0.980275741975454
390.005,1.0,0.56875,26.0,0.7227702509151337
390.20500000000004,1.0,0.31724137931034485,16.0,0.5189925286462361
390.4,0.0,0.0,0.0,0.0
390.6,0.0,0.0,0.0,0.0
390.79999999999995,0.0,0.0,0.0,0.0
390.995,0.0,0.0,0.0,0.0
391.19500000000005,0.0,0.0,0.0,0.0
391.39,0.0,0.0,0.0,0.0
391.59000000000003,0.0,0.0,0.0,0.0
391.78999999999996,1.0,0.8726744186046511,38.0,1.0321882944323617
391.985,1.0,0.8360576923076923,37.0,1.0116643030748351
392.18499999999995,1.0,0.6757281553398058,29.0,0.8475841659333008
392.38,1.0,0.7864485981308411,34.0,1.1919663924358872
392.58000000000004,1.0,0.6517045454545455,31.0,1.0293829198085278
392.78,1.0,0.7166666666666668,32.0,0.8782927237145952
392.975,1.0,0.8382352941176471,36.0,1.1163917875331952
393.17499999999995,1.0,0.7945652173913044,34.0,1.0305092757661964
393.375,1.0,0.8166666666666668,36.0,1.2086946728292618
393.57000000000005,1.0,0.9779411764705882,47.0,1.5056637157607295
393.77,1.0,0.9558823529411765,42.0,1.3484739787929092
393.96500000000003,1.0,0.9736842105263158,45.0,1.504184146966234
394.16499999999996,1.0,0.9482758620689655,40.0,1.2763518855567564
394.365,1.0,0.9175257731958762,41.0,1.1321204652855115
394.55999999999995,1.0,0.9196022727272728,39.0,1.1259513714355485
394.76,1.0,0.7219512195121952,32.0,0.9651884009502276
394.95500000000004,1.0,0.7742307692307692,33.0,1.1206333763065923
395.155,1.0,0.814655172413793,35.0,1.1496644652241845
395.355,1.0,0.9122807017543859,43.0,1.2366246851897396
395.54999999999995,1.0,0.981651376146789,44.0,1.2700567956911475
395.75,1.0,0.6692307692307693,29.0,0.9401731776443081
395.94500000000005,1.0,0.5609154929577466,27.0,0.7065528460206302
396.145,1.0,0.5129032258064516,24.0,0.7005325165304569
396.34000000000003,1.0,0.8787037037037037,39.0,1.0319872014574947
396.53999999999996,1.0,0.8927710843373494,38.0,1.1729835182351736
396.74,1.0,0.7367283950617284,31.0,0.8730624012350006
396.93499999999995,1.0,0.9286516853932584,38.0,1.0184281743709724
397.135,1.0,0.8168831168831169,34.0,1.0065258646885602
397.33000000000004,1.0,0.889423076923077,37.0,1.056189739400402
397.53,1.0,0.584931506849315,28.0,0.7180482681701021
397.73,1.0,0.6923333333333334,31.0,0.828733531554543
397.92499999999995,1.0,0.6993243243243243,30.0,0.8836135477250329
398.125,1.0,0.7799999999999999,34.0,1.1424031674259958
398.32000000000005,1.0,0.6507042253521126,33.0,0.9002106968208049
398.52,1.0,0.9166666666666666,54.0,1.1317161502351194
398.72,1.0,0.9583333333333334,63.0,1.4337726793232632
398.91499999999996,1.0,0.8736,39.0,1.3217690981126125
399.115,1.0,0.745754716981132,34.0,1.1191103745470914
399.30999999999995,1.0,0.9213302752293577,39.0,1.2303894265210704
399.51,1.0,0.9591836734693877,41.0,1.1901772657481073
399.71000000000004,1.0,0.6867469879518072,30.0,1.0028614077985676
399.905,1.0,0.6542307692307693,27.0,0.8548081123695825
400.105,1.0,0.5278688524590164,23.0,0.7332181249630692
400.29999999999995,1.0,0.4659090909090909,20.0,0.6116814101780361
400.5,0.0,0.0,0.0,0.0
400.70000000000005,0.0,0.0,0.0,0.0
400.895,0.0,0.0,0.0,0.0
401.095,0.0,0.0,0.0,0.0
401.28999999999996,0.0,0.0,0.0,0.0
401.49,0.0,0.0,0.0,0.0
401.68999999999994,0.0,0.0,0.0,0.0
401.885,0.0,0.0,0.0,0.0
402.08500000000004,1.0,0.499390243902439,21.0,0.5799925412226772
402.28,1.0,1.0,48.0,1.205510753888754
402.48,1.0,0.9485294117647058,51.0,1.3683219709045162
402.67999999999995,1.0,0.9574468085106383,40.0,1.4484804722790972
402.875,1.0,0.9448275862068966,47.0,1.3048067132454058
403.07500000000005,1.0,0.8568627450980392,38.0,1.0791489488041195
403.275,1.0,0.9526627218934911,58.0,1.559949859880391
403.47,1.0,0.9418604651162791,49.0,1.495628845777693
403.66999999999996,1.0,0.9440559440559441,52.0,1.43962107657187
403.865,1.0,0.9568965517241379,47.0,1.2338480491678014
404.06499999999994,1.0,0.9905660377358491,44.0,1.4047038598110575
404.265,1.0,0.8883333333333333,39.0,1.252162419261753
404.46000000000004,1.0,0.7593220338983051,32.0,1.0645175501379902
404.65999999999997,1.0,0.37058823529411766,18.0,0.6258940784106304
404.855,0.0,0.0,0.0,0.0
405.05499999999995,0.0,0.0,0.0,0.0
405.255,0.0,0.0,0.0,0.0
405.45000000000005,0.0,0.0,0.0,0.0
405.65,1.0,0.6075,27.0,0.7437788808393722
405.845,1.0,0.8229166666666666,35.0,0.9482641564834504
406.04499999999996,1.0,0.944954128440367,44.0,1.3152333045642375
406.24,1.0,0.8614077669902913,39.0,1.0192081566924023
406.43999999999994,1.0,0.6845360824742268,32.0,1.1299168446583696
406.64,1.0,0.9328828828828828,38.0,1.1725954190645478
406.83500000000004,1.0,0.7927884615384615,34.0,1.0279286149973055
407.03499999999997,1.0,0.9911504424778761,43.0,1.2423358598851517
407.23,1.0,0.9662921348314607,40.0,1.2204478474862945
407.42999999999995,1.0,0.9457364341085271,51.0,1.0442115632496527
407.63,1.0,0.9615384615384616,49.0,0.9431696943836565
407.82500000000005,1.0,0.9361702127659575,40.0,0.7806175517635631
408.025,1.0,0.9736842105263158,59.0,1.1209279257400953
408.22,1.0,0.968944099378882,60.0,1.182918901911675
408.41999999999996,1.0,0.9461077844311377,59.0,1.369239593735971
408.62,1.0,0.9473684210526315,59.0,1.5830730829253243
408.81499999999994,1.0,0.916083916083916,54.0,1.4705780984408607
409.015,1.0,0.9230769230769231,47.0,1.3942493053509768
409.21000000000004,1.0,0.7806122448979592,36.0,1.0780013759487401
409.40999999999997,1.0,0.5868055555555556,26.0,0.8641357931658975
409.61,1.0,0.39055555555555554,19.0,0.6226571359239124
409.80499999999995,1.0,0.4027777777777778,20.0,0.5203722130772617
410.005,0.0,0.0,0.0,0.0
410.20000000000005,0.0,0.0,0.0,0.0
410.4,0.0,0.0,0.0,0.0
410.6,0.0,0.0,0.0,0.0
410.79499999999996,0.0,0.0,0.0,0.0
410.995,0.0,0.0,0.0,0.0
411.18999999999994,0.0,0.0,0.0,0.0
411.39,0.0,0.0,0.0,0.0
411.59000000000003,0.0,0.0,0.0,0.0
411.78499999999997,0.0,0.0,0.0,0.0
411.985,1.0,0.3340909090909091,14.0,0.4553630087750299
412.17999999999995,1.0,0.5857142857142856,24.0,0.5799999358631234
412.38,1.0,0.475,19.0,0.5771597438977033
412.58000000000004,1.0,0.5031914893617022,22.0,0.5635574260924641
412.775,1.0,0.7683823529411764,33.0,1.1932859024524252
412.975,1.0,0.8597058823529412,37.0,1.1497792722317024
413.17499999999995,1.0,0.9318181818181818,40.0,1.1738769983369988
413.37,1.0,0.9302325581395349,42.0,1.12599877223821
413.57000000000005,1.0,0.7358108108108108,33.0,0.8730987919095421
413.765,1.0,0.8464285714285714,36.0,1.456545497266375
413.96500000000003,1.0,0.9583333333333334,42.0,1.452146162030476
414.16499999999996,1.0,0.9310344827586207,55.0,1.2399039701175392
414.36,1.0,0.9371980676328503,64.0,1.153144885791988
414.55999999999995,1.0,0.9327731092436975,51.0,1.0712379847921034
414.755,1.0,0.952,54.0,0.9289174616502374
414.95500000000004,1.0,0.90390625,39.0,0.7069820167990284
415.155,1.0,0.8023972602739725,33.0,0.7305384729446389
415.35,1.0,0.4801587301587302,22.0,0.62742776725287
415.54999999999995,1.0,0.4528301886792453,20.0,0.6091884799420246
415.745,0.0,0.0,0.0,0.0
415.94500000000005,0.0,0.0,0.0,0.0
416.14,0.0,0.0,0.0,0.0
416.34000000000003,0.0,0.0,0.0,0.0
416.53999999999996,0.0,0.0,0.0,0.0
416.735,0.0,0.0,0.0,0.0
416.93499999999995,0.0,0.0,0.0,0.0
417.13,0.0,0.0,0.0,0.0
417.33000000000004,0.0,0.0,0.0,0.0
417.53,0.0,0.0,0.0,0.0
417.725,0.0,0.0,0.0,0.0
417.92499999999995,0.0,0.0,0.0,0.0
418.12,0.0,0.0,0.0,0.0
418.32000000000005,0.0,0.0,0.0,0.0
418.52,0.0,0.0,0.0,0.0
418.71500000000003,0.0,0.0,0.0,0.0
418.91499999999996,1.0,0.9671052631578947,44.0,2.1675924221421554
419.11,1.0,0.9703703703703703,60.0,1.7279211433030723
419.30999999999995,1.0,0.825,33.0,1.0962990061216793
419.51,1.0,0.9401041666666666,38.0,1.2702702617558366
419.70500000000004,1.0,0.9649122807017544,46.0,1.3012998550144221
419.905,1.0,0.9789473684210527,47.0,1.3120068704748609
420.1,1.0,0.7883522727272728,37.0,1.02930027665756
420.29999999999995,1.0,0.9296875,53.0,1.3462082565618414
420.5,1.0,0.9461538461538461,50.0,1.3190710597554047
420.69500000000005,1.0,0.9618320610687023,50.0,1.130363574966486
420.895,1.0,0.9513888888888888,56.0,1.2624862355829596
421.09000000000003,1.0,0.9724770642201835,45.0,1.121195663678514
421.28999999999996,1.0,0.6759259259259259,30.0,1.0230455571046795
421.49,1.0,0.7983870967741935,33.0,0.9425410761715727
421.68499999999995,1.0,0.5636363636363636,24.0,0.8030988732039342
421.885,1.0,0.27692307692307694,12.0,0.5998637179729326
422.08000000000004,1.0,0.5097560975609757,22.0,0.5811548331813488
422.28,0.0,0.0,0.0,0.0
422.48,0.0,0.0,0.0,0.0
422.67499999999995,0.0,0.0,0.0,0.0
422.875,0.0,0.0,0.0,0.0
423.07500000000005,0.0,0.0,0.0,0.0
423.27,0.0,0.0,0.0,0.0
423.47,0.0,0.0,0.0,0.0
423.66499999999996,0.0,0.0,0.0,0.0
423.865,0.0,0.0,0.0,0.0
424.06499999999994,0.0,0.0,0.0,0.0
424.26,1.0,0.5,20.0,0.49537175127736033
424.46000000000004,1.0,0.5750000000000001,25.0,0.5896691230397195
424.655,1.0,0.7857142857142856,33.0,0.7528076416203656
424.855,1.0,0.9782608695652174,41.0,0.963605074585345
425.05499999999995,1.0,0.9134615384615384,45.0,1.220008574391641
425.25,1.0,0.9612403100775194,51.0,1.403866154234989
425.45000000000005,1.0,0.9384615384615385,48.0,1.4098124567064478
425.645,1.0,0.721551724137931,31.0,1.1896081228607307
425.845,1.0,0.6888888888888889,31.0,0.8292489966684573
426.03999999999996,1.0,0.2985294117647059,14.0,0.6118740006192893
426.24,0.0,0.0,0.0,0.0
426.43999999999994,0.0,0.0,0.0,0.0
426.635,0.0,0.0,0.0,0.0
426.83500000000004,0.0,0.0,0.0,0.0
427.03,0.0,0.0,0.0,0.0
427.23,1.0,0.5148936170212767,22.0,1.781351930221645
427.42999999999995,1.0,0.9148936170212766,63.0,2.3407416704605293
427.625,1.0,0.9873949579831933,103.0,2.013645068384701
427.82500000000005,1.0,0.9585492227979274,74.0,1.6942558648515287
428.02,1.0,0.967741935483871,51.0,1.1580240398772106
428.22,1.0,0.8400000000000001,36.0,0.8189284623765927
428.41999999999996,1.0,0.5737704918032787,25.0,0.5905206679817468
428.615,1.0,0.48874999999999996,23.0,1.9984431163450964
428.81499999999994,1.0,0.21818181818181817,12.0,0.40645179101340323
429.01,1.0,0.2779411764705882,14.0,1.9345638877982994
429.21000000000004,0.0,0.0,0.0,0.0
429.40999999999997,0.0,0.0,0.0,0.0
429.605,0.0,0.0,0.0,0.0
429.80499999999995,0.0,0.0,0.0,0.0
430.0,0.0,0.0,0.0,0.0
430.20000000000005,0.0,0.0,0.0,0.0
430.4,0.0,0.0,0.0,0.0
430.595,0.0,0.0,0.0,0.0
430.79499999999996,0.0,0.0,0.0,0.0
430.99,0.0,0.0,0.0,0.0
431.18999999999994,0.0,0.0,0.0,0.0
431.39,0.0,0.0,0.0,0.0
431.58500000000004,1.0,0.31273584905660373,17.0,0.3776022022980158
431.78499999999997,1.0,0.5419354838709677,24.0,0.6546262738098908
431.98,1.0,0.6233766233766234,30.0,0.6030107779404599
432.17999999999995,1.0,0.9107142857142857,39.0,0.9939565678512339
432.38,1.0,0.8793103448275862,41.0,1.1429795672279897
432.57500000000005,1.0,0.8947368421052632,44.0,1.2958104783269087
432.775,1.0,0.8666666666666667,55.0,1.5028762460559315
432.975,1.0,0.9493670886075949,52.0,2.1101104844667935
433.16999999999996,1.0,0.9928571428571429,61.0,1.5770982787320338
433.37,1.0,0.9352941176470588,64.0,2.341890733227025
433.56499999999994,1.0,0.9144736842105263,68.0,2.4165754109425617
433.765,1.0,0.9349593495934959,52.0,2.279839657831274
433.96500000000003,1.0,0.631578947368421,30.0,2.261912611016502
434.15999999999997,1.0,0.926829268292683,55.0,2.3797423680242584
434.36,1.0,0.9869281045751634,76.0,2.339912336912826
434.55499999999995,1.0,0.8795180722891566,67.0,2.2168787527477036
434.755,1.0,0.9491525423728814,83.0,2.1019999088574606
434.95500000000004,1.0,0.9595959595959596,75.0,1.640468194431822
435.15,1.0,0.9560439560439561,55.0,1.4721545514940806
435.35,1.0,0.9790209790209791,59.0,1.3968811310454314
435.54499999999996,1.0,0.926605504587156,47.0,1.1887947634975746
435.745,1.0,0.7997395833333334,37.0,0.9932569136341463
435.93999999999994,1.0,0.6513888888888889,28.0,0.8496334509235725
436.14,1.0,0.47540983606557374,20.0,0.7758229562594452
436.34000000000003,1.0,0.4193181818181818,18.0,0.623733968735052
436.53499999999997,0.0,0.0,0.0,0.0
436.735,0.0,0.0,0.0,0.0
436.92999999999995,0.0,0.0,0.0,0.0
437.13,0.0,0.0,0.0,0.0
437.33000000000004,0.0,0.0,0.0,0.0
437.525,0.0,0.0,0.0,0.0
437.725,0.0,0.0,0.0,0.0
437.91999999999996,0.0,0.0,0.0,0.0
438.12,0.0,0.0,0.0,0.0
438.32000000000005,0.0,0.0,0.0,0.0
438.515,0.0,0.0,0.0,0.0
438.71500000000003,0.0,0.0,0.0,0.0
438.90999999999997,1.0,0.24324324324324326,12.0,0.49311791511613356
439.11,1.0,0.30874999999999997,13.0,0.41533120919140315
439.30999999999995,1.0,0.4628205128205128,19.0,0.5239177626747934
439.505,1.0,0.396,18.0,0.627993384272004
439.70500000000004,1.0,0.6495283018867924,27.0,0.8295946050565284
439.9,1.0,0.377027027027027,18.0,0.5880414773893485
440.1,1.0,0.328125,15.0,0.6016643264397734
440.29999999999995,0.0,0.0,0.0,0.0
440.495,0.0,0.0,0.0,0.0
440.69500000000005,0.0,0.0,0.0,0.0
440.89,0.0,0.0,0.0,0.0
441.09000000000003,0.0,0.0,0.0,0.0
441.28999999999996,1.0,0.9883720930232558,40.0,1.065269895056073
441.485,1.0,0.9401785714285714,39.0,0.9878363033926805
441.68499999999995,1.0,0.948051948051948,42.0,1.0003555176941763
441.88,1.0,0.6575342465753424,30.0,0.806221236300336
442.08000000000004,1.0,0.5962500000000001,27.0,0.9305783373371037
442.28,1.0,0.5555555555555556,25.0,0.9700803641179476
442.475,1.0,0.6940298507462687,31.0,0.945299223610484
442.67499999999995,1.0,0.5711206896551725,25.0,0.9019947830570555
442.875,1.0,0.7688311688311689,32.0,1.061641366076306
443.07000000000005,1.0,0.8484848484848485,35.0,0.8208843786858332
443.27,1.0,0.7125,34.0,0.8208590625938466
443.46500000000003,1.0,0.9594594594594594,41.0,0.9405506195859247
443.66499999999996,1.0,0.975,44.0,0.9400369110455784
443.865,1.0,0.9230769230769231,42.0,0.8200232022004443
444.05999999999995,1.0,0.9625,45.0,0.9200463169768218
444.26,1.0,0.9871794871794872,45.0,0.9200450919752117
444.45500000000004,1.0,0.987012987012987,45.0,0.9200450919752117
444.655,1.0,0.9871794871794872,45.0,0.9200463169768218
444.855,1.0,0.9871794871794872,45.0,0.9200450919752117
445.04999999999995,1.0,0.987012987012987,45.0,0.9200450919752117
445.25,1.0,0.9871794871794872,45.0,0.9200463169768218
445.44500000000005,1.0,0.974025974025974,44.0,0.9200409344858012
445.645,1.0,0.948051948051948,42.0,0.8200232022004443
445.84000000000003,1.0,0.9873417721518988,45.0,0.9200463169768218
446.03999999999996,1.0,0.9868421052631579,44.0,0.920042139996685
446.24,1.0,0.948051948051948,42.0,0.8200232022004443
446.43499999999995,1.0,0.9743589743589743,45.0,0.9200450919752117
446.635,1.0,0.9871794871794872,45.0,0.9200450919752117
446.83000000000004,1.0,0.9358974358974359,42.0,0.8200247217357868
447.03,1.0,0.9868421052631579,44.0,0.920042139996685
447.23,1.0,0.935064935064935,42.0,0.8200247217357868
