time_sec,success,candidate_count,match_count,keep_ratio,mean_match_distance_m,max_match_distance_m,mean_tangent_angle_deg,lateral_m,yaw_correction_rad,rms_error_m,measured_x,measured_y,measured_yaw,innovation_x,innovation_y,innovation_yaw,gain_x,gain_y,gain_yaw
0.060000000000002274,1.0,14.0,14.0,1.0,0.014393849186667109,0.025378329450709558,0.16797221653695943,0.024508628523494943,0.04588735851603069,6.944156372784673e-05,0.0009093463419652557,0.0745862007715421,-0.0022088336223963986,0.0011783172947065054,0.02448028677233307,0.04588735851603069,0.4468634300780301,0.47692708955990365,0.9987261465259374
1.0999999999999943,1.0,18.0,18.0,1.0,0.012967472682001312,0.024761638646314216,1.1420695620179782,0.02141869633894333,0.0536457256991289,0.0019063122209784485,0.0002624776499995573,0.06948181771849812,0.0017884154769449293,0.0004536389686369593,0.009756022606051587,0.007847102871506617,0.7474438244790381,0.8356388610878671,0.6398600040157748
2.259999999999991,1.0,15.0,15.0,1.0,0.012432410058883384,0.024053921358757308,0.15923269718173144,0.026929658664012847,0.05266427655148086,6.0355841230067655e-05,-0.00041506565115141496,0.07462979581457284,-0.0022526099897319796,0.00045710328523592965,0.007156149456505084,0.0018480401625146083,0.7394847957738501,0.8285944456907779,0.4977676883193436
2.6599999999999966,1.0,15.0,15.0,1.0,0.012268095826910257,0.02378005879269889,0.15922020954734423,0.025513821093123265,0.0519447470572673,6.1396646890591e-05,-0.0006889246082443321,0.07462961653298722,-0.0022523574763924775,9.348610068049318e-05,-0.00017495291395820678,0.00021096050600582497,0.6005689128468678,0.6930552628407645,0.3960118395237829
3.299999999999983,1.0,13.0,13.0,1.0,0.01457558458290038,0.02589386294939194,0.3579466922006313,0.025435706220820857,0.05136567878218825,0.000240916525063299,0.0014250979484581954,0.07537669116849924,-0.0028493845513778288,7.922442987885747e-05,-0.00024031277525461692,-0.0004516490258007735,0.6128796702368267,0.7220142208269028,0.3598592630871605
3.759999999999991,1.0,15.0,15.0,1.0,0.01380001922706098,0.025399946467818634,0.15728355741769595,0.02446098477647807,0.05205844591333959,6.707114141165548e-05,0.0009309048313588448,0.0745819229062214,-0.0022060994043748144,-1.2313235472858025e-05,-0.0010170201865527667,0.0004038022585362124,0.613709033459434,0.712435133700452,0.37374790989157225
3.799999999999983,1.0,14.0,14.0,1.0,0.014742658215525936,0.02704955032058562,0.17124829379339704,0.024666855393118196,0.05202500181299027,5.044802406978176e-05,0.0025809850257473965,0.07468184477350773,-0.0022931665025777564,4.760706047472578e-06,-0.0001718885015543209,0.0002193436573468656,0.39149154580416573,0.4453556185081031,0.26662974903438724
4.5,1.0,15.0,15.0,1.0,0.013993331173877407,0.025979873727914708,0.1572843215299727,0.02431733795755218,0.04860315916796168,6.491612769056831e-05,0.0015108731665767245,0.0745820315558746,-0.002206411386952406,-8.986387828662564e-05,-0.00038950172047129417,-0.003260866378297358,0.6371594428691556,0.7485551273287403,0.3597912209034133
4.599999999999994,1.0,14.0,14.0,1.0,0.015369647332753316,0.027529074001898537,0.16914333695815167,0.024942299832858013,0.04795558050452364,6.028873674552733e-05,0.0030604275936568642,0.07462793144491474,-0.0022417367679769054,-4.365334493826615e-05,0.00044846711094460867,-0.0027352624401063928,0.4359498077601524,0.5078720462607111,0.27148045231789275
5.199999999999989,1.0,15.0,15.0,1.0,0.014093842854923287,0.02734378098160832,0.15934458952409755,0.02271541950586376,0.04833153686042583,5.023153823234032e-05,0.002874869162347155,0.07463183124322936,-0.0022555478072845067,-1.6203812150013697e-05,-0.001996374174794646,-0.001616996561580686,0.6172579289759623,0.7287722005080108,0.34542689838236673
5.599999999999994,1.0,15.0,15.0,1.0,0.014771613507442518,0.028314597462937904,0.15734309918895104,0.023938273081065154,0.04853363441913359,5.747592881794499e-05,0.0038456117785458334,0.07458263708961904,-0.0022078034942456803,-2.61821431025034e-06,0.000633425449285227,-0.0008562235487371455,0.5800109256717559,0.6832653867187666,0.3348062125223806
6.0,1.0,15.0,15.0,1.0,0.014786920472313008,0.02882878485345389,0.15940676868780942,0.02266320925452976,0.04983898808226082,4.7556594751790755e-05,0.004359870903538279,0.07463277633733606,-0.002256895195464813,3.0577773175117194e-05,-0.0010995961652541103,0.0007355966784259675,0.5733371355421499,0.6786354895682861,0.33007325413859445
6.199999999999989,1.0,14.0,14.0,1.0,0.015194260016784493,0.02817964505107672,0.16811466227141103,0.022716489327880385,0.05079322480353163,5.9702105144893204e-05,0.003710625080023722,0.07458882745750038,-0.0022117898147720264,3.122879038685439e-05,-0.0002682692889194038,0.001447387544054872,0.4713292820658463,0.5652211544185499,0.2762814139620752
6.599999999999994,1.0,16.0,16.0,1.0,0.015353724967140618,0.027606492377323207,0.31349144062950934,0.02305427228900043,0.04963115896799756,0.00023753753415772832,0.0031376835115031346,0.07527643858907658,-0.0027372456090791475,3.654112656707297e-05,0.00025057825458613125,-0.00011459545944663254,0.5760185640873013,0.6859115704074065,0.3262232602172173
8.060000000000002,1.0,15.0,15.0,1.0,0.014723018249777767,0.02816882853886367,0.15734692204793058,0.021391163929107476,0.049672526354381304,5.787421495353739e-05,0.003699825616789187,0.07458260950742107,-0.002207724873706955,-3.3245991361234746e-05,-0.0016131824603264622,-3.579400218438204e-05,0.7691047684613618,0.8541958762161737,0.4686925536544432
8.259999999999991,1.0,15.0,15.0,1.0,0.013953562091624913,0.025860568569717333,0.15728431630314996,0.023072560804552795,0.04898092472791758,6.535081783584251e-05,0.0013915611670552333,0.07458200543406115,-0.0022063441594193586,-2.2508235466365666e-05,0.0015608753187216357,-0.0007104409111436465,0.5350967908641746,0.6106567992350476,0.3538539519240041
8.400000000000006,1.0,15.0,15.0,1.0,0.014633092636379026,0.02849921916655475,0.15939039069719757,0.02375968934538876,0.04913433380883109,4.8026799639254494e-05,0.004030311419395036,0.07463256512295256,-0.002256594972710413,1.2529984891439944e-06,0.0011642996977994924,-0.0003043110255519469,0.4449515536574361,0.5273308512164353,0.2903352843137752
8.859999999999985,1.0,15.0,15.0,1.0,0.013812184243326838,0.026740247179676113,0.15932046528546545,0.022245094120106678,0.047893931539340955,5.169961985021101e-05,0.0022713332530849947,0.07463144668436414,-0.0022549998411523007,-3.2340508120250796e-05,-0.0008773834577550099,-0.0014571773443867722,0.5697149073576461,0.6840546222531737,0.3206123024820202
8.960000000000008,1.0,14.0,14.0,1.0,0.01564635519073116,0.030475611805088426,0.10729203079758674,0.024398651748126093,0.04608343891491477,7.004894057032953e-05,0.006006599751853955,0.07443735136423026,-0.002088200667684073,-6.448198524610076e-05,0.0016934190285910894,-0.002800851969140129,0.41518609479718915,0.49283785056312435,0.2515407789321591
9.560000000000002,1.0,14.0,14.0,1.0,0.015261349288157134,0.027957238935066474,0.17133343592647607,0.021801266155744726,0.046638267489613215,4.814915161216904e-05,0.003488687637517541,0.07468410247589284,-0.002295256397774379,-1.149223795842303e-05,-0.001615906578718171,-0.0015434511721757957,0.5974959086959225,0.7136901282835966,0.32092555810854523
10.400000000000006,1.0,15.0,15.0,1.0,0.014300188515432811,0.026900421184349745,0.15730249070673566,0.022828123230180197,0.04697856030173759,6.172723736507292e-05,0.0024314413293069145,0.07458225484948618,-0.0022069477606088614,-4.013540842348097e-06,0.0006144664792183396,-0.0007078751218097363,0.6922445866263058,0.7910517447561343,0.40313746161925607
11.699999999999989,1.0,15.0,15.0,1.0,0.01370472965963107,0.025114081849828225,0.1572487447303303,0.02256027351827755,0.04484892416035248,6.816870774763001e-05,0.0006451112388426907,0.07458176024387805,-0.002205857300996636,-5.185278791860744e-05,-5.4804161670099494e-05,-0.0025520783822462166,0.7604475631685155,0.8445681605457632,0.47815960485725617
11.960000000000008,1.0,15.0,15.0,1.0,0.011672445972925749,0.02278727365368701,0.1591546833852089,0.020872010024664094,0.04382156363588414,6.536045572863567e-05,-0.0016816459071282816,0.07462889311896148,-0.0022513826876026585,-3.462315883409313e-05,-0.0015895412774733914,-0.0023591490970664097,0.5570633419672768,0.6387449224087991,0.36740428921448587
12.519999999999982,1.0,15.0,15.0,1.0,0.012660799309707491,0.024434576308187104,0.1592194116242275,0.021254432426319695,0.0443409639679444,5.8949219656147676e-05,-3.432801466086814e-05,0.07462995089926737,-0.00225288489999919,-2.73991396669733e-06,-0.00026714328032508006,-0.0009744501648244691,0.619072759780266,0.7244076798138838,0.37045815070155086
12.719999999999999,1.0,15.0,15.0,1.0,0.013363075024418174,0.024349383007414627,0.15723026306564922,0.022033523604610954,0.04490671853880508,7.12199164934322e-05,-0.00011959452624741001,0.07458155859215598,-0.0022053986608749146,9.369967593994197e-06,0.0007093027024093063,-4.7641215967821494e-05,0.5002379340968601,0.5899363634101166,0.31006189868689454
12.919999999999987,1.0,14.0,14.0,1.0,0.013699948606518714,0.022949669098797122,0.16786999091399113,0.021404831230635524,0.045406150910995036,7.986213692775727e-05,-0.001519335667929471,0.07458395442464977,-0.002206295574543271,1.2624205222827372e-05,-0.0002749730322507138,0.0004665236038452871,0.4524203827663176,0.5505710855009951,0.2663646788918477
13.120000000000005,1.0,15.0,15.0,1.0,0.011441881276063074,0.02240297400045803,0.15914688186133996,0.02206891842664886,0.04578283003029449,6.696870236050892e-05,-0.0020659679112361227,0.07462867298904317,-0.0022510537651656564,1.9447237725120532e-05,0.0005652112180659502,0.0007188231530250808,0.4649769452834506,0.5672478675290586,0.26704369982598314
13.5,1.0,14.0,14.0,1.0,0.011634951635969018,0.0222887672364438,0.17104552959056415,0.021475740763046133,0.04518581905368186,6.870199967586348e-05,-0.002180219323137436,0.07466985428319696,-0.002282087859282571,-1.846255861210483e-06,-0.00034324826078030446,-6.992348091628894e-05,0.5267885799423315,0.6447363723415255,0.280182297130288
13.900000000000006,1.0,15.0,15.0,1.0,0.01209299750232478,0.023488221081387445,0.15918938916163416,0.021119981395485935,0.04579074553353998,6.253094768081282e-05,-0.0009807087531444381,0.07462936382582716,-0.0022520385591704786,9.969361989239228e-06,-0.0005320227776599573,0.0005544990783930425,0.5704791040059762,0.6794092046526572,0.314171281808912
14.099999999999994,1.0,15.0,15.0,1.0,0.012285212014305057,0.023808586946364084,0.15919781000681582,0.021087872295329352,0.04485801902983831,6.128553915016647e-05,-0.0006603299007939423,0.07462955721812305,-0.0022523207448629443,-1.4952232478757316e-05,-0.00021719636350266136,-0.000552369395786562,0.4877988814904737,0.5822245074342237,0.2821860329271453
14.299999999999983,1.0,15.0,15.0,1.0,0.013685678494847283,0.025056928826714044,0.15724867876845644,0.02114469985676963,0.04479003974205884,6.83913668017379e-05,0.0005879562928412336,0.07458174491860253,-0.0022058228237607086,-1.0830850714967089e-05,-9.040208206602396e-05,-0.00046445246167253827,0.46514837971561773,0.5645455013445895,0.2653179248102022
14.599999999999994,1.0,15.0,15.0,1.0,0.01268222678157468,0.024470289189742672,0.15922010320128493,0.021924688231314916,0.0443598932431309,5.882000465232268e-05,1.3860526567599507e-06,0.07462997362726854,-0.0022529172991171825,-1.114331936116932e-05,0.0007672341926438647,-0.0007713216905159154,0.509314844529774,0.6206228465519222,0.2773203127721567
14.699999999999989,1.0,15.0,15.0,1.0,0.013679803793677605,0.025039304868604055,0.15724847134620973,0.02074946378867315,0.04473948015553553,6.846020144316178e-05,0.0005703321291713232,0.07458173976155093,-0.0022058118428401954,-2.2522444632422974e-06,-0.0009097591598424826,-0.00017782463635982856,0.41185280552633025,0.49437348923509644,0.24057966989528018
15.759999999999991,1.0,15.0,15.0,1.0,0.013824733166533845,0.02547408857445196,0.15725140622861308,0.02042639705805709,0.04278392768219412,6.678791926999968e-05,0.0010051377209872687,0.07458183150071127,-0.0022060540610665124,-4.137428263849795e-05,-0.0008025136094220731,-0.0020904143052149055,0.7090661898644376,0.8104824825606957,0.397227437088282
16.900000000000006,1.0,14.0,14.0,1.0,0.014096581367883871,0.024337898310544986,0.16792378072316044,0.020122596769803176,0.043835742000228044,7.372724804745338e-05,-0.0001310787427698649,0.07458521340806289,-0.0022077262409041093,7.928580418418226e-06,-0.0004057858991411978,-0.00020812279914374275,0.7296980177970752,0.8207789294880468,0.44157319802654627
17.099999999999994,1.0,14.0,14.0,1.0,0.013141736324780866,0.023997201850349415,0.16980521003611695,0.019041624540672274,0.04472162023585017,6.270978580228087e-05,-0.0004717254452138225,0.07463172090362295,-0.0022537006813539706,1.9381600994292916e-05,-0.0011387502688618018,0.0007695341871248942,0.5206413021037957,0.5979764811142949,0.3400458854312292
17.560000000000002,1.0,15.0,15.0,1.0,0.011980423158326614,0.023300591346607412,0.15917457477642633,0.01918882393298638,0.04343308291033696,6.327426492775968e-05,-0.0011683204909591913,0.07462921713610966,-0.0022518462750766026,-1.5507641480937053e-05,-0.00027972317945910985,-0.0007808796749964361,0.5896458371093979,0.6949718845989794,0.35313335795729967
18.060000000000002,1.0,14.0,14.0,1.0,0.012354933228406861,0.022161195409774192,0.1697039097144355,0.017671664762123215,0.04456181608899063,7.042132884375864e-05,-0.0023077578613876788,0.0746293158202415,-0.002251204114984521,9.87755309816464e-06,-0.0015525314443326221,0.0006235446448075075,0.5903974735764572,0.6983559373471878,0.3394110051849446
18.28,1.0,15.0,15.0,1.0,0.01227213244231054,0.023786787194983727,0.15919582348428624,0.01886812111398527,0.04397998440353778,6.136917663584228e-05,-0.0006821245430567175,0.07462953433490854,-0.0022522936913087627,-1.5585315899072126e-06,0.0006565133599004819,-0.00017067192948739794,0.5126580012687604,0.6028239931993136,0.31058083947815807
18.859999999999985,1.0,14.0,14.0,1.0,0.013437776697322035,0.02203203080633659,0.16781537271197416,0.019333152471210955,0.04157897299457724,8.413160628353528e-05,-0.002436945816923751,0.07458303931187703,-0.002205283333875055,-5.094775454001681e-05,0.000803161031370514,-0.0025189369344503954,0.60207482970965,0.71523490829502,0.33491135442342873
19.72,1.0,15.0,15.0,1.0,0.011838578243150311,0.02306417460427048,0.15914483970762325,0.01872010850164763,0.03849456733762506,6.422487136844004e-05,-0.0014046955412149223,0.0746290054414852,-0.0022515822648266556,-7.435887374649406e-05,-0.0004293581570916083,-0.004759337484487231,0.6961954468062598,0.7934889235923253,0.41117839058831823
20.460000000000008,1.0,15.0,15.0,1.0,0.010358028250684236,0.021789182370857585,0.15896224693733418,0.016661244086600597,0.03892516482011781,8.639866864584126e-05,-0.006257805454326405,0.0746258762909359,-0.002247146312892641,-1.868722636873786e-05,-0.0019470146816545492,-0.00237176211975538,0.67853457945215,0.7751697974227848,0.41289622093742545
20.659999999999997,1.0,13.0,13.0,1.0,0.012335298213090103,0.021479426206874708,0.18296177713468004,0.01733117363367854,0.04178085369297061,7.520560708656725e-05,-0.0029892165404733556,0.0746722541936716,-0.0022830938845102705,4.873721383630812e-05,9.938791042241046e-05,0.0014608084014181124,0.47890243004554506,0.5634876684148534,0.2988673811339995
20.819999999999993,1.0,15.0,15.0,1.0,0.011288107014662428,0.02214666173995974,0.15911535303706537,0.017858974056213457,0.039603879739381294,6.806024526083357e-05,-0.002322231023338891,0.07462842757410776,-0.002250754707387441,-1.3600092040703948e-05,0.000543711644041503,-0.00115282635143542,0.4614785302818537,0.5478006162192599,0.28977480000727407
21.060000000000002,1.0,15.0,15.0,1.0,0.011726397889209391,0.022877198712480173,0.1591391032190535,0.018563527005795985,0.038788914584960074,6.498872315104663e-05,-0.0015916765310391673,0.07462888829495423,-0.0022514141176936536,-2.0810470162682887e-05,0.0009211656743511598,-0.00163408793994486,0.4800720472604192,0.5870975141955935,0.27772329224413084
21.659999999999997,1.0,15.0,15.0,1.0,0.01193578917692812,0.023226199311368125,0.15914779499741685,0.018112348785360614,0.03758867809613937,6.357071474392484e-05,-0.0012426617855268302,0.07462909950599232,-0.0022517219531426533,-3.2658807068320674e-05,-8.445097333609208e-05,-0.0023810199365974015,0.6191019739384771,0.7318293546916949,0.3397443920296167
21.819999999999993,1.0,15.0,15.0,1.0,0.01316618522792683,0.02392747651321003,0.15718664680125125,0.017874714066757932,0.03649713252963108,7.296510937619588e-05,-0.0005414316666165426,0.07458132737059556,-0.0022050485216990883,-3.4180420834339464e-05,-0.00028746706819803014,-0.0026635903913060236,0.4801025393151701,0.5638827546394961,0.2871918042689986
22.69999999999999,1.0,15.0,15.0,1.0,0.010553753581593396,0.020922436521128143,0.15905590788331453,0.017869315459927884,0.036846676135199354,7.34789033234424e-05,-0.003546449264663384,0.0746275954117283,-0.002249601093050578,-1.1176452194379058e-05,-1.4961840226659917e-05,-0.0015489462305147042,0.6836506324511245,0.7882519463002399,0.3882143607202918
23.400000000000006,1.0,15.0,15.0,1.0,0.010465743063165991,0.02077564901976508,0.1590475742786156,0.017354874176184042,0.03613152829465196,7.414862276300174e-05,-0.0036932335592134878,0.07462748916445348,-0.0022494575461491154,-1.6738688822265802e-05,-0.0005122706267319255,-0.0016627776447374985,0.6697454308855418,0.7679246160996038,0.39922982880176566
23.900000000000006,1.0,14.0,14.0,1.0,0.01340741430415464,0.021925756078641355,0.1677929594305336,0.01693785796474978,0.037267640494869816,8.463493279732844e-05,-0.002543182792627726,0.07458286294004972,-0.002205109599504311,1.1533209063711424e-05,-0.0005786984719969163,0.00013712198448132852,0.602566783325228,0.7044371069123612,0.35766694484606293
24.19999999999999,1.0,15.0,15.0,1.0,0.01088133082571203,0.02034883387671634,1.3185452575033032,0.009873687492922459,0.0430060486116328,0.0022152260687082754,-0.004705555301558785,0.06840457563980998,0.0027522050394412773,-0.00023494703042594312,-0.007159121904996152,0.005826656280605312,0.5492301906721662,0.6461550991125787,0.3340591018712554
24.799999999999983,1.0,15.0,15.0,1.0,0.010407363158846005,0.02067825418448817,0.15905474008947376,0.015274373472188232,0.03803073305600895,7.45957106882201e-05,-0.0037906484667539564,0.07462745658803806,-0.002249392960188182,0.0001470146039550214,0.0028375775956728383,-0.001099254314755833,0.6289239133600389,0.736069318316408,0.3634226408841424
25.299999999999983,1.0,15.0,15.0,1.0,0.010183164999262254,0.020914049056989622,0.15899207789533917,0.014921545285539945,0.03765575698211503,8.211448308771928e-05,-0.0053826579882422995,0.0746264194176463,-0.0022479291561634113,4.6776141907468524e-05,0.0004577344870907024,-0.0010746997204616868,0.6129936049013246,0.716108854798581,0.3592990137964022
25.400000000000006,1.0,14.0,14.0,1.0,0.011772993404643646,0.021204508568713507,0.16948849209891448,0.01444440595599382,0.037748395020646114,8.64944805956395e-05,-0.005673136706261861,0.07462477901241818,-0.0022465250801717365,1.8301409954678792e-05,-0.00033622865350520226,-0.0005957131808947051,0.4286816070835063,0.5004232505307823,0.2712367319909134
26.799999999999983,1.0,15.0,15.0,1.0,0.010647421228706405,0.023236515803719337,0.15890821550968084,0.013301412175722485,0.03847723379113995,9.367074044372493e-05,-0.007705147536302534,0.07462493297922271,-0.0022458152271408877,1.6589616803879687e-05,-0.0012334700089320083,0.00029462053699867274,0.758444919267104,0.8474745053961998,0.4574774864017216
27.400000000000006,1.0,14.0,14.0,1.0,0.014352654881541133,0.025234190150628798,0.16748415784259313,0.014426795094016934,0.03671554529381417,0.0001216582495638171,-0.009703009489109729,0.07457615147108927,-0.0021975558428288656,-2.247281370264774e-05,0.0010138065938051916,-0.0016021962211333327,0.6399559006053995,0.7362728137665653,0.3932148269308958
27.659999999999997,1.0,15.0,15.0,1.0,0.010516837745596632,0.02258348588542452,0.1589363931413379,0.012703065433472015,0.038986422566142875,9.036358317418765e-05,-0.00705211902739173,0.07462536592168681,-0.002246421735536304,2.3130324905794655e-05,-0.0015566154311580233,0.0012993554576924086,0.541889944129761,0.631321163533368,0.34380250068625856
27.799999999999983,1.0,15.0,15.0,1.0,0.010952909195796622,0.024764084514479073,0.15885307084288242,0.01309249289417123,0.03920475810823538,0.00010155040113495013,-0.00923273119346545,0.0746239623779584,-0.0022444305363464243,1.362698459046914e-05,-0.00010165945515039354,0.0010721153830258769,0.4470366832075927,0.5319005669381609,0.28523703799252437
28.22,1.0,14.0,14.0,1.0,0.012024471293239877,0.022085069243911026,0.16944863527219725,0.014258382603475039,0.039676938027691976,9.098438270961283e-05,-0.006553722279127452,0.0746236571659452,-0.0022453530868600524,1.9803525768083245e-05,0.0010155191232633365,0.0012384316557215009,0.5390824815344035,0.6583223601893071,0.2962491723041087
28.560000000000002,1.0,18.0,18.0,1.0,0.010486633521032754,0.021781073271026744,1.1576595378251244,0.008465996574597767,0.04317803767619801,0.002071345978400043,-0.006144724053342342,0.06867499737726303,0.002400249310411745,-0.00024959935856217527,-0.00546588917956331,0.004372182657602531,0.5957175158469262,0.6984071715575932,0.351467951551288
28.960000000000008,1.0,15.0,15.0,1.0,0.011300675674358442,0.02650296782660883,0.1587801575247326,0.01451603556336014,0.038288542119670074,0.00011071902496038865,-0.01097161377227754,0.07462281524658904,-0.002242820144036171,0.00013522793688418473,0.00460052756343983,-0.0020516155218051365,0.5573665271551608,0.6714217701440824,0.31071624788499747
29.159999999999997,1.0,14.0,14.0,1.0,0.0135156613677332,0.02230465779746196,0.16761708988442242,0.014744426197488598,0.03806130518583325,0.00010593339096318844,-0.0067734771920077794,0.07457892699511084,-0.0022006701940899057,5.7562384307466644e-05,0.0015725306067231465,-0.0016356430341225806,0.46712936873962657,0.563944967904141,0.2666928276781279
29.419999999999987,1.0,15.0,15.0,1.0,0.011284001164163969,0.022461820621455082,1.3230129221020703,0.007187991242437254,0.04474081187748017,0.0022741896680810374,-0.006817994541738349,0.06810928099481219,0.002986240651501132,-0.0002201607575835103,-0.006873523310241311,0.005478732112998894,0.4997266465974374,0.6048801271120624,0.27973265207393405
30.19999999999999,1.0,15.0,15.0,1.0,0.011392095237062425,0.02012441888156121,0.1570944354391438,0.014028835610670615,0.03672317898579014,9.025951960661523e-05,-0.004344529342231328,0.07458027916719577,-0.0022027309398365835,0.00012429525001159906,0.004028739647507551,-0.00406869264146709,0.665965486260002,0.7736219693012775,0.3701289262057059
30.400000000000006,1.0,15.0,15.0,1.0,0.01042828531203749,0.020713161694107952,0.15905032056957982,0.013137100176495503,0.036227263140310155,7.443518724548663e-05,-0.0037557275789289442,0.07462745167304612,-0.002249402712827101,3.7787045619657855e-05,-2.1585831633808006e-06,-0.003060662908681033,0.5116816175112427,0.5980625297622277,0.30990498765882224
30.919999999999987,1.0,15.0,15.0,1.0,0.011399805925672113,0.02033097479193203,0.1570764295054466,0.012742670373852738,0.03511321301895022,9.247322234154682e-05,-0.004799751558380883,0.07458012036655773,-0.0022024265566311513,6.128301009676596e-07,-0.0003549464874220559,-0.003226182174163638,0.6007188084892796,0.7093724783022397,0.34000711406748446
31.75999999999999,1.0,15.0,15.0,1.0,0.011183024698281573,0.021971505678300095,0.15909919275710072,0.012892160216395889,0.03622830862875578,6.881541585478592e-05,-0.002497366230466124,0.07462826961292503,-0.0022505582302115093,1.8281007506268376e-05,-3.9522362054483784e-05,-0.0010142121885279283,0.6880609651482593,0.7881113676269853,0.40176521103567747
31.919999999999987,1.0,15.0,15.0,1.0,0.0102979871011321,0.020495685633451853,0.1590423820399478,0.011844738961243247,0.036010790253635856,7.543715379690844e-05,-0.003973206569555392,0.07462730735645125,-0.0022492006266300185,3.0509928544177056e-07,-0.0010012441175206166,-0.0008242294662591836,0.49817639498139277,0.5745008014341368,0.3173700343671362
32.31999999999999,1.0,14.0,14.0,1.0,0.011728473251181695,0.020698749507944737,0.1695850502588585,0.013035340913092662,0.03527843145906864,7.715653341544943e-05,-0.003770142278548809,0.07462724960657177,-0.0022490948775153174,-7.300819031530112e-06,0.0007570535884957735,-0.001295391813379102,0.5408838609323166,0.6516053146447293,0.30727793000749604
32.359999999999985,1.0,15.0,15.0,1.0,0.01145952946271387,0.020269729188018636,0.1570926737861846,0.012960506825451013,0.03532486216793837,8.955784784918667e-05,-0.004199206877668159,0.07458029216153025,-0.0022027976033550944,-5.435656325170242e-06,0.00020437059812104807,-0.0008508484143642432,0.3965150267031058,0.45983030890977855,0.25651429537141596
32.51999999999998,1.0,15.0,15.0,1.0,0.011755993460446972,0.020905500224282517,0.1571053054015898,0.013633956847259413,0.034707643679577564,8.652043753594495e-05,-0.0035634236980585632,0.0745804575798178,-0.0022031770986853452,-1.0208238343681428e-05,0.000760940348815492,-0.0012497689391620923,0.4120655366718642,0.5051884843057265,0.24223598949975236
33.400000000000006,1.0,15.0,15.0,1.0,0.010276992350082394,0.02138375700497407,0.15896059565567985,0.013444501720801577,0.03442662607900913,8.440157142761552e-05,-0.005852344306875893,0.07462605515998721,-0.0022474502074547736,-9.21963930301719e-06,0.0002687756726014179,-0.0012281948121528926,0.6774295927896427,0.7864589592872171,0.37091248260417753
33.5,1.0,15.0,15.0,1.0,0.010354447629232008,0.021771273047421862,0.15894629098340016,0.012234381604469345,0.03428642554316175,8.63094190995603e-05,-0.006239862919703358,0.07462580005776312,-0.0022470917708609026,-6.79316020965777e-06,-0.0011392225941027206,-0.0009127500527323514,0.4647741195558193,0.5334949634025121,0.290974082763166
34.69999999999999,1.0,15.0,15.0,1.0,0.010231814302220088,0.021157651277985533,0.1589701358469237,0.01463652454934065,0.034880304997311685,8.329687507222258e-05,-0.005626239445166704,0.07462621059872418,-0.0022476646719375715,9.241665853447142e-06,0.0018491593040300958,-5.3591445569279365e-05,0.7337626507849571,0.8281467357314285,0.43331785116758853
35.099999999999994,1.0,15.0,15.0,1.0,0.011506051373749453,0.020863030246330256,0.15704813650280566,0.015797445082471006,0.03286355729641241,9.508993863240216e-05,-0.005331787403116291,0.07457992229950089,-0.002202060696105103,-2.9256742862871117e-05,0.0014684330494195985,-0.0020470895142817563,0.5996030878687748,0.6929330269794658,0.3715481698677863
35.66,1.0,15.0,15.0,1.0,0.011869497639823309,0.022680598869514252,0.1570062890270103,0.014341264288050238,0.03356003980745774,0.0001042398125804695,-0.007149368118023068,0.07457942618382864,-0.0022009570004231857,-3.9512657831536e-06,-0.0009431615189381681,-0.0005901320912175599,0.625416313365092,0.7288305370503608,0.37209587940326133
36.56,1.0,15.0,15.0,1.0,0.011425142841011454,0.02045803499021688,0.15705830994720724,0.016528173295094973,0.032972368611486905,9.309491102846531e-05,-0.004926791010335825,0.07458003869624963,-0.0022023113565767666,-5.824771717118787e-06,0.0018556753926752129,-0.0009586526741717984,0.7016050088108078,0.798499561522845,0.42108102071680603
36.69999999999999,1.0,14.0,14.0,1.0,0.013298715075291097,0.02154528436705348,0.16762198788726757,0.016308403257189935,0.03296264743171555,0.00010196352218300205,-0.00601405357801917,0.07457951544805619,-0.0022013723166566935,-3.0989132481758566e-06,0.00019069995262445405,-0.0005653017406649177,0.47468187223270264,0.5488553999180621,0.3077609607072696
37.099999999999994,1.0,15.0,15.0,1.0,0.010229138784467958,0.021144259038927773,0.1589669613795159,0.015212003696599776,0.03422948283330961,8.323150431734357e-05,-0.005612841434225008,0.0746262071261091,-0.0022476671253057884,1.813675716549456e-05,-0.001023832563663063,0.000875579115876486,0.5599875047763063,0.6685849042350909,0.32779361963173165
37.25999999999999,1.0,15.0,15.0,1.0,0.010895766658809402,0.021492664896884856,0.15906815760258047,0.017311511633143015,0.03455365656069361,7.09154130916893e-05,-0.002976194733749149,0.07462793224558278,-0.00225009738599629,2.1526342819254765e-05,0.0016714883328421554,0.0009127304362507747,0.46416941093523223,0.5525580084822388,0.2810667887423327
38.5,1.0,15.0,15.0,1.0,0.010254133243001253,0.021269363110013897,0.15896051703648523,0.017770427538733573,0.03449854094812686,8.384168742429662e-05,-0.0057379456228433875,0.07462612947522781,-0.002247555196798437,9.566583380685688e-06,0.0013001336110537304,0.0005995392829607044,0.7389973358659607,0.8329624952219064,0.4352004456885797
39.56,1.0,15.0,15.0,1.0,0.010667137599556197,0.02333511304924972,0.15886953718673916,0.0175099358805456,0.03214805669958955,9.417230004237866e-05,-0.00780369056966891,0.07462473114540277,-0.00224561336783035,-4.113040242063881e-05,2.7300726103823836e-05,-0.002011773506802088,0.7346525504004838,0.8222747322907146,0.4605153073593022
39.72,1.0,15.0,15.0,1.0,0.010733899666329365,0.02366896094664763,0.1588501920341782,0.01830402950154489,0.031021053236329303,9.588081804422077e-05,-0.008137531612990185,0.07462448703209194,-0.002245284896018402,-3.075902203615588e-05,0.0008098245337995053,-0.0022123111582503636,0.5103138811539701,0.5819041151909062,0.3436911302604865
39.859999999999985,1.0,15.0,15.0,1.0,0.011527590503038813,0.020970783095556993,0.15704041063502938,0.01699638832710901,0.0321468222531246,9.562350001595026e-05,-0.005439533915201479,0.07457987587574225,-0.002201981491796276,2.5160690048861567e-06,-0.0010569160187027526,-0.0003259388676547313,0.43760929559841966,0.5216105683282505,0.2851796518809839
40.06,1.0,15.0,15.0,1.0,0.011701943346837256,0.02184275830944738,0.1570213532182368,0.017251004630947118,0.032911285761039036,9.998475783858374e-05,-0.006311517110148751,0.07457964601741095,-0.0022014585883358,1.4693601098686969e-05,-0.0002227047916321806,0.0005324564784109599,0.4503950646326986,0.5527397666384614,0.2669304240420185
40.25999999999999,1.0,14.0,14.0,1.0,0.01402476657374119,0.024086574204864302,0.16751079241359543,0.017627077003690584,0.0330709340559146,0.00011542818202369736,-0.008555353459855041,0.07457712438401162,-0.0021986840500318114,1.0618983745248889e-05,0.00034939380758575167,0.0005499988096226206,0.43718721875218736,0.5418094487802495,0.2440385463112188
40.46000000000001,1.0,15.0,15.0,1.0,0.010746553240344504,0.023732234245881015,0.15885837516470613,0.017191434522231246,0.03294949694380223,9.620605695527634e-05,-0.008200820142617289,0.07462448859097831,-0.002245261291530229,5.1704945914689965e-06,-0.0002869881573866334,0.00029455881831940605,0.4595454719225065,0.5642221613567605,0.25396357956674626
41.46000000000001,1.0,14.0,14.0,1.0,0.012200186219749996,0.022700190716220793,0.1693904026885809,0.01646167676465733,0.035295837113767235,9.41713124175738e-05,-0.00716880600169658,0.07462275152226139,-0.0022444366039509403,4.019409643271372e-05,-0.0008887079270282483,0.002566018011727674,0.6885733770489105,0.7942255249552157,0.3771230817682332
41.66,1.0,18.0,18.0,1.0,0.011879160560074731,0.022888720130917306,1.1626106818879622,0.008400954505594109,0.03888458935957483,0.0020968692680521,-0.007250384099904113,0.06844943091875523,0.0025945379361345046,-0.00023641731327371778,-0.008244203299486219,0.005186994500834798,0.5733004440650289,0.6525628663249299,0.36693150392414414
42.29999999999998,1.0,15.0,15.0,1.0,0.011731957504081632,0.021992845686584078,0.15702666482759836,0.014036279354569577,0.03401255144640581,0.00010074283984420403,-0.006461616922771215,0.07457963036697987,-0.0022013879505833264,0.0001244684181682344,0.0027469451186239724,-0.001588941144507673,0.6294000555271653,0.7414774266712969,0.35831935585449975
42.41999999999999,1.0,15.0,15.0,1.0,0.012064673627344738,0.023656514815211076,0.15698107067156947,0.013084845880448304,0.033274608699143615,0.00010926552395434857,-0.00812528582941154,0.07457914467592688,-0.0022003521513984034,3.375842519892473e-05,-0.00018294073704371028,-0.001757948791673805,0.46182964332345156,0.5359071636842784,0.2886040695747708
43.19999999999999,1.0,13.0,13.0,1.0,0.01175993027247504,0.022868595680999776,0.3510568808359822,0.013601046828938644,0.03436928267585145,0.00017611914336888921,-0.007334869599358072,0.07518672786762602,-0.0027088459180651184,6.163408225491954e-05,0.0004039919098104555,-0.0001560160009928327,0.6294029660272241,0.7442950398246416,0.34078926436530255
43.5,1.0,15.0,15.0,1.0,0.011311250121120086,0.026555841251258542,0.15876413699771474,0.012493584826139983,0.03496314993269766,0.00011100016941100617,-0.011024462357853398,0.07462269472380194,-0.002242702002750903,-1.3713117182588552e-07,-0.0008773348848302998,0.0004909902622628479,0.5650385649434182,0.658726303314993,0.33846516171632685
43.599999999999994,1.0,14.0,14.0,1.0,0.012472739499204535,0.023654226048065635,0.16933736800756644,0.012750799998548026,0.034525053323765195,9.918922059919175e-05,-0.008122846013071972,0.07462147297988536,-0.0022431162748747374,-3.0398562214130342e-06,-0.00014248119740946363,-0.0001143407403674905,0.4136890490952735,0.4866950146427305,0.2607608792029885
44.19999999999999,1.0,15.0,15.0,1.0,0.010956117881719905,0.024780129955979318,0.15883000044892742,0.013482881631778812,0.03461102830398833,0.00010163332924839995,-0.009248738075692828,0.07462384332145257,-0.002244328039240899,4.0580525272060353e-07,0.0006979299944291917,1.5568181479914088e-06,0.6137317832224441,0.727088531888437,0.34046881436563803
44.47999999999999,1.0,15.0,15.0,1.0,0.012388172018111336,0.025274026418761676,0.15694712900766636,0.012339313557577718,0.03464140696936544,0.00011773576804645948,-0.009742813355986299,0.07457872709801744,-0.002199389292541841,-4.594757393077201e-06,-0.0009360222537263402,3.1436482051558964e-05,0.5345466666709495,0.6304286640053234,0.3108177178850429
44.599999999999994,1.0,18.0,18.0,1.0,0.011513951155320563,0.02544882861915543,1.1677047698647822,0.006819465593986517,0.03935567502514136,0.0021663479098420614,-0.009809852379988174,0.06817723384203886,0.002788087521419444,-0.00023766761230240886,-0.005867270173261524,0.004735778781693536,0.47826758265922314,0.5646820580886202,0.30061286889960664
44.79999999999998,1.0,15.0,15.0,1.0,0.011017221710911402,0.025085662846731163,0.1588185940006767,0.012704667097686702,0.03451760141773966,0.00010323076793679994,-0.009554272687290774,0.07462364208688416,-0.002244045350967644,0.00011470915047306213,0.0033260700007833877,-0.0015257819433427237,0.43833923571013583,0.5422913016748507,0.24781381180119366
45.0,1.0,15.0,15.0,1.0,0.012182106580740409,0.02424369045486041,0.15697233153272275,0.012783385350950267,0.034472588791553335,0.00011232166818237869,-0.008712472861823483,0.07457901088006824,-0.002200017015397314,6.195535664221818e-05,0.0015710585935043708,-0.0011928242724895887,0.4506150266826131,0.5568393197197287,0.246284785229309
45.25999999999999,1.0,14.0,14.0,1.0,0.012453831371441211,0.02717651093898893,0.16814846298818892,0.014360776554946542,0.03450595527480836,0.0001322539516968878,-0.011645328624009877,0.07459698828064806,-0.0022124366896832115,3.537503516456118e-05,0.0023774627334491594,-0.000866155170885784,0.4693941638819956,0.5801151214814307,0.24565547784822608
45.599999999999994,1.0,14.0,14.0,1.0,0.012183795750573054,0.025286262925765163,0.16831078942449812,0.012309901058762803,0.035122334816538675,0.00012175824100374613,-0.009755078244065773,0.07460098444994712,-0.0022162180332358228,2.4310136599063267e-05,-0.0011192776137560756,-3.5308948537186684e-05,0.5179775601475712,0.6320888838442374,0.27056193077675594
45.859999999999985,1.0,15.0,15.0,1.0,0.012527994680970985,0.02597314038852232,0.15692766334123606,0.01360314498072901,0.03464468626781462,0.00012144306722236265,-0.010441927714172518,0.07457853098764955,-0.002198960478804933,6.802103748643554e-06,0.0009055788914894419,-0.0005032418907087834,0.512714884851336,0.6154859711523497,0.28187704014964493
46.06,1.0,14.0,14.0,1.0,0.013019614577392539,0.02556836938475684,0.16923192436618906,0.012810557947114276,0.03494242837900513,0.00010948109273052968,-0.010037005933180033,0.0746189488919473,-0.002240500139647994,7.74510837791946e-06,-0.000458557945988633,-6.35240719901748e-05,0.4557090119656504,0.5550157278937321,0.2519278175240658
46.79999999999998,1.0,15.0,15.0,1.0,0.010934666574053948,0.024672867507932312,0.15884161507106476,0.014020126934374903,0.036281423829983304,0.00010107431760268994,-0.009141487829538664,0.07462395230816715,-0.0022444582563961105,2.650629909243911e-05,0.000974137210728393,0.001291526740586167,0.6558098186189664,0.7650197018430496,0.3598062985178152
47.0,1.0,15.0,15.0,1.0,0.0108052750114044,0.024025867338740108,0.15886758751912486,0.013447921297573022,0.0363545067372242,9.771886712511775e-05,-0.008494485413549475,0.0746243746240475,-0.0022450538062239664,8.361010555920853e-06,-0.00036634526175635673,0.000899664170883949,0.5092482826840937,0.5966561044271771,0.30495388574133886
47.79999999999998,1.0,15.0,15.0,1.0,0.010552711481258631,0.022762892579100268,0.15891426858710592,0.013857044567272105,0.03601008589465536,9.126754169917528e-05,-0.007231500282506014,0.0746251879286864,-0.0022462073907349024,1.4709506160892616e-06,0.00021615084646603444,0.0002810154559267763,0.670702175083226,0.7754633283496328,0.38299882947030706
47.96000000000001,1.0,15.0,15.0,1.0,0.01236618109608753,0.025164071171291436,0.15695735493255883,0.014195649634510962,0.036514854627040724,0.00011715528845420162,-0.009632871223215333,0.07457880907213768,-0.00219949808758136,4.5378330234685516e-06,0.00047308552907053547,0.0006780525715500241,0.4941764691051481,0.5729919391924818,0.3085115229045126
48.359999999999985,1.0,15.0,15.0,1.0,0.011272535239575164,0.026362264040384713,0.15877871300668112,0.014453159786676516,0.036858729738317504,0.00010997017558577183,-0.01083089733703465,0.07462286926059908,-0.0022429191002107805,9.238194522852641e-06,0.0005028778910572823,0.000813103141525925,0.5571178160828254,0.66682529149091,0.3180604288637504
48.96000000000001,1.0,15.0,15.0,1.0,0.010992968590714183,0.02496439104931834,0.15884361871175345,0.01583455247420426,0.039484750201062166,0.00010259665521233776,-0.009433037863238581,0.07462383868395052,-0.0022442518419761442,5.0296403540983636e-05,0.0014981670880181847,0.0031807762573771185,0.6300949886745469,0.7376195888220001,0.35687265101482596
49.359999999999985,1.0,15.0,15.0,1.0,0.011020274874308036,0.02510092797806894,0.1588438838738494,0.016676179504698806,0.0408554096213473,0.00010331164802846593,-0.00956958659984259,0.0746237832475817,-0.0022441533718525336,4.378424828433043e-05,0.0012397032369343558,0.0034163059515138466,0.5826953403472458,0.6848101241956551,0.33983241973923795
49.75999999999999,1.0,15.0,15.0,1.0,0.012135222849282762,0.024009267774340842,0.15698634270052977,0.015972680897822784,0.03678688742767027,0.00011109915105185085,-0.008478065031692815,0.07457913553755027,-0.002200208433705997,-5.276582182281789e-05,-0.0003546918280128014,-0.001813124899271548,0.5744743173872169,0.6797938029231018,0.3323214932742684
49.96000000000001,1.0,15.0,15.0,1.0,0.010358798556628223,0.021793036844364934,0.15895397964614683,0.01651099369268485,0.037130479270597226,8.641741516988728e-05,-0.006261644972073464,0.07462583919407544,-0.0022471148218624337,-1.1998016755871907e-05,0.0003408169674272571,-0.0008668585190453594,0.48884466069579935,0.5823114468730722,0.2914169971775312
50.16,1.0,15.0,15.0,1.0,0.012102918597841707,0.023847743173549905,0.15699775585885561,0.015830415709319794,0.03821678112825479,0.00011025894889832595,-0.008316552487961435,0.07457921717561239,-0.0022003368971241707,5.965137165567236e-06,-0.00046045848132782174,0.00047172081271534616,0.4654475666439835,0.5645720463685501,0.2702670444908966
50.96000000000001,1.0,15.0,15.0,1.0,0.01226420210042513,0.02465417309487201,0.156955277893757,0.014313787023244921,0.033550894429454546,0.00011447089143454095,-0.009122947575493917,0.07457887038316127,-0.0021997447252601124,-6.793217236472117e-05,-0.0016865557659679065,-0.004321711628664115,0.6658828578190465,0.77383698958337,0.3695052614340492
51.120000000000005,1.0,14.0,14.0,1.0,0.012794100437831366,0.024779048159527948,0.1692661503584799,0.014887456386226829,0.03342481911499633,0.00010520437170011762,-0.0092476643709109,0.07461995518471565,-0.002241551236780437,-2.3499632409608798e-05,0.0001967560812582425,-0.002850950469098285,0.47529941883597765,0.5549164797092782,0.2876574254038186
51.51999999999998,1.0,14.0,14.0,1.0,0.012607165698599257,0.024124747816374862,0.16929847349809576,0.014857477145286188,0.032534968793707146,0.00010169298381853521,-0.008593352427140228,0.07462080156986667,-0.002242432342058849,-2.505013792450557e-05,3.436662191128037e-05,-0.0029206964591597484,0.5429904362164321,0.6537532293863433,0.3031483913618474
52.120000000000005,1.0,14.0,14.0,1.0,0.013965892315624633,0.023880511754983277,0.16752108850244268,0.013771004821931504,0.03245217659333309,0.0001143184376643407,-0.00834928949726032,0.07457730335610097,-0.002198890087108288,-1.4721999872638336e-05,-0.0010828180438788304,-0.002118090712908152,0.617188143742414,0.7263003634925185,0.3439184504831589
52.66,1.0,15.0,15.0,1.0,0.012131192534065777,0.023989116526523364,0.15696567737987327,0.012229928724383225,0.03175257116794115,0.00011099356602664549,-0.008457877680741601,0.07457901163080663,-0.002200115996235291,-1.5588912690453136e-05,-0.0018336521657748434,-0.0020890784042323115,0.6290742453092765,0.7314488255344632,0.36774526771760624
52.72,1.0,15.0,15.0,1.0,0.01055545318996876,0.022776605688024906,0.15889177446839145,0.012887787934757151,0.031194194231783056,9.133605302856924e-05,-0.007245177735413798,0.07462507936834264,-0.002246114283516166,-9.905654264852522e-06,0.0001252771078721071,-0.0018794354325795686,0.4271330836529401,0.48557400736983947,0.2813144842692153
53.06,1.0,15.0,15.0,1.0,0.01186048598324627,0.022635538523794473,0.15699849840873464,0.012960608931998517,0.03146985172961807,0.0001040092328689012,-0.007104293164871661,0.07457938914070249,-0.002200944446941147,-4.033450594159715e-06,0.00013295783643389736,-0.0010751266304168347,0.5190647691623674,0.6316735583235787,0.2935483202282914
53.400000000000006,1.0,14.0,14.0,1.0,0.01235859918158086,0.023254702152104914,0.169345702249555,0.012206679266345973,0.03157813363719565,9.707716336759725e-05,-0.007723295970190912,0.07462193594979125,-0.002243611134320027,-1.1294631245377384e-07,-0.0006849538620972428,-0.00065125651891389,0.5214527399515497,0.6333703013767373,0.2853270880891151
53.900000000000006,1.0,15.0,15.0,1.0,0.011530566156819608,0.02098566794278308,0.1570419814514878,0.013054552232576191,0.03162856481907351,9.569738238706678e-05,-0.00545441898570792,0.07457986201568602,-0.0022019645460014045,1.4529567282858813e-06,0.0005240048168707184,-0.0004150998459921066,0.6021320228740551,0.7113370355142855,0.3346973262111841
54.19999999999999,1.0,15.0,15.0,1.0,0.010197488538468163,0.02098579580146346,0.1589619114935025,0.011833949659448704,0.031062206079486374,8.246101444191313e-05,-0.005454357099877858,0.07462625424176013,-0.0022477674877476005,-6.5254044530563965e-06,-0.0010692416068262683,-0.0008427807136859728,0.540610884611076,0.6502354193669041,0.31182470741983626
54.56,1.0,14.0,14.0,1.0,0.010196534066674411,0.021373654142788225,0.17060654804826542,0.012856406597304991,0.0302874016807703,8.669839164149178e-05,-0.005842172311229773,0.07466021274352075,-0.002273231766506255,-9.97900582933725e-06,0.0006608003816610808,-0.0013546799370888372,0.5341996097851174,0.6431287670286869,0.2975890048608561
55.5,1.0,14.0,14.0,1.0,0.013639655508131187,0.02273865701827345,0.1675706975343994,0.012610565172704301,0.03219981068869141,0.00010822294883805909,-0.007207429254185898,0.07457837377320702,-0.002200094823251418,1.4986924161223061e-05,3.250556631284596e-05,0.0009609067303951663,0.6883436963372344,0.7908323054413198,0.39169213781628137
55.69999999999999,1.0,15.0,15.0,1.0,0.011677106851047227,0.02171855972626581,0.1570172166274353,0.013458626453947062,0.03057738253685727,9.935898106793264e-05,-0.006187304782246265,0.07457962958539559,-0.0022014932995798563,-1.4210965605306394e-05,0.0008227380939545698,-0.0010378905103425237,0.528166216101365,0.6096096116868165,0.3327182136380955
56.099999999999994,1.0,15.0,15.0,1.0,0.012230491032665372,0.0244856162028799,0.15695311853118277,0.012481293536267785,0.0318696683678053,0.00011358683848562026,-0.008954379287730326,0.074578873588146,-0.002199812460997382,6.511979464525822e-06,-0.0005695723395061358,0.0005995067793992202,0.5646882550748537,0.6723780403513627,0.32913449231359265
56.400000000000006,1.0,15.0,15.0,1.0,0.011039469973368419,0.025196909022271598,0.15880444603066,0.011761951474713058,0.0322969884560489,0.00010381366268830911,-0.0096655035053843,0.07462351600953084,-0.002243899762188077,7.719421110830016e-06,-0.0008834240234634472,0.0008291023484512184,0.533494898125995,0.6377489279922318,0.3091800259803116
56.5,1.0,15.0,15.0,1.0,0.010509526651871276,0.022546925484682803,0.15890511763010723,0.012093197152937288,0.031925288348160746,9.01784289558256e-05,-0.007015502253443542,0.07462524556615024,-0.002246338855550617,1.8020576479120184e-06,-7.272609089112314e-05,0.00020075082769584283,0.41982724320978837,0.4982023808375875,0.2585193716959007
56.69999999999999,1.0,15.0,15.0,1.0,0.01086931521345568,0.024346092440244226,0.1588375715732729,0.012415064755664552,0.03246883350169801,9.937510455580655e-05,-0.008814683007178489,0.07462407749817805,-0.002244687867084358,7.618556344055061e-06,0.00034246151240750755,0.0006924579225396957,0.44497080598889377,0.5480309861283452,0.2523177921413789
58.16,1.0,15.0,15.0,1.0,0.012180419292271118,0.02566232167696689,1.3300212574847297,0.006682528893515985,0.04008248941692106,0.002364485638124575,-0.010016179682462533,0.06765040453061895,0.003350951187031888,-0.00022163448866891963,-0.005542897350702403,0.008131490527372495,0.7638049277174658,0.8520288774180445,0.45314313889092783
58.25999999999999,1.0,15.0,15.0,1.0,0.01215947487711876,0.024130530204483393,0.15697570646235037,0.013258676949625308,0.03467068072777125,0.00011173098833109881,-0.008599313386081692,0.07457904758802074,-0.002200090437428401,0.00020510657919133035,0.005710676719428501,-0.0009664639708170208,0.4884239996545509,0.5473392968056799,0.33003557013121126
58.46000000000001,1.0,14.0,14.0,1.0,0.01310510468693601,0.025867590377848474,0.16921618322388216,0.011431998990476028,0.03483321717635077,0.00011111285359627659,-0.010336229598969005,0.07461855052643147,-0.002240088147468261,0.00010399729712293714,0.000819783252565362,-0.0004872705468037112,0.44821028828824794,0.5407637982907539,0.27626260178906215
58.66,1.0,15.0,15.0,1.0,0.01114634444318451,0.025731297540704526,0.15879954566828355,0.012117016555364134,0.035597147610669184,0.00010662680609216301,-0.01019991997096261,0.0746232481159281,-0.002243473244794403,6.798997185505223e-05,0.0010566008690706952,0.00041166078882920275,0.46297304247552645,0.5640149486492524,0.27269709984983476
58.859999999999985,1.0,15.0,15.0,1.0,0.01112714055857464,0.025635275465572996,0.15880469951608228,0.012380195228450921,0.035954226975539114,0.00010612013896987266,-0.010103900006597536,0.07462331938936392,-0.002243568574576263,4.1440033429806025e-05,0.0007204514622266567,0.0006566941033456838,0.4579513534749518,0.5610634994701497,0.26016046415221367
59.25999999999999,1.0,15.0,15.0,1.0,0.011482810026575275,0.027413645019271366,0.15873259114475177,0.012364277857428333,0.03526232820614568,0.00011558904868625734,-0.011882272869156878,0.07462214391651519,-0.0022419197751753286,1.2465610845691436e-05,0.0003634073272717475,-0.00020598382545943547,0.5504662241622248,0.6663430459020611,0.29480853645311444
59.66,1.0,15.0,15.0,1.0,0.010872507473547325,0.024362054205016276,0.15884659185100897,0.011426878006702192,0.03422134372663573,9.945820650371358e-05,-0.008830659238475938,0.07462410782111147,-0.0022447060976386393,-6.328423530578553e-06,-0.0009241916672856204,-0.0011860454259331823,0.5688732961336886,0.6783711993669088,0.3116276423744912
60.19999999999999,1.0,19.0,19.0,1.0,0.013406992502056788,0.030348364778201305,0.34526358339361923,0.013769529932623016,0.009197435560746849,0.004430659976460849,0.18520288096713677,0.07473483669293099,-0.001768292389657665,-0.00022748174640879748,-0.004755235469147634,-0.025839730156138715,0.6695057134683078,0.7711222597952226,0.3958361638597615
60.25999999999999,1.0,15.0,15.0,1.0,0.010332745881412114,0.020553738914592307,0.34154115635796034,0.013166438427495517,0.009114841165215423,0.00014306262020730032,0.234976399067937,0.07375114762584484,-0.0019005266570794167,-9.251682185112964e-05,-0.002497726936208422,-0.015461055896630311,0.39169350682767523,0.45537151664876924,0.2508443623290422
60.41999999999999,1.0,17.0,17.0,1.0,0.017919609182743764,0.031224305459617987,0.40135451222154817,0.012877596309276223,0.004774611498058242,0.00533374753868627,0.36431281703907675,0.07384482630912996,-0.0017333350603481216,-8.864660311486139e-05,-0.004135230171467344,-0.015834658537708827,0.4410081394002697,0.5588227872571948,0.26036803434309297
60.66,1.0,14.0,14.0,1.0,0.012715540783039648,0.03948668601670316,1.408177607671966,0.02032777768898414,-0.00014811549582131265,0.0051062647778198625,0.5560830387678417,0.08048744099894473,-0.00731103395673186,1.0016589741534965e-05,0.0027830439147484287,-0.016415408883021294,0.44196224035367987,0.6052039007163967,0.22967497437476433
60.900000000000006,1.0,33.0,28.0,0.8484848484848485,0.026431205657522706,0.07543519619213303,7.078641981445887,-0.08661440669298348,0.10625303010505739,0.028192507222815803,0.7497172449013229,-0.027254067322269905,0.0989857212090778,-0.0007649128593103516,-0.1079899612121274,0.09359545499778649,0.634759369564159,0.7847225852040489,0.38391420745019816
61.01999999999998,1.0,42.0,36.0,0.8571428571428571,0.03331242015321712,0.07580117246005755,6.9464921332758145,-0.0919497223995518,0.1180817797098791,0.0330341043216155,0.8438566724269536,-0.03310140379930714,0.11057557528538198,-0.00036080263109528055,-0.034328652484920175,0.0756123108263977,0.548374221326843,0.6971255780497115,0.34887987930390446
61.25999999999999,1.0,42.0,40.0,0.9523809523809523,0.04463919908012068,0.10672073956950345,7.7002125722152135,-0.09043497390914736,0.12,0.04848794821591088,1.038976110579413,-0.03241930305030265,0.11238087588689083,9.826750688946007e-05,-0.023026296610519907,0.0525038207746411,0.6051487138011159,0.7978243269566592,0.3528120906702761
61.46000000000001,1.0,43.0,42.0,0.9767441860465116,0.030326708021432558,0.07646450421940075,6.5479070965140105,-0.05056247281959132,0.09687520753917783,0.030569497487802563,1.1891799365215399,0.007454087653828503,0.08942339817584494,0.0006746095875944658,0.02180580740970968,0.011743315286814632,0.587814928737435,0.7874224908491302,0.3410462399461442
61.620000000000005,1.0,32.0,30.0,0.9375,0.025642717290235154,0.05369810591110741,5.573265670636384,-0.015414250512853694,0.06340631625358682,0.021466373297621733,1.2580200913028325,0.04265462797908652,0.05637155225134936,0.0011721239935142957,0.03351849986299487,-0.026423856604001844,0.5381818402415416,0.7479401707895958,0.30804880887603975
61.81999999999999,1.0,31.0,31.0,1.0,0.02150407888612658,0.034768554704111665,4.8591283075676674,-0.012164682125078152,0.053885309189284095,0.015136853202114282,1.3197399864711532,0.045148354412293416,0.048136477699203664,0.0012933344918095724,0.006799556618924819,-0.028393350606341294,0.5745794934419045,0.7816276651780494,0.32472829316731255
62.03999999999999,1.0,27.0,25.0,0.9259259259259259,0.022736757306958608,0.047070070021493805,4.485130424394931,-0.024498235578153633,0.06217001617665381,0.0154778551545651,1.393104101891873,0.033983028312108886,0.05520438175886916,0.0008308260416032276,-0.01606946128279503,-0.010977595350894515,0.5385105049925637,0.7350452504958858,0.2887724845191463
62.29999999999998,1.0,24.0,24.0,1.0,0.022467697510450357,0.05365987888424056,6.092076908632134,-0.06448791102397845,0.10609887348564066,0.016727744447881034,1.4790474986535438,-0.005669629807668275,0.09915530426550416,0.00011919709419583313,-0.05018575208287345,0.03637104651336128,0.5677434971292317,0.7605390843152116,0.30582252785375263
62.5,1.0,20.0,20.0,1.0,0.020281886950764962,0.04964915346728682,6.36199566846087,-0.07259907789995038,0.10071426171950668,0.014427306542835689,1.5441734168143482,-0.013353900897435274,0.093679817353127,-0.00036531082993596087,-0.025542362609462355,0.020739501577726152,0.49708760186173895,0.6672209566449481,0.26444182822706935
62.620000000000005,1.0,16.0,14.0,0.875,0.01294914271708098,0.030112870610128583,4.980373624148858,-0.061439020970456434,0.0224180624461173,0.008758122161812584,1.5757194754475157,-0.004389877813878208,0.016642695995765594,-0.0004025001004135387,-0.0001412326550781157,-0.0625803039311675,0.36133411758086165,0.5010954129499177,0.1864352163406611
64.6,1.0,24.0,24.0,1.0,0.06643827813122956,0.10059015113791159,4.013399861916955,-0.0037444637537692844,-0.12,0.06612439157247203,2.291447354135014,0.3682387683435933,0.904404105554618,0.028142638114295515,0.008344199146674947,-0.1933295621023533,0.8156284926210688,0.8917953868839881,0.5911438056343074
64.9,1.0,32.0,32.0,1.0,0.11473086752344425,0.1830093532872956,5.3366495615807255,-0.025433916872964365,-0.12,0.1171124674774769,2.346327480106525,0.5347359147619893,1.289981064307118,0.01472571406484624,0.005509927177864915,-0.07799221696322611,0.4768554140201619,0.3897698032299073,0.5074227606274975
65.0,1.0,32.0,32.0,1.0,0.016405481247436956,0.035741239458504735,3.6216720454641487,-0.04647250138819108,-0.10139460367236862,0.011839976078304955,2.3669636426949974,0.5791966210331053,1.3961150984827924,0.022003259365762418,0.005960118618259624,-0.019484369120011946,0.7878280621600864,0.7177010119504172,0.37044941900812456
65.4,1.0,34.0,34.0,1.0,0.014787013069666913,0.03771006009232462,2.04756639419903,-0.07555839045531698,-0.03379920527542289,0.010650914529259384,2.352972209182069,0.7698636558009062,1.8085794928183814,0.015940217851019067,0.02291393551756482,0.055893384163700606,0.8408808160337868,0.7038681858236981,0.4126411377492182
65.6,1.0,35.0,35.0,1.0,0.014469342626574561,0.034065942685612534,1.935896364844535,-0.06738854527907916,-0.036617381715361795,0.007966620161593317,2.3010920662390184,0.8534718630988184,1.9809395035356137,-0.0141418067356196,0.01319039290362456,0.030591352481434964,0.7404236210052445,0.6169272346274806,0.36675439372393664
65.79999999999998,1.0,46.0,46.0,1.0,0.014126725226872286,0.03156693316418973,2.1701690960210507,-0.04476752007581828,-0.019580467347591883,0.008370363641146296,2.228096921402311,0.9184244596255101,2.1191681134425013,-0.03099707291115461,-0.0019910191175558367,0.03623669986221412,0.7150930992851531,0.6210341278874308,0.3479167308927923
66.0,1.0,40.0,40.0,1.0,0.013293929781804137,0.03020813049418731,1.6719856126835246,-0.046772227940613295,-0.006313961789481031,0.007240593290038057,2.19421612750991,0.995921672996958,2.083322625877704,-0.008967411585664387,-0.0010162512654282585,0.036271724435256836,0.709339456519256,0.6220088516449179,0.33985670867251183
66.4,1.0,40.0,36.0,0.9,0.012923991238138553,0.03216404021090658,2.0078554416085774,-0.11832881911085207,0.0776933281223279,0.006637980938017117,2.2131538571168585,1.1803688449120153,2.012050686523756,0.0626957437951825,0.017739557384904847,0.10775262731902924,0.8138185531966411,0.7131086739785211,0.4020075570845191
66.46000000000001,1.0,44.0,38.0,0.8636363636363636,0.014003301851070512,0.03367211369176606,3.034130338426088,-0.07148908962539582,0.027244685334493826,0.007540149989989618,2.1607112856853923,1.186495467877666,1.9410864419420044,-0.03126112324727881,-0.016046484722148424,0.015825877070855032,0.5796711418173339,0.4981195277729193,0.31131514262298293
66.6,1.0,43.0,34.0,0.7906976744186046,0.01521062012452724,0.034357336200186835,2.837214079927262,-0.02410403885025882,0.0036835127589318808,0.0077040328240792965,2.1109234210324894,1.2291384019822917,1.8635037210690732,-0.055662703425121585,-0.023939568595025662,-0.01324059286764312,0.6643264275745586,0.5307581165118801,0.2999649453325157
66.85999999999999,1.0,37.0,27.0,0.7297297297297297,0.012663961419140427,0.028597871031172502,2.7071076318243956,-0.03650576054816677,0.054243977886677765,0.008364014576099074,2.1213614127258844,1.3386718293917914,1.7475123774345611,-0.0028301932560088616,-0.010715521094905478,0.04023958718363585,0.7384291365031004,0.5797423491477348,0.30381676394825985
67.0,1.0,29.0,25.0,0.8620689655172413,0.014099691636656668,0.030130797009640525,2.1106096814984827,0.006820841803108593,-0.016344403858390595,0.006889042412545567,2.090603758059745,1.3926139484764692,1.5852884643389675,-0.04153769150955977,-0.009399869310966036,-0.042617074889034656,0.6666414785089073,0.49539397597894075,0.27151941550173847
67.19999999999999,1.0,34.0,26.0,0.7647058823529411,0.027912047899811047,0.13728514562600724,5.697752023473648,-0.015367641912603208,0.006977574978998211,0.03823931914699421,2.1401062474035504,1.5084613010445103,1.4753907779714883,0.009967902442736598,-0.005713619928473079,-0.0084634616159871,0.7127949589026218,0.5414172869343046,0.29430626854203573
67.46000000000001,1.0,36.0,24.0,0.6666666666666666,0.014720393898072207,0.0329102286526941,3.964303962744296,-0.019047143947102465,0.014313104046216715,0.009048775041875156,2.2075956352520434,1.7056858764171334,1.3347185404892576,0.008459973217942895,-0.006506583107098951,0.0017178524010259546,0.7388647438794147,0.5708100752603807,0.30101072548748947
67.56,1.0,44.0,39.0,0.8863636363636364,0.026933055207167624,0.08253609091788897,6.1272649211840955,0.027648468222241908,-0.07281593983239303,0.029234096705243035,2.1941839934331524,1.7947110226437686,1.2098847574749347,-0.04195444720730945,0.009632439450704355,-0.08546301450844163,0.6816177086689978,0.5468491987526853,0.32554276162333984
67.85999999999999,1.0,36.0,29.0,0.8055555555555556,0.027822571915572924,0.07401001288171044,6.837016379959723,-0.022081807637908697,-0.000590582063587576,0.026518527887797783,2.3114734605645184,1.9342836021341727,1.2262053236994477,0.031280376690736134,-0.011043478989799294,0.013102429270011706,0.7888651113031457,0.6358055835346417,0.3424564667167851
68.0,1.0,61.0,57.0,0.9344262295081968,0.03738022046013637,0.09812496768843558,6.295270527380536,0.04733604393674813,-0.12,0.042370803817415474,2.2584472576244874,1.9932736847028274,1.080937362103037,-0.0592289375203765,0.022479432446778302,-0.109873597243346,0.7107056729951056,0.5779969397425946,0.33121101025624394
68.19999999999999,1.0,53.0,46.0,0.8679245283018868,0.04528744468368356,0.09535409381334092,4.712439130658853,0.05204936416805996,-0.12,0.04782603720197451,2.2821871691328046,2.053284197207289,1.0622009915816841,-0.022863957699609028,0.010114539882909668,-0.07436271464384103,0.7288022282599615,0.6082136174509721,0.3328747202648825
68.46000000000001,1.0,45.0,42.0,0.9333333333333333,0.04888856834986036,0.1574219545837104,10.650359818278716,-0.2,0.08632329393142574,0.056752339841412675,2.551186274124064,2.0305412964451994,1.2564844443577952,0.2213457287051641,-0.09236416244279155,0.1563480101880872,0.7027797010612064,0.5953865315399485,0.3551751252177945
68.6,1.0,40.0,32.0,0.8,0.025879277845678776,0.05956458935160753,7.212461248621257,-0.2,0.050417731778954276,0.023502002237881403,2.5674568523803782,2.0739385348306087,1.2151531186353297,0.05887936441340935,-0.02288531964430307,0.06872818636644107,0.6847520514671709,0.5890220043984348,0.32087816142981046
68.78,1.0,53.0,47.0,0.8867924528301887,0.023667522060387795,0.05196551771275846,6.09738081135749,-0.18955162706353007,0.0324296258281113,0.021124823467574702,2.5811901486210234,2.1305983695392063,1.193948258015534,0.007906190469066932,-0.0027642747172724746,0.029653954482041556,0.6896959915307594,0.5879997079193505,0.32056165717492946
68.96000000000001,1.0,55.0,52.0,0.9454545454545454,0.02418824115915471,0.06650157776480188,5.402729475692026,-0.14776994346184152,-0.0006985473613592846,0.023941901810695408,2.5679382938261774,2.1994135385363953,1.1596647604856485,-0.03531272354281967,0.015393553771670732,-0.012844759378942472,0.6971342042669151,0.588679864972687,0.320422904315566
69.16,1.0,51.0,48.0,0.9411764705882353,0.024442924044038843,0.06303609044886166,6.966462320238124,-0.14988253350478517,0.00804630382048364,0.02101361418371534,2.596408329169793,2.2600440018292742,1.1672920295875313,-0.007495160822172053,0.0031718956928123987,-0.0005929011570744436,0.7076338677834224,0.6038550913647549,0.3279654818308011
69.35999999999999,1.0,44.0,44.0,1.0,0.026664543388085635,0.07379559244355448,5.454350637121263,-0.1333863799827908,-0.008900552299484053,0.02543580251511912,2.6065629598734676,2.324885629891643,1.1502432894694783,-0.016646275415238776,0.0072249353756999035,-0.017487437000762274,0.7067488999617373,0.6060244278449611,0.33136161416052057
69.56,1.0,28.0,25.0,0.8928571428571429,0.02534802024746588,0.042292840996056215,10.356141932568525,-0.09229830401475556,-0.04724909442774302,0.022444030589041496,2.595440423146379,2.401944325151507,1.1124449944023966,-0.04204026363039226,0.018415654735328246,-0.05035452911164473,0.6516124634280127,0.5470245356180065,0.2804818210734792
69.75999999999999,1.0,32.0,32.0,1.0,0.025356354964245265,0.05265058278759558,5.909406824282456,-0.09058769651939334,-0.04770329121400098,0.0236059639306891,2.621356873428832,2.4622432554749607,1.112819862594909,-0.016040284203628907,0.007160279474583753,-0.037512195689661576,0.7121980142433172,0.6202013420080582,0.3448676443442121
69.96000000000001,1.0,26.0,21.0,0.8076923076923077,0.024177436363985658,0.04181858774480854,4.232260096803011,-0.08005186637961342,-0.06045285978688366,0.01999714740817084,2.6381350544856415,2.525565116113559,1.1018581244971162,-0.015402934503503829,0.00695025979271513,-0.03765615994648752,0.6072595098798698,0.507629467327974,0.2516815733191654
70.16,1.0,35.0,35.0,1.0,0.021951359740056634,0.0757832668015823,5.845500332413448,-0.03926477687668548,-0.12,0.023633802881734948,2.618245490574044,2.6077802311568115,1.1491844978959351,-0.04379561458210368,0.023305308114959455,-0.08802888396408148,0.7216665752807182,0.6273024582063923,0.35517431583945674
70.35999999999999,1.0,31.0,31.0,1.0,0.022279221731772075,0.052294855418597,2.3489828822600476,-0.12297168530929775,-0.018606610508600185,0.019939487621960128,2.7059776479632145,2.6611590820267996,1.3755908889783974,0.06800753576785423,-0.0027820335878763203,0.04369498567288521,0.7063354147148018,0.5919755423901082,0.336140970726004
70.56,1.0,26.0,26.0,1.0,0.02224558865034435,0.052272753816980926,3.8704382290499555,-0.10793450524618818,-0.014115124076875136,0.02328251473098503,2.688203981474791,2.735120552008625,1.4992303180046136,0.003958461873940777,0.01674957810522759,0.03475186275292175,0.6766698912476818,0.5394233187358516,0.29486185268414555
70.79999999999998,1.0,40.0,37.0,0.925,0.024183522986578315,0.05209416944223468,2.851696574506058,-0.10381193512787452,-0.04857411461334056,0.020768139608477055,2.666900209886994,2.829135832300858,1.6179862072058884,-0.005562751819563783,0.02335367657267806,-0.00986548776027485,0.7563649751411323,0.621568942315686,0.3604598513940036
71.1,1.0,42.0,42.0,1.0,0.020373663713114134,0.04250957356772898,3.0161720243753933,-0.14727776140483143,-0.10505553369038713,0.017533090616598093,2.6662065656791967,2.9555348747868204,1.769677603744104,0.03192385303356904,0.041431584657455556,-0.06277541760487225,0.7783116694220215,0.6530080182605225,0.3793169324380946
71.16,1.0,45.0,45.0,1.0,0.01759438325681748,0.048918400213780966,3.595380000359833,-0.07837675229679439,-0.009701606980552533,0.014240733842063475,2.5906056212279025,2.9552896668730777,1.9063857846121357,-0.06216003489757904,-0.004594193699897886,0.0574590228185341,0.5654053237681546,0.4783255527110822,0.3004765368338047
71.4,1.0,55.0,52.0,0.9454545454545454,0.017210987789863463,0.04118125520574429,3.5838817002200103,-0.10819806618430276,-0.03288431165190799,0.013073247120523553,2.564796300029689,3.0435720454775472,2.048513701658565,-0.009126377285813003,0.02326672365791671,0.01621454448751169,0.7207288464918596,0.6134430007707474,0.33405710617091683
71.6,1.0,49.0,49.0,1.0,0.016822310202272494,0.038587561630465596,2.2563897638156787,-0.0974248199379851,-0.04057299322259736,0.010835143782492588,2.502704522111867,3.0987571732642376,2.177275447331316,-0.022547656701388696,0.013441119866806073,0.003254436825258278,0.689900415007361,0.6216171117552808,0.3340232571909128
71.75999999999999,1.0,35.0,35.0,1.0,0.01802444410911817,0.03622888543526448,2.3888355807110737,-0.07992782807590022,-0.023678566429638073,0.009524746857460074,2.4409154365000822,3.1295732975429065,2.3029734146078886,-0.028890465002604948,0.0008090017881139389,0.01894301365601736,0.6406059587094665,0.6050109547348861,0.31882521885802345
73.16,1.0,46.0,40.0,0.8695652173913043,0.10242301702026249,0.2650846272106044,7.451309325064808,-0.014335868055609814,0.12,0.11595231674922318,2.1078831678000474,3.568594629723788,1.7715225260017435,-0.07230177720839581,-0.06150465525006554,0.1562776939015018,0.6668616712403652,0.620987604328253,0.5911302236602527
73.29999999999998,1.0,37.0,28.0,0.7567567567567568,0.015057981974695123,0.033819558395428106,2.977370219923826,0.007242600112504665,0.12,0.01010570325275329,2.1164986792590024,3.6794870079524404,1.508916314872061,-0.02363014547998965,-0.016368021748248474,0.06076844075537968,0.8195213975810034,0.7727649784569204,0.37992988358740165
73.5,1.0,39.0,39.0,1.0,0.033276849552847314,0.09601778256023245,2.181771323135501,-0.018358450513016777,0.12,0.034179528937438905,2.2037502785757312,3.8113218401246547,1.2333259147614415,0.0323345594337896,-0.01766074584958499,0.036790165611703785,0.7614221244063885,0.642193953280835,0.37370927084245736
73.9,1.0,35.0,35.0,1.0,0.01921343446981756,0.05297209170543596,3.565084296930574,0.010195526755470048,0.06434210500300469,0.01716379618040803,2.3449356733218587,4.080886722046449,1.0077565752884026,0.007937341382436625,-0.005886585035223213,-0.031159174658818012,0.8251482112720724,0.732873032090915,0.4111644119893882
74.1,1.0,46.0,42.0,0.9130434782608695,0.0177998808683689,0.040305227204476116,3.159276474781038,0.006195891178106622,0.058269021352311746,0.013699876770960275,2.378798866445918,4.125825696887057,0.9774244987778027,0.007888215716653768,-0.0054114060659440355,-0.024015244635888333,0.7395052950121799,0.6544541928918431,0.3665163619738221
74.29999999999998,1.0,49.0,49.0,1.0,0.016813939959784075,0.0367078877556763,4.421509215815575,0.00970371947405976,0.06918191335728574,0.012617874253841343,2.4115683201618356,4.184659480699895,0.98804215524405,0.0029373021292524726,-0.0014721165781530487,-0.004149842927978931,0.7195164034928707,0.6419279908362009,0.3481565016451879
74.5,1.0,45.0,43.0,0.9555555555555556,0.017393869046636506,0.03639451490392908,2.7850562617986565,0.013204868130776277,0.07030460776114758,0.013404190132568649,2.4393196446304453,4.243046573843145,0.9931932581480496,0.001981822410769052,-0.0002328921372409809,-0.0015312122005389783,0.7087387837460145,0.6364775439488608,0.3402912903763585
74.85999999999999,1.0,40.0,40.0,1.0,0.01645520690228568,0.03369619560782455,2.696951148636954,0.09889947223314749,0.05507948718791455,0.011400300366136679,2.425606076990265,4.389745610470377,1.0050344644546878,-0.06230307418580905,0.04588524476651745,-0.016204389949076248,0.7820510859331751,0.7159130404080033,0.3908429112084937
74.9,1.0,43.0,43.0,1.0,0.01505543250893243,0.035859299256563,2.6336246824973775,0.02039745024354201,0.06723524618583603,0.009691218069358194,2.4943862028195514,4.356683256102198,1.0191575676089035,0.05417503476367669,-0.03723858631700683,0.0008652061585585623,0.5299611440172473,0.4836930660272907,0.2979221141525661
75.19999999999999,1.0,44.0,44.0,1.0,0.016783700927566945,0.03377051136823467,2.0478846988169104,0.05718723529614609,0.06045707728111203,0.01000134557395042,2.5084585379059514,4.46366764879364,1.03332051328331,-0.0011202949978437182,0.0009077142184104048,-0.0054816125078855915,0.7424546964537037,0.6682256469141513,0.3545351921112611
75.29999999999998,1.0,42.0,42.0,1.0,0.013716987174336741,0.03247399425192142,2.544434033335901,0.007393472834256752,0.06855112010115022,0.00884595760351969,2.5636112950010905,4.465408047580908,1.0478843026806293,0.04280560012756096,-0.028673640179198934,0.004530598643276207,0.6067736443380128,0.5422903621849328,0.30476164001606454
75.56,1.0,41.0,40.0,0.975609756097561,0.016308629904326796,0.03479709876237292,2.445227399649521,0.021540773959928677,0.07170430724343643,0.008595538243155504,2.587911777167766,4.544889811886509,1.0659868269736632,0.007994634658761157,-0.005226340194333545,0.00701236354107837,0.7241460705805072,0.6476451354632863,0.3432768153718547
75.75999999999999,1.0,44.0,44.0,1.0,0.014610714087764069,0.03183253215623165,1.9007566379652316,0.02481825724450924,0.06513144799903242,0.007569479709332196,2.613114989036897,4.606551984759042,1.0682297361476045,0.0031204288323429807,-0.0014772883343585619,-0.0018037577925082982,0.697933271764202,0.6221634061541024,0.3380833206058252
75.96000000000001,1.0,39.0,39.0,1.0,0.014894817932527412,0.03500157378642362,1.3815528217514268,0.020049930352271195,0.0656601570666372,0.007431493648521905,2.6439878901487117,4.657966824569463,1.0764192502206438,0.008423208482839062,-0.004725525656323448,-0.0006023925055538282,0.694962419324691,0.6172399020713549,0.3358592569124743
76.1,1.0,41.0,41.0,1.0,0.015522256602452149,0.03801436205054909,1.4812593024394725,-0.024063007651094374,0.0744967065235739,0.007911478852656629,2.7022405483153134,4.675549030886747,1.089438512786565,0.04245183590153845,-0.025935560589438467,0.008599160007564999,0.6460468395776352,0.5681818870574988,0.31186982054090134
76.35999999999999,1.0,41.0,41.0,1.0,0.014451732839563358,0.03645735638996598,2.974353849968459,0.008125861348603389,0.03321555571374897,0.007873587373610144,2.7072852505870615,4.773091715407662,1.1025016663265106,-0.00845251824395854,0.005844461715270199,-0.03459018457544305,0.7285560657464512,0.6443016684386865,0.3462188326574693
76.5,1.0,35.0,35.0,1.0,0.013911594131263746,0.03656201882457977,1.483572008534165,-0.009701837185391965,0.037631882885390024,0.007996751942168572,2.7302934399452568,4.805280907599689,1.185083087982954,0.016044760611231723,-0.006579797236495821,-0.018389588382419886,0.6567388463150517,0.5634139095443093,0.31675581014878096
76.75999999999999,1.0,44.0,44.0,1.0,0.016359328472468203,0.03629586914047801,1.4308893788020556,-0.0047159452589719845,0.0010574303385639866,0.007514638435742806,2.7310626315365756,4.890741359676309,1.3107118556558939,0.004935804161142254,0.0005383262959224311,-0.04888544369908199,0.7456016508653176,0.6281009467844303,0.3483326909311767
76.96000000000001,1.0,43.0,43.0,1.0,0.01617993932626387,0.03410590767405181,2.045338210723213,0.007918746299659128,-0.010958271586097773,0.008788556929458853,2.712731898626894,4.956481619119942,1.4210773071967255,-0.009360590176035632,0.0028890288882683635,-0.04377428980738651,0.7216352888277489,0.5932988844199574,0.34028406989116566
77.16,1.0,32.0,32.0,1.0,0.014989623885078542,0.034783238021694224,1.7168518710933078,-0.004419097672202296,-0.018026053700613946,0.007308791507256586,2.700315688509339,5.126599327480703,1.60903664042046,0.012535499864066324,0.0005181844206392228,-0.03610530579253157,0.7267594471816996,0.5854937347086708,0.334992024953066
77.35999999999999,1.0,28.0,28.0,1.0,0.015901449632643973,0.03786072376933832,2.9431789059770286,-0.01593185757233737,0.003183034902358968,0.008904937561064207,2.660228336242079,5.282340021628624,1.782541406361727,0.014938317803980805,0.003440960326765108,-0.0022729193042465567,0.708250102820367,0.5553583840996568,0.30374351945194955
77.5,1.0,31.0,31.0,1.0,0.016078952134566216,0.03823237082434032,3.0151815899451653,-0.02449000695887274,0.05531213139195231,0.011099364801543794,2.625959668062135,5.390440453648075,1.8971495573732886,0.012688520603331366,0.004597919878185586,0.05119258716301944,0.6911754604849782,0.5473354857255152,0.3090886275122105
77.75999999999999,1.0,30.0,28.0,0.9333333333333333,0.01503973229639113,0.05136550018789232,3.173710508775725,0.010968617019850888,0.025935760163738542,0.009421574921419438,2.508312728775806,5.572371494986858,1.9195898238241111,-0.025978983520999144,-0.0064908584004861325,0.006491408938233079,0.752996833170281,0.6046132482852761,0.31762377015251303
77.9,1.0,28.0,28.0,1.0,0.02568342250385713,0.06928322046407873,7.128028852375094,0.05748786140845802,-0.008035028858914366,0.024171882852443292,2.4217823116255013,5.6587137862188355,1.8936650563562247,-0.04766443985220947,-0.01528614128224337,-0.030612521019850458,0.6843803045530847,0.5417223824190034,0.29491928553278807
78.06,1.0,27.0,27.0,1.0,0.020665409710800615,0.04598592948197293,7.695569944586726,0.06109487055234431,0.007552621646227407,0.015841172455689032,2.364363882837921,5.771433752715454,1.9138308172537535,-0.016019474471033135,-0.0049324701317328135,-0.0076399367398019,0.6900970240412756,0.5366437758119853,0.2835072273467859
78.25999999999999,1.0,42.0,42.0,1.0,0.02117297676918363,0.05442229517038839,4.654837669121899,-0.024896110841629966,0.1034441384570368,0.01770847216716255,2.382014220050906,5.946611031334425,2.007659535501751,0.07848514176210752,0.027847052865782373,0.08988400262790242,0.765029830464852,0.6107167284033412,0.3335795311950776
78.56,1.0,41.0,41.0,1.0,0.019429091568186667,0.04737016541590021,4.085367571629462,-0.023403293701963427,0.07821748803142566,0.015894847951868425,2.3182867593079406,6.082261078807714,1.9923819381797057,0.02149953880311939,0.00866309078002292,0.037411050770085774,0.8147248078223225,0.6708780824264747,0.3685132680907979
78.66,1.0,41.0,41.0,1.0,0.01701751949350351,0.037197788535501417,3.603662709777669,-0.01737539214827172,0.09499731289329945,0.011048675307058487,2.2971902891778684,6.1185005720472905,2.015336757967233,-4.359834282974262e-05,0.0005181605909960751,0.040920931397058435,0.6653727396705154,0.5398235074392127,0.31138733485885717
78.85999999999999,1.0,40.0,40.0,1.0,0.016934026676088575,0.035324564572686575,4.860379097624927,-0.021830608794891317,0.09030997536240606,0.010832552256885172,2.2709219026518817,6.191903397355039,2.0175493310965,0.008983124699373679,0.0042073181669657345,0.0234949634455508,0.735819381487214,0.6034161332292087,0.32384648858841897
79.1,1.0,50.0,49.0,0.98,0.017749464232841343,0.04936712448166948,3.318578997475657,-0.041857257245147925,0.09992676321359178,0.011419849781204394,2.252451694296654,6.283547848907955,2.0309913410757616,0.027050569195549823,0.011199924572415476,0.025666905418971982,0.7592143984143591,0.6413890548064439,0.34415054310579324
79.25999999999999,1.0,47.0,46.0,0.9787234042553191,0.016506479825998427,0.03890582699984782,2.906818604806442,-0.030975896685962165,0.10719731366133417,0.009046765304078405,2.217194511993818,6.343253458563746,2.040474315269328,0.0008098642429810177,0.0007310822883210832,0.02463106832344275,0.6920710364676881,0.5882690868486682,0.3233816979858085
79.46000000000001,1.0,43.0,43.0,1.0,0.014486235052779456,0.0361190748510033,1.2435779219109253,-0.024603841357028602,0.10930925249833535,0.006655452837804215,2.179976072564778,6.414766894970653,2.0430587294559053,0.0009159126684021857,0.0012022594828726696,0.018798099558604786,0.7163080716417961,0.611992405137374,0.3291655500935476
79.66,1.0,40.0,40.0,1.0,0.012887169359426198,0.028208158930038998,1.3461477151835777,-0.017330123550079415,0.10442326418216383,0.005696686549042867,2.1419165761718597,6.485630753835287,2.037916188309345,0.00043052864509007804,0.0012395840590313512,0.007751779289955074,0.7130932705393237,0.6142796689657217,0.33175062437168673
79.85999999999999,1.0,38.0,37.0,0.9736842105263158,0.012676148833192229,0.03265600996305061,1.2979517989272744,-0.02897011042728791,0.11646910001757986,0.006547908439980657,2.1218477809775074,6.5659732784481495,2.049747916543551,0.018370024055289313,0.008041183316892742,0.01724580967703426,0.7106240134691608,0.6144714732667045,0.3328692516195432
80.06,1.0,36.0,36.0,1.0,0.0191095601546455,0.03802565323157849,1.084197452132066,-0.021764392218584217,0.12,0.014668919193462172,2.085139915351724,6.632425126942205,2.010177917464735,0.005610662785428211,0.002092453540063488,0.015446692336081425,0.7104184388806468,0.6128872099169033,0.33341747134443706
80.38,1.0,42.0,40.0,0.9523809523809523,0.1178643518369706,0.1910165967742046,6.465981620764518,-0.02934107629726792,0.12,0.12046540382269115,2.0834194429262003,6.755076156081204,1.796908601817365,0.023853155244080604,-0.001332687647248143,0.010412084048718073,0.39098802349409806,0.26286548502458773,0.3756333467499159
80.46000000000001,1.0,36.0,36.0,1.0,0.025316463014358703,0.05306913521488027,1.619501837677564,-0.012594081247416013,0.12,0.021727978350612305,2.0648877509365007,6.784210942666221,1.742546266581901,0.001792527068940064,-0.004146988883554137,0.006788794196930237,0.7551432571104254,0.6473913767717272,0.30654942092178883
80.66,1.0,35.0,35.0,1.0,0.01986518490652271,0.04242916222426977,1.4899760726167208,0.014861775913001397,0.12,0.011631890351985077,2.0500671478548718,6.8701956963359825,1.590393914912859,-0.01687368052658167,-0.0015548461616106124,0.004729842773293136,0.7361981076834535,0.5948506252009811,0.32147455133062314
80.85999999999999,1.0,32.0,32.0,1.0,0.016604288351966562,0.03366290301020127,2.9704877803254415,0.010723755827062233,0.11274201615690631,0.010016859233513411,2.0950187364143558,7.051715273699848,1.4306331421588747,0.02136098739273251,-0.0027011311182185693,-0.004399788948248551,0.7401851212781263,0.5864381479201566,0.3266816734663749
81.06,1.0,26.0,21.0,0.8076923076923077,0.014895252955773364,0.036163208819770226,2.936590433203793,0.033664475050851655,0.06399266540973249,0.008080373160160997,2.125152333472114,7.212253782682299,1.2922192064101976,0.001883038418017513,0.0028238911651836673,-0.05082882091008201,0.6593713493808132,0.4857626625279957,0.24375285513917994
81.25999999999999,1.0,36.0,30.0,0.8333333333333334,0.04831955017132914,0.12735135764033062,8.247029138416988,-0.0799635751315208,0.12,0.048111402797282786,2.2879892802390125,7.317363488915721,1.3031022749872614,0.12112590787109934,-0.04495768480666573,0.017617060824793418,0.7545846138265038,0.6030686535699015,0.33386433624745016
81.46000000000001,1.0,59.0,52.0,0.8813559322033898,0.03431588314962193,0.10865246824899506,8.075188997983204,0.0011718248655189676,0.0753924451132095,0.03647521613397207,2.2718627749833162,7.4984379325746655,1.2406477189593856,-0.031265739096591805,0.012666813872447946,-0.02781065675296035,0.7607704845567513,0.6065883135873392,0.3420731755227555
81.62,1.0,38.0,32.0,0.8421052631578947,0.025504288156347865,0.0593974138565875,6.009075828204487,-0.009325373598252636,0.07524081543430589,0.018386220297578186,2.3292261437528903,7.610276228649224,1.2331110653468311,0.013669768356837864,-0.004726919079292458,-0.019681807452967437,0.7294036108239921,0.5719981169652241,0.3215297677667979
81.85999999999999,1.0,38.0,36.0,0.9473684210526315,0.023964036019613444,0.05702141353011855,6.076299559698832,0.04722769211802136,0.0437500019810939,0.019954927674416072,2.313135064005179,7.722029311586437,1.1964187309959755,-0.04051194056826102,0.018936596273551487,-0.044382174794408424,0.7967958957875718,0.6269395549339035,0.3431452781523587
82.16,1.0,32.0,31.0,0.96875,0.02487537074940746,0.04969376832836155,6.3386905227855,0.04968314099486483,0.06412974521074075,0.023263311326810844,2.3480935245820755,7.808143821514017,1.2091594286068157,-0.002993122426294015,0.0033389647809372036,-0.009524266768081713,0.7982401552185356,0.6600108665551293,0.36547463307332506
82.4,1.0,32.0,29.0,0.90625,0.022402879147690544,0.04283501124489712,3.7021036920689263,0.2,0.034354449805893195,0.018015980740713537,2.2404780344281976,7.940917606604891,1.176182776680874,-0.13209872848699078,0.061780717137556174,-0.03588136115266205,0.7476519359450371,0.6197106912251086,0.34386665248199694
82.41999999999999,1.0,27.0,20.0,0.7407407407407407,0.018682091349147698,0.03233185105936804,6.660134812171237,0.036607551595353435,0.015041867127373487,0.011247493435959278,2.391658828955433,7.878397573590171,1.1569546016729593,0.11881548307686263,-0.0518763942506304,-0.0453374431737068,0.37878008749407244,0.3259930089718891,0.19847578359186702
82.69999999999999,1.0,20.0,18.0,0.9,0.02259483997686445,0.038179143041853075,2.8562769488141413,0.019566854404172256,0.05866326646582999,0.012244734183803294,2.441726877022094,7.952641404537064,1.2002263655383416,0.09213207846266336,-0.040889382803982244,0.008308075137692938,0.6443197216507648,0.5071381340118116,0.23704392955612635
82.9,1.0,24.0,24.0,1.0,0.017484695893152404,0.036045802650520715,2.0110050092491103,0.08677767496106727,0.03140904450121672,0.011267017825170363,2.405211741238026,8.037493025424425,1.173704437432958,-0.02805485321477086,0.01251543838206537,-0.01908620716730458,0.6844955355164344,0.5763917719925369,0.30628955933868957
83.0,1.0,19.0,16.0,0.8421052631578947,0.018510788184997466,0.038925362032150815,3.2289833771192957,-0.05372322074851465,0.02753274419665215,0.01082793484560162,2.5459315537710383,8.010769662184499,1.169999197215502,0.12091864947504183,-0.05501069535009684,-0.017703333686057254,0.47179506506154634,0.3820723050168906,0.19748721116353382
84.79999999999998,1.0,40.0,40.0,1.0,0.02658818572508647,0.05650556478895939,7.288506127200913,-0.15520660790913338,0.0007924561110771318,0.023842668553024502,2.5798610683511356,8.823374478591608,2.1772332110550567,0.16806365721764438,0.08423390455527446,-0.03902090007733384,0.9458759464391208,0.9012707500609083,0.638269277075262
85.06,1.0,31.0,30.0,0.967741935483871,0.02348525634092283,0.07264351522477386,6.807530839059341,-0.109654332439204,-0.0505390132573892,0.02196520686026334,2.3500838536350193,8.942294503693887,2.503057754848759,-0.05738176005045181,0.012509636382938893,-0.05430173128748228,0.7089408060613736,0.7235374407681806,0.4406631883859037
85.19999999999999,1.0,34.0,34.0,1.0,0.016139185398153927,0.045065851209910204,6.056428771274724,-0.06167778275459185,0.00815279319940022,0.013578941479103135,2.2264328342055757,8.954459537485578,2.6223859420904514,-0.04882282628414991,-0.033507109867358054,0.026982185011854565,0.6059658978122802,0.6686190724987076,0.36833087646442836
85.56,1.0,39.0,39.0,1.0,0.02428989106680268,0.0612595406246415,6.153991778757206,-0.0508489007469426,0.017399945046488202,0.021203626412762015,2.0566301599239134,9.042978222205148,2.6526404299507913,-0.023700866378662422,-0.017229379300438552,0.02411244399139134,0.713607178458677,0.7976551331319767,0.4000498258629477
85.6,1.0,33.0,33.0,1.0,0.021765195033808634,0.05027982043494554,4.845148919593116,0.023752295656534656,-0.06920033799764641,0.021375662890933077,1.9996251961358962,8.990470600760613,2.5680095116949104,-0.04147884491089315,-0.06672456555648054,-0.07291580990641443,0.4843718274570161,0.5513391063807149,0.30229305310601123
85.85999999999999,1.0,44.0,44.0,1.0,0.01918369565471709,0.054181974249601104,4.305617762241262,0.008667631145420275,-0.05977549400449192,0.016033580932010724,1.940345286186483,9.041975340419492,2.5819477937018687,-0.011325577635934891,-0.015965982304523507,-0.04278592208013299,0.649071793562059,0.7444679545833028,0.3422758876207928
86.0,1.0,42.0,42.0,1.0,0.023031014441306806,0.0487049845755695,4.423628695653184,0.024865952218586337,-0.10018593822741906,0.019374760590480298,1.899140619236499,9.052619493048947,2.540891397027993,-0.011380618899785588,-0.018591331558695856,-0.06885079848833753,0.5833805314759013,0.6646083919588017,0.31495319794739873
86.19999999999999,1.0,43.0,40.0,0.9302325581395349,0.0210836383272416,0.048512522519307925,2.8743004840054978,-0.05815455474164477,-0.05470610053930874,0.013529663136692304,1.8928175879966722,9.15657610274112,2.5757554430740397,0.03506585858479783,0.06448568944762556,-0.0019710220258288835,0.6211863001795136,0.6931641290184598,0.32561733726149067
86.4,1.0,46.0,41.0,0.8913043478260869,0.01857285870503145,0.04003348602178276,1.7819774212225246,-0.034292699506558784,-0.07576605573765657,0.012794598338833113,1.8309288115548048,9.16870137810686,2.541967577406964,-0.00462054402753953,-0.00652020721414992,-0.021389771642332352,0.6262015364846554,0.6892558204246996,0.330372863577289
86.6,1.0,41.0,41.0,1.0,0.018435357991184533,0.04314075828211252,2.2280231755717956,-0.0359249522004648,-0.08005656784952388,0.011977582295409224,1.781395591410007,9.204612960176776,2.5249502399008668,-0.0023592640595504477,-0.0036523231640313014,-0.018738183409121142,0.6279877632966445,0.6832611624785305,0.33246970016827815
86.85999999999999,1.0,51.0,51.0,1.0,0.016570117756532807,0.03927138852536037,3.2517975650275837,-0.010300901406227397,-0.08814331146879269,0.010955203571755197,1.7066569399602725,9.225903533900027,2.5011294295192066,-0.016725056959558282,-0.027247758439203906,-0.020665965556000643,0.6675906242282136,0.7150292691276887,0.35499664155936406
87.06,1.0,48.0,45.0,0.9375,0.016646380908839617,0.04117117729949716,2.2607897713613823,-0.022884039520077115,-0.08237438889697944,0.008787144252478495,1.6651065635714115,9.272460593777927,2.4971095656473317,0.0001338265518127102,0.00034551297778584456,-0.008119519770968253,0.636278310866244,0.6773643785347319,0.34322643138362063
87.19999999999999,1.0,47.0,47.0,1.0,0.015332454585485556,0.03626933358754894,1.9527139240323106,-0.04694042573140365,-0.08624785103678477,0.008000514651418465,1.6427868588468177,9.318686953189044,2.487502865653418,0.010936368903845084,0.017634750035915303,-0.009200198738785303,0.5844319574580733,0.6223635213023396,0.31534866457245225
87.4,1.0,45.0,45.0,1.0,0.016956584437686655,0.0365761391798683,1.7001626173003996,-0.04849237805734299,-0.09064729165968041,0.009417531418372952,1.5974842928808004,9.35463883003133,2.475996703967454,0.001566093288065007,0.003436688821949474,-0.0103788197810335,0.6261122952275807,0.6630454123462876,0.32573920461779476
87.6,1.0,38.0,38.0,1.0,0.014910540862311049,0.03250181150873303,1.6085790130517084,-0.055699743403930954,-0.08641654948836294,0.007346628023267727,1.5539650414082091,9.397135058161103,2.474703332371347,0.0012641724721667025,0.0030335308592110977,-0.0027095379950110576,0.6326363965397342,0.6659866662090542,0.33040118684416636
87.79999999999998,1.0,37.0,37.0,1.0,0.014501592115108774,0.036310919888734486,1.7016067840210705,-0.047906685798757,-0.09106780626799953,0.0076629030765673995,1.5023396296970684,9.426446971332076,2.4658265052626795,-0.007059388398616084,-0.009597680068550218,-0.006414512967078956,0.6341109986530058,0.6655278097545493,0.332477012279653
88.0,1.0,39.0,38.0,0.9743589743589743,0.014743266631259565,0.037513796194643755,1.8253640815635344,-0.05738732801851305,-0.11393108439189469,0.006918933477463061,1.4561885092582136,9.46708427030471,2.4898706054779143,-0.0019179248707767993,0.0024342122531120225,-0.027344998887320667,0.6321514426105359,0.6674480697229959,0.3334109853697659
88.19999999999999,1.0,39.0,39.0,1.0,0.03260796895054298,0.06617503993507698,2.045410997732722,-0.0345230567884151,-0.12,0.03149933464644467,1.3875668673387505,9.470865733682192,2.600847391618683,-0.018556123769448707,-0.02195542365473635,-0.024285317539901378,0.6224108557568304,0.677444247890758,0.33383206802864707
88.41999999999999,1.0,40.0,40.0,1.0,0.05545186950550936,0.09668912744116516,2.690076229762322,-0.021707590305023613,-0.12,0.054797199110104465,1.3168734715816937,9.476091716165389,2.734852525457007,-0.01567586357021855,-0.02315300088863914,-0.01664055714187374,0.5801706518728208,0.6629755003216593,0.34135662359809443
88.62,1.0,37.0,37.0,1.0,0.04842966740577134,0.09493495649857132,2.197849152807378,-0.02856311366344931,-0.12,0.04784975289660162,1.2564086024128285,9.488907884532095,2.856594803999548,-0.0077442757022077036,-0.006065246740153185,-0.011411788198807836,0.6117991260816094,0.7104425727507341,0.3372970065377466
88.75999999999999,1.0,39.0,39.0,1.0,0.016196557074109507,0.034910101342515897,1.5844081553982508,-0.044400663630701755,-0.11844966036574378,0.008270309672511151,1.1772937751215962,9.508971683349133,2.999926735196506,-0.007338236151730015,0.006275302075396283,-0.00613738023572985,0.5460197072868732,0.6631109829447192,0.3122349791982464
89.07999999999998,1.0,32.0,32.0,1.0,0.08425793063407117,0.11860932257857013,3.1608290187611168,-0.018958694685312083,-0.12,0.08477068094575932,0.9311532988811053,9.44457469131132,-3.018314785585463,-0.006295257039992119,-0.051419829583846166,-0.0056470048906187564,0.39429005944794376,0.5670043554980799,0.3655860636911557
89.16,1.0,33.0,31.0,0.9393939393939394,0.013288219842793018,0.034496150916579406,1.9682528143974718,-0.05312796469783465,-0.07007091835099206,0.007222500362518541,0.8398694509410656,9.45769070321337,-2.9316163318592783,-0.012354671567653575,0.0007815425369681606,0.044731289618425325,0.5878993127028225,0.7102711008139,0.2939484093443453
89.5,1.0,30.0,30.0,1.0,0.015819750709776266,0.03649242664728857,3.830024103153748,-0.06346689700471808,-0.0654615943682231,0.00971204703349163,0.629696199303914,9.404470012129012,-2.857808126144729,-0.006937034597099934,-0.011742832737619224,0.03625967128391183,0.659741049280012,0.8060274678879539,0.35377216423500335
89.56,1.0,31.0,31.0,1.0,0.01382490075846499,0.034808291099693744,1.8082653915116012,-0.07449937159001921,-0.005420028258880937,0.006889776313236685,0.590310882230767,9.401096022307959,-2.7945645865214592,-0.005758718172798716,0.00500752061416776,0.0830910552697337,0.4847560862421968,0.5936981871334187,0.2926199690352212
89.75999999999999,1.0,31.0,31.0,1.0,0.016646324399364303,0.034730181835594245,2.045739147108949,-0.0641840787128009,-0.0025748498204721687,0.006882687833866716,0.4673510125725985,9.353444432626153,-2.790513307354842,0.0027239984707160825,-0.015448369066419332,0.06175947170127927,0.5740128947506385,0.7352986735328079,0.31200586505472616
89.96000000000001,1.0,37.0,37.0,1.0,0.014963740912430771,0.03403818249872661,1.6627786472661872,-0.05103623250527429,0.0011099655710688121,0.007564544628459804,0.36011829270476403,9.308266926000034,-2.7897453881497625,0.006301995300775853,-0.020683683815907017,0.04572584033057758,0.599841145351525,0.7549538748526528,0.32814641447430853
90.16,1.0,32.0,32.0,1.0,0.015286842618028908,0.036059510682727794,2.1577457129184117,-0.053389640870332225,0.006985689105089489,0.010056443847443863,0.22520023716502774,9.269579700551878,-2.7859971093599523,0.0017688409834350216,-0.006016402793786568,0.03604887898500176,0.6023019331775694,0.7581875338432906,0.33058380398585085
90.35999999999999,1.0,34.0,34.0,1.0,0.01653229612928479,0.03217159456981106,1.9117562746618078,-0.0467702364086491,0.03259828545560475,0.007342354089507801,0.10731100605480975,9.232208065589104,-2.807975158021289,0.005182262578362462,-0.008607377246610426,0.04956406625347486,0.6017513866176719,0.7626727626182644,0.3318239189289113
90.6,1.0,33.0,33.0,1.0,0.017720434005561017,0.03121907392244115,2.517267202508047,-0.02441610728345729,0.022786508314307872,0.009695944576794248,-0.03935580804925479,9.19459742665061,-2.923817066177968,0.010636840557346754,-0.022067765610486845,0.023056048057171097,0.6212160231718704,0.7991286963438139,0.3467081428709678
90.75999999999999,1.0,23.0,23.0,1.0,0.016992830830510425,0.038542397159515344,2.486587178683405,-0.03687811884740007,0.011727229469833423,0.00902702107831144,-0.1613140369873484,9.197450084435523,-2.9922529927979764,0.002594585349123796,0.009869493564618637,0.0033782599956753145,0.4825968729847412,0.6862634138853406,0.2561662084315508
90.91999999999999,1.0,33.0,33.0,1.0,0.018329748718237112,0.03575133734562641,2.8043812554198575,-0.016672707290725532,-0.014437253955194232,0.010650674457680264,-0.29074403332648446,9.174926674225416,-3.0588204133166546,0.0051171484909218745,-0.01552551799380808,-0.02336139882569599,0.5709263056686489,0.7681793988303773,0.32792944796069823
91.12,1.0,34.0,31.0,0.9117647058823529,0.01549828816752414,0.04077935159847497,2.350493703148571,0.0158713545329325,-0.04343748678667328,0.01087551701021212,-0.4460691440379998,9.14172270877921,-3.1193267911041915,0.00443939325860887,-0.035867973859241786,-0.04518457823038435,0.5741289549122616,0.7943087161076215,0.32326980529126925
91.35999999999999,1.0,34.0,30.0,0.8823529411764706,0.01684394745380503,0.034880207532223796,3.728882001910083,0.0014571689689464986,-0.027405521089190185,0.009277342859444359,-0.6377219871917059,9.157230231813971,-3.1212272674735764,0.00019355301226198218,0.004389758622245665,-0.015607992798117643,0.5961719104864982,0.8243313195615473,0.3326577705321563
91.6,1.0,64.0,61.0,0.953125,0.030834653870974307,0.1356928481780691,5.242814119251216,-0.014710507249906002,0.0031576294021027143,0.036907636129742856,-0.8306248115457697,9.17497297273233,-3.098222137834813,-0.0006128035604802129,0.013481254849830648,0.020280261582136916,0.6172581343210596,0.841269751822024,0.35590512482013553
91.79999999999998,1.0,54.0,40.0,0.7407407407407407,0.035697561550774255,0.11554055519248732,9.47843808398332,-0.07313575025106116,0.06504847693723402,0.04141826724566499,-0.9939361715606104,9.235140296085483,-3.0385675924937288,-0.0023415854605011166,0.059057937728864474,0.07534862967303102,0.5889689993529205,0.8223053856646472,0.3425375968758591
91.91999999999999,1.0,48.0,45.0,0.9375,0.030261917163385693,0.07092557787578371,7.634401829138558,0.0320237029397561,-0.04016691314391687,0.029073451869075017,-1.0847583605343838,9.13263447623198,3.1382605954878797,0.003473283137766403,-0.09260123055329217,-0.05404149887706768,0.5192131655776435,0.750396176787653,0.30654150167514516
92.16,1.0,43.0,40.0,0.9302325581395349,0.025109650548211397,0.05330440023692514,4.48170568841459,0.018959117850657854,-0.040743947694177336,0.022878118969933327,-1.1964144975692466,9.148468756317055,3.120980624108297,-0.00019998537704046804,-0.01050573557228418,-0.04023743167849083,0.6010824322476372,0.8484738237666762,0.33674778987906184
92.32,1.0,48.0,42.0,0.875,0.023033227228566395,0.04168784521703753,3.2862147302314013,-0.018408189107338012,-0.03947591435050838,0.018209468566105835,-1.2505819068541284,9.18436148047109,3.1099056274303685,-0.0007060601088160201,0.03484218209365153,-0.025563432735939973,0.5569363173657926,0.7916361476586135,0.32023978394782304
92.51999999999998,1.0,39.0,33.0,0.8461538461538461,0.0208717780214186,0.04559913605313837,5.077543471841846,-0.14782991966651532,-0.004637474046034628,0.01606068179214229,-1.3182064465072783,9.31760476836179,-3.1393773942672043,-0.0012265127064226,0.13509048673308044,0.017827478588994937,0.5793277902287269,0.7931898661726564,0.3280230922576429
92.9,1.0,26.0,20.0,0.7692307692307693,0.020583108437947768,0.04045878614898125,4.230358815735318,-0.2,0.0029760484939757807,0.012844488083466223,-1.450915963351162,9.370378121402254,-3.137088843491718,-0.0001858185678180746,0.07775201322409764,0.02121434505252242,0.5706996438173555,0.7765520341856423,0.28767600854576614
93.1,1.0,21.0,17.0,0.8095238095238095,0.015738044591657348,0.03687321780034537,3.994166965239319,-0.12455031708788242,-0.02486923900515661,0.008516203549218762,-1.517128651783927,9.298240257502917,3.1188367936127017,-0.000319290796309879,-0.05884285355433505,-0.011182203611952879,0.4796194927075916,0.6487479099058949,0.2500209169997748
93.29999999999998,1.0,16.0,14.0,0.875,0.015441609744291377,0.039602097937651556,6.384893571442622,-0.11439999123527092,-0.021221293311490433,0.011838353007010596,-1.584049033531148,9.28824419981891,3.1213838968450363,9.033755381659958e-05,-0.031918284288067866,-0.005878278744017695,0.4288067553414154,0.5915535382149737,0.21815403975236555
95.1,1.0,41.0,36.0,0.8780487804878049,0.019575883292390146,0.04634676352012628,5.607133586391337,-0.0903656321752882,-0.09295562112529152,0.017342759860851358,-2.305164809175228,8.952739328461636,-2.267267534023127,-0.06989639364168454,-0.08655383968387298,-0.07698718496583501,0.9026233484430591,0.947492915620627,0.65032422843673
95.5,1.0,30.0,27.0,0.9,0.018903829288516725,0.05515179200042,9.94328916413264,-0.02952308003536859,-0.1091855833353241,0.019328812138306985,-2.3127353983604038,8.630107839730602,-1.7073446462255557,0.05593115828652273,-0.06067030539187712,-0.044025106342867604,0.8079764017305424,0.7028305599462406,0.44805876632141367
95.82,1.0,29.0,29.0,1.0,0.021506418761068784,0.051846238065678715,7.4935232507029665,-0.08842543079486416,-0.061498788527149205,0.018965558477216905,-2.3668066144507414,8.530037621712761,-1.53086851994227,-0.04184872047332178,-0.025868841026735367,0.019274987678760794,0.8087650689195115,0.6608882636651121,0.4194005135389071
95.96000000000001,1.0,44.0,44.0,1.0,0.02072395448613401,0.05504658150577572,4.180679711502616,-0.041053339386298134,-0.08951303796757665,0.016603624476449662,-2.313872469885208,8.49062539458008,-1.5450542281753545,0.0420800989261525,-0.004499952812659913,-0.01589959042368605,0.7098408070283855,0.5655333676857687,0.3670226133585035
96.1,1.0,48.0,45.0,0.9375,0.018625855862539564,0.03879467855954011,4.272290356054197,-0.024127862812804553,-0.10871559477397195,0.016377023119448945,-2.2999859584488087,8.447458127165989,-1.551985814471565,0.032680930725006,-0.0008264695132567113,-0.029995297356582906,0.6865753478573144,0.5317357417642907,0.32631291887253205
96.35999999999999,1.0,46.0,41.0,0.8913043478260869,0.021015502550116107,0.049204207225487184,6.149317933978863,-0.016863162114020256,-0.10874545094441314,0.015758160440413563,-2.291139940268615,8.373167719716717,-1.5640646878115256,0.024215167393158765,0.0003436699320378267,-0.020738113564114258,0.7664420501581988,0.6144040093519778,0.3524514207132224
96.69999999999999,1.0,40.0,37.0,0.925,0.017923809267968983,0.03819917069735682,3.1255724011046944,-0.02577439736955258,-0.12,0.014259132245102288,-2.31152567709939,8.265179035056367,-1.6074154710276232,0.006998122943002283,-0.0017818057034482138,-0.02509244155115531,0.8028718420763744,0.6664918729317084,0.38901774879454387
96.9,1.0,44.0,40.0,0.9090909090909091,0.018713442172445933,0.03496897879912426,3.4339240322370412,-0.021588877035700782,-0.12,0.0140353158822343,-2.311658209818323,8.205382339238117,-1.631085268002126,0.01199054044351966,-0.000575957058901011,-0.015488954816599954,0.7292309613237449,0.5971610495813084,0.3574991152367551
97.1,1.0,39.0,36.0,0.9230769230769231,0.016929534352165543,0.03920567318983956,3.214827176748551,-0.03348337992918058,-0.12,0.011824064169874013,-2.3311250681105706,8.142774115158426,-1.653236059002186,-0.0017531535715642477,-0.0013841740670681446,-0.010170683172789907,0.7219570058831448,0.5859213945017862,0.34425230611290675
97.29999999999998,1.0,43.0,41.0,0.9534883720930233,0.015538363953200393,0.041009642070837064,3.6572707776733964,-0.03694797263639747,-0.12,0.011439429231634527,-2.3426217475745683,8.083287492131058,-1.6732317542828015,0.002823590439414936,-0.0012920789164869717,-0.006646884689415655,0.7199469412041901,0.5844080772727381,0.3385486734449157
97.46000000000001,1.0,25.0,25.0,1.0,0.01696520697617508,0.034334604556909294,2.4591426763287885,-0.06096592633047094,-0.12,0.013083880342089458,-2.3727467227678343,8.034972288712549,-1.6872274266668015,-0.017631568942907627,-0.0011143612852198004,-0.004452068974992506,0.6290543105026316,0.4929543204869765,0.2697102432004104
98.51999999999998,1.0,23.0,21.0,0.9130434782608695,0.04068970614239083,0.06577764412547772,8.534692525996777,-0.07593178915898247,-0.12,0.04001824177397079,-2.381514297489524,7.703128223514577,-1.4028654540500685,0.0178966936073075,-0.02393637378704394,-0.002985775033430338,0.874061833420119,0.7667132459413525,0.4451998338159123
98.69999999999999,1.0,27.0,27.0,1.0,0.017719913388064414,0.04061317919680907,6.333859718682639,-0.13198727193769386,-0.11114056857913,0.014878119298534616,-2.410617488591523,7.625827010863534,-1.2822343092939987,-0.040924619430671605,-0.033293304045711736,0.006553423599763297,0.7159108837289343,0.622403236813104,0.411246677321244
98.85999999999999,1.0,34.0,34.0,1.0,0.01797873241075275,0.043340679645965594,3.7230897234794296,-0.09137711226875961,-0.12,0.012159412292457433,-2.2945263971505865,7.506926414211064,-1.0715376021731169,0.05018221555643976,-0.00627048870099145,-0.00394754453876156,0.6820405065763779,0.5987005683456018,0.3811262528652069
99.1,1.0,39.0,36.0,0.9230769230769231,0.0394734072964907,0.08640120740081034,7.518008768436583,-0.04082096812621638,-0.12,0.041017079487398356,-2.1021495420610634,7.399172293981871,-0.7636845255663273,0.08189315098064798,0.03141491871710933,-0.004509087029510139,0.7002568903407147,0.6721241388508273,0.36513696046642247
99.29999999999998,1.0,32.0,31.0,0.96875,0.04210229720314449,0.08853564818048423,3.898519787176961,-0.031279044078453326,-0.12,0.042126391578038255,-2.0585298778454204,7.393053528761964,-0.6398774575121807,0.032880110762497416,0.013910801402119866,-0.006941123169606489,0.644895019583705,0.6726736048125156,0.3403824985660928
99.46000000000001,1.0,35.0,33.0,0.9428571428571428,0.04792562740990934,0.08930283037298499,4.466313993718922,-0.0006737957364340917,-0.12,0.04827783424738485,-1.9899059648541941,7.3905696655434205,-0.5814985016957376,0.029561820771669023,0.034558639345108055,-0.0051197956948058065,0.6062126373595248,0.659736678132507,0.32672797177659585
99.66,1.0,35.0,33.0,0.9428571428571428,0.04271375772073684,0.08912973289184185,5.018152690051907,-0.0007658036480107859,-0.12,0.04332611805829114,-1.922214648966466,7.349016057897496,-0.5445005931805631,0.014412520278776597,0.017115963860572236,-0.0042665144582798575,0.623566428910739,0.6939653829120428,0.33067881350612377
100.0,1.0,34.0,29.0,0.8529411764705882,0.04976289358764786,0.09344598475684865,5.004188353045239,0.04751536440311198,-0.12,0.0486227937892032,-1.7910327097123913,7.320100466132709,-0.528060787311315,0.03266591145015041,0.06107367131281993,-0.003299337445828776,0.681578886492489,0.7583247073452055,0.35764238641363627
100.1,1.0,37.0,32.0,0.8648648648648649,0.03474418137228859,0.07739722409202797,5.305532123579404,0.009003531114792672,-0.12,0.0342261815783645,-1.7714095064012778,7.265684450467912,-0.5277410270206695,-0.006651684779866107,-0.018915143404582224,-0.0037517423885968793,0.5605959538091199,0.6264199808416626,0.32348345154001906
100.25999999999999,1.0,47.0,39.0,0.8297872340425532,0.059972290539779344,0.19044676511803424,5.854982285187333,-0.010596896923866552,-0.12,0.07281889948644837,-1.7287660510027067,7.214145758305261,-0.5307601927748954,-0.005323430472988333,-0.01895076667109219,-0.0022043616434223035,0.39978966281954886,0.48167184149738956,0.31396444114006455
100.46000000000001,1.0,40.0,31.0,0.775,0.07739259295433787,0.19464200074557206,6.2481171387093255,0.0414216651913045,-0.12,0.08231401136624981,-1.641395681817106,7.2188906072707075,-0.5340906427486497,0.02463705210560363,0.04578510839322991,-0.0012773381601577372,0.405209377873342,0.4908991867809267,0.3181183686762195
100.69999999999999,1.0,51.0,46.0,0.9019607843137255,0.05491151268276956,0.13949253821510604,8.905486021485371,-0.2,0.04625926562563105,0.06279805310423249,-1.6637038709892868,6.947463006898964,-0.3732336237958814,-0.08044611077817154,-0.1905536226561102,0.1646971606557927,0.5996901651488868,0.6781015771124456,0.3460071263140762
100.85999999999999,1.0,62.0,57.0,0.9193548387096774,0.11344767323829742,0.2278544276277879,7.887609754613003,0.05884750227739973,-0.12,0.11696022362037226,-1.5064121458764568,7.150463815351854,-0.5294953813228033,0.0875148402624415,0.1833616885119973,-0.055108752241861354,0.24595993789500847,0.31237566648970494,0.3244666059560017
101.06,1.0,39.0,34.0,0.8717948717948718,0.04855384781111051,0.14868893801190022,8.262191145768773,-0.059507546490606064,-0.12,0.0577406957878385,-1.4764696371651542,7.00670455193934,-0.4323662981289552,0.01851753432085479,0.017394967824285068,-0.03889540112376399,0.6304691422301447,0.7207001294114139,0.3296066042586806
101.25999999999999,1.0,45.0,45.0,1.0,0.05191386541644494,0.152514215633453,6.872422237417339,-0.04869196731495655,-0.12,0.059680403618679594,-1.3923630288650501,6.995675013953321,-0.32615810564544334,0.01652898371910072,0.01997061228510777,-0.026523296563957802,0.5511979755494468,0.6685243331989523,0.3320072436457592
101.46000000000001,1.0,51.0,51.0,1.0,0.05458597026470564,0.11345926593742547,6.286737207484715,-0.02973952302506113,-0.12,0.05844526720573731,-1.3095143175204085,7.0004962173076954,-0.2299138154144148,0.014942907301030317,0.031745732258068315,-0.018152351457384808,0.5464971933295872,0.684733803514424,0.33306532686969603
101.66,1.0,59.0,58.0,0.9830508474576272,0.0447958606929004,0.12194478379365332,4.889815565049946,-0.011946269692039442,-0.12,0.050179045675795855,-1.2482969265918995,7.010503360606635,-0.16517653498476015,0.00942227211309321,0.03338830543165372,-0.012722073013604146,0.6111897607748511,0.7487319795484024,0.3336593069332708
101.85999999999999,1.0,49.0,42.0,0.8571428571428571,0.07567638664918465,0.13275738854118346,5.0153590798544245,0.1813726187231133,-0.12,0.07515500989750552,-1.184291418367033,7.201041944196976,-0.11080210422453296,0.0023422363455827266,0.20868907229298195,-0.00902462558161031,0.38980317730824876,0.5556738554294551,0.333997738545161
102.06,1.0,51.0,51.0,1.0,0.040959102333700426,0.08120284326093205,5.001923614631903,0.004913895360153458,-0.12,0.042401050415682144,-1.132429880382359,7.020415195761406,-0.06732358294675345,-0.000977662599883189,-0.07811685818616265,-0.008554840906865369,0.6301708216168493,0.7690348369780514,0.3341436948597763
102.29999999999998,1.0,27.0,22.0,0.8148148148148148,0.07594518449165687,0.10906078988796482,4.411350155083277,0.19923933742448852,-0.12,0.07561318103645304,-1.0627207974517323,7.214369168629328,-0.02230083286865392,-0.018036071802087328,0.1856218060297774,-0.004663477484353112,0.32653918334234133,0.494909089904949,0.2690798673158885
102.5,1.0,27.0,25.0,0.9259259259259259,0.06805660450278492,0.10670138421921568,4.861460445136787,0.06862497203956512,-0.12,0.06606209911501254,-0.9877074970266533,7.0839614470866135,0.004076181741217266,-0.002001484102452822,-0.028974340925278064,-0.005911147359149315,0.4603649790806311,0.6229795144742842,0.30388034289134136
102.6,1.0,18.0,14.0,0.7777777777777778,0.02380519017858282,0.03816825787668396,3.1617353624953277,0.2,-0.12,0.01656602588683303,-0.9753458498842843,7.21387583438144,0.015078111409990156,-0.019220704621680462,0.12278990988605099,-0.0036477419811047993,0.3858787226601124,0.5123795091276909,0.17139080114949312
105.6,1.0,16.0,15.0,0.9375,0.018854409543476183,0.04001802390476736,1.866880235593181,0.029891259010032215,-0.0827785064463559,0.00869234646774022,-0.16098550822872704,6.434332574811923,-1.5850566518535143,0.11725106512297345,-0.05288655136270304,0.032639152020903284,0.9039689161986211,0.9260942575787272,0.5492252783607714
105.79999999999998,1.0,42.0,42.0,1.0,0.01326460955297974,0.03367773292364206,3.1626085453668003,0.04088656614879206,-0.10002825870975883,0.00567777265542786,-0.18216422285448808,6.331888063304787,-1.8027879026688136,0.03018515564659277,-0.016395097139266568,-0.010348243830478943,0.8132322726142912,0.7388042764811686,0.5695937581884215
106.0,1.0,44.0,44.0,1.0,0.03175281944439933,0.058980770752490655,2.2235415422651035,0.04080449463627142,-0.12,0.030440604263781007,-0.22194462349698074,6.239444111163587,-1.918271911419771,0.01298972773306628,-0.011876024271299634,-0.025791289810284116,0.7534992318775429,0.622733210898469,0.42330485292797815
106.22,1.0,42.0,42.0,1.0,0.09873409850664312,0.15048924503706124,4.2184416181872395,0.02849481061636775,-0.12,0.09972776924156379,-0.2430801913034757,6.14313907892276,-1.7180325066528561,0.0025018638682676175,0.0027928781778614464,-0.01540868590245248,0.45416558436328014,0.2851620693049947,0.3777014100058825
106.4,1.0,39.0,39.0,1.0,0.08075216999805757,0.13640859060128677,4.62422550644258,0.016153653826393975,-0.12,0.08163251139555969,-0.23476745203185978,6.040686074922509,-1.5101328788249209,0.0010222060379965203,0.007360430908662785,-0.009617111023933367,0.6087042837587411,0.4122126368167724,0.3451982883529035
106.6,1.0,35.0,35.0,1.0,0.07482063335849615,0.12966193058496434,4.498269159051391,0.012691246564994573,-0.12,0.07702455269349884,-0.1905358698110805,5.887493969255266,-1.2793662114732762,0.014371339271071815,0.011020728038605654,-0.006323460304818562,0.6362032882304829,0.4556019101960042,0.3378698400087059
106.79999999999998,1.0,37.0,33.0,0.8918918918918919,0.06420108177261573,0.0961951173917641,4.25023553149851,0.016366095464280583,-0.12,0.06262142081766431,-0.12212611648046179,5.747525006295034,-1.1481350223927818,0.02437665430709765,0.01565033690547679,-0.004604191393883905,0.7140648059625992,0.5697865583804012,0.33450740961152114
107.0,1.0,50.0,35.0,0.7,0.11628641822733975,0.1453199922275686,2.9941506777714397,0.10226275469084739,-0.12,0.1171817928442963,0.02003894333958023,5.652583641876904,-1.090678845413314,0.09369596990590956,0.061965703790614945,-0.0038554393700520606,0.3965640245361998,0.27223258417783824,0.33374550510849815
107.19999999999999,1.0,51.0,35.0,0.6862745098039216,0.025959225855836626,0.04930027574620921,2.4143315357681288,0.012066077955252509,-0.12,0.021308035604378075,0.022333190162440286,5.460671223053121,-1.0652127722489162,-0.006016138438675087,-0.004978729024857742,-0.004363251001416656,0.8130126661296684,0.7153760891828503,0.3324501368742302
107.4,1.0,73.0,63.0,0.863013698630137,0.08826260638103253,0.19282742759099228,7.756915590199119,0.17863412109557078,-0.12,0.10773441659069002,0.23304432574494527,5.419788399024715,-1.0553142609571107,0.15014487520854158,0.1060036950417107,-0.0027086674235965447,0.42612669869767356,0.3012841674512906,0.3329010721670249
107.6,1.0,49.0,38.0,0.7755102040816326,0.08728397947483359,0.18281177796486567,6.387403290236187,0.17103171677676765,-0.12,0.10483834044484723,0.30404132370428144,5.274079008082657,-1.05378553400414,0.08582813192112282,0.06228592213654327,-0.004727806586278138,0.5093613726489465,0.3725624022400153,0.33284039213323097
107.79999999999998,1.0,43.0,38.0,0.8837209302325582,0.09399462924513668,0.17674922454537398,6.167600186391411,0.18618099175900052,-0.12,0.10990296486726601,0.39386613555355865,5.141772601371739,-1.055601881615155,0.06412288251391146,0.04590015133637504,-0.004938472462038046,0.5058613858044025,0.3735165458280688,0.33289340857944255
108.06,1.0,36.0,31.0,0.8611111111111112,0.11406654589081827,0.19915769146196308,4.858508730055248,0.2,-0.12,0.1269201349773273,0.502527300008198,4.973983727665331,-1.0592152060382085,0.05906852056147671,0.03922694323335296,-0.004519418243766671,0.47937318175399996,0.3427396294380006,0.34728250779520153
108.19999999999999,1.0,29.0,22.0,0.7586206896551724,0.037806473661190984,0.10621694599191116,8.278515173367813,0.12662733224826225,-0.12,0.03657491756019584,0.44715663110796394,4.921204918878437,-1.085092800457875,-0.030118982084728574,-0.026757174779260318,-0.003987214194465239,0.7699910242754576,0.6690314665681806,0.2464812715376812
108.5,1.0,21.0,18.0,0.8571428571428571,0.04764223027687037,0.11267977495463131,8.05412213108887,0.13947903163636757,-0.12,0.04509559231549119,0.5002783998959905,4.846291217124001,-1.0942696995931476,0.016334648439265964,0.004182101470666666,-0.0026286691243280202,0.7142975216791896,0.5921355594081525,0.2555199897563526
108.69999999999999,1.0,26.0,20.0,0.7692307692307693,0.0418667579919025,0.11770500427907787,4.871241572591399,0.14580610759362875,-0.12,0.04001385765264187,0.5326453022127776,4.797736511020046,-1.0981516833933305,0.016112411690982098,0.006130028066879234,-0.002213008169210884,0.6691957286641056,0.5658203918681624,0.279861078916783
109.01999999999998,1.0,13.0,9.0,0.6923076923076923,0.02746445188218439,0.037219794004865484,6.184429554272327,0.1262266841730083,-0.12,0.014038911075401518,0.5597873034554758,4.703381584372054,-1.1013763176386082,-0.0010277534358736906,-0.005279993343357603,-0.0018699820493448536,0.5280173662243753,0.41720727588962436,0.16758494245781663
112.06,1.0,54.0,15.0,0.2777777777777778,0.26745112611474986,0.3378788972570923,18.994125927541205,0.2,-0.12,0.2701471612100183,0.008881077823311323,3.4272722114874483,2.9283732087961427,-0.007591776266632828,-0.3298734722276766,-0.0015087096485704166,0.3097849890142624,0.25841346904211326,0.5806005137053126
112.19999999999999,1.0,36.0,36.0,1.0,0.07805029643524203,0.14585820856739817,5.081920641212478,0.05195227506651356,0.12,0.08153633275422051,-0.09217859841416526,3.6188438698074066,2.953588792790815,-0.00569539981553821,-0.10661070052418875,0.23124105247053842,0.8805150043093609,0.8687601632947637,0.5594236085148562
112.35999999999999,1.0,47.0,47.0,1.0,0.01591809173908037,0.04040532046389495,2.4168852623030856,0.045633197504279896,0.11839016031505116,0.011131615888787435,-0.17819488780811094,3.682950748572434,2.6807552837298965,-0.013413753457042987,0.007635709045446415,0.09592035590486203,0.7631410218224739,0.8045049026452334,0.40833009054835206
112.5,1.0,43.0,43.0,1.0,0.01231666232094729,0.033505041810520234,2.4780073859795664,0.014952902448775085,-0.004750518620644408,0.005939989338695941,-0.26344006641046264,3.811091410653333,2.3864584231474297,0.017367047629444854,0.03635467085446109,-0.06615589437780134,0.6282260357506957,0.6820715604611641,0.3431303799845429
112.69999999999999,1.0,41.0,38.0,0.926829268292683,0.012296021280702263,0.03307932230687455,2.2668756751262924,0.015234897327881733,-0.03273995633144142,0.00816757445967593,-0.38191638650767074,3.9155224710378196,2.405274171684779,0.00720277147220616,0.013340725337692483,-0.07001833172685945,0.6683783482525598,0.6993808785766186,0.33672403752248997
112.9,1.0,42.0,38.0,0.9047619047619048,0.013553173293933305,0.029219830451442597,2.1335363803752774,0.03337778066507071,-0.037038068854704266,0.008814893219565684,-0.5190464224736226,3.982524852787678,2.6259846320944797,-0.003816312179058312,-0.0136112962378796,-0.05023851852559691,0.6450575556915332,0.7349544083821253,0.33407533635312625
113.1,1.0,41.0,30.0,0.7317073170731707,0.016841679665090807,0.06157886734226903,3.5896744176564606,-0.010209843843415375,-0.01630056183591845,0.015211364822582112,-0.6663542649993678,4.049396760114144,2.8262227272075515,0.017931375366800673,0.035179050504322795,-0.013136707575964746,0.5998138299131195,0.7569214701102241,0.3186174208733415
113.4,1.0,53.0,42.0,0.7924528301886793,0.07943611769920537,0.18510562762797028,11.574882584174018,-0.2,0.12,0.09455873795354716,-0.8761903543779223,4.278981665951891,3.112393376558443,0.03088575606658306,0.19306401796807648,0.12855537467925204,0.3535346130309925,0.6144829678175756,0.3702654016841477
113.5,1.0,47.0,27.0,0.574468085106383,0.03919816231764531,0.11955737017836668,10.79207508684046,-0.15729019433695543,0.12,0.0472299449836864,-0.9667601601151131,4.24456879479697,-3.13768586781476,-0.0028623578695133878,0.03726771123943262,0.08560793165081673,0.5834248607072718,0.7645283120290575,0.27624793279668314
113.79999999999998,1.0,58.0,54.0,0.9310344827586207,0.06834556799131238,0.18104800003237323,8.253338774307618,-0.12766883137633897,0.12,0.08136291138974991,-1.215685756269354,4.2356710170865055,-3.0869933218750454,-0.011327986478311347,-0.005587205995385425,0.06291135104310655,0.4196537399732788,0.6995129484557412,0.3652733843925248
113.88,1.0,44.0,43.0,0.9772727272727273,0.02702202754390164,0.07019983818115942,7.102921542479697,-0.06682090683566204,0.10566960953333586,0.028085623539369248,-1.2778261252615808,4.1790082874794106,-3.0940131335285415,-0.010826030780921814,-0.056253481161196994,0.025455733659259572,0.5897680527013854,0.7561386214329279,0.3012890623864846
114.18,1.0,43.0,42.0,0.9767441860465116,0.038711469252260065,0.10854016057750923,7.233709268339302,-0.052683162345866834,0.12,0.043446439919690875,-1.3762122894484219,4.169807864530771,-3.066400414770344,-0.005880496501428301,-0.01895437509561404,0.030834203516854064,0.6447657121180852,0.8546543110798963,0.3560815617871194
114.35999999999999,1.0,33.0,33.0,1.0,0.03283534154086334,0.08559555126058169,6.378289370721219,0.2,0.12,0.03510703926572864,-1.4435975470526836,3.9211650861925342,-3.059503540316248,-0.012083276196064752,-0.24937831161687196,0.019609869794399604,0.5804495307931322,0.7730107965355254,0.33647960544543803
114.5,1.0,23.0,23.0,1.0,0.029640571130862107,0.07695213450933451,5.776404352351561,0.2,0.11365330681204734,0.03387636982534575,-1.489917367178794,3.9220674365487977,-3.064010859613301,-0.007633583186257953,-0.051529703213065936,0.0034528161786222533,0.45320103642712406,0.6429845504451509,0.24602970652297101
114.69999999999999,1.0,26.0,26.0,1.0,0.028694992507435853,0.06107400236859543,6.195042401935014,0.2,0.09571171103038399,0.02782989740870684,-1.5533364861389933,3.9274444890268807,-3.077073048552184,-0.0037097884264409853,-0.011308772604526673,-0.015990730958778347,0.5409071767718389,0.7193190213964111,0.2929713325400208
114.9,1.0,14.0,14.0,1.0,0.02522599067530595,0.05991379230412293,7.333736715671464,0.17954712907268053,0.12,0.024113205535966305,-1.617268399958482,3.9492609504424374,-3.0519782811477985,-0.001300829613268828,0.024061061197020894,0.01280333539368117,0.3938994726509272,0.5677414775632018,0.18774665065992865
115.16,1.0,17.0,17.0,1.0,0.030530420924402116,0.06562340113104723,7.270155482536847,0.06787776146397753,0.12,0.03287916729350489,-1.6972650398455025,4.064488296141354,-3.050866853932245,0.002893994895289742,0.13118489573659264,0.010784391650771052,0.5109607716854907,0.6739111129406213,0.2556339597403155
115.29999999999998,1.0,16.0,16.0,1.0,0.02784641115039714,0.05580914851445501,8.577440204529362,0.039071922810705734,0.12,0.026221158694124225,-1.7420364656011107,4.0960391813533095,-3.050367525391117,0.003999812467960551,0.07667168738084751,0.010879154678199221,0.43490930655985127,0.5713842052472542,0.2302236035945442
117.29999999999998,1.0,23.0,22.0,0.9565217391304348,0.024776323176228486,0.05882961778885624,12.318992602394415,-0.10175288159960201,-0.021719213370853547,0.026623346647459873,-2.543793291337547,3.750379528047302,-1.8554564737742625,-0.14351535779099311,0.17346212177049836,-0.13189746748781506,0.8894497713031455,0.9242151434307502,0.569363367254908
117.56,1.0,37.0,35.0,0.9459459459459459,0.023955280459143375,0.049654244848259095,8.003570533647984,-0.05343743366149461,-0.06482217182543153,0.021113906860754268,-2.4985772694422117,3.615060766760074,-1.6525141409292539,0.0330017407742802,-0.016741604019029133,-0.08280583976680522,0.8094301578006684,0.7074340384619046,0.5091011240665941
117.66,1.0,37.0,36.0,0.972972972972973,0.022375430496680893,0.041102660376245236,5.840686758736975,0.003783976733301974,-0.07624745284472297,0.0189999139978902,-2.438522341892532,3.586275306692093,-1.5902157226154034,0.06497584320361938,-0.005344357310256953,-0.053381611106301234,0.663935803255808,0.5283989303261931,0.3720787105674239
117.9,1.0,41.0,40.0,0.975609756097561,0.02009022887445151,0.040039289746481924,5.406239859341737,0.02679109523954715,-0.10651259723470338,0.01640715640576933,-2.3995403648039426,3.5049042979609832,-1.452463285796927,0.04811581393947861,0.00387523172506965,-0.06492018621621609,0.7659593837598474,0.6034749287258873,0.36415837813123814
118.16,1.0,59.0,56.0,0.9491525423728814,0.03133420679347502,0.07557285901255738,4.766535530403749,0.04712455523476088,-0.12,0.03273646483835689,-2.347265300152923,3.433428275883001,-1.3025926806078054,0.03455017671626193,0.01470047420984777,-0.05575112750430433,0.766859895423368,0.6342636240252635,0.367700355238353
118.29999999999998,1.0,50.0,49.0,0.98,0.021666339959589682,0.04605984882045792,5.58085634383572,0.06483968670046016,-0.12,0.017989641170709433,-2.3165773753422867,3.396370739830353,-1.2631433547456634,0.027194842517041184,0.01445807294785828,-0.03603037826185518,0.6748814299484356,0.5588235765421813,0.32655802659653804
118.46000000000001,1.0,49.0,45.0,0.9183673469387755,0.021025631238013247,0.05026918415518621,3.7167023617166914,0.041787863896714725,-0.11931238145292927,0.017791881045529697,-2.3162842889403517,3.3331985573980867,-1.278615610906245,-0.00715369713394276,-0.0031739617964783307,-0.02408804876642634,0.6795230376386061,0.5602888523376494,0.31535184336180494
118.66,1.0,32.0,26.0,0.8125,0.018535697968400114,0.03177606056524697,2.2806604965953787,-0.009593851261870779,-0.10078550997718662,0.0120629323926749,-2.3487684445897674,3.2447171162541717,-1.302109638994324,-0.042164346787214146,-0.020062931870898915,0.002168796935859696,0.6738435952545622,0.5391976342496848,0.2818021156258289
118.85999999999999,1.0,23.0,21.0,0.9130434782608695,0.02069478156966808,0.035179403998142136,3.11049109447137,-0.004792595914435149,-0.09569460825528547,0.013319666049224979,-2.334982980263211,3.177698014673276,-1.3517809452567051,-0.0013392717439137947,-0.004809570633740989,0.007452768650901609,0.641442102395795,0.5000995807824696,0.25233699741607263
120.29999999999998,1.0,32.0,13.0,0.40625,0.05147296470779998,0.10810818024868925,14.384451214334202,-0.2,-0.06001190169823465,0.05609172155625091,-2.3101743160957424,2.5354519322667253,-0.8767051702946419,-0.0894740886881702,-0.12360549557461731,0.041276638151692135,0.8238881314382601,0.6955683725367665,0.3857117924797505
120.45999999999998,1.0,69.0,15.0,0.21739130434782608,0.06921954668170674,0.20084191745145788,10.948111969403923,-0.08834577219667598,0.12,0.08223166440339756,-2.107925639818643,2.521832012099295,-0.4203228236396323,0.0950422205376471,0.03520070530064601,0.2126125975393946,0.3851618527818911,0.3647532013529294,0.33491066008098014
120.65999999999997,1.0,92.0,70.0,0.7608695652173914,0.1349191403403054,0.32980205905159754,7.051590350634759,0.13230335936574417,-0.12,0.16529053547971959,-1.887681581525349,2.681612149427141,-0.3158669820135564,0.12379333084120292,0.222289151628412,-0.10208715061955143,0.2253836396226254,0.27416672819502325,0.4670018845184045
120.86000000000001,1.0,75.0,68.0,0.9066666666666666,0.08104741633117579,0.1617285640802683,9.171185147942056,-0.011573507686492164,-0.12,0.08988458092775403,-1.7529054161255884,2.541936382690415,0.012382614555168758,0.06765393651424478,0.03162209744450584,-0.05933577052149154,0.5028485620701996,0.623538106681139,0.3855865951001885
121.01999999999998,1.0,36.0,29.0,0.8055555555555556,0.02832608161755493,0.061983285339727655,11.162736872986299,-0.03545154034745256,-0.12,0.026461734367234927,-1.671611656391252,2.5392646250299737,0.17674616135767496,0.040781934640912176,-0.0044176466807690495,-0.03801788841130016,0.6764458962778257,0.7819455169557054,0.3194245095739018
121.25999999999999,1.0,24.0,17.0,0.7083333333333334,0.02218665558347419,0.04237248372166413,10.997783144743744,-0.009694203340310308,-0.12,0.019798275324192947,-1.6047695824748396,2.5978017912874245,0.3383542167773409,0.004310370417795584,0.031889623427039826,-0.02587823391959276,0.4954169458632752,0.6587941212893306,0.2272559909066103
121.45999999999998,1.0,18.0,16.0,0.8888888888888888,0.021569902732335583,0.05088379317841849,13.754942190278122,-0.006492436034011062,-0.12,0.022076827636945018,-1.547443767239805,2.6216773714144206,0.36827957226872865,0.0008006294854512319,0.020135627479303864,-0.02052992333874587,0.48470724152090544,0.6195053682477075,0.22935858012426702
121.69999999999999,1.0,15.0,12.0,0.8,0.02166109371206092,0.03756763440389565,6.728822161851498,0.014253042909998697,-0.12,0.021924223889292743,-1.4788716189390099,2.6565514245253934,0.35379270337061514,-0.0092515133032951,0.034428403470015745,-0.01616835836037378,0.44012576159463546,0.5714713140998582,0.19825086802000516
121.82,0.0,13.0,6.0,0.46153846153846156,0.01646612274322929,0.04054499858811093,12.75264592659253,nan,nan,nan,nan,nan,nan,-0.0092515133032951,0.034428403470015745,-0.01616835836037378,0.44012576159463546,0.5714713140998582,0.19825086802000516
122.10000000000002,0.0,15.0,4.0,0.26666666666666666,0.013296000397914561,0.022130415288048755,12.733391005514736,nan,nan,nan,nan,nan,nan,-0.0092515133032951,0.034428403470015745,-0.01616835836037378,0.44012576159463546,0.5714713140998582,0.19825086802000516
124.60000000000002,1.0,18.0,17.0,0.9444444444444444,0.018770555236784756,0.03769652333991621,9.460175347392171,0.16789208998858657,-0.07420946704246044,0.01333986630030489,-0.39563693755007406,2.2361255919299423,-1.398130257373251,0.21899778347718651,0.1370934521142826,0.03210281099954848,0.9022593013747212,0.9376185934150788,0.5715790635382012
124.80000000000001,1.0,26.0,26.0,1.0,0.0179233699004521,0.03705975694427117,4.928398143127078,0.14743703754234783,-0.0676894223566119,0.012949360227245655,-0.4177585037896132,2.1518194348833255,-1.5298299035068226,0.0076067651759491595,-0.018084746119519046,-0.00558395720257998,0.7637154196384635,0.6779167147636485,0.5010207343071731
125.06,1.0,24.0,23.0,0.9583333333333334,0.020886335002685493,0.03622729958989231,2.249205239300305,-0.14873333029127936,-0.01284363204658745,0.013928370009027555,-0.7336518823309071,2.0688826964977887,-1.6436421113058586,-0.28813382991762587,-0.014461880264069915,0.05193663864980125,0.7270868317559795,0.5776754980282928,0.3744323751195905
125.30000000000001,1.0,24.0,24.0,1.0,0.016357640228900735,0.03566774388129432,3.19987503680748,-0.1471271746701249,0.049341489515934304,0.01308625279616164,-0.7556448336171958,2.021602433880814,-1.736891045028131,-0.07079889328601363,0.013160688388285102,0.10165842472382636,0.7194136640285926,0.5796084174889261,0.3509393363735915
125.45999999999998,1.0,44.0,42.0,0.9545454545454546,0.02523920710171163,0.08625819209537416,3.2411719055773056,0.07084100686374376,-0.012802381392098928,0.02607889622094658,-0.5636002527330228,1.9287764959377365,-1.9003060436009367,0.19155168513577692,-0.04987016414013823,0.005485311335887255,0.7049875217036522,0.596817354006157,0.37563988863337605
125.60000000000002,1.0,40.0,34.0,0.85,0.01666318602818238,0.03330391438969044,3.0216120802401996,-0.0725684745147757,0.036410746956908185,0.011507128389669174,-0.7181000352858785,1.9452851977950996,-1.9391109519747092,-0.07880827824602243,0.036811049309033006,0.04911803223243383,0.6581244480448876,0.5560025627765163,0.33021017887791587
125.80000000000001,1.0,46.0,41.0,0.8913043478260869,0.04696553949320544,0.28058483570409315,4.8762193268778855,-0.014423416540960098,0.015226423556903623,0.08811191056187218,-0.7031751712827765,1.8779188497445714,-2.06241967271843,0.028584450293078545,-0.00870504516663706,0.013030233597903338,0.4223449632413483,0.3326697364187023,0.33252141569201116
126.0,1.0,47.0,35.0,0.7446808510638298,0.022968570301975143,0.2488461428428748,3.9023643319313406,-0.04260059082867879,0.019679826837194967,0.043316318772536444,-0.7642084744925888,1.8471267980500925,-2.1223385421127787,-0.007648188245462206,0.012249922117567813,0.012867960768576657,0.7334691946999642,0.6689830910950951,0.3333600982732173
126.19999999999999,1.0,53.0,43.0,0.8113207547169812,0.04449596474808955,0.30228835467179715,4.403471102029866,-0.025199145633779695,0.011079130564070021,0.08864969525008293,-0.790973197405792,1.7884600482688267,-2.124465997994824,0.012595359389854122,-0.005412416721463975,0.00021591165903167564,0.41584631902760305,0.35544209878573596,0.33389130544000195
126.39999999999998,1.0,69.0,53.0,0.7681159420289855,0.07006641122351442,0.2895902383901833,3.5296096628334825,-0.04844760447237287,0.03135906861145284,0.10867058407671927,-0.8334146634919855,1.7437186734221712,-2.0564672636279875,-0.014418840675010536,0.007984985350379947,0.020280021720707087,0.37343816506475197,0.310947269855225,0.33415223239717007
126.65999999999997,1.0,78.0,58.0,0.7435897435897436,0.0954383376086275,0.33603498157753975,7.714914759586512,0.2,-0.12,0.12675211415138776,-0.6459474946217472,1.5640825275882762,-2.124124109606713,0.2135275874941861,-0.10249015947895024,-0.1377091355347253,0.37172225077092413,0.2971157600206542,0.3558529475420483
126.80000000000001,1.0,50.0,38.0,0.76,0.09248254548270139,0.23523424542261365,10.47931875785251,-0.018841123250886906,0.10978088535804476,0.10490601660069113,-0.8558191020897553,1.6145514798797198,-1.8486335555172722,-0.06673294452373124,0.028906286005978332,0.1389881255068086,0.4427605915833109,0.36744912866206114,0.32124920347312214
127.06,1.0,38.0,27.0,0.7105263157894737,0.11122930076169962,0.22496121859489013,9.49320453578079,-0.021186165983338216,0.12,0.121949322337416,-0.8877305368913561,1.537417671310812,-1.8032326156280551,-0.04101617740698593,0.016265978502510103,0.10519458081949007,0.36843669632853815,0.28338269740807515,0.31285075014758207
127.25999999999999,1.0,26.0,16.0,0.6153846153846154,0.14594820308329992,0.21603655435512875,12.676669200823868,0.0674610987359265,0.12,0.1483271558079376,-0.8383639132400279,1.4506174107246717,-1.9107845854374386,0.05102374754030847,-0.025214158907218343,0.07266566286415643,0.1954434134977709,0.14251107390554435,0.212263764117737
127.39999999999998,1.0,53.0,52.0,0.9811320754716981,0.14286361351252966,0.261002119604812,7.12960004738412,0.009334387382932187,0.12,0.151756116505955,-0.9209907253746733,1.446463168711237,-1.996860194658323,-0.014867995790401323,0.0070057996467567385,0.056960229489955154,0.33084261086606825,0.2566617194463783,0.3514617732386866
127.60000000000002,1.0,72.0,45.0,0.625,0.10197417447955352,0.31417995811491467,9.35325911696682,-0.08278853024642338,0.12,0.14461793404855602,-1.0360858508933122,1.4643598557995365,-2.1189820574490135,-0.08691467838889988,0.06478502690293131,0.037049737746063016,0.3523886714468268,0.28882397898542994,0.3418611650906972
127.75999999999999,1.0,87.0,71.0,0.8160919540229885,0.12344555128410592,0.3432436450091393,9.248213323179348,-0.19185710206397813,0.12,0.1620518296702595,-1.1439722648880237,1.517166087647937,-2.2302584348971943,-0.12852565341124733,0.12959716951328382,0.025103427819032298,0.27913683630359937,0.23979061579498362,0.32263933781469484
128.06,1.0,77.0,41.0,0.5324675324675324,0.25927217092735333,0.34967883682197354,10.17737120171395,-0.2,0.12,0.2774033207674908,-1.3045346151903574,1.4751155040222694,-2.726649185102695,-0.02091889552841608,0.17420336483602727,0.01793504403389612,0.1319593181268281,0.13541442646148472,0.36464335920066265
128.2,1.0,49.0,45.0,0.9183673469387755,0.14641257568525873,0.2064020345109863,8.253784433977316,-0.06009727704460417,0.12,0.14739805139760348,-1.34440853000939,1.3465814237325382,-2.9107201434220484,0.03746928878365252,0.02928257018104463,0.012492576791314214,0.34659718754110386,0.38791918439880246,0.3244940510452844
128.36,1.0,49.0,46.0,0.9387755102040817,0.06609254198132326,0.12844621926605684,6.986228330706485,-0.011868921064473108,0.12,0.0706609530558972,-1.3835078096910607,1.302834328476228,-2.9715058408502255,0.03204277976234082,-0.02253213576182933,0.008675068797958652,0.6459211183566869,0.7141135931148617,0.31407872143889787
128.62,1.0,41.0,41.0,1.0,0.09252092950651954,0.1527454090719944,5.8522684790418005,-0.06920208276917968,0.12,0.09433877550778792,-1.4602523070518154,1.3550793271956747,-3.02468229501062,0.010342191485402497,0.06082672597074934,0.005500046727993534,0.4005741651705262,0.5392725554650016,0.3473999626957336
128.76,1.0,26.0,23.0,0.8846153846153846,0.08538681959564885,0.11288703369336986,2.681491096430815,-0.2,0.12,0.08463992746374457,-1.507460168741491,1.4865281061604136,-3.0352316606182264,0.009815638657654002,0.16485411096892721,0.004210726680773824,0.33442012365079105,0.4590556706751741,0.25044786809868863
129.0,1.0,29.0,25.0,0.8620689655172413,0.1005777419990928,0.14112554730832982,4.621008017845833,-0.2,0.12,0.10049560092976376,-1.5819007822213442,1.4831477611621495,-3.048193454500015,0.010829775774387151,0.0981548675388344,0.004747626239267166,0.31001647753506406,0.45296201924803897,0.30049199627438333
129.3,1.0,17.0,17.0,1.0,0.12493200589146886,0.15635785561757162,4.079542381184086,0.0879443974074805,0.12,0.1246397894078905,-1.6852832418338672,1.192393913872799,-3.049711134964147,0.00013862402588493694,-0.2229055800706441,0.004313420210952045,0.1951205335611822,0.31173452140518143,0.2526957047022879
131.56,1.0,13.0,13.0,1.0,0.0340501048361426,0.09043930677716423,8.87973787840567,0.06090994279975322,-0.028422381317978914,0.012087992718248394,-2.3308554329018767,0.8751922636181991,-2.042212784010119,0.005354009694428896,-0.010956020315286308,-0.1471101213160457,0.8535958694677613,0.9031263966737614,0.47177365621835277
131.92000000000002,1.0,13.0,12.0,0.9230769230769231,0.018827485612356264,0.034585325390098266,7.056156565280535,0.02801126775666342,0.03410805401556003,0.013505434473900587,-2.3703092296154993,0.7780491696256253,-1.718670455392921,-0.02970247298524864,0.01843973944123134,-0.016005075777891786,0.6830843382737936,0.5882772335394776,0.3520302412836759
132.12,1.0,15.0,13.0,0.8666666666666667,0.019275858483167988,0.03835058058592398,9.193914985363406,0.06487354313249832,-0.027876256878708955,0.014741758681635377,-2.331541883498011,0.7176033517589291,-1.6347765395925016,0.025961829431055516,0.009265772571475983,-0.07079643067480412,0.6120392290546085,0.4925342281396357,0.30922573447747503
132.3,1.0,14.0,13.0,0.9285714285714286,0.01936001413635949,0.04022314385947541,3.563303011404345,0.13836022123902159,-0.05026273810073102,0.01285756884240992,-2.245952364754844,0.6650739184787993,-1.5352593799966714,0.0825475701145102,0.018909916508065505,-0.0721884014703833,0.5784164289489544,0.4420683896372963,0.26971982665106814
132.60000000000002,1.0,21.0,19.0,0.9047619047619048,0.016997811273462383,0.03855003764637681,3.187881514222801,0.07416270200265265,-0.08077844619576355,0.009447786776497033,-2.2735191171760105,0.5762707797913339,-1.360271013138714,-0.0318453489646755,0.019608646234176574,-0.08591641605537559,0.7190800507272718,0.584911537189867,0.3509718022183962
132.7,1.0,29.0,21.0,0.7241379310344828,0.015340753612606487,0.039496670828416854,1.0536073818771288,-0.059098624183167865,-0.013652439351679809,0.008691358203002347,-2.386713003335942,0.5027970637021147,-1.2538460983895827,-0.13462840462326264,-0.030773604311793767,0.01211065304994463,0.5839617420262602,0.484198222951338,0.3066405881401546
134.3,1.0,38.0,38.0,1.0,0.017265504845010632,0.03779170698136003,1.7499398366452392,-0.022077683843047327,-0.12,0.010291373944990159,-1.9638952944248345,-0.03554511732511304,-0.5839319126416201,0.00450657410318378,-0.0032342857690349502,-0.0947597054447928,0.9343260418548793,0.8963563325036109,0.6291710315378386
134.5,1.0,33.0,33.0,1.0,0.025773085109520137,0.05378359958605409,1.0723431715842207,-0.0014394401531110923,-0.12,0.01950074301308917,-1.7994189798943978,-0.039483680652015095,-0.24141530110572373,0.013534425957376417,0.03228010796343277,-0.03514582219601853,0.650833750427514,0.7469065360442142,0.4401508644418735
134.77999999999997,1.0,32.0,32.0,1.0,0.018274592544708947,0.035362190593151197,2.133737579362058,-0.05200499278431976,-0.09678947512462974,0.010388135907294203,-1.5727940312137514,-0.05575225926788297,0.0721639313060222,0.01020869992069251,-0.02006426038750537,0.001779309077666186,0.64350417614787,0.8061457347521073,0.3994461800240604
135.01999999999998,1.0,26.0,26.0,1.0,0.024425305958839388,0.0903645410037352,1.6101168255391076,-0.02325399235365058,-0.031557366266544075,0.0092955051127095,-1.400045501787222,-0.006680585357338575,0.1467835348509872,-0.002046502300585562,0.04201310933316513,0.06729686704864672,0.5708495562296579,0.7707188775526799,0.3261963083012071
135.07999999999998,1.0,27.0,27.0,1.0,0.023841706479525264,0.0664264072036242,2.05319924931062,-0.012902769229660048,-0.0016505667202052674,0.010581153785622955,-1.3383130969512358,0.009242265206743833,0.16046433177621364,-0.0025603325612604255,0.023719694858468227,0.07364564516933124,0.444962231443565,0.5978805651032727,0.2752676968141386
135.39999999999998,1.0,23.0,23.0,1.0,0.021789841615550393,0.06566889234484875,2.230439630958188,-0.03469329438745146,0.03221010323363645,0.008651616107095498,-1.0828873427381605,0.01926448116067732,0.13576896720031065,-0.0009704034199655709,0.0007864488684153764,0.0864886160282052,0.5714148251873749,0.8059789481258929,0.29740418584923045
135.5,1.0,22.0,22.0,1.0,0.025447025206725482,0.09710232212040798,3.726768251338866,-0.003333089321337148,0.00460937460014785,0.010895500422140254,-1.004389753796209,0.04689408697834365,0.08785164035814948,-0.003549373109036802,0.03258566584997895,0.03313540744640727,0.4526561136117397,0.6531392972893094,0.2542351823650128
135.7,1.0,30.0,30.0,1.0,0.019622232025785582,0.06183084407209127,2.2395592923710277,0.0007510492174969737,0.0072019371819248305,0.01056315589653274,-0.8468610132987635,0.05491520312446925,0.060600938761767496,-0.0019175243500382244,0.018034445822534252,0.026360811172099097,0.5803544230079547,0.8021645110064278,0.3337384717945918
135.89999999999998,1.0,29.0,29.0,1.0,0.01873453528772746,0.06131919008219159,3.1196301590450926,0.004574731424774229,0.0001204885526020216,0.008520272873313707,-0.6860416300770049,0.06111908805886166,0.03338976773305832,-0.0007689781941361273,0.008677008718832785,0.009923465793160934,0.5652627888316851,0.7988251577414682,0.3206936309349533
136.10000000000002,1.0,41.0,41.0,1.0,0.019703989324678733,0.0625596560956407,2.131603114387968,-0.01000345763316026,0.020077416159655498,0.009720219728277359,-0.5259090702934932,0.04726661120759946,0.04032009973576642,7.749838357307137e-05,-0.011914280372143336,0.026440714168792675,0.5899545810693003,0.8197057684191906,0.3416370582793272
136.26,1.0,39.0,39.0,1.0,0.02407683545619406,0.09386213101503157,4.984885663095169,-0.02284688300599326,0.03482188449542121,0.013305136815102255,-0.3960874672846525,0.03556057843305363,0.04849589933196872,8.006321931913751e-05,-0.015539536758439464,0.03248868633684615,0.554297910674262,0.7905036480472007,0.32159732789966167
136.56,1.0,43.0,43.0,1.0,0.014891610966553793,0.030712602313548765,2.148108335109686,0.01141464373720347,0.012630894706303944,0.00841976856498643,-0.15938633940732455,0.06495399610281014,0.01678658265888009,-0.00043793162995417467,0.02779126542954939,0.00025456054051605295,0.6398987101195787,0.8690779760840018,0.36276969163120776
136.7,1.0,39.0,39.0,1.0,0.012629128609102968,0.024090140727202013,1.9386262182332725,0.015512784581695752,0.012788434215330135,0.007756991902129783,-0.0480100833822211,0.06917744324322245,0.013804956295923468,1.1286124999773661e-05,0.0062569218243933855,-0.0004632660184955128,0.5472521498735037,0.7880942521521334,0.3237551145609471
136.95999999999998,1.0,35.0,35.0,1.0,0.012114704000354467,0.024867430091901024,0.9259457327963562,0.034684841410160004,0.0036238100230764443,0.00481711436983481,0.15961444147474768,0.08465738388454301,0.0010030999410878356,0.0001047177167369795,0.017751613373312533,-0.009626238218808196,0.6164843054875919,0.8574646816466575,0.35015450775828494
137.12,1.0,30.0,30.0,1.0,0.015466021506901925,0.03313155265320756,1.0076317509817252,0.031056661899702076,0.009105667250914783,0.0050577604542899855,0.2877270640057659,0.07924885344801585,0.005117260498263565,0.00011595096119282333,-0.002339457964204386,-0.0012459007147923886,0.5426901617085893,0.793108309456042,0.31156776433427735
137.32,1.0,20.0,20.0,1.0,0.012456572785529706,0.03260166417679564,1.2119678320881773,0.008407433081255716,0.029327298938298454,0.005109027186918452,0.4483946206971005,0.05235888788190874,0.02429643964574703,-6.658134161163787e-05,-0.02471547399215788,0.01942104512967095,0.4650308555885085,0.772111665396013,0.2375388615799019
137.5,1.0,30.0,28.0,0.9333333333333333,0.017096326338495622,0.044282319140772734,4.307170993570358,0.04568042929739302,-0.010272937073408754,0.011532010944582054,0.5921825769354835,0.08699891795519102,-0.01594772792795856,0.00011091314758115978,0.029486975182273334,-0.024199230546876904,0.5639646593628841,0.8211252462086964,0.31637925139053047
137.7,1.0,44.0,25.0,0.5681818181818182,0.028667080406095304,0.07180517618515164,7.352299622058326,0.046872955563421276,-0.008447000050078021,0.027319505816274476,0.7515095757525398,0.0853823491750337,-0.014635925392857616,0.0001317084073777508,0.005548459476369644,-0.015442738829857609,0.5327116459480598,0.8049252812525358,0.291720488468091
137.89999999999998,1.0,54.0,45.0,0.8333333333333334,0.02707326086084656,0.08285883424029641,8.737986248749099,0.03618696123472408,0.016408249959373334,0.028964019704918104,0.9117059715989652,0.0722636073797972,0.010001536183508568,4.198852917691731e-06,-0.009895788659362248,0.013775924600368614,0.5994506953315023,0.8443866189188985,0.3500904888012264
138.06,1.0,45.0,43.0,0.9555555555555556,0.027751420092450556,0.08239893198087596,8.080211592837687,0.08321331657253456,-0.03449516453514348,0.02867470651653975,1.0412016324925653,0.11646196350693004,-0.04099407937255342,0.0002978616334006201,0.04444077146066473,-0.041702467167269365,0.5561145368338545,0.8121549920332761,0.32557892864912014
138.32,1.0,43.0,37.0,0.8604651162790697,0.03528775536839797,0.08907334593407966,8.746645835886545,0.10415356906745932,-0.058725955694670456,0.03396862497686655,1.1369258990983162,0.1351265012221692,-0.07244116479111765,0.0010501335768717812,0.030104623418746007,-0.05338651382505367,0.6182898045761661,0.8662580607783951,0.3522276029119099
138.45999999999998,1.0,30.0,27.0,0.9,0.032523001441060954,0.07130110438417735,7.155462020380413,0.2,-0.07691764912966262,0.032297422974581234,1.1913127355384308,0.22865004736978428,-0.09074082875472891,0.0017161499239570777,0.10132295054690063,-0.05312018118896254,0.5012484333173708,0.7445196740515693,0.2838358541517494
138.65999999999997,1.0,26.0,24.0,0.9230769230769231,0.03487166370088002,0.08203559062365522,7.093130363358664,0.2,-0.06086845114550486,0.036953956153325355,1.256742912173596,0.22709329943255105,-0.07828321417515503,0.0008330613545495247,0.028500083134555626,-0.023165559093970618,0.5152707741640153,0.7465165970774513,0.2744144222705993
138.86,1.0,21.0,21.0,1.0,0.036485296082223694,0.08744193548177769,5.222625413092592,0.2,-0.05799449185389445,0.038820245084419946,1.3233951545884652,0.22646395776513825,-0.07846082096460368,0.0007667831383670887,0.010185162246023893,-0.014304550983784053,0.49797149490743314,0.7025919581300876,0.2593529193147727
139.06,1.0,15.0,15.0,1.0,0.03638081047656212,0.06724828011266998,5.260261378739629,0.2,-0.045525795684611514,0.03654864182149358,1.3895382330929213,0.22478144939476358,-0.0671490755506276,0.0006445343560919081,0.006197024873179968,0.0017186809263981528,0.4251810515354411,0.6135191374983392,0.2087517437383754
139.76,0.0,15.0,15.0,1.0,0.03638081047656212,0.06724828011266998,5.260261378739629,nan,nan,nan,nan,nan,nan,0.0006445343560919081,0.006197024873179968,0.0017186809263981528,0.4251810515354411,0.6135191374983392,0.2087517437383754
139.8,0.0,15.0,15.0,1.0,0.03638081047656212,0.06724828011266998,5.260261378739629,nan,nan,nan,nan,nan,nan,0.0006445343560919081,0.006197024873179968,0.0017186809263981528,0.4251810515354411,0.6135191374983392,0.2087517437383754
141.5,1.0,28.0,28.0,1.0,0.023037966338101852,0.05185538181975881,2.894330786216955,-0.14238393728093332,-0.12,0.019843801861573206,2.3653920677361553,0.3649285713835596,1.1091875159939901,0.11291214450785603,-0.20528601933027435,-0.07321741876331811,0.9174458260324478,0.9556643500100312,0.6592791949723765
141.7,1.0,42.0,42.0,1.0,0.020964473791169315,0.059287787152903636,4.485608292671985,-0.16687873620902846,-0.06443067955970165,0.017865164195103568,2.4052890762876205,0.4745329383762474,1.3593493794605687,0.028517924587146748,0.017356813072517185,0.04539224000714803,0.7567897132361385,0.6684869373738309,0.47807613445614155
141.89999999999998,1.0,39.0,39.0,1.0,0.019465601186737624,0.04728242918117404,3.888694473799614,-0.16726895994606134,-0.05745823275350908,0.014648934312839914,2.4021325012032277,0.5887001691022483,1.5394747512568365,0.0025570530706229277,0.03526838731410464,0.03136395080898868,0.751667267070368,0.6006459053505043,0.39173069201932165
142.07999999999998,1.0,41.0,41.0,1.0,0.017695704346897878,0.04044787495358868,4.349897117136181,-0.14754482001840877,-0.0329812792981829,0.015592089216005208,2.362462563011926,0.6871236784163832,1.7183303334990905,-0.02626438400612141,0.035122949487181754,0.04357487096949986,0.7303200052824261,0.573241385582551,0.35135852406782414
142.39999999999998,1.0,42.0,41.0,0.9761904761904762,0.02980902420094589,0.06439698564205125,2.2166843870632773,-0.2,-0.12,0.028414137470643475,2.337375903468203,0.8708900990068548,1.9104252890637623,0.019746057998191624,0.07399310107477275,-0.059232361543369194,0.803079057145489,0.6658290376332824,0.3819280593093658
142.5,1.0,44.0,43.0,0.9772727272727273,0.016333935950372545,0.035596801830843704,3.0410149027927864,-0.1591734832055245,-0.045962648537190405,0.01008385066800189,2.2706921786419763,0.900583208661923,2.0650478508494983,-0.045362508211050034,0.014974404572488775,0.03873154166436965,0.6341111305989637,0.5376634670402696,0.31760012665779436
142.68,1.0,44.0,44.0,1.0,0.01402930871926944,0.03016164895921438,3.068385607218546,-0.1328889327751869,-0.020827726167356262,0.008920151135632057,2.2098275669846994,0.9589496931425663,2.111781136488389,-0.046262959568157846,-0.004212322373234656,0.050965526400550853,0.6828932512157253,0.5895252955644917,0.3188299019293395
142.89999999999998,1.0,37.0,37.0,1.0,0.013950548365437878,0.03185685272964209,1.8976392245410334,-0.14015922134890588,0.001517961355557882,0.006795252343670101,2.1836670670663048,1.041960672702249,2.0658939238641394,-0.007923918791541418,-0.004840672755322961,0.0561234719296162,0.7278999745445843,0.6271159493446469,0.3345038736736308
143.15999999999997,1.0,46.0,46.0,1.0,0.021129002230064444,0.11062982231628746,4.790857497674277,-0.1355883600120733,0.028781839434266033,0.025799431430657806,2.150817007487808,1.13205136857387,1.9861213797433837,-0.0030575557895669014,-0.017634125022914837,0.06442078013148933,0.7577988460753486,0.647519452101947,0.35544124682485995
143.39999999999998,1.0,43.0,34.0,0.7906976744186046,0.01210217588981802,0.03179593786491122,3.2650509564283383,-0.1381536469494633,0.06177593182962088,0.006560885265578788,2.1438637427092972,1.226229171646872,1.9208343288569334,0.0062881837520696315,-0.017955014869146302,0.07436875179934854,0.7587468779797202,0.6319645921845009,0.3570942629694021
143.74,1.0,38.0,31.0,0.8157894736842105,0.012967960510592829,0.02760652743001547,2.8072461872886323,-0.08801693181047544,0.053478885135398446,0.007756874352868535,2.104897798974892,1.33846408664926,1.6804345800334262,-0.03955862711113056,-0.041314043271429624,0.0396753681121258,0.8053197987533136,0.6661771747740021,0.38262713381363356
143.89999999999998,1.0,29.0,27.0,0.9310344827586207,0.013838339104715955,0.03700117681164606,3.9179753733458464,-0.0931836465548492,0.03606274397252654,0.007518442637775901,2.12492662306603,1.3968998341832823,1.5663489782469755,0.001028734074848714,-0.021918862780148096,0.0062017090699824085,0.7084194454124931,0.5304725940085593,0.30838912058946877
144.10000000000002,1.0,31.0,27.0,0.8709677419354839,0.022289477701762563,0.07348415132368809,6.125568876095713,-0.07881827510630378,0.01904303655442891,0.023453092838764577,2.1524795034925326,1.5405283902147295,1.4112339860495278,-0.010155384538018897,-0.021827003048317195,-0.012556168636256082,0.7225726912387449,0.551289488181551,0.30876738493344663
144.36,1.0,42.0,39.0,0.9285714285714286,0.03640432456570123,0.1009115949653458,9.349305663239628,-0.11931090468688539,0.09584693704745065,0.042574269245849804,2.264175378276495,1.7125199141736238,1.3647845067876732,0.03847934559262045,-0.03336695661954714,0.06805145520295142,0.7924748312733352,0.6403918375380687,0.36603839900524837
144.56,1.0,31.0,19.0,0.6129032258064516,0.02385831594607095,0.06620658192628,7.924737455251398,-0.05979236684851028,-0.0020152215079072195,0.02297455152787386,2.270455634754319,1.870086893967762,1.2302303853625194,-0.042602492519642876,0.0015250351562572373,-0.0525924174040171,0.6577654122706964,0.4777693713450878,0.23953779547107143
144.8,1.0,54.0,49.0,0.9074074074074074,0.035009992509051055,0.12705191049164652,8.297702157719769,-0.0025686763289552083,-0.0902159317936673,0.041807106204143386,2.233437932571187,1.9273870769549661,1.0997267302304763,-0.0675563486200712,0.017001061226731506,-0.1296302170175725,0.79608299430992,0.6543180972989495,0.37672986308940737
144.86,1.0,57.0,56.0,0.9824561403508771,0.04227975463947475,0.11979817526014536,7.802964794587737,0.033359453560491525,-0.12,0.04964874839150735,2.2107884374828792,1.9564612517120425,1.0665154990645163,-0.04691534512627982,0.016212134856515847,-0.1116360944913295,0.5866605638598105,0.487082805036983,0.29926208379212865
145.10000000000002,1.0,59.0,56.0,0.9491525423728814,0.03532986954248468,0.10799408345599897,6.9818362486079035,0.024062852779906444,-0.12,0.038265235991244616,2.255619281391384,2.0243997994307787,1.0481138982556781,-0.013076489717193773,0.004863657151269241,-0.07873398373340225,0.7446758836806975,0.6258031010653698,0.33358127199808874
145.26,1.0,46.0,41.0,0.8913043478260869,0.02437703889774563,0.05474545262126423,6.906813005214754,-0.08419581921866037,-0.08565978769294169,0.020542891703652512,2.3750233122860016,2.029185342833607,1.072339453079404,0.09274817714859385,-0.04061099777550181,-0.018341777063377585,0.6814486639142499,0.5878313599656794,0.31868255472189905
145.45999999999998,1.0,47.0,42.0,0.8936170212765957,0.02391502972901304,0.06354893143237757,6.6234581283908,-0.09722166424812646,-0.07755620873653171,0.019041281821783815,2.4143908344194362,2.0836139807042433,1.0739365654628699,0.03409431283517694,-0.014257579810606824,-0.002862396942695078,0.7046286292178868,0.614937789388842,0.32720310704154326
145.65999999999997,1.0,47.0,45.0,0.9574468085106383,0.02348098194932887,0.07611361634455094,5.827442977226201,-0.10712940967825416,-0.06577441502231215,0.021965930673392614,2.4511346204778124,2.1398212522059614,1.0826911668740917,0.013488854993674249,-0.005232788831103452,0.010464477231437508,0.7008576834648746,0.6171649053478857,0.33101328463221447
145.89999999999998,1.0,56.0,53.0,0.9464285714285714,0.02165475998814726,0.05352616886378379,6.016124456606148,-0.1201446867123978,-0.0491951491184742,0.019327848938610233,2.49209353653013,2.2036672383103215,1.0973114648626596,0.010539717315853014,-0.004400493975360131,0.023826198897471063,0.7248720147187222,0.643121172760431,0.34730017604871205
146.06,1.0,43.0,42.0,0.9767441860465116,0.022515095131253438,0.056567711896042566,3.910983104232521,-0.08826722545627273,-0.07281563491434952,0.021690033032953738,2.4858223511281654,2.2644583678583667,1.0738212424080429,-0.029343080455499937,0.01373969299879807,-0.007865852503037951,0.6665082338780257,0.5889253077537517,0.32494757830460363
146.26,1.0,47.0,47.0,1.0,0.02730453560498554,0.06993583326905473,5.41760333754998,-0.13276419074127485,-0.0407561747365976,0.026005689845242982,2.553261146734965,2.3061653563559226,1.106285110812121,0.02759544824338578,-0.012362443861701156,0.026207798004611153,0.692380472890299,0.611061828910846,0.33000232769143373
146.45999999999998,1.0,32.0,32.0,1.0,0.024769037555983853,0.05606251257929735,3.1217042763539258,-0.14147258101596968,-0.02408213767099149,0.02311176041412179,2.5880762618779385,2.3583618807665734,1.123640237111148,0.012619192694012682,-0.005019188845514666,0.03476413939951662,0.6948413102514606,0.6131925354073943,0.33228999961308064
146.65999999999997,1.0,34.0,34.0,1.0,0.02570017206412736,0.0562741746128908,4.712206541719646,-0.14694933863233514,-0.0164144411627542,0.02398455252438041,2.6200074921763057,2.4145142666833808,1.1320694723146398,0.006022289905575295,-0.0020943184726549546,0.031107049871632153,0.6956319345708736,0.6121624865425594,0.3332931487198173
146.86,1.0,23.0,23.0,1.0,0.0222383363855283,0.045489368488936366,2.9706116451683044,-0.07068589211466814,-0.1084709615328384,0.01708383600147057,2.577186445740892,2.51105039068856,1.0787336039348063,-0.06894283164011661,0.03422554740433226,-0.07120870832151494,0.6250852892730583,0.530057948596509,0.26472060264499464
147.06,1.0,36.0,36.0,1.0,0.024168409368333626,0.05606474697900024,2.9029133718327014,-0.1080045195395693,-0.06584786928870116,0.022075845799049552,2.627315978065687,2.57188886375785,1.2494550768931578,0.011407967709558875,0.012000514581995692,-0.011132220211675037,0.7192582995598534,0.6205660270494673,0.34883319917943106
147.26,1.0,34.0,34.0,1.0,0.022308206530804776,0.04342729403519597,4.061561037326843,-0.15927413480924515,-8.3745751925491e-06,0.017853812039339115,2.6805575642380726,2.6369039481309096,1.4361463425469523,0.05355351781871942,0.011107385327486341,0.05874453941395119,0.7156179855798955,0.5957088551997782,0.3405682953954363
147.42000000000002,1.0,34.0,30.0,0.8823529411764706,0.023411016906798823,0.06201109692164131,3.7830386120443014,-0.11711995162423648,0.0009203651107559648,0.019107902873403335,2.633834758684228,2.7010159114854724,1.531231644448872,-0.02675941666091397,0.022731272864495722,0.04058234545537798,0.6708664335679972,0.5399186307026963,0.3079942771361347
147.65999999999997,1.0,38.0,35.0,0.9210526315789473,0.020655780175130735,0.050474761226568535,3.7073968666683386,-0.15883954660058033,0.00535849036569068,0.01742133837111922,2.6588759969287876,2.8010507074894955,1.6898647307302233,0.03053612304882014,0.03236374714194623,0.032147858424797615,0.7497168122130584,0.6092687461205187,0.34618468369934513
147.86,1.0,45.0,40.0,0.8888888888888888,0.021783084277794813,0.050781321053609205,3.2819382036255473,-0.13119205969107373,-0.006420517770926629,0.018452669109017727,2.6038845481896087,2.879017035590189,1.8167272281414715,-0.023990343556963722,0.02703004694319988,0.009981995109766382,0.7211637402602872,0.592104217949713,0.33932111504501405
148.06,1.0,45.0,42.0,0.9333333333333333,0.01776790671021134,0.03976317516494123,3.56977915401262,-0.14210142292532926,0.01778473972407714,0.01464254108723417,2.5759482286777633,2.956953920408808,1.9791653960488353,-0.0035819236927530085,0.032508456716664025,0.03058744470286534,0.7179268609721727,0.5981381202907226,0.33635892071053153
148.21999999999997,1.0,56.0,52.0,0.9285714285714286,0.016946233343901784,0.040800991773386204,2.157961615382567,-0.1055865937303257,0.02061600812324773,0.010497554057639481,2.5056071860690876,2.9978422969508154,2.0918104857947566,-0.04113612534289013,0.00978628665538439,0.02340039215999612,0.6661857752747231,0.5778600908808317,0.31990996590533444
148.56,1.0,47.0,47.0,1.0,0.023142630994067503,0.04886472628690565,1.5193605244447614,-0.2,-0.0756005229846895,0.019678337917440298,2.4810489508975726,3.1580377478199853,2.2266887967326716,0.04245313462808609,0.0897284029437051,-0.08075848546646337,0.7532133226284593,0.709029047247656,0.3766601881706355
148.7,1.0,16.0,16.0,1.0,0.017936222729783118,0.03191423599447251,2.1928695884961993,-0.2,-0.0320701075124849,0.011918641034087761,2.430117306428023,3.1993087423049573,2.3507821880127584,-0.007792830880053447,0.033335873340059496,-0.004672640660047467,0.45903882191127127,0.4469993011298898,0.19806250682892218
150.0,1.0,45.0,43.0,0.9555555555555556,0.04396565641719592,0.17628419093901757,5.7280160794618435,-0.04966366368821794,0.12,0.05300832945152664,2.112313219660223,3.52671655933558,1.7488538471630082,-0.10815850310047859,-0.12970102543477946,0.148703343035234,0.9011597496420267,0.8776388798250596,0.5881004055223135
150.3,1.0,36.0,33.0,0.9166666666666666,0.18544463364806024,0.2666994064868834,10.377869550203288,-0.025200378281819955,0.12,0.18893160681806415,2.163607833928798,3.7375051813241402,1.2492930892777538,-0.015685245136468406,-0.03014521400574033,0.05544792407988597,0.23721260139501762,0.1398521492722269,0.45512600992202046
150.5,1.0,26.0,26.0,1.0,0.12862117590096364,0.19345052151592756,7.815670992489819,-0.0821207760957716,0.12,0.12793048228598064,2.291768366400317,3.8363605373892438,1.1045593899985162,0.049544842210958784,-0.06881523127300548,0.030093493824260742,0.40986742455047825,0.2777052128209792,0.33434733576450165
150.65999999999997,1.0,30.0,30.0,1.0,0.016299297011201835,0.03097333610666983,3.16935437581801,-0.02211714355453206,0.12,0.010954730427565692,2.314502853631139,3.9763965136583495,1.075443921165701,-0.01231664194494364,-0.021747263157751995,0.021649395523035908,0.8205996348077097,0.7426582337632046,0.3359846423358447
150.89999999999998,1.0,38.0,38.0,1.0,0.018913781201319212,0.0569823113282347,6.12848052475429,-0.0005004708309672903,0.051220672003377696,0.0186601050339605,2.3531271209755142,4.090351174935798,0.9985001304584249,-0.009578039390668813,0.0008498508487067014,-0.05446140816636502,0.7761091754264988,0.6788310637461862,0.3583424872795104
151.0,1.0,36.0,36.0,1.0,0.02043362893750493,0.0574178428432966,5.993053737191025,0.027798614527952122,0.005237293485508002,0.01959062574190365,2.3472436931804737,4.132465099251851,0.9464014287257809,-0.02306353745630707,0.014939103758147887,-0.0811319947392557,0.6479818480436458,0.5588588504076061,0.3066264374450084
151.2,1.0,37.0,30.0,0.8108108108108109,0.020444926692252268,0.039663804563925625,5.227457673853421,-0.032818334524958394,0.04710717277521583,0.016752297425237764,2.4295252345062126,4.15214107713613,0.9849946958754098,0.045211732263927384,-0.0329084649709781,-0.01471099943227805,0.700369120931713,0.612816631904168,0.30787743504613235
151.48000000000002,1.0,42.0,42.0,1.0,0.016259380958545188,0.03918907617107564,3.535259563730005,0.00872844471891617,0.04285618601588508,0.010071729180346697,2.440825521897899,4.253855688722105,0.9946647685268186,-0.01869805300481886,0.013534364663659204,-0.013693532043001166,0.7538552435906258,0.6829503426537722,0.36023292862804895
151.60000000000002,1.0,37.0,34.0,0.918918918918919,0.017711932706875117,0.041709073431988174,4.708440064229618,-0.04156765114538818,0.05582917820008376,0.011831772337635228,2.499294464684512,4.2633317242105075,1.0113337395177653,0.03944178521430608,-0.02702237702975374,0.003838674777933093,0.6468026113138987,0.5767995690653303,0.31544296597470545
151.89999999999998,1.0,50.0,47.0,0.94,0.015404031968920085,0.04153720031619263,3.065881042299343,0.018536579656211742,0.04751933743903792,0.01087118615553572,2.4968075321157004,4.383163114324423,1.0227079711873204,-0.03278594060692752,0.023525403173906057,-0.005012807934951846,0.7542490112935477,0.6821793384475511,0.36171992856544816
152.10000000000002,1.0,43.0,43.0,1.0,0.015059161429386817,0.03377067113552399,2.331516004917795,-0.009111873251271227,0.05286768130774188,0.007643562592259569,2.5465580113265927,4.424727814097564,1.0390716006955154,0.019499206195530583,-0.01157968677426613,0.0014272061518108003,0.7010826571798213,0.6310148659510179,0.3460810186485784
152.2,1.0,47.0,47.0,1.0,0.015522615547915036,0.04312449608056412,3.036185396000402,-0.06200167200050983,0.06640375474956714,0.007861755593415521,2.605840121326318,4.426779205085376,1.0570542926784043,0.050959933738021324,-0.032698078280203546,0.014857444800064235,0.6007958226947075,0.5346777193299654,0.30064997882054295
152.39999999999998,1.0,42.0,41.0,0.9761904761904762,0.015289524864497759,0.03459414863296665,1.6010060806115802,-0.0561301146851816,0.06170319790181495,0.0079634644408967,2.63002272626904,4.487028718870117,1.0615783717404708,0.017009648214323825,-0.01006743746234573,0.0065479091434812444,0.6850729497678743,0.606343070058557,0.31898268965278886
152.65999999999997,1.0,45.0,45.0,1.0,0.013349058751911957,0.03357902492392929,1.534715641121956,-0.049517939822463476,0.06432980652169515,0.007643051503778991,2.6608832099727886,4.562257877670055,1.0738822414215092,0.003521381145935365,-0.00079889354948115,0.007402764466433398,0.7297549161340042,0.6538793270000182,0.3493282096450337
152.8,1.0,42.0,42.0,1.0,0.016694642660783583,0.040458474528712686,1.384818902401972,-0.07178266052612664,0.0638539516916195,0.008024821188918863,2.70071223964447,4.590164416775254,1.077412059743061,0.022330090237929312,-0.01284856882841634,0.004405554884622687,0.6488468594033889,0.5746973066350654,0.31819938743084725
153.0,1.0,42.0,42.0,1.0,0.015307540944527282,0.033515233097427787,1.1540252768402828,-0.0704495794805938,0.06417974325772477,0.007359980613764924,2.7283079325404502,4.647825461363361,1.0833845556665807,0.00966923463612801,-0.004755927574112029,0.003719752181483793,0.6889397042387349,0.6086877124215775,0.3270030712513448
153.2,1.0,39.0,39.0,1.0,0.014813126820531477,0.037143165789893816,1.2840408374669026,-0.06059222721211127,0.03474678317036147,0.008084546263062983,2.742117838606336,4.7197655400154215,1.124131250529351,0.00035595790143094774,0.006467012835270403,-0.026749816781813655,0.6962779548914089,0.609682028121746,0.3309083815347054
153.38,1.0,42.0,42.0,1.0,0.014310682819320927,0.03571684551129899,1.670550580804803,-0.05855655362168874,0.03801447964340125,0.007834046790527616,2.7510002421093094,4.783943823019327,1.2387423285944572,0.004228442225215012,0.009105395357259738,-0.014642433377439978,0.6845789852989207,0.5864907206367376,0.32510238503022
153.60000000000002,1.0,42.0,42.0,1.0,0.012269003272300108,0.03031559395143286,1.3776597659968568,-0.05740697673715732,0.03229845976075892,0.0072968663457791275,2.754661194068988,4.859745858930427,1.372008219469058,0.006191962640651472,0.011950343679673736,-0.01551546971785478,0.7314954574268863,0.604140596647804,0.33750551411392127
153.8,1.0,41.0,41.0,1.0,0.015098367959043353,0.034619883405862084,2.3036123100082184,-0.04460917512909647,0.025499610125265203,0.0085678776751204,2.7365148084673763,4.94816859380727,1.4898514806221856,-0.0061466985038984845,0.013694091161656097,-0.01692875299290786,0.7220169525116105,0.5880868353999783,0.33534727824280663
154.0,1.0,25.0,25.0,1.0,0.015209735965912905,0.04121554643971589,1.6803571574788045,-0.017682310882573465,-0.0014010261263973298,0.0079697034201717,2.677579271826582,5.117479023748829,1.66641716663286,-0.02237509963609119,0.013244680277582965,-0.03820868149747048,0.6759801532610561,0.5242892076755332,0.2806282873534392
154.26,1.0,30.0,30.0,1.0,0.015165248598752222,0.03378691122694594,2.324191356306507,-0.04261811387558461,0.015760199912149435,0.007436831359408643,2.6372593963595783,5.322716192804275,1.831541447021077,0.021159064392887394,0.016667779535204374,-0.011039821425689933,0.7662749228251119,0.6264511900597808,0.34827671481737743
154.39999999999998,1.0,27.0,27.0,1.0,0.015793895166209077,0.034180307780669876,2.245948076159934,-0.063024173234765,0.07827512398042971,0.008864887808215682,2.615254042768272,5.435011011340855,1.934461094901199,0.025675289536912782,0.013830851480196138,0.05657008443767664,0.6629016912577684,0.5228064358419254,0.2908182096944446
154.65999999999997,1.0,36.0,33.0,0.9166666666666666,0.02298694334094091,0.054242912438795546,8.148794979340808,0.0352917362065569,-0.014383600508939465,0.02064092107843028,2.439368782889015,5.597720293312245,1.8766661843756647,-0.07827189860983852,-0.019927105400853407,-0.05144069056733347,0.7809430489489608,0.6448396685122662,0.35764789274522607
154.8,1.0,32.0,32.0,1.0,0.023760032942468166,0.0725762309673581,9.50710649710741,-0.05824228215988704,0.09208781928528523,0.02337598605490576,2.4826873255502173,5.727856440695262,1.9890995324291074,0.07421306567421349,0.027719244506767993,0.07020453400234183,0.7094074567273492,0.5669649599764961,0.32100946463263436
155.0,1.0,32.0,32.0,1.0,0.02211718431521035,0.06514051689907388,6.5733846884224825,0.01877690758591536,0.03335196299473536,0.019307542777844435,2.3474262239443417,5.853645571505982,1.9305179997754067,-0.046143258049560654,-0.013934606926776283,-0.008536511163977911,0.754032207622234,0.6038741777906491,0.3268924180601113
155.15999999999997,1.0,53.0,53.0,1.0,0.02445284087836923,0.06488337539594398,3.7312254101363433,-0.06241894091052845,0.12,0.024725065425989158,2.3748815436476596,5.994608005459309,2.0183041609625927,0.07103829322494537,0.025788043819745532,0.07931085239290714,0.7287941910310096,0.5785533829339901,0.3145862289616318
155.39999999999998,1.0,46.0,46.0,1.0,0.018510516746398472,0.048327925958429496,3.6062139877394523,-0.06520272698529783,0.12,0.018220852194151378,2.3495281731712754,6.066754097688659,2.0353901200697893,0.024825353230073954,0.010206837159626225,0.05663070701118578,0.7815663908853897,0.6365371298850587,0.3402552436370251
155.60000000000002,1.0,44.0,42.0,0.9545454545454546,0.01994091023657167,0.05514579608998206,4.199285371927625,-0.06264100066634003,0.12,0.01615102369111543,2.3166424680050213,6.139797597446836,2.0420496528342786,0.008294841192942215,0.004276466367839404,0.037772021405418243,0.7442574549738858,0.6193987530682757,0.33674588639532815
155.76,1.0,45.0,44.0,0.9777777777777777,0.0173029727508535,0.036229614984566304,5.369516748372024,-0.053899630648825574,0.12,0.012123186908022745,2.281739292789839,6.197268367478808,2.043044995272192,-0.0006287153359396669,0.0009763889372855772,0.025210393981071277,0.6995514402567102,0.5867093483998752,0.32004368305025976
156.0,1.0,41.0,40.0,0.975609756097561,0.01574693291934539,0.038554319091637625,3.120001889894601,-0.04879294008922258,0.11635481562594335,0.008393005252238479,2.2422954722533364,6.284936516771711,2.041839465633067,0.004019322242979406,0.002898809706901595,0.013496463656044622,0.7475427334679415,0.6389835320458601,0.34246370991322006
156.3,1.0,49.0,49.0,1.0,0.014239768666486253,0.038281070562372996,1.8536806481721324,-0.08502015358491517,0.12,0.00803076546780636,2.2292146991902175,6.410005169275171,2.0449672441812403,0.046664530791363124,0.01903997596685514,0.012615294094519667,0.7738545105262151,0.677799810431764,0.3721836545490412
156.36,1.0,47.0,47.0,1.0,0.014030335076932155,0.03244476830932275,1.3928829708968562,-0.02658867768757571,0.11927723771879334,0.007217561621243564,2.1644474932467617,6.412362782766611,2.043947935870668,-0.04293140011982022,-0.015808430178172905,0.008345659953239437,0.5658036406638006,0.49514757766310213,0.2969364513403193
156.60000000000002,1.0,46.0,46.0,1.0,0.014208737635242264,0.03471034894977017,1.4655283947731976,-0.03335209210422971,0.11886149104901537,0.007767324252230555,2.1358279582403834,6.505515102901792,2.0434045938393997,-0.0014035798521270237,0.0009762381315807644,0.004779255062143939,0.7271147601680918,0.6260537546434161,0.3323324596411274
156.8,1.0,41.0,40.0,0.975609756097561,0.02082852738089248,0.046357645184912345,1.4477665212359254,-0.036967351909925235,0.12,0.01750177864464899,2.109131263434638,6.580956586374893,2.0339245156798675,0.01150764564767437,0.005347089412648387,0.004314053423156494,0.7105582138016231,0.6162784863057054,0.33313817930367845
157.10000000000002,1.0,38.0,38.0,1.0,0.13927611607292112,0.20691945595490283,6.351993591148722,-0.05172355538313146,0.12,0.1419281090390364,2.1017936431956725,6.696919129208532,1.8757781344462163,0.032748213965132056,0.0019480167506218393,0.0031345928862318577,0.30513882812804605,0.20386946469005862,0.36901959928894623
157.12,1.0,44.0,44.0,1.0,0.01634423424796708,0.03697814213184153,2.7819237178696437,0.005714382042677413,0.12,0.010932342343299374,2.0439137113733143,6.694339049601858,1.8609134421795472,-0.03281887363457647,-0.010311324820386325,0.0022879100562369636,0.7174268778148576,0.6268992997543217,0.278078996202702
157.32,1.0,45.0,45.0,1.0,0.015293714170216533,0.038599135704817426,1.0055506671776624,0.014880659815604763,0.11512538294712507,0.007724988096108404,2.03770606528341,6.775674675432604,1.7119503483842524,-0.008455405771896629,-0.001630401044486085,-0.0038001304754136105,0.7303895540721467,0.5955517608291413,0.3082375284483082
157.60000000000002,1.0,37.0,36.0,0.972972972972973,0.05102805185295034,0.08672777296681745,3.0096821416008166,0.006751603622251797,0.12,0.049177122491904444,2.080085516761729,6.959833284657716,1.4930429648157055,0.027704290428012257,-0.0014253092233458275,0.0020855853146826138,0.7877681386449543,0.6357747108029825,0.35030172147545363
157.8,1.0,33.0,31.0,0.9393939393939394,0.01892125983644756,0.03708269924440961,2.47349579714789,0.030364980107272267,0.12,0.010603818571584432,2.104168920804728,7.118740359435719,1.3746469710995575,0.0016900760307256846,0.003048574551455907,0.0023638372293461885,0.7420109762953738,0.5884816607168837,0.3324907205345503
157.92000000000002,1.0,34.0,32.0,0.9411764705882353,0.019662443109161404,0.104168868516282,4.227580987751125,0.04406413447743374,0.061318866732550596,0.020438174299247526,2.1250519890896338,7.219640162436846,1.2756682522033902,-0.0004515063980714551,0.003951402416782379,-0.05706187036140519,0.6724226306331855,0.5292005147659914,0.30636527012212716
158.15999999999997,1.0,48.0,40.0,0.8333333333333334,0.029771924603064593,0.09198401068785123,7.557599412640801,0.009831954126711083,0.09940230830935505,0.034304826407780216,2.224356142976666,7.369541999947877,1.2598378537813706,0.04822111573082255,-0.015402721588061219,-0.0015410912487585637,0.7749317516430342,0.6163992113394037,0.3353318872362252
158.36,1.0,58.0,53.0,0.9137931034482759,0.028152018034938713,0.08819248824263064,7.406044470687458,0.03032765533500891,0.06139607476071988,0.03066032814234367,2.2618864461354455,7.51413147446468,1.2086635235117786,0.005103900902802216,0.0002224847077334502,-0.0373415116025313,0.760527195192639,0.6055792366898293,0.33365550751198064
158.51999999999998,1.0,44.0,41.0,0.9318181818181818,0.024472196873290244,0.05835015941332976,3.4424126189354536,0.05651969832963141,0.04207848390188048,0.020430233339253916,2.305030149008915,7.66779466757331,1.1872978465033448,-0.010419812476075041,0.006108945175973268,-0.04405344665861377,0.7321138664561309,0.576078701124713,0.3173189148960115
158.7,1.0,52.0,52.0,1.0,0.02520554304756735,0.06151379755016957,5.419975695247061,0.041070074440538076,0.02418689339915632,0.021973733186776877,2.3311714367455254,7.7039556522012,1.1591723548745316,0.014439658984062742,-0.004626539816338315,-0.04838548719234792,0.751135601061072,0.588562475318634,0.3189573690874498
159.0,1.0,41.0,39.0,0.9512195121951219,0.018345569606377954,0.038338765554640906,4.124623491109422,0.12033692033574496,0.03894308120377626,0.012463836433668645,2.298789850498789,7.827081652962879,1.1665695535344986,-0.0633002614757876,0.031328710962820416,-0.017995275205423544,0.7977806267176644,0.6659702721660641,0.36323426256394276
159.26,1.0,47.0,44.0,0.9361702127659575,0.023978150322734714,0.04564037434822026,5.506653574620291,0.0573269507857329,0.07125715670825163,0.018878393696384405,2.3896862457759314,7.873682480276131,1.1985281165114976,0.04984033153985434,-0.022129725443491566,0.019748749402211052,0.7661366072227296,0.6529827415922116,0.3675038508154267
159.3,1.0,39.0,35.0,0.8974358974358975,0.019022520860049456,0.04101221023119726,3.8633988613983274,-0.06294225883581304,0.04531024906449606,0.012494195634892678,2.5032077913253703,7.834074144553973,1.1722222209643753,0.11984372232197504,-0.05681379824197297,-0.01252403676772218,0.5374890150906275,0.45767341116955773,0.28624505345745666
159.60000000000002,1.0,30.0,27.0,0.9,0.018985155051883053,0.04241927397567395,1.9817945209247723,0.05285915880555156,0.04116930344114032,0.01146117290583773,2.436389422191938,7.969361068804119,1.1686005138457198,-0.04684375706228794,0.021717584346326646,-0.011750914307309344,0.7302613198665945,0.6088107093172379,0.3121533057920014
159.7,1.0,23.0,21.0,0.9130434782608695,0.01759931059319243,0.03655257629660547,3.310000723780436,-0.08470303384482408,0.037450184873338774,0.00945745297161908,2.5735208088670705,7.940806665147512,1.1650403569134888,0.11441951843576659,-0.05391034437605491,-0.012699745931532558,0.5337801721914145,0.4387460586938937,0.2294743006299828
159.89999999999998,1.0,16.0,16.0,1.0,0.02069343094177946,0.038741409939190584,3.6278139099132596,-0.05250112521381408,0.026807882867776578,0.009147236716541949,2.569078807860122,8.012552280795362,1.155160474683084,0.024319216154849332,-0.012026024114346612,-0.018700776580254486,0.5585781242530398,0.4449584824350134,0.20552756509637313
161.5,1.0,42.0,40.0,0.9523809523809523,0.021068554755328546,0.07063738754505672,5.94072221361725,-0.05567905365305358,-0.04697317772048495,0.01720922660420192,2.5928123766400257,8.662208236956321,1.885218742805767,0.039627313298209454,0.036654500110754995,-0.08818674812864868,0.9393105843416769,0.8894178661729826,0.62365744934004
161.7,1.0,47.0,47.0,1.0,0.02088098514100355,0.0704841493057842,7.104705678538142,-0.048829710114334776,-0.07170903147723022,0.01874709930770635,2.474727865220129,8.792314064203223,2.197269555425286,-0.015279758417807265,0.013942975020075465,-0.055235214940936306,0.7198557128516581,0.6654377590978813,0.4381457204262409
161.95999999999998,1.0,53.0,53.0,1.0,0.027107408514117824,0.0844444760906976,5.606717661405858,-0.08466239399330538,-0.011716676603103353,0.02361594348522763,2.3064943630421206,8.941879940199641,2.5555158277006695,-0.0017217820579924492,0.03737811453762596,0.02884094994903119,0.6993260620974296,0.7190938266565812,0.3925084996689416
162.10000000000002,1.0,41.0,41.0,1.0,0.02306648482224544,0.04897014970678976,4.9746483592350845,-0.010760395484572744,0.0018114358918235813,0.018399525273307203,2.1722860365176153,8.940790364454152,2.5900356775679234,-0.04534211739483052,-0.05374163905975493,0.032642526826160985,0.6005564589899207,0.6611921162006208,0.3362925032410127
162.3,1.0,46.0,40.0,0.8695652173913043,0.023044760792906425,0.05724881930255936,5.257930652247667,0.03374204247409808,-0.04269214215748206,0.017821881596171048,2.0444238778278967,8.964381386217283,2.554821137207255,-0.03784332428356407,-0.05411314967198955,-0.02546472330457661,0.6313577842955899,0.7114578367047455,0.33432486672074313
162.5,1.0,45.0,43.0,0.9555555555555556,0.023497184924674553,0.060763397007609306,4.692345898122002,0.05091129321890112,-0.07210959718399679,0.018659769507557482,1.9819346963436018,8.983021159644887,2.5438359843780827,-0.018321382847217293,-0.029014688345199602,-0.048209442160102256,0.6345058612494183,0.7173222997745609,0.3341851169882341
162.7,1.0,44.0,42.0,0.9545454545454546,0.0210154781069171,0.054406923432104785,5.589027681639805,0.04543631987834853,-0.07701576678594053,0.01747220816466359,1.933934829070592,9.019610914944465,2.5404372632500736,-0.0028810248677677563,-0.0041397652221046854,-0.03755368868324283,0.6332773600933999,0.7085614332012102,0.334211851120749
162.89999999999998,1.0,34.0,27.0,0.7941176470588235,0.022553368118166668,0.040344149872421686,4.614580639170001,-0.023850373996015996,-0.04912324091566803,0.01406377871198188,1.9185653054601457,9.111890939330298,2.559560767701288,0.032274009608047605,0.05619829001200927,0.0028177437838872166,0.5930600875703697,0.6622751820691652,0.2975459723279148
163.10000000000002,1.0,42.0,37.0,0.8809523809523809,0.021569031014518347,0.042017832096180666,3.1617078137420958,-0.04957743369123204,-0.03399329360501215,0.015872270578218682,1.8842359680752157,9.167479123335134,2.563887006947212,0.020394351708785452,0.035869686967986425,0.018064062044070628,0.640074599744789,0.6979640499479685,0.34225584082368143
163.3,1.0,49.0,41.0,0.8367346938775511,0.01726559966535798,0.03483016531753803,2.373610042567749,-0.020231503097778193,-0.05839303901337665,0.010262987675463174,1.8205272486931117,9.176040601246507,2.526141043155714,-0.011701816203536053,-0.01801900775977039,-0.01188866020703383,0.6314695372492022,0.6855339872196814,0.33773414212646863
163.60000000000002,1.0,48.0,46.0,0.9583333333333334,0.01947721708825318,0.040649367417048714,3.9120784259376418,0.027816138287194158,-0.06390125085263205,0.012384447704642813,1.7206698980413317,9.18810534470458,2.5022767018359002,-0.03167805144301816,-0.04906573384492141,-0.013721121677476855,0.6903850271531002,0.7365857589632684,0.3706573100814916
163.7,1.0,43.0,41.0,0.9534883720930233,0.01649961905406613,0.03997941118226192,2.548786448738345,-0.033135353298488004,-0.06306708015146267,0.007266808708725425,1.7301465302203833,9.255387897983661,2.4974101980531316,0.02577781315978278,0.038861078741485144,-0.008910677490664654,0.5542078289388931,0.5909120189569548,0.31248629867574607
163.88,1.0,46.0,45.0,0.9782608695652174,0.016204337058516764,0.0395524912532532,2.362438574217239,-0.05949796658100203,-0.052475679509982824,0.008793327637300011,1.701471154137852,9.309430815317919,2.49928411585205,0.022215731571473718,0.03368584779355288,0.005097130019607655,0.6038078581592313,0.6423265429870161,0.316700093285375
164.10000000000002,1.0,35.0,33.0,0.9428571428571428,0.01548801859366479,0.037985714292349385,2.099622620919576,-0.0346481222005009,-0.06380451846305761,0.007410835247903659,1.6346857068999805,9.32882381986867,2.478982174318717,-0.009313706071766292,-0.01315906543281109,-0.007208969646046892,0.6448405037687013,0.6829917900200901,0.33385458133474716
164.5,1.0,31.0,31.0,1.0,0.014695021887273485,0.03794681370050972,3.8462057988416687,0.03754838564710326,-0.05607665078026756,0.00970375948889383,1.5011337179228244,9.3427537455879,2.4752362800376315,-0.0479349801636384,-0.06824954844892872,0.002656860454658627,0.7308878853863113,0.7613916299011044,0.39304668498499684
164.51999999999998,1.0,33.0,33.0,1.0,0.015795339960473307,0.036060100302943605,1.5968318595820856,-0.031883033707046426,-0.06510202118145399,0.007243611449422274,1.5364373342947912,9.403217023143899,2.465767646794941,0.030908121938915345,0.04332204676386908,-0.009184855278101978,0.4600271627915411,0.4726609212933908,0.2969749274511326
164.71999999999997,1.0,33.0,33.0,1.0,0.014350593900051114,0.03754444962135,1.1833607878020642,-0.05652631624573284,-0.06771429402661132,0.00814171809674631,1.5051423485745592,9.457162073234576,2.4764743471357638,0.02701766908037717,0.04005324258923082,-0.008519359129704362,0.6117754214059961,0.6450570886194172,0.3173567050392292
164.86,1.0,35.0,35.0,1.0,0.017365940428349918,0.03550184941331996,1.9657724339458371,-0.057870132262849004,-0.08062216054586514,0.008662712425847542,1.4642590166783687,9.485070069440502,2.528693247507396,0.0036593310696277914,0.01310165984741296,-0.018022142938032726,0.5773545048658255,0.6188996331065301,0.3030358650291613
165.10000000000002,1.0,41.0,41.0,1.0,0.020458631177065003,0.0411724794255985,2.682316980771837,-0.016328506130585754,-0.12,0.014475639026701612,1.3711777495651634,9.475008799861037,2.634611402119047,-0.02440488793674378,-0.034763614431644996,-0.051749716425228076,0.6388186013984224,0.7077703340082688,0.33520796829159893
165.3,1.0,38.0,38.0,1.0,0.016128268930710624,0.04326028448389233,1.6581983388445143,-0.027594685759368527,-0.12,0.009748524132710738,1.3132200306009834,9.491742643941151,2.7563862233201712,-0.006416340827753775,-0.002436905292919178,-0.03514188699053733,0.6079977219210595,0.6974039783636906,0.3345910412977968
165.45999999999998,1.0,40.0,40.0,1.0,0.01713103826306563,0.034046936368626136,2.4557918380575066,-0.04293685920914146,-0.08562768105235605,0.009473451235656523,1.2674012276820124,9.513433965403067,2.888711183082482,-0.0032995528978922994,0.010697771034259063,0.010931125682581477,0.5664357524420209,0.6703905363508383,0.3191666758128465
165.65999999999997,1.0,29.0,29.0,1.0,0.015227424482569378,0.039379754072815146,2.2879131137212716,-0.03459862796828344,-0.08265285909967082,0.008179566182947287,1.0995448043451697,9.501640687630891,3.1042453828606016,-0.010860111360774471,-0.01889998044406127,0.010573766118629369,0.5582766793400569,0.6927813130688799,0.3047391285524089
165.86,1.0,24.0,24.0,1.0,0.014222993918944151,0.03373720829154543,2.4155562869814555,-0.045879861538472365,-0.054093750243662586,0.007295373352869156,0.9363267761857862,9.482496362605538,-2.9987521472261105,-0.009791386990832707,-0.009013142858186995,0.0351400626992846,0.5185163650856173,0.6738331482073708,0.2727709227039789
166.06,1.0,28.0,28.0,1.0,0.014723426049243883,0.03491839508779742,2.1514484126173263,-0.05314869678995278,-0.01999428173800868,0.007954186089080396,0.7952609009863224,9.453281604337754,-2.8820115783461766,-0.00812607778599217,-0.007247592027798788,0.059313882828096354,0.5728742933236964,0.72457181381285,0.31588187172627435
166.26,1.0,34.0,34.0,1.0,0.014035846925315003,0.03902931987511212,2.0253910232500654,-0.038632808676053176,-0.008977674843537507,0.0070406856533966325,0.6778976128294174,9.402800024914388,-2.831547016600805,0.0007391786944943579,-0.02314704201879003,0.051369771977064715,0.6034949880296625,0.7494321812496822,0.3446900892946913
166.45999999999998,1.0,31.0,31.0,1.0,0.013261551844215139,0.03471984797544903,2.063420124620862,-0.032672797629375645,0.0019856411596002703,0.005944651959958077,0.5541783893655567,9.359689479571227,-2.8124232066779706,0.0023885771841025694,-0.01625511292882109,0.04387738380790651,0.5906218494309733,0.7414652499271996,0.330707415633642
166.65999999999997,1.0,34.0,34.0,1.0,0.01705556083588016,0.036452366242289834,1.6014981888696393,-0.02969011590209738,0.016492131040603274,0.006410604094130813,0.4323948149444804,9.32204287819444,-2.799265387810968,0.0020048446978762624,-0.00977053553916818,0.04335832914388282,0.6007845641561707,0.7523355452658774,0.33641979654918497
166.86,1.0,35.0,35.0,1.0,0.014639255960616174,0.04214707923278945,1.8619467132239198,-0.02643946190304999,0.021742377965393155,0.007491076532245105,0.310414868916612,9.28376835139832,-2.796359743384509,0.0017244116054700998,-0.0064419957718850895,0.033726631224025194,0.6009748734123147,0.7550067240083317,0.3343148550483142
167.2,1.0,35.0,35.0,1.0,0.01603122281967675,0.03794452660586898,2.3470186892258615,-0.04487227403761472,0.10800276799021957,0.008531393489017028,0.09400088377089122,9.252926114981443,-2.781988403221071,-0.0024763833386137885,0.017104563978801224,0.10852245059076493,0.6791083218248646,0.830419269184019,0.3807678062735764
167.3,1.0,31.0,31.0,1.0,0.018159096507012657,0.04231840882662925,1.8464923362339323,-0.02227666630897771,0.07285420964862839,0.010330847483983894,0.037332570514874486,9.223906728742588,-2.859273650660919,0.006134377315831024,-0.015218182995763385,0.03260905392491953,0.5215442899282943,0.6746106123377676,0.30998589166689566
167.45999999999998,1.0,29.0,29.0,1.0,0.01528944133449905,0.035000780911165166,2.6796010024221997,-0.007416375038710102,0.043759868438630646,0.009332512274954281,-0.050121507035082,9.200196310092743,-2.952843543406344,0.0052028415840998515,-0.014272257063877802,-0.00696075594819634,0.5283254329936797,0.7198939015933569,0.2912390639612571
167.65999999999997,1.0,24.0,24.0,1.0,0.014084165644021316,0.030840191155121034,2.558347413445944,0.0043187453169233276,0.02600390218158934,0.008228638942883457,-0.22763334600030766,9.179845612042122,-3.028374812938459,0.002606967891319395,-0.006692124315701875,-0.02301214948767427,0.5161218054581197,0.733543607968635,0.2672419268674742
167.88,1.0,31.0,31.0,1.0,0.015217419175180559,0.04028038390063886,2.9749250492027466,0.0010044096641794228,0.031963459622785094,0.009405208328772837,-0.40566606316995096,9.18284781399376,-3.0641683582872363,0.0005134589928015298,0.009013393236484646,-0.011129973617978184,0.6067672191469315,0.8065827008510114,0.3421244706369082
168.01999999999998,1.0,41.0,41.0,1.0,0.01814273350963472,0.0377277574124392,2.5816556375325055,0.0025279895540716462,0.02891010833909175,0.010181165171904937,-0.5017171580721269,9.182850946416403,-3.0856946424222977,0.00040717029829151485,0.0038508499690976805,-0.010067238787386135,0.546929466269266,0.7618628542350598,0.3194284970598007
168.21999999999997,1.0,41.0,34.0,0.8292682926829268,0.0164640599511164,0.033369840643763776,3.7958238402461126,0.053344634657833005,-0.02236337255769597,0.008660380466875261,-0.6773096170685838,9.134319249743951,3.1387809669772375,0.0011892157646449242,-0.043664406118180565,-0.05803255505069441,0.5776908532051783,0.808836126373092,0.3263599954464113
168.45999999999998,1.0,58.0,47.0,0.8103448275862069,0.02862829399796257,0.08948231504236753,10.004839073063792,0.0579600441206019,-0.011771526564068338,0.030275866669778797,-0.8379161106265236,9.134848629399473,3.134176951175542,-0.0008374720144191938,-0.01064261737884209,-0.029801178950871223,0.6101227688495167,0.8400756532648858,0.3446350210509642
168.76,1.0,53.0,50.0,0.9433962264150944,0.05091781018419751,0.1240352576868757,8.315909519797446,-0.035216148496433695,0.12,0.05706795059153104,-1.1092077950246693,9.235526948073714,-3.0122321292244196,-0.0009584490969376525,0.09340584433926225,0.11199156176283154,0.5846038519103565,0.8353110781522755,0.3714709776518881
168.8,1.0,45.0,44.0,0.9777777777777777,0.024840073110750153,0.0561892215766772,5.330346126885599,0.0651696643731353,-0.035316191525766705,0.02194877063974823,-1.131283246543469,9.135120519152796,3.114534935408201,0.0009938970752099152,-0.08245704640235374,-0.0820591251624532,0.48032215466261896,0.6584478254981243,0.2880868829185851
169.0,1.0,47.0,38.0,0.8085106382978723,0.024653584325049237,0.048568312709972125,3.7744030889799944,-0.15269127212977723,0.0054402087365164825,0.020841305078743422,-1.190744620326152,9.354230178270566,3.1403790698040264,0.0003423115623941708,0.19073099450638686,-0.018983265892581504,0.5654276378016462,0.8180917294921196,0.31326743720844574
169.3,1.0,35.0,32.0,0.9142857142857143,0.018846721234993487,0.038491305003195,2.8504837089689046,0.021372601869794085,0.020173076236929006,0.01612451736818682,-1.2901752229827606,9.183779834148453,-3.1346027302037847,0.00023356690056774987,-0.13778108941773937,0.0034844253033221584,0.641250924262172,0.8429495289496249,0.3609968054950807
169.39999999999998,1.0,37.0,32.0,0.8648648648648649,0.021755331805065198,0.04232114121363143,4.8761308781563635,-0.1200068983820374,0.0026007399481728227,0.017057455050538798,-1.3205790410083251,9.327350776914551,3.1311076467179997,0.001773640361873774,0.12038486270533255,-0.017230323744355645,0.5135231103941833,0.6862385049049945,0.30792488596053774
169.7,1.0,31.0,31.0,1.0,0.020243244343078108,0.048256587509584954,4.851945676230536,0.01991933316570423,0.01608277366537701,0.015506433150409839,-1.4235616436846499,9.187466116949228,3.1399317648076854,-0.0009351271396296212,-0.10087126517363032,0.0029114771601328475,0.6269067061215207,0.8028184943516519,0.35142360174835374
169.8,1.0,23.0,20.0,0.8695652173913043,0.016921369154929356,0.03724702201208552,5.102367520183964,-0.1332722336589437,0.005706279588469072,0.011333563447289694,-1.4551618105068556,9.340692815997837,3.1288238997562305,0.002516190811292507,0.13384176311632778,-0.010242558081202004,0.3972427135622198,0.5458763726846754,0.21823341361266532
170.0,1.0,19.0,16.0,0.8421052631578947,0.017719604096511563,0.042031442754338635,5.55242800306137,-0.08734754155433427,-0.004339122598377115,0.013509831926504625,-1.5215772475339568,9.296111468441456,3.1184437599886556,0.0006653483724865517,0.015603461070231361,-0.016305018129073368,0.4204532492202718,0.5990369737027952,0.20536473379711317
170.2,1.0,18.0,15.0,0.8333333333333334,0.017744716790149096,0.03153492797627407,4.339023092631096,0.016762644988546745,-0.047401686410736034,0.010035772371465468,-1.5882995420312507,9.194513622047582,3.0755986746518102,-0.001566604723171272,-0.09738374346869882,-0.05576004318942518,0.43696761484587376,0.602472045652352,0.21322433238686628
172.0,1.0,38.0,38.0,1.0,0.024763988867661485,0.04892140325783847,6.663889206640721,-0.08460595683510824,-0.10950831760311744,0.019182579348262865,-2.3199480559868744,8.977245502387358,-2.2602755794182063,-0.07072016054605124,0.022938624454720724,-0.10779626868604586,0.903198571013822,0.9470592451899519,0.6447706816623309
172.3,1.0,48.0,44.0,0.9166666666666666,0.06546544291060605,0.15134772838052357,10.485990521897639,-0.1561923971781119,-0.12,0.07176584586317586,-2.452014840476952,8.713727617399774,-1.776285068619175,-0.07288659116343377,-0.038091696971118694,-0.04492878592310579,0.6540436910229391,0.53648019718082,0.46787466540858713
172.39999999999998,1.0,46.0,43.0,0.9347826086956522,0.026959651525388702,0.07127871137656308,5.601411678856094,-0.0275120392442311,-0.12,0.026351084115761852,-2.3199930992247615,8.661834466240924,-1.6921909153196513,0.1061647394091989,-0.03502917493330848,-0.020978953307552617,0.7151939873566265,0.6019425874792294,0.3547743514371136
172.57999999999998,1.0,46.0,45.0,0.9782608695652174,0.042529845752014434,0.09610584496494505,6.020609818299179,0.01642174842122577,-0.12,0.04482367394708663,-2.2697388416380564,8.612983882927105,-1.5967686221333723,0.07872517533163315,-0.00968249994889625,-0.01665557022338282,0.7342735758435801,0.5721561600139209,0.3358236562048279
172.8,1.0,40.0,37.0,0.925,0.02824280982368135,0.07094448832436158,4.724517890867078,-0.01812691186069238,-0.12,0.028426311135823223,-2.297779636885463,8.54069377486295,-1.5459378789230867,-0.006018412584108734,-0.007238773678801991,-0.012334588454694373,0.7664801163303238,0.5950851408762738,0.342228524910618
173.0,1.0,34.0,31.0,0.9117647058823529,0.02316600407400555,0.04851305614338669,4.482797538163594,-0.06414822801769929,-0.11145853045207102,0.02083241040285033,-2.341323976376578,8.473762551355138,-1.5277885800457554,-0.04009109081779094,-0.010334452642405623,0.0005147315144014009,0.7356291598919529,0.57754608437943,0.3306656899143443
173.26,1.0,55.0,55.0,1.0,0.025617594042331934,0.06833546636309924,5.721656305107154,-0.036241892157280485,-0.11482899674345966,0.024073648644511073,-2.309067764656963,8.400048002294218,-1.5499628175875526,0.025791040282014066,0.0008822895657178975,-0.002433565158728612,0.7706303745460609,0.6237483410624944,0.35863520018960254
173.39999999999998,1.0,37.0,34.0,0.918918918918919,0.019468537639538337,0.03685145214903926,3.16804374924529,-0.07988136359053544,-0.11714688680089423,0.01257500615877953,-2.358019948644044,8.351573136463413,-1.5690535563829926,-0.03257583293916522,-0.005265522401550982,-0.004333763859841521,0.6834580053984438,0.5439178777177079,0.32248316344503947
173.62,1.0,43.0,38.0,0.8837209302325582,0.018439234425331213,0.040035122663571406,3.3649711293567504,-0.08846990955225582,-0.1154570343154447,0.011319638296811695,-2.3691160940319205,8.288739125544895,-1.595267474602864,-0.011726797222557206,-0.0015925264016676266,-0.0007786116779788799,0.7332674728338394,0.5900926269490363,0.3364156482156472
173.86,1.0,47.0,47.0,1.0,0.02003659879924789,0.0558767770645853,4.315377807189547,-0.1108108107734896,-0.08686639843090133,0.01657513087210447,-2.3986305919440984,8.21293640779842,-1.597907067077547,-0.016810803141410258,-0.0005657187682732712,0.02825758643412568,0.7517383060508191,0.6112027303341475,0.3495503912886583
174.06,1.0,41.0,38.0,0.926829268292683,0.015481779955737629,0.03179286189267657,2.980799700872163,-0.05221612366989487,-0.12,0.01163053498695492,-2.3483788968178705,8.156836348419448,-1.6557730612701347,0.06045200867224709,0.003329509596532887,-0.0144497841165947,0.7236778153218593,0.5882608356045137,0.34084937096495516
174.15999999999997,1.0,38.0,37.0,0.9736842105263158,0.016194668069313235,0.03687383136740798,2.6419118165021795,-0.1284906127704252,-0.12,0.012210075928567956,-2.4293958165452847,8.12547396090812,-1.6668615854324593,-0.05619636927514815,-0.00011874539061018652,-0.010530460569289302,0.622640898158722,0.4995618855455202,0.29810753444445504
174.42000000000002,1.0,26.0,26.0,1.0,0.01496559188970548,0.03820218760947811,4.426250882922223,-0.09366104166767535,-0.12,0.011019872620191589,-2.406328771289309,8.050912455484745,-1.691576557715765,0.022344759178820617,0.000704532844975958,-0.006655103534291218,0.7078852167785994,0.5598954161455499,0.2954579285176943
174.56,1.0,14.0,14.0,1.0,0.01419388879460699,0.029294060615768683,3.891973061779813,-0.13703298052674567,-0.11560593293190784,0.009898056051581401,-2.4560162803855468,8.008572305030423,-1.698063260972936,-0.031798408264978484,0.0011494953086526039,-0.0006723278999880566,0.48801806152589716,0.3572692434927344,0.17388042981243967
175.36,1.0,27.0,23.0,0.8518518518518519,0.039530846616102816,0.06423759196906483,4.972088306199724,-0.0944357682658555,-0.12,0.03838492321342055,-2.3981458672756024,7.746275679935079,-1.413436857449224,0.05707684069823715,-0.02744280991033765,-0.004512270556017882,0.8600839929680815,0.7483651130628954,0.43270367576678226
175.56,1.0,32.0,32.0,1.0,0.02972420720000747,0.053048099635400144,5.072556004035511,-0.10355279972442084,-0.12,0.028473308705167184,-2.379143172622922,7.678868892792584,-1.291537735826569,0.009590605630570792,-0.018659117427442418,-0.0043665937365509055,0.7479335549436391,0.655144999841562,0.43449970957222434
175.89999999999998,1.0,39.0,39.0,1.0,0.11439560886372616,0.21100521537532982,12.67548315535428,-0.1473563627170593,-0.12,0.12169383405311761,-2.218005506884103,7.399077965314288,-0.8523886958409105,0.02547756410005597,-0.05813928821149794,-0.002591039617822366,0.3696128787003151,0.2960738802072476,0.4162616235106044
176.0,1.0,51.0,49.0,0.9607843137254902,0.08521798283240112,0.15017588684778488,7.276726853139583,-0.07854089663204589,-0.12,0.08936869145536121,-2.1562412411075575,7.449592549479748,-0.7645512306784868,0.07076332307685407,0.0056159576060466065,-0.0012688374518885492,0.4687945194863946,0.4284663895276664,0.3328590832692258
176.15999999999997,1.0,37.0,36.0,0.972972972972973,0.0556645894385913,0.10119106142301493,5.8033474768145235,-0.05454411213683825,-0.12,0.0561715000827162,-2.0859550025237104,7.4296704318986055,-0.671220235967377,0.06050622901625813,0.020889234371557208,-0.0019207834813448346,0.6593381901542731,0.6626303955207784,0.3180441067922255
176.36,1.0,37.0,37.0,1.0,0.04877265837913588,0.10380088827067557,4.902569749679033,-0.05084974889716225,-0.12,0.04791047231800999,-2.0163201756548963,7.390247931953291,-0.5941009537036914,0.029907109052644376,0.01183794045947284,-0.002462726145624039,0.6602943837485,0.7017534374872048,0.32677728149405216
176.56,1.0,42.0,39.0,0.9285714285714286,0.05271080763921123,0.09831009440078921,5.204857360598331,-0.030058283873628786,-0.12,0.05246768121641765,-1.9382741371715826,7.3670450069705185,-0.5566949574290948,0.025200863665183038,0.027223221841325085,-0.0022188897618170556,0.6106570911976358,0.6748674985818723,0.3307016261438895
176.76,1.0,36.0,29.0,0.8055555555555556,0.0465995982266817,0.07609402385390363,4.172017579027925,-0.03332574140826534,-0.12,0.045797054633651184,-1.8758087345388859,7.322969857653302,-0.5403414495555231,0.012236778822630745,0.011038348690192379,-0.0022093116835978366,0.6087555048631801,0.6812033477758852,0.31099719144700233
177.15999999999997,1.0,33.0,25.0,0.7575757575757576,0.047787335431805376,0.07978613343453851,4.284242040544475,0.031138072991292474,-0.12,0.04662285829999898,-1.716937816565264,7.2962375939892645,-0.5377936068764071,0.041268220289111035,0.07658736092144025,-0.0018459660628713517,0.6803323607799066,0.7562815034136621,0.34575451088911746
177.2,1.0,49.0,43.0,0.8775510204081632,0.061090275889365026,0.1993778281629063,5.340306932097887,-0.01904228974286181,-0.12,0.07288142288150874,-1.7264080760385125,7.238823093267074,-0.5382086665959588,-0.011133778984772968,-0.02889832204232068,-0.0034696277226077266,0.33979092278588446,0.38448700246438183,0.32247185280933843
177.36,1.0,47.0,37.0,0.7872340425531915,0.04912984216557436,0.16089699682440964,5.2846421766318965,-0.040557851152460044,-0.12,0.05699149461530234,-1.681942629143986,7.187633591980756,-0.5405527198753004,-0.010881413756484548,-0.030884778661357082,-0.002063911334262647,0.5460720688273767,0.6210248466878889,0.3134027893304374
177.51999999999998,1.0,42.0,36.0,0.8571428571428571,0.03290802076477381,0.11633222923486555,6.5444162741838445,-0.08485842134789734,-0.12,0.04055589193429728,-1.6495909545153489,7.109321003797035,-0.5436804706632977,-0.01624091592057164,-0.04551819012384062,-0.0009209447908703483,0.606435592249222,0.6770409394298026,0.3090699721999264
177.76,1.0,53.0,51.0,0.9622641509433962,0.05053583796251273,0.12740719362180059,7.2024137021957415,-0.16986968297201957,-0.09958092335548392,0.05347262554630033,-1.607435774975842,6.982417658227858,-0.5158221946505778,-0.03074218704632603,-0.08287411493309538,0.020557903275690625,0.6204216166083083,0.6987698881647385,0.33773747090727024
177.92000000000002,1.0,53.0,44.0,0.8301886792452831,0.07979308383346356,0.14631278083751617,5.962636008999236,-0.0032266154508456494,-0.12,0.08044522454004188,-1.4828978389594636,7.103460432653753,-0.4650777580378218,0.06599264781753544,0.13588575193339913,-0.005293089592415534,0.3741905749189462,0.46048323905366234,0.3205828009698846
178.15999999999997,1.0,54.0,52.0,0.9629629629629629,0.08467175256864032,0.1524301269976674,9.177841759620579,0.00267758021547486,-0.12,0.08708476204093597,-1.4085750648903064,7.0891709304221155,-0.34501866027682204,0.03661890210642249,0.08272213841063625,-0.005509108534159146,0.40981467321618686,0.5343375954177818,0.34295599919331193
178.39999999999998,1.0,50.0,50.0,1.0,0.0708985910680262,0.13422192668339605,7.3361053686133895,-0.0664177668312718,-0.12,0.07203513899479386,-1.3139655633284733,7.000427019832081,-0.23006587165625436,0.01118231564362171,-0.02085004657883527,-0.0046717683164703705,0.523449454435729,0.6620285849570781,0.3521798171449441
178.5,1.0,61.0,60.0,0.9836065573770492,0.03395204197930808,0.10485540832736123,7.116751310847372,-0.06651226129094492,-0.11006943914514593,0.03464627434685091,-1.2811641726023602,6.995083211004648,-0.18723334227036242,0.00932004754466531,-0.004284791833896406,0.007167335495811,0.6008863748810344,0.7067376810061514,0.3035834081550479
178.7,1.0,52.0,52.0,1.0,0.03473914495861604,0.07681949688629422,7.139271070900944,-0.03476208949916711,-0.11889562623347026,0.034810227502796026,-1.2135242141004747,7.01937925436311,-0.13678788878684645,0.009581621057227707,0.037217531580937546,-0.0038228221925917234,0.589237503711786,0.7365907367275202,0.3203579870892512
178.89999999999998,1.0,44.0,41.0,0.9318181818181818,0.0359093540641318,0.09304426266544878,4.906615440307469,0.09323369871259682,-0.12,0.036156539110109215,-1.1535579539824856,7.144351179781771,-0.09063355433585707,0.0016642065351739621,0.14468236457997996,-0.004291300892379432,0.585327680058967,0.7379295777593545,0.3280042395747843
179.2,1.0,40.0,38.0,0.95,0.07671727186539401,0.12254943696788406,6.156857180984529,0.06290005124235466,-0.12,0.07612508504305956,-1.0604596382469418,7.110305428910546,-0.033103436714457035,-0.003465940168717374,0.018342871697667462,-0.005084942070745609,0.43857526700575855,0.6235891767961859,0.3669038933096613
179.5,1.0,20.0,17.0,0.85,0.03148970952058506,0.05027794197433888,4.086837441856785,0.06332640191425323,-0.12,0.027507570987832266,-0.9668644117280141,7.110853911707655,0.0052630615090817345,-0.003970079970005647,0.018333307087012862,-0.003474105695200057,0.5432610287376023,0.7062825225823839,0.2471578217504744
179.8,1.0,14.0,9.0,0.6428571428571429,0.04705894282492322,0.06349669995085284,4.976030566840638,0.19939613229520023,-0.12,0.04348845997902418,-0.8930353401361292,7.243605537563636,0.031186314280014532,-0.023141894928310536,0.1509028189746191,-0.0029697363139300557,0.38713668035114296,0.552816031359121,0.16763708106969138
181.7,1.0,18.0,18.0,1.0,0.0180275941377501,0.03826209854440198,1.9481452183893637,-0.016809220637218316,0.02794155643432502,0.01262073784526488,-0.27776721198056087,6.818438308506818,-0.6541080369603329,0.03411161136895774,-0.07612598799348191,0.1423364389599925,0.8520442396382271,0.9212109358135512,0.5374767361569077
181.95999999999998,1.0,22.0,22.0,1.0,0.016632504073304653,0.037132528707135154,3.431336485945766,0.008202894897618341,0.08131533564095733,0.009489274858271168,-0.20281263546436012,6.72200089072347,-0.876015517352863,0.025496437508165853,0.011511409903774528,0.12077207519548794,0.7070002356601697,0.6920674853235182,0.44345566441475176
182.15999999999997,1.0,18.0,17.0,0.9444444444444444,0.02045500369750584,0.043459902972118804,1.408277619867487,0.03497305856115008,0.0516395027993833,0.013058347046194858,-0.15695138353193513,6.633885401314114,-1.1170624247411605,0.028969544794162916,0.010037109820419943,0.03613381735051968,0.6055126447171697,0.5234471266084804,0.30037340675895574
182.3,1.0,18.0,18.0,1.0,0.016889448828548634,0.04160351333341005,3.0477203143573526,0.04301429957252501,-0.05234867195696745,0.00913125840183423,-0.14606886390196366,6.560521793192822,-1.368943641000874,0.01778014396011457,-0.0002290905122652731,-0.079893050319094,0.5992459301364164,0.4775499211295585,0.2767573509519889
182.5,1.0,17.0,17.0,1.0,0.018837742810714802,0.04070627853430739,2.657010113523483,0.059351288061865466,-0.08885222441044127,0.009835476987442603,-0.14373934283584844,6.45274290679646,-1.6091193597377167,0.02503944246195472,-0.008854300805400506,-0.09486715783359845,0.6474029797305438,0.47161995121753636,0.25875166066892
182.68,1.0,44.0,44.0,1.0,0.015138424863141459,0.03317594622169041,1.6691111038195432,0.023637464874268675,-0.09407938678096392,0.008023863366730432,-0.20836645376587992,6.362412646063231,-1.7980787214920018,-0.02426908803871694,-0.012358160465661072,-0.0764236792797306,0.7699257284701538,0.6204967767933641,0.3884215167403225
182.89999999999998,1.0,37.0,37.0,1.0,0.026006519341594436,0.05221589975698684,2.017271445353586,0.037518033559244886,-0.12,0.023201716292195283,-0.2390195584179594,6.253881521063765,-1.9183905868096676,0.013066678478787286,-0.01271388853420774,-0.07216887735889932,0.7740721326900478,0.6152450064683957,0.3634897529586742
183.10000000000002,1.0,44.0,44.0,1.0,0.0814685203752825,0.12660190726051995,4.084167823008573,0.02108803437325197,-0.12,0.08288372109555739,-0.2599689357493692,6.162554889642609,-1.7205998399893923,-0.0052667474998637775,0.002477715778324452,-0.04642208998739639,0.5414732877849625,0.34906376924656046,0.3466676928839642
183.36,1.0,42.0,42.0,1.0,0.1712825653074122,0.2711981696288172,9.863326521083106,0.03510447202356783,-0.12,0.1777637460082569,-0.22303364060505337,6.013273379978094,-1.4177709579512596,0.02547657184415164,0.01290820004226223,-0.030235646364144438,0.27630902882590286,0.13914546125441266,0.3607304827567022
183.5,1.0,32.0,32.0,1.0,0.07535546335897067,0.11774993133675135,4.230125720830755,0.011626648856575392,-0.12,0.07577388122925593,-0.1997070394889353,5.89443665716892,-1.2692922037014922,0.00813795933610384,0.010533211433904732,-0.019580718512056228,0.6987215989508961,0.5124381915122563,0.3222561765367843
183.8,1.0,33.0,32.0,0.9696969696969697,0.09086284042209103,0.14593477119658718,5.2381038013874734,0.020135191035209853,-0.12,0.09094468384087127,-0.0932256485495071,5.681522320441293,-1.112904098884552,0.032670528510957225,0.020672413722781613,-0.013512552323634132,0.6156676612644337,0.4552019345128039,0.36306722030372374
183.89999999999998,1.0,49.0,47.0,0.9591836734693877,0.12243076384172637,0.19475779108411365,7.681277501502062,0.15928166010408487,-0.12,0.13558673730394954,0.057427529339843075,5.69006524373369,-1.0912705209900675,0.13391889376158153,0.09123450432214142,-0.009541009157407077,0.31132902288981035,0.22370983429223462,0.3086023181293088
184.10000000000002,1.0,64.0,55.0,0.859375,0.12174403662265855,0.18285622719637307,3.5193682401982147,0.17459779041553303,-0.12,0.13162156265982286,0.14227881002279974,5.559398970122726,-1.0685494917384677,0.11425238886715164,0.08294699854364396,-0.008304127051823151,0.41225339430866786,0.29327907078400156,0.3221258979213672
184.3,1.0,71.0,64.0,0.9014084507042254,0.08915924623394175,0.1981281056285469,6.784790428133421,0.1853909444651321,-0.12,0.10547605399683989,0.2266368150514182,5.427078974720177,-1.058482346305861,0.0840468224883742,0.0642344607872758,-0.007515615301653122,0.5471100064617678,0.4188690902247234,0.32800189113363964
184.5,1.0,70.0,62.0,0.8857142857142857,0.08783525298340109,0.19069997885239873,5.084502201904051,0.16951736329726835,-0.12,0.09846155595356375,0.2928812546361948,5.27570882460092,-1.0569298051885312,0.035297284216847025,0.027655366093401135,-0.006760968635116438,0.567670237797825,0.44396133226511014,0.3306595496867514
184.7,1.0,37.0,34.0,0.918918918918919,0.0868799071969261,0.18965039046384843,6.658377200131535,0.191191126907602,-0.12,0.10460420605552574,0.38615725881953966,5.144415031336447,-1.0605079567898859,0.047363239953765235,0.03175712400143116,-0.00526874442154579,0.5341164891257586,0.4056919245496355,0.33192039927362665
184.86,1.0,37.0,34.0,0.918918918918919,0.05001380035973114,0.08997957539718276,8.633575279689229,0.12001589570213929,-0.12,0.05083936943991219,0.3879910653400467,4.991050456682203,-1.0661051632487868,-0.025097606083135993,-0.022544257360810782,-0.004435628821581661,0.8082000997120069,0.7174976941647803,0.31700846578960606
185.10000000000002,1.0,31.0,22.0,0.7096774193548387,0.021255293789631594,0.05158963658360397,7.469304091870402,0.10025773935790781,-0.12,0.02007928589172207,0.4048539758098734,4.913898420769417,-1.096402221036717,-0.009804296006616364,-0.015363437556903392,-0.002365260420699622,0.7408346250457439,0.5944252039273925,0.2628221483264901
185.3,1.0,18.0,12.0,0.6666666666666666,0.014265806694813777,0.0260439653120168,5.214769650393849,0.09919253419971291,-0.1032219895067899,0.012003371233901048,0.4304673881590935,4.8590575925359065,-1.0852367844669466,0.005105227630796572,-0.003504589229921251,0.015159498333691566,0.5660204382640123,0.4247313121884138,0.171044625464748
185.5,1.0,23.0,15.0,0.6521739130434783,0.01393205607403469,0.03555651957514183,7.415633988766396,0.09925441649906896,-0.11693261289561598,0.011559472020708877,0.45788558975196814,4.808120979618478,-1.1051396621714527,0.00889946522735352,-0.00022319264101167136,-0.0011976020353978711,0.6232648145225563,0.5018443889399014,0.22623609972540357
185.86,0.0,12.0,7.0,0.5833333333333334,0.01489739618516331,0.023057442828667032,3.291620401988822,nan,nan,nan,nan,nan,nan,0.00889946522735352,-0.00022319264101167136,-0.0011976020353978711,0.6232648145225563,0.5018443889399014,0.22623609972540357
188.89999999999998,1.0,57.0,17.0,0.2982456140350877,0.19635505815628293,0.34642105168141696,14.596503095669597,0.2,-0.12,0.21412301497494363,0.02988432710533495,3.4300857375166998,3.009212887032784,0.045610666489145094,-0.30259451803584847,-0.004124113551448261,0.47778123385972443,0.39529893991993886,0.615026085875885
189.0,1.0,32.0,32.0,1.0,0.01585759028180265,0.03349890418819947,4.116116616800036,0.050918304169728416,0.07431828906511365,0.009152463828416736,-0.051324998341160444,3.603517008918808,3.0469784504482544,0.020079339016875683,-0.04255135408489208,0.180942577356777,0.9433420304124558,0.9364780735105768,0.5404117020549957
189.2,1.0,36.0,36.0,1.0,0.013762765716295401,0.03031300400416648,2.6252709963411225,0.06852775616692915,0.018064552935758985,0.008230898218105484,-0.21316242276892583,3.6698471154021046,2.6760675393225584,-0.024301785198344417,-0.01164603741536352,0.02452597314198579,0.6581882886935047,0.765786219940854,0.41234953779940936
189.39999999999998,1.0,38.0,38.0,1.0,0.012214902750465655,0.030349091175146507,2.9731918401323307,0.04565012467150832,0.010107398200122839,0.0069132034698436914,-0.32246887516616896,3.809397854004812,2.390227688080182,-0.006751047415724354,0.026892041416415324,0.00566546573182647,0.6639810829445932,0.7149370541899668,0.3653456794576708
189.60000000000002,1.0,42.0,35.0,0.8333333333333334,0.011068340972207876,0.030125612100987197,1.8448464172872765,0.045599673989781604,-0.04049409904612082,0.006049230318317982,-0.439358692350279,3.915222099994439,2.398191559354576,-0.001965749400927419,0.007286429701703678,-0.046498345872836744,0.6784702772807627,0.6956882374796087,0.34617840965583013
189.8,1.0,42.0,37.0,0.8809523809523809,0.012633345826700358,0.029722770839324415,3.45916593754514,0.04066422257476549,-0.049599284335459876,0.008453323469411909,-0.5707767820215311,3.9848005716140933,2.6204529128705465,0.00856447158726692,-0.0008751425136468427,-0.03935988585132266,0.6485814898477408,0.7301039197029484,0.3381138019216013
190.15999999999997,1.0,44.0,21.0,0.4772727272727273,0.017102083151367305,0.03340179775770027,4.399397499151603,0.05715208703714341,-0.12,0.015438949621631752,-0.8411569632577216,4.039292310227332,2.815660930959539,0.007887054515460123,-0.02768301158403741,-0.09637242712219063,0.6039643560280001,0.7842530408293682,0.2935235722570519
190.2,1.0,57.0,53.0,0.9298245614035088,0.09083939040327149,0.1643585001986148,11.554202588908584,-0.19664640366971534,0.12,0.0962994259635939,-0.8260413770291224,4.2895418487354275,3.075085185763255,0.05293241543456173,0.23973180403631744,0.17091221905863696,0.22897499099279411,0.3336257772356223,0.32446885279050647
190.39999999999998,1.0,50.0,36.0,0.72,0.03559362748973448,0.14213040308341388,8.816953827716443,-0.09464112148722156,0.12,0.04624147043267782,-1.0101108122390783,4.2104731484668925,-3.1408731732211033,0.008216721816115102,0.061600539420453515,0.11853269427380943,0.626038376044366,0.8165576260116326,0.32866496090045366
190.60000000000002,1.0,52.0,48.0,0.9230769230769231,0.04703342611819452,0.15607905019070217,7.577130546620796,-0.08292301284724991,0.12,0.061712756101791146,-1.1736464483048552,4.214405598531613,-3.1002875219282906,-0.0030878998685819337,0.006990874724811746,0.08134339003145222,0.48652528666384176,0.735901353742857,0.33079597344487893
190.8,1.0,54.0,52.0,0.9629629629629629,0.05844309836123902,0.1447465740001043,8.034566916323143,-0.07905232448264404,0.12,0.06578570526765272,-1.3347507521788817,4.222132660191659,-3.0802945671711583,-0.003111060271186794,0.00961118929412752,0.054609399729558465,0.4733375380479275,0.7291581659317811,0.331745667354211
191.12,1.0,43.0,43.0,1.0,0.06197261461373956,0.1380596333511517,6.268213747178865,-0.05296571420530623,0.12,0.06810232225341287,-1.429928189481727,4.202441364107367,-3.065687134217873,-0.0037432175404235046,-0.014890896237885975,0.036724923537239995,0.5346152813008505,0.7809073316910349,0.3750706940436057
191.26,1.0,34.0,34.0,1.0,0.060349062237622215,0.1357541232407278,5.047972502203442,0.2,0.12,0.06820950247887848,-1.4931697639646413,3.952346457486402,-3.062189948557469,-0.012284757720349315,-0.2506308963295165,0.02276982147101858,0.45693280009890336,0.6466453201855301,0.3299684050893176
191.45999999999998,1.0,24.0,24.0,1.0,0.06052069283405944,0.12025567562623819,6.406272427077427,0.2,0.12,0.06543176006474023,-1.5566188813250503,3.9557437345391873,-3.0591121877456704,-0.008385823223307165,-0.081642255975233,0.012413019488591193,0.423192212619184,0.6178625698378115,0.27187085573886366
191.60000000000002,1.0,32.0,32.0,1.0,0.04158148765031287,0.10687446296007762,7.879753936583448,0.2,0.12,0.04851086162295172,-1.6019776953073177,3.95836944793591,-3.0569648510308927,-0.00544333764124505,-0.026104772287941724,0.008053171979299556,0.6068164680865367,0.7524956203557696,0.3242321076096415
191.8,1.0,21.0,21.0,1.0,0.04780119473280046,0.08795707912570674,7.26126036836614,0.2,0.12,0.0507542368601511,-1.6659605737407257,3.9618146847019267,-3.0553175179592227,-0.0021185192210426695,0.0009049158068985541,0.005073626903725703,0.47611466973276206,0.6468332190463703,0.24408439790595737
192.0,1.0,16.0,16.0,1.0,0.05059912266788611,0.073536752469056,8.728534531080198,-0.2,0.12,0.05025830995263495,-1.7171527918119835,4.366560353878401,-3.0537953997632084,0.012225924673403776,0.40759357351806624,0.0038506701310292435,0.4368719627727938,0.6004935172930623,0.21246163995993114
194.0,0.0,12.0,4.0,0.3333333333333333,0.10314800370473062,0.11314893266055534,15.019413489056866,nan,nan,nan,nan,nan,nan,0.012225924673403776,0.40759357351806624,0.0038506701310292435,0.4368719627727938,0.6004935172930623,0.21246163995993114
194.2,1.0,27.0,24.0,0.8888888888888888,0.02089730309108212,0.04789928603841876,10.136387813614595,-0.02497658372446443,-0.037575740866260074,0.022542498670544375,-2.500541326883929,3.738100943226194,-1.8261192941824982,-0.07056002220112534,0.048473556987514765,-0.1475150215923262,0.9066012753379548,0.9356700863982004,0.6030887876261793
194.36,1.0,31.0,26.0,0.8387096774193549,0.023605949693494645,0.04808293267474877,6.9254510631711375,0.04567864904133416,-0.06919701572070902,0.019183845319073856,-2.429557143820741,3.653350137243251,-1.7138369586561222,0.06612324323699736,-0.008555786951656152,-0.0836768068993905,0.7085612462130667,0.6080229272639827,0.4310536154221001
194.56,1.0,36.0,33.0,0.9166666666666666,0.0232557622896838,0.054531338583268675,9.495469362151145,0.08746295590791957,-0.12,0.018817261725231203,-2.3809052435115743,3.6116336804078624,-1.6217743308401604,0.06288064328620191,0.006815723516567118,-0.10096967729558037,0.7599810106503968,0.6111186538488986,0.4108605548592741
194.82,1.0,39.0,31.0,0.7948717948717948,0.06428242665263778,0.10153967623627692,3.912736380481925,0.09976681612000085,-0.12,0.06521967181820078,-2.354706666860616,3.549833526334459,-1.43328663146387,0.029827679898764448,0.02306985782284121,-0.060739575977076354,0.6688577731992855,0.49180186038482454,0.37843909313582347
195.0,1.0,46.0,44.0,0.9565217391304348,0.05232125155375,0.09325466548458619,3.557101038743144,0.07551432537466334,-0.12,0.05298323093084734,-2.3561910894119404,3.487305384751008,-1.3256439011768468,-0.010609971196661405,0.014598139951224276,-0.03831449963377187,0.7268180686264064,0.5940521115846075,0.35108868262533466
195.15999999999997,1.0,39.0,34.0,0.8717948717948718,0.0196945143309479,0.044932218011709386,2.2097610925367,-0.08746935588825479,-0.09815767351435689,0.014335315291529574,-2.4842118561909645,3.3741004220717774,-1.2785393594395296,-0.14936252022343321,-0.05195014507284634,-0.0028985122670766024,0.6973353637573544,0.5784172483921246,0.3266011791499224
195.36,1.0,39.0,35.0,0.8974358974358975,0.022553921816680048,0.05498751003165285,2.3915621075620823,-0.023909775107295167,-0.12,0.016883571898381074,-2.4090409072365726,3.334705533691875,-1.3148981042179253,0.02178385427636087,0.009469466499993029,-0.020918353666959044,0.7180642146154622,0.5921275809633221,0.3307266781402728
195.56,1.0,28.0,22.0,0.7857142857142857,0.016471597461025094,0.03167351706462744,1.883523548459364,-0.16199902592462032,-0.0760083696898622,0.011865873528969732,-2.5287793727520294,3.2225807873862578,-1.3137274802398649,-0.11775251855175028,-0.04039436067539315,0.02958105929552146,0.6399998950040855,0.499449052846494,0.25517824892403995
195.76,1.0,13.0,9.0,0.6923076923076923,0.02017798417397905,0.03514701531718825,0.7953516346676575,-0.2,-0.029858208730180115,0.01926770321771538,-2.5604625591339785,3.1501506324342183,-1.3203485934905268,-0.07307078885969132,-0.017675417246535208,0.07035271445489721,0.44289548377224336,0.30696840718556695,0.13160546119567987
197.15999999999997,1.0,42.0,25.0,0.5952380952380952,0.029296749173426298,0.0759321557959045,7.2465117020876395,-0.11441185437219664,-0.017601698291218135,0.028401385067275988,-2.3017693875409004,2.6244598806120165,-0.8500382733892002,0.11403774999501293,-0.01994249242145596,0.07453338303919133,0.9197236597288448,0.8487212421273737,0.5529777446860826
197.39999999999998,1.0,64.0,27.0,0.421875,0.11490895460218722,0.21761386996740878,12.097713099929287,0.18303923115231935,-0.12,0.12244784657105154,-1.972986194045439,2.7670087671490533,-0.5230152030258174,0.16970012396953393,0.24793444852842095,-0.07392304174731529,0.27130182439300804,0.3011336951652938,0.43199292187478555
197.65999999999997,1.0,82.0,21.0,0.25609756097560976,0.16340407668642223,0.31395136396642886,10.794841526328785,0.2,-0.12,0.17778325069769046,-1.850708976101533,2.768453785582867,-0.09136680969770727,0.037735822961838306,0.2126968177520192,-0.050324160288082474,0.13794953487314648,0.2075974089560354,0.3229321440016753
197.71999999999997,1.0,52.0,42.0,0.8076923076923077,0.03310540422455859,0.08802051370458501,6.477491074481703,-0.13962610138071996,-0.1167898540753761,0.033199731443629935,-1.7961050006190238,2.4340410757389357,0.007190626198545837,0.05040681435510619,-0.1653750049840057,-0.03411355481921889,0.7405218547600685,0.822101497851541,0.34902391831130464
197.95999999999998,1.0,42.0,36.0,0.8571428571428571,0.02940481845157396,0.07753464476436564,9.350201615625137,-0.1038041562192196,-0.12,0.028080767919049104,-1.6772047431184305,2.50105127888875,0.22759773081298873,0.03323357906902613,0.020896191210826753,-0.020109679310978013,0.6388985330713297,0.7940768693569158,0.3546524282013328
198.12,1.0,30.0,24.0,0.8,0.027298386147861887,0.057825720625927245,11.292350145624814,-0.10124365595947717,-0.08678838619171023,0.023533943136382057,-1.615529680261266,2.526875020345764,0.35727092067057364,0.018857688501292103,0.01721716307654919,0.019790284506293943,0.5076113913546672,0.6641534586458867,0.2682535451316132
198.3,1.0,23.0,18.0,0.782608695652174,0.029441018951935446,0.058868296051059844,11.750587941300948,-0.09706965667953288,-0.0791547596626787,0.025165837346679147,-1.5543901666404736,2.5539936876618277,0.4093416956250502,0.010366519814537956,0.018410281166275855,0.021887877633885663,0.46307676164816247,0.61141849956279,0.22243944852132708
198.5,0.0,24.0,4.0,0.16666666666666666,0.06392166186043119,0.09658283417255142,14.20956960249885,nan,nan,nan,nan,nan,nan,0.010366519814537956,0.018410281166275855,0.021887877633885663,0.46307676164816247,0.61141849956279,0.22243944852132708
198.7,0.0,17.0,4.0,0.23529411764705882,0.0607685100038234,0.06972403799410667,16.031886241305862,nan,nan,nan,nan,nan,nan,0.010366519814537956,0.018410281166275855,0.021887877633885663,0.46307676164816247,0.61141849956279,0.22243944852132708
199.06,0.0,13.0,6.0,0.46153846153846156,0.022059946533324184,0.04776126599455365,16.26017561488581,nan,nan,nan,nan,nan,nan,0.010366519814537956,0.018410281166275855,0.021887877633885663,0.46307676164816247,0.61141849956279,0.22243944852132708
201.56,0.0,13.0,6.0,0.46153846153846156,0.10644228766855816,0.17795392018428155,12.915181011390324,nan,nan,nan,nan,nan,nan,0.010366519814537956,0.018410281166275855,0.021887877633885663,0.46307676164816247,0.61141849956279,0.22243944852132708
201.65999999999997,1.0,27.0,27.0,1.0,0.016538489881081704,0.03732350846875878,7.547011910752747,0.17620914454864148,-0.046685258972379705,0.01322429576853212,-0.432410968919407,2.2031406323818192,-1.4630784004711583,0.18429091465726155,0.21351962593668472,0.0492200587668854,0.9448193814443137,0.9636895495655696,0.69599039839436
201.89999999999998,1.0,28.0,28.0,1.0,0.01976726194169321,0.04826405013508675,3.9712932240911343,0.1873242017383179,-0.04609800471135981,0.015623732373861516,-0.4280828607031246,2.1024164514137853,-1.6229343779224417,0.025463946312515806,-0.021537089520011765,-0.003841082012463693,0.7657585368000134,0.6498667784253087,0.472095480506794
202.10000000000002,1.0,43.0,39.0,0.9069767441860465,0.016763025413733413,0.03596440258579714,4.828176062283872,0.1675681883311732,-0.042740705712348996,0.01265229172249153,-0.46692884267109697,2.0240320892049293,-1.7493258230312032,-0.012800300545771914,-0.029959953198025246,0.0006218853564274872,0.7429078367310755,0.6113825599305365,0.41392403109882403
202.27999999999997,1.0,41.0,39.0,0.9512195121951219,0.018337363135357,0.04720079841712936,3.210674016902849,0.07972585961395268,-0.02120436516977646,0.015302049910380896,-0.5773096804682637,1.9771324043536727,-1.8428719192429133,-0.09042026328595093,-0.009923054899312556,0.021962872448590298,0.7027720145069729,0.5808821865936152,0.36083538441435065
202.5,1.0,46.0,40.0,0.8695652173913043,0.023234005223322213,0.054772649659487756,4.423713826251077,0.13224562469598078,-0.026500909024914292,0.021841885335564918,-0.5669897542219805,1.8917962277603126,-1.9866182696435009,0.019812883009168947,-0.03854943192349025,0.01014333504022047,0.7253880310881218,0.6137764063687521,0.3528106943459618
202.7,1.0,51.0,42.0,0.8235294117647058,0.031022510112183762,0.22040724222203908,5.058866137085889,0.11482388450371891,-0.03221205374670014,0.043296014203153245,-0.6244858112523193,1.84047426895051,-2.1050268342836036,-0.01667177933149777,-0.020138177481638042,0.0001312707362801646,0.6944140680581745,0.6149822717135763,0.342289500315557
202.95999999999998,1.0,54.0,35.0,0.6481481481481481,0.016883285775961595,0.042123413747360804,2.8771785572702098,-0.03607018043520162,0.040377425448462526,0.01105021493257505,-0.8111362984458546,1.8537139696443077,-2.118973431874005,-0.1349144695522304,0.06474810405588105,0.0726314855532717,0.7159920995113628,0.6630423895983077,0.35892967072771137
203.15999999999997,1.0,58.0,36.0,0.6206896551724138,0.02145689064529224,0.09810541744320429,3.377026277996863,-0.08459298265878472,0.03219575127028892,0.023608344240884104,-0.8874264442646185,1.8292203832426015,-2.1064874975961434,-0.07551569420532589,0.03904705660614871,0.04118246620906163,0.6808016295813857,0.6303495821967153,0.3448761508143086
203.26,1.0,65.0,42.0,0.6461538461538462,0.06196914991839316,0.3023226915006505,6.553697610161655,0.15006923332556454,-0.060510513410643146,0.10257841782010266,-0.7027927081876788,1.6803783767605676,-2.172075641881351,0.1779588877111845,-0.11269448973371166,-0.06421163272178143,0.2552237123591885,0.21601565333818687,0.3001766803163601
203.5,1.0,77.0,57.0,0.7402597402597403,0.09329928565382596,0.25651809349431565,6.500882384627314,0.07937034953092892,0.0025657731148162805,0.11894456068323613,-0.7902444300783638,1.6537400050229003,-2.0322290404850833,0.07184285047698047,-0.04034441790629639,0.016818761412510597,0.34090780462442666,0.27306045249220484,0.33413895483465855
203.7,1.0,68.0,59.0,0.8676470588235294,0.10964366445275762,0.277047100105571,7.984238898244906,0.07406982876772451,0.04589381259363642,0.12387334068774136,-0.8137146415344292,1.601979609097888,-1.9198124935103387,0.04262826158848443,-0.018181455944562108,0.05384048332594005,0.36457364910536766,0.2880199610563584,0.3342464015684288
203.89999999999998,1.0,41.0,33.0,0.8048780487804879,0.07017600738361586,0.18246218281444615,11.624772201637937,0.03288561591726347,0.12,0.0772861833211734,-0.873325007640275,1.5615517483524985,-1.8018575039461386,-0.012784766713776485,0.00700679885184563,0.10957070742148578,0.6178380394036356,0.5245879786862021,0.3341674342803721
204.2,1.0,55.0,52.0,0.9454545454545454,0.13411690305362378,0.3490296042429762,10.810337625124863,-0.010682965907915482,0.12,0.1637099528447011,-0.9615649221697917,1.501054391322383,-1.9187043900042746,-0.049631607724267446,0.02135946156791313,0.07313826413050273,0.2762867418090253,0.19812882279952754,0.36960192872795666
204.26,1.0,64.0,49.0,0.765625,0.0949456551379066,0.3045737536640251,8.36306679496336,-0.041318347384348156,0.12,0.12519805197891398,-0.9973549391297021,1.5016410089141456,-1.9554791148130297,-0.06431699326005547,0.031980591469084274,0.04644634690130989,0.35283573695158205,0.2763964088230486,0.2957109678106841
204.51999999999998,1.0,81.0,57.0,0.7037037037037037,0.13712230787019972,0.3468531754048836,6.560017056708913,-0.08435499532857516,0.12,0.1841538361834025,-1.0799727053277839,1.4879607492529148,-2.1151003574045464,-0.07539669503121793,0.05751819436563288,0.03316018026211465,0.23846189859305622,0.18505966042610428,0.33967048038801195
204.89999999999998,1.0,64.0,38.0,0.59375,0.18728028044586412,0.34734839694090647,8.299606445472119,-0.2,0.12,0.2128576847967923,-1.3172691292012293,1.506438530126949,-2.6208182972237295,-0.07961621636760152,0.19822224039581315,0.022311441229039275,0.23982022142938472,0.2179652017359686,0.39647797412835306
205.10000000000002,1.0,66.0,53.0,0.803030303030303,0.2049501155873712,0.26524721532295403,6.779683588218815,-0.044475694680164775,0.12,0.20661832503390617,-1.3891528378178286,1.3526483822910491,-2.9015776043544728,0.01880292856537391,0.02739475666820934,0.015796848971856292,0.23418645998884663,0.2547410358134694,0.3600806777485742
205.26,1.0,48.0,45.0,0.9375,0.11628138293178598,0.188771304946484,5.5811767699471995,-0.033866388766590115,0.12,0.1207157195506915,-1.4329473100604608,1.3467635067565642,-2.9679686739930093,0.01894836969258451,0.016970001199555274,0.010322915227539475,0.4420413083680793,0.5056226897190508,0.33033579536746505
205.45999999999998,1.0,38.0,36.0,0.9473684210526315,0.12831199337632568,0.17723091897239235,5.315491070467826,0.2,0.12,0.12865741061985342,-1.4910858397473146,1.1123474457988745,-3.007569787595774,0.015386630958850178,-0.21728685860019947,0.00707990577453721,0.3394603913958319,0.43311306877367517,0.33249096681029766
205.65999999999997,1.0,35.0,34.0,0.9714285714285714,0.12593775424663287,0.1846054652850651,5.55766968563204,-0.05318791033651693,0.12,0.1278799784025714,-1.5590308993002093,1.363978486591665,-3.029750908679423,0.0018301343153255267,0.13815162131207948,0.0028490227673501067,0.3194826556070127,0.42968416824666633,0.33349897169159626
205.86,1.0,30.0,30.0,1.0,0.13837675672528443,0.1793062234725408,8.063434701116455,-0.2,0.12,0.13929066044474642,-1.6185909416044866,1.5096768847038329,-3.042850532103076,0.007016971704288277,0.23303224007270562,0.0029855090074968334,0.2602506740647352,0.3684970058219061,0.31979770282980147
206.06,1.0,20.0,19.0,0.95,0.13296268538730066,0.1827038370028554,7.0373376515361485,-0.054407683660575364,0.12,0.1342415910567292,-1.6828627550023167,1.3627287005303235,-3.0481383826706825,0.0049667333236216304,0.008870554361965599,0.0035844364374013615,0.1968840935719324,0.29331823620169645,0.23215097105750074
206.26,1.0,17.0,14.0,0.8235294117647058,0.13033813818929615,0.15104639027270297,3.293351442317235,-0.2,0.12,0.12863402984577835,-1.7441260487069143,1.5053647796687555,-3.0483420301876416,0.007192049815660129,0.15950994326320989,0.0028002625061556152,0.1751588142706805,0.26753617923862005,0.19650231328273396
208.39999999999998,1.0,16.0,12.0,0.75,0.02289546345995357,0.0762114469544809,6.524867564542751,0.10685871436132245,0.013422768817758834,0.010640065183370054,-2.3386898277944685,0.9022608408396311,-2.033949721277099,0.051077691793229185,-0.05471846004802727,-0.10333787215551336,0.8399004695922685,0.8940829866315366,0.4402154729151981
208.7,1.0,13.0,11.0,0.8461538461538461,0.019045877006158084,0.04740554378748692,14.607621702430837,0.05364445868830878,0.014411575902875787,0.01579937992164819,-2.4008431487426742,0.8395556881405097,-1.8150749851173498,-0.04163700210623933,0.0303393269948794,-0.06253552061371925,0.64461597030596,0.5610471641900779,0.32700138702572784
209.10000000000002,1.0,16.0,11.0,0.6875,0.023012329517463178,0.04108761282382762,9.361104697047224,0.13105570069450567,-0.07965948627981809,0.0130256169123461,-2.314132332172016,0.7181321068134919,-1.6285633367652559,0.058751097244078565,0.02773856699920818,-0.13392818335383794,0.674295622867086,0.5298154809844204,0.3047745264846133
209.36,1.0,21.0,18.0,0.8571428571428571,0.024008602744829265,0.04943028506109854,3.8643757186587844,0.13732616559149516,-0.12,0.019290225355372264,-2.2844569056664663,0.6557913231251475,-1.4852657253747905,0.023449607805956063,0.03853906614819469,-0.13623336239849215,0.718833002540685,0.5970185373156259,0.38161167626872994
209.5,1.0,21.0,14.0,0.6666666666666666,0.018639437481882355,0.03749702828594449,1.128149268212808,-0.056626998598703064,-0.06347976224409674,0.010708230128319616,-2.4555741565621565,0.567944221671727,-1.3515794294455854,-0.1794729684456171,-0.027493231301839782,-0.029048931821460844,0.5372525719410733,0.42141504597764834,0.2578877634260108
209.60000000000002,1.0,23.0,17.0,0.7391304347826086,0.017897616456742437,0.040298661109881964,2.6846963736296585,-0.1413438759560402,-0.018279220545283758,0.008859821671642981,-2.523958028886123,0.5068332405952496,-1.2713681292104275,-0.16049566737669174,-0.03926923720065001,0.02827914455783076,0.5362228419720987,0.4266360109516152,0.26320410098570024
211.32,1.0,39.0,38.0,0.9743589743589743,0.2081593135899288,0.3469199660193792,11.192431831961757,-0.029344100069284982,-0.12,0.21711700535890338,-1.9239032335586859,-0.044611583203842,-0.3728567197255854,0.07812718784932393,0.017525420604147628,-0.0772200061134301,0.4582081797048423,0.3536701971515999,0.6505108867424517
211.5,1.0,33.0,33.0,1.0,0.15537370540338408,0.22929786792327567,7.572489847244093,-0.057408829845238527,-0.12,0.15959146240724156,-1.7735248511527915,-0.059100742838594386,-0.08341946196101613,0.05876328665410524,0.00043735119907427344,-0.028834519847113337,0.4764005870213029,0.4633856641345581,0.4418546417251596
211.60000000000002,1.0,30.0,30.0,1.0,0.016762815107606518,0.03374739150660211,2.619503086333716,-0.08005436799974154,-0.033606321413404056,0.011155444488436951,-1.6867902344022716,-0.06950878650865136,0.0840710318209706,0.038063870986356996,-0.014146784400238949,0.06980417783281752,0.8306710525548507,0.8486349287773005,0.32817795703518093
211.86,1.0,31.0,31.0,1.0,0.01806401157065496,0.04813100221449202,1.074725997822695,-0.05073580484249182,-0.016457117518313226,0.008454929744965475,-1.479966594177945,-0.006456084954340753,0.14181279257960847,0.0030086542109870607,0.04306348918732594,0.0642299143604016,0.6544041069486713,0.8103251736875403,0.3529022404185283
212.0,1.0,24.0,22.0,0.9166666666666666,0.02127435950550603,0.0614057534710933,1.2512801861595997,-0.029387754177003515,0.009361574516343089,0.009952078920661137,-1.374217447543682,0.020265135529840703,0.14265502269953642,-0.002719158232278085,0.034584855921989455,0.06577249437533733,0.4623289145439627,0.6671496410099914,0.24807395200430074
212.2,1.0,23.0,23.0,1.0,0.023872012557693296,0.1070219162891137,2.53028834534279,-0.029911889707224578,0.026538182838311167,0.008926917074939877,-1.2169831512755203,0.03173112441371811,0.12072512151225827,-0.002342979616889007,0.01635417796541746,0.06559642400515721,0.517569807972957,0.7442756500587052,0.274140516342917
212.38,1.0,31.0,31.0,1.0,0.029961637557068897,0.0935526428265683,2.204441189591733,-0.031859286764535304,0.03318826739362769,0.010167758563469001,-1.0740840882287104,0.03586620960934876,0.09491725560215204,-0.0018272113504436138,0.004356725466620873,0.05372062189382604,0.5851453682914184,0.7862294735386742,0.33885957078231804
212.56,1.0,26.0,26.0,1.0,0.025486997998780642,0.10431455994640047,3.7672061038764477,-0.022679415145621974,0.025582250850923912,0.01047103091199984,-0.9293387766624457,0.05122820049862774,0.06198820190331254,-0.001884597811090738,0.009784205541410136,0.02777034974620201,0.5215235255095418,0.7640514609263062,0.2882484694567794
212.86,1.0,28.0,28.0,1.0,0.020929444992372755,0.0690552087172489,1.5448892205768936,-0.01058549264019111,0.022927316590884924,0.009225975960625939,-0.6937425718409616,0.06439703371512168,0.03081892317135065,-0.0015238844349427794,0.012656459696832406,0.01682310672471323,0.6200254503864367,0.8473532796024359,0.3447831970672615
213.01999999999998,1.0,40.0,40.0,1.0,0.02084547736516642,0.10030677753324789,1.8140162066135317,-0.026393777823921806,0.042125842237786544,0.009600650142504745,-0.5641289675917954,0.04634067459964903,0.041065859436112136,-0.0006358385718864268,-0.015661876303612064,0.0298128555503318,0.5759224858192816,0.7952563729358544,0.344574749236276
213.15999999999997,1.0,39.0,36.0,0.9230769230769231,0.016003871458912827,0.0352714493541995,3.0770526424449542,-0.04987039687511391,0.06575727801294759,0.010600976186690127,-0.4550063743340347,0.022441398080732707,0.059009043407373535,-0.0006210774594721524,-0.029386560018660045,0.04361863774576796,0.5346525585041507,0.7799099611627683,0.31538564836871336
213.36,1.0,48.0,48.0,1.0,0.016363700201077344,0.03355659060676317,1.8886145369454301,-0.005287897683595445,0.029259418900704135,0.009161850283355765,-0.2938953566954867,0.06364621766870107,0.015833900782247307,-0.0001661048441002344,0.03210900308429619,-0.005939607939939556,0.574478119622343,0.8243314865625421,0.32489006298915
213.65999999999997,1.0,46.0,46.0,1.0,0.012755313438206592,0.03067910402213504,1.850189807616949,0.002803334036567183,0.0363522019743137,0.007814177562535734,-0.054766532937022216,0.06627119192559287,0.01626569197314213,0.00019969454283787907,0.005633920975765289,0.0022812646685577784,0.642545417213163,0.8732693030756474,0.3641364465022642
213.82,1.0,36.0,36.0,1.0,0.012872765502827989,0.031422254000922745,0.774332299060067,0.02526738662763548,0.022459003945599337,0.004947250655521004,0.07435200612742685,0.08613238125090769,0.00020619593881258252,0.0005871038780651677,0.018643160323377553,-0.012597338518128517,0.5637024046037717,0.8034911459395867,0.3317858307779378
214.0,1.0,28.0,28.0,1.0,0.01388748151952315,0.036373369988577355,0.9232138170576241,0.025521558301400616,0.02663369783239213,0.004756401603237785,0.2195212398418347,0.08236743386888742,0.002726071341087176,0.0003100825910133387,-0.0005274923019944616,-0.004708881544081706,0.5317386343353852,0.8053161340180259,0.2962787480587894
214.15999999999997,1.0,25.0,25.0,1.0,0.010691158948852017,0.027724608454298735,1.4454173215107788,0.03461182123247496,0.022830339293193412,0.004471360753148528,0.34878024604020613,0.08641414956112489,-0.00198840485902,0.00029971908210546516,0.0051581142212819425,-0.007104563257907285,0.4962821875903064,0.7690599058451651,0.2691589792398642
214.39999999999998,1.0,27.0,27.0,1.0,0.018578727202402685,0.043585773714158504,4.858842782896057,0.0981731723620083,-0.037317033266690974,0.01670224651441418,0.5427588201492456,0.14476472265689241,-0.06320327800129674,0.0017724678745351108,0.05937276853292982,-0.06546255631269936,0.5780210853594369,0.8422373937348148,0.3142373305242442
214.62,1.0,50.0,41.0,0.82,0.03929784273178419,0.10584289258123547,8.838935981040866,0.11851931166297781,-0.04833249325644876,0.045115377339085064,0.7042810241914584,0.162422957361688,-0.07583968305585247,0.001495942915400672,0.028794793243772154,-0.057447404753011896,0.6132788875837046,0.8510893222279587,0.35677297190714546
214.8,1.0,57.0,39.0,0.6842105263157895,0.03089430830572512,0.07527489333719524,10.17663868318617,0.12681154814368403,-0.06708433602101829,0.031098294646592996,0.8636799066956612,0.16496374746032696,-0.09362356304244893,0.0006448626167981919,0.014727673072245012,-0.056388982215841016,0.5740740318442819,0.8343270725322094,0.33581737252026483
214.95999999999998,1.0,49.0,38.0,0.7755102040816326,0.05271737079654073,0.12510173224888627,6.618829828143647,0.2,-0.04193331697262798,0.05853173552468572,0.9876102059767227,0.2347278350229669,-0.06888231479036039,0.0023355810561427326,0.07961676256275454,-0.012664727795058173,0.4732943522937939,0.7606882238414625,0.31923392859236976
215.2,1.0,42.0,30.0,0.7142857142857143,0.06764558984664724,0.13359766171965723,5.924693666365585,0.2,-0.03391212332242942,0.07367613856660636,1.0827394033661233,0.23285630714657057,-0.06644900951457122,0.0012095851971176685,0.02207801565444603,-0.0021866933103326376,0.4132503201362007,0.7324660295458431,0.32800654979607363
215.39999999999998,1.0,32.0,26.0,0.8125,0.04726547534337486,0.10990542157967577,9.749332500078241,0.2,-0.12,0.05219687757962351,1.1496895061828891,0.23118831939547269,-0.15528589499555012,0.0009225177122558215,0.008018649303978942,-0.0877878605956583,0.5697200782800566,0.79276513755165,0.29608628925776503
215.56,1.0,22.0,20.0,0.9090909090909091,0.07214494459096815,0.14904220090815556,7.693658309538757,0.2,-0.0807962767169734,0.07698470688233516,1.2022231211948573,0.23101564665809077,-0.11905783262501687,0.000986488851871803,0.005012702536424718,-0.022686091054773747,0.27349960887527186,0.46597707884183603,0.2376752069885385
215.76,1.0,22.0,20.0,0.9090909090909091,0.06888130380576273,0.116635466658496,7.782591657678474,0.2,-0.12,0.07124861613664737,1.2671689240445434,0.2284384306303488,-0.15812591878491256,0.0009026262549061137,0.006930117059206237,-0.05654203989943071,0.36433258286965947,0.5681765429663289,0.25514087670472996
215.95999999999998,1.0,15.0,14.0,0.9333333333333333,0.06432403016306525,0.11326998868487159,7.626311833065528,0.2,-0.12,0.06624556954992354,1.3344039673959935,0.22722084002343476,-0.15921351258428185,0.0009843430638356576,0.008622211033272015,-0.04219954005726109,0.33392516960940694,0.5069702383878448,0.2012515822297464
216.18,1.0,17.0,17.0,1.0,0.07569414997341772,0.11766152676494399,7.9321059991670095,0.2,-0.12,0.07861045355873246,1.4077405825366218,0.22555074111770945,-0.15981842160431714,0.0010508395387573977,0.010844625477908487,-0.03382182917602117,0.3259001498992603,0.48146111243408296,0.25496367931958946
218.3,1.0,29.0,29.0,1.0,0.06498161038047758,0.10230403337336563,6.171213812885987,-0.2,-0.02406389439130252,0.06475928792163176,2.3346179086894425,0.29598370687527176,1.1316832567964734,0.14579683341413796,-0.20187245803360465,0.07058165979349051,0.8629818936731571,0.9241162751562506,0.6497389467434268
218.60000000000002,1.0,28.0,28.0,1.0,0.03871030143143324,0.0770205108235505,3.742939767182318,-0.2,-0.12,0.037516026205002086,2.366488768959178,0.4901147628541376,1.3347208483519188,0.02746601059972864,0.04249988395134713,-0.0561049128334532,0.8047927067171211,0.7282591723456754,0.45637055744596766
218.8,1.0,28.0,28.0,1.0,0.03406325357202559,0.06879131298694408,4.099001497307204,-0.2,-0.1171905639447743,0.034683813215951056,2.359280828791002,0.6096853715978129,1.508473471789222,-0.0007985841496069845,0.04628001392494885,-0.02724276365127265,0.733547627015278,0.5918907560144961,0.3754622269787048
218.89999999999998,1.0,33.0,33.0,1.0,0.01619658061572706,0.036022566954053904,3.642790213794777,-0.2,-0.017463966137907645,0.013459908215716722,2.3489150332684288,0.669986395873283,1.6939336006783048,-0.0057387125039025655,0.03529192849126561,0.08263591837568773,0.6613602216082662,0.5202350659338797,0.33877144920528285
219.10000000000002,1.0,36.0,36.0,1.0,0.019358722181687375,0.04640763398702892,3.3136796020335577,-0.2,-0.007361231134029761,0.01776983936601133,2.310503647193268,0.7834512145212038,1.8783458160846824,-0.015003708568982255,0.04889256598898073,0.06467703888603649,0.7372611318068295,0.5773796643976704,0.33590907457094443
219.3,1.0,56.0,56.0,1.0,0.01884972375292984,0.04140208746747788,3.720378723377083,-0.2,-0.020837247086534283,0.013758706955630572,2.254150214437125,0.8883943262516352,2.0391302062871355,-0.02213361282461701,0.051180902395672856,0.029500833375228463,0.7262995926561406,0.6020187278340936,0.33466412630074965
219.57999999999998,1.0,46.0,46.0,1.0,0.029421828712938178,0.057135673779319156,3.056626240523044,-0.2,0.0016919840230402502,0.027929089215066216,2.1943067696949794,1.0016178369223092,2.096114656204545,-0.016291312257418866,0.025450066900621127,0.04229112819899594,0.7545827142011934,0.6664785121681877,0.3622854559835556
219.8,1.0,43.0,43.0,1.0,0.03378478646328752,0.05058496357878327,2.5569263950335674,-0.2,0.0517449365358291,0.029987394757141753,2.169748786990325,1.0761083219443603,2.061916356622706,0.00024977158435834923,-0.006061576051721751,0.07688911095103279,0.7355429507694109,0.6358588663115142,0.3530621757502547
219.89999999999998,1.0,43.0,40.0,0.9302325581395349,0.014691698715492469,0.03153586792422402,2.4746839772167686,-0.2,0.023896095362998995,0.008951446401064387,2.1618404291056246,1.1092834081885274,1.9932664236865438,0.004430286593103183,-0.009523364517789235,0.021867979527615326,0.6259601935532699,0.5274881180986355,0.3039453785395816
220.10000000000002,1.0,49.0,42.0,0.8571428571428571,0.013297023954368043,0.033459611393868896,2.8239133137394035,-0.1926013996601262,0.02875171516467503,0.007527238307819946,2.140425073040998,1.180047268022098,1.9262414249550837,0.0011413549344125862,-0.02036084553059192,0.020124823244231482,0.7182044509826278,0.590967277891407,0.320260706630551
220.3,1.0,40.0,33.0,0.825,0.01518321094964703,0.03276508146338553,2.3815930068094273,-0.15763453628406637,0.027690465259547773,0.008482295433738218,2.100258643493867,1.2409800782147906,1.8352902540398774,-0.026255226338364412,-0.03303020002371171,0.012594197619525849,0.7325334227031524,0.5953944222848864,0.32767983018697444
220.5,1.0,41.0,37.0,0.9024390243902439,0.01743663004600059,0.07806737906283066,3.1715265493310243,-0.147266475948335,0.03498613511494893,0.017518747949368946,2.0994847883400154,1.3065012040622395,1.7020123597465104,-0.010280920102617497,-0.03505896374039241,0.015185267222336485,0.7426738147833495,0.5889575136614433,0.33096449181905846
221.26,0.0,41.0,37.0,0.9024390243902439,0.01743663004600059,0.07806737906283066,3.1715265493310243,nan,nan,nan,nan,nan,nan,-0.010280920102617497,-0.03505896374039241,0.015185267222336485,0.7426738147833495,0.5889575136614433,0.33096449181905846
221.3,1.0,30.0,25.0,0.8333333333333334,0.02212619914466437,0.06542102636421096,8.843848957239075,-0.14291563491624076,0.07349138993672909,0.024264922952006607,2.2662833134635854,1.7741144252237426,1.303480948363099,-0.0001430308246690437,-0.08033224497094982,0.048583502655654476,0.8872809774147973,0.7607551039839959,0.4293086815766852
221.56,1.0,62.0,56.0,0.9032258064516129,0.04678256509465062,0.11283371380720265,8.23644975492459,-0.005457632647084527,-0.12,0.05118592859257557,2.175492202249448,1.8937439645567933,1.0671824272498736,-0.12722999894370135,0.024418483587004713,-0.16341069464472646,0.8008853595545441,0.6748055723346107,0.4334802437445061
221.8,1.0,54.0,50.0,0.9259259259259259,0.04247339107050355,0.11078020385102091,7.630255685563787,-0.00921830044891268,-0.12,0.04776463890501188,2.210164702049264,1.9613998520578608,1.040025483352188,-0.02365693422642101,0.00205122262591817,-0.09546566775438636,0.7656064967847492,0.6528047987656557,0.3880634973679388
221.95999999999998,1.0,44.0,39.0,0.8863636363636364,0.029574294054430943,0.0784874564254259,6.174724621439565,-0.05137672287572489,-0.12,0.031129165697049595,2.274071400864606,1.9893865721572794,1.0324406361394391,0.029859344793217613,-0.016021466068483647,-0.058815872653839474,0.6889023739306935,0.5941570281018348,0.34300862976219293
222.15999999999997,1.0,49.0,43.0,0.8775510204081632,0.03257491693192838,0.0790764135509529,6.201776914536908,-0.04503075025245547,-0.12,0.03468670108888823,2.2947036684106665,2.048532492538921,1.0233457211557253,-0.0025401188169471567,0.00018342970956952698,-0.03809790983518968,0.7050432442884775,0.6172619126766788,0.33804517721030064
222.36,1.0,53.0,48.0,0.9056603773584906,0.03216365180480829,0.08268107327942453,6.336442675877621,-0.050187407317130256,-0.12,0.03366616882723798,2.3274543212088012,2.1062835658031336,1.019001825878818,-0.001862225671525053,0.0005994110031206645,-0.025255021508043592,0.6997217607027063,0.6213049525392297,0.33583456909853887
222.56,1.0,49.0,49.0,1.0,0.03236930251253005,0.08584515839779695,7.112760186210299,-0.07040190788024665,-0.10848947816071457,0.03560857916939032,2.373319375937075,2.1596148444652545,1.0279491107143675,0.011410226986900085,-0.005277465199373221,-0.005295091081908954,0.6950289131253554,0.6222929594410287,0.3348337566271101
222.8,1.0,56.0,52.0,0.9285714285714286,0.029228262727430756,0.07788126210545573,5.977479353571658,-0.12617727228042255,-0.07341113675500155,0.030050545669182364,2.4568289622550563,2.2091329333376386,1.062228137729139,0.046164649639481414,-0.020917383551418478,0.031776923585193684,0.7190323668695325,0.6485927756763554,0.34887008039619116
223.0,1.0,46.0,46.0,1.0,0.025338660815179645,0.05688097026702834,7.032732623243896,-0.08099914004441998,-0.10169987579382514,0.024213905081574234,2.444537106710288,2.2872605616955384,1.0343047399350984,-0.03466510123944344,0.01764712913333355,-0.00664470655079441,0.6942111467687295,0.6242818772568851,0.34053013045403374
223.15999999999997,1.0,43.0,43.0,1.0,0.03478005447436702,0.07763136517181765,6.598366875767702,-0.12521262616062562,-0.06684066837047671,0.03481058607272673,2.506906166077102,2.315641193905625,1.0695107207137924,0.026164143842219545,-0.011742223674630736,0.029775157838939355,0.657854945352387,0.5896788776346071,0.3218587809036591
223.36,1.0,29.0,28.0,0.9655172413793104,0.022542986402173476,0.04187877167539938,4.60691257238788,-0.15780170695733886,-0.035088513994112815,0.017834273569199168,2.564625333047368,2.360774323362683,1.1018369569518136,0.03294445505936627,-0.0142543208437238,0.05241783553580892,0.6586686547759542,0.5826848427397209,0.29987193861895006
223.56,1.0,25.0,25.0,1.0,0.023790780363021194,0.06203326715208673,9.199759069467543,-0.16985783417456124,-0.021459586338482075,0.021908622645711258,2.6027196118207776,2.4123356572723704,1.1167053214525653,0.01758537344794764,-0.006716624974301144,0.05095404695185213,0.6451129220120086,0.5656269114182185,0.28504477091017183
223.8,1.0,26.0,26.0,1.0,0.037441604431833427,0.07982961288176052,7.6456746695022675,-0.0970424439811578,-0.12,0.037738656068511116,2.5635338579412226,2.525645620325498,1.1197497762348023,-0.060614488069520966,0.03921063648201306,-0.06178181029155683,0.6935378757971834,0.6031064938254137,0.3149090797750308
224.2,1.0,30.0,30.0,1.0,0.028141087366449255,0.060289893897213065,5.443308668803753,-0.2,-0.010147089801306842,0.022627004786434014,2.67516605207683,2.659023229316005,1.4725003036510147,0.08169555222460145,0.02675540123294118,0.06612782621294211,0.8058810305412458,0.6990114641956205,0.40350834140989933
224.39999999999998,1.0,37.0,31.0,0.8378378378378378,0.022846578635617825,0.0466309864907041,3.3375890701702886,-0.1748525626201501,-0.042094792940082844,0.019262125748758012,2.642327168592255,2.745938880125168,1.5640466982533596,-0.010466572988478084,0.03425557472721952,0.009407549966869768,0.7273335845217633,0.6032202952347735,0.3666131433807078
224.51999999999998,1.0,45.0,44.0,0.9777777777777777,0.027048396077248474,0.07396546842786876,4.4986906227689705,-0.1871476899199196,0.05873866091980213,0.02723326459912256,2.647081184075311,2.7990793376740615,1.7471323638676004,0.006904408048550081,0.029001692128231227,0.10667635574344358,0.6497550110986006,0.528669106264983,0.3238377683569687
224.7,1.0,38.0,36.0,0.9473684210526315,0.023593347463347035,0.06034205162510269,3.982740514303216,-0.17950477226522646,0.0668024399265821,0.020668318896220207,2.608821995365823,2.8795012031919747,1.8810314445578384,-0.009532500632874807,0.034700431343907656,0.08038528145660796,0.7012618317652288,0.5622803966245399,0.3218411778450001
224.89999999999998,1.0,42.0,40.0,0.9523809523809523,0.015616226935151235,0.03343703752619209,3.064707671891065,-0.14360692078967846,0.040040029280841466,0.00972489785152072,2.536995831680974,2.949295157329037,1.9923493197472075,-0.04343535061069259,0.02621900248361264,0.027882015631123466,0.7087384760933149,0.593854453077261,0.32857289257037475
225.10000000000002,1.0,47.0,46.0,0.9787234042553191,0.016392199594584825,0.03473842903990352,3.762536879555215,-0.16740008959912847,0.05354730507769532,0.01185346967336391,2.509320551636619,3.032181616032357,2.1429806656096564,-0.0003771999740043164,0.04299285834337452,0.03181639709361628,0.6962592354894184,0.6123896199137835,0.33158804632454564
225.3,1.0,43.0,43.0,1.0,0.01738514625812867,0.036014462313482744,2.0874402876569675,-0.17001725780894403,0.03344952779919372,0.010846150075446618,2.4532962457970755,3.099304951849122,2.260108065269245,-0.011629647693321754,0.03898564373308666,0.0017043932635116834,0.6785867462448802,0.6316543360988517,0.3329479918434726
225.5,1.0,16.0,15.0,0.9375,0.016094829843139216,0.03968202185743189,2.0863009172101386,-0.2,0.041168230063471735,0.013395047910926992,2.4073579338779223,3.1800199426251203,2.3967953720805606,0.0017523405630628375,0.05451017575448125,0.009267550809424208,0.48129148125044185,0.47102877626554746,0.19007411370703173
226.7,1.0,37.0,37.0,1.0,0.025838048193629753,0.061135623890701825,2.4113916573468037,-0.07833905067017785,0.12,0.024982753495215518,2.1005896832907487,3.458582527553048,1.9040226180724762,-0.05519384780075676,-0.08785970985156455,0.08713248281957497,0.8979984868601637,0.8889955067979199,0.5775999915490307
226.89999999999998,1.0,35.0,32.0,0.9142857142857143,0.07341130589470107,0.11319257167736532,4.752136192448602,-0.06363858882456724,0.12,0.0715785349033369,2.108090681166565,3.588220120137793,1.5354358632399405,-0.001340961803323104,-0.03509501088423317,0.033364509490879435,0.6034934200468152,0.45671555661966434,0.4246635709404192
227.10000000000002,1.0,24.0,24.0,1.0,0.05825899497838235,0.0873754644824523,4.7400649228538425,-0.048267676888067455,0.12,0.05484677962268175,2.1553097096619296,3.7218440894225666,1.2179195142829151,-0.004061296276640647,-0.03725040478365749,0.01922622739607105,0.6882059586971703,0.5343254173258618,0.305564559697177
227.39999999999998,1.0,42.0,37.0,0.8809523809523809,0.04627989314301095,0.10754990060873854,6.162597048832876,-0.038877888243894765,0.12,0.0477079694574723,2.279645737293678,3.9181120707494452,1.0576802619320862,0.007888029982051847,-0.03191354650218514,0.013667709690960537,0.8063942452470017,0.7096442882979623,0.39380872553200086
227.56,1.0,35.0,32.0,0.9142857142857143,0.01906317894336762,0.04400397556942948,2.98384604909144,0.0003510305427858436,0.060918383956121556,0.01631956649351452,2.3144308305872103,4.051415933432309,1.0031185656686152,-0.019412792825022507,0.00769512323225463,-0.04985284411500967,0.7140661581391293,0.6165765553327991,0.34412366223758994
227.7,1.0,37.0,37.0,1.0,0.025917694435896026,0.0648077075121226,7.76326721774277,0.0194264514352079,0.00021733027300427384,0.0239188944133314,2.3017151735393173,4.078808710300576,0.929000543254008,-0.019215296203535015,0.012858207135122868,-0.09412739182680886,0.6910558908986735,0.5902450008524347,0.3159102309192373
228.0,1.0,37.0,37.0,1.0,0.021170846834005507,0.05621382586681377,4.959055143087286,-0.014064651664281448,0.05933379748540303,0.019942029433834746,2.3789994894788293,4.142966888124393,0.9795376952103114,0.0272928026582977,-0.019769994029261717,-0.005460983327852609,0.7738984415220962,0.6956681208533085,0.3620305229570336
228.10000000000002,1.0,33.0,33.0,1.0,0.02171405618968064,0.0485425783699469,6.165750610568199,-0.006664191997873324,0.04034710823460731,0.019991074689711345,2.3891386307521363,4.175086041154069,0.9617210439672017,0.0002614742711468665,-4.7200875495256867e-05,-0.021986374380975397,0.6239674249282062,0.5605280219340585,0.30840616424002465
228.36,1.0,38.0,35.0,0.9210526315789473,0.018693322341354512,0.039696544092023396,3.1382026185356366,-0.04841145370347275,0.07093544419536717,0.015650056644053504,2.4651982694815846,4.224525956190822,1.0061337553457719,0.03784338493659867,-0.026923534321407594,0.015385899699682515,0.731940668060391,0.6642073464079576,0.34485629598470635
228.5,1.0,50.0,44.0,0.88,0.015216841184746744,0.033318334571499214,3.2501921517066314,-0.10640433194664119,0.08121778933267212,0.011222366846283383,2.532197636418312,4.232807196325447,1.023467472415373,0.05774626421486717,-0.04098227504282459,0.02110883112422335,0.6534029624150659,0.587837838652112,0.3161118045315176
228.76,1.0,48.0,43.0,0.8958333333333334,0.017626969861648044,0.07171768806910636,4.778477995559977,-0.06252040568418048,0.07277542179568283,0.01379332435903872,2.536263082669646,4.334257249014931,1.0306176412914212,-0.012770716310527952,0.01144726471946722,0.007004293196137379,0.7293926743672187,0.6592956514342259,0.34808745979166006
228.89999999999998,1.0,47.0,47.0,1.0,0.01911215924820045,0.059040962583188604,4.005440780773544,-0.06362574417799509,0.06055332695909117,0.017314436455344334,2.5563025920200397,4.373436342044575,1.02621675547288,0.0013202528666225177,0.0015638367791570573,-0.007939647080956291,0.6500764302587949,0.581196198809481,0.31762511441966285
229.2,1.0,46.0,44.0,0.9565217391304348,0.013715287883222871,0.031094719936344196,2.181616882679452,-0.0806015437413966,0.08736897034736289,0.006795270425953515,2.615849331183005,4.451096972857667,1.0670528723495936,0.020914181083008465,-0.010746760118996335,0.021410765635185625,0.747959113895692,0.6760868234668903,0.3625779922280479
229.36,1.0,37.0,37.0,1.0,0.013365215395263195,0.030638201100291914,1.948599988729888,-0.08468579249171422,0.08213154408019903,0.005191461244116108,2.643279763028602,4.4965645249574235,1.0677338236086795,0.011908431596208136,-0.005647457593306093,0.008866863700578653,0.6662923729428294,0.5966736091115341,0.33180454652068053
229.7,1.0,47.0,47.0,1.0,0.0158002733400778,0.03627281809729311,1.396759463105512,-0.11288090976500682,0.08144318469998067,0.007948003606508795,2.7163224242069703,4.575462481666328,1.0770679059838446,0.035057820447140564,-0.019671135322441913,0.005465936929031967,0.767410505542284,0.6930541723224022,0.3813042159337411
229.95999999999998,1.0,39.0,39.0,1.0,0.014584763768934162,0.03322400706571485,1.2874769310231649,-0.09914023989570545,0.05123753588667025,0.007356735690888842,2.7415806789473494,4.6619691471320515,1.095693863756417,0.003919265981347397,0.005190238439295669,-0.026006454502870424,0.7367052403485519,0.6610275314711631,0.3745048396010953
230.07999999999998,1.0,39.0,39.0,1.0,0.014630156360804721,0.03504784656541391,1.874774279652925,-0.12519196533879348,0.06529695423818306,0.007170526519145715,2.773661728289511,4.696671200660639,1.169831599500739,0.03003864593105776,-0.004764120996480159,-0.0021577904579803686,0.6280397145033736,0.5497334909420512,0.32200470679555604
230.3,1.0,49.0,49.0,1.0,0.01429994935811089,0.03122310825264396,1.323852820180468,-0.09444138300826886,0.042501915004317714,0.007085771225082456,2.758896524253494,4.790173791142489,1.282216669592906,-0.007062933928610349,0.024453982807044916,-0.02372119664833794,0.721426706099986,0.6039705245711333,0.33614124382745236
230.56,1.0,41.0,41.0,1.0,0.0162571100434079,0.036460783140597156,1.8182345318895332,-0.08624807089701594,0.020686505137591918,0.008908236762443497,2.7529335150235212,4.8880649609143205,1.4134583437858634,-0.0006178009981159249,0.02500058758971324,-0.037639632167416386,0.7552249831654188,0.6284868115452354,0.35640871244913264
230.65999999999997,1.0,37.0,37.0,1.0,0.014562673889539177,0.03233601871253225,2.655702573589314,-0.09400513585455036,0.06680200806188336,0.00911208732008263,2.7575455471971244,4.9309573957056365,1.5423403396037978,0.010578987331602008,0.015764410955945607,0.021998144960190924,0.6287456348671505,0.5093219016779955,0.3056143159617087
230.89999999999998,1.0,27.0,27.0,1.0,0.013963915580408581,0.03367264989570311,1.9044516905085203,-0.08208298701462512,0.05618854576660033,0.006878571111215247,2.704088120720076,5.173466463490472,1.7476418663321363,0.003560272810868792,0.029134415114060452,0.00490141958450474,0.7176615886978908,0.5609828196629218,0.29713731591918946
231.06,1.0,29.0,29.0,1.0,0.015490741015756261,0.03884855712569865,2.9922883719001896,-0.08850096975026503,0.08572852810723422,0.009047201737103506,2.663840254876594,5.297676967124256,1.875986895431141,0.011517742871304915,0.024664723322975313,0.03360912330140997,0.6877372815887838,0.5521641485418042,0.30433109023483695
231.3,1.0,22.0,22.0,1.0,0.012417990670806333,0.03247911757092548,2.1957672694871464,-0.07253759558109003,0.07524390707369745,0.005568308061992601,2.576024129705599,5.4812844495521205,1.9288449340734657,-0.002426835415960671,0.016573690185520462,0.013794961996219879,0.6920367250955667,0.5411642411875381,0.2677913237196828
231.45999999999998,1.0,33.0,33.0,1.0,0.019082465797587562,0.042380660401524176,6.334119865901958,-0.049423347792129,0.07742669241190153,0.013553293989459472,2.505255891472337,5.592875687160465,1.9486030815570765,-0.016448233055911032,0.005600880062416103,0.012554442250451991,0.7287714075687891,0.6052661323776719,0.34191960392132387
231.7,1.0,35.0,35.0,1.0,0.02311838018422393,0.0576749339244623,3.8060744487938085,-0.05542425012423198,0.08382105562742108,0.019197438705453346,2.437817242895282,5.770869543931546,1.963896001748143,0.013010585210384562,0.010921093089817369,0.014217101971793378,0.7729947120467414,0.6352699411681195,0.3500447119050289
232.0,1.0,36.0,35.0,0.9722222222222222,0.026804128306109665,0.0841370944970473,8.992909340812448,0.013972786716821187,-0.0028582511023411525,0.02997733289986164,2.2820985281967308,5.960809567622522,1.8789969984425572,-0.04835063198894929,-0.010711613104215978,-0.07680196488900592,0.809407236681263,0.6736971208425542,0.3733600450831972
232.10000000000002,1.0,46.0,46.0,1.0,0.021571522265508597,0.062210551583946325,5.174149753021837,-0.07246100166351566,0.12,0.021731452276082253,2.350139156366263,6.019916056897008,2.0091425543428834,0.07433352584008368,0.02682363124290088,0.07302764590051924,0.675086894584746,0.5369042017032559,0.3136474907152718
232.3,1.0,37.0,37.0,1.0,0.017610322653319303,0.04384250877445878,5.267802600856815,-0.06138285344570653,0.11779535565746489,0.01194867311803242,2.3092409669977725,6.091202645715258,2.0183627704661897,0.01707539365908639,0.007486412140033316,0.04915107951219433,0.7491478186768042,0.6007687975584811,0.32486776497958697
232.5,1.0,43.0,40.0,0.9302325581395349,0.017915441823573127,0.038797565140182386,4.097264184413867,-0.07073150364418847,0.12,0.01143636689934887,2.288201115668005,6.165972799495893,2.0260735725024626,0.018582278921604356,0.008025819668100453,0.03569237019792615,0.7397436111008789,0.6114446608533959,0.32993143253841806
232.7,1.0,41.0,40.0,0.975609756097561,0.017397116442743266,0.05313448907624726,2.708259975174504,-0.07820987741329372,0.12,0.014096568087068157,2.264213285363627,6.243925577565049,2.0280905027476486,0.018516501364757687,0.007840465573012878,0.024255224379315266,0.7294549776735035,0.6134911985320859,0.33212682941161853
232.86,1.0,52.0,48.0,0.9230769230769231,0.017173704632992604,0.04538715216716148,2.4043515349701776,-0.05190306682215724,0.12,0.013173258741361158,2.2143969519787774,6.29436383536361,2.0283293603907575,-0.014248208021929276,-0.003940478217877796,0.016570354623377526,0.6908588798612707,0.583682265884167,0.3178990439171536
233.06,1.0,47.0,46.0,0.9787234042553191,0.020536874536652084,0.04095414277706755,2.6070092774866334,-0.054841138010954395,0.12,0.016672465301865825,2.1862159551382474,6.374273284360399,2.0286002341226106,0.007098888663774172,0.004152578505384419,0.011048987935448729,0.7155645270014924,0.6092669366627989,0.3266767762885543
233.26,1.0,47.0,44.0,0.9361702127659575,0.02892630335268301,0.0552899171547379,1.9136423344048432,-0.062113830160178886,0.12,0.025761749186763442,2.163556445285191,6.448012278476028,2.0285019061965324,0.016486341502488067,0.0073567181432858675,0.007604284449947762,0.7143379058005555,0.6129010439743585,0.33066064809148504
233.45999999999998,1.0,46.0,46.0,1.0,0.02041681848264239,0.04227105457135043,1.7694369667831693,-0.03919426106952486,0.12,0.016242777369620744,2.1124807765488285,6.516522961779842,2.028312606028406,-0.008834473997432202,-0.0019161275135175515,0.005438236937782115,0.7123337102402554,0.6136462152133503,0.3323961853277325
233.7,1.0,39.0,39.0,1.0,0.051122292782474016,0.08000833772742807,2.665645536683699,-0.04248494264534995,0.12,0.04964841936523084,2.0850071482434736,6.606967472218508,1.983643813544627,0.011692310615147417,0.0033601567097267804,0.0034552224209523086,0.7386715818719151,0.6376998182880544,0.3476597104861577
233.89999999999998,1.0,41.0,40.0,0.975609756097561,0.09617404960363399,0.14836249864909587,5.3353909513511715,-0.03725970281484126,0.12,0.09671183848506035,2.0687615864211266,6.681174293050398,1.8628416654689444,0.008210943945325955,-0.0033747728980602076,0.0025134657551737494,0.41387584320780013,0.29468505900750164,0.34006895505125445
234.10000000000002,1.0,41.0,41.0,1.0,0.09367488359476588,0.1523538064091376,4.676552967855456,-0.02630159222992573,0.12,0.09500831127568785,2.061010067358789,6.753556938026869,1.7193734721106093,0.003823799698541741,-0.00818233692534065,0.0017456691687613992,0.4962824295267721,0.35055995368394716,0.33667065921377
234.3,1.0,45.0,45.0,1.0,0.08278473886032194,0.12630882909594277,4.389842098035196,-0.017092577749332656,0.12,0.08307703991876916,2.063436966642453,6.838388851805336,1.5822451687875114,0.0034224195850076633,-0.008838764983930325,0.0011980112351714922,0.5829722240518997,0.4303205827762788,0.33503174001971736
234.5,1.0,33.0,33.0,1.0,0.06032893558662631,0.10501729776921348,4.163171575191166,-0.010049570157325416,0.12,0.05968316253217113,2.094407513634803,7.00240953804623,1.4320110339180232,0.01419063918157848,-0.009200033853842271,0.0008555740112150545,0.7233153123843539,0.5863440409957662,0.3329386934452015
234.60000000000002,1.0,31.0,30.0,0.967741935483871,0.01628084014223301,0.03747796967092889,1.1774828086953424,0.034623205840110145,0.07505896183825744,0.010246055746803774,2.0767549322896657,7.091738201445037,1.3318818790690976,-0.02955220454070817,0.007101630710638851,-0.04385580097625197,0.6634303877422059,0.5415827226944273,0.28021802964136494
234.8,1.0,28.0,27.0,0.9642857142857143,0.020031415745246632,0.06641465117294204,4.0421876567131765,0.05826897195424109,0.040036205379179936,0.017031146877780578,2.1116998628288655,7.252501989409878,1.22762788814832,-0.014966962406138151,0.008719474768704494,-0.06751408713297402,0.7098314933115624,0.55053826456401,0.2812977966896591
235.0,1.0,58.0,56.0,0.9655172413793104,0.027098067412677285,0.07636810256761291,7.871664825439566,0.05375429678724051,0.03087004457963205,0.027551684764776735,2.1778868810586003,7.399334503261006,1.1850338650921528,0.013463029580405461,-0.001434580380927919,-0.05828117178293435,0.7549670937938207,0.6093718311752477,0.33226677667351706
235.3,1.0,50.0,45.0,0.9,0.033390208892917536,0.08682910688550394,10.061642615402853,-0.016427867393536078,0.1193709522047069,0.0356769599638505,2.335943465588602,7.591251814889412,1.2578281477939324,0.08213163254283318,-0.034286956471147434,0.05006535256207356,0.8081930577486632,0.6671775054783423,0.36619433412750496
235.39999999999998,1.0,46.0,42.0,0.9130434782608695,0.022979296159961665,0.07392981897341885,3.9688394018057704,-0.030455733574528535,0.025981092315438374,0.022374615995911073,2.371271005328415,7.639001684895294,1.162342027931098,0.031591428855640924,-0.014278517803659518,-0.05826131646921717,0.6734639775274058,0.5342159152626261,0.30999592261259556
235.60000000000002,1.0,44.0,44.0,1.0,0.024385822687001128,0.05172204948843629,4.240166669624948,0.0378201870275626,0.013079576598909499,0.02100055829046187,2.332453306203975,7.720423892460579,1.141521715971056,-0.04926852493877121,0.02294272765611538,-0.052332850493367555,0.7535752782770232,0.598112938022758,0.3233534742236629
235.8,1.0,37.0,36.0,0.972972972972973,0.02020430185749774,0.04790761373875767,3.6345400230650187,0.04322780381274045,0.006816139365835403,0.016661159429346352,2.3540349368618423,7.781156267470127,1.1309087472066524,-0.01262800795061958,0.007025696066047971,-0.04236428119057489,0.7418050950345332,0.6084477036368235,0.32938483487249487
236.10000000000002,1.0,38.0,36.0,0.9473684210526315,0.020979196303314164,0.043532970024879804,3.3823700808128785,-0.004837056600137243,0.049100692359310784,0.01402743391618193,2.4357361085508806,7.847113939220906,1.170895200915169,0.04346651070770102,-0.02010665160633618,0.013677450578178707,0.7811929382627142,0.6694116837002211,0.3673924526383745
236.2,1.0,29.0,22.0,0.7586206896551724,0.01991744484043919,0.037027102858479335,3.0521486180134096,-0.2,0.05656648654373283,0.014483734085496306,2.6241492907970554,7.7902668477960715,1.1783173387972985,0.185303704776286,-0.08925889533812903,0.01693770045566323,0.5403033326317418,0.44215324972611764,0.23680450136358483
236.56,1.0,27.0,27.0,1.0,0.018815537306842427,0.03457829044020272,2.9098187441590344,-0.01065324758331657,0.07497942700826914,0.012849065108146226,2.500234418661534,7.978240093735585,1.1975081405690022,-0.08562291868240202,0.04028641983454495,0.033867807204672085,0.7660715978880689,0.6609175988289242,0.3526220124678719
236.76,1.0,23.0,21.0,0.9130434782608695,0.017201519974420914,0.034185525638806065,4.593412191592267,-0.012635970060522365,0.07417466089078202,0.01206047475708222,2.528252411661264,8.034088879945608,1.1977099675182739,-0.012603022641997086,0.006592819414333206,0.019098932206098596,0.6327331408751405,0.5290971728704953,0.27751060689709645
236.8,1.0,15.0,8.0,0.5333333333333333,0.020116627009332887,0.0328006265506896,2.0997560831665316,-0.2,0.0758301258208072,0.01134518338865388,2.702002980205864,7.964578526781184,1.199480255633681,0.16547926258030055,-0.07887986661029078,0.015180758764208324,0.24911737588909388,0.19948204494864483,0.10242077725796109
238.26,1.0,32.0,25.0,0.78125,0.04080229211964715,0.06123911257004015,1.9764005765161536,-0.0004895015359951655,-0.12,0.0379356968748329,2.5396527043719956,8.608438669852388,1.7630873217490448,-0.023614760323401374,0.027503758922751587,-0.18082278676771324,0.9176670465994305,0.8505001661528084,0.5490922690747697
238.39999999999998,1.0,51.0,51.0,1.0,0.025176064604318867,0.10362822878455301,4.168396656902897,-0.08794235146473428,-0.059653691610102,0.0274432315375268,2.540882722261523,8.740956143971115,2.0784260366449696,0.06556719780398756,0.046998153397284526,-0.021914752497063983,0.7077900435667952,0.6422787709647888,0.4477847184390244
238.65999999999997,1.0,38.0,38.0,1.0,0.03034975720540854,0.07071415320902613,8.588549954164824,-0.1286061262712919,-0.0735930794516804,0.0303375927870523,2.3784035533113803,8.919363732124276,2.4468968779241393,0.011498265916844996,0.06345675905642878,-0.021956524123470267,0.7120711644023273,0.6997536554783255,0.3961268820169497
238.89999999999998,1.0,35.0,33.0,0.9428571428571428,0.02767662279968387,0.09619773152647217,9.437022300011048,-0.14009021479682998,0.09072139269141373,0.029612047623057563,2.2143768082046154,9.035455806949003,2.671678565103141,-0.008692364708038358,0.0218138580359426,0.15404651865899455,0.6787240362180802,0.726019081391091,0.37126386160232244
239.06,1.0,29.0,29.0,1.0,0.024158053644849017,0.055518458780727434,7.357626528238033,-0.11200326055582117,0.10082546991351024,0.020169550644283895,2.0947944378115806,9.071344922410011,2.679716028458036,-0.018418246732986532,-0.016088279715429366,0.10752758655659722,0.5899092323358118,0.6634928774067134,0.3129665776630608
239.2,1.0,45.0,42.0,0.9333333333333333,0.025254915489965977,0.05933869075486333,4.531092896841273,0.01114021255338225,-0.04779651771565313,0.022733548225188388,2.0139010654942697,8.9826208359457,2.5521360775747035,-0.07066062555888042,-0.10665169804856411,-0.07555708043172737,0.5854325621218698,0.6776932130230651,0.3163912644927488
239.39999999999998,1.0,43.0,40.0,0.9302325581395349,0.02334178060450537,0.05789330018025533,4.704834955296751,0.013237437888776682,-0.06860697666069426,0.019907662473174506,1.9634220302525431,9.013940524853323,2.5390936366701373,-0.02150704621526045,-0.03037339552006557,-0.0740824730404599,0.6228167584687407,0.7121994432658566,0.32627089599251385
239.60000000000002,1.0,36.0,32.0,0.8888888888888888,0.02113866167704317,0.0441476269587425,3.088368515608347,0.0066192115393272416,-0.07349842194378889,0.01488603881586198,1.9156839714262528,9.052933453843586,2.5320363031602913,-0.003108029687528324,-0.0024679115236541094,-0.05529988945329789,0.6278816097530294,0.7043057422894089,0.3306883312774585
239.8,1.0,50.0,44.0,0.88,0.022152829606933686,0.05711433664462047,4.150021538314773,-0.014237313603568596,-0.06407935709793948,0.01689453988002188,1.8774914101400766,9.102897936146965,2.5326891601741885,0.008426256248507125,0.015400483691195177,-0.027649785581589814,0.629622890731068,0.6943315957600681,0.33265668813142074
240.0,1.0,50.0,44.0,0.88,0.01950188518115405,0.04650223479746762,3.544706591509756,-0.0194818360073444,-0.0635223266086826,0.015402162447906894,1.8300781024298716,9.142818456640482,2.522915723656285,0.0031298376487143287,0.0061005801559090855,-0.017636978914711943,0.6303177760133329,0.686489025801953,0.33349278167990787
240.3,1.0,48.0,47.0,0.9791666666666666,0.018659867354129455,0.04568353980565627,3.7196262233709954,0.0025559978236304385,-0.058729175601987045,0.012705708676541768,1.7440227252495983,9.17329259781812,2.5102366971079264,-0.01363465413297349,-0.02087380416035245,-0.00685458247512516,0.6906051139693385,0.7375955720660119,0.36899906060516374
240.39999999999998,1.0,53.0,49.0,0.9245283018867925,0.018085469824504697,0.04317022278430541,2.5072893002485253,-0.051458369418215584,-0.06128735249481655,0.011419399569815695,1.7493083587021145,9.237997316155132,2.502791625650235,0.02553976148778414,0.0393827068949264,-0.00734742937654298,0.5542692908813158,0.5919883505438519,0.31168821494424614
240.60000000000002,1.0,46.0,46.0,1.0,0.017086498102725958,0.04232223641195161,3.9641128187974592,-0.028251548918651462,-0.07808041532813567,0.012072345949514337,1.6908321280728602,9.250716165827999,2.4764406544239734,-0.005268239097058203,-0.007587407515897482,-0.021194805034018493,0.6231967288508482,0.6650048211349145,0.3241081877742225
240.86,1.0,40.0,40.0,1.0,0.014149812598728828,0.036062669521835525,2.0734010265796243,-0.055387674489656896,-0.058745026878319645,0.0071466237290874705,1.6509692790270196,9.317574733890503,2.4857431342242235,0.011020155597414094,0.016597285645008952,0.004870732546471412,0.6714254148072113,0.7064926827440822,0.3515758071848803
240.95999999999998,1.0,49.0,47.0,0.9591836734693877,0.017171695493913917,0.0385763387851151,1.6045826448515916,-0.08064654911744318,-0.061367095662824216,0.009676797632046963,1.6335827662797362,9.364166749341699,2.480566979551325,0.01525369278791655,0.023013279442917423,0.0008557506186459563,0.5517164111608366,0.5812533362192895,0.3032838369036397
241.2,1.0,43.0,41.0,0.9534883720930233,0.01895943654450772,0.03534061293817609,1.5368615859154127,-0.0626872034017193,-0.06064895875181839,0.009914028362786565,1.5670258111708533,9.394982503912626,2.475017403479401,-0.007268068680091888,-0.009737633055207695,0.0017565605178844201,0.65244725983293,0.686095864022628,0.3353128882264989
241.39999999999998,1.0,39.0,38.0,0.9743589743589743,0.016437807741314762,0.03631827823679331,1.778952146699451,-0.052332085538729714,-0.06805180116548593,0.007880013634919502,1.5130958954458467,9.424879822853516,2.4636408012729043,-0.010036600453907196,-0.014072600030932136,-0.006451147965562676,0.6370198996855813,0.6676026108257916,0.3346267188028467
241.56,1.0,30.0,30.0,1.0,0.01389259421297377,0.03164551382404115,1.1157396852845494,-0.09128005156950786,-0.06475622987039359,0.007255645053255411,1.4940800048117753,9.487173213808415,2.499750669152235,0.015172850187428422,0.027143420538866536,-0.0012972345627528803,0.5867521888084541,0.6197143877902616,0.3053136535286057
241.89999999999998,1.0,36.0,36.0,1.0,0.09204712814187849,0.14704252475097415,4.764017950022798,-0.005328793738217085,-0.12,0.09386285932188457,1.3519293256912774,9.451320011039256,2.6362871358963478,-0.045754106273207196,-0.06820242098673823,-0.05565942315595639,0.40188019988734064,0.47611785229090237,0.3792264316233524
241.95999999999998,1.0,45.0,45.0,1.0,0.01337486932759918,0.04140363913112063,1.902243944251604,-0.03818414859686388,-0.10962257802058112,0.007918412598620797,1.3467904584680663,9.48879337030558,2.6830584502492427,-0.012347512605092481,-0.0036079788995184714,-0.025242651205709787,0.625674893334546,0.6781376939345888,0.3003610920645314
242.15999999999997,1.0,40.0,40.0,1.0,0.01746225037936352,0.03648092549056619,1.3963318513006215,-0.04150784055209378,-0.10323019572749673,0.008819747666607236,1.2842389625916977,9.502371929275931,2.8113087673462984,-0.009298225864985632,-0.0015372238006481354,-0.011382892481543117,0.6044920007590379,0.698044928849729,0.3188836609552846
242.36,1.0,44.0,44.0,1.0,0.015868188835891986,0.038249713535508933,1.8748447582878327,-0.03395076862725402,-0.12,0.009950858691193026,1.157099026283656,9.499539743737186,2.9958681082062757,-0.012982494888891694,-0.017899329572880873,-0.024579577085580336,0.5919492660435163,0.7105141686474242,0.3265535963977101
242.56,1.0,34.0,34.0,1.0,0.015065960084203562,0.03916789684768804,1.6309824083259126,-0.04508863088442588,-0.08584259835768764,0.0073611835110985275,0.9768393907173608,9.487080656970601,-3.061385671046074,-0.011659540587410255,-0.012287732360730885,0.017021053854562762,0.5849449077209455,0.7270718000114405,0.3288560320508208
242.76,1.0,33.0,32.0,0.9696969696969697,0.01754767336756284,0.03965050213311145,2.51288855322446,-0.04809626804105041,-0.057793072223473234,0.00870846917452978,0.8188649937489613,9.453524689180634,-2.930421136651615,-0.007420784981277184,-0.016083213293329734,0.03896479793109675,0.586131710805453,0.7382193087650261,0.33006015901742025
242.95999999999998,1.0,32.0,30.0,0.9375,0.01608285371728242,0.03636332942181004,2.7727740621096677,-0.07092325203884917,-0.004503681849323657,0.007592044036454789,0.6950680743096985,9.440334704315141,-2.8269816861391748,-0.010447946525807494,0.007514104140952327,0.07878410762153189,0.5752233308900927,0.7317768320782841,0.31725765255338384
243.15999999999997,1.0,33.0,33.0,1.0,0.01273116845342689,0.03371640077902132,2.7426712665694333,-0.05392701112625175,-0.00014035851331555815,0.006982257527813863,0.5763811752480273,9.386913274984117,-2.8092545781552336,0.0022928267326247642,-0.021206209826774014,0.05844001985171277,0.5987324805329742,0.749720105075835,0.335064159460018
243.36,1.0,35.0,35.0,1.0,0.0154103169768058,0.03656951274896317,2.463657131303087,-0.035957282965701415,0.005296251830312426,0.006936563878095849,0.4709750018908416,9.339492892615633,-2.8019148207302114,0.006758924509244535,-0.025924033562150228,0.04364516013968078,0.599636233254577,0.7516569874910322,0.3338893108671249
243.56,1.0,38.0,38.0,1.0,0.016201185423172476,0.03563189167075237,1.7694849828604886,-0.039441235771306336,0.014955880762688176,0.007259074116890606,0.333236177179097,9.303018304918245,-2.7949058010707555,0.0011764321958220858,-0.005561262002670375,0.03802270592682566,0.6005044729712852,0.755044621799168,0.3330570016822262
243.76,1.0,37.0,37.0,1.0,0.014404764881184272,0.03420449598482423,2.831424000431002,-0.035993921781167254,0.02446962296238828,0.00787747603302553,0.20767199420234433,9.26396382498805,-2.7877271075645886,0.0016533359058835406,-0.005460531092607468,0.034701688263465424,0.6020083647970798,0.7583116667817754,0.3327968354702481
243.92000000000002,1.0,36.0,36.0,1.0,0.014218648694334686,0.03667031557770361,1.642228686521568,-0.029328920117166507,0.044063753170238744,0.009181169942052142,0.12573218446569817,9.238858485530264,-2.8088231159127997,0.0035412051316153353,-0.006723358622306108,0.04258526033032339,0.5718755241900938,0.7302871281968693,0.31794316433714565
244.15999999999997,1.0,28.0,28.0,1.0,0.016366557944885906,0.03576834059019192,3.2498686481729084,-0.03877488518691554,0.06549317665586982,0.010807342025479439,-0.014656330790149052,9.228767494131942,-2.8969657531096944,0.0022090672191363465,0.010887760643935707,0.050315812628191736,0.5869145583550213,0.7755634596590049,0.3118140980463286
244.45999999999998,1.0,32.0,32.0,1.0,0.01652276626398338,0.03091580347049789,3.8675147037670667,-0.013860277958831484,0.05831912696966113,0.008922324583591875,-0.2678318160857053,9.191865791055045,-2.9956031615976992,0.0066333954762861636,-0.013470980864504156,0.027717685318268348,0.6585164785566536,0.83938915056951,0.37536702838595554
244.60000000000002,1.0,24.0,24.0,1.0,0.017065849931218218,0.03286371197911426,3.5701193184601685,0.005168609996994321,0.01862092320217005,0.008813850269318262,-0.37714995385305405,9.174755462703011,-3.062494058231619,0.0033829318865241653,-0.01597613437344947,-0.02290069706787889,0.4813044450693032,0.696457623769655,0.2690829789661322
244.8,1.0,28.0,28.0,1.0,0.015530536983869556,0.031540129256377,2.1678569378560755,0.04709360713984939,-0.022584590513139817,0.00869523354690531,-0.5387335802754574,9.134421961281307,-3.124933206699131,0.00282833108431757,-0.041043075871160184,-0.058413924356355285,0.5613766477367416,0.7863189994445956,0.3140765705948082
245.0,1.0,37.0,33.0,0.8918918918918919,0.01733209049525865,0.04616027044793328,4.6006790267525055,0.026171420953791134,-0.004317290027375577,0.008629803818004166,-0.6995184478853181,9.157869645405228,-3.1184618522319427,-0.0006955436910828228,0.014562271829099416,-0.02311759529835955,0.5932425954321255,0.8137450028828115,0.34370835656117543
245.10000000000002,1.0,55.0,47.0,0.8545454545454545,0.02327376335046489,0.09531211579213042,4.551292482615757,0.030890353364569644,-0.004683344214156053,0.024869126748615487,-0.7786343431042823,9.15451518545588,-3.1220024657953016,-8.996720816201176e-05,-0.0014172128895530989,-0.015105421073554393,0.5003247702365404,0.7227054786703522,0.2990461588981471
245.5,1.0,44.0,37.0,0.8409090909090909,0.026783804546449005,0.054077420145538346,7.386642937927271,0.03093428796647687,-0.004565316203938801,0.02514377140521967,-1.0986353531595114,9.163509427473208,-3.1268277965809212,-0.00016874605249905805,0.001343531923382102,-0.010503069920000385,0.6806239392650497,0.8924185550246801,0.38588166355833675
245.86,1.0,39.0,35.0,0.8974358974358975,0.027929681620203376,0.06391016417247775,5.99135969600693,0.07358375776279628,0.03841320839547242,0.02642775239927474,-1.2376182530984714,9.126964100221988,-3.1032108806176844,-0.0006484351498070584,-0.04236140139770583,0.03656860474118462,0.6824619733067483,0.8826703518347735,0.4071710359643104
245.89999999999998,1.0,43.0,37.0,0.8604651162790697,0.022183563930744856,0.05621085517389266,3.4287150250978504,-0.06516184065712485,0.005890360694464982,0.020983704814517102,-1.2514844688354423,9.263883726271976,-3.1410628485301,3.6480345773082234e-05,0.13421988289662323,-0.01154810437923448,0.4576402038244805,0.6034415002461236,0.3058945223234995
246.10000000000002,1.0,33.0,31.0,0.9393939393939394,0.018941999324926698,0.03819996633623885,4.413049675938488,-0.015867025969383178,0.004496149774212105,0.015636412546895927,-1.3162973905332793,9.216208239005349,3.135927472829687,8.734940414600878e-05,0.004712988256102335,-0.008148679536601722,0.5520865164891676,0.7667123186758134,0.3145975091846357
246.42000000000002,1.0,34.0,34.0,1.0,0.020191964628687137,0.04307003085156157,4.0860532358408195,0.09151343972147925,0.02496201935541412,0.014892870364270637,-1.4241195841591459,9.11136535469812,-3.130052714856461,-0.0013263771796347967,-0.10523965963591309,0.014941370571592638,0.6518804782542488,0.8203534573333416,0.37215302784514176
246.62,1.0,28.0,28.0,1.0,0.01980599022259134,0.03602282134388243,2.7314768461312933,0.19190361842765133,0.011242792121603826,0.012987245505412475,-1.4915721108824012,9.01245231393919,3.1386113788279517,-0.0019127721588136914,-0.11804564855881239,-0.006212828131199966,0.562139770451359,0.7247868261262779,0.32075410673354715
246.7,1.0,22.0,21.0,0.9545454545454546,0.015518712110951727,0.03353009021800572,4.725776120206831,0.009472240977706825,-0.008897881005286488,0.011006148020198692,-1.5162117428055193,9.196349948856883,3.1187105729253597,0.0017244316434037454,0.15036597262077578,-0.026410740896297715,0.38875030895543355,0.5316275722537952,0.2215467232543583
246.95999999999998,1.0,20.0,18.0,0.9,0.017963481341150982,0.038378881228318354,3.0628611544372384,-0.013733392387918177,0.025863388350221492,0.012794605702263916,-1.601331761231344,9.22095053182786,-3.130310184817823,0.0014618159420067833,0.09436146146735958,0.01606225184228751,0.4819343663135324,0.6597237943963414,0.23806202223912518
248.7,1.0,33.0,30.0,0.9090909090909091,0.02378144194479342,0.06726957060204773,6.880314782211167,-0.0971795937533773,-0.0891862166298993,0.01975095819143291,-2.306422842873646,9.038079675171021,-2.357053379164556,-0.07679040268650761,0.08829626897206744,-0.1010018918835347,0.8913542775297024,0.9420198187744768,0.6232889705058609
248.89999999999998,1.0,38.0,35.0,0.9210526315789473,0.02320903317495457,0.06033257736305244,7.273536269170773,-0.0672373684747075,-0.12,0.019861576455936877,-2.3527655322398067,8.852950332601631,-2.039889781350227,0.013370067723561974,-0.03995083725441084,-0.062337159242521034,0.7248087491529803,0.6754806745298049,0.45061195987823544
249.2,1.0,47.0,41.0,0.8723404255319149,0.037512292669471,0.07962870533516515,6.504359606712596,-0.04018654870762251,-0.12,0.03835249671539366,-2.344494537455008,8.653845638505992,-1.7136627846121009,0.040491234083878336,-0.03671734754298939,-0.03583711353047492,0.8015151262037011,0.6620031099605702,0.4104007998804652
249.26,1.0,39.0,37.0,0.9487179487179487,0.02876315612661818,0.06328116808614817,6.97074749242857,0.024940286972948332,-0.12,0.027876123782537846,-2.2751884550525983,8.633421723123547,-1.682376010754441,0.07431518348458654,-0.011560007172937148,-0.022907306438501918,0.5992197084607165,0.4763578067746344,0.31525809024742774
249.5,1.0,50.0,49.0,0.98,0.03095359429446874,0.0783804117633052,4.270505455597392,0.021807923180054405,-0.12,0.031650828130407954,-2.2756228777267977,8.565264115553164,-1.5921950831301674,0.033719107274365,-0.003044142686656315,-0.016976053864134144,0.7703120035762322,0.5924754538977893,0.340604518649554
249.65999999999997,1.0,44.0,40.0,0.9090909090909091,0.034135508621582974,0.07755200330611643,5.328068215920623,-0.018310007365542814,-0.12,0.034256206869519086,-2.3089015616631516,8.515987531197304,-1.5691212661330196,-0.02717336292596828,-0.004937014503230586,-0.011728870402521796,0.7112965405251529,0.554749712358506,0.32197832101095586
250.0,1.0,52.0,47.0,0.9038461538461539,0.020990804646172603,0.05496546779383601,5.0580305872414,-0.039926290151590826,-0.08607174576797416,0.019906393525350202,-2.3361068652915105,8.407194348619448,-1.5390695386682425,-0.017376811011488247,-0.005986743635752134,0.02634788884610129,0.8072499386481898,0.6596849117784978,0.377600635753444
250.06,1.0,48.0,45.0,0.9375,0.02339283545857527,0.07310128032959874,5.467210220924016,-0.08890633045237172,-0.10261212020398289,0.022746519027911485,-2.382268762623059,8.384949096310516,-1.5629534523761373,-0.05044794059557178,-0.006907576467051868,0.00015166432189883672,0.5798392171937409,0.4752673722246005,0.2996765813401481
250.32,1.0,43.0,42.0,0.9767441860465116,0.017348909095378413,0.04858296919892404,2.7484269692101044,-0.06267845146506998,-0.10876934553123016,0.01433164804371832,-2.3621967915134348,8.307131069184623,-1.5969945923564823,0.013178676483062368,1.014966408519058e-05,-0.005481034529525308,0.7542181255492928,0.6050925388950695,0.341082771484747
250.56,1.0,41.0,35.0,0.8536585365853658,0.015851067113438647,0.034646363502015345,2.751879647840349,-0.04402559282637028,-0.11377102519683367,0.011043508487037498,-2.3489908225668477,8.24787353727367,-1.6308846260066594,0.028244530415347135,0.001922156064464886,-0.008843044362212504,0.7550423315820406,0.6144230055678083,0.35166696300246786
250.71999999999997,1.0,44.0,37.0,0.8409090909090909,0.01651576956544625,0.038950684311084144,3.7618291925523324,-0.09812402450406317,-0.09479381667553176,0.00854329460168855,-2.4092444172926886,8.1909089273776,-1.630807082468718,-0.04115982042521793,-0.0011624828473397741,0.0128295786894006,0.6914068833114183,0.5600446000924779,0.326921751025877
250.86,1.0,39.0,37.0,0.9487179487179487,0.016049553546086205,0.035077349239798085,1.7213516020976114,-0.09769116450936893,-0.11467506151322915,0.010705028478541101,-2.414829067765824,8.143629561919859,-1.666034912738756,-0.007350726369466987,-0.00019346723773949748,-0.010573565000017382,0.6684432103655221,0.5315560580940561,0.30759457384365296
251.06,1.0,28.0,28.0,1.0,0.01514188425537607,0.03416537690324418,1.6405940024022991,-0.0950825751249809,-0.11563540585053932,0.010917110533340673,-2.4215425220150113,8.08795372830814,-1.6870335285298752,0.006334596242435708,0.00043877861876850943,-0.008165091340475605,0.6884587851326892,0.5432678825117964,0.29375795290472345
252.26,1.0,31.0,31.0,1.0,0.021192186039332973,0.04319559807394118,6.628941055289064,-0.1011679908944428,-0.12,0.018714644390977277,-2.4127666562398273,7.698316941017626,-1.3532637051731524,0.04070880814348765,-0.03442378534198465,-0.010226696379892264,0.9200104094224496,0.8443795405859381,0.5621727872475903
252.45999999999998,1.0,41.0,41.0,1.0,0.04145133322395287,0.07101526412303384,3.9580487876237784,-0.10150697458804137,-0.12,0.041384702708663484,-2.3538817450529956,7.578592199312839,-1.1464774135892917,0.023683094537654714,-0.019221917639276498,-0.005729930156502361,0.7270833892532843,0.6391594636178026,0.42628272062565814
252.65999999999997,1.0,33.0,31.0,0.9393939393939394,0.0652270915113696,0.1068310103592402,6.7159576001994905,-0.06365427881648346,-0.12,0.06692866694756432,-2.189830801208463,7.459191325400084,-0.832060912696955,0.06749736207482426,0.009666383601373063,-0.003937236572331693,0.5456235135244947,0.4908187263721797,0.36305602010868354
252.86,1.0,32.0,32.0,1.0,0.06332020364617179,0.11798425409664914,5.721284424837459,-0.05246662780834768,-0.12,0.0643411245283364,-2.1208616182165008,7.431335503033318,-0.6840330687126999,0.04761280574320592,0.010219940465140631,-0.005016230315078252,0.5765398632308965,0.5805245243393792,0.3512466136483315
253.06,1.0,30.0,30.0,1.0,0.07385335173189332,0.13553904141155082,5.894713264507538,-0.015337023275984955,-0.12,0.07511646319507881,-2.03358893378272,7.420675272530419,-0.5873072271294272,0.04574801343032231,0.038550505524197476,-0.004143262988352214,0.4656976802585468,0.5120192103795129,0.32713699170079985
253.26,1.0,37.0,36.0,0.972972972972973,0.049129034133598135,0.0967605625487449,3.9173024461267616,-0.03298807041748532,-0.12,0.049104142196632276,-1.971482624619893,7.366947470899691,-0.5457070108712222,0.019504122726200057,0.0065992729894981395,-0.0037457732669448074,0.6826350900358539,0.7374164281038902,0.3403549596089848
253.5,1.0,35.0,31.0,0.8857142857142857,0.04684432117208731,0.08680383269285392,4.594930550576459,-0.019941411156663934,-0.12,0.04621108041847673,-1.8898497218849073,7.323072850890354,-0.5273741091459322,0.018540169110642157,0.02077038302091605,-0.0028235805462830665,0.6509021776736634,0.7245846111071589,0.34383563520747507
253.62,1.0,38.0,28.0,0.7368421052631579,0.05438514406444078,0.09115370716113434,3.6092928055856945,-0.019225713736601098,-0.12,0.056540558886821815,-1.8498922458050244,7.3011592188166805,-0.5268286616172863,0.008294287797759647,0.009626749840087712,-0.0024577416585626066,0.4703093223276016,0.5421095587390824,0.2849442376830015
253.86,1.0,32.0,28.0,0.875,0.04976593575054732,0.09584029858786115,4.887816826278017,-0.020988128869331175,-0.12,0.04904219250821661,-1.78627986572422,7.25625851541599,-0.5318090475137585,0.00855333475096054,0.00960208598649448,-0.001959771569304936,0.6281576872645033,0.7100205913356391,0.31550050270988783
254.10000000000002,1.0,47.0,43.0,0.9148936170212766,0.042982682095040456,0.15164744820259737,7.012904775654391,-0.1545548666822119,-0.06332073262006147,0.05108256513429429,-1.7501177853978676,7.073422733445581,-0.477429469217431,-0.04350178198146115,-0.10987726037576095,0.05511006567425414,0.6530487195793632,0.7290025386352028,0.3592484775443181
254.3,1.0,39.0,31.0,0.7948717948717948,0.09270754890424365,0.198909004233492,6.650647300823846,0.031072538061453957,-0.12,0.09519137370499586,-1.609980321920947,7.200483586112628,-0.5396287040972817,0.07156679105227748,0.14914008357359965,-0.018856436964882817,0.3210259073990067,0.40247075540964017,0.33791962159532707
254.39999999999998,1.0,50.0,45.0,0.9,0.03433570944786139,0.11870673544699044,5.581727528620678,-0.06825705920043987,-0.12,0.04061944232824113,-1.617339915024699,7.087103259132005,-0.5419992134459596,0.0003202971787126252,-0.002956382950215719,-0.014489373992457977,0.6280739977670077,0.6971708760751822,0.30179002879073547
254.60000000000002,1.0,62.0,61.0,0.9838709677419355,0.03276981769484765,0.09480615591258203,6.35354796991668,-0.08442420412273016,-0.12,0.03387220709150342,-1.5564469063939828,7.031655357051764,-0.5026965213271212,0.0015039712631916835,-0.010072333003680711,-0.010085608234135068,0.6235348392870954,0.704196295258603,0.319407702856395
254.8,1.0,65.0,64.0,0.9846153846153847,0.029198460795846315,0.07600825579208405,5.925025860080662,-0.10907596953452725,-0.09679485706492552,0.029556345280559046,-1.4789430184177172,6.977652419993258,-0.3661245721081421,0.007348566273763568,-0.021564253970768554,0.01645124788513075,0.6121419539665921,0.7153779800359463,0.32739952910713815
255.0,1.0,58.0,57.0,0.9827586206896551,0.031428827797240565,0.0769534557800384,6.882904258870577,-0.11949187319856361,-0.07890657789744522,0.03300758500040641,-1.3933358975165606,6.946941752753104,-0.24021632133348697,0.01632354299888683,-0.011400004716499268,0.029235534555678067,0.5999368665286294,0.7280972484220366,0.33098973502482415
255.2,1.0,64.0,63.0,0.984375,0.029698297909561328,0.08060091757583498,6.06002382409016,-0.07959099488075463,-0.08980503414863981,0.03047339626220596,-1.317271524391148,6.973952531133847,-0.17388174942799337,0.02097232829190876,0.04076412129777296,0.008744669536059707,0.5912709106303999,0.7368234058398749,0.33271445731350724
255.39999999999998,1.0,53.0,49.0,0.9245283018867925,0.027338331045704132,0.06774306091189042,4.8860147999263726,-0.012660812148785136,-0.11174676282476931,0.027599921558567303,-1.2468888868517107,7.033148470654071,-0.134125143488606,0.014540590522812202,0.0826378067948923,-0.016865092487263145,0.5867968941887144,0.7390728864121611,0.3334921474831301
255.60000000000002,1.0,43.0,38.0,0.8837209302325582,0.02475489266853047,0.11459815582445605,5.881891753792967,0.06123511792984586,-0.12,0.026052256526667157,-1.1857849237303206,7.103533443843572,-0.09252272896199398,0.00334295840614951,0.10134659628036502,-0.02086975654161237,0.584571516406757,0.738766947196785,0.3338529451765691
255.8,1.0,36.0,34.0,0.9444444444444444,0.02293217855573638,0.0653029692948427,5.810896827133867,0.010035049515814572,-0.12,0.023044930892428327,-1.1210686773914396,7.048162504335268,-0.049782149556785504,0.0016432656890168484,-0.018043860037755266,-0.01551374704617313,0.5835286126873814,0.737654283147973,0.3339972089080646
256.0,1.0,27.0,24.0,0.8888888888888888,0.02329503359094569,0.03740343136232039,4.910361134400436,0.06137341678162312,-0.12,0.016815647114285525,-1.0649100711968202,7.100158459522908,-0.018213904378407864,-0.004401794688955407,0.053155112823644934,-0.01004734950344964,0.5119377316270776,0.677165956954335,0.27341871817171165
256.2,1.0,21.0,17.0,0.8095238095238095,0.02011378841994497,0.04680974292760735,3.2552468355428763,0.010141046173471138,-0.12,0.0165688524056639,-0.9955962865514985,7.0476290964113835,0.00668426404376643,0.0031795172599687893,-0.026590772478116698,-0.008138181958079324,0.44306405848153446,0.6103491692086203,0.22041580963166119
256.6,1.0,13.0,10.0,0.7692307692307693,0.01971541352225418,0.03283533286850999,6.050159597852472,0.0559832117219346,-0.12,0.011374254729729366,-0.8750041052862222,7.09606878393442,0.040057037248141164,-0.005397779262372726,0.049512368102054616,-0.005905665071247165,0.43520338903529493,0.6204580686594834,0.18971061715970228
258.46,1.0,17.0,17.0,1.0,0.01792653010504275,0.04074162743368152,2.7809268012141333,0.034772365635390025,0.06484981577703319,0.01144064852982453,-0.258494128500264,6.839157847465691,-0.6452217322654308,0.05854746055205223,0.05498762613763564,0.1788837607480287,0.843574119841878,0.9148390362278649,0.5204666959672961
258.6,1.0,19.0,19.0,1.0,0.01832120639775996,0.040273997890895294,1.9481774364140878,0.016104772743942175,0.03603465766246276,0.01241228508090525,-0.23983901709587607,6.759497832178838,-0.8284045725839085,-0.004165122043637393,-0.014206502576802116,0.051401256728863524,0.6119194506310142,0.6153408300363687,0.3928020900591567
259.0,1.0,22.0,22.0,1.0,0.01706906051190045,0.038272457945632825,1.9109347673071626,0.06071703360175255,-0.026265413148986273,0.009398010821269795,-0.1564139250285819,6.571541521386518,-1.312894056483135,0.04356572032906708,0.0008198585286027793,-0.03066307133717916,0.7662690019601467,0.6784675789155615,0.40337050512095496
259.18,1.0,16.0,16.0,1.0,0.02114916068245408,0.04269723688519791,2.0161475367592865,0.06550575784499438,-0.08071798246441686,0.009659283986661703,-0.1594301208267681,6.471702110964579,-1.552377214111379,0.01804990444167298,-0.013065673233731978,-0.07489463618475001,0.6114181193270943,0.4655867162199371,0.2685556850907015
259.46,1.0,46.0,46.0,1.0,0.013980476639732087,0.03165989848641693,1.8625240478112408,0.11440519327010537,-0.004838692708409044,0.007774491093711521,-0.1600836736487501,6.309771974494098,-1.7603002408396977,0.05895377044909891,-0.036468402257646026,0.02037358296651348,0.8265052364979965,0.6781608473335428,0.433598206978128
259.65999999999997,1.0,39.0,39.0,1.0,0.04686771514474694,0.07748764563165193,2.9800101835394432,0.1140419186809671,-0.12,0.045534989522955906,-0.20378277299759762,6.215488520177198,-1.898231815390743,0.010119666166309854,-0.014207855292845295,-0.10620133976433775,0.7617106322363044,0.6085617785392291,0.37465201461239644
259.8,1.0,45.0,45.0,1.0,0.09729902756412528,0.15921419488743674,5.6129117791712915,0.06419437194016547,-0.12,0.1003678489342784,-0.2452794373887751,6.16109599904372,-1.7454427608569705,-0.04084804482003748,0.014413024335135916,-0.0668953539463011,0.38707101800812793,0.22992803875477633,0.32969020539932464
259.96,1.0,39.0,39.0,1.0,0.05639303198904654,0.09284401842323388,4.351384961712307,0.0682308295408885,-0.12,0.05727214122652588,-0.24218591846846416,6.094827648789717,-1.5841988940109295,-0.014013589749164085,0.020353673187955224,-0.044334458145154576,0.7323354187692313,0.5461973172611847,0.3165466180108198
260.3,1.0,26.0,26.0,1.0,0.17098899566748832,0.23460114077897837,9.056824989278644,0.05042348856148937,-0.12,0.17342999664406433,-0.17035371502249697,5.84928617922305,-1.2135244069452593,-0.0022757047891263094,0.032379455006358526,-0.029995079080476827,0.26608186833248776,0.13461823568833534,0.3278316357480571
260.5,1.0,33.0,33.0,1.0,0.10941847889506573,0.16622188602251217,5.607684708059011,0.046544722218074,-0.12,0.11044551937617458,-0.10906674870747357,5.706489705461389,-1.1210593352523208,0.007958058609578877,0.0363588153185459,-0.020235908602689753,0.5656977421722824,0.3849679772022306,0.3617940450070694
260.62,1.0,46.0,41.0,0.8913043478260869,0.1373601123011084,0.19535706380745724,3.0775297704084315,0.19474126907198822,-0.12,0.1497714098467872,0.04849713806387368,5.719571144571011,-1.0985184081486579,0.13168486489435832,0.10895098514165102,-0.013312047047668418,0.3194261937704604,0.22430876730205118,0.31593261990102245
260.76,1.0,55.0,37.0,0.6727272727272727,0.017348770111117354,0.15670942776235797,2.1902226886831184,0.029291370112770037,-0.11774468555950196,0.02711235574344264,-0.026914997482734737,5.513140331403439,-1.0701609786120074,-0.040430110213294346,-0.00778479066288007,-0.008458778708477777,0.8168276297882434,0.7326638632605288,0.3011931779523335
261.2,1.0,64.0,58.0,0.90625,0.07929297613993688,0.15090058368001175,6.698522267579836,0.2,-0.12,0.09021905327576686,0.27568141599003876,5.304349178536064,-1.0591589214495887,0.16660638660545718,0.11793214589661094,-0.007108638276299484,0.6609371240785269,0.5062054336245958,0.39901979078179434
261.36,1.0,56.0,56.0,1.0,0.0620963163833138,0.10860634231086842,4.053644343896605,0.1594905114289351,-0.12,0.06484992953484878,0.30552129488391583,5.168404029566075,-1.0604103331922494,0.021856450924038595,0.019227145990148742,-0.00936022211783838,0.7117910062461633,0.6033051649939677,0.3466093901263974
261.6,1.0,44.0,44.0,1.0,0.0724709565730814,0.14610000852230212,6.726477023770763,0.18597924430930393,-0.12,0.07855795521428567,0.4165243764040607,5.014794505991216,-1.0646454815194097,0.04616154496869007,0.02963397430332293,-0.006744043328599014,0.6472583124428472,0.5028230087536094,0.35291698958745527
261.76,1.0,34.0,29.0,0.8529411764705882,0.024859700910713874,0.0641621081199911,8.975808671162456,0.12827171863710726,-0.12,0.02415078236284007,0.3969861145719987,4.925270313904659,-1.077017832073628,-0.02658063539883765,-0.02321264146155233,-0.005517998892634601,0.7699711159431234,0.6592566840814073,0.3060816412111214
261.96,1.0,26.0,19.0,0.7307692307692307,0.018538623346009937,0.04013494754049562,8.03363875385172,0.11512332999805078,-0.10704603897618445,0.013454368943960274,0.4108020499416504,4.870647880097234,-1.0816439855884994,-0.008195157896539296,-0.012384606330301473,0.00955750309000436,0.666248805466964,0.5236621881951521,0.23095201899705206
262.15999999999997,1.0,24.0,16.0,0.6666666666666666,0.020825003307795544,0.03768612094548526,7.880420902270471,0.10815081443210206,-0.11259483225597675,0.011809049621196822,0.432730870839338,4.813673012075303,-1.0945110837753815,-0.0006478040436900812,-0.00685465018844944,0.0019073255557326974,0.6197496774778767,0.49174185716994134,0.2177803901559925
262.4,1.0,13.0,9.0,0.6923076923076923,0.016777908473124773,0.039342425717611776,2.6967657092092017,0.13617680667738816,-0.08646085280735173,0.009109229970760486,0.4896824867760323,4.766818339794977,-1.0740924678724955,0.03134892492106439,0.014871124867180896,0.027653940701372504,0.502519257410904,0.3853926482929145,0.15190690265861925
262.56,1.0,16.0,11.0,0.6875,0.014992025705943275,0.025579776541574954,5.719480459708212,0.09198412064248526,-0.07729263267854601,0.010821878479698083,0.4752276986750072,4.69956108792507,-1.0664455393432641,-0.017741325148280584,-0.015697125176318494,0.032101713779073116,0.5236050527414076,0.4264357477601205,0.18807236287630136
265.5,1.0,54.0,53.0,0.9814814814814815,0.09600023018935251,0.16504613212637878,6.038082521922928,-0.0949866739295329,0.12,0.10038011138222838,0.08473339774324878,3.705216836958908,-2.8663916090216235,0.0067218201332677335,-0.0010925275280584401,0.22373378161249002,0.87019070930513,0.8247529270674824,0.7144574635451735
265.8,1.0,46.0,46.0,1.0,0.05657604701618624,0.14446647388479766,10.066627818384234,0.18792731997149298,0.10505659141971502,0.06754993151250785,-0.18526010483287167,3.492054871231615,2.93308361100802,-0.053434603326963565,-0.24637460372525855,0.048574250566437716,0.7232636509927932,0.7995351838991688,0.48615396145615314
266.0,1.0,40.0,40.0,1.0,0.08154740175999202,0.142015250042504,5.021506115419056,0.11947772909774586,0.12,0.08554216548121313,-0.32190118469044804,3.669872033478496,2.6283428848510075,-0.018145295583487764,0.04617730122105623,0.029761839148240377,0.450280703476958,0.565651706025594,0.3938231020713649
266.1,1.0,40.0,40.0,1.0,0.010485906070543588,0.029762302154152095,2.321410806988273,0.030535945318731886,0.03731935666173077,0.005093266803427051,-0.32385248535156963,3.8046755533160534,2.3986618494057947,0.04262692039879823,0.10193572907683324,-0.06367908801181654,0.6640037592748149,0.7203071370025305,0.322255622363577
266.3,1.0,39.0,34.0,0.8717948717948718,0.010657886940221756,0.023938219778498155,2.2033778343258557,0.04356056090214327,-0.02714255230860446,0.006320964272161574,-0.44133426014202426,3.915826353300278,2.302149713959727,0.0065911199424172895,0.025842883196588673,-0.1044730172036834,0.6810540118331105,0.6968885915275204,0.3276266765243301
266.5,1.0,44.0,38.0,0.8636363636363636,0.014109548800059307,0.029124121456103765,3.553703378518804,0.02532300877184587,-0.055594799603937234,0.009155901665205078,-0.5616398258533779,3.9995790680423258,2.5570063510951937,0.020784732936462658,0.020432630782169614,-0.09794592831775661,0.6555315357325757,0.7245619378107684,0.3300298911940304
266.7,1.0,47.0,34.0,0.723404255319149,0.022900392670067573,0.13512798666260412,4.905605120370928,0.002833958912836469,-0.019007535342112317,0.03645625440775405,-0.7033951896604694,4.063565379508664,2.810623509351508,0.01718367857712677,0.023235895239541726,-0.028205694966371375,0.6181395995479483,0.7655287880092267,0.33109058652186596
266.9,1.0,58.0,27.0,0.46551724137931033,0.03758431983557854,0.20682680920704083,4.789390874528371,-0.016430838209473404,0.015371291690477922,0.06854790888019176,-0.8577087420079198,4.1084869855279,2.9740240169192393,0.008623032411583798,0.022581556773153544,0.01631060209461932,0.402262667786403,0.6297394662215339,0.2953657596571097
267.1,1.0,55.0,37.0,0.6727272727272727,0.12116710246908294,0.19847601632186476,7.080490609366172,-0.2,0.12,0.12675167803092147,-0.9982372617657802,4.3074279764774674,-3.132049858938725,0.022944197959924306,0.19125415522790412,0.11671852318244393,0.21322533755994752,0.42262376701895926,0.3405605199360555
267.3,1.0,42.0,36.0,0.8571428571428571,0.07740692292246903,0.18051209421882497,7.771404163519735,-0.11744422249108313,0.12,0.09082216442019825,-1.1718953692046579,4.239384104625985,-3.0943054378411308,-0.0010498251619943666,0.03826942126356947,0.07995463203977173,0.3983293400495134,0.6517620887366358,0.335915147192378
267.56,1.0,51.0,46.0,0.9019607843137255,0.12756315325729722,0.21488855191193568,7.356227546776952,-0.11832243986058494,0.12,0.13337671335746903,-1.3807086082415727,4.253986172767463,-3.076783993496573,-0.0029419818060081315,0.029872784914433126,0.05390133505358418,0.2506580617388888,0.4874794576990529,0.3557027703954208
267.76,1.0,35.0,32.0,0.9142857142857143,0.09345115510712039,0.16593387042281324,6.80781134073705,0.1762261528017388,0.12,0.09871593496345357,-1.436862641791351,3.9622614455182887,-3.0697791533654986,-0.017236838094630613,-0.2733474324342895,0.035203122959880595,0.40021863164638993,0.6407908233592927,0.3435121483745426
268.5,1.0,26.0,26.0,1.0,0.13159841461385938,0.18140368116263028,5.973703583517502,0.2,0.12,0.13351511374506805,-1.6757103946853553,3.95336478805108,-3.058261153752442,-0.009992017927913155,-0.09768191583399499,0.020316279451280565,0.3432795148036983,0.5709159497676246,0.43885300029024504
268.52,1.0,15.0,15.0,1.0,0.08767486704896858,0.1395437850683578,7.247383463905282,0.10878520345583131,0.12,0.08939453725750111,-1.6787244195367432,4.044661537877914,-3.058349259294957,-0.0044653979142945666,0.05047630784910373,0.010048983189457239,0.31200855886686324,0.43071481315765553,0.20688693545162673
268.8,1.0,18.0,18.0,1.0,0.11573217494749127,0.15953445499492266,5.233852552214149,0.10341707575392335,0.12,0.11676052171280567,-1.7704051153594926,4.056398559578011,-3.057952698858175,-0.0023717287509026352,0.044437298955601,0.008412486156015753,0.2526230045983859,0.3756240545323671,0.27555128531024237
268.86,1.0,14.0,10.0,0.7142857142857143,0.05812447767608662,0.07939026655911678,3.412458151581565,-0.19160794775767567,0.12,0.05871876927790098,-1.7791965482048941,4.351722861884378,-3.058231692741712,0.009306530562242177,0.3249216996640074,0.006534384765663148,0.3791965148649692,0.4882782179038399,0.144337829047952
270.9,1.0,23.0,18.0,0.782608695652174,0.019904836506916462,0.05724169487207404,11.391921932383969,-0.06364235136347705,-0.0058090924887645445,0.023663747452515503,-2.5714742246226603,3.7797314697734374,-1.86607991657737,-0.10805745237783881,0.07041434769266086,-0.11617910635073447,0.8764934233206506,0.9159974139335488,0.5246178013963904
271.1,1.0,27.0,24.0,0.8888888888888888,0.02272802504774298,0.04791287301934518,9.095553049508283,0.05572220209058122,-0.0798508544086618,0.020563876314144084,-2.4607312621901545,3.66105968538437,-1.7234448306694798,0.10346305865864336,-0.01985524662588878,-0.11838575902839676,0.7420443760285874,0.6481537341818125,0.44975323641751974
271.28,1.0,51.0,49.0,0.9607843137254902,0.02217991668575759,0.05973247853661259,5.871145211066184,0.08570272414251115,-0.1071167139266858,0.01662246620732137,-2.421640081550439,3.6097141075621675,-1.6261112411138074,0.05873946636317173,0.0024847015619524626,-0.09709903807934817,0.7487927732019116,0.6154541803807256,0.4281262759166751
271.68,1.0,45.0,35.0,0.7777777777777778,0.022410283212738014,0.05485468950674636,3.0333837607021565,-0.0772852553266866,-0.11540262648012883,0.018718660389931138,-2.5463616395034547,3.4499118642361477,-1.3529008311389017,-0.13648751272133275,-0.027046046319978423,-0.06531560596124852,0.8328200826603411,0.6971200573537881,0.4322003800384642
271.86,1.0,55.0,51.0,0.9272727272727272,0.057071588086177696,0.09603372260103407,4.883083849725488,0.1191354973160689,-0.12,0.05780317077636239,-2.3359606547730194,3.470433641013245,-1.2851489395437445,0.16505071850674025,0.06902848437566389,-0.03824755581746975,0.6598163057642961,0.5297198391664847,0.3681903617950625
272.06,1.0,44.0,35.0,0.7954545454545454,0.024390625930141057,0.20550876912863394,2.208958069281697,-0.0633344982005975,-0.09673479116505215,0.02741605614895978,-2.482565857942686,3.330819079052144,-1.264089607031253,-0.1078202000246411,-0.04451897878063482,-0.004031272074902947,0.7302178726945902,0.6145916996550378,0.3487320278554741
272.26,1.0,32.0,25.0,0.78125,0.01974022044153817,0.039889373529881825,1.9229974737353628,-0.13224752185463973,-0.07545486304354353,0.01073227093662869,-2.532347999730161,3.2447047050828615,-1.284082482922284,-0.0863779078003506,-0.03342552245405761,0.020895517835405553,0.6676492486405115,0.5376724317702081,0.2874175105784538
272.46,1.0,24.0,19.0,0.7916666666666666,0.01715760442862871,0.040560467420897556,2.5785044112143236,-0.2,-0.03319824840833358,0.008448504217829101,-2.5890317357691193,3.157414642595677,-1.2979148191841166,-0.08763192976154022,-0.024603193355838826,0.058794922115986914,0.6176871927636776,0.4783011560121253,0.2411577990817303
273.82,1.0,37.0,19.0,0.5135135135135135,0.046531352610448766,0.10881259462326132,10.15473816619481,-0.09246656688183999,0.06141106591616095,0.05450403664010253,-2.376847839571995,2.714834377911884,-0.9051359951151321,0.11774518087724184,0.004475837376842762,0.14103087406993686,0.8736605274199356,0.7683991034507636,0.47342128363692637
274.06,1.0,60.0,35.0,0.5833333333333334,0.041632019497493886,0.09201586529623072,8.913069012090851,0.09909483837855457,-0.12,0.04647819418358383,-2.105228586635761,2.7253043918029913,-0.683420832081166,0.142420531620298,0.13527569781050053,-0.11220869272099153,0.7668911659684159,0.7612536207033128,0.49468693663965807
274.2,1.0,94.0,84.0,0.8936170212765957,0.08689560653252575,0.1695472993661317,9.50879025763362,0.05195068500217527,-0.12,0.0985451011310777,-2.013148583089628,2.6352043691182603,-0.4392320074381248,-0.00449929465597565,-4.318944665104851e-05,-0.0675519540368329,0.27896897409758253,0.3505463218059905,0.3783120470386141
274.4,1.0,70.0,60.0,0.8571428571428571,0.04062622398292003,0.12065335325415276,6.13743495602279,-0.17347884894835586,-0.03133110808778347,0.045642353227745534,-1.8705431822237133,2.397762138452078,-0.015583063052652418,-0.013988729546220213,-0.20838702892990346,0.046736571958027315,0.6569828831102416,0.7811344046396862,0.3506007386310595
274.9,1.0,25.0,19.0,0.76,0.024156166978689237,0.05603079447842409,10.208857507174933,-0.08760658289239076,-0.10102356755585234,0.0180033368830331,-1.6188929522471804,2.54825258068148,0.3318591590947867,0.03302655628211881,0.06363813283142017,-0.030640058624946124,0.6299643928730122,0.7986946427937031,0.31269037778327785
275.1,1.0,22.0,17.0,0.7727272727272727,0.02539962129106483,0.04888501888010721,13.985971575886705,-0.09454657507056148,-0.07425351043194031,0.021306958723243605,-1.551715502259737,2.5625926303842226,0.398157896396101,0.019659078298196242,0.014551975768823944,0.003902647389068703,0.5176610716548814,0.6420120090005157,0.2692073188011796
275.2,1.0,24.0,14.0,0.5833333333333334,0.027064783878638355,0.06728924053323596,8.146622128879715,-0.10405342138127265,-0.03270438981544355,0.026411367715492226,-1.516866482545622,2.562803019661499,0.43543481335856604,0.013595371222509423,-4.52563327417721e-05,0.04412197519332817,0.38928221509692407,0.4888036880585578,0.20525501577364305
275.4,0.0,13.0,2.0,0.15384615384615385,0.06822799647913272,0.08785516290199694,16.72163787738214,nan,nan,nan,nan,nan,nan,0.013595371222509423,-4.52563327417721e-05,0.04412197519332817,0.38928221509692407,0.4888036880585578,0.20525501577364305
278.18,0.0,14.0,6.0,0.42857142857142855,0.13435108195640827,0.1874418207285774,6.871637872591051,nan,nan,nan,nan,nan,nan,0.013595371222509423,-4.52563327417721e-05,0.04412197519332817,0.38928221509692407,0.4888036880585578,0.20525501577364305
278.4,1.0,26.0,26.0,1.0,0.017947210778601976,0.04229425847266543,5.0634981730658,0.2,-0.03550599750009738,0.015344531363644418,-0.42882100648212285,2.1832063571078355,-1.4874074382424554,0.1957201468084503,0.17925404231956632,0.032284949005731096,0.9418511407652483,0.9600945119152651,0.6855569510205697
278.62,1.0,25.0,24.0,0.96,0.02258144738871519,0.03907661624950726,5.038056718826169,0.2,-0.03663602491165624,0.018596179473349513,-0.4416416441364141,2.0882807874976734,-1.6302450102914972,0.013724964896310088,-0.02212095485165433,-0.00996359224092269,0.7213497404925295,0.6091801005445125,0.43448234201400426
278.8,1.0,36.0,36.0,1.0,0.02001246373521007,0.03577833468256899,4.63706555695073,0.2,-0.04495615984283137,0.016411504555697964,-0.45836513986631633,2.0141314022060848,-1.755665995438444,0.0035984055374747026,-0.03246721202504377,-0.014361397760880523,0.7387213175897019,0.6094012863205066,0.42168304383137906
279.0,1.0,40.0,40.0,1.0,0.02419161738166723,0.05509298097662986,4.62150516686979,0.1764351494539861,-0.03399480314509164,0.02144944311238068,-0.5090151461496721,1.9403173300432421,-1.8728343558296467,-0.025350722112234603,-0.03235783937380954,0.0023934732699670835,0.7222617274558848,0.5959277150779466,0.3706849813900718
279.2,1.0,45.0,42.0,0.9333333333333333,0.029136305309287708,0.0679352832307943,4.9726010377213985,0.15468331446257771,-0.028570123186712905,0.02922884966771806,-0.5685596163337195,1.8765046016381413,-1.9926671144108064,-0.03357106778118546,-0.02763584757234705,0.007078558716792083,0.7077031638848653,0.6024633713805615,0.34988624079819713
279.4,1.0,52.0,37.0,0.7115384615384616,0.018528099576152986,0.16095381525152178,5.178288631802009,-0.009677193076053265,0.04418073277504309,0.02822446536936662,-0.7557796869945346,1.8936442210598494,-2.042741884294198,-0.16089250404751498,0.05029322100876543,0.07751601546838717,0.6920045395625849,0.6141913999722571,0.34101862020274565
279.6,1.0,61.0,36.0,0.5901639344262295,0.0217438606637355,0.14571642254683015,4.872637654812635,-0.021678309589581862,0.0441136647597052,0.026603039861501573,-0.806795363598811,1.8519617185699444,-2.122288500169167,-0.05605549678293631,0.017486178287915877,0.05364455709955118,0.6808128212196414,0.6228762257493475,0.33710826210455064
279.88,1.0,53.0,34.0,0.6415094339622641,0.017120296944521527,0.041878715736446866,5.118027364694248,-0.04269816711950787,-0.005140221846373052,0.013158412549280372,-0.8692766599561359,1.7944677710436547,-2.1617466234059703,-0.03519678376255231,0.015137638483872173,-0.012735612576177058,0.7229636630461996,0.6733530639428914,0.3637090981556934
279.98,1.0,70.0,41.0,0.5857142857142857,0.06445064757987061,0.33663802019917355,6.038333784993136,0.03777653097383493,-0.006965425093575188,0.11909783258802346,-0.8181822753531346,1.7238833874679544,-2.1346439483326916,0.058817945771046154,-0.040758529177982394,-0.00919647392309031,0.2068096636471177,0.17635894760932663,0.3092841108048267
280.18,1.0,71.0,51.0,0.7183098591549296,0.07927553511877765,0.2572822946658149,8.354971093486895,0.2,-0.12,0.10295739065979925,-0.7076278647548111,1.5972897998984465,-2.1832987119595564,0.18955251705265264,-0.10627116057070829,-0.11977038070113323,0.3880850270531818,0.3220286162717803,0.32306383249110493
280.4,1.0,67.0,52.0,0.7761194029850746,0.12146917613497375,0.33686681600190127,7.921646620914176,0.2,-0.12,0.1545493299314691,-0.724861049607948,1.5457117593103968,-2.1071824813637123,0.11992258210766105,-0.04862395929970886,-0.08310302029491723,0.2650105683765784,0.20680794781710313,0.33684674807504084
280.56,1.0,52.0,51.0,0.9807692307692307,0.09651733518554326,0.21417208808393862,9.367579146735704,0.05447521195044671,0.12,0.10812930604602745,-0.8712646625042989,1.5613371050811695,-1.816421897103734,-0.0417646515189819,0.026622044329558836,0.18409629759265167,0.4451323000772515,0.36697715686505866,0.3202269748398992
280.8,1.0,33.0,28.0,0.8484848484848485,0.16136899895010645,0.32243712504951927,10.521603056296678,-0.012246325081978872,0.12,0.18293286830119118,-0.9621806628075897,1.5175847676994607,-1.866229671352559,-0.08573152048135058,0.03976857749582763,0.12557955979508506,0.21177511431213888,0.15705230331451578,0.3135538103065461
281.0,1.0,65.0,63.0,0.9692307692307692,0.14679054086949844,0.3499468537289022,9.085626907358861,-0.036921268789006256,0.12,0.1813280932374018,-1.0199891406317534,1.4873771031082992,-1.9887026349270416,-0.0907354998303016,0.04717495307866093,0.08664423971243361,0.2686412964885618,0.2043007990425874,0.34486038271886665
281.2,1.0,93.0,56.0,0.6021505376344086,0.09076991116147477,0.34944911471859963,8.125040551533067,-0.15850169586210366,0.12,0.12923405446399316,-1.1575458073243867,1.5246530392322653,-2.110680532578476,-0.16236608979286715,0.11603783614921404,0.05729027139624509,0.42807960751690555,0.3567265413155137,0.3389422123493001
281.4,1.0,78.0,45.0,0.5769230769230769,0.09253209952439774,0.34552672661621786,6.779234844899775,-0.1916533199758356,0.12,0.12344898896824981,-1.2239896853872263,1.5199386436850681,-2.2462204554651275,-0.1002218354642439,0.11098739086912879,0.039418409443507496,0.41022049037153724,0.36567901091351035,0.33631145662633855
281.6,1.0,92.0,45.0,0.4891304347826087,0.1812020267010324,0.34974088246527313,9.038327530379444,-0.2,0.12,0.21525418847310313,-1.3219704075349552,1.497417192980924,-2.590596142422289,-0.010132301631244234,0.12404660527955857,0.027482713047739527,0.16651964423675555,0.16578448718858538,0.3350165222698877
281.76,1.0,53.0,41.0,0.7735849056603774,0.19027831682493498,0.28431956753788323,10.349459784056412,-0.10987297277832034,0.12,0.19697750845649992,-1.3839301862695714,1.4005597756587944,-2.824784695551104,0.053921881630862645,0.042652855268874745,0.0191044223085175,0.19796759913141498,0.22512043156825018,0.31901930036869286
281.96,1.0,51.0,47.0,0.9215686274509803,0.14817601103731803,0.2106307358653508,8.065242917072108,-0.05653253735285549,0.12,0.15012738063695547,-1.441814160616562,1.3560268463611065,-2.9639130549338177,0.06296029190550034,-0.007319490961760877,0.013194197458756829,0.3016639573550028,0.3813934137774428,0.3271926783802146
282.36,1.0,41.0,38.0,0.926829268292683,0.14680686160123865,0.20146997044097198,5.762675237894467,-0.04785959235850655,0.12,0.1486070537590567,-1.563077162382279,1.3449178698849573,-3.0352831597493495,0.046451853583963976,0.0036387212081729903,0.008663781478736698,0.3306138045212646,0.4631086355753901,0.39850800616788845
282.56,1.0,28.0,22.0,0.7857142857142857,0.15956006012887033,0.2649634679565551,6.139721961554449,0.005421661851154447,0.12,0.16107228559598175,-1.6294635739592511,1.2915354656667557,-3.049808611259813,0.029904966108485365,-0.04228133754825958,0.005178567112731791,0.1985814973815865,0.2884823829497881,0.2802724735778839
282.86,1.0,19.0,15.0,0.7894736842105263,0.1803261423268618,0.21411975683584825,6.758254877157586,-0.08563391129074015,0.12,0.1809957763406554,-1.7205495963416144,1.3791156249469547,-3.0576195091538247,0.025584604963859725,0.072368888255121,0.003446936013591806,0.13138782641586746,0.2081400662826403,0.23621117077736659
282.92,1.0,19.0,19.0,1.0,0.15318452756668804,0.18296482227615524,3.8755464032248605,-0.2,0.12,0.15328347316053859,-1.7359117526459933,1.491495386787386,-3.057751404295617,0.02662560453299556,0.17415865535668118,0.002987066470142352,0.19826914651284147,0.28704205592094695,0.24751378033604976
285.3,1.0,13.0,11.0,0.8461538461538461,0.0318978093133179,0.07824859883618467,11.008587565944447,0.12164511382005563,0.014260996240350094,0.02405440220711165,-2.3538294591317035,0.8431793644200678,-1.9287122782770556,0.07708903027275316,-0.038040693071597076,-0.10249103361208944,0.8493808222224315,0.8950298097271095,0.43577493278336643
285.5,1.0,14.0,13.0,0.9285714285714286,0.016488432407481993,0.0372539199213105,9.434282692328685,0.09778336640679641,0.06581233770816129,0.01085041010193786,-2.3809800315866445,0.7959479573685058,-1.7337463268168554,-0.010571408593531118,0.018806410570900156,-0.012989214043884314,0.6486917828126149,0.584213272276364,0.36662108189228465
285.8,0.0,12.0,7.0,0.5833333333333334,0.024822705874388947,0.040237145491320334,8.26654218322217,nan,nan,nan,nan,nan,nan,-0.010571408593531118,0.018806410570900156,-0.012989214043884314,0.6486917828126149,0.584213272276364,0.36662108189228465
285.9,0.0,16.0,7.0,0.4375,0.016919010088659172,0.038924176038167516,11.24393159594032,nan,nan,nan,nan,nan,nan,-0.010571408593531118,0.018806410570900156,-0.012989214043884314,0.6486917828126149,0.584213272276364,0.36662108189228465
286.1,1.0,21.0,14.0,0.6666666666666666,0.01535443091023249,0.028524346201890333,4.57990436614551,-0.08739385747744802,-0.02200534296684962,0.008703749548866506,-2.5309578110643063,0.5973374778138477,-1.3890811429810057,-0.19879313723869974,0.009246542893845189,-0.09536302996500545,0.7726951664759992,0.633809718346392,0.3775600923169564
286.3,1.0,21.0,19.0,0.9047619047619048,0.019141048225135536,0.036379313473391954,3.162247932433319,-0.0745645356047838,-0.024443003888070757,0.011301019176079721,-2.489179211090264,0.5288216399980806,-1.2732469738279846,-0.030615693061741833,-0.0012632643618087913,-0.05224391289648245,0.683464628719782,0.5826351842698249,0.3785180572286906
286.5,1.0,19.0,16.0,0.8421052631578947,0.018550488837293495,0.037021541919654524,1.380888201386956,-0.10828449607469452,0.0016346516153590029,0.010206297220266787,-2.4966118958655303,0.4502327512364509,-1.2362238948828574,-0.04117580572080204,-0.011379045783898534,-0.0053886786653707395,0.5981979536484231,0.4864725304575419,0.28650220353036204
287.9,1.0,38.0,38.0,1.0,0.017850388804129484,0.04435295183157392,1.6927293694109442,-0.03761027546360207,-0.12,0.014014709095714862,-2.0786615180486003,-0.026799407429838995,-0.6276881593019427,0.06601986166368334,-0.002934793513403984,-0.12424214604320838,0.9268355987541884,0.8892578992547218,0.6221216177407736
288.1,1.0,35.0,35.0,1.0,0.027749620244176702,0.04892305764945849,2.154172868147405,-0.04443074711332572,-0.12,0.025142114472090485,-1.9135348000279169,-0.06675580088817096,-0.28573023502312356,0.019668316870692815,-0.0002877724125725928,-0.049029355420410814,0.6521644717883032,0.7437542671868074,0.43796345251191815
288.3,1.0,24.0,24.0,1.0,0.018085974535699153,0.0397457581424623,1.8368503639360794,-0.042562492927823686,-0.08781521308138861,0.009092499857832923,-1.744632499843941,-0.0542923332533828,0.001946594088050424,0.01786631083197232,0.01584610398632795,0.00438324169023542,0.52583699724445,0.7058691745177063,0.3104034669960935
288.48,1.0,27.0,27.0,1.0,0.015183612348436914,0.03924341434480479,1.042860804099302,-0.017891672770251617,-0.03651177212597601,0.008388666347515289,-1.6048901688537074,-0.011821058986747852,0.12444707729746973,0.006198501713411408,0.04172467499651548,0.05359714040564843,0.5483056605240436,0.7301163915584111,0.3209784263101117
288.65999999999997,1.0,29.0,29.0,1.0,0.025647285080007624,0.10856603068839943,1.6786318361199117,-0.025475354807691364,-0.008782329757638097,0.008721680312972517,-1.4605509030526496,0.005485217613096345,0.15015811772777626,0.0028157537762125706,0.013336307157833538,0.06242608406732966,0.5591400327172324,0.7700243054408932,0.3236483740174803
288.9,1.0,25.0,25.0,1.0,0.022115335196764244,0.08228588270994548,1.8245258454573205,-0.008153440663767948,0.009349880984708623,0.010584147915106461,-1.2715225084421193,0.03383374869396276,0.12028566308213366,-0.0019140409750388887,0.029204961937933517,0.05991158912656898,0.5557558917949182,0.7788987319227344,0.30217240739366197
289.06,1.0,21.0,21.0,1.0,0.02579782904525822,0.09789445224101485,2.352654639747074,-0.014098185247185077,0.009433683632296172,0.009129547872338868,-1.144748821733124,0.03936568795081273,0.09296047734220421,-0.0003814396979857637,0.003755198669353324,0.04085576394104382,0.47309104303727023,0.6974476587557592,0.2538827354035172
289.46,1.0,28.0,28.0,1.0,0.01618803113660251,0.04106128321078808,1.798610680352202,-0.005034272723620214,0.03304210221367653,0.009083523571322125,-0.8251655909317606,0.05261201686436373,0.06304929406432735,-0.0011845605980470575,0.01643198501971231,0.05397228185079137,0.6730402044169862,0.875277339852014,0.3838440918947863
289.5,1.0,30.0,27.0,0.9,0.02890223588814889,0.11061425806195392,1.9779359116685695,0.006495574980648317,0.005807916343055067,0.01018943937439619,-0.7950917509380849,0.06415475951018285,0.03249557349585959,-0.0006510964680631615,0.01287390003244554,0.005393821149690812,0.43987487864867525,0.5998337978734195,0.2846352916369333
289.65999999999997,1.0,41.0,38.0,0.926829268292683,0.023691282370718658,0.10038840116177293,1.4732738026945584,-0.0046200114182370295,0.01685371989398803,0.01029215057282472,-0.6644313390385325,0.054470289370761704,0.03325221247399651,-5.641413094004122e-05,-0.006288348799837078,0.014642786480505585,0.5402636939526078,0.7821589808127387,0.3196313313611607
289.92,1.0,40.0,40.0,1.0,0.018794162416545503,0.10957645234820418,2.6584161453109285,-0.011947094826093942,0.03920276076486051,0.010550865105494911,-0.4574517870691842,0.042898468442671166,0.043948296510169745,-0.00010510936010010852,-0.010217368585790025,0.03247807588746765,0.6149790317056151,0.8499439861066702,0.34832169001792285
290.1,1.0,41.0,41.0,1.0,0.018839972700359184,0.03305925026409741,2.776252114400445,-0.011179448553095736,0.0400566791602163,0.009823628550873565,-0.3149228653960548,0.041333289989916075,0.03875386537341045,-0.0001866179808795443,-0.0035973938203527067,0.022306134373255276,0.5756221097213615,0.8196964165432546,0.33217987948627425
290.4,1.0,42.0,42.0,1.0,0.01685209371357164,0.034277268608400364,1.658157212008958,0.01808446297385579,0.02519891388769176,0.00798955174532256,-0.07322217629566852,0.0646759739323606,0.017490491058138123,-2.1100675232768595e-05,0.022375868802044924,0.0001276064617755021,0.643606276481895,0.8737388291727074,0.36694510116132195
290.46,1.0,35.0,35.0,1.0,0.012935411940720686,0.028514036840321635,1.5276427916264212,0.035332550813477,0.014558088620296694,0.006043865272886482,-0.04204841510996061,0.0810795867425721,0.004280602978605075,0.0003036715133832163,0.01927359243890322,-0.011189974363713181,0.4703460516687592,0.6701565182690025,0.2942946606033555
290.7,1.0,26.0,26.0,1.0,0.014445553008238906,0.0308678448517522,1.2313646663183706,0.050684007102500005,0.007029591268476197,0.004965873006041973,0.16602441950635854,0.09168772152735312,-0.004301752236973423,0.0003828716192914583,0.01703508118401878,-0.01571410889821102,0.5409407300563328,0.824282071162163,0.286150470136943
290.86,1.0,15.0,15.0,1.0,0.013303351426648069,0.03942371888274207,0.4439166858328803,0.04013568631904349,0.008649207050139404,0.004986065860366569,0.29494016404570766,0.07686582162775318,-0.003546572491762471,9.460002904948528e-05,-0.009830937800141937,-0.010039428559066735,0.38209698620324045,0.6712853082297133,0.18525611308226925
291.06,1.0,18.0,15.0,0.8333333333333334,0.010167996200824132,0.03740505625588578,1.2147298230226848,0.04536528897683592,0.00569296276996047,0.0022025778017759,0.4581517176387799,0.07911815303486083,-0.007311585547087313,0.00011447955063897952,-0.00063042835040443,-0.010900526060889553,0.43310044703272127,0.7299205588050871,0.20801835592272527
291.26,1.0,58.0,50.0,0.8620689655172413,0.03778016413781402,0.1308653600978194,11.431841051496189,0.11790146891962784,-0.048736791003734556,0.04392904511557703,0.6180959384294437,0.14682222062094827,-0.062364097288516156,0.0010303828866689013,0.070185721884871,-0.06304505799457777,0.6348538918750642,0.8562003085530887,0.3779859808825289
291.6,1.0,42.0,41.0,0.9761904761904762,0.02756671814144898,0.07372305686692181,6.892180047514438,0.009282960607070878,0.061597242552678455,0.025800547659437036,0.8864389799495553,0.03223873609664596,0.04738960556498134,-0.001002130101584231,-0.09589724260390561,0.06918224041923476,0.6687852808926561,0.8951426624263292,0.39670243242086556
291.71999999999997,1.0,46.0,44.0,0.9565217391304348,0.03588735097034567,0.1073400773402571,11.505317606313229,0.11567305466321853,-0.05893402744304511,0.04055904378900677,0.9795657670054839,0.13655028510648767,-0.07358711460847644,0.0016309971820684943,0.09411975267577222,-0.07611928192072544,0.5363488958474015,0.774364876944944,0.3316072137155164
291.9,1.0,32.0,28.0,0.875,0.08009999123568899,0.14507456131002186,9.102338356019631,0.2,-0.05757135610227061,0.08465366555454205,1.046345298152026,0.21981391140039616,-0.07685679780079724,0.00294902525451457,0.10648272843905113,-0.05161715127804865,0.2795894226248534,0.6005285887398335,0.2970026319858035
292.06,1.0,36.0,27.0,0.75,0.07579315690791338,0.16493976959199216,10.152695374427916,0.2,-0.09811901463012661,0.08278628171187943,1.0976738321037658,0.21921114471990483,-0.12276542051195313,0.0025028546899499293,0.043909967884955325,-0.07768880668226347,0.3260361741772499,0.6031073788663154,0.2856265452177477
292.26,1.0,26.0,21.0,0.8076923076923077,0.08480586130413409,0.15950014668270626,11.035799123960926,0.2,-0.12,0.08981263205380609,1.1597546657188487,0.2175824266972478,-0.1469665899692244,0.0018474404399086986,0.020520195148469506,-0.07771006724664334,0.2772961760367346,0.5049578722556882,0.24951153478005794
292.5,1.0,25.0,22.0,0.88,0.06677211306599388,0.13537593845097792,8.94529876058659,0.2,-0.1065869940360368,0.07071375590473263,1.2459993095385788,0.2142170060158638,-0.13390510430782915,0.0015324753606711372,0.016041202531465126,-0.04506206144081172,0.4467063561741994,0.6562245240568562,0.28555004670401507
292.62,1.0,19.0,15.0,0.7894736842105263,0.10394032311282121,0.1613769086561069,8.715919944882327,0.2,-0.12,0.10507889931900669,1.2784077402827376,0.21352820260858238,-0.14837483080698666,0.0009711852731260073,0.00825896181440941,-0.04582130883655228,0.16053372497585205,0.2577410717444182,0.1948342671253303
292.82,1.0,15.0,12.0,0.8,0.10552930502514613,0.1418223543002382,10.327642229785255,0.2,-0.12,0.10636276970197153,1.3524370890645352,0.21336555967679774,-0.1499801353514182,0.001361047795007897,0.01257073738115358,-0.03693686639638495,0.16241205089254282,0.27687105842047627,0.17955046316613846
295.0,1.0,21.0,21.0,1.0,0.021918271071238025,0.05338687080295368,4.019811458908785,-0.1856607702798538,-0.12,0.01789119721809527,2.277534426759464,0.2093974656370166,0.9028508260613989,0.1304207813266287,-0.2168261279493699,-0.03040207777209858,0.8869698624744067,0.9420889429081909,0.5807306503797705
295.2,1.0,22.0,22.0,1.0,0.08399115070325708,0.11200422435124122,7.24155144423348,-0.2,-0.02030102955484885,0.08315369079072076,2.3463902575954196,0.37736488298732174,1.287190008082643,0.033254278132405,0.03823340796529484,0.10411722870005824,0.44325328724726504,0.38376215837376465,0.41789672803480377
295.4,1.0,32.0,32.0,1.0,0.04622801163926554,0.08168278494419101,3.547884896970391,-0.2,-0.03354922272854127,0.04616027531847929,2.357331016097247,0.49449616700018084,1.4517964709721012,0.022774966261998042,0.059207337307287944,0.04774155778835931,0.7958634778603986,0.704621652036189,0.4351372021108969
295.6,1.0,31.0,30.0,0.967741935483871,0.041284210428935895,0.07286588500348386,4.233175667577055,-0.2,-0.015204209575596015,0.04112132000826877,2.3475877422002243,0.6150564083673473,1.6400808072170647,0.0017302608436113864,0.05155074256125125,0.04544541406409941,0.7398374110102452,0.5881016079218792,0.36052663744480773
295.8,1.0,36.0,36.0,1.0,0.031156529355922242,0.05991284490676716,4.0121559549675725,-0.2,-0.019202897194813193,0.02910593702035857,2.3174843681576087,0.7328583390313699,1.8093585190372246,-0.008327769860565493,0.05436798475994897,0.025116516856114265,0.7476812412543736,0.5944826804469024,0.3553347895943425
296.0,1.0,43.0,43.0,1.0,0.02689834929029978,0.052635976332710874,3.1077290527001096,-0.2,-0.03176416818785469,0.023882293758768335,2.2674729616307023,0.8404765594292039,1.971401625611299,-0.017457904078763242,0.0537691920251443,0.0037467628274685527,0.7316195919572667,0.6009791480572254,0.34309669759164413
296.3,1.0,38.0,38.0,1.0,0.04218990801549122,0.07090230696095028,4.0010484584873565,-0.2,-0.03350424343096009,0.04021441802538728,2.1859856107805986,0.9721636331537178,2.097469545839386,-0.02312606150482699,0.04242240273620934,0.0009049356768775496,0.7662205261138797,0.6794599725526627,0.37228377637197707
296.4,1.0,39.0,39.0,1.0,0.03461453042567609,0.05273502361142374,2.017137488153805,-0.2,0.0065880977943401555,0.03211121990408091,2.1725632734989273,1.0058161515574322,2.1028678057041676,-0.005923626471260324,0.00860191800220278,0.04069185789342544,0.6215980583521252,0.5451429730322831,0.31309846292089666
296.6,1.0,37.0,36.0,0.972972972972973,0.015590123020923207,0.035694436857781814,2.3610112670525742,-0.2,0.0039008744478967704,0.008890558378839895,2.152664371394575,1.0736449938450712,2.0198904759136087,0.003211637516112642,-0.01041051112952629,0.025220346165087282,0.7062604566641781,0.6038645300036606,0.32446014929925604
296.8,1.0,48.0,41.0,0.8541666666666666,0.01441779042607828,0.034330658238572793,2.5242454261646086,-0.19441969081079366,0.009800308225106491,0.008298273125856473,2.133801783451448,1.1424050788424798,1.9463838638578415,0.001743583789296288,-0.021145947411737476,0.02296098249232781,0.7230407840549283,0.605817341296108,0.3295264657084263
297.06,1.0,39.0,32.0,0.8205128205128205,0.014305484073344012,0.0378863396873395,3.132762108223383,-0.2,0.057098035157192834,0.007996917524970759,2.123130965255848,1.2398779994162954,1.8862050749931367,0.013035214195850742,-0.026999084482145275,0.06269577427053985,0.7682537739381551,0.6378126040812476,0.3532554713954914
297.2,1.0,40.0,33.0,0.825,0.011863874562628683,0.032903909215398465,2.651873471949338,-0.1625678779655143,0.028599337801236354,0.007316994602326518,2.095410234753927,1.2736895942009976,1.7605577961784167,-0.02714716075484258,-0.03543439938211068,0.01233880896369266,0.6963050699185881,0.5532290787906868,0.3198137152526724
297.4,1.0,35.0,33.0,0.9428571428571428,0.014534130844840693,0.029087945447006658,1.3838083443734974,-0.13799861352921403,0.01643266006285035,0.00931687700879216,2.084546543076833,1.3360134956354028,1.6132685163189584,-0.02769449644430999,-0.03762277207855158,-0.004197945674681014,0.744009564276248,0.5790938671696009,0.32748184990890217
297.7,1.0,37.0,34.0,0.918918918918919,0.024095976631990673,0.1329947059562225,3.52681877520753,-0.13722380510634957,0.08798413908420405,0.03043666772522455,2.13314907499574,1.4971792014756515,1.4822666632185315,-0.005584854793172056,-0.04398707381904621,0.06838006234122451,0.8049704073813986,0.645061332711102,0.36481467750177915
297.8,1.0,32.0,31.0,0.96875,0.03047878396113601,0.09182633045983953,6.272600062739867,-0.04306004832765316,-0.08784194969745052,0.034329278775630453,2.067422230728638,1.5880040064152345,1.2461059986824965,-0.09053353849731982,-0.003150877886602066,-0.13191897326619892,0.6546098643554749,0.5089969889773542,0.30218351944452654
298.06,1.0,39.0,38.0,0.9743589743589743,0.027811247573909226,0.07315063677633808,6.0369631599112115,-0.04820749219026292,-0.07198796754107029,0.02897231447598156,2.1537229051304347,1.7768935401611239,1.1727170624235397,-0.02747293501407766,-0.009036499218987748,-0.07879471581230035,0.7842070172780954,0.6278005362911512,0.34431130309459246
298.2,1.0,45.0,39.0,0.8666666666666667,0.06656955910673353,0.1416218500664404,7.085125356946249,-0.004309719461983814,-0.12,0.07286958269363471,2.139908269814499,1.8555051016553725,1.1015488254613293,-0.05014520479955609,0.010290530388306296,-0.10045136425350831,0.5398682116585575,0.38216282931428286,0.31566924828321363
298.4,1.0,51.0,46.0,0.9019607843137255,0.06849480391298789,0.14143033549696332,7.195354794868587,-0.010047229830288358,-0.12,0.07286629433692242,2.1715497481443817,1.9078036873229247,1.0675690303884098,-0.02085261689168494,0.00268637959625595,-0.06954868277960435,0.6133633301607033,0.4607916132680049,0.3259123107564792
298.6,1.0,47.0,41.0,0.8723404255319149,0.08040867031164323,0.1432061883453549,7.650116379406595,0.027816288761862644,-0.12,0.08235465994015602,2.166309259199166,1.980799256895092,1.0478553944150422,-0.04741165525471924,0.017043532525209848,-0.04710856617747038,0.5478639763551482,0.42613349457689126,0.33056211284623194
298.9,1.0,52.0,52.0,1.0,0.029290647207339208,0.06106764080330762,7.433978653224943,-0.05004699531031278,-0.12,0.028351442510493367,2.2810553979693347,2.0401607231507963,1.0312977348098906,0.04301825238937784,-0.020793999446901523,-0.03205838859057453,0.8019033708483922,0.7254222975725528,0.3677628815859969
299.0,1.0,47.0,43.0,0.9148936170212766,0.04770117381021657,0.09909215724363164,5.9339867188921325,-0.027871245337083447,-0.12,0.049745396599641264,2.2732518442080463,2.0764385748086864,1.0284451991843455,-0.015790760404149395,0.007207660750628175,-0.019436828555077668,0.6234472377603854,0.5562637467197847,0.31113039798308356
299.3,1.0,46.0,44.0,0.9565217391304348,0.025405387641022233,0.05816461185962512,6.50818062668571,-0.13820157749431408,-0.07779291228298445,0.02328057370866711,2.4159452401436647,2.119778506908393,1.0656278870994442,0.08550718079062358,-0.038505379284138996,0.02860027879794935,0.7505056274532951,0.6753624289931667,0.3599637083752248
299.4,1.0,42.0,42.0,1.0,0.03443076686952069,0.08037392039169017,8.143936291134876,-0.07178749738023647,-0.12,0.03566568559445663,2.3699352350550775,2.1777557839690087,1.0228053982187606,-0.04447474232985327,0.02220379235735015,-0.02215490402097431,0.6090807018819119,0.5438711782185196,0.3073694703355564
299.7,1.0,53.0,53.0,1.0,0.026881495820419002,0.06431475863072666,6.020111426992832,-0.13728009366457794,-0.07369219741042937,0.025380005344857466,2.47094390872215,2.2406324120647114,1.0685360683599463,0.034220304781154454,-0.014831143438512218,0.030244506231767335,0.7448568649021534,0.6724259677866776,0.358388456002155
299.9,1.0,41.0,41.0,1.0,0.022992751621593564,0.05883260770841759,3.9448784081948265,-0.11459439360284002,-0.08754644759981474,0.020976399032479023,2.4787190341237393,2.30871924683373,1.055199211203325,-0.01804288535320664,0.009672319591774503,0.006278405208514305,0.6971155431380744,0.6268115544382327,0.34462938542197846
300.0,1.0,34.0,34.0,1.0,0.030427750236488145,0.0681319388107905,4.857981124227931,-0.135442948392282,-0.07091886445474024,0.031140023719949665,2.5127044252221706,2.328735799850517,1.072226712149517,0.011598594585196853,-0.004625742181685322,0.020368770160959393,0.6001004374017233,0.5338315814686221,0.2999537989326667
300.3,1.0,30.0,30.0,1.0,0.028691912570352075,0.05761296411079431,7.886609224244214,-0.19681006609561774,-0.012188424309096526,0.024306650616392433,2.609328002887578,2.3934581237624912,1.1321319116211848,0.05287145901049417,-0.02299822270498586,0.07316199764519626,0.7319548524180468,0.654426761349218,0.34068780841795554
300.36,1.0,19.0,19.0,1.0,0.02533355136053845,0.05216015980349963,5.837765196501518,-0.18174229414896545,-0.028980354540137185,0.019792594109099747,2.604761210262878,2.4180633499664923,1.115870304348528,-0.0016686945081958449,0.0021167202397145424,0.03259540840255881,0.4266749187887928,0.37227911954370413,0.19720075584851182
300.7,1.0,31.0,31.0,1.0,0.03304961831313162,0.07652165636588697,4.317805821753527,-0.17919063694255,-0.12,0.033775723550605256,2.6347838032096975,2.548930127036287,1.2022400947424474,0.0019528919671558675,0.033561750235024945,-0.06488147694493328,0.7749752161270586,0.6793916848191349,0.3739983383679961
300.76,1.0,36.0,36.0,1.0,0.02740822818530678,0.077837336930251,4.809325386054928,-0.2,0.023407572509250213,0.02731865719590484,2.660158535024961,2.5676937202629806,1.3820399113586006,0.022204821435161115,0.013242092998297483,0.10269817571984864,0.5681742843444418,0.4911768855748857,0.3037897856217119
300.96,1.0,26.0,26.0,1.0,0.023106820169080795,0.043222109027856795,5.609798857190395,-0.19825443828953443,0.012527994206439854,0.019705549288149698,2.661542595846709,2.6540662306039344,1.4900232191425906,0.009235272878086676,0.031006346274416785,0.06085006064143217,0.661044256593915,0.5195358233106445,0.27702296947516286
301.28,1.0,46.0,44.0,0.9565217391304348,0.02488352463860224,0.046552562803463274,4.067250131748725,-0.2,-0.09238490623264063,0.02214118209635649,2.6425540762044624,2.7997111239432435,1.5911340255317383,0.002409487262422516,0.05554899655092971,-0.06077317375561164,0.7906294255305628,0.6606644210348431,0.37824729840873184
301.4,1.0,48.0,46.0,0.9583333333333334,0.024705166810902412,0.05278809021310317,4.76081412741659,-0.2,-5.123769164977693e-05,0.021230851258750377,2.6274030739599836,2.853633023221181,1.7671890437677031,-0.004342691007595434,0.03464984782824709,0.054923328877796385,0.6651796455685818,0.5365410712629709,0.3237409315042805
301.9,1.0,47.0,47.0,1.0,0.03608364878517346,0.0709284509732395,3.1997876309638027,-0.2,-0.09066274734242383,0.03571821604349778,2.5167483300957163,3.0563703138804805,2.0209817289511105,-0.03152103535104844,0.07703517817150551,-0.05334690529942332,0.8311673556414436,0.7362482179198674,0.42556720631239786
301.96,1.0,50.0,47.0,0.94,0.01775006493335839,0.0368808705884365,2.5334523302889282,-0.2,0.006702753829296337,0.013001870175366269,2.4991567433992916,3.0780499278795697,2.159414889673828,-0.013895792338183721,0.02742047584810381,0.06731806467774026,0.5649065111347071,0.511116343501241,0.32236664875202475
302.15999999999997,1.0,34.0,34.0,1.0,0.01834457586196441,0.038302288157205724,1.2700311857748046,-0.2,-0.007184049420932692,0.014082414048209787,2.4343479434057054,3.1446305197175213,2.282688259045279,-0.025178220880623048,0.03409026431411011,0.0318408390077507,0.6663271094155339,0.6164236945921094,0.32884624339876145
303.32,1.0,15.0,14.0,0.9333333333333333,0.06359518841370636,0.1233120115982284,9.57565079022069,0.2,-0.12,0.06895108657402842,1.8498314493468813,3.207516818646467,1.9506835313707453,-0.3451132398291985,-0.2199341614897432,-0.091276047114631,0.6562131645263689,0.6374728137833731,0.3602778475565908
303.56,1.0,45.0,45.0,1.0,0.086140277992323,0.16218778423581037,4.993261143934358,-0.09844609286006924,0.12,0.08826749620277399,2.1020356385057486,3.470085911197065,1.826729345708202,0.1657806918605469,0.05936702979738673,0.16639294282674344,0.6253188213660711,0.5497025493938203,0.5032164961763447
303.9,1.0,32.0,32.0,1.0,0.02076172908725194,0.05991701481469877,4.617976564969525,-0.026654786328822243,0.09664500541124524,0.01629673829921395,2.114531644855338,3.7301203693911646,1.2055725498980339,0.000571542831667049,-0.007233234779735032,0.0650253868129711,0.8544667302162176,0.764576465227429,0.4347644321634275
304.1,1.0,32.0,32.0,1.0,0.020614402557407097,0.05136020402145047,7.342771632884879,0.012117446950941456,0.021440446223390718,0.020299947163997648,2.168524343161313,3.8814141944533675,0.9772817406325991,-0.024601291414684034,0.011850306057225257,-0.038313015274151985,0.7395896529527433,0.651738843342964,0.37373909536031275
304.4,1.0,27.0,27.0,1.0,0.016670480578061416,0.03664573744861167,4.102962341061141,0.025441243972763605,-0.01601982984333143,0.011162789684604008,2.2645535136546013,4.057913231309032,0.9343295171896808,-0.008893557437552602,0.005688803945958831,-0.06257910196372807,0.7532068917849136,0.6675324878294604,0.3438050177537008
304.5,1.0,38.0,38.0,1.0,0.02929527614579122,0.06940324113466607,6.806069995379708,-0.002670051953670898,-0.01948752521675436,0.028744073607836516,2.3036838330492073,4.0654671077221645,0.9172869702258896,0.021171084379896232,-0.015426045713761383,-0.044882678461953596,0.6544744664905227,0.5875313622681958,0.32936513070083906
304.7,1.0,42.0,42.0,1.0,0.023750111610642926,0.0585631087716344,6.425175230422203,-0.018220490145519342,0.0007783175404017267,0.022950804360195122,2.3501957408734526,4.109984456263988,0.9309053625600286,0.01881971550229311,-0.014135927623780908,-0.009451116848932404,0.7080900519871606,0.6431149068619201,0.33206937976937273
304.9,1.0,45.0,44.0,0.9777777777777777,0.024284023336699642,0.053594788669792386,5.779791792534743,-0.018601419269856805,0.0048684556308663685,0.022666874868555825,2.3837760692790297,4.164977136164858,0.9351652879501681,0.004769125033202926,-0.0036553433506236743,-0.0019038998297371545,0.7015631828553112,0.6456942835053615,0.3332528407103402
305.1,1.0,45.0,39.0,0.8666666666666667,0.018011386972310615,0.035480511427437036,2.3089400151123165,-0.14781495077285037,0.06095894011717505,0.012670649611433405,2.519733335671269,4.145810710079201,1.0012767826345164,0.1059201384989259,-0.0770864647748759,0.05490708256966048,0.6954793807738278,0.6419199390338802,0.3337538142357314
305.3,1.0,39.0,33.0,0.8461538461538461,0.013037933487740664,0.030792219154571504,2.6258724465326573,-0.15378872010447162,0.06722271382708964,0.00780635251982571,2.5570168607822428,4.199169048986835,1.0208343696511695,0.03347818656402257,-0.021594200211185743,0.044838352028396145,0.6939778881063657,0.6354311171520547,0.3339718310222761
305.5,1.0,50.0,46.0,0.92,0.020541786936693916,0.1057813313639808,3.8996179354955007,-0.12556259849167833,0.05753667103824405,0.02045384607699874,2.56515941798869,4.274972825469181,1.0236776994299814,-0.011144645660552843,0.01114833758573841,0.02080426178285566,0.6936092294811803,0.629475458367128,0.3340388009271514
305.7,1.0,44.0,39.0,0.8863636363636364,0.014766691347166553,0.030849359002415495,2.227487688874856,-0.17098000337372252,0.07393604558746353,0.00865453294570455,2.6331427572089097,4.309120998596815,1.0519599420839967,0.03859224457352717,-0.02208609451017196,0.030012961848855824,0.6932256724336988,0.6253769262038079,0.3340582428419057
305.9,1.0,44.0,41.0,0.9318181818181818,0.017451181644841437,0.05138192065386189,3.9341930640258167,-0.1327818422932744,0.061631689715161794,0.012276961180511445,2.631114709693189,4.3898772767060485,1.0498878014854924,-0.017297619203183512,0.015327657300467479,0.008438427627563527,0.6936433124191588,0.6219143860884524,0.3340630655086131
306.1,1.0,42.0,40.0,0.9523809523809523,0.014199685653562421,0.030380373769335427,1.981460421402399,-0.15943564705650448,0.07111672016986029,0.00766616369229036,2.6842782569375623,4.433534672136173,1.0681841656248936,0.02204516816886093,-0.010447940303690118,0.014733983123428773,0.6934217041743288,0.6195098360553278,0.3340700279001069
306.4,1.0,39.0,39.0,1.0,0.0136145174899984,0.04003298310675723,1.0953199921153964,-0.11872734484168605,0.06988074313477843,0.007083061616181647,2.694972023140401,4.543772976403492,1.0767407191805458,-0.02200456478758772,0.017940001819876983,0.00899877669685889,0.7515217617116835,0.6769213338315775,0.36912552175985197
306.5,1.0,36.0,36.0,1.0,0.013845675721502568,0.02970462582942949,1.3991617662976548,-0.17476369429352462,0.0772807557205938,0.007051108806105653,2.7564348939955323,4.54027559622192,1.0870546285546985,0.04501141274279741,-0.025907995871911282,0.012529470555459499,0.6078631419763486,0.5407635845671235,0.31175144521302933
306.7,1.0,32.0,31.0,0.96875,0.013459454770608446,0.03334915366661647,1.587604796637611,-0.1685954757170497,0.06588067839913615,0.007227279807303748,2.780332059010719,4.607119635034917,1.1027737912677857,0.017625560814172214,-0.004068052720436199,-0.002059262987226251,0.681366670288872,0.5960099787753129,0.3171345460497712
306.9,1.0,44.0,44.0,1.0,0.016116077178475737,0.03675581715061702,1.2634558179037167,-0.14609736243451746,0.04988035172612177,0.007665341662723619,2.7824884536510903,4.691860274794451,1.1809318941226006,-0.003455233123770274,0.0221781288157592,-0.017089340673104747,0.7031178756901063,0.6076851199431702,0.3310838562428568
307.1,1.0,44.0,44.0,1.0,0.015042157139246127,0.033247819413354716,1.6726248526818257,-0.11924148116175977,0.04114036131212427,0.007836825407407846,2.769795992479888,4.7804894632473065,1.2984228762031313,-0.014825428564633647,0.03369026592397795,-0.020258782768425743,0.7122283069365862,0.5980232594877739,0.33272354361831036
307.36,1.0,42.0,42.0,1.0,0.015214775586410571,0.03883618300791929,1.5536325778542972,-0.10562264950278717,0.01631612451464951,0.008736004401967706,2.7582271246322345,4.8810804400447925,1.4283586151545682,-0.007719421120647052,0.03324821867785577,-0.03855053675305542,0.7560090021888928,0.6271368437470397,0.35501419454529237
307.5,1.0,41.0,41.0,1.0,0.017230474280535767,0.036153458941937736,2.0316637172133514,-0.0929820643366178,0.04401564866993496,0.009137868625904886,2.734315502871255,4.998312635973225,1.5770027889874296,-0.008439093476721116,0.02593960526773298,0.0028396165564965603,0.678547078015324,0.5449598310341783,0.3199226412784316
307.76,1.0,33.0,33.0,1.0,0.01992596596580399,0.03900663283353494,2.585384808006722,-0.09635988680778598,0.013767286156952217,0.009361242718349741,2.6825534214496116,5.224084432951597,1.771270298333537,0.0078517617675824,0.03558307383752357,-0.028364948225677367,0.7647186995999213,0.6207187488557985,0.34718227261206164
307.88,1.0,25.0,25.0,1.0,0.016691499028574565,0.03824527969350857,1.4844297167173106,-0.10722823405350192,0.07988239666124064,0.009645950841162227,2.659886003157329,5.320534062866005,1.8922015781402526,0.012924412642561833,0.02197558496870844,0.048587278431549086,0.6038950982363707,0.4722084810915497,0.2583014587924713
308.1,1.0,27.0,27.0,1.0,0.013956955872375202,0.03511112932203377,5.061249037653527,-0.0790810907151826,0.06714025670300466,0.010487460603539656,2.567405890049924,5.482575929536782,1.9355514804770224,-0.016600149758750238,0.011850013721189434,0.02404202934222832,0.7280454844091724,0.5754924434748502,0.30125265030964365
308.36,1.0,30.0,30.0,1.0,0.025598838610083066,0.07077257987125575,5.417437289151863,-0.03635270843123107,0.02229219714183663,0.023328353762711567,2.4426361904294875,5.6640523894066925,1.9126949180001749,-0.03630433515829701,-0.001176219142076107,-0.028406146922584252,0.7753081676410707,0.6401906871934283,0.3478259342999575
308.5,1.0,22.0,22.0,1.0,0.0257344073584323,0.06191722569661113,7.021039932315226,-0.05564481942531083,0.0779268962139134,0.020950733131940912,2.4207124823049004,5.772915220619712,1.9676767573707885,0.014202545970706915,0.009353709435378832,0.035787488803792344,0.6339894404576658,0.4830577808895195,0.2505605303120631
308.7,1.0,44.0,44.0,1.0,0.017225107659580897,0.04706764820050902,3.414757129624835,-0.07843693705713607,0.11557723884309538,0.014047375405977003,2.3802063068600345,5.925930121347829,2.004602385916537,0.03386239624570209,0.01448871133069396,0.06501991658582051,0.768163791984397,0.622654586798588,0.3457215163786832
308.96,1.0,44.0,34.0,0.7727272727272727,0.019471834608241714,0.039174436689772454,4.251741318676437,-0.0885610168267648,0.11812327108994222,0.015197805182448192,2.340708570209868,6.0376441621152335,2.017437088009528,0.024446496569721088,0.011413708883162954,0.04635750868806299,0.7937337793326987,0.6532642374871046,0.36004927790023916
309.12,1.0,41.0,41.0,1.0,0.017263378075312627,0.03931445424352544,5.92328499665787,-0.07837742082813448,0.11041887282186048,0.012089413333664723,2.3089226269729317,6.095480077538552,2.0198960014371026,-0.0001844938877941793,0.002045175771418606,0.022532339237512522,0.7258172705955892,0.593084729368611,0.3306398278950989
309.36,1.0,45.0,45.0,1.0,0.018816609487959924,0.03654930874261991,4.958392231507328,-0.08057913828948836,0.1033012894877081,0.01170083514651674,2.274471553919033,6.186717947707695,2.01798809362333,0.010249453316219626,0.005907212337548984,0.00797910468313967,0.7612588200413072,0.6399466940753131,0.34701096315902913
309.52,1.0,46.0,44.0,0.9565217391304348,0.0165755990016791,0.03810265290837133,1.7375051294369812,-0.08752082077173907,0.12,0.0130168234719917,2.258447686124263,6.247641859277626,2.0368155729801214,0.014134439527181186,0.006404600598696852,0.022131423065771202,0.6961754473381305,0.5881128059964141,0.3247537288734812
309.76,1.0,41.0,41.0,1.0,0.016442217528365013,0.03390498485685934,1.502480297559798,-0.10012062738408628,0.12,0.01001054809102333,2.2334101401189974,6.3431568856376055,2.0373978458359527,0.025150972730420218,0.010450245680237558,0.015214284265714362,0.7459511973436135,0.6386479926337489,0.3444402861069438
309.9,1.0,48.0,48.0,1.0,0.020080274501947326,0.040917958772709484,1.520135714548373,-0.07868466204652404,0.12,0.015613293395619808,2.1910732692061603,6.3918991975774,2.037269547682686,-0.008399268386779735,-0.0024114329373876586,0.01052612968462574,0.6729514124079774,0.5731191053693507,0.31578256348749323
310.2,1.0,50.0,50.0,1.0,0.013559563096102402,0.03271620689438782,1.129171111121774,-0.09748435159656585,0.12,0.007688906111326098,2.165609706014102,6.50854721949066,2.0375062793586665,0.027289463261043423,0.011513604252822773,0.007045328020945707,0.7676785739129216,0.6703941030195091,0.3615805135748001
310.26,1.0,40.0,39.0,0.975,0.021517933093728576,0.040609020671234605,1.5349756033251747,-0.060796745472977504,0.12,0.0172980040086084,2.1215414152673304,6.51920058502419,2.0373436946539103,-0.02626442301995935,-0.009150880704738462,0.005161345783886162,0.5631257903611966,0.49256049015428527,0.29166119214339215
310.5,1.0,44.0,44.0,1.0,0.0335546808030697,0.05637148456628876,2.307723445720843,-0.04513031521167745,0.12,0.02981237724945034,2.0752158347158707,6.6015485051157405,1.9953277726500422,-0.014952600753154854,-0.0061660774705663,0.0032481562174497824,0.7288698468083677,0.623680774471617,0.33000188646162376
310.65999999999997,1.0,42.0,42.0,1.0,0.03955381704892466,0.06611848287943009,2.1845260025753164,-0.04255790066913767,0.12,0.03691099305917746,2.0603716302832784,6.662215599970473,1.8950323363818908,0.002625247206756054,-0.0041825794456453735,0.0018538896476627542,0.6873154887761866,0.575297975466869,0.31685500840692066
310.86,1.0,41.0,41.0,1.0,0.033864153417613396,0.058410698738116135,2.0412375177897712,-0.03052464853149169,0.12,0.031513309793276406,2.0495207374992814,6.731395141475151,1.7606198167143292,-0.0012085446202574346,-0.007921740806669852,0.0012877918617493211,0.726235991429436,0.5888731862075723,0.3262555067545662
311.06,1.0,36.0,36.0,1.0,0.037868701120820275,0.0692446132661451,2.1845200418540665,-0.0231418955543057,0.12,0.0334342803788742,2.052692554212872,6.807436540803101,1.6170819095295017,0.0021832713087235334,-0.007730220444721603,0.0008288353625987009,0.7348263211214172,0.585465836754484,0.3304337896217859
311.3,1.0,33.0,33.0,1.0,0.027003429609871066,0.05994805796939006,2.288334735320207,0.00717038578240751,0.12,0.0219315220080023,2.072114509900127,7.017706426008198,1.4217833756694356,-0.004294547565374618,-0.004050281740092032,0.0006091377045565062,0.768688856273085,0.6114646290156242,0.34484284988152686
311.46,1.0,35.0,31.0,0.8857142857142857,0.013396304031204887,0.03253203025282426,2.0038595775562054,0.010252013287269329,0.09964120828185141,0.008848570738960315,2.1126918897775178,7.1407730423580285,1.3260868871349636,0.011065666826726162,-0.004365885647064083,-0.020115476277351663,0.7087835773637426,0.5565465763863846,0.3155878548547363
311.9,1.0,69.0,63.0,0.9130434782608695,0.030776104984264543,0.10575686335321396,8.981865135263098,0.004146405977418248,0.08690744416183414,0.03257284536697058,2.2509247578897025,7.466672362224071,1.2357177157204131,0.04649926223572276,-0.016151967450711346,-0.026058503373472597,0.8541832732487011,0.7152883660841195,0.40551586427882225
312.06,1.0,57.0,55.0,0.9649122807017544,0.022434467989041876,0.0701319573088065,6.9566925785993545,0.037391190689812684,0.044690246543773404,0.021292578920897247,2.2756369171097277,7.595987809265272,1.1844032349703308,-0.012668323475854226,0.006547076445361455,-0.05550828835436716,0.7378486041287138,0.593819638948108,0.3490790644255647
312.26,1.0,41.0,38.0,0.926829268292683,0.02290127611410216,0.05842787840683669,4.844174327912641,0.02093737999561737,0.01877564349987832,0.018183251762028854,2.3240831433155096,7.667797066374173,1.1542971280984715,0.017906355844087507,-0.007075231255507575,-0.06254346010040135,0.7640424532375832,0.6058905797130675,0.34044530505857795
312.62,1.0,53.0,53.0,1.0,0.023780134625653683,0.04611592605612177,4.117884662201418,0.026870330905982447,0.06954013283723841,0.019163822411497704,2.360156966415765,7.77203560934283,1.1886599090650056,0.004301300787785678,-0.0008599081428641853,0.00988364731407776,0.8203133988915557,0.6959513511173662,0.39095608211495075
312.65999999999997,1.0,37.0,37.0,1.0,0.019005856846071943,0.04233242144147599,3.8055462139999032,0.04544653058710421,0.016080112583784396,0.015502819219002213,2.3492819584368716,7.791672639165596,1.1353854412126396,-0.015198466540836453,0.007735243302463779,-0.04736500423479106,0.5588845877721385,0.4727720649163707,0.2979956373417037
312.82,1.0,39.0,35.0,0.8974358974358975,0.02400136961405262,0.05829103267922017,5.085501192069725,-0.006897946000643091,0.00676764058444337,0.0194647187119184,2.417039009800917,7.813656684475719,1.125558676008133,0.04281821825049148,-0.020322185365650114,-0.04272623431505295,0.6733954099811943,0.5515889738103047,0.30184216169870576
313.1,1.0,27.0,25.0,0.9259259259259259,0.018645945824519453,0.036662437321221895,2.2327343038969873,-0.09622333110253285,0.04425736902210466,0.010970816363609939,2.532991982928113,7.853347551494696,1.1630014808316107,0.0957391401205161,-0.04660269748934276,0.008283176338195863,0.7147126836107305,0.5944088416964318,0.2954188151875129
313.26,1.0,29.0,21.0,0.7241379310344828,0.019211948180290966,0.03824066294989563,5.440433199945713,-0.1835060998886221,0.043246305514128384,0.012897374693384112,2.6265332125263177,7.852358955681755,1.1621285390430465,0.1041951371336669,-0.051266153858223085,0.006621808933992446,0.6024466822513125,0.5003763768659064,0.25166115800206357
313.5,1.0,21.0,16.0,0.7619047619047619,0.016310893258947003,0.03334350698909448,3.0683168531477216,-0.12809341628199672,0.053370989405977905,0.009653090606579958,2.614022011979508,7.9542471582206336,1.1737473414720816,-0.008299515095766985,0.0032386165857127835,0.016614454912242227,0.5988898289947076,0.48722785620718323,0.2261131560693219
315.0,1.0,36.0,35.0,0.9722222222222222,0.014474397279909236,0.03411006618393703,1.7131421401128255,-0.05397386286508741,-0.02366433103761721,0.008404787577243495,2.6060371681343075,8.557562791753,1.746045194102465,-0.0435485764264385,0.06577415895851324,-0.064360112264648,0.9351608140842426,0.8838650680928449,0.6208347129202108
315.3,1.0,48.0,45.0,0.9375,0.03245062254573464,0.10262377617094838,8.02671833100382,-0.13285701985694104,-0.12,0.03389696995797432,2.510941384322785,8.820293072791038,2.1637171335437717,0.04507063504915765,0.0832847517271258,-0.12196215195716675,0.772946524201891,0.7098940380993449,0.4600785516185193
315.4,1.0,23.0,23.0,1.0,0.019674335392037664,0.041290294316285926,5.670547239081067,-0.08043184428824199,-0.02224343241092334,0.01409109083703001,2.3976234418558304,8.841729095963137,2.4111754890878254,-0.04669500047860575,-0.009213992300416862,0.037411483123100275,0.5162803337942476,0.5009062728200515,0.27997840202111957
315.6,1.0,39.0,37.0,0.9487179487179487,0.020634449054728166,0.04773013738449241,7.206953687872261,-0.038952342521914735,-0.012338849323905433,0.017845829515608036,2.2323003478679038,8.89827123506254,2.5533721237467515,-0.05696302963483957,-0.035842906135695074,0.035354728226856924,0.6555114598686865,0.6912616518669941,0.35560934381327153
315.8,1.0,28.0,28.0,1.0,0.018331901030130937,0.04601193526058591,3.540488612077711,-0.021540344376225415,0.000731789560507757,0.014959320562188455,2.090422519416536,8.970447384962707,2.5719909439203636,-0.028869334521381962,-0.024770304914669694,0.03318573853018947,0.6126398312711918,0.6785386451384616,0.3124911175685059
316.0,1.0,43.0,41.0,0.9534883720930233,0.020838664514424482,0.05216777957312377,5.338646656219543,0.02898667859381608,-0.066924812608861,0.018614695279151924,2.0019049977402195,8.967921939511195,2.525841616115336,-0.03635170315247782,-0.04920256340438911,-0.04626836436372361,0.6469664712657766,0.7194818782472128,0.34393000427923215
316.2,1.0,37.0,36.0,0.972972972972973,0.026824045884342996,0.05628447883807619,5.723789358244618,0.030460139657387968,-0.08610400738792087,0.022281222186372972,1.9517078681939064,8.99819803803346,2.5153523989211357,-0.01053635259328356,-0.014090778929018555,-0.05074260144462395,0.6387840475228436,0.7104546264268724,0.3384842089574678
316.4,1.0,46.0,44.0,0.9565217391304348,0.022436360238127832,0.05617503873143365,3.599012584747161,-0.008411587096549888,-0.06423689717486945,0.01777992633261082,1.9211220771326838,9.06622970016525,2.5370052514011383,0.015323462987835823,0.027342803203181276,-0.011955092205214068,0.6356059125420058,0.6994250040496848,0.33608982479686417
316.6,1.0,45.0,38.0,0.8444444444444444,0.022376118621948226,0.04071983792382575,3.0118518348021275,-0.07423867786691934,-0.03416691246220473,0.01635755007499368,1.905302443574922,9.153191665114543,2.55815416821074,0.03600910534782553,0.060281522173820434,0.02259521909649198,0.6352914484515991,0.6926660811616236,0.33504012228803964
316.96,1.0,47.0,43.0,0.9148936170212766,0.016385186687575656,0.0314826534563177,1.990282921565749,-0.026826517296453536,-0.03070974776866793,0.013035073887702772,1.8014150529573527,9.168963947347512,2.5430738877054018,-0.01856655032321064,-0.028698303255104918,0.019534537152301468,0.7195310019345953,0.7678016785529622,0.38905024736737903
317.1,1.0,51.0,46.0,0.9019607843137255,0.015194175504067374,0.03301564361461767,2.761006913636785,-0.01891223643890479,-0.05189065655760219,0.011647492847112393,1.7542741245362061,9.19413525353042,2.514266421475927,-0.008760300062697235,-0.013889351477955003,-0.0098293951872348,0.5977146916002769,0.6418069647650749,0.3360670026150519
317.2,1.0,47.0,46.0,0.9787234042553191,0.015882725870926217,0.03811488520399423,2.063165702143178,-0.05930684137384859,-0.05980655104231011,0.009178611106266919,1.7503046608319228,9.245896310922001,2.5008709030979843,0.018712605013639028,0.028072244287850268,-0.014734191358002136,0.5344442142933998,0.5760776972325407,0.29573622599554955
317.4,1.0,47.0,43.0,0.9148936170212766,0.01714370556246485,0.04208862543690098,2.0994295139490537,-0.08092699507599697,-0.04762750176882389,0.007983891080997016,1.714405383454066,9.299782684887875,2.5034642771709694,0.017578886241292224,0.02596759840422891,0.0022808655851447313,0.6183548797423433,0.6619808311103583,0.31671879554326976
317.6,1.0,41.0,39.0,0.9512195121951219,0.015273343991891251,0.04106295868462799,2.4120484051670235,-0.07637415371106676,-0.054183004375022166,0.007691363469420302,1.6657156550977568,9.33303387114376,2.4889111851474484,0.0009404982657938987,0.0011500494360205948,-0.004498729998658302,0.6303429268354084,0.6691562192116496,0.32634581394017936
317.86,1.0,42.0,42.0,1.0,0.0145964980381705,0.031952323949444694,1.568268603303286,-0.044419957754075354,-0.06011163568070236,0.007583058313558331,1.590537681860863,9.351811198664876,2.474212684035978,-0.01982608875668701,-0.029202701172717838,-0.008934816182039729,0.6710261650948586,0.7057393552942147,0.3524688337847274
318.06,1.0,39.0,39.0,1.0,0.013414369465053748,0.03590117329677796,2.996918810127299,-0.049076006806079424,-0.05572780161839673,0.005793239909830993,1.5435263243702728,9.39447698326234,2.473642561745545,-0.003978054751364146,-0.0062847111963613145,-0.0020064013011440456,0.6389545896624031,0.6705311596085034,0.34209990858959083
318.26,1.0,35.0,35.0,1.0,0.014806410174621825,0.03619850474982349,1.9744083121629732,-0.033996291306636554,-0.07548459987915541,0.007352557689728434,1.4926040379854233,9.417539088761256,2.4575989095795254,-0.01179500667314981,-0.0163307461272737,-0.021210063188924266,0.6348686143282074,0.6659469389090288,0.3376617529451423
318.4,1.0,38.0,38.0,1.0,0.014643370534573536,0.03520377823786423,1.9051447882349484,-0.07121080429537009,-0.08765558943143618,0.006612488239974635,1.475128473924278,9.470790406057978,2.495223618325357,0.013644752602694377,0.02556564167932862,-0.02654734094846667,0.5828917488517004,0.6188947233019158,0.3127640196616738
318.6,1.0,37.0,37.0,1.0,0.017193626150246957,0.03912757892103638,2.2073576720281065,-0.05412222384918009,-0.10929800550188765,0.008843927956236803,1.4052230516771058,9.481246632566133,2.5906940685309294,-0.012271702440807442,-0.006474713911092778,-0.039464269233703934,0.6145141322772881,0.6720721262125952,0.32456321013582135
318.8,1.0,45.0,45.0,1.0,0.0157170402366906,0.03444729404205991,1.904005137332182,-0.04004851561297781,-0.11751725055372174,0.0077662379560780315,1.335901453045557,9.484313026777533,2.704371532522749,-0.01631027550265518,-0.01726026374459444,-0.03505274162826533,0.6086705019521836,0.6888819224496678,0.3298689683257777
319.0,1.0,44.0,42.0,0.9545454545454546,0.013846570138137912,0.036408342836347724,2.006798182014189,-0.042145631588363236,-0.11425324015267103,0.007967410292501084,1.2739395522212673,9.494125327369703,2.828962905992379,-0.0106556332163521,-0.006756201023566888,-0.02058230370378356,0.6000863118966018,0.7012882730267969,0.33224370246627993
319.18,1.0,38.0,38.0,1.0,0.014961547465881238,0.03753904553987668,1.9879572038282807,-0.03647795250159712,-0.11496761462014175,0.009280534076892298,1.1314536017546386,9.491188197790276,3.019998053226123,-0.012917584703926677,-0.019973895761356886,-0.014596763799182177,0.5752254826121975,0.6907782450210275,0.32452249972959
319.4,1.0,36.0,36.0,1.0,0.015128927838846,0.03629181195400274,2.4547179668755463,-0.027555312255140626,-0.11421608912475632,0.007906545531194166,0.953886709566129,9.457448128491805,-3.0741842936727215,-0.008593118766972996,-0.03347243320959592,-0.009895627088988501,0.5960573283920179,0.7451923591110139,0.3353534356021167
319.7,1.0,24.0,24.0,1.0,0.013765883912549876,0.04055555704442106,3.0813285934487618,-0.053405901002113544,-0.08646915252940296,0.007887299124298055,0.7441196002251198,9.430845816046226,-2.9280496672371106,-0.009989449392002858,-0.00611981209278234,0.01977446920302839,0.5812833744735344,0.7478449488750054,0.3038046902226614
319.8,1.0,27.0,25.0,0.9259259259259259,0.014172167495807929,0.03620704275385987,2.083682695736825,-0.06094314790437006,-0.01692501788396154,0.006590790581705631,0.6783875339350635,9.41514890212655,-2.8419411085724615,-0.005612877087357471,-0.0009903798345050063,0.0831121822604759,0.486505210321368,0.6237914119218895,0.2757603879114742
320.0,1.0,31.0,30.0,0.967741935483871,0.013963294193101881,0.035358111328850625,2.585871779964408,-0.06112553786408916,0.006803709488577973,0.006358663524105948,0.5543736668194729,9.381314451835058,-2.8078984134410634,-0.0014885641527239146,-0.009367906698740214,0.083926169423723,0.5840254240241541,0.7418940336135811,0.3269554324320578
320.2,1.0,32.0,32.0,1.0,0.01621067648526986,0.0326916516837486,2.0535471998382,-0.06939711605895792,0.02643379952707392,0.0058745754678952615,0.4262823710690895,9.353046875593536,-2.7868802111023956,-0.002273862828451101,-3.5209212786213584e-05,0.07582751775191987,0.6023006199143787,0.7566276922521484,0.3395237395738486
320.36,1.0,36.0,36.0,1.0,0.01688985206933273,0.039445585770276695,2.2379141926671138,-0.027581094754342766,0.015058576935780481,0.007682802453442441,0.3431035742183639,9.289501265833083,-2.800708769403452,0.01303772157128108,-0.04121613687734893,0.0387190042480845,0.56994762552679,0.7228863875122402,0.32077245316210456
320.56,1.0,34.0,34.0,1.0,0.014029170341211697,0.03542217375614295,3.210582610396388,-0.026405690568057034,0.022833162490802684,0.00798722614459512,0.21708772455370237,9.251980774776923,-2.7951906418627708,0.004198504785977969,-0.012772087653761588,0.03291242509892678,0.5964633084127332,0.7565443028093024,0.32738559176193965
320.76,1.0,32.0,29.0,0.90625,0.013665697317151908,0.03439013445106964,2.6150049487237235,-0.031529799722445746,0.04885863192598856,0.00652844777296116,0.09295831417297928,9.22864276049947,-2.826249447782872,0.0009576689919391507,0.0029392382480128987,0.04779385548596605,0.5758130001391768,0.7461085383654881,0.3090180175143975
320.96,1.0,33.0,30.0,0.9090909090909091,0.016404661228627708,0.03252159477013119,2.648592573257923,-0.019221130412804918,0.0381181778374074,0.008941059773901666,-0.03180240608948004,9.204002144410097,-2.926519565412615,0.0052024274090752345,-0.00823397082634969,0.02235817652301808,0.5841626168675729,0.7656448686316517,0.3221037159856497
321.2,1.0,25.0,25.0,1.0,0.014084083016773063,0.035098236636475516,2.7490106899440443,-0.01986145445621568,0.048850743494440234,0.00803692115998932,-0.21719784633538333,9.19908478942612,-2.9958100874292892,0.003057153188013667,0.0036913616388716264,0.025656222478340318,0.5594004871300852,0.7701841631684365,0.297176832023762
321.36,1.0,28.0,28.0,1.0,0.013973856719706449,0.026206660351510692,3.4058397075838727,0.008947274414661279,0.014539211141689842,0.009668895929799453,-0.3414969479230383,9.170582180031296,-3.064372320761707,0.003914042706455512,-0.02356464815637871,-0.016147575498249633,0.5465483337274197,0.7479078321449772,0.3093533207995979
321.56,1.0,29.0,29.0,1.0,0.01768995661514217,0.03757936898156128,3.4145353322737537,0.03557591679653627,-0.010026036000084457,0.01161337247187529,-0.5015351455308793,9.147223021132826,-3.115417119903197,0.0019870790567901864,-0.028393933403418004,-0.03646414276351307,0.5669006451197931,0.7880201227268022,0.3195646589921521
321.76,1.0,38.0,29.0,0.7631578947368421,0.016767691246452155,0.03905885771705817,2.6127055981072664,0.04027096834390552,-0.013972826722869817,0.01067041682106014,-0.662874276824261,9.146395321846555,-3.132760151957569,2.598393614738903e-05,-0.008550010687507381,-0.029654011299729447,0.56649873345484,0.7958124059462607,0.3192472415790685
322.0,1.0,53.0,34.0,0.6415094339622641,0.015896704228021852,0.04059154068714984,7.614679791702673,0.06004899385045059,-0.023374372552052936,0.009107699016293486,-0.8532085932491096,9.132260302620304,3.1334489654503757,-7.718845295023868e-05,-0.0205917219738172,-0.02984889946118432,0.6156381073302718,0.8404055633664406,0.35484603636350304
322.15999999999997,1.0,38.0,25.0,0.6578947368421053,0.028582657654731537,0.09268682422564774,7.110180068989281,0.02870465406274432,0.01474876315532375,0.028507616941603173,-0.9826958201846511,9.169569521888361,-3.1137668372226717,-0.0007360621369000286,0.027310205093401763,0.018256254419907858,0.49787520119680184,0.7467520414700652,0.2757047633924832
322.4,1.0,37.0,30.0,0.8108108108108109,0.03818064745435741,0.06764977399597132,10.455537288094426,0.2,-0.014722408664068619,0.034612048262796305,-1.161086548341992,9.003780459607624,3.137749316831112,0.001530074085841493,-0.16406691588095335,-0.015510535104503087,0.6021238939399778,0.8413918188384398,0.34075835315921765
322.56,1.0,43.0,40.0,0.9302325581395349,0.02493945874255176,0.056595039589578275,4.194705456968348,0.05680017884687286,-0.017220658091076257,0.02220663859109008,-1.207741850830585,9.150671680802676,3.126659133629045,-0.001939184139940986,0.11702864939525526,-0.01709923298631668,0.564408202080751,0.7981043634115534,0.3323338191800502
322.8,1.0,46.0,45.0,0.9782608695652174,0.022655070866621378,0.0446653179975566,2.9016070418228637,0.11585877285399765,-0.0009953643136311717,0.018312622103596063,-1.2883807694185914,9.09249903486513,3.128817952799068,-0.0022021882294518402,-0.0360495778528076,0.006099891713462924,0.6064020403164535,0.8211342994850086,0.34798439537048825
322.92,1.0,40.0,35.0,0.875,0.017820092095915493,0.0394948371989441,4.6701237748477515,-0.08123912606817774,0.01159189845525405,0.014030515333633866,-1.3259424248862135,9.291194019526785,3.139132373871591,0.0017243183088802017,0.19048506681998845,0.016094003703809534,0.5225789361606964,0.701784569854791,0.30971802802795023
323.12,1.0,32.0,30.0,0.9375,0.01799832589910417,0.042027166319393613,4.140899274955838,-0.09260075058565274,0.011663413922319463,0.012625054707530642,-1.3864679829606368,9.304629810378525,3.1361142034167275,0.0007074244776243965,0.0681079093998278,0.01353225151848747,0.5575502171691082,0.7504104048778818,0.30928791254551796
323.46,1.0,27.0,27.0,1.0,0.019839007483897046,0.03294328454758891,3.3296731659033387,0.2,0.010816964797326058,0.011250334264720746,-1.511716067274949,9.015256054950829,3.1337479026205464,-0.005220008378588936,-0.27532645496141583,0.009391987869721063,0.6263010539379517,0.7965115252236303,0.34140591039923096
323.65999999999997,1.0,19.0,19.0,1.0,0.015386404523126852,0.034331231445701216,1.5860181372105875,0.1710901975045513,0.019746191681568208,0.010608977347378958,-1.5774435726303715,9.046475314522347,-3.140782205940086,-0.0006581107768575123,-0.026363699301489518,0.009498792546182489,0.4812189304884782,0.6434677445692347,0.25353421057839026
323.7,1.0,12.0,10.0,0.8333333333333334,0.017362673328134764,0.03610497322460896,8.410625900497756,-0.06824048879781576,-0.0057361309601671505,0.012053368427432586,-1.5857645103447915,9.285771136521367,3.1167472198161232,0.0042456279732914215,0.23011793581748563,-0.018894747442152138,0.23294047207765,0.3204587062507282,0.12580792911153685
325.5,1.0,45.0,40.0,0.8888888888888888,0.021035195606906483,0.05525962880728948,4.949168392773631,-0.028464801658729295,-0.1024311048296646,0.014128814621440184,-2.271871641355849,8.972083808072814,-2.2919912849464126,-0.02369940556845984,0.11034129201154563,-0.11112727453683213,0.9004893661119915,0.9463171793532232,0.6401082834132158
325.7,1.0,47.0,46.0,0.9787234042553191,0.023419972718653818,0.05688055842473897,4.727202522592099,-0.013346647147957186,-0.12,0.020606123090473438,-2.3100549669784303,8.80881784790354,-1.9671419571730286,0.020518675943411946,-0.012276854996311926,-0.05216205933296703,0.729736431776568,0.6633830204409741,0.4432690785763854
325.9,1.0,45.0,45.0,1.0,0.02614737215552585,0.07131658383319156,5.946185401869666,0.01882702429449871,-0.12,0.025884510048962174,-2.2859915775420783,8.672593698142238,-1.742895049059129,0.04917986855000578,-0.00931004164831073,-0.03029892811335766,0.7472765526408773,0.6024226644182652,0.37756262463311924
326.1,1.0,32.0,30.0,0.9375,0.06307244156568372,0.11621186359635215,5.35182598130819,0.06977676650701013,-0.12,0.06382016485344515,-2.230567752554953,8.623951496595263,-1.6356208127784662,0.06866691594603047,0.0029689542429149895,-0.020776391563228858,0.6428110781871368,0.4504186826724677,0.3382337503789823
326.36,1.0,42.0,40.0,0.9523809523809523,0.027878131513340575,0.07694040108190484,4.539714161452959,0.006134172043813133,-0.12,0.028414724416076047,-2.288623110497352,8.54364660412698,-1.58458379651902,-0.030692187398642545,-0.00010170882047511043,-0.01475936744933004,0.799776770874255,0.6483155648495909,0.36652278133161187
326.5,1.0,46.0,40.0,0.8695652173913043,0.025874185315495474,0.09338457973297375,4.385113819353607,-0.05088355993459026,-0.11326333394276104,0.02703963735669592,-2.3498966017828224,8.492864814640551,-1.5600880710273355,-0.05782311073595148,-0.007908173536570473,-0.0021015580805094918,0.6990924742090826,0.550187999019501,0.32609187030267045
326.76,1.0,49.0,40.0,0.8163265306122449,0.02037053240881908,0.04684877811831707,4.2920037422060595,-0.04095308244198576,-0.11941872686949977,0.01772153332817652,-2.3390187167725536,8.417660190998996,-1.5793765033110112,0.0010633108069764141,-0.002147492353767433,-0.00676435922253571,0.7691349617023977,0.6178887099180947,0.35234366420625496
326.96,1.0,54.0,43.0,0.7962962962962963,0.021648500823083557,0.0622396775961802,4.505035710753561,-0.03571300946828556,-0.11926518539990145,0.017218612580712698,-2.3389539241375816,8.35525427487497,-1.6002144164427599,0.012697152184573124,-0.0005064709013939961,-0.004253566143306298,0.7325691836878747,0.5898692643039944,0.34204660864103764
327.1,1.0,37.0,32.0,0.8648648648648649,0.016125089433579983,0.03253492010043519,3.21386934562768,-0.07665236537404838,-0.12,0.011522848240790194,-2.386004718164342,8.311306770124144,-1.6167207071444736,-0.03268527033091795,-0.003654026839997826,-0.00375548702229489,0.6765507223984162,0.5369159726519906,0.3148106895671505
327.3,1.0,42.0,35.0,0.8333333333333334,0.015530951412595738,0.034845991518001766,3.8500703901653552,-0.08023989837015769,-0.12,0.0102235115894243,-2.3969158960949377,8.251541540202789,-1.6411272133273531,-0.007093602553953637,-0.001439604538720829,-0.0021278721904507414,0.7194301675010566,0.5752462052016135,0.32547043582822016
327.46,1.0,42.0,39.0,0.9285714285714286,0.018456582848815312,0.04512794302560189,3.5168788125459005,-0.09658192669462533,-0.12,0.013913337010632215,-2.417953930466503,8.20286748222572,-1.6601273499992595,-0.012535710931596,-0.0005509342060463496,-0.0013320596348127545,0.6868335317565127,0.5520625909496809,0.3148969647971138
327.76,1.0,39.0,38.0,0.9743589743589743,0.014884682961177138,0.037634121657722744,2.597601583390606,-0.08791116521476613,-0.10302174136180185,0.009773828020425892,-2.421709736467296,8.118407389831011,-1.674597636674623,0.015023291022750573,0.0005533212134611887,0.016254641760216515,0.7750965014953741,0.6409853003504844,0.36153610395518043
328.15999999999997,0.0,39.0,38.0,0.9743589743589743,0.014884682961177138,0.037634121657722744,2.597601583390606,nan,nan,nan,nan,nan,nan,0.015023291022750573,0.0005533212134611887,0.016254641760216515,0.7750965014953741,0.6409853003504844,0.36153610395518043
328.92,1.0,27.0,22.0,0.8148148148148148,0.06531352463363546,0.09153600700919935,7.025121408411375,-0.07207811233912396,-0.12,0.06441103185505559,-2.405178797896116,7.754460219740953,-1.3942364492601218,0.060957622499882014,-0.02315073809949464,-0.0068636345786370345,0.8259518106458612,0.6926278060522304,0.47578773999889135
329.12,1.0,26.0,26.0,1.0,0.05388715932421703,0.08464933406240402,6.449034203160405,-0.09490254744007073,-0.12,0.053474189266821674,-2.3966656761909504,7.682287300609526,-1.2645546290596532,-0.0006073023065549243,-0.022180985168303913,-0.005652773970442837,0.7275802154426022,0.643554978013515,0.41065377150251964
329.4,1.0,40.0,40.0,1.0,0.15937669246564481,0.2728885757484931,12.426488597734377,-0.11835073150098385,-0.12,0.16547205306084944,-2.2578292612962167,7.461068617480002,-0.8606803890548139,0.02785575854723854,-0.0417580387803822,-0.0032130813726671814,0.2351611943293649,0.1854821286276634,0.42434892339032243
329.5,1.0,39.0,38.0,0.9743589743589743,0.09889858542617487,0.15401069035068815,5.365385990800552,-0.05757292483865813,-0.12,0.10038741987959846,-2.186910821163422,7.482950315354887,-0.7793968501876101,0.07043908183788927,0.009657406998797136,-0.0019051434641640386,0.44285799492834915,0.39678480746097833,0.33620259631540755
329.7,1.0,34.0,34.0,1.0,0.07212760938461672,0.1272364138165243,4.953431543483276,-0.05027953300455047,-0.12,0.07347481458868578,-2.112023122234979,7.442111637949444,-0.6587105398197957,0.0536486693229139,0.010993816274629253,-0.0024774980819176617,0.5804530973441419,0.5828578148098555,0.3347017591718297
329.9,1.0,31.0,31.0,1.0,0.0653296958912707,0.10527437691632408,4.660335078748231,-0.04093673459628026,-0.12,0.06649280532321732,-2.0400096526989535,7.4079298505509525,-0.5920229173702642,0.03418110319698986,0.014859494085157188,-0.002519340556722205,0.5654761577043769,0.6060989316005373,0.3271933314121143
330.06,1.0,45.0,43.0,0.9555555555555556,0.06301767471901144,0.1043397063820531,4.614237965136461,-0.025716344594018666,-0.12,0.06435763840957726,-1.9794853054021933,7.386141426451919,-0.5627404435725593,0.02592453328922595,0.022723127594583836,-0.0022807213472119114,0.5333187751766854,0.5887010250243936,0.32048009299451896
330.3,1.0,32.0,29.0,0.90625,0.05331690619658634,0.08196980314260084,5.025920172124728,-0.03747600929939171,-0.12,0.05191615285458906,-1.906942516638381,7.322776369729173,-0.541911326868822,0.0129976925350066,0.005392842569424516,-0.0021134801003848125,0.6430787964398824,0.7104133055054097,0.32078691867843623
330.46,1.0,36.0,34.0,0.9444444444444444,0.05335522044860384,0.08461753092104629,5.452368827254142,-0.03768784311971485,-0.12,0.05275516739164854,-1.8539062798704034,7.291043740992096,-0.5398034521353628,0.008361590197746516,0.0065103515270470425,-0.0017097449257313935,0.5901264651791901,0.6581591815673326,0.3278623767414455
330.65999999999997,1.0,48.0,44.0,0.9166666666666666,0.050660960589847745,0.12340390003597075,5.334553092064982,-0.051768537811368975,-0.12,0.05283526821757902,-1.7953018904938656,7.236233497847185,-0.5406529767670659,0.0026592599991244192,-0.0038164734087740015,-0.0013451619113636903,0.6035857678269394,0.6792544977157741,0.3312037242199395
330.86,1.0,45.0,37.0,0.8222222222222222,0.03397739999359817,0.10536121691097568,4.4224956876630594,-0.06412904290278999,-0.12,0.03594349232490095,-1.7359278582443824,7.180638831798472,-0.5435172543524612,0.0018476365663908645,-0.0052520471275272484,-0.0008846055412875531,0.6317092924462147,0.7042608827128389,0.33264952188487995
331.06,1.0,42.0,42.0,1.0,0.03083055873054653,0.10103668958819967,6.056164654287806,-0.12121416254400827,-0.11144528446756419,0.036112889097401124,-1.697272042640455,7.085066039581654,-0.5395050793330849,-0.017256056698039535,-0.046339811192114944,0.00800770084092517,0.6268712581899587,0.6995724997460964,0.33331401671386834
331.26,1.0,53.0,47.0,0.8867924528301887,0.027943371572546245,0.09594377359114536,7.216639597446748,-0.08334640960543029,-0.12,0.0312367523917603,-1.617735665017054,7.073986555347494,-0.5516323405162157,0.018019382298643194,0.029035505919936533,-0.0023486062775767147,0.6265539772685794,0.6991564432850856,0.33358662769777914
331.6,1.0,35.0,30.0,0.8571428571428571,0.12290736152735372,0.1822663533934934,8.076405483404649,-0.022985844685040797,-0.12,0.12534217682756194,-1.4660154225535618,7.07726753467978,-0.3832582605083296,0.04032202901471549,0.07506070275065113,-0.0022304718046053384,0.2622728609338248,0.36304158415291454,0.3670822242617804
331.8,1.0,52.0,51.0,0.9807692307692307,0.1768283480018106,0.2775850342977533,10.180441581421833,0.0560217647070737,-0.12,0.17778431503357156,-1.3739682625097518,7.1342263432029345,-0.27630990296837143,0.0422739801303722,0.13155450320202267,-0.0024082998840340153,0.1739093642354244,0.25937332105328753,0.3586838839235748
331.9,1.0,51.0,50.0,0.9803921568627451,0.03235756833555548,0.09327669006039258,6.312024308793782,-0.08863164390781944,-0.12,0.03615567988331019,-1.3571887436050143,6.985195736712687,-0.23082417973142316,0.011866483309987519,-0.043586469514208304,-0.002500583376527893,0.7188819643825247,0.8078072825189649,0.30647270092378776
332.06,1.0,70.0,69.0,0.9857142857142858,0.026475408716819724,0.07196891299185035,5.157869515910683,-0.09335384823229818,-0.09058160709282893,0.024873781211653616,-1.3045850088649897,6.972025372874505,-0.1492987873103815,0.010530778208453828,-0.008230491622294167,0.028245525546662317,0.5827387562039169,0.7111976038204053,0.305923554120229
332.3,1.0,54.0,53.0,0.9814814814814815,0.030907893692656323,0.07619855680300044,5.85791317096273,-0.05375517381948947,-0.12,0.03271570176310627,-1.2225765690195907,7.005286101104524,-0.11282972624497967,0.011590506033909653,0.04498112284197475,-0.009760836100137504,0.6113983708743002,0.7647580941120471,0.33651753573101284
332.6,1.0,46.0,42.0,0.9130434782608695,0.07327479839186854,0.1505417735180498,5.874260771375273,0.051903558255252995,-0.12,0.0740274057670161,-1.1310129671161469,7.106007053774783,-0.04949789375171619,0.0006613159473163321,0.12663998617067662,-0.0072247677968023186,0.45624367969822366,0.6398180560830942,0.3702741945770541
332.82,1.0,27.0,27.0,1.0,0.0168743450775137,0.03399748125383033,2.8284635066969313,-0.1370996167875914,-0.12,0.014238938143993761,-1.0444109650975308,6.915277937939545,-0.015978935017464283,0.01728919376073068,-0.13468139539883772,-0.0064259360246617285,0.6153012562222143,0.7532703133448743,0.31870774438813865
333.02,1.0,19.0,19.0,1.0,0.015615131984288202,0.03421132008819419,1.7956823740002712,-0.10170249206255089,-0.1161519095719103,0.007750672963889441,-0.9872587938259243,6.951050545243642,0.009952308658368658,0.006238453549109013,0.009083281496366169,0.0017695279703758057,0.4793647800796941,0.6375136879960859,0.24463340411639853
335.2,1.0,17.0,17.0,1.0,0.019164915297495946,0.03953628905622388,1.9012664429330852,0.04222080902351448,-0.002152130848994784,0.011869256377499086,-0.28511237819846846,6.856657781995347,-0.7035389183788129,0.04905519100708611,0.21536183376938123,0.11517144711707994,0.8523551656378522,0.9235573793903256,0.5284230286276794
335.4,1.0,21.0,21.0,1.0,0.01848698034497647,0.040502183405065006,2.0660421390008863,0.06453558075657355,-0.02244055475962331,0.013843724836241729,-0.21859906523575745,6.773892232766868,-0.9389843261721429,0.03074609349743393,0.02308480332474261,0.022183102582515546,0.6750738268180507,0.664957124837098,0.43029346893451365
335.6,1.0,18.0,18.0,1.0,0.014868149866514017,0.039295363482238076,2.552974923539404,0.0846299682868721,-0.058217600948530464,0.009361071330669192,-0.1689181145894343,6.6754207652136675,-1.1860436063413977,0.03695441844384803,0.0038183399010085495,-0.024909488137962565,0.6297066279459964,0.5374060046958489,0.31535631533516456
336.08,1.0,28.0,28.0,1.0,0.016135991873814412,0.03710623798550744,1.320212574141659,0.1084141610127141,0.0008449747514286933,0.008291108542869335,-0.16390517087842066,6.396271977090632,-1.6195806737497993,0.05496009061393045,-0.043692602349234555,0.04059502114520863,0.8537688708944545,0.7242890391145056,0.4535324948835875
336.36,1.0,43.0,43.0,1.0,0.014353879370348627,0.03608249574868967,2.4568097733346055,0.16827795018493566,-0.015026229667729374,0.007657009761755308,-0.15894989736901488,6.246819957313869,-1.8364308811843855,0.0651632823125724,-0.05023188713652882,0.0032252786283599733,0.8152751115567685,0.671655566238377,0.4283343780086851
336.4,1.0,40.0,40.0,1.0,0.014091768216524112,0.034138517076041285,1.5362606542635324,0.07469301284233301,-0.11618574227621162,0.0086481376457649,-0.25984617090705786,6.252468967029046,-1.91891572218286,-0.0794253614955554,0.009722256388963402,-0.10182714563721353,0.5715411362521695,0.46065821615679337,0.31578293205886054
336.6,1.0,44.0,44.0,1.0,0.055050432672305576,0.08472645788611198,3.1754967015785533,0.07667548161494885,-0.12,0.054829283659625284,-0.2567973558227984,6.149074511502122,-1.7002044698770575,-0.02360339772229822,0.018984348012339503,-0.07227566050705758,0.7183345900752623,0.52005091583157,0.3253945317535001
336.8,1.0,47.0,47.0,1.0,0.0553090191658107,0.09002796019221544,3.3448969191899964,0.06949044104648307,-0.12,0.05615641234558425,-0.24446822720589967,6.048601642317436,-1.4808805268610836,-0.005715443027230399,0.024758075070973717,-0.0481592979369605,0.7329571226739727,0.535703597088502,0.32960692531551367
337.0,1.0,34.0,33.0,0.9705882352941176,0.05545127559495292,0.09539125983028046,3.822641433820702,0.07043510922367782,-0.12,0.05444378970950073,-0.19837498946969578,5.908031244078707,-1.2761269222563612,0.009093304031372429,0.02925041573448528,-0.03224650294911413,0.7426830411774508,0.5695456672631142,0.33084540545065777
337.26,1.0,42.0,34.0,0.8095238095238095,0.09436422858167798,0.12820737885103994,3.1616205729498628,0.1141947102976683,-0.12,0.09311963894668435,-0.08140709149849923,5.7471741700534755,-1.1390839726341775,0.05349380709361201,0.0510827004332608,-0.022067024563678483,0.5386139993281523,0.368559728339639,0.3531415225354272
337.4,1.0,48.0,39.0,0.8125,0.09836238312371613,0.14627067575386546,3.8570695864990654,0.19066148057013835,-0.12,0.10716122754601878,0.02959701303402651,5.693405643077242,-1.1025174738966204,0.09293696050476492,0.07844322184469643,-0.01586965788603334,0.4423412828192183,0.31203917687946126,0.31937272713795317
337.6,1.0,79.0,79.0,1.0,0.0668811659584238,0.12249865425272259,4.747497372678151,0.1824490148168498,-0.12,0.07281629496775008,0.09381197354057269,5.549700014401289,-1.0799896230772648,0.052431704891534675,0.05245213518478131,-0.012680068565904978,0.6748570490377981,0.5437272175858697,0.32645837460506866
337.8,1.0,49.0,43.0,0.8775510204081632,0.05440877016890728,0.10033831218285853,7.230526308528451,0.17871129074583322,-0.12,0.0557577726707137,0.1636038236634692,5.41067010116967,-1.070410846736217,0.023873528768266872,0.025551552674704325,-0.010040548726760079,0.7565523972963883,0.6472410778343127,0.3296975478934043
338.06,1.0,63.0,61.0,0.9682539682539683,0.06884548369270128,0.1421408078460602,6.362944940277959,0.2,-0.12,0.06982275626753948,0.2811511057425923,5.236633583073589,-1.0717990496357954,0.042738686978264134,0.029185255822213207,-0.007467325472003239,0.6874935944598469,0.5445679030614734,0.3525806465677009
338.2,1.0,46.0,43.0,0.9347826086956522,0.03578295178426561,0.06878208083707026,6.78180492115547,0.16298432644886546,-0.12,0.03482103550641201,0.30230937461730023,5.117731178495629,-1.07407806498235,-0.008400473855504409,-0.008141915765463636,-0.006091606215417266,0.7619325179465801,0.6498818940008441,0.318946504465936
338.4,1.0,32.0,21.0,0.65625,0.02267681653265697,0.044041622024999526,5.700737267563727,0.14294235573761602,-0.12,0.017550292320513673,0.35093039867487186,4.98034163104674,-1.0815045534519734,-0.002067805954924229,-0.00794820358353121,-0.003913519407020338,0.6973133778469285,0.5452514840319193,0.24163388723457635
338.6,1.0,29.0,27.0,0.9310344827586207,0.022309422486115886,0.046519515613048006,10.83159137784868,0.10952947762290854,-0.08626840566018472,0.013594912046693323,0.34855138543409303,4.911388465453073,-1.0673616156376997,-0.02007805559823711,-0.021808567299211212,0.03083768901401851,0.7571207845169002,0.6188189708417975,0.31141845421998227
338.8,1.0,21.0,18.0,0.8571428571428571,0.027282895608052138,0.040457065953821744,4.529294241789225,0.10169797413007158,-0.08913919561249917,0.013146268600176954,0.36874259376209456,4.854854171899741,-1.079637794147031,-0.003130358577517256,-0.008950181392750167,0.01862624675285418,0.6432754453326813,0.5056327150374071,0.23199670246363782
339.06,1.0,20.0,11.0,0.55,0.02012661099355033,0.03483366704664589,7.224516070043999,0.1272848916561915,-0.09905203060957007,0.006141891295962633,0.4253267755790123,4.799051335771743,-1.0943684817766386,0.02875900751161853,0.012609410860386028,0.004451579983212995,0.5624556463753791,0.4362919692250751,0.17812435830441536
339.2,1.0,12.0,12.0,1.0,0.02494340350923288,0.041279538140609834,5.906987475736247,0.11799168459558076,-0.07416265415411258,0.009299518193633755,0.436648784726507,4.7556794915585066,-1.0706678903410838,0.007732109934026454,0.0011488881849324173,0.028053612855686527,0.5240977574091735,0.425201487078295,0.19239719970643673
339.46,1.0,15.0,11.0,0.7333333333333333,0.02250113748617751,0.03525263723603195,4.424576907895643,0.14069555403574108,-0.12,0.01003021399949822,0.491302518243369,4.697054839717441,-1.1180822190417623,0.0296375161136177,0.01533434308609305,-0.023306686378549824,0.5566061636428077,0.45572436936865185,0.20067343548919558
342.36,1.0,61.0,51.0,0.8360655737704918,0.12030097026827312,0.3119584467255445,11.953058420151143,0.2,-0.12,0.15013439335836773,0.004576064925865098,3.4213276392994927,3.061233621717914,0.00045552026787204145,-0.31267182105638813,-0.019331695148077976,0.7455851101781603,0.6835952455874099,0.720283735362163
342.56,1.0,40.0,40.0,1.0,0.040358826579894494,0.08938977908938268,4.019738600617411,0.046383098027183246,0.12,0.04118163720019048,-0.16928204228736982,3.620633085596537,2.9925572874825717,-0.020970796964350724,0.03848195001654764,0.22212768602966862,0.8836052249869873,0.8967501709944211,0.4650868219814681
342.71999999999997,1.0,39.0,39.0,1.0,0.014260224136331509,0.03182081726318936,3.766084201486719,0.048210360099096454,0.052898526268040355,0.011655349094615533,-0.28422233185947493,3.6915414431689375,2.6708004340853004,-0.015572521574223896,0.009895210388158215,0.05355275129544923,0.6304266871343195,0.727746783598788,0.37336134149236777
342.92,1.0,48.0,45.0,0.9375,0.010938906713152476,0.028042372413391626,2.268925104732264,0.052420974487141205,0.021892779927061044,0.006484942353746188,-0.40308407108414546,3.814494851876651,2.3748509514968585,-0.016860810762564737,0.010955989145962075,0.0026318453572296008,0.662511049656684,0.7098408899242118,0.3495583188744904
343.15999999999997,1.0,38.0,31.0,0.8157894736842105,0.014118607197385726,0.030434858993900107,1.8295828285046447,0.049725155736464854,-0.06312763955787909,0.009333150870597159,-0.5171177896002139,3.9182899045021884,2.4019089400547555,0.001501025144553747,0.005404171020261472,-0.0835171247967601,0.6962086545178627,0.718626761278873,0.34686792369643443
343.5,1.0,45.0,35.0,0.7777777777777778,0.07199201797154224,0.18878692078646844,15.675206127004829,-0.2,0.12,0.08440445410502453,-0.7051341543657548,4.254310027390094,2.933755537400881,0.09400053019162069,0.22639734177222337,0.12872866397377214,0.4762756381170976,0.628362708010384,0.38888736853456235
343.6,1.0,41.0,18.0,0.43902439024390244,0.01195739274568945,0.029700230261267516,1.6636760191604347,0.04216385765792972,-0.06771404172054848,0.007074197400267763,-0.8574468211913937,4.0400129086483085,2.8104200814788394,-0.04918058505539069,-0.1497978893837999,-0.10127046227348036,0.49858089398180294,0.6455432202121846,0.20939351663598657
343.7,1.0,52.0,25.0,0.4807692307692308,0.13003476003646475,0.2202326798216494,8.517902046170393,-0.2,0.12,0.13118807133418783,-0.8834411549711849,4.290547004522546,3.0473789757346976,0.03767284086657752,0.18630621283026638,0.10322013684812958,0.13169962241292943,0.23585825689209616,0.2626039007406699
344.1,1.0,55.0,48.0,0.8727272727272727,0.09771730456101695,0.17132733669184944,4.310247284589248,-0.11235350165526904,0.12,0.1005678569247327,-1.2312044118482008,4.244794706260433,-3.127137277529764,-0.0013157883456544894,0.07322369507921511,0.07790733069178503,0.40926166106909917,0.6855364626016284,0.39944669564134905
344.3,1.0,50.0,48.0,0.96,0.11679787966716226,0.17932100634795373,7.7336477709043026,-0.0818378505978511,0.12,0.11993908553307422,-1.3897864199282948,4.22775150844307,-3.1061810030351245,-0.007580998039504738,0.006532487770775752,0.04866341745976068,0.30019845087682323,0.5239431233554516,0.36104330695246223
344.6,1.0,42.0,40.0,0.9523809523809523,0.12588073662037352,0.17609277306351875,7.042672339038279,-0.07853503771766888,0.12,0.12832526403267366,-1.481303133712831,4.2311459235482,-3.087678606665728,-0.006863579404855935,0.009566578952013849,0.031203619553965556,0.3093477830675059,0.5494302070131747,0.37985711639551956
344.7,1.0,27.0,27.0,1.0,0.11161495904173496,0.17311496631342174,5.444910072350529,-0.2,0.12,0.11334406821344209,-1.506056598900923,4.353994925876851,-3.0850116494440307,0.0027393013884391415,0.12943881561777104,0.01944260398733055,0.28655377256664805,0.45106464221151954,0.2812437684905312
345.0,1.0,16.0,16.0,1.0,0.1468516343903009,0.19267011931306122,5.552859937308716,-0.07218102518229202,0.12,0.14828852795400116,-1.6104366084127864,4.235891997276867,-3.0753043043766546,-0.006119345926131059,-0.046157725157201845,0.014836318291789219,0.14449612666010098,0.26715225302085344,0.22647309281323816
345.2,1.0,28.0,28.0,1.0,0.14416824246656915,0.19681113700516514,5.845076808446852,-0.2,0.12,0.14576403840619545,-1.6685671236455,4.365902262365621,-3.0745671658982943,0.0011432774527020406,0.10107759429942753,0.01122300513566099,0.25697848105000587,0.41501035470481346,0.35191576629376853
345.3,1.0,18.0,18.0,1.0,0.11261628138332341,0.17037638404743177,6.119109221899262,0.05036575492501766,0.12,0.11407437160740087,-1.7149584369717024,4.1192938109385935,-3.0731108790429866,-0.011465331914782828,-0.18690657477219474,0.008057730543220565,0.23891517477554014,0.35429658649395096,0.21471109969417715
345.7,1.0,20.0,20.0,1.0,0.1800585293742235,0.2175831085867763,6.777882766721215,0.02714836961144365,0.12,0.18044643480967987,-1.8423249394488477,4.150516451508606,-3.0721988696203884,-0.008483052845646766,-0.08268128624313675,0.005109357843283924,0.1559057609614012,0.25873698751103225,0.309660319192441
347.7,1.0,26.0,18.0,0.6923076923076923,0.021164920001489472,0.05034231313438488,10.899559745469867,0.029551683690499986,0.0028562806549491983,0.022357392552401,-2.5210149159103676,3.7754702661104007,-1.8768326064421028,-0.02888989404081954,0.036930227681089445,-0.11416115649959147,0.8874306365650049,0.925811645053355,0.5266996244433566
347.9,1.0,37.0,33.0,0.8918918918918919,0.021985669875499877,0.044968629371718,9.015808060317928,0.12517562672874646,-0.0894044250287458,0.01841153363883453,-2.4317241937885576,3.6769840363438053,-1.7521795748750992,0.09108252563240127,-0.0015419586321976375,-0.14285257340253188,0.7931407300008028,0.712181549401794,0.5223017329195773
348.1,1.0,33.0,28.0,0.8484848484848485,0.02971148671373509,0.07276311358584095,7.436626692241896,0.172765901122217,-0.12,0.027814793307204076,-2.3772490814878107,3.6315697869539534,-1.6413779158687904,0.0697283761155898,0.0202606809438568,-0.10242435657899329,0.7291448068842452,0.5723421629684495,0.37605562011256916
348.3,1.0,34.0,31.0,0.9117647058823529,0.055583032206878415,0.09262174150481287,3.8994192196218243,0.2,-0.12,0.05710987472773667,-2.3381302125455234,3.594089494596976,-1.5004462181629097,0.04725145007585452,0.03904329579709609,-0.06553260762973379,0.690038712361648,0.5231261627246089,0.3663904662192927
348.5,1.0,44.0,33.0,0.75,0.022619349151229734,0.05144333844998539,2.72032341001893,-0.14337209620154728,-0.10283074562639591,0.018921789534763485,-2.646196812156084,3.4455832887396856,-1.3487125944934513,-0.3124353713848289,-0.06375553669497558,-0.025368888734361272,0.7469282216067403,0.6083051205849848,0.3529444095799737
348.76,1.0,47.0,45.0,0.9574468085106383,0.06129095635123812,0.0942961727072913,4.601589936397952,0.15754241088203394,-0.12,0.06142563619384583,-2.3316761070066523,3.470366890928383,-1.2926596430034705,0.21154233507808673,0.0927043499783804,-0.02747219098065612,0.678736122480554,0.5372677485700349,0.36329028713279776
348.9,1.0,43.0,39.0,0.9069767441860465,0.06765546738020707,0.11179034783050017,4.845095012411029,0.19748632040713227,-0.12,0.07027597187790233,-2.286746300404998,3.4344896893756203,-1.3093943293402694,0.10697920934345184,0.046554489688983125,-0.021674753348684295,0.5429634828122482,0.4196687621470137,0.3246077263445856
349.15999999999997,1.0,31.0,22.0,0.7096774193548387,0.01603617704142338,0.033193030671468594,2.012677894409954,-0.10121460944754679,-0.040676229492478,0.01062618055085694,-2.5455713693103017,3.2390780168070785,-1.2953200205958633,-0.22278083382194236,-0.08056153783574604,0.06321745465992556,0.7056008158449354,0.5714273564732061,0.2715402014734459
349.3,1.0,24.0,15.0,0.625,0.017534672454397045,0.02998425608542646,3.8387861143366924,-0.2,-0.05198723095297546,0.01181578079333315,-2.6396413253107207,3.166461233793553,-1.344610799115926,-0.15470366083134257,-0.04989939958031986,0.03944743726721156,0.5268329166165708,0.40001458641343013,0.19360649376913638
350.65999999999997,1.0,32.0,16.0,0.5,0.032388454783081916,0.08986062686023466,6.938184110491259,-0.07260284339792733,0.06819584358597716,0.03546369994668194,-2.3892810084940717,2.72064653510776,-0.851250754374854,0.1023895034055009,-0.006364822635961165,0.1545710604120003,0.8748953746784744,0.7708381550509624,0.43138618226573555
350.86,1.0,62.0,18.0,0.2903225806451613,0.03898806320904972,0.10549070345341584,11.388505441800449,0.11777396801689405,-0.12,0.04830054276363036,-2.1243267622241264,2.7382710874711518,-0.6954385449769228,0.1342504763163288,0.140581156219854,-0.10509219794722867,0.631405786810439,0.6258568014207129,0.3620362517173171
351.06,1.0,94.0,76.0,0.8085106382978723,0.09032590692638542,0.21584372329144066,10.023989873497163,-0.028139927887608062,-0.07481562974322936,0.10512943816015125,-2.0475262204382267,2.5618293907948035,-0.3057899306577714,-0.02436421552461887,-0.07304467102245304,-0.03549653016249404,0.32379966401066984,0.40994147739591474,0.4455085510707431
351.26,1.0,62.0,51.0,0.8225806451612904,0.04154203222001105,0.1301664306406606,9.916806119692533,-0.2,-0.05794249789786321,0.048676295831677596,-1.8654095436328648,2.3896597306849325,0.04260562500222409,0.015019825368195017,-0.20299765427544259,-0.0003871309164958092,0.69175385857262,0.8063459979955689,0.37701865640687304
351.46,1.0,40.0,31.0,0.775,0.03620061814377424,0.08443879388938112,11.140277778032685,-0.2,-0.03108847102584498,0.03707439077168988,-1.721522283764242,2.423275193196153,0.26661806458601367,0.04622677720837376,-0.024822666565913032,0.035161325888616035,0.5990715939746579,0.7615459041978229,0.3446834631653464
351.65999999999997,1.0,29.0,17.0,0.5862068965517241,0.02836950599008415,0.09181389037961349,9.851506203573448,-0.19581245564911004,0.047621242765959595,0.02960075628329666,-1.651319400011814,2.4571108012083016,0.45171790106881093,0.03510578577648893,0.008922875427362698,0.1024752618193161,0.45069584470876917,0.6200276037537511,0.2176185849964166
351.86,1.0,26.0,12.0,0.46153846153846156,0.03004536888751203,0.08694930709662359,12.12060706135578,-0.17037448593600596,0.029274577999133793,0.033717992668024666,-1.5928889312635774,2.5018050916918493,0.48620597860287906,0.017570098993395566,0.03405109653318572,0.06183105848237985,0.4065669643122791,0.54427838837003,0.17796018815608597
352.06,0.0,21.0,7.0,0.3333333333333333,0.11516113499313553,0.13806637110997264,12.049107284707747,nan,nan,nan,nan,nan,nan,0.017570098993395566,0.03405109653318572,0.06183105848237985,0.4065669643122791,0.54427838837003,0.17796018815608597
352.21999999999997,0.0,14.0,1.0,0.07142857142857142,0.1497091364511408,0.1497091364511408,12.073328875996369,nan,nan,nan,nan,nan,nan,0.017570098993395566,0.03405109653318572,0.06183105848237985,0.4065669643122791,0.54427838837003,0.17796018815608597
352.46,0.0,20.0,6.0,0.3,0.10560285273665382,0.12341212222639181,10.398640856833714,nan,nan,nan,nan,nan,nan,0.017570098993395566,0.03405109653318572,0.06183105848237985,0.4065669643122791,0.54427838837003,0.17796018815608597
355.0,1.0,19.0,15.0,0.7894736842105263,0.0314116451848669,0.07554633041184204,7.845557652970362,0.2,-0.007156986853349712,0.033812829583794925,-0.48615344094897905,2.256200298397201,-1.357426999677219,0.1422813496088603,0.23371127349283904,0.013921709176495378,0.8974790111528174,0.9357126179783275,0.5515090058844534
355.34,1.0,26.0,20.0,0.7692307692307693,0.04231643499169753,0.11699083258714874,3.657174521306311,0.2,-0.011840538589039192,0.058964907395193736,-0.4993828151621822,2.110731266991496,-1.5947442746179539,0.01804000531661265,-0.031006060649164002,-0.0252418618733945,0.7203174076041232,0.6049533053549888,0.47530842391608463
355.5,1.0,30.0,23.0,0.7666666666666667,0.019312587130510896,0.03591123810520895,3.410871065039981,-0.09285204015460205,0.049053695022821565,0.013264357903875203,-0.8034321937921038,2.074629803038179,-1.6392565102388772,-0.28643691535570137,0.0009172743480267975,0.04713387338075381,0.6986839535776154,0.5900367219289291,0.39072149173343845
355.6,1.0,34.0,27.0,0.7941176470588235,0.023346349805534423,0.0861477557379615,3.3395790726169827,0.2,-0.034363193938674555,0.026243199303200605,-0.525362777170618,1.9989751766360373,-1.7872326017417546,0.20182290181990292,-0.04781414739244538,-0.04697789443536249,0.623923502344821,0.5111600742387261,0.3459842197503796
355.8,1.0,45.0,31.0,0.6888888888888889,0.016896290422360936,0.03928749070789066,3.9381803418061962,-0.005383316080384945,0.03519005130732776,0.012258062469791293,-0.7537026770183123,1.983529823459325,-1.8456941255891555,-0.12636837365280018,0.01742126507764974,0.03496744689752762,0.7156860639340565,0.5880412271925273,0.35871843658954355
356.0,1.0,42.0,35.0,0.8333333333333334,0.016014401718472033,0.03807968185056763,2.4393031189310204,-0.004805470176259823,0.050002698365646275,0.010704170474505996,-0.784142991981264,1.9358645176457332,-1.957592813088489,-0.035255381187594304,0.003662609477845802,0.039489961174376864,0.7092955489167809,0.6038163102385206,0.3497532541626409
356.2,1.0,55.0,41.0,0.7454545454545455,0.0301170774572417,0.19266859142177045,5.536067097391161,0.025524429239976436,0.0314900227593306,0.050276248846098895,-0.7960201624226027,1.8723513189946634,-2.0846398406392983,0.01475958119765075,-0.014436689486438059,0.007692065300963779,0.6927368089164984,0.610875514748833,0.3409381999015133
356.4,1.0,58.0,36.0,0.6206896551724138,0.017287359681421213,0.063598175497454,5.129164065846989,-0.0016350844689943821,0.0414795846112665,0.015400671174914974,-0.8597966170652751,1.8396160956555923,-2.1412259842669665,-0.020743701591113717,0.010492799675512199,0.014689786836160401,0.6840397872573205,0.6226111746558998,0.3370910890110189
356.6,1.0,65.0,46.0,0.7076923076923077,0.028881404168947376,0.12087082867513005,7.570447853872576,-0.07023038860368475,0.0867180494245614,0.03516234368707104,-0.9501630085608527,1.8260535545113232,-2.083889838158634,-0.06426559019858935,0.04249075011721848,0.055377929163404005,0.679901436159568,0.6245817558181775,0.33540063027726136
356.8,1.0,71.0,51.0,0.7183098591549296,0.09916833066525835,0.338903504193532,4.009563226674017,0.008212603370203532,0.054604412085490134,0.15329092779556877,-0.9146874727840428,1.729130475882072,-2.0630980594963364,0.04416385838462744,-0.03041014795960084,0.006063101608933419,0.1920048887343262,0.15071018493480126,0.3349229273029676
357.0,1.0,72.0,32.0,0.4444444444444444,0.07557843783924013,0.34073363025545816,7.071820686934711,-0.0869360223459845,0.1017916796322308,0.13406366924498148,-1.0242668322847457,1.7180320872123986,-1.9479983519762505,-0.05252332260035164,0.021376182136134014,0.05094602060801901,0.3195845846744049,0.24825121304409584,0.3346154399775358
357.2,1.0,53.0,48.0,0.9056603773584906,0.10035963889220308,0.24512897206380543,9.726066666987325,0.08677463575264761,0.12,0.11663530172920024,-0.8887591857569792,1.5856442134161437,-1.862878652952991,0.11728025969209077,-0.05986437825848401,0.05252956368832695,0.4190207314351109,0.3297339616511772,0.33443167182585676
357.46,1.0,40.0,20.0,0.5,0.11920572216213496,0.2129268476642863,11.456764612415771,0.15891243612933054,0.12,0.12848308560556604,-0.8500967904723578,1.4883145584845359,-1.8275488206219377,0.12611367415427477,-0.05536578777378476,0.033819689445094614,0.2984755056342983,0.21754231358060822,0.256812133961527
357.6,1.0,31.0,15.0,0.4838709677419355,0.039067859396091004,0.0861960811913595,2.887151096869637,-0.13718315688740598,0.06757429869052672,0.043057619982084135,-1.1470433003824616,1.56920712415939,-1.9480394212467858,-0.1890908208180747,0.08073970953910026,-0.02829422548304561,0.6691475351722458,0.575375634658141,0.19835391107507952
357.8,1.0,49.0,49.0,1.0,0.1968953685835355,0.33270319427522077,8.391889771284728,0.10392145037315162,0.12,0.20624255365092434,-0.9730363428058569,1.4107668458452713,-2.018562477135959,0.14809476095615481,-0.08459009346513868,0.03314173815924626,0.15261911797352024,0.1150512914172516,0.3715986892897792
358.0,1.0,83.0,36.0,0.43373493975903615,0.09452757186071095,0.3472540323220665,9.015137617996897,-0.12247947354286104,0.12,0.13409711226264123,-1.1972715834996153,1.5020334275159242,-2.14073419446898,-0.06335656957857916,0.0663846646043218,0.020189350614121526,0.3634094613132518,0.29423388818691626,0.35041325497870196
358.2,1.0,71.0,30.0,0.4225352112676056,0.09455899619631229,0.34523385098465564,9.480409231557315,-0.19359375410979815,0.12,0.11660427344209946,-1.313092039087423,1.5130219751929488,-2.3077629825405093,-0.07615913743962577,0.1208307188477371,0.013838089994200775,0.40617184844960863,0.35950913958304925,0.3267207192349154
358.36,1.0,89.0,62.0,0.6966292134831461,0.21202738548136085,0.3487328769736059,6.603606387313627,-0.2,0.12,0.23584666805956192,-1.3856172645558658,1.4985240545638063,-2.591388192210456,-0.0014913736471393602,0.12113679767063723,0.011114870690345223,0.1288177962473104,0.12799518724559486,0.32550413406619405
358.7,1.0,58.0,47.0,0.8103448275862069,0.29047426205306653,0.34878626935394474,6.666156156745095,-0.05711644887031431,0.12,0.2924186534068316,-1.4886559034163662,1.3642527279357792,-2.964429355829501,0.07936961830775835,0.0016404983547697594,0.008100340049995937,0.11388400332480605,0.1543221377684402,0.3791954912300013
358.82,1.0,43.0,32.0,0.7441860465116279,0.2479236306753514,0.29166714121705495,7.935303590231557,0.2,0.12,0.24649270177856705,-1.5211231587726817,1.1069502583435398,-2.9957875581108118,0.07834366247352986,-0.2484740588010519,0.004914883204324205,0.1524319307999836,0.21006328423439166,0.3241715068890132
358.96,1.0,46.0,46.0,1.0,0.2171496373289556,0.2625928076848475,5.517784468888055,-0.06326565608407718,0.12,0.21908016077481365,-1.5692830311952957,1.3720017280001404,-3.0240940012561683,0.05481721532504591,0.07424255454472117,0.0019958006355484947,0.18196141842212227,0.255397266596183,0.30637148465574915
359.2,1.0,33.0,29.0,0.8787878787878788,0.2317192381176686,0.26920481860964174,5.65554564317715,-0.04909233755040936,0.12,0.2316231894374013,-1.6450888444792722,1.3535826123272774,-3.0558966117727753,0.04708040242429701,0.05153617074711714,0.0016719784072551924,0.15884357875380956,0.23747735542014572,0.3153017667894745
359.36,1.0,26.0,24.0,0.9230769230769231,0.22613184970569836,0.263795688960719,7.243511501400894,-0.2,0.12,0.22712959575941646,-1.6907602563612973,1.507302216923556,-3.0665947395739206,0.047724317203236444,0.1971362492343398,0.0013123639550935986,0.138261009071053,0.20762911162272418,0.265685893020829
359.88,0.0,26.0,24.0,0.9230769230769231,0.22613184970569836,0.263795688960719,7.243511501400894,nan,nan,nan,nan,nan,nan,0.047724317203236444,0.1971362492343398,0.0013123639550935986,0.138261009071053,0.20762911162272418,0.265685893020829
359.92,1.0,23.0,19.0,0.8260869565217391,0.2779999386130133,0.31616136968086944,4.244027935764615,0.2,0.12,0.27668965831019043,-1.8875885266720003,1.1045938066833725,-3.0708491491290832,0.02289530574223786,-0.22177619695744366,0.0015952230387545894,0.10594977739715704,0.1795645327107164,0.32878014059450095
362.36,1.0,13.0,11.0,0.8461538461538461,0.020964436530061765,0.0383643477229161,13.561142566621413,0.1537414808355747,0.06236324003479886,0.012428801438000951,-2.397679740926289,0.7936120010395122,-1.730799900392021,0.11671802756954675,0.06084332219332034,-0.05752923778968744,0.8762478852443053,0.9078950512942383,0.4544057373742268
362.6,0.0,12.0,5.0,0.4166666666666667,0.02367891582093239,0.03545716926880193,6.824047837017302,nan,nan,nan,nan,nan,nan,0.11671802756954675,0.06084332219332034,-0.05752923778968744,0.8762478852443053,0.9078950512942383,0.4544057373742268
362.71999999999997,0.0,17.0,6.0,0.35294117647058826,0.04482485198083358,0.06204457435967322,5.092104370300412,nan,nan,nan,nan,nan,nan,0.11671802756954675,0.06084332219332034,-0.05752923778968744,0.8762478852443053,0.9078950512942383,0.4544057373742268
362.92,0.0,19.0,6.0,0.3157894736842105,0.02527327040323678,0.042087070069083424,8.525167112246097,nan,nan,nan,nan,nan,nan,0.11671802756954675,0.06084332219332034,-0.05752923778968744,0.8762478852443053,0.9078950512942383,0.4544057373742268
363.15999999999997,1.0,24.0,14.0,0.5833333333333334,0.018471482617840467,0.035940372350257814,4.4978926731085895,-0.084593207979765,-0.050513800378168966,0.009352588992362616,-2.571247132336514,0.5470948400155707,-1.3084990993368806,-0.2385891719289095,0.008036488208662318,-0.1496905809702327,0.8222479958791127,0.7283040611010726,0.4595419196921978
363.3,1.0,20.0,12.0,0.6,0.016904742283475053,0.03454813090411568,3.4745703902847076,-0.2,0.030495905947885475,0.012256400194618185,-2.6601067077957543,0.44857410384137675,-1.2205193774854917,-0.15012392375453132,-0.030493229911184805,0.01365616750983567,0.5453910894954679,0.46417920815221164,0.3034210152932487
364.7,1.0,43.0,43.0,1.0,0.01691466125770969,0.04404378005302523,1.5890063120648068,-0.06774940096313489,-0.06429682823941604,0.00797491310216659,-2.1900909700248343,-0.01783989613601289,-0.633630167367269,0.07880834182247654,-0.011182210171305003,-0.07908749344468069,0.9288867882611366,0.8913200684498457,0.6492377027162058
364.96,1.0,32.0,32.0,1.0,0.05811213143097199,0.09684153031247873,3.4026910729782625,-0.05035499021784643,-0.12,0.057399254713866706,-1.9596180147849958,-0.0513419917361336,-0.2517274839032989,0.038230115395158526,0.012013463607134858,-0.08583380879637625,0.6193956577328906,0.727363554573625,0.459866993676498
365.15999999999997,1.0,17.0,17.0,1.0,0.013874266308770538,0.038970989181417094,2.5138726300659413,-0.04821369097541849,-0.10439813864612062,0.004720338272307653,-1.7922987575180724,-0.0305934155267432,-0.018005217022832684,0.02427821431194843,0.016749485275683682,-0.0318585487189493,0.46509482084314385,0.6470199618294926,0.24833390190676644
365.3,1.0,28.0,28.0,1.0,0.01632198173154277,0.03865537279639436,1.5623510023780887,-0.03536964771657798,-0.01387451118591879,0.008057215734712525,-1.6807409265539932,-0.010180346297392288,0.1092661278950336,0.012672180625287854,0.027857576725736823,0.06584460228868737,0.5584790541769901,0.7316096521482701,0.3367239159723577
365.5,1.0,26.0,26.0,1.0,0.022896505476729813,0.08864214326989703,1.582592795378883,-0.019054489201020368,0.0047845045822609445,0.008315541547961006,-1.5248382469267034,0.022985978207520887,0.12609511406447566,0.0028875125010978664,0.03174729351116818,0.06120995139628013,0.5423853869029454,0.7474601191642068,0.3082878447746418
365.7,1.0,25.0,25.0,1.0,0.02781364226462078,0.1043152760327194,2.1142674648585733,-0.026039793524883902,0.03273068060229591,0.010508795819569455,-1.3649034051294842,0.026465129203827684,0.1199432085657143,0.001441093286361772,0.006100478230022969,0.06909982479901354,0.5374001677791992,0.7536952134542578,0.29803411075325786
365.9,1.0,23.0,23.0,1.0,0.02850097274339543,0.09770827098665807,1.7901076355842027,-0.0359150495456696,0.04803365231022912,0.008708050845377534,-1.2039814747652038,0.023299765810977174,0.1014097495846866,0.00030048522321113325,-0.006698777753717099,0.06359079583981811,0.5197136755563577,0.7489909314469758,0.2817235481976011
366.18,1.0,21.0,21.0,1.0,0.02929213656451908,0.10525761297778324,1.9068130933506586,-0.0210506845445323,0.04699323726418479,0.008937734711020709,-0.9798138470252923,0.04416137415932584,0.06528174907175809,-0.0014700210603344477,0.011938154265945466,0.04486591018799191,0.551357126583561,0.7878317481158167,0.2894693138006663
366.36,1.0,29.0,29.0,1.0,0.03271127217263574,0.09407709803184244,2.7957365191576073,0.002162898933079862,0.02510145609715494,0.00902512562648978,-0.8384246390507685,0.06586968625202208,0.02907787478016829,-0.0009544931612059937,0.02295427874835329,0.009527366723846475,0.5888769430205553,0.8050769760110149,0.34771251514186974
366.5,1.0,38.0,38.0,1.0,0.026769031116736675,0.10226264648700498,1.386340656273656,-0.0037539100778900118,0.03306506059199489,0.009830791259296366,-0.7226581012497493,0.05738244002057188,0.02999382298777077,-0.00029253184039168545,-0.0038194927044209737,0.013446619703233454,0.5506633716002823,0.7798193053728313,0.3328858306675527
366.76,1.0,45.0,45.0,1.0,0.026786757427851693,0.08930711598160067,2.282629764649206,-0.007818734092728638,0.05143598483733965,0.01037286913580281,-0.5171420887789367,0.048951518450002784,0.03806898514187105,-0.00029141457615056154,-0.00996208577202775,0.027447491085852954,0.6171033437004461,0.8502313981189388,0.3538220778770192
366.96,1.0,40.0,40.0,1.0,0.020157861878740902,0.07539845482955439,2.093122788194564,0.012576796528035061,0.03552442233896202,0.010021151050256222,-0.35869955879623405,0.06287744398007317,0.016287467012353722,6.701118621837976e-05,0.01335694414070826,0.0021080995559710908,0.5888355172012237,0.826570855601758,0.3417471798324392
367.15999999999997,1.0,42.0,42.0,1.0,0.016248019069485614,0.036282126029504654,2.0339154451565706,0.009241041724793599,0.04822394020474018,0.00827129427605008,-0.19903745681575374,0.05466737571274136,0.02460829216820959,-1.887641051342981e-05,-0.006547007983142936,0.013733764302374543,0.5839723149213888,0.8285461331319222,0.336563715282715
367.3,1.0,38.0,38.0,1.0,0.01343014439182549,0.03265705525233132,1.9767058060297928,0.01783966637419019,0.046377492229609296,0.007814250250061331,-0.08590532212095928,0.06149610182812694,0.020524012310106365,0.00022890120592987395,0.0029602984581600794,0.007432713085595588,0.5354863294073208,0.789310449051878,0.31166914880236185
367.5,1.0,33.0,33.0,1.0,0.011460413452331399,0.030037628620260427,1.2299245496138809,0.050646635401529624,0.025689057018282578,0.004957165456106713,0.07587745551891094,0.08897913080114897,-0.002216478851891506,0.0009873756529264477,0.026713312125155084,-0.015638759491896678,0.5745396576884072,0.8317777725275575,0.32326911800501945
367.65999999999997,1.0,16.0,16.0,1.0,0.015608001390927396,0.03527753091591849,0.8092782313547298,0.03782876916144836,0.03136487418349492,0.006481607291054142,0.2045354312248408,0.07115862427963801,0.002499620877217945,9.854971727213391e-05,-0.012957023350299024,-0.005539831960799258,0.38042004905540416,0.6744788635094978,0.18581251808372531
367.88,1.0,16.0,15.0,0.9375,0.014139783625539642,0.03398683041252574,0.4410168566364317,0.049483709884353154,0.027323552126406747,0.00017269048259041202,0.38154400506697456,0.07389977444350007,-0.002324498003589748,0.0001979598684594408,0.0011835580944227764,-0.008257940277651058,0.43720552528719414,0.735608849061319,0.20601277294661516
368.15999999999997,1.0,58.0,46.0,0.7931034482758621,0.033230484004856634,0.09983709669989542,8.729803138131214,0.13412519732834022,-0.038060010983661546,0.03641201820797965,0.6090156270756426,0.15240743577665936,-0.06849000177649625,0.002653083043749116,0.07736328259724691,-0.07197387770438773,0.6748384110863991,0.8875380687076844,0.40063986003863794
368.26,1.0,43.0,34.0,0.7906976744186046,0.05175337537057504,0.1392904471411341,12.953159485974346,0.2,-0.12,0.06003737471438064,0.6901834645935625,0.2146329460780016,-0.1504902332782344,0.002926523706409112,0.07465210743974113,-0.12731625109237557,0.42889546509274135,0.6825053051846595,0.32595943481553863
368.46,1.0,42.0,36.0,0.8571428571428571,0.07479968740048565,0.20404403909860772,11.102068225714547,0.2,-0.12,0.08922291157302178,0.8490540500698779,0.20962898964800478,-0.1508638673551953,0.0016580753800086168,0.03005725385656205,-0.08727819992024538,0.31156795168016815,0.6304168086516675,0.33000984195919675
368.8,1.0,38.0,28.0,0.7368421052631579,0.09308573332593688,0.16205084869493802,9.251127493045148,0.2,-0.08301851330663278,0.09869573703450593,1.0174651940894535,0.2049727467623605,-0.11969051039395985,0.0024198500287253566,0.02277384499711016,-0.02200420494305881,0.3502745514935192,0.6797881490201992,0.34972205535805045
368.92,1.0,32.0,24.0,0.75,0.11719148091867514,0.1945953420833166,9.484701448173984,0.2,-0.12,0.12028526970515754,1.0585967316648828,0.20491552425334855,-0.16146672721421884,0.001977425753831863,0.01028010165046625,-0.05157536164632518,0.2106537783379144,0.3954262630313892,0.27289812099082505
369.06,1.0,27.0,19.0,0.7037037037037037,0.15011636032185507,0.20881235636228523,8.178084290819562,0.2,-0.12,0.1484959959181653,1.1039786598513395,0.2029831923599864,-0.16179495712200154,0.0017882902294519276,0.010506467973745326,-0.037564718064075076,0.12990659037418015,0.26190891474080497,0.22235883178471808
369.3,1.0,22.0,19.0,0.8636363636363636,0.14178173362798177,0.19709260264619777,8.810125678687008,0.2,-0.12,0.14052475594181527,1.176876882477754,0.2016497830417676,-0.16440039629337233,0.002375829809706076,0.014692861021928294,-0.029254371303766263,0.18122588604054263,0.3493996384216111,0.2549095996778345
369.46,1.0,15.0,11.0,0.7333333333333333,0.14259408407430235,0.19603602952505328,9.200444444473804,0.2,-0.12,0.1424078221149818,1.2379241936781644,0.19871819404068264,-0.16415270094753687,0.002207169457189906,0.015917477099595012,-0.02188274691068429,0.11545722745691038,0.21584467854832357,0.16233299428973522
369.65999999999997,1.0,17.0,15.0,0.8823529411764706,0.16435214542646948,0.20477382454226592,9.363967011911557,0.2,-0.12,0.16299714384868075,1.3039978219268993,0.19657331817139728,-0.16492635250526436,0.0024835323647478535,0.019386946354856383,-0.018404503778848447,0.1359168892845183,0.24408151573190365,0.2308084495840501
371.86,0.0,30.0,0.0,0.0,nan,nan,nan,nan,nan,nan,nan,nan,nan,0.0024835323647478535,0.019386946354856383,-0.018404503778848447,0.1359168892845183,0.24408151573190365,0.2308084495840501
372.06,1.0,28.0,28.0,1.0,0.15980318999958198,0.19706783351558768,6.370949921778358,-0.2,0.00160109570287477,0.1585810820658519,2.2791370533131734,0.41901235450002067,1.3775323047737877,0.1448826913098351,-0.13782346671757434,0.10733540437626533,0.5776127843890266,0.7087007126311172,0.6699907097746878
372.26,1.0,35.0,35.0,1.0,0.09429542552061823,0.1356719100219106,6.189441385913526,-0.2,-0.05253771237172279,0.0931156081902307,2.2810599269862153,0.5333112956096538,1.4982023580989254,0.07005856668340682,-0.014318743279561397,-0.010390916485497836,0.7193113274127171,0.7209873249688827,0.4801479367281113
372.5,1.0,41.0,41.0,1.0,0.08933454141185773,0.11509290346328743,3.1240357623155224,-0.2,-0.09486894679812242,0.08772124116987434,2.2559591007884943,0.6748826450223696,1.6615083891597797,0.010960399596912751,0.03666725795953685,-0.04599583639613947,0.628194552995262,0.5310366493150979,0.40466995402757366
372.62,1.0,39.0,39.0,1.0,0.07473573631093493,0.11460675614842315,4.252483216568214,-0.2,0.0006549930980644801,0.07404333376687727,2.2346967729524665,0.7361635254789338,1.865387167217768,-0.0047894132500481135,0.037286465839516,0.06827169911545061,0.5924518812432567,0.4953244571442086,0.33553981170879854
373.0,1.0,42.0,41.0,0.9761904761904762,0.12745180927412128,0.15567724854599008,3.6392710174498073,-0.2,-0.0866549641758542,0.12588275757937833,2.1260274966117056,0.9213598951213653,2.0092448082236087,-0.026670176919012523,0.05737658306740301,-0.04196147838881714,0.44208001694315896,0.32106017728011826,0.39520990619587365
373.1,1.0,39.0,39.0,1.0,0.06991459330325558,0.09521143619079211,3.9255712693893012,-0.2,0.002116417781542611,0.06814703538385675,2.1201008964269374,0.9665606666233015,2.077596782058289,-0.02036982564134604,0.03599557914602536,0.06347047458298993,0.6635795301952544,0.5733835644663677,0.32348416153600945
373.2,1.0,39.0,39.0,1.0,0.062168322524801416,0.08245938996810248,1.7483788863357983,-0.2,0.011356855814333355,0.059202585655563626,2.10827763862677,1.0020260879301497,2.0537588792653025,-0.006576072365660046,0.01015043213528699,0.0520393763514444,0.6059592153801454,0.5268212118239411,0.2893420664234089
373.48,1.0,47.0,43.0,0.9148936170212766,0.06641603091564365,0.08681467073598208,2.6478744017635965,-0.2,0.048083268118477324,0.06398269315599256,2.0848891918178256,1.0991224722109292,1.9883741592292596,0.0026506835523765204,-0.014207743131412709,0.07365204224269205,0.6763717187878727,0.5557528832793939,0.34360396298348583
373.7,1.0,40.0,33.0,0.825,0.026066439941900985,0.15972886948421253,4.063413618560925,-0.2,0.03488055922952585,0.03227255108880896,2.0700614886197837,1.1797318300431485,1.899470208618786,0.007411925582314183,-0.02068553186669031,0.03515800097737776,0.7694343269886937,0.6543787610578841,0.34516634801481594
373.8,1.0,41.0,35.0,0.8536585365853658,0.032458214556290534,0.049081748100720336,1.9165426300750237,-0.2,0.03237462561377226,0.029702695915912295,2.0689391387862743,1.214820264302264,1.8491836947877278,0.005972071265473833,-0.016627879992268113,0.020646588870462775,0.6426683913289265,0.5224224879989792,0.30009316288572785
374.0,1.0,40.0,36.0,0.9,0.013734776706586726,0.03336902660225982,3.3787403597262533,-0.2,0.02495251393018985,0.009736418091513897,2.076475089749405,1.2743605487041911,1.705756876856649,0.009238977096677203,-0.034952997123689045,0.007135141891851937,0.7354227927006909,0.5768775950010117,0.318501357410253
374.38,1.0,36.0,29.0,0.8055555555555556,0.018504923120770483,0.0985075782833371,5.0965209703383945,-0.163148559786248,-0.026257668980528174,0.023768288292687727,2.084403423128996,1.4287340453410295,1.4054947312849044,-0.029673177307964593,-0.06051269468233644,-0.04604096451963069,0.8161544078762423,0.6596699081234152,0.36432785972011245
374.76,1.0,47.0,44.0,0.9361702127659575,0.02964507105964428,0.08468738616369073,8.491930685441337,-0.15417095565868122,0.0448593442170715,0.03361106069435268,2.178012370317388,1.6839174971024014,1.2848865844372082,-0.020794862589526897,-0.04817844024245965,0.04167255935416647,0.8393762228094312,0.7061689803448435,0.41426664808922664
374.9,1.0,48.0,42.0,0.875,0.026828760418877384,0.07888314961285546,8.817052298839528,-0.06806743329540417,-0.10058299750706674,0.027649216514418245,2.1365149465626776,1.8026234412631954,1.1139158426245346,-0.08464542857914292,0.010297359880715007,-0.1208031436693302,0.7162429262665845,0.576239756923343,0.34601094738435506
375.0,1.0,54.0,52.0,0.9629629629629629,0.11407328263673834,0.20624124132242208,8.97924683231977,0.011746640936538625,-0.12,0.11913090925752824,2.0730415501986332,1.8531836498859444,1.0755153060779081,-0.09977939731729979,0.028803245616027207,-0.10103587210546515,0.25385432636870664,0.16252482964901907,0.3007378109283517
375.2,1.0,52.0,48.0,0.9230769230769231,0.10045311176361767,0.1687065824574397,7.255972387755907,-0.002399646073069135,-0.12,0.10346680607053325,2.1146715790333968,1.9072629302806385,1.0458353865252246,-0.06380591884160669,0.016523687455117786,-0.07118028466071769,0.4575719071605824,0.3139618479616341,0.31914491076783363
375.4,1.0,51.0,47.0,0.9215686274509803,0.11401525109693757,0.1976559464547193,7.662461396958224,0.014128659292776348,-0.12,0.11635109347852103,2.1291703149159957,1.9711784546184425,1.0288635810979407,-0.05307438638965545,0.015543310374768637,-0.04899484258199793,0.4181700016639438,0.30706449737004277,0.327572024343196
375.6,1.0,47.0,43.0,0.9148936170212766,0.17759347339045622,0.2492002326851143,7.805143682556971,0.09944164182848703,-0.12,0.17935736753620227,2.079235140152919,2.063704523557951,1.018552107147463,-0.11250225117047297,0.04566245443648187,-0.033350916505429984,0.2416070349101739,0.1767864216491925,0.33143314419024805
375.8,1.0,49.0,46.0,0.9387755102040817,0.13980027730483716,0.20339193118809518,6.578172690065639,0.053210268135882116,-0.12,0.1399236693131179,2.1491568816212094,2.1038390107824876,1.0126578885102275,-0.04712493740446133,0.01630309973536992,-0.022831007483393728,0.3788934168438461,0.2975485753009809,0.33306547155347904
376.0,1.0,49.0,40.0,0.8163265306122449,0.14171739504014877,0.20615680394504343,7.4966866300259545,0.05711736163634806,-0.12,0.14335088686567685,2.1742905342027616,2.1650056326990152,1.008889389712273,-0.03799782687764619,0.013669529059081142,-0.015557609813474205,0.35957676022866614,0.2926373500658651,0.33379629222352425
376.2,1.0,54.0,54.0,1.0,0.09342479550426222,0.1695567183497066,5.8139767543408,-0.011135616551608638,-0.12,0.09675877122177673,2.262888400905181,2.1948318117581693,1.0070799190120079,0.03164212659878185,-0.018356073275997975,-0.010627401570814543,0.5461539528618771,0.47820738687085274,0.3340213672190763
376.4,1.0,40.0,37.0,0.925,0.138125429000656,0.19035285230634302,6.445159541612024,0.03891237312739791,-0.12,0.13738792700372182,2.246137341002805,2.276319460710691,1.0070995373447191,-0.03872577487890494,0.017593695394178877,-0.006712114406210557,0.3259485526635583,0.2764977678812628,0.33423876804349356
376.6,1.0,41.0,41.0,1.0,0.053133096100449806,0.12004654048055027,5.893402401170838,-0.06957926336881527,-0.12,0.06090041569483268,2.370808182575219,2.288570371754639,1.0074943720754872,0.0660765869181601,-0.032202769968035394,-0.004755838162759263,0.7257554319366154,0.6750364656452993,0.3341082304108546
376.79999999999995,1.0,35.0,35.0,1.0,0.03514961748232841,0.12259957395380121,4.30108210375626,-0.2,-0.03196786089804734,0.04045285231597182,2.5178095670987006,2.292297109480411,1.0964635921409251,0.12754133079246177,-0.0589957198904596,0.08590487162245931,0.7209191332574645,0.6711020141690868,0.33408115166173946
377.0,1.0,33.0,33.0,1.0,0.06783451626651359,0.12044170580252847,4.734589115115782,-0.2,0.025448103169796715,0.0695621841230087,2.5453394231127264,2.3496454882590663,1.1548590517847643,0.027933887257154844,-0.01016872684785497,0.11695772676540273,0.5404187407110891,0.46822307294536386,0.3341605228231403
377.20000000000005,1.0,25.0,25.0,1.0,0.02120872301775539,0.053272680215996876,7.126935385390351,-0.1918945687551352,-0.06675207925712476,0.019235416597330895,2.5653284690214897,2.4167138292281947,1.0918727859129242,0.004974568809248847,0.005885198147956849,-0.013926251886730023,0.6711918168044505,0.5942668788541072,0.28160383064398453
377.4,1.0,32.0,32.0,1.0,0.031302686195899085,0.06754384247368574,3.467551661481624,-0.2,-0.03589900687314093,0.03323473382524698,2.5932440717577085,2.4990034878127325,1.2482900470106815,0.014430931096786725,0.023823699445328916,0.02088085022910735,0.716215846994263,0.6265129741637149,0.34552004469969
377.65999999999997,1.0,34.0,33.0,0.9705882352941176,0.06665803262478215,0.10009899370679315,3.7698829949130315,-0.2,-0.0038527239505072946,0.06778836374231127,2.605344561857433,2.6053322929802536,1.4373750593938657,0.008080217440661563,0.04062979390887289,0.04587546921191077,0.6230807258293366,0.48661361661156777,0.3604163034725683
377.86,1.0,36.0,34.0,0.9444444444444444,0.05626965660539605,0.10680874264824049,5.954772422910282,-0.2,-0.01062095634022162,0.05848900625162094,2.5996804353270453,2.6916053046821773,1.5487886010789351,0.004615979486311428,0.0444920471494501,0.022647467863843973,0.6871657404403626,0.5559106546556439,0.3455111580980728
378.0,1.0,37.0,34.0,0.918918918918919,0.04886979254933641,0.1103081651370629,4.653932708165431,-0.2,0.0325282832308458,0.05058553222970237,2.5884633965890296,2.7566927848677714,1.687692477231417,0.0004928858272195136,0.03873209783209619,0.05812841942194158,0.6894842336451571,0.5651929146091847,0.3163688344466998
378.26,1.0,48.0,48.0,1.0,0.047940111252150246,0.08088113609870737,4.1170108881226275,-0.2,-0.02431028400336489,0.0467117791883277,2.5510149943748046,2.872003062431683,1.8113400520110838,-0.006365028253011662,0.052190247992841776,-0.016940669727441904,0.7544188157676412,0.6260157909637263,0.3481383849257745
378.4,1.0,45.0,45.0,1.0,0.04767351731454556,0.08576857100982474,5.364246037494087,-0.2,0.031793715329148944,0.0463191956366851,2.5211239695816654,2.93188490770664,1.9647460502625198,-0.009396862032004183,0.03779538765086654,0.04540305606954842,0.6668242253443609,0.5553996379654953,0.31759299293783827
378.6,1.0,54.0,50.0,0.9259259259259259,0.04302658218468235,0.07651261923633923,2.6303651140414597,-0.2,0.016204494204914047,0.04112132835102976,2.4722818690446218,3.0124475294886404,2.085785375104083,-0.015677048778093727,0.04212857194218378,0.015617508456551741,0.6960568533274579,0.6021386461907392,0.3266640381822001
378.79999999999995,1.0,42.0,42.0,1.0,0.05476591195960458,0.07687675282274795,1.4681954874564878,-0.2,0.011850752603643062,0.05207013233980921,2.4132742012389414,3.0810685572533005,2.219268558295863,-0.021566742395261684,0.04114573980811631,0.006421937981355708,0.6661999233675544,0.6057336140728572,0.3307826870084954
379.0,1.0,23.0,23.0,1.0,0.07251437378916956,0.08603267369950234,1.8607103267267688,-0.2,0.00538629811681488,0.06956118321849325,2.3437673649196995,3.1463446542283275,2.3429218849438533,-0.02636802168071517,0.03793285599184104,-0.0018777327886150272,0.4357303687347678,0.41182645394806133,0.2638007027249706
380.36,1.0,44.0,43.0,0.9772727272727273,0.07576983505788337,0.19001506757579886,6.252965892306692,-0.13627400127940398,0.12,0.07871041431811629,2.0862917960969796,3.5132465546649634,1.680280465877936,-0.022215252640860328,-0.11423852510303334,0.1134313876802715,0.8155976930479834,0.7820791840197722,0.5915665951929736
380.55999999999995,1.0,31.0,31.0,1.0,0.033067934506498746,0.06059171435938506,4.24466841586556,-0.05130493372747092,0.12,0.03213524061417465,2.052701313336448,3.6543317051158857,1.3348556317598703,-0.06967028040816814,-0.043118671714446055,0.044560273072085994,0.8082958589410982,0.7306464974563376,0.4202526177296049
380.76,1.0,36.0,36.0,1.0,0.026003071575859082,0.06636798251724711,6.637450237084974,-0.011170620038291883,0.06804239877995677,0.022850379899684404,2.1027246785947287,3.7948090791023614,1.0485367557206935,-0.03879617455787532,-0.008407279062931483,-0.028941131650489282,0.7471477175801143,0.6381645424790597,0.3734648509197739
381.1,1.0,42.0,42.0,1.0,0.021441549163231214,0.06647667492711792,3.3428925634501683,-0.016150672423498946,0.04169313975332102,0.018468831658207598,2.2381727456482112,3.9953716781171447,0.9750130872112703,0.011366001061650977,-0.01923206347822548,-0.04572267526689133,0.8026924033815712,0.7145777068932665,0.39466143100036577
381.29999999999995,1.0,39.0,39.0,1.0,0.022174660450029225,0.06657147083278099,5.131424916268375,-0.017780667133835353,0.014767255594561848,0.024348841915273388,2.2717613797443015,4.0424670228524935,0.9218838480027663,0.004623055456506098,-0.007812954389394555,-0.05394665561466593,0.7339642137538407,0.6555312205490658,0.35985598315845596
381.36,1.0,33.0,32.0,0.9696969696969697,0.026756824760977918,0.065333527041344,10.925630889428744,0.01619175405574801,-0.05638292553937903,0.027128846835621244,2.2573357454906233,4.076709979435338,0.8530801311738637,-0.025838592996640486,0.018136143459709153,-0.10556965835308552,0.5639801895254163,0.5081553103205871,0.29089077287415827
381.55999999999995,1.0,33.0,32.0,0.9696969696969697,0.02895449157850492,0.07300980092051887,9.045609581965266,-0.014785754081289135,-0.0303736868089814,0.029098014055208617,2.3154970009877807,4.111383888443234,0.8784516852708827,0.015232831530415769,-0.012456091940181047,-0.04915943378164611,0.6888449638623986,0.6316875608055239,0.31451558202817803
381.76,1.0,45.0,42.0,0.9333333333333333,0.03114795920530319,0.0678922480565758,8.346235655850275,-0.042863266583795294,-0.004392326977410308,0.030413341670158977,2.371124603252852,4.150190706521108,0.9143119678787008,0.025931611258784848,-0.020052072544755717,-0.007466258884656685,0.6910765905955207,0.6444985922575297,0.32537440363670994
381.96000000000004,1.0,43.0,35.0,0.813953488372093,0.021848898508833328,0.15229264428732514,3.7973750965474458,-0.2,0.06701503354395649,0.029487495480790507,2.5273470468195898,4.11357015680466,0.9959828484460731,0.13240012975326865,-0.09861431306945967,0.06684237046947028,0.6877983464542515,0.642527709948712,0.3302466268300754
382.15999999999997,1.0,55.0,49.0,0.8909090909090909,0.029637654977792433,0.07961320885475397,6.160217986424242,-0.09286921044315079,0.01892737664183863,0.029281806557312377,2.474735497164473,4.235448991352302,0.9621101562476694,-0.05011359758631695,0.039750155288693634,-0.0007954931468729942,0.6882325420084136,0.6358731688581573,0.3323940544047152
382.36,1.0,43.0,36.0,0.8372093023255814,0.025997204937931333,0.04565397841231555,3.2046073671477817,-0.2,0.07360555579870287,0.022468387229976353,2.5915725154630787,4.232582761869138,1.0292265275224262,0.07670150584257485,-0.05073190309127806,0.05312031832799246,0.6872891655091631,0.6320939587978,0.3333417717341916
382.55999999999995,1.0,38.0,35.0,0.9210526315789473,0.03335965025126043,0.0526054272470388,2.8559457396223626,-0.2,0.07930921296392837,0.031207825254094667,2.616764857564396,4.281353234079914,1.048775315818866,0.023934897143282008,-0.011833578202828043,0.04263864905703896,0.6902277331389259,0.628575798047309,0.33388581881405616
382.79999999999995,1.0,48.0,43.0,0.8958333333333334,0.024178332872549432,0.04187500010429566,2.3821027967041806,-0.2,0.08897086956932496,0.020766748731311693,2.659775270442588,4.362318446681903,1.067311073193298,0.011854659176881999,-0.003367874357459222,0.0384282625940624,0.7184092521479115,0.6506332457081095,0.3484156039304825
382.91999999999996,1.0,35.0,33.0,0.9428571428571428,0.043160038732468924,0.06041237065073021,1.3320966789807214,-0.2,0.08566341437028849,0.040659962367046915,2.6754550789958493,4.391822730906261,1.0700740627043908,0.00587316798079085,-0.00036832312825207936,0.02197818695248155,0.6217021850846972,0.5580903046064706,0.30991524169060347
383.1,1.0,38.0,38.0,1.0,0.03846974074662257,0.056485992909742745,1.894746603568642,-0.2,0.08381856350886582,0.03591723172507578,2.705467320079987,4.450378848614224,1.0729077597526895,0.006948202975686879,-0.0010153046004210964,0.013399246996146363,0.6725588521478157,0.5940115866777679,0.3154404138756942
383.4,1.0,26.0,26.0,1.0,0.03211748488018087,0.05114920893490945,2.070954431749457,-0.2,0.08700699201586465,0.028036531282082135,2.749290822019108,4.540426054168461,1.0910948766848374,0.010543916621921667,-0.0003630993700687313,0.012479163803226667,0.7093563380358935,0.6267242522791594,0.3152600327818674
383.5,1.0,35.0,35.0,1.0,0.036165080197561865,0.05654360525340665,1.3562805836370535,-0.2,0.0844740888326995,0.03344194507016406,2.7639442903891656,4.577719518856457,1.1226183911083991,0.0091755609764812,0.005561406234502186,0.006222782185493214,0.6268437983123188,0.5567251814871572,0.3205105736788616
383.70000000000005,1.0,45.0,43.0,0.9555555555555556,0.022552328654747326,0.03650355614391937,2.190162317326835,-0.2,0.07833232328427832,0.018646507277686266,2.7863377813142787,4.658723895373557,1.2262001541939622,0.0187772575833276,0.021596628428752318,-0.0017850788706499365,0.6977340873437043,0.5957759722882906,0.3280220060744559
383.9,1.0,40.0,40.0,1.0,0.016711926287734512,0.03096182478589678,1.3675762254769417,-0.1980704887012377,0.07592370763088198,0.008180879804635834,2.799187006180258,4.74467707591299,1.3498717121811834,0.018716313203404944,0.03358128731334631,-0.0032668964625968133,0.7130477919003229,0.5928886744371219,0.3313822807635185
384.1,1.0,37.0,37.0,1.0,0.015834338881490707,0.034669392370935984,2.371928245084872,-0.1824416740337504,0.07990731498064825,0.008907572346877701,2.787000589934162,4.832830055676773,1.47072421074376,0.0015760234961188502,0.04001787448887928,0.0022106485631643302,0.7202331052652302,0.5870109704097222,0.3328765076087327
384.29999999999995,1.0,35.0,35.0,1.0,0.01586671226554771,0.0334145680923711,1.751069180035756,-0.15277821403791522,0.07472361042895322,0.007868619736839921,2.739179924882718,5.0187346152504,1.6577058136254772,-0.013621556900347276,0.05319683582178136,-0.003500710101598914,0.7259948316852938,0.5844483605793193,0.33210683218189374
384.6,1.0,31.0,31.0,1.0,0.016078172014967647,0.031435927845558924,1.8001282573215855,-0.14692203000432646,0.03563108698584279,0.009495140891632383,2.660263836011335,5.280057931056215,1.8275308861144344,0.004394342269962159,0.05845330065329257,-0.04123649934537976,0.783980652963417,0.6452643189890661,0.35806206733277873
384.78,1.0,29.0,29.0,1.0,0.01854845144156024,0.03623926952487768,3.4826501786423782,-0.1420433536603105,0.06898218854267606,0.009867119392260067,2.6027052043271928,5.42054472872892,1.9117286446997845,3.8271421589630705e-05,0.02956174092209718,0.008381405764570584,0.7034311063075517,0.5728291764455217,0.31879759096326526
384.9,1.0,42.0,39.0,0.9285714285714286,0.018191900619103408,0.05596530859391857,3.2147914815514684,-0.14081904037453086,0.10420218824903983,0.010808295159127568,2.5651208235344667,5.512891703570055,1.9641517557345298,0.0024889259524680796,0.01709643876397493,0.041530567328855295,0.68347055258147,0.5453764291937727,0.3104978860366852
385.1,1.0,24.0,24.0,1.0,0.02644074397435524,0.072028294541882,6.970128838062395,-0.16845851918991922,0.12,0.027158355969838937,2.530473439070018,5.672499690343308,1.992968917774066,0.03713419923482597,0.022804878555806596,0.044785860861004334,0.6848421787018122,0.5295154162232242,0.2628799098653191
385.29999999999995,1.0,33.0,33.0,1.0,0.020701847546658547,0.04326925077999377,5.993270754513388,-0.10835301131843207,0.10636160149943504,0.015589634043965591,2.412690840255798,5.8016336621588085,1.9820522965065752,-0.034659706798233714,-0.003603427293590755,0.020898105998978567,0.7611276844156304,0.624989150350251,0.33975937197227984
385.5,1.0,47.0,47.0,1.0,0.04309561803448749,0.0885087213206264,4.128126152762648,-0.1444307529573265,0.12,0.04260505921389405,2.386053189901549,5.95921981445287,1.9947543719652892,0.04008928241941101,0.018169306930514217,0.026344980555038866,0.7577619898130131,0.6161193034073874,0.3352837389711084
385.70000000000005,1.0,42.0,39.0,0.9285714285714286,0.04332380506199126,0.0869196425315311,5.14230488023499,-0.14357170760739843,0.12,0.043393514434054696,2.356423226792204,6.029168640239476,2.0101581872931504,0.0138572070473435,0.009253330097217294,0.018945864172862592,0.7581712093610248,0.6166283935206724,0.33452930448356416
385.9,1.0,43.0,40.0,0.9302325581395349,0.03398477715259013,0.06462601376024218,5.230025805155465,-0.12653921127211595,0.12,0.033355829358060494,2.309348331633836,6.099399145017586,2.0188616042739564,-0.005996239517281232,0.0019420045299343158,0.012891048619531276,0.7477253100397432,0.6182067852086875,0.33420534368925964
386.1,1.0,51.0,48.0,0.9411764705882353,0.03257603127374633,0.06005930677272762,4.520478262855243,-0.12958455076742376,0.12,0.03010077148134774,2.283194815700613,6.176592022340033,2.025061041926782,0.00924007764254453,0.00664086040411771,0.00851483277092413,0.7360828404165649,0.6180294649790353,0.33403287001403015
386.29999999999995,1.0,37.0,37.0,1.0,0.02371196881749997,0.04079798470529383,2.221341388289333,-0.10953072033502516,0.12,0.020476927824219244,2.2349814802424133,6.244127205045905,2.027354436549221,-0.008797247774117167,-0.000639192023411006,0.005874923180585246,0.7273629077847829,0.6173794298155694,0.33394298083350676
386.76,0.0,37.0,37.0,1.0,0.02371196881749997,0.04079798470529383,2.221341388289333,nan,nan,nan,nan,nan,nan,-0.008797247774117167,-0.000639192023411006,0.005874923180585246,0.7273629077847829,0.6173794298155694,0.33394298083350676
386.79999999999995,1.0,45.0,44.0,0.9777777777777777,0.01926037797541594,0.04020810163324833,3.008102119317623,-0.12427033326559626,0.12,0.0159833076643612,2.17359413348861,6.436922267333538,2.0270802397867564,0.032891314319254406,0.01521773776908919,0.0037639953818802145,0.8368125941455827,0.750591389981604,0.4284590660137592
386.96000000000004,1.0,47.0,45.0,0.9574468085106383,0.02226438469001169,0.04519776436610935,2.552269421371447,-0.10461860154804538,0.12,0.018992681715958276,2.1310011958088277,6.488832665294585,2.0267222125005877,-0.007329751397797679,-0.0013124564045359222,0.0031208869489689484,0.6915837914305211,0.6059693003166743,0.35974509283199096
387.1,1.0,44.0,44.0,1.0,0.029740768853384524,0.05531181536707762,1.9218691679058078,-0.08793769519314173,0.12,0.026117656889405438,2.0945582683417103,6.535026449219474,2.0233168515843456,-0.011838524605914724,-0.0030732908539583548,0.0018485266503942557,0.6595701182062423,0.5641244719622197,0.3228661596198094
387.29999999999995,1.0,32.0,32.0,1.0,0.05469082161299542,0.07952642486571997,2.797913771212831,-0.06663341313544137,0.12,0.05264906081063449,2.053433985279282,6.601183350925563,1.9585756083609382,-0.013685795414625002,-0.008498673125695078,0.0010292792378416848,0.6866218348364026,0.5773281761185879,0.32893838446585316
387.5,1.0,47.0,46.0,0.9787234042553191,0.05971398534449371,0.09695473281155416,4.040971557632241,-0.05392681466163813,0.12,0.05822022156962531,2.035715646872446,6.667784266848592,1.8214408839433656,-0.005378992024555274,-0.01196236548063112,0.0003757444787948483,0.6622898011442159,0.5292785960748589,0.33169037855451244
387.79999999999995,1.0,32.0,32.0,1.0,0.1213574238144883,0.1680617015053809,6.086466425532375,-0.04751512748885617,0.12,0.1216959736707373,2.0404967289747615,6.780597626659855,1.6116172336048056,0.007537269024488147,-0.01656227049848713,0.00011207637277355075,0.3994823012593222,0.2493120555019879,0.3683164924605158
387.96000000000004,1.0,36.0,36.0,1.0,0.08693716299125494,0.13391222591807453,5.0179402910450195,-0.038811923554353915,0.12,0.08692721943335982,2.0576956794976593,6.905081285603308,1.4744625095116861,0.011071792570565453,-0.019440912700007473,0.00016169184839398556,0.5700648297824668,0.41372684321366754,0.3334490540074006
388.1,1.0,27.0,27.0,1.0,0.01419809221483546,0.032680411959479974,1.1871788738482403,-0.010069877802096444,0.12,0.00818728542855154,2.0635136492711927,7.0179514665646,1.3879712357096112,-0.010316207822299361,-0.009452283530500871,0.0004055821969388696,0.7329613471109218,0.6082361284993003,0.2744937939153093
388.29999999999995,1.0,31.0,26.0,0.8387096774193549,0.0163891007001241,0.035821980495998655,2.1483933311006966,-0.010484024502505079,0.10106547973595384,0.009220727446839966,2.118080616451139,7.168947123703127,1.2930856571068996,0.015837862183330387,-0.01012119736797068,-0.018913361913964533,0.7144117801007076,0.5634787015366673,0.28466390346244325
388.5,1.0,39.0,33.0,0.8461538461538461,0.02658808145732881,0.07607497735257902,6.6142882498207936,0.05761671236122384,0.0029938234787559507,0.02631850079308036,2.1172401926334348,7.343677032294234,1.156342308051791,-0.04130766093222027,0.01739112024663214,-0.11094376944828399,0.7593875550858921,0.6135003516627227,0.3395636826615294
388.76,1.0,65.0,54.0,0.8307692307692308,0.027708287225335266,0.06925332177042974,9.044102174754526,-0.006975847109328651,0.08124639780426979,0.027673316020480218,2.2616741626385264,7.5066153626845935,1.2146900579286761,0.06353448556672214,-0.02724818268621565,0.0033278260251325964,0.7885295094409309,0.6459775123735902,0.35586962920087123
388.88,1.0,42.0,31.0,0.7380952380952381,0.027402188732149873,0.07980380139474125,9.1051045671835,-0.13685775371200753,0.025653039639411398,0.025168352255894717,2.410985835136804,7.529035450049784,1.1559143265084988,0.13535952937782714,-0.06347531697133846,-0.050836805356766046,0.679090947513088,0.5414171785145035,0.3059923586552779
389.08000000000004,1.0,49.0,46.0,0.9387755102040817,0.0290121971728651,0.0761630695362579,5.556933428728364,0.040793281497410655,-0.032213764921103324,0.02903937453567603,2.280597535620483,7.6661876331793115,1.0931772408046103,-0.11792936918472074,0.053544495649751056,-0.08907837119433837,0.7562912084428052,0.6046205300668996,0.3259317347332517
389.29999999999995,1.0,43.0,40.0,0.9302325581395349,0.026421124409517306,0.06513937255635502,5.190861996476151,0.024404977220891494,-0.0212306490048869,0.024390553927870227,2.322922691903994,7.720680454432567,1.0964999496396373,-0.00851017561000278,0.004982872195602006,-0.05099154182328358,0.7627333374084638,0.6298768908920005,0.3379828464743849
389.5,1.0,47.0,39.0,0.8297872340425532,0.02531543726055614,0.12945846001027275,3.852567995652709,-0.1093205733292218,0.00566741386780678,0.027338443864464664,2.4702431282994843,7.720574946586489,1.121129653057272,0.11900559657106413,-0.057798331964750815,-0.006989705100072241,0.7289668445108142,0.6180142679823736,0.3358548741462172
389.65999999999997,1.0,39.0,29.0,0.7435897435897436,0.028818163462683132,0.05101313095352906,2.8736523114248653,-0.2,0.027925041615472008,0.025099502164993053,2.570337434938871,7.723650915501559,1.141993348754234,0.1100236372376564,-0.05436537885283421,0.01960893615439918,0.6625848615730795,0.559656104562653,0.2987588893885415
389.9,1.0,33.0,23.0,0.696969696969697,0.044659252991291656,0.07111587938732394,2.2028004365491087,-0.2,0.06914109892750214,0.04218240148458381,2.6017772857130677,7.795317226469701,1.1829519489780493,0.034595159536789044,-0.01735207332215616,0.05668710032247937,0.6704308589202311,0.5607639081750351,0.2761777800898014
390.05999999999995,1.0,26.0,17.0,0.6538461538461539,0.024681800014131852,0.0428718774250969,3.120426714143976,-0.2,0.008045250432485574,0.02073369569946814,2.6233941632903788,7.841120438221861,1.1227904773754362,0.011875769828390226,-0.005807093074817082,-0.019385115883573837,0.5500561501173503,0.4512495603561451,0.2159206089566771
390.29999999999995,1.0,16.0,9.0,0.5625,0.012186547610362355,0.025235746316417364,2.6645159378724514,-0.19547506897576736,-0.013949945312270305,0.005979358142270195,2.648991770423087,7.912602785722555,1.1014830626926941,0.002514268102546513,-0.0010096420350915736,-0.03698170954219426,0.46471422008160956,0.3611279243591868,0.1459436268045916
391.86,1.0,38.0,34.0,0.8947368421052632,0.015978537207193378,0.040223509680739435,1.5856951637125973,-0.0898898369742522,-0.08414018844587125,0.009796477581660815,2.565419984562867,8.633711244704315,1.8714115893931378,-0.08057369714174811,0.11923161599427523,-0.10172746823636604,0.9396286356616029,0.8926235101104186,0.6320226881133347
392.4,1.0,29.0,26.0,0.896551724137931,0.07477799647727233,0.1400592971664008,11.718384543120328,-0.2,0.12,0.07980182185889807,2.239816242395184,9.02647474890872,2.704702586964598,0.0053401241998298765,0.1320062616843245,0.16470714440599066,0.5999550968407437,0.6003415735037585,0.45892631523713506
392.65999999999997,1.0,34.0,31.0,0.9117647058823529,0.043334388608895276,0.12651515598415874,8.171798549307338,-0.1920043523051468,0.12,0.05155518660210166,2.0959563051065433,9.115955554492526,2.705020609115853,-0.006953815114843387,0.05572888520131336,0.09582504626315204,0.7475995069293097,0.7951961990042802,0.42726724605295885
392.70000000000005,1.0,31.0,31.0,1.0,0.020221267077905482,0.058516031343736376,6.791304581861673,-0.07442408455634812,0.012031938465606526,0.016427402854425285,2.0233625179102033,9.024030966649883,2.5979265139634546,-0.06572231643341464,-0.08606800485988231,-0.05118475447470283,0.504277600928807,0.561812654295481,0.31474989909235535
392.86,1.0,32.0,32.0,1.0,0.021260938485627955,0.06436163483343685,4.831017281703657,-0.026701507848343416,-0.049489625424477456,0.01922303749401087,1.9656553230081357,9.003023713726359,2.545322599555711,-0.05308919138987589,-0.0736138801234496,-0.09859064800254203,0.5805740204848259,0.6834629888466882,0.31474778417176946
393.0,1.0,36.0,25.0,0.6944444444444444,0.024431530465589234,0.05163697396262966,4.807859803573482,-0.10556900983501784,-0.023503645819273604,0.01608033455352608,1.9664835309766955,9.099990674307522,2.5769557465843045,0.024625506082260218,0.04919439864818642,-0.042588905439908675,0.510570177526948,0.606403400936763,0.2524583467545394
393.20000000000005,1.0,34.0,31.0,0.9117647058823529,0.020971668399094513,0.05056728369311947,4.63067094605154,-0.09924040479281748,-0.036834434175063595,0.015485219541427595,1.9143019336755753,9.128722416201708,2.558001523429197,0.005358812709491456,0.011852762305446518,-0.044469333113355436,0.6213847723856112,0.7031050629978954,0.3223026111725904
393.4,1.0,36.0,31.0,0.8611111111111112,0.019243260067517323,0.042565143568513715,2.424695740845757,-0.12804081410938364,-0.027545678567298334,0.011342270079733326,1.8815696752770963,9.184476724350613,2.5577454894679885,0.016798964427241714,0.026574922760715936,-0.020660983027308344,0.6213382483457016,0.6907392472332589,0.3265325294367455
393.70000000000005,1.0,47.0,41.0,0.8723404255319149,0.01578940085769926,0.03461579126321176,2.2144553965545923,-0.06463818157621026,-0.04490514664173308,0.010863986033816853,1.7764148764240495,9.182789643374468,2.52387585961054,-0.028903577343670994,-0.04848028118609271,-0.030805925685978064,0.6880137238876401,0.7457199723251243,0.3704309190063976
393.79999999999995,1.0,42.0,42.0,1.0,0.017232055509608574,0.03661726782152869,2.283186987870209,-0.1101442480115781,-0.054334496041396826,0.009472476383007002,1.777019114199813,9.238306800986816,2.508869333504735,0.018788088086254318,0.02673815965254711,-0.02984503072408007,0.5517393583653082,0.5971194807426284,0.31237419539355676
394.0,1.0,45.0,42.0,0.9333333333333333,0.01454854479423632,0.040223294845850986,1.8419294787491012,-0.10799438164406316,-0.05415224181379225,0.007955100313584738,1.7252606955425014,9.273705765206543,2.4988799487004902,0.005220772545768693,0.005443716995536363,-0.019890958895313116,0.6191617744757625,0.6672908634533131,0.3243510249247004
394.29999999999995,1.0,40.0,40.0,1.0,0.01666259987307419,0.04117212000249448,2.5419547564359655,-0.06121394457399768,-0.055846258159768174,0.008384928774043765,1.6312358630629837,9.287411125434065,2.4844468318508994,-0.026006713499747036,-0.04073996439843697,-0.015004918457879324,0.6897845731285008,0.7298254958089393,0.3653643360207452
394.4,1.0,41.0,41.0,1.0,0.015081098611475744,0.03152659048450092,1.3127716901073467,-0.12646513724278766,-0.05135622036282036,0.009487508329423026,1.6459709535145461,9.360314678946379,2.4855540875659474,0.030877894276793327,0.04317308972847833,-0.005920938455740377,0.554321566013537,0.5862424878707445,0.30997170473984215
394.6,1.0,39.0,39.0,1.0,0.016761754931714494,0.036178390773523014,1.2798657401727525,-0.11201256698396807,-0.05665282514714008,0.008990530305489661,1.5933476143714165,9.385197929180016,2.474241487947593,0.001825597343973806,0.0017247914876339365,-0.008653330829474726,0.6222896550077024,0.6581074993577108,0.3233036912219055
394.9,1.0,32.0,32.0,1.0,0.014699435367217836,0.03226554123495521,1.6229106086568441,-0.06861223879397362,-0.056915943791926625,0.006757121316879633,1.4965662152093664,9.406688335293762,2.467357748086311,-0.02698086797221655,-0.03898088574628922,-0.006078802655548721,0.6922534458899355,0.7237213532191322,0.3648848998857694
395.15999999999997,1.0,33.0,32.0,0.9696969696969697,0.019156573125723452,0.034968901372996276,2.335573904781991,-0.04133774951978683,-0.12,0.012726223623379213,1.4148308837313375,9.429660955157086,2.4803699487019086,-0.026603431675175315,-0.03282710329406591,-0.0678732728941509,0.6751980066822113,0.7112847379261253,0.3681025060570721
395.20000000000005,1.0,35.0,34.0,0.9714285714285714,0.017083916386286955,0.03475055609668584,2.5599733918061416,-0.12141479409094974,-0.06766570028203107,0.00827402127905503,1.4415638412495122,9.500908890399264,2.557380436487666,0.031618481141665766,0.06102918981226502,0.008617876789339451,0.471182560056202,0.5018840610365467,0.2865442768660198
395.52,1.0,43.0,43.0,1.0,0.07642679855865644,0.12578195772544437,3.109815207324838,-0.03678387221050473,-0.12,0.07842859257535278,1.3029772723350574,9.457905376944163,2.6996514801920535,-0.03646557200931411,-0.04822574363588572,-0.04544872234216779,0.45146840373721064,0.5419065071443881,0.35695036942303776
395.70000000000005,1.0,44.0,44.0,1.0,0.051170999507617276,0.0893802269100717,2.314665748450658,-0.0421639335174958,-0.12,0.05098340788146964,1.2514937765996934,9.473175198906171,2.8090639506751396,-0.020668322918456328,-0.01816047405180754,-0.030036814719867966,0.6470071681488584,0.7319794219722311,0.3367682972685172
395.79999999999995,1.0,29.0,29.0,1.0,0.016790148602019096,0.035180955222066324,3.0724016154461244,-0.05139063062050761,-0.11218586035670543,0.011304081208613887,1.1855471752164382,9.485882189165368,2.9087007122374913,-0.00988765819525761,-0.0006449396495646909,-0.012461508834973767,0.4992242976678272,0.5948571383705215,0.2757044106002447
396.0,1.0,27.0,27.0,1.0,0.017052049666241603,0.04053171681248581,2.383284468068944,-0.03929660666228582,-0.10502433054236925,0.008207225373033915,1.012946747572318,9.460026851810406,-3.138927504862639,-0.014786792148305583,-0.028780274104706294,-0.0019096964841569528,0.5375150380141326,0.6809145549573614,0.2832983199234798
396.20000000000005,1.0,24.0,24.0,1.0,0.014546148473520834,0.03352745098424424,2.0870959205567314,-0.07290285359252362,-0.04497844431712595,0.007746499534388193,0.8479124627979957,9.46308480631399,-2.9602119205830446,-0.016424275584394743,0.007178270934714348,0.05748104693215738,0.5236941035215613,0.6802042248947769,0.2725417754118645
396.5,1.0,39.0,39.0,1.0,0.014610885701860603,0.031922797130561814,3.3751583417529827,-0.04051573848930173,-0.07429640676779295,0.008591147607143542,0.6629994562557424,9.379729569036689,-2.905286849825503,-0.00012081466443936151,-0.046171536300260385,0.01285229486511863,0.6633511492619429,0.8047834876407916,0.3784788458384467
396.6,1.0,38.0,38.0,1.0,0.0176175136855611,0.03839728976614903,2.7212951537950336,-0.0829210947318898,0.011249949777362074,0.008098952308931625,0.588936157050992,9.401279897818611,-2.8112325244747973,-0.013688491189314589,0.02638894517514956,0.09172159597350582,0.5235624797181625,0.657574060904512,0.31561861784746004
396.79999999999995,1.0,31.0,31.0,1.0,0.012968723081881947,0.037467492322342984,1.7361097621572155,-0.07120752133800905,0.016426310590079703,0.007137246474968735,0.46684506746889537,9.35453439509713,-2.8023093845026006,-0.0006811719954303297,-0.008430114651918785,0.06871023558102607,0.576132451471097,0.7377974713746089,0.3180723363938698
396.98,1.0,38.0,38.0,1.0,0.015469869191466552,0.03597926631970898,1.5695528425793701,-0.05178821241885927,0.015215362734856613,0.007277008980460785,0.3618748590556317,9.306417645862732,-2.805224043282163,0.006285294864784741,-0.023342308844016557,0.04540225371105988,0.5825121762771693,0.7324882839033877,0.3232186720869446
397.20000000000005,1.0,34.0,34.0,1.0,0.013374396123694973,0.027035255746323743,2.396886908299904,-0.07003420473445449,0.040522316360522906,0.006218195597235244,0.21856462552419065,9.283706883202811,-2.781963436746423,-0.0036309722188633264,0.009798783817874579,0.05534350512589725,0.6118399847826604,0.7732513948590617,0.335836248185083
397.4,1.0,37.0,37.0,1.0,0.015011792858002611,0.039827970520446954,2.0046807948915624,-0.056423646139641036,0.051152334522320424,0.006894991442380055,0.1008242875284816,9.240135214940159,-2.7964183884686484,0.00454623950430795,-0.00954677288107142,0.04767864414153289,0.6032838371862429,0.7612969468081313,0.33412033510809985
397.6,1.0,28.0,28.0,1.0,0.016004891439974297,0.038337944005100384,3.197624134331011,-0.041155369156517733,0.05278319194640703,0.008545955281305194,-0.01784389066540698,9.208373848383628,-2.888585984356837,0.008971550898352079,-0.012775647797042211,0.033101190398310276,0.5646157938645375,0.7454115780548857,0.30442152965755864
397.79999999999995,1.0,31.0,31.0,1.0,0.016622436776236958,0.03625718356814921,3.3529704420590796,-0.03489292818214548,0.04073974555260887,0.00978880799129935,-0.16185469795234894,9.1945831132135,-2.977159924668087,0.00679483826560856,-0.0037482668135719877,0.01061631941457408,0.5906531413741763,0.7778364405131277,0.3319447242632002
398.0,1.0,30.0,30.0,1.0,0.015080571123182897,0.03437877111419798,2.6081409842877346,-0.02603326012587609,0.03218664166182898,0.009950664641784264,-0.316919380098396,9.182974053015803,-3.04001892245144,0.004955548717712366,-0.003810599784120683,-0.0015742089713612908,0.5741929384956019,0.7791738687041849,0.32240292696653416
398.17999999999995,1.0,34.0,34.0,1.0,0.01888593551635684,0.03628013762939648,4.323647131621846,-0.012176828893997804,0.019791918597799055,0.010179794658169513,-0.461030065258256,9.171487648862296,-3.0826921437170376,0.003333244265408042,-0.00967600046852013,-0.013576054599522715,0.5747413712036261,0.7788253215945175,0.3298408854351331
398.46000000000004,1.0,33.0,27.0,0.8181818181818182,0.014897008335675466,0.029853314210376906,3.512924246654471,0.00655075249719982,0.01202965770759148,0.009145971893339336,-0.6885198233480673,9.159092886803814,-3.1121635806374943,0.0019117202185375826,-0.014279312136762812,-0.01715802319081572,0.5922529067964789,0.8265343938256784,0.3210185163452303
398.65999999999997,1.0,54.0,44.0,0.8148148148148148,0.027784489208724658,0.1263849816389762,3.565828985241134,-0.006439172220267014,0.036473447545192016,0.03657101595068355,-0.8468199342026848,9.177450146201757,-3.0942611574596266,0.00047760242209426984,0.014169549332317288,0.012330057254325233,0.6028485725083351,0.8203813475003275,0.3527512127081611
398.79999999999995,1.0,63.0,56.0,0.8888888888888888,0.043016956101021867,0.1165273593952368,11.35887796537357,-0.03676346039272858,0.07678165935291151,0.048560232402144535,-0.9567243921229035,9.211007891833637,-3.055964485471255,0.00011042507767189402,0.03607171099905493,0.048711902124687345,0.5408512925608207,0.7916953942916101,0.319204448740186
399.02,1.0,39.0,35.0,0.8974358974358975,0.03562956496736688,0.09257597134365217,7.341789882946897,0.0036346298550173116,0.0700488044389926,0.036594920436528955,-1.1159715740282556,9.176512870968919,-3.068956115997359,0.0008584764772896492,-0.025683451082381126,0.02725301596766494,0.5911763751454271,0.8291612274820773,0.3342094806692867
399.15999999999997,1.0,34.0,28.0,0.8235294117647058,0.027384603677182668,0.05864837796954382,6.343918467625064,0.033555937256310904,0.04864154684118883,0.02567988711358847,-1.2260167130704818,9.151318855821115,-3.0877095647968624,0.00032805863085316744,-0.028292021160305936,-0.0038758304337367377,0.5049500341017856,0.7600821396699301,0.28276127561915376
399.36,1.0,39.0,38.0,0.9743589743589743,0.024496383722254274,0.05155932906310804,5.208834647728001,0.029881150324533402,0.020626287957816184,0.0211194135964697,-1.2628525031766455,9.156520026095045,-3.1308880270644286,-0.0006867851800933522,-0.0012417622910323445,-0.031432313077275786,0.5832199480130834,0.819477319487655,0.32943036970521744
399.55999999999995,1.0,41.0,40.0,0.975609756097561,0.020826848922483425,0.042692194269964186,3.1097713998151413,0.09816766721988476,0.01414036720151618,0.01706839218980848,-1.3309405548491289,9.088605116387082,3.1364178213918694,-0.0019524478887598118,-0.06581853601092646,-0.027574918264553962,0.5839691731573183,0.794307467072278,0.33213279101270343
399.79999999999995,1.0,30.0,30.0,1.0,0.019803954675597424,0.03666177655293669,3.1779600475275953,0.19604790011586426,0.024975700998707256,0.013965971598397065,-1.4143613881570067,8.993602966566982,-3.1385338504455422,-0.003543000293111387,-0.10880851737181985,-0.0083938503914216,0.5939209230412155,0.7835606040765101,0.33333930225677816
400.1,1.0,27.0,27.0,1.0,0.027495722237355965,0.054502963033412954,3.6240657460180845,0.2,0.031166880335586053,0.026613768114057884,-1.513724742709806,8.992718523602457,-3.134021921010663,-0.002113891443392246,-0.024352853180472422,-0.0011044240354918244,0.6102400995534392,0.7809143605507609,0.338571300784099
400.29999999999995,1.0,23.0,23.0,1.0,0.026215938726016238,0.043045244805739784,2.783719610709513,0.2,0.032129822358396454,0.021717213828610558,-1.5792921864487812,8.995230549727216,-3.1332674553692996,-0.0008605362379769943,-0.0032231264937720994,-0.000238533135635155,0.525036761826142,0.6853771901296233,0.29014587207839243
400.36,1.0,20.0,20.0,1.0,0.017994741707640233,0.032959187493468683,2.8801712072723515,0.028191786216744535,0.0375490407610352,0.010327348153121746,-1.5943295057141877,9.167958867799145,-3.1277786717304563,0.003699287418291508,0.17136209114426215,0.005189560448522812,0.3790130972384301,0.4918035664095864,0.2210111562795318
402.12,1.0,21.0,14.0,0.6666666666666666,0.016452777421765312,0.031804842546800896,2.504687429134988,0.06469834209970358,-0.11403913508297595,0.005715020972530506,-2.1876482058011,8.974992896618023,-2.5281830223862873,0.040422350318745526,0.08687345558716508,-0.14541853977868646,0.7846539964052677,0.8845908278876919,0.43218249408210074
402.5,1.0,48.0,41.0,0.8541666666666666,0.060542024835747124,0.1575993711590716,14.326342350232947,-0.1384907111049769,-0.12,0.06996960431357059,-2.476770853542773,8.774063058735917,-1.8922521925134146,-0.15706761477221098,0.0799393456930666,-0.08519400122193233,0.7261974661079946,0.6760716006318584,0.5561106942609675
402.55999999999995,1.0,51.0,50.0,0.9803921568627451,0.029183461237224623,0.07599505644328966,9.432558041616005,-0.009180411614381693,-0.12,0.03151988872776425,-2.345842745830346,8.731902658337235,-1.795359220591466,0.09204744499956607,-0.00963733463239791,-0.026639000013547243,0.672002237840346,0.611830711411965,0.37669923506812014
402.72,1.0,40.0,37.0,0.925,0.042657120999344905,0.09071217320304831,9.241016040479082,0.10016010986642303,-0.12,0.043119519517173674,-2.235231058575606,8.633667693905757,-1.6767022522555068,0.14942944093429444,-0.001653002024323058,-0.01924797843912951,0.7164545327315728,0.5612918396496794,0.33757944729515926
402.9,1.0,47.0,45.0,0.9574468085106383,0.026610008409680176,0.06477378952589832,4.508482699832414,0.03915918369179227,-0.12,0.026419832661897083,-2.293338500572635,8.577105050545178,-1.6106865696989572,-0.012588237181012207,0.004252349027138891,-0.016618640737996238,0.7465724206935077,0.5643449910938254,0.32813622817034627
403.1,1.0,38.0,33.0,0.868421052631579,0.0345097869163125,0.08172432860562742,6.442283832023459,0.053615278216000976,-0.12,0.03545201547376713,-2.276492518985446,8.521729225528977,-1.5785632749885918,0.017539347436302588,0.004525628950496241,-0.010954428012464048,0.7494546448631962,0.5796865744850684,0.3315204362529369
403.4,1.0,58.0,55.0,0.9482758620689655,0.022366389039475777,0.05909665212460493,5.41426270241668,0.0025814805195720544,-0.09089585597074334,0.021009583372944594,-2.327095503991242,8.425807434994741,-1.5545541860859269,-0.0361323826086859,-0.004342844731802131,0.021535783990609625,0.7953829142203146,0.6430910281551929,0.3682492135936594
403.6,1.0,49.0,47.0,0.9591836734693877,0.026312869475234032,0.075171825777864,5.620664999195799,-0.06682861943899489,-0.052385059123544006,0.022756732626098945,-2.3998480206937876,8.35844701950604,-1.534843494009566,-0.07025285605087772,-0.008426222210371037,0.052727037690704526,0.7358708504714204,0.5931650703150075,0.3488717729939934
403.78,1.0,52.0,50.0,0.9615384615384616,0.020381272368262676,0.06856186113954874,3.7465403904354244,-0.027332858435024903,-0.09284891201798293,0.017403729685277057,-2.3643643652184085,8.307242759186586,-1.596307511523037,0.0252738127149863,7.846359835284034e-05,-0.0049890151398104265,0.706882466518274,0.5702210925684152,0.33321003035204466
404.05999999999995,1.0,47.0,47.0,1.0,0.019826346514222812,0.07676306354056525,2.4229294115963254,0.0027085865297192123,-0.07333561465324641,0.01743715949778023,-2.3402660644594295,8.221930745534506,-1.612339026931072,0.04515323543294958,0.0011253030356375149,0.015768795546232225,0.7739507554949503,0.631669896437801,0.36211430045119153
404.26,1.0,44.0,37.0,0.8409090909090909,0.01574077901106011,0.0366336044121318,3.377472624940939,0.01557036323384422,-0.08525650622881965,0.010735674366607757,-2.3377523906142303,8.161574570848442,-1.6475999889174717,0.027924035883405196,-0.0003180104905933234,-0.002703167911207283,0.7255355168286348,0.5917651744694753,0.3462444025781197
404.4,1.0,39.0,38.0,0.9743589743589743,0.015693165466901717,0.0378935941006025,4.590344102713102,-0.031203231009548443,-0.08684289015348617,0.01159417088291482,-2.391179430747857,8.119419279697047,-1.6641514702237667,-0.03561740703242755,-0.0005259742742538265,-0.003835917438179459,0.6707905948832578,0.5379353798328658,0.31676149214358856
404.6,1.0,32.0,32.0,1.0,0.01681569967338091,0.032395621945637366,2.2521482751966233,-0.027734741184719355,-0.08682141550791181,0.009678067641000881,-2.396669701020774,8.060538209002946,-1.6828345294094154,-0.003242107549625839,-0.001115282514184912,-0.002073827427238939,0.7146220009852692,0.576251099881615,0.326362484022894
404.70000000000005,1.0,18.0,18.0,1.0,0.015266681055007808,0.036471170077182105,4.606389216392657,-0.06929718559481461,-0.10693105536133723,0.00965264633910271,-2.4433787192631113,8.031445796457321,-1.7111217213660923,-0.03986046931122145,0.0005380648682713485,-0.02146140388410966,0.47778820337222905,0.35746685400805817,0.18752686569944732
405.76,1.0,27.0,27.0,1.0,0.030500649361815665,0.060664833814892884,7.544764186582402,-0.06746087557706576,-0.12,0.030407948935663245,-2.414713498282244,7.697938892657078,-1.3344944333531168,0.013036084405445347,-0.025291702315902498,-0.030048421978064566,0.8994002784218955,0.8101992457812877,0.5054155924305749
405.96000000000004,1.0,35.0,35.0,1.0,0.07991431625973842,0.11758869758205699,5.965255611219766,-0.07889522624433823,-0.12,0.08046204100234793,-2.338273899898638,7.538617022020149,-1.073978130275488,0.015248004723074526,-0.01950761626831543,-0.015186271138123653,0.5164668471333694,0.4251160557432802,0.43169373217871543
406.1,1.0,44.0,40.0,0.9090909090909091,0.06108810670901703,0.10537128691969316,4.3310621473625455,-0.033462505923973006,-0.12,0.06115092189733739,-2.2258055346618493,7.498637603072314,-0.8658247811277365,0.05744418522879435,0.016898300810338718,-0.008881848266109826,0.612785825579409,0.5614569874228102,0.35298501867777127
406.29999999999995,1.0,39.0,39.0,1.0,0.05707732327673451,0.08787910259220626,3.9004637859178626,-0.02285496122510841,-0.12,0.057097003298205405,-2.158026234918105,7.462135360763398,-0.725351300827663,0.03623262766340396,0.0163308183493589,-0.007710863104259835,0.627219135470687,0.624149848308421,0.34205259307443464
406.55999999999995,1.0,32.0,27.0,0.84375,0.05204004337858751,0.08866944836558224,3.5285653975448072,-0.017749597112186856,-0.12,0.05094101869293399,-2.0657061510749637,7.41031711850653,-0.6079670332431099,0.023877664155576905,0.016282253710123484,-0.005884557111112465,0.6493762336338353,0.6877673567161369,0.32054992637681334
406.70000000000005,1.0,38.0,38.0,1.0,0.04890011383319192,0.08038027034351332,4.877415869302807,-0.0014342033572267148,-0.12,0.04884341531484672,-2.012484202207805,7.395521550366174,-0.5764664584308229,0.018552078019548723,0.02279359646258783,-0.004648582821280001,0.6092430638035772,0.6613453727840324,0.33193417745692394
406.96000000000004,1.0,34.0,32.0,0.9411764705882353,0.04222009766495885,0.07542350151861303,5.120858246690092,-0.0038380656602639697,-0.12,0.03920291628735269,-1.9280350132684092,7.3411574150806755,-0.5549566631181575,0.01142597097327025,0.013897346496295704,-0.003677929489595666,0.6629667183410127,0.7292558847543574,0.35451229043130994
407.15999999999997,1.0,43.0,35.0,0.813953488372093,0.02999523734408457,0.053942516657818594,4.639886285670732,-0.005419925739535798,-0.12,0.0258706165372351,-1.8616869810526073,7.295885556613845,-0.5539348268136081,0.00782982779827801,0.009088792195701245,-0.0027695371902171084,0.631391403001648,0.6998422523714571,0.3427971474392782
407.29999999999995,1.0,40.0,40.0,1.0,0.0483323834533318,0.10939727161341037,6.4326517413751505,0.006028408861900631,-0.12,0.04665542442850545,-1.813588585769791,7.274422836449263,-0.5556341542139018,0.011148487233153315,0.0174597903235032,-0.0020767762988912475,0.5794315061297693,0.648823231840616,0.3150464401342983
407.5,1.0,51.0,47.0,0.9215686274509803,0.03056223196896839,0.07487037905568308,5.858725952924071,-0.025761971163821746,-0.12,0.03117484244940331,-1.763369569825341,7.202759326705744,-0.5597851377490443,-0.004521319750281361,-0.016192171117075382,-0.0017854998156648927,0.6202151089101505,0.6919979385730507,0.3254361450396069
407.70000000000005,1.0,49.0,36.0,0.7346938775510204,0.030307916185150757,0.10179222929757964,5.580638974585091,-0.024175900101276175,-0.12,0.03331318531451357,-1.699049773693171,7.159520963147972,-0.5653306210330145,0.005793262145882938,0.004101106405290267,-0.0009286739013896206,0.6268815007631168,0.6956809137502136,0.3300950714882805
407.96000000000004,1.0,40.0,36.0,0.9,0.029739558395016612,0.09850050417159999,9.778018116258085,-0.07517274503794945,-0.10278198642133084,0.0333931229957366,-1.6379868714940202,7.058357280912313,-0.5445188908967863,-0.012718841624380195,-0.03584681898098285,0.01645341517037391,0.666607471445176,0.7325043228179021,0.35376125290483806
408.1,1.0,59.0,57.0,0.9661016949152542,0.027877797934634466,0.08714775113671717,6.806283507853033,-0.08426710911412712,-0.11928144718475721,0.029886507349054757,-1.587291708366123,7.024554058254049,-0.5021310568952733,0.0018764423275745568,-0.013432818082210751,-0.005139350866861181,0.5826212564356236,0.6577592774826052,0.3201366934739174
408.36,1.0,60.0,57.0,0.95,0.029781546911136377,0.08202755364229407,6.932998565628482,-0.08804687800672896,-0.12,0.03238595808162161,-1.480852301228099,6.983541264445874,-0.36012751215847544,0.016777099788565897,-0.0011831013858625283,-0.004041846879835165,0.6437833611211344,0.7490309716405433,0.34960093109947
408.46000000000004,1.0,59.0,56.0,0.9491525423728814,0.027618380451655964,0.06569139874934117,7.083015029749628,-0.13045201136624765,-0.026280480703807698,0.026416698360381456,-1.4456893320420048,6.931487854575394,-0.213983175948234,0.004023679440130268,-0.03947117865413663,0.09093856293512549,0.522317173275955,0.6335994201106847,0.30230996434223395
408.72,1.0,59.0,57.0,0.9661016949152542,0.02348786758985225,0.07604031437657238,5.632677523673368,-0.10430607605135137,-0.05053582240805889,0.022178312518564926,-1.3490136235761416,6.943460875086823,-0.14341117168616693,0.019613147819504073,0.016562090330577206,0.0397467428069741,0.6188798748833311,0.7654064438828058,0.34222335903611584
408.91999999999996,1.0,54.0,47.0,0.8703703703703703,0.0230530021039448,0.09562995404010519,3.9771228913692394,0.007064247731255921,-0.08090086960987944,0.02069012776310827,-1.2822661587556872,7.0491729346772765,-0.11708445569525774,0.017300671243243082,0.11819205313788927,-0.004588823641252335,0.5923227836480522,0.741468538864093,0.3377542729367534
409.1,1.0,47.0,39.0,0.8297872340425532,0.021319064083782566,0.046595762469249985,3.794334091967543,0.028643063368083633,-0.0795544271442835,0.01775186846385808,-1.2207890589093138,7.064879589332067,-0.07204366092375168,0.004570753636583769,0.05646738700991527,-0.003439948946814167,0.5720490690645849,0.728469741491373,0.3282374038044678
409.36,1.0,36.0,31.0,0.8611111111111112,0.020483019410699636,0.04420949941850078,4.8910793397184325,0.055968757700648464,-0.11532486779655264,0.01615937327904504,-1.1454946862555233,7.089685579180604,-0.058382782632829186,-0.001420469517120937,0.04848075289515297,-0.03899482459410678,0.6133861895847114,0.7668372111672836,0.3460281655653012
409.46000000000004,1.0,26.0,22.0,0.8461538461538461,0.024147605288841998,0.044620913154211024,8.070886431766965,-0.05316709240013652,-0.06080738251701647,0.01945808039117505,-1.1015936282133525,6.9799495822135995,0.011887609572976167,0.0064303714773787934,-0.09410178050061369,0.028201058593125182,0.417071413678998,0.5553697880166091,0.23266473148037695
409.9,1.0,20.0,20.0,1.0,0.020284751902777197,0.030679530533647033,3.3137707928491364,-0.2,-0.10670135159653836,0.013416639867901717,-0.9406440016863318,6.831461147107966,0.01475391227954316,0.025173167388431006,-0.17574388368695182,-0.022951853166164646,0.5998724070301249,0.7688445336076327,0.30623198205517904
412.1,1.0,14.0,14.0,1.0,0.022331881511972542,0.03713174990915703,3.2744088712904684,0.1052260870236765,0.07870816366071687,0.014999552882535147,-0.2129911282201789,6.776943416745886,-0.8440713596446091,0.1023294143787557,0.28347302106460415,0.17352192882243,0.8396708068730665,0.9064945741659887,0.4877558498298793
412.22,1.0,24.0,24.0,1.0,0.016962999596882702,0.03859269141682641,3.239356720057993,0.10177828954719882,-0.00029249617820200084,0.01049812118370722,-0.19269023578972408,6.7160411469984025,-1.055936398877152,0.011918382373125397,0.00860613944843891,-0.00949824900509566,0.6894531235761083,0.6751775111663344,0.4751801474808281
412.5,1.0,19.0,19.0,1.0,0.01883496741796278,0.03682446844361985,2.3878775339702663,0.14675598790592312,0.02957559265145752,0.008969333740253972,-0.12510285143540603,6.550838729629786,-1.3115779770417637,0.05709643968329409,-0.014336855918807068,0.024312095651657376,0.6992051644766074,0.5696321988644624,0.33832598433277933
412.65999999999997,1.0,22.0,22.0,1.0,0.01828875336039167,0.03996714798363879,1.5501608390419803,0.13494268121133302,-0.018525748855634,0.00948161323140312,-0.1407999910737852,6.465103498238402,-1.5402090343058883,0.008588697504079118,-0.03613617694496174,-0.03450246976805894,0.6784859120829622,0.5284680401036742,0.32555110360778766
412.79999999999995,1.0,33.0,32.0,0.9696969696969697,0.01592130966175915,0.035871852502688976,1.625627973901361,0.11693358118437322,-0.0931126469636981,0.00815151467024602,-0.18223420958355763,6.363907043968993,-1.7379919385990665,-0.014534932432807873,-0.032497657727332374,-0.09827806344834666,0.7338159329717249,0.5727235216296923,0.37050129422602035
413.1,1.0,37.0,37.0,1.0,0.014631690719787533,0.034709146773442494,1.8381354157650607,0.17913235200501484,-0.12,0.008451776887123534,-0.18336710994145067,6.190932499375364,-1.922063485149398,0.059238011568415405,-0.04855652414394207,-0.08871819797189473,0.8097774406714581,0.6531380762444216,0.3824025645118157
413.20000000000005,1.0,40.0,40.0,1.0,0.013805865362829938,0.035799638861241954,1.626149461672195,0.11470254193003364,-0.11815581928253657,0.007879126188445149,-0.2499000303709844,6.167146934270781,-1.8241095212706628,-0.047484467892191906,0.010095312791517763,-0.05520982607299496,0.6686767497529744,0.5210945405385685,0.3177573243325461
413.4,1.0,42.0,42.0,1.0,0.016579686139816165,0.036714882312608055,2.546220070170369,0.11216444950930694,-0.12,0.011282955314319786,-0.24500532015106546,6.089675282934729,-1.6206105627534524,-0.008572876164661763,0.026532384413037846,-0.038554313776581584,0.7628726317673628,0.5739187624845931,0.32646141976949805
413.6,1.0,33.0,33.0,1.0,0.018916074541091128,0.04079773769690654,2.3730290817247637,0.10005135540692305,-0.12,0.01330228311385463,-0.22561703740352002,5.965687224198265,-1.3795265408925856,-0.003919263142028839,0.036658832815492204,-0.025788360910762087,0.7711122635494113,0.5866931677107272,0.3295478351714881
413.79999999999995,1.0,36.0,33.0,0.9166666666666666,0.014776694512303687,0.03803892318276361,2.5698758617182675,0.08818981573692784,-0.11991074826608798,0.00913806077079548,-0.18665037033612353,5.824629986896964,-1.2231572564955273,-0.0021422713105248847,0.029273412576735325,-0.017303489815117645,0.7649085943818795,0.601466103611442,0.3307826524110893
414.0,1.0,42.0,37.0,0.8809523809523809,0.046109211391235326,0.16524405058472577,4.798990774287778,0.16563139184942072,-0.12,0.05266660147195472,-0.058235050245731945,5.724554974952808,-1.1387672879548285,0.07668513572678654,0.06521245256499153,-0.011801637953293032,0.7408812692290905,0.5922603077252512,0.331394117093019
414.20000000000005,1.0,55.0,46.0,0.8363636363636363,0.068802603012266,0.11231291946018034,5.356078289220273,0.2,-0.12,0.07007465115416121,0.037767229209688336,5.607979194397219,-1.098448252327298,0.05564344604677496,0.05232680235803411,-0.010676931061305517,0.6264104685634888,0.4732140674488315,0.3319962145444903
414.5,1.0,64.0,62.0,0.96875,0.07592263387915359,0.1616742757294611,6.25380581633452,0.2,-0.12,0.07956681998453655,0.14737976356376026,5.398928784266141,-1.078500022718056,0.03761825781196425,0.036325634986343225,-0.008809017531043128,0.6631618641854368,0.5089104283573077,0.3669228365058896
414.6,1.0,51.0,44.0,0.8627450980392157,0.04313886813991438,0.08027584598555394,6.689930973273486,0.19780572624495565,-0.12,0.04087669301394412,0.18208035471048223,5.327629571383723,-1.0781079189546823,0.015005908928397982,0.01604725423313802,-0.0067527616120861556,0.7462305584734024,0.6473902896575664,0.3099993216755739
414.79999999999995,1.0,54.0,50.0,0.9259259259259259,0.028293608229154034,0.05937626819916076,7.30036699566836,0.18264085985093084,-0.12,0.02422163108218909,0.24538154526699735,5.175459442740817,-1.078760101429145,0.0072476998566836925,0.0034425276821679063,-0.005084621158963465,0.7693888777522293,0.6405902640458723,0.3223807898984438
415.0,1.0,39.0,34.0,0.8717948717948718,0.02582681585115157,0.05008202204624358,9.543879627039127,0.1856441526685282,-0.12,0.022063122291778828,0.32185468467687073,5.035514583053178,-1.0816801220784278,0.02103718969254581,0.009410910326402622,-0.00364931206689878,0.7739949814697541,0.6386915621101096,0.32800658589406684
415.29999999999995,1.0,33.0,27.0,0.8181818181818182,0.023731717007726836,0.03821023519886784,7.794093372009122,0.19488221958717028,-0.12,0.01688890849887875,0.3836882081201203,4.93603675585969,-1.1085678084711414,0.026410715924101602,0.007504053854168191,-0.003028652324509995,0.7986293932000644,0.6567347902156562,0.32837734508671396
415.46000000000004,1.0,22.0,19.0,0.8636363636363636,0.02476949085376876,0.039852913623738905,5.331767002653386,0.16537653038721084,-0.08757968097571071,0.01493340730233014,0.37782303835003606,4.880218388558954,-1.0818828062034984,-0.01487646362312861,-0.015248247615257782,0.02998593903202762,0.6298510463990455,0.4937619803270239,0.23714498939164083
415.70000000000005,1.0,20.0,14.0,0.7,0.015642711794266132,0.0360207558120632,4.493000394145331,0.1916325086875452,-0.04534675139891874,0.010913797073027351,0.4326146371090283,4.829435999948179,-1.045420517941752,0.02565966646077511,0.010158981299010605,0.06529836129029509,0.6150152164308119,0.4779072097440191,0.20812001127517918
419.02,1.0,44.0,18.0,0.4090909090909091,0.21967775324712155,0.3484686065658674,16.287862376558664,0.2,-0.12,0.23119214348817224,0.053412508419559857,3.392838580415437,-3.1004241770217993,-0.012103931304340856,-0.3274528625860076,-0.02335538701919404,0.45282005545680143,0.3545821812361711,0.6259997754186982
419.15999999999997,1.0,60.0,59.0,0.9833333333333333,0.07447240180120218,0.2139679397284377,12.323705672143776,0.2,-0.12,0.08962258501432566,-0.09779330758816102,3.4041823835621914,2.959473576745146,-0.041536090971535856,-0.22853891050885133,-0.016888751571891625,0.844667264390989,0.8257051294308196,0.5398154957822475
419.36,1.0,33.0,33.0,1.0,0.013966028564016431,0.03644633156794556,3.88068541800493,0.0468862306087361,0.09040396174520701,0.008728796457453166,-0.24885812887168396,3.618874938093578,2.861061557166599,-0.015746016638811894,0.1006946289664068,0.19591164209454348,0.7871858656678162,0.8347043253655819,0.412084279586118
419.55999999999995,1.0,38.0,38.0,1.0,0.013992393853822619,0.03206150682404091,2.8040687629800387,0.038150350516156784,0.06890436163387777,0.00805791843802459,-0.37483983962143996,3.7359861571013906,2.5201314183395014,-0.015708580984506393,0.030219946143557053,0.09719485984252785,0.6683084788999729,0.7334449048589252,0.3654061969821945
419.76,1.0,46.0,40.0,0.8695652173913043,0.013455976260543043,0.030117729719710423,2.874237152281969,0.042859752432421336,0.008307743890972264,0.007634280926307732,-0.4783828611421801,3.8661291466212995,2.3084145334435267,-0.01358011643810747,0.011620901174405063,0.0015178542945646354,0.6902224190740021,0.6875736382112739,0.346194446574939
420.0,1.0,47.0,34.0,0.723404255319149,0.01338557737614419,0.029074889570178307,1.890166186730211,0.0427551617561636,-0.11684523682130954,0.008302950406067221,-0.6348458669537198,3.959802848833107,2.4546725783593226,0.004301820299099535,-0.001217856265194328,-0.12433791197230981,0.6981219950828919,0.7327781294795743,0.3520446416292997
420.15999999999997,1.0,37.0,29.0,0.7837837837837838,0.014320622992791658,0.031622212931918144,1.7053955658799118,0.02605056670746023,-0.04240594673720312,0.009219507284825483,-0.7369053542116355,4.022001052022865,2.7028641737366867,0.01192732643581007,0.005785183502781344,-0.0060997692964881445,0.5876227585169456,0.6973958811519089,0.30492997925865184
420.36,1.0,53.0,21.0,0.39622641509433965,0.028199692441189472,0.3057339413545932,4.045319959345251,-0.010951862500673825,0.006426932753419193,0.06718217453436008,-0.8838524891591684,4.090327547584551,2.9002914451586244,0.015702238583743422,0.029151412664980114,0.04489017137422735,0.3706624146525793,0.5654386281048173,0.2478933377687637
420.6,1.0,50.0,38.0,0.76,0.14370412064772314,0.25191698852910827,9.650609569024205,-0.2,0.12,0.15362619302245537,-1.046754869572296,4.299354668657167,3.1181442699813617,0.03284083969295826,0.19406148647813826,0.14816302528829436,0.1807119168090892,0.3657385511316796,0.36602485353978875
420.72,1.0,50.0,44.0,0.88,0.15508562638629736,0.2236072707184916,6.392393928475702,-0.2,0.12,0.15804785801258475,-1.1471466363811178,4.311344272787349,-3.134795383023734,0.012902729566859783,0.13099131232676609,0.0967251639751583,0.17948098028635368,0.3490095507282503,0.3177536690731131
421.0,1.0,56.0,49.0,0.875,0.20848288100068663,0.290642254163254,8.606062779299151,-0.1696350400924232,0.12,0.2103691180057516,-1.3795017166848975,4.300003689682298,-3.0971426820057495,-0.0023318956927376178,0.07050680267338816,0.06744256800263873,0.14210469806650175,0.3262444474637719,0.35550280409542
421.12,1.0,45.0,41.0,0.9111111111111111,0.1403346602945334,0.21536205956372628,6.710040313684317,-0.10731594144753727,0.12,0.143193145078939,-1.4765930751582543,4.244495308362324,-3.090302166750675,-0.00810720137701626,-0.0037944970072203432,0.04414611380989619,0.26778117783791233,0.48828413969943246,0.3126896080081709
421.5,1.0,30.0,30.0,1.0,0.19253527157043696,0.25131022744845466,5.186261310532401,0.2,0.12,0.19313248646278267,-1.6006594668475327,3.9446828037292985,-3.0761974836170944,-0.02396498698922933,-0.29767826105207984,0.030295704746606585,0.19068630776139073,0.3922454993786079,0.37202435134541295
421.6,1.0,33.0,33.0,1.0,0.17219976908553694,0.2399416722513686,6.042543774982639,0.2,0.12,0.17394998243524826,-1.6321356320046232,3.9481060551571443,-3.07259257016117,-0.018901823301614495,-0.1767786476555968,0.017252706310165955,0.22151827739925894,0.38390797920763753,0.324654527219417
421.72,1.0,24.0,24.0,1.0,0.14874316782498345,0.19671417871400215,4.288814438915381,0.01270600892146087,0.12,0.14984314704490234,-1.6622976243186698,4.1356670257070025,-3.073054093662696,-0.005815321176550814,0.08274165903407393,0.010821444432876692,0.20940386644873052,0.33512495173564577,0.24193157154384765
421.91999999999996,1.0,12.0,12.0,1.0,0.15787487481156096,0.19604331990221854,7.113419158847612,0.2,0.12,0.15803225980770766,-1.7370150442877488,3.952456840648229,-3.0710636009778165,-0.013513265968606358,-0.12463327110908473,0.00855399807101609,0.11103147416076313,0.19098903454183294,0.15544930357189063
422.12,1.0,22.0,22.0,1.0,0.1444925904712389,0.18074997342317262,4.987350172054278,-0.08937188143813818,0.12,0.14482843202030934,-1.7802718660089614,4.24575682989779,-3.0695648144574594,0.0018239776382080741,0.1947526373734494,0.006815501788157263,0.2366295501033859,0.3725706946880681,0.28593768308603457
424.29999999999995,1.0,20.0,15.0,0.75,0.02486343903664873,0.04253127825770548,14.351124297113985,0.0370299080484713,0.033293179983568184,0.021646208457603608,-2.542023181760482,3.8367596498281937,-2.0153294456099053,-0.008151589463153197,0.10389936527807553,-0.08061624446630855,0.8647059166718619,0.918756020377334,0.4913555612283901
424.5,1.0,25.0,21.0,0.84,0.02535874989813891,0.03821666741080586,7.1335905590724655,0.12779777580134005,-0.045988114534685494,0.02087171665735486,-2.476689500396615,3.6924903000593314,-1.7913684287720306,0.08545725123699288,0.0033772968051422048,-0.1145703638890172,0.7241522918647318,0.6497633730086774,0.43933510513380053
424.70000000000005,1.0,33.0,32.0,0.9696969696969697,0.025209122237108736,0.07104944325573398,6.620656531032718,0.16035876410290972,-0.08094949870658533,0.02145395144996419,-2.439863522239321,3.6414725792028673,-1.6723170710073867,0.058723600301709755,0.021139927368445388,-0.10421247846964343,0.7731542102166507,0.6439417390917638,0.4545703291756672
425.02,1.0,41.0,36.0,0.8780487804878049,0.05672609081106118,0.10390485757773463,6.180709112713556,0.19667558207419858,-0.12,0.05745468593661308,-2.3872543872801057,3.577998942131282,-1.4860006820331169,0.04917806479356557,0.051706607487627565,-0.09761734834162494,0.7618211742661068,0.5979878910223396,0.4190077309049477
425.1,1.0,45.0,25.0,0.5555555555555556,0.021541271467123334,0.04508474133716489,2.747481965789684,-0.19910348688999924,-0.07154051560891843,0.017132748537447687,-2.762922617728931,3.460035359199982,-1.3814427272504055,-0.3712043386152737,-0.07044826388320802,-0.009582050676856912,0.5956384746942782,0.4691717961343845,0.27515859915375507
425.36,1.0,51.0,44.0,0.8627450980392157,0.0774498113863556,0.11882838461721132,3.390608091742096,0.1360891430791278,-0.12,0.07618954463018421,-2.4076329696029948,3.4884136021832277,-1.2851707166458426,0.17425875408154523,0.07759313985226735,-0.049599797945940376,0.5830344758729793,0.4300979993291809,0.36309589468548265
425.5,1.0,48.0,32.0,0.6666666666666666,0.02001638238886045,0.05711336383530125,1.4909316364223497,-0.10587817158534481,-0.08933247587374187,0.01493255909690513,-2.6175796406501446,3.342934783971646,-1.2408086035393875,-0.1479491788305327,-0.05956141676145288,-0.003802611985130211,0.7265083150177664,0.6195062370256822,0.3244013252440654
425.79999999999995,1.0,31.0,28.0,0.9032258064516129,0.017562939076537085,0.03688189126844742,1.6128613203097135,-0.04369371302265006,-0.056342799358787575,0.011734456693752806,-2.529890173182491,3.2768954551265463,-1.267655011838878,0.026171774646879697,0.013269194094676973,0.033132507447755755,0.753029735698632,0.6302762427323356,0.334931879221501
426.0,1.0,31.0,25.0,0.8064516129032258,0.01742407830527823,0.03331228625783867,1.786494462694526,-0.034984511950204945,-0.04936500920960333,0.010577075946584477,-2.5186226066841,3.206723225773205,-1.3175169900270263,0.019041844595033552,0.00876773722708224,0.02844289524873611,0.6786841451470226,0.5520110754860029,0.3005057233410539
426.1,0.0,14.0,7.0,0.5,0.011577730186499291,0.021214437844020953,2.144173818753149,nan,nan,nan,nan,nan,nan,0.019041844595033552,0.00876773722708224,0.02844289524873611,0.6786841451470226,0.5520110754860029,0.3005057233410539
427.36,1.0,22.0,10.0,0.45454545454545453,0.036403612543370066,0.07140686431424692,14.088899351600825,-0.02374745807920899,0.007310570297556884,0.04166392405516813,-2.398699033585937,2.760068913926098,-0.9357080488657739,0.05051757440668725,0.005980433788858264,0.07616780360180964,0.8084487537420995,0.6732495228924984,0.318701075290471
427.55999999999995,1.0,63.0,28.0,0.4444444444444444,0.05132308507145633,0.10765427776071078,15.129896764572957,0.027174737653294975,-0.12,0.0557089946796538,-2.2273169819626357,2.6666670248238704,-0.7232021993690947,0.04842038056233067,0.04193961525227374,-0.07802371873008919,0.7344809092147943,0.7111548909070857,0.5029951234775526
427.72,1.0,103.0,50.0,0.4854368932038835,0.10095616337619027,0.3343706727712878,12.834238461611774,0.07101116752982764,-0.1143254039319031,0.1228222936863191,-2.1012900830979966,2.6629703544810717,-0.4381526906644885,0.024110650927765764,0.06547724977965297,-0.037111655143606814,0.24056214820679267,0.2873865838087941,0.41369171225413204
427.91999999999996,1.0,74.0,67.0,0.9054054054054054,0.06778208728197896,0.23442758097150201,9.177544719163864,-0.18652431935432723,-0.1092313192712732,0.08363028617878988,-1.9666255954587646,2.390987188551782,-0.10057679874301102,-0.0023800950349648353,-0.19282129540082282,-0.018143949027478637,0.45117228162294803,0.5831939185206987,0.36554924284417056
428.12,1.0,51.0,47.0,0.9215686274509803,0.041375168349799554,0.13213550759831968,11.754185239894454,-0.19031460287713114,-0.06953886504039447,0.05023050285431146,-1.7865313401096943,2.4176388021859916,0.19345506592933598,0.05415632972833673,-0.0632011263179324,0.03405351317276495,0.6746003101073968,0.8029319544210215,0.346269497056872
428.29999999999995,1.0,36.0,32.0,0.8888888888888888,0.03278764914260759,0.08904588851522022,13.22278948601728,-0.2,0.06357326845628414,0.03429983762734727,-1.71364216677911,2.4360000481273447,0.4538066400303626,0.04262926214071516,-0.009659810020058224,0.15727050593806077,0.5966201891007019,0.7520543705313165,0.33207969895475786
428.52,1.0,25.0,17.0,0.68,0.03752848465897761,0.11155054774563629,12.485732043633224,-0.2,0.11018920688842622,0.03916318592902126,-1.635437491733355,2.465770319255512,0.5662540593639347,0.02795609822630518,0.006680435671680307,0.15187380496902603,0.46822752968957154,0.6113792326231948,0.21536595171723297
428.72,1.0,23.0,11.0,0.4782608695652174,0.04505844924421749,0.06704177110628076,1.3535171972585722,-0.2,-0.12,0.040618706414353375,-1.5764806187437586,2.490890921178929,0.3364921066186813,0.015345430225942813,0.004288460599123578,-0.1110284199541563,0.395540502827744,0.5118812118056167,0.1645697394991281
428.96000000000004,0.0,12.0,1.0,0.08333333333333333,0.13364186572443548,0.13364186572443548,23.42022402451498,nan,nan,nan,nan,nan,nan,0.015345430225942813,0.004288460599123578,-0.1110284199541563,0.395540502827744,0.5118812118056167,0.1645697394991281
429.15999999999997,0.0,14.0,4.0,0.2857142857142857,0.14402084092494413,0.1641482521469351,15.96653791005535,nan,nan,nan,nan,nan,nan,0.015345430225942813,0.004288460599123578,-0.1110284199541563,0.395540502827744,0.5118812118056167,0.1645697394991281
431.62,0.0,17.0,1.0,0.058823529411764705,0.06816800427642686,0.06816800427642686,8.860566215228692,nan,nan,nan,nan,nan,nan,0.015345430225942813,0.004288460599123578,-0.1110284199541563,0.395540502827744,0.5118812118056167,0.1645697394991281
431.82000000000005,1.0,24.0,18.0,0.75,0.04848540809773479,0.11433546359407117,5.614076026766862,0.2,-0.01967988504597327,0.05654741115240833,-0.5358371092340486,2.19735079073044,-1.449653880818891,0.13325377426355622,0.23648998982088032,0.0075764391756627525,0.8940974046801026,0.9287663524530799,0.5962802015831336
432.1,1.0,30.0,21.0,0.7,0.019280389726915086,0.03850090435819296,4.483310467283612,-0.1210292544681381,0.03391353330958975,0.013607102541310048,-0.8703665547079072,2.0932164784769043,-1.5834142723319569,-0.30503602170890787,-0.005781042099184397,0.034226058165929274,0.7725872518269677,0.6816648126410605,0.45755685590207057
432.22,1.0,39.0,35.0,0.8974358974358975,0.040691288873689925,0.11348512176804529,4.402678795151878,0.2,-0.04434645243339735,0.049110806473441404,-0.5591002421379192,2.033134505530717,-1.7447157185306896,0.24934122235213674,-0.03231008921230005,-0.048422801461282416,0.7040693906978772,0.6060566316424065,0.4434849581093609
432.41999999999996,1.0,41.0,30.0,0.7317073170731707,0.01656680552541494,0.03905080445213631,3.5162232064998586,0.01441740869004882,0.029290835317445002,0.012375043808393707,-0.7666808341516702,1.9985964710980533,-1.7988586383110567,-0.1097997375213553,0.010876292490669792,0.04177529332617791,0.7123039068602254,0.578368425505207,0.3641338212498112
432.9,1.0,55.0,31.0,0.5636363636363636,0.016388168745907226,0.03903032968498818,3.5365702616734858,-0.03751452450315367,0.0907096390786595,0.01375610510793549,-0.8949280530429046,1.8980586478346402,-2.019468204981763,-0.07773998699809637,0.024554560418862392,0.0899591309619896,0.8198322449449298,0.7340814678628719,0.4330920448770179
433.0,1.0,52.0,31.0,0.5961538461538461,0.01949233113637886,0.08061607073023531,5.1319625669281335,0.026816415932207672,0.02957675233597036,0.01761892597495349,-0.8600779971320591,1.8416557191188105,-2.1178534219437255,0.040323126397614484,-0.0296019939379919,-0.008240216605191364,0.6089260411133849,0.5515300992613,0.3395527198008799
433.20000000000005,1.0,61.0,36.0,0.5901639344262295,0.0181411584526905,0.04617296714388311,2.6057235913348147,-0.005376803663901096,0.047883636140710915,0.013827705472900336,-0.9238303049442703,1.8077334388476858,-2.120702680928113,-0.014342196682241015,0.00746415640541076,0.012050541627139033,0.6751784559412133,0.6143573416001967,0.34125044962473416
433.4,1.0,64.0,34.0,0.53125,0.05146461016040199,0.33496543007830315,4.0977265602444515,0.02090867166078857,0.04131355311923526,0.10285844953218992,-0.9331189961221132,1.7416638062716676,-2.0885451692707306,0.01582770070501127,-0.010874034339080074,0.001663695342725369,0.3414487660620658,0.28095693974934804,0.33741251281500645
433.6,1.0,68.0,34.0,0.5,0.03502261978568174,0.09923161223106902,8.831815573680485,-0.14965886259116412,0.12,0.0392027821089978,-1.1095484691765554,1.7693954791636486,-1.949809559319272,-0.1415830925785293,0.07684928170827932,0.07961134040465634,0.7446878880094862,0.6790545444461026,0.3354782501495503
433.79999999999995,1.0,52.0,26.0,0.5,0.02934779123930612,0.10141395530172749,7.2683609115184264,-0.11031040520238398,0.11683099138378486,0.03468618514193114,-1.1011335210603082,1.685999183701343,-1.8845421995433387,-0.005194278463862334,-0.00669738184041857,0.05252765727445907,0.6570955388429346,0.5644663167887621,0.29017708601029385
434.0,0.0,30.0,4.0,0.13333333333333333,0.2285928396957567,0.3373516045074634,9.75904971698266,nan,nan,nan,nan,nan,nan,-0.005194278463862334,-0.00669738184041857,0.05252765727445907,0.6570955388429346,0.5644663167887621,0.29017708601029385
434.28,1.0,55.0,26.0,0.4727272727272727,0.04607695430905824,0.12775756228309668,11.904842682452172,-0.2,0.12,0.054559400296647034,-1.242900377965071,1.5901225744953584,-1.8864592334767432,-0.09432197472227943,0.039672128985119404,0.04050812980213836,0.7654612510006902,0.6549787980740093,0.3810938900979676
434.38,1.0,76.0,69.0,0.9078947368421053,0.12398221090535112,0.3422689402831302,9.759527570978982,0.02051183853294387,0.12,0.16168921637715988,-1.0606852857806814,1.473038544299778,-1.9480820399989311,0.17626667883878944,-0.08265304104933424,0.02761121134841127,0.157924005339628,0.12062710698660271,0.3561201145329551
434.6,1.0,67.0,17.0,0.2537313432835821,0.05131416431930605,0.08638786062075593,11.30983927349981,-0.15885144161398926,0.12,0.055988388269424774,-1.2506780115886162,1.5312443598533942,-2.0823007025190847,-0.004423017314023392,0.038250724790712676,0.016986740543641684,0.5898373621605214,0.49704298384095974,0.2230952793307923
434.9,1.0,83.0,39.0,0.46987951807228917,0.07020071767871187,0.20801909343583458,16.806694483213263,-0.1947615582116231,0.12,0.08903133815933535,-1.3561188046955779,1.5043614592540275,-2.315071969003071,-0.0072075673215292735,0.08434524934910437,0.013637279941859147,0.5225501185566886,0.4725193860360411,0.4009429091704214
435.1,0.0,75.0,7.0,0.09333333333333334,0.10616245110320986,0.19980611313725913,15.287258603261819,nan,nan,nan,nan,nan,nan,-0.0072075673215292735,0.08434524934910437,0.013637279941859147,0.5225501185566886,0.4725193860360411,0.4009429091704214
435.20000000000005,1.0,55.0,34.0,0.6181818181818182,0.27607901929083817,0.3479595555176292,10.309045058365289,-0.09726772015202144,0.12,0.2821818471260392,-1.4742158695060432,1.3937480004879848,-2.8365918405936874,0.1027939404344691,0.016309318509341253,0.009703232900502456,0.09308589383267353,0.1123315713055635,0.3946381420029493
435.46000000000004,1.0,59.0,51.0,0.864406779661017,0.27421985569805263,0.34329262532672467,6.048638672975823,-0.08764250676176752,0.12,0.2767189995778302,-1.5466089294755563,1.3897311421507286,-2.9835977942020473,0.1077808612639013,0.01942899758351535,0.0057061798651423246,0.11720114533758154,0.169791460193771,0.3798628798459928
435.65999999999997,1.0,47.0,45.0,0.9574468085106383,0.2842677964000208,0.3406284198896627,4.758095154165875,-0.07632089475469207,0.12,0.2869215275163599,-1.6070372206657544,1.378273967494093,-3.0308945233876496,0.09913513526372086,0.015402511265479646,0.0034882154786886055,0.11809578662787705,0.18177335643375359,0.3538886071260759
435.79999999999995,1.0,37.0,30.0,0.8108108108108109,0.27166476157319924,0.30739973539710197,6.47132755695694,0.19912928950766282,0.12,0.2703460287012513,-1.6584405070686312,1.1007725616646755,-3.054027998078153,0.07998504145033314,-0.25536017532661415,0.0022329021716531727,0.12503812994108227,0.1930278837129067,0.3065193298009612
436.0,1.0,28.0,28.0,1.0,0.2704491699891909,0.30581489341106716,5.684233652704142,0.2,0.12,0.2703253571521539,-1.7265396942386793,1.0987526466982898,-3.071793005337314,0.06136892857688436,-0.1976641037829976,0.0006324436244269371,0.12360392036119427,0.19391234726211978,0.30226815089062015
436.29999999999995,0.0,20.0,4.0,0.2,0.333999575589348,0.3456102952372057,5.0082722545038045,nan,nan,nan,nan,nan,nan,0.06136892857688436,-0.1976641037829976,0.0006324436244269371,0.12360392036119427,0.19391234726211978,0.30226815089062015
436.4,1.0,18.0,18.0,1.0,0.2693415609893005,0.2960032704233341,3.0670586243663043,-0.2,0.12,0.2683824246099341,-1.8310789421940252,1.4981590928036845,-3.080857850174482,0.07211108643123443,0.2560596044747061,-0.00019695841253231094,0.10112607109053179,0.16933316976614515,0.2772097081152651
439.20000000000005,1.0,13.0,11.0,0.8461538461538461,0.01841237436726273,0.03427234357114696,10.146216886248846,0.2,0.012185285537388419,0.013031985259597728,-2.3728984678260607,0.743248232459949,-1.655105109480389,0.1852934078132349,0.0773618390868056,-0.10711514550605773,0.8882253775611235,0.9133011985816618,0.47408026872621006
439.58000000000004,0.0,18.0,5.0,0.2777777777777778,0.01766179035128333,0.024047607361620794,12.0794569169515,nan,nan,nan,nan,nan,nan,0.1852934078132349,0.0773618390868056,-0.10711514550605773,0.8882253775611235,0.9133011985816618,0.47408026872621006
439.88,1.0,27.0,17.0,0.6296296296296297,0.017000436654287205,0.03906761954609832,1.2590011737731734,0.05800517150271424,-0.043888509013698646,0.007665652509926918,-2.4530106794033073,0.55162654191645,-1.326207154655381,-0.13676935298862114,0.03862370046027985,-0.12256263963563942,0.8297569026810997,0.748823360215387,0.5022778831203182
440.1,1.0,18.0,14.0,0.7777777777777778,0.019728764363598918,0.03856337864777798,4.067027702768113,0.061105724634650395,0.008874347234021085,0.008886090773294502,-2.420775691881963,0.4794222371943762,-1.2832389708225278,-0.019282143344943936,0.012804281761054859,-0.0010447647617326528,0.6185073020064129,0.5126104513393035,0.32966699833467855
440.15999999999997,0.0,15.0,6.0,0.4,0.019439274883999616,0.03733580451043951,5.374855845878776,nan,nan,nan,nan,nan,nan,-0.019282143344943936,0.012804281761054859,-0.0010447647617326528,0.6185073020064129,0.5126104513393035,0.32966699833467855
441.4,1.0,40.0,40.0,1.0,0.1030406496345895,0.15622436526627362,4.709534516082712,-0.0423126815583,-0.12,0.10440637909524628,-2.166906592777824,-0.023436604528109556,-0.5897793180590688,-0.08973809883634676,-0.05065078575213337,-0.12906155975512418,0.740087417896689,0.6476750667217834,0.6356308275200959
441.72,1.0,42.0,41.0,0.9761904761904762,0.016824661712751904,0.03456249622801064,2.0498724986760943,-0.08666702788091002,-0.020215916422270264,0.00957378166969007,-1.8952576838657784,-0.0893845354971998,0.018433191134483395,0.009992231042208255,-0.035094657359646446,0.0573360266791082,0.8221722204139976,0.863360500312625,0.46837240179600037
441.91999999999996,1.0,30.0,30.0,1.0,0.01742712116013987,0.03849329477433439,1.8779265748237413,-0.04796419684299789,-0.02009774106026572,0.00852372595646161,-1.7492969423952074,-0.029702603516236412,0.13520284586791279,0.005451056585709102,0.040726770957744254,0.03224271963036967,0.6074584146452395,0.7646380701907188,0.3717422247282729
442.20000000000005,1.0,27.0,26.0,0.9629629629629629,0.01684133740870427,0.06006778278538793,1.4213737366109174,-0.030407232371489366,0.01333407602459283,0.008296831929906816,-1.5122796166297976,0.013121899026429098,0.1438719646039748,-0.0017769772297429043,0.03580610932975507,0.052120877404485386,0.5953149571964579,0.7975630054852784,0.3362428989131061
442.36,1.0,25.0,25.0,1.0,0.033461474241080966,0.10804586642626797,1.961190701969094,-0.03678387684812345,0.025338433907915573,0.00918450773274346,-1.4180791594101827,0.01695128292103678,0.13682980566708525,6.62415165719743e-06,0.0019047822867919659,0.045028347551620815,0.522475274986729,0.7234927269930498,0.29909918467915253
442.5,1.0,31.0,31.0,1.0,0.029878619239683737,0.0944537183530472,2.6311666110714884,-0.026580376104449355,0.02194077530599858,0.010712283196896405,-1.2775859974709358,0.0387147032078015,0.10064414517339393,-0.0020227276240372127,0.011056768211342109,0.028110434534072443,0.5475397771180361,0.7563789122521611,0.3250561964497093
442.70000000000005,1.0,25.0,25.0,1.0,0.026144978043791303,0.08909583442488665,1.411973535948546,-0.01071543590898197,0.017375778977264313,0.008738993067159296,-1.1170644376591925,0.05297975977697177,0.06193637987062886,-0.0023209380122790613,0.017593473898635782,0.014026654912812672,0.5192052890366147,0.7620496798796491,0.2811275353144515
442.9,1.0,32.0,32.0,1.0,0.027885500017397945,0.09269590354731246,1.5178750525966516,-0.00983857012275538,0.02283522208888169,0.010348767869489217,-0.9577437778942742,0.05398950021241729,0.044204129014478365,-0.001119343363055969,0.0036232072875750504,0.014992837403827945,0.5968593382203798,0.8168898531543253,0.3440719507649768
443.1,1.0,35.0,35.0,1.0,0.025958839534096705,0.09380310183228886,1.2481363599179336,-0.006415555331219366,0.026088973813917078,0.009854674364329965,-0.7984964544177106,0.05624324933122822,0.03182828709070443,-0.0006022917156518481,0.0018381748677307325,0.012981909846511291,0.585434015493757,0.8162543370364742,0.3374445378860088
443.29999999999995,1.0,34.0,34.0,1.0,0.024329900134493914,0.07598002834354388,1.6494765979962998,-0.01716960905766696,0.04394961843377083,0.009323222570995325,-0.639155898347666,0.04132628484332036,0.04041519530691224,-0.0003897154666773206,-0.013335817348260871,0.02641123488545503,0.5834091412730368,0.8203663195996544,0.33461144067374543
443.5,1.0,41.0,41.0,1.0,0.021256924910861525,0.038313960533598174,2.9657999951037572,-0.004047974155165367,0.03850168422252073,0.01178598597217763,-0.4788533160367868,0.05092066927796808,0.02789363769299344,-0.00024971907232113066,0.006320533172767616,0.012484142022809305,0.5830677008898048,0.8240330060206164,0.3334051226076882
443.70000000000005,1.0,44.0,44.0,1.0,0.018830679759505524,0.03617967085000222,2.2641535986251773,0.00966833513695304,0.0347674273344565,0.009269826782140155,-0.31861064845604453,0.05976272292833282,0.019000742576722705,4.1051435218208976e-05,0.009860770642378877,0.004422849611541437,0.582996221833252,0.82728437429271,0.33290562129537304
443.9,1.0,42.0,42.0,1.0,0.012566733056578305,0.03344581105011944,1.9585919824333513,0.008162262011334551,0.04457768455186085,0.008668560146058624,-0.2645062566166692,0.05592073030622884,0.022651007583792022,3.505413316129413e-05,-0.0015757537601545496,0.012509244924745554,0.5829669862709117,0.8283130601603289,0.3337767919419429
444.20000000000005,1.0,45.0,45.0,1.0,0.012382333114965473,0.03359780208806458,1.9018162728009171,0.010774325873957337,0.05036165738672409,0.008902427339356736,-0.26431931849000956,0.05970812631081496,0.019533380388002272,0.00020253444810452992,0.0023021808619534748,0.0141316316846651,0.6435070126270678,0.8363843480964887,0.36964334448431374
444.29999999999995,1.0,45.0,45.0,1.0,0.012545605072214923,0.034325570697131186,1.889851708099263,0.010873410999755185,0.05093234395054734,0.008896091349599861,-0.2651324819805466,0.05967115868080238,0.019570163421243278,7.964563185264284e-05,0.0005053135081759044,0.009476448220464718,0.5124062318463498,0.6523450270799196,0.3121729638703222
444.5,1.0,45.0,45.0,1.0,0.012255150916973082,0.03290521233719444,1.889620083372056,0.009588743187361113,0.053719742012746804,0.008883563087121592,-0.2635342139380925,0.05969260517849932,0.019564295986839765,8.562599761308132e-05,-0.0011793603192638766,0.009305561675290012,0.569782163462281,0.722324571666132,0.32459502734748774
444.86,1.0,45.0,45.0,1.0,0.013171700748597484,0.036016976635137164,1.901869215404702,0.010620207932982163,0.0543654467760385,0.008924014159912617,-0.2670168806909552,0.05968161522607078,0.019534720267354245,2.530843971804142e-05,0.0008679678982716349,0.0069312639870323135,0.6708357433977423,0.7880765256215796,0.38565559350004797
444.9,1.0,45.0,45.0,1.0,0.012811923345085624,0.035153525798478594,1.889763725847051,0.01004924814348383,0.05487297984443048,0.008903493503353633,-0.2660558889420793,0.05966511610985252,0.019567933871881903,2.3081700550597883e-05,-0.0004336754649681418,0.0047662129402204455,0.4541965952808666,0.5279112762910916,0.2954470375895887
445.1,1.0,45.0,45.0,1.0,0.012370383975430251,0.03359221740740102,1.8896108093873243,0.010000222602182359,0.05544794259419315,0.008889594985182506,-0.26430928107250856,0.05968568514062851,0.019564060609272398,2.2415418825416644e-05,-0.00034382262111905953,0.003933093403872878,0.559278629034316,0.6773193422659171,0.3168780873767656
445.4,1.0,45.0,45.0,1.0,0.013153671404163273,0.035975947554741955,1.901814539127205,0.011507885336819252,0.05560452971617641,0.00892364229082011,-0.266971400538894,0.05968360179904837,0.019533335046891524,-1.7647121475672378e-05,0.0015363518878616297,0.002843537263487333,0.642055744394186,0.7515764842674801,0.3628578743680028
445.5,1.0,44.0,44.0,1.0,0.012759899216254773,0.0343282198808485,2.0097792317341034,0.00985371308467622,0.056112341915999626,0.008975361275395579,-0.26518473172598506,0.05947799780573507,0.019664427423001053,2.0564760170149743e-05,-0.001368182595478891,0.0023202003464711657,0.5118391921363402,0.6022683655126858,0.3089473131927212
445.79999999999995,1.0,42.0,42.0,1.0,0.012746049451361895,0.034118258673567596,1.958154727484826,0.006928968767715708,0.0591485994988692,0.00867446399155093,-0.2652504939123785,0.05592578408787288,0.022640322928417785,-0.00013213588390020847,-0.003470473147050235,0.004640334206087202,0.6350494660209548,0.7442318429744457,0.35962244351028405
445.9,1.0,45.0,45.0,1.0,0.012574800037825839,0.0343911887559042,1.9016623264621975,0.010597536367435732,0.05601488002684065,0.008909434756587821,-0.2652087864228192,0.05970429135044367,0.019529479625489135,8.480596727333811e-05,0.002783274076433251,-0.00016146787238928428,0.5104019093409567,0.6012300079800322,0.3073991076416866
446.1,1.0,44.0,44.0,1.0,0.012490409062599555,0.03309038903417306,2.0425059136222288,0.009788354144269552,0.05599545315466112,0.008977359023236715,-0.26379892189826315,0.05952143445614181,0.01962680339019582,5.310474113773278e-05,0.00022160882824076578,-0.0001312654437014317,0.5699427601797452,0.6804232074339147,0.32241047404456924
446.6,0.0,44.0,44.0,1.0,0.012490409062599555,0.03309038903417306,2.0425059136222288,nan,nan,nan,nan,nan,nan,5.310474113773278e-05,0.00022160882824076578,-0.0001312654437014317,0.5699427601797452,0.6804232074339147,0.32241047404456924
446.62,1.0,45.0,45.0,1.0,0.012871129104338845,0.03531252785423192,1.8897435578833155,0.01016837975643882,0.05569396491409001,0.008904923712887524,-0.2662326137825486,0.05966405495949448,0.019567422815609803,1.752135556520873e-05,0.0005874994425904279,-0.00039049469319952373,0.7288311631380202,0.8223642819346502,0.4319166088218663
446.76,1.0,45.0,45.0,1.0,0.013144878756133653,0.035981430262771445,1.8898014090729969,0.01054996537210251,0.05562263568780548,0.008910972337331319,-0.2669743221199501,0.05965552297918983,0.019568888105795518,-4.1000830562909485e-06,0.0005273007512541228,-0.0002930430799939626,0.5655396569540773,0.6573903076656376,0.3547600692857067
446.9,1.0,42.0,42.0,1.0,0.013026881278722416,0.03489485913715239,1.9770528613845728,0.00690124542058725,0.05852815450899384,0.008695560656898454,-0.2661117550032149,0.05592075486716445,0.02262604054031792,-0.00013675234867727148,-0.0035213362407119156,0.0027165846037454297,0.5314673705117682,0.635422791831587,0.32095422111438215
447.20000000000005,1.0,44.0,44.0,1.0,0.01276089954589808,0.03429150502826553,2.04263745810313,0.010677635823361337,0.05539388162564544,0.008987901214035088,-0.26514717798021253,0.05950453294529347,0.019630410468988443,5.3200514924078846e-05,0.002442452769018,-0.0012891036159427133,0.6368650145459861,0.7461330753859929,0.36450862481876645
