time_sec,success,candidate_count,match_count,keep_ratio,mean_match_distance_m,max_match_distance_m,mean_tangent_angle_deg,lateral_m,yaw_correction_rad,rms_error_m,measured_x,measured_y,measured_yaw,innovation_x,innovation_y,innovation_yaw,gain_x,gain_y,gain_yaw
0.04999999999999716,0.0,14.0,14.0,1.0,0.015473668604116256,0.031684341766198915,0.10694824482409476,nan,nan,nan,nan,nan,nan,nan,nan,nan,nan,nan,nan
0.22999999999999687,0.0,14.0,14.0,1.0,0.015497222239815587,0.03151946921467078,0.10698548526680626,nan,nan,nan,nan,nan,nan,nan,nan,nan,nan,nan,nan
0.4299999999999997,0.0,15.0,15.0,1.0,0.014070052234184524,0.03438750789795235,1.1560961659148232,nan,nan,nan,nan,nan,nan,nan,nan,nan,nan,nan,nan
0.8299999999999983,0.0,15.0,15.0,1.0,0.01540825376518115,0.03112373695759847,0.12236985144002423,nan,nan,nan,nan,nan,nan,nan,nan,nan,nan,nan,nan
1.2299999999999969,0.0,15.0,15.0,1.0,0.015432443966029592,0.03148660297985493,0.09991703493319816,nan,nan,nan,nan,nan,nan,nan,nan,nan,nan,nan,nan
1.4299999999999997,0.0,15.0,15.0,1.0,0.015567613098034816,0.03351417922385182,0.09946883442672999,nan,nan,nan,nan,nan,nan,nan,nan,nan,nan,nan,nan
1.8500000000000014,0.0,15.0,15.0,1.0,0.015268705404962332,0.02985921453250348,0.1591735141872445,nan,nan,nan,nan,nan,nan,nan,nan,nan,nan,nan,nan
2.030000000000001,0.0,15.0,15.0,1.0,0.015406437114619202,0.0310964752998834,0.1000040195002136,nan,nan,nan,nan,nan,nan,nan,nan,nan,nan,nan,nan
2.4299999999999997,0.0,15.0,15.0,1.0,0.015394778836607751,0.030921583400395164,0.10004206154968813,nan,nan,nan,nan,nan,nan,nan,nan,nan,nan,nan,nan
3.270000000000003,0.0,14.0,14.0,1.0,0.015424110271895853,0.03203124581840147,0.10687833230283904,nan,nan,nan,nan,nan,nan,nan,nan,nan,nan,nan,nan
4.589999999999996,0.0,15.0,15.0,1.0,0.015387927749012426,0.030818801980370996,0.1000705263884551,nan,nan,nan,nan,nan,nan,nan,nan,nan,nan,nan,nan
5.189999999999998,0.0,15.0,15.0,1.0,0.015605718163052774,0.034085743802979324,0.12229441100332901,nan,nan,nan,nan,nan,nan,nan,nan,nan,nan,nan,nan
5.950000000000003,0.0,13.0,13.0,1.0,0.016912067882039212,0.03327685401781111,0.2964974304263385,nan,nan,nan,nan,nan,nan,nan,nan,nan,nan,nan,nan
6.390000000000001,0.0,13.0,13.0,1.0,0.014974868546455945,0.025326858381080983,0.11172198568977637,nan,nan,nan,nan,nan,nan,nan,nan,nan,nan,nan,nan
6.549999999999997,0.0,14.0,14.0,1.0,0.01617110334971639,0.03180321639800095,0.25482703250586214,nan,nan,nan,nan,nan,nan,nan,nan,nan,nan,nan,nan
6.75,0.0,17.0,17.0,1.0,0.013666873404248615,0.031360275687841034,1.037227681584639,nan,nan,nan,nan,nan,nan,nan,nan,nan,nan,nan,nan
6.950000000000003,0.0,20.0,20.0,1.0,0.012042169060652107,0.026768814464720382,1.0185148066893477,nan,nan,nan,nan,nan,nan,nan,nan,nan,nan,nan,nan
7.149999999999999,0.0,20.0,20.0,1.0,0.01518118000897333,0.02581007651290155,1.4572192217080324,nan,nan,nan,nan,nan,nan,nan,nan,nan,nan,nan,nan
7.350000000000001,0.0,21.0,21.0,1.0,0.01552736555155683,0.030682578500298027,0.9372198145389287,nan,nan,nan,nan,nan,nan,nan,nan,nan,nan,nan,nan
7.549999999999997,0.0,20.0,20.0,1.0,0.01399490934806479,0.036256124436438636,0.8714181326645568,nan,nan,nan,nan,nan,nan,nan,nan,nan,nan,nan,nan
7.829999999999998,0.0,19.0,19.0,1.0,0.012896062700995442,0.03625449275189269,0.9784859653482023,nan,nan,nan,nan,nan,nan,nan,nan,nan,nan,nan,nan
7.950000000000003,0.0,18.0,18.0,1.0,0.014616912159216872,0.03211470750921541,0.4009051197553521,nan,nan,nan,nan,nan,nan,nan,nan,nan,nan,nan,nan
8.149999999999999,0.0,14.0,14.0,1.0,0.012870614005295987,0.03301355150263919,1.463383058045038,nan,nan,nan,nan,nan,nan,nan,nan,nan,nan,nan,nan
8.350000000000001,0.0,18.0,18.0,1.0,0.011186236196069203,0.03255132093157718,0.4727960380740349,nan,nan,nan,nan,nan,nan,nan,nan,nan,nan,nan,nan
8.549999999999997,0.0,17.0,17.0,1.0,0.012179555997356418,0.02794169448460944,0.26114863437313207,nan,nan,nan,nan,nan,nan,nan,nan,nan,nan,nan,nan
8.829999999999998,0.0,15.0,15.0,1.0,0.01355526166617324,0.027776205764890434,0.2833036922734297,nan,nan,nan,nan,nan,nan,nan,nan,nan,nan,nan,nan
8.93,0.0,18.0,18.0,1.0,0.015195111628640796,0.026984312816645623,0.6086457971992522,nan,nan,nan,nan,nan,nan,nan,nan,nan,nan,nan,nan
9.43,0.0,18.0,18.0,1.0,0.01057202707835946,0.025148121898672136,0.25901005410735856,nan,nan,nan,nan,nan,nan,nan,nan,nan,nan,nan,nan
9.530000000000001,0.0,16.0,16.0,1.0,0.011250144813884304,0.02977570351371772,0.15553367195265738,nan,nan,nan,nan,nan,nan,nan,nan,nan,nan,nan,nan
9.729999999999997,0.0,19.0,19.0,1.0,0.013520737606943523,0.033107527195662734,0.24657939308772342,nan,nan,nan,nan,nan,nan,nan,nan,nan,nan,nan,nan
10.189999999999998,0.0,12.0,10.0,0.8333333333333334,0.011184854848544128,0.02657766648593978,0.33304666717955594,nan,nan,nan,nan,nan,nan,nan,nan,nan,nan,nan,nan
10.329999999999998,0.0,15.0,13.0,0.8666666666666667,0.01377072377758792,0.02731065406135334,1.2921963165124943,nan,nan,nan,nan,nan,nan,nan,nan,nan,nan,nan,nan
10.530000000000001,0.0,16.0,14.0,0.875,0.013596822140195544,0.029527681789227902,1.4433307756723226,nan,nan,nan,nan,nan,nan,nan,nan,nan,nan,nan,nan
10.93,0.0,18.0,18.0,1.0,0.00965235633338691,0.027701536822406492,0.7216672893000514,nan,nan,nan,nan,nan,nan,nan,nan,nan,nan,nan,nan
11.130000000000003,0.0,13.0,13.0,1.0,0.009271345826000199,0.020527318593157665,0.11429617379249891,nan,nan,nan,nan,nan,nan,nan,nan,nan,nan,nan,nan
11.329999999999998,0.0,13.0,13.0,1.0,0.009028432256271906,0.019122840790743154,0.2926346969817523,nan,nan,nan,nan,nan,nan,nan,nan,nan,nan,nan,nan
11.530000000000001,0.0,17.0,17.0,1.0,0.007119993375626716,0.016994312645311493,0.2808622448182099,nan,nan,nan,nan,nan,nan,nan,nan,nan,nan,nan,nan
11.729999999999997,0.0,19.0,19.0,1.0,0.011191203586584637,0.028364707668976145,1.3949935866610315,nan,nan,nan,nan,nan,nan,nan,nan,nan,nan,nan,nan
11.93,0.0,18.0,18.0,1.0,0.016697206197695005,0.03340245120260134,1.0360417832125062,nan,nan,nan,nan,nan,nan,nan,nan,nan,nan,nan,nan
12.130000000000003,0.0,20.0,20.0,1.0,0.016411327316893615,0.03198698323592936,0.7883258607571705,nan,nan,nan,nan,nan,nan,nan,nan,nan,nan,nan,nan
12.329999999999998,0.0,19.0,19.0,1.0,0.013318072131173872,0.03798127001430454,0.7821033584626828,nan,nan,nan,nan,nan,nan,nan,nan,nan,nan,nan,nan
12.490000000000002,0.0,19.0,19.0,1.0,0.012586517539656832,0.03695280849279507,0.25578123925746227,nan,nan,nan,nan,nan,nan,nan,nan,nan,nan,nan,nan
12.729999999999997,0.0,16.0,16.0,1.0,0.011875044262168784,0.030667750533296775,0.238185381784259,nan,nan,nan,nan,nan,nan,nan,nan,nan,nan,nan,nan
12.89,0.0,16.0,16.0,1.0,0.011025602854762163,0.029102065586521796,0.09563652877258672,nan,nan,nan,nan,nan,nan,nan,nan,nan,nan,nan,nan
13.130000000000003,0.0,14.0,14.0,1.0,0.009796690175381751,0.021191541269486674,0.271396678946618,nan,nan,nan,nan,nan,nan,nan,nan,nan,nan,nan,nan
13.350000000000001,0.0,14.0,14.0,1.0,0.011547035216799933,0.0249348659092798,0.2744965365072379,nan,nan,nan,nan,nan,nan,nan,nan,nan,nan,nan,nan
13.490000000000002,0.0,15.0,15.0,1.0,0.013905324559504993,0.029540217964632565,1.7461924656805055,nan,nan,nan,nan,nan,nan,nan,nan,nan,nan,nan,nan
13.689999999999998,0.0,17.0,17.0,1.0,0.013785660275562177,0.03413961693421874,0.5196875838307659,nan,nan,nan,nan,nan,nan,nan,nan,nan,nan,nan,nan
13.89,0.0,19.0,19.0,1.0,0.012912450416622721,0.0384558361262543,0.9694322451909895,nan,nan,nan,nan,nan,nan,nan,nan,nan,nan,nan,nan
14.149999999999999,0.0,17.0,17.0,1.0,0.010931349220126152,0.0363099927514797,0.27556211397675395,nan,nan,nan,nan,nan,nan,nan,nan,nan,nan,nan,nan
14.490000000000002,0.0,16.0,16.0,1.0,0.012535915414406315,0.027571741907346473,0.38903195690210524,nan,nan,nan,nan,nan,nan,nan,nan,nan,nan,nan,nan
14.689999999999998,0.0,19.0,19.0,1.0,0.011038757517416781,0.024521424547589536,0.325589405781421,nan,nan,nan,nan,nan,nan,nan,nan,nan,nan,nan,nan
14.89,0.0,17.0,17.0,1.0,0.008593167189791837,0.022297591386711862,0.46608852856362776,nan,nan,nan,nan,nan,nan,nan,nan,nan,nan,nan,nan
15.089999999999996,0.0,14.0,12.0,0.8571428571428571,0.010858064700317941,0.02757416199828215,0.15512238255188024,nan,nan,nan,nan,nan,nan,nan,nan,nan,nan,nan,nan
15.29,0.0,14.0,12.0,0.8571428571428571,0.011077368022529696,0.027973797058585263,0.43735671429222917,nan,nan,nan,nan,nan,nan,nan,nan,nan,nan,nan,nan
15.689999999999998,0.0,17.0,17.0,1.0,0.00843379592537745,0.03833580687894013,0.6477360129361767,nan,nan,nan,nan,nan,nan,nan,nan,nan,nan,nan,nan
16.049999999999997,0.0,13.0,13.0,1.0,0.013579300096771654,0.031158489230355347,0.3833135525525313,nan,nan,nan,nan,nan,nan,nan,nan,nan,nan,nan,nan
16.33,0.0,12.0,11.0,0.9166666666666666,0.008254312138272955,0.020151699053095457,0.38144982313584436,nan,nan,nan,nan,nan,nan,nan,nan,nan,nan,nan,nan
16.450000000000003,0.0,17.0,17.0,1.0,0.011554013577094197,0.03871886375185253,0.3766684642454009,nan,nan,nan,nan,nan,nan,nan,nan,nan,nan,nan,nan
16.729999999999997,0.0,18.0,18.0,1.0,0.01533968894348544,0.029549082399811435,0.962880295936073,nan,nan,nan,nan,nan,nan,nan,nan,nan,nan,nan,nan
16.85,0.0,18.0,18.0,1.0,0.016046536180830035,0.0315115495983417,0.885903986560567,nan,nan,nan,nan,nan,nan,nan,nan,nan,nan,nan,nan
17.189999999999998,0.0,17.0,17.0,1.0,0.010717151775488655,0.03081037515593284,0.549221895198687,nan,nan,nan,nan,nan,nan,nan,nan,nan,nan,nan,nan
17.229999999999997,0.0,20.0,20.0,1.0,0.012724118669550491,0.04001129514946106,0.5429223401820885,nan,nan,nan,nan,nan,nan,nan,nan,nan,nan,nan,nan
17.450000000000003,0.0,18.0,18.0,1.0,0.010770531363053459,0.02596655344166258,0.3047797354702294,nan,nan,nan,nan,nan,nan,nan,nan,nan,nan,nan,nan
17.65,0.0,18.0,18.0,1.0,0.013161240538432963,0.031001906467049905,0.788144892734282,nan,nan,nan,nan,nan,nan,nan,nan,nan,nan,nan,nan
17.85,0.0,18.0,18.0,1.0,0.011342433757311053,0.03764147808955307,0.35350931068408425,nan,nan,nan,nan,nan,nan,nan,nan,nan,nan,nan,nan
18.049999999999997,0.0,18.0,18.0,1.0,0.015209391801672347,0.038509125961134996,1.1889747659587,nan,nan,nan,nan,nan,nan,nan,nan,nan,nan,nan,nan
18.25,0.0,14.0,14.0,1.0,0.01844857178239879,0.03412034287826198,0.8552669991680258,nan,nan,nan,nan,nan,nan,nan,nan,nan,nan,nan,nan
18.450000000000003,0.0,19.0,19.0,1.0,0.018142137716437988,0.03716992008650076,0.7825456738451447,nan,nan,nan,nan,nan,nan,nan,nan,nan,nan,nan,nan
18.729999999999997,0.0,16.0,16.0,1.0,0.014039717687149539,0.0409615580768994,0.386448140423237,nan,nan,nan,nan,nan,nan,nan,nan,nan,nan,nan,nan
18.85,0.0,19.0,19.0,1.0,0.013620191393715158,0.041554448290758175,0.8216429124270349,nan,nan,nan,nan,nan,nan,nan,nan,nan,nan,nan,nan
19.03,0.0,22.0,22.0,1.0,0.014985295154917698,0.03670897141274539,0.7929754332948145,nan,nan,nan,nan,nan,nan,nan,nan,nan,nan,nan,nan
19.25,0.0,12.0,12.0,1.0,0.010199765206790652,0.01873284447694115,0.2686301099353722,nan,nan,nan,nan,nan,nan,nan,nan,nan,nan,nan,nan
19.490000000000002,0.0,14.0,14.0,1.0,0.006611653242955961,0.01957281629157523,0.3086567021702495,nan,nan,nan,nan,nan,nan,nan,nan,nan,nan,nan,nan
19.630000000000003,0.0,16.0,16.0,1.0,0.007165917531860622,0.02033247469790779,0.2978986956082555,nan,nan,nan,nan,nan,nan,nan,nan,nan,nan,nan,nan
19.83,0.0,17.0,17.0,1.0,0.009822812898512185,0.026691322275310035,0.2838889257938211,nan,nan,nan,nan,nan,nan,nan,nan,nan,nan,nan,nan
20.17,0.0,19.0,19.0,1.0,0.014048789196413695,0.04052226879147642,0.8721997868741186,nan,nan,nan,nan,nan,nan,nan,nan,nan,nan,nan,nan
20.229999999999997,0.0,15.0,13.0,0.8666666666666667,0.013985154509811902,0.038053784993038714,1.193229696488868,nan,nan,nan,nan,nan,nan,nan,nan,nan,nan,nan,nan
20.43,0.0,16.0,14.0,0.875,0.01404822886072952,0.039889407272094835,1.6611877223274603,nan,nan,nan,nan,nan,nan,nan,nan,nan,nan,nan,nan
20.630000000000003,0.0,19.0,19.0,1.0,0.01418630318688759,0.03167834660013107,1.8192183551165666,nan,nan,nan,nan,nan,nan,nan,nan,nan,nan,nan,nan
21.089999999999996,0.0,18.0,18.0,1.0,0.013522370748443459,0.037766274728989656,0.35121981567297744,nan,nan,nan,nan,nan,nan,nan,nan,nan,nan,nan,nan
21.229999999999997,0.0,17.0,16.0,0.9411764705882353,0.013401875432748263,0.028108378718319758,1.756369845023131,nan,nan,nan,nan,nan,nan,nan,nan,nan,nan,nan,nan
21.490000000000002,0.0,22.0,22.0,1.0,0.016574871352843166,0.03140875773486972,1.9139129986448247,nan,nan,nan,nan,nan,nan,nan,nan,nan,nan,nan,nan
21.630000000000003,0.0,22.0,22.0,1.0,0.01789735305342702,0.031086547004310724,1.874319156344485,nan,nan,nan,nan,nan,nan,nan,nan,nan,nan,nan,nan
21.83,0.0,24.0,24.0,1.0,0.016125136907731073,0.037368982160004935,1.5382960565088297,nan,nan,nan,nan,nan,nan,nan,nan,nan,nan,nan,nan
22.049999999999997,0.0,23.0,23.0,1.0,0.014430526569237346,0.036676938597886004,1.853267023072867,nan,nan,nan,nan,nan,nan,nan,nan,nan,nan,nan,nan
22.229999999999997,0.0,24.0,24.0,1.0,0.015347158656993846,0.03319702899168003,1.672331717805312,nan,nan,nan,nan,nan,nan,nan,nan,nan,nan,nan,nan
22.490000000000002,0.0,26.0,26.0,1.0,0.01268333078191851,0.025634910717841106,1.3621199305704168,nan,nan,nan,nan,nan,nan,nan,nan,nan,nan,nan,nan
22.630000000000003,0.0,19.0,19.0,1.0,0.01337903233500842,0.025679160009778296,1.5579749597075312,nan,nan,nan,nan,nan,nan,nan,nan,nan,nan,nan,nan
22.83,0.0,16.0,16.0,1.0,0.013177660742426281,0.03003905568008577,1.220732722052041,nan,nan,nan,nan,nan,nan,nan,nan,nan,nan,nan,nan
23.15,0.0,19.0,19.0,1.0,0.013924892631004793,0.031205098184195482,1.4569945365568029,nan,nan,nan,nan,nan,nan,nan,nan,nan,nan,nan,nan
23.189999999999998,0.0,27.0,27.0,1.0,0.012960712377269949,0.03224489966723059,1.585515364761245,nan,nan,nan,nan,nan,nan,nan,nan,nan,nan,nan,nan
23.43,0.0,30.0,30.0,1.0,0.012416348404474448,0.039274565458023665,1.2336095164873335,nan,nan,nan,nan,nan,nan,nan,nan,nan,nan,nan,nan
23.630000000000003,0.0,29.0,29.0,1.0,0.013081360537226675,0.038734796651602586,1.1478367045870237,nan,nan,nan,nan,nan,nan,nan,nan,nan,nan,nan,nan
23.83,0.0,28.0,28.0,1.0,0.016184080872206786,0.030842292182150986,0.8809745775025021,nan,nan,nan,nan,nan,nan,nan,nan,nan,nan,nan,nan
23.990000000000002,0.0,34.0,34.0,1.0,0.015728736492979296,0.03306622887855853,0.9579423008066016,nan,nan,nan,nan,nan,nan,nan,nan,nan,nan,nan,nan
24.229999999999997,0.0,32.0,32.0,1.0,0.014662921028400331,0.038914471319464565,1.198185089182834,nan,nan,nan,nan,nan,nan,nan,nan,nan,nan,nan,nan
24.39,0.0,34.0,34.0,1.0,0.013200774547901084,0.036977312293310034,1.0566518653794261,nan,nan,nan,nan,nan,nan,nan,nan,nan,nan,nan,nan
24.589999999999996,0.0,31.0,31.0,1.0,0.014355220060342597,0.03432879238657779,1.4110095088989991,nan,nan,nan,nan,nan,nan,nan,nan,nan,nan,nan,nan
24.79,0.0,35.0,35.0,1.0,0.01576722174600534,0.03209799874219688,0.9483299916031531,nan,nan,nan,nan,nan,nan,nan,nan,nan,nan,nan,nan
25.03,0.0,34.0,34.0,1.0,0.013103894549371992,0.03770146896154441,1.0006925255575503,nan,nan,nan,nan,nan,nan,nan,nan,nan,nan,nan,nan
25.189999999999998,0.0,29.0,29.0,1.0,0.014741864059399196,0.040138550265506605,1.0992686308092265,nan,nan,nan,nan,nan,nan,nan,nan,nan,nan,nan,nan
25.39,0.0,29.0,29.0,1.0,0.016135436280732926,0.03421699193527635,0.9924161241713425,nan,nan,nan,nan,nan,nan,nan,nan,nan,nan,nan,nan
25.93,0.0,28.0,28.0,1.0,0.015570914485249757,0.03713512608684781,1.021855852087435,nan,nan,nan,nan,nan,nan,nan,nan,nan,nan,nan,nan
25.950000000000003,0.0,30.0,30.0,1.0,0.016133459292840022,0.03771151308559421,1.4016185819355975,nan,nan,nan,nan,nan,nan,nan,nan,nan,nan,nan,nan
26.15,0.0,34.0,34.0,1.0,0.01428866197160443,0.03927514506415537,1.0985874515599978,nan,nan,nan,nan,nan,nan,nan,nan,nan,nan,nan,nan
26.450000000000003,0.0,34.0,34.0,1.0,0.018622168252712457,0.031254447079629655,1.016259914694793,nan,nan,nan,nan,nan,nan,nan,nan,nan,nan,nan,nan
26.589999999999996,0.0,31.0,31.0,1.0,0.0165537292606839,0.03265275135924791,0.9865035166132582,nan,nan,nan,nan,nan,nan,nan,nan,nan,nan,nan,nan
26.75,0.0,36.0,36.0,1.0,0.013766833573907697,0.03860055400586154,0.872489057091479,nan,nan,nan,nan,nan,nan,nan,nan,nan,nan,nan,nan
26.950000000000003,0.0,35.0,35.0,1.0,0.013538721345330176,0.03690307571103092,1.1195565932781577,nan,nan,nan,nan,nan,nan,nan,nan,nan,nan,nan,nan
27.15,0.0,39.0,39.0,1.0,0.014400064006576235,0.031967314537465256,0.9881547656385277,nan,nan,nan,nan,nan,nan,nan,nan,nan,nan,nan,nan
27.35,0.0,37.0,37.0,1.0,0.015199532472243043,0.031777452509705865,0.7804244162322573,nan,nan,nan,nan,nan,nan,nan,nan,nan,nan,nan,nan
27.549999999999997,0.0,33.0,33.0,1.0,0.013058669537061692,0.03743575242777314,1.0801690587445667,nan,nan,nan,nan,nan,nan,nan,nan,nan,nan,nan,nan
27.83,0.0,33.0,33.0,1.0,0.013343071605521487,0.03629371211446933,0.9953664995719281,nan,nan,nan,nan,nan,nan,nan,nan,nan,nan,nan,nan
27.950000000000003,0.0,32.0,32.0,1.0,0.015696952984451656,0.032190093852409396,0.9122302110414805,nan,nan,nan,nan,nan,nan,nan,nan,nan,nan,nan,nan
28.229999999999997,0.0,36.0,36.0,1.0,0.015846169687625408,0.033754077540676,0.8399764660085552,nan,nan,nan,nan,nan,nan,nan,nan,nan,nan,nan,nan
28.35,0.0,36.0,36.0,1.0,0.01542958016057479,0.03716346771568951,1.0227458154123799,nan,nan,nan,nan,nan,nan,nan,nan,nan,nan,nan,nan
28.65,0.0,38.0,38.0,1.0,0.017618643947999096,0.03704170563739114,0.8607951282265868,nan,nan,nan,nan,nan,nan,nan,nan,nan,nan,nan,nan
28.75,0.0,37.0,37.0,1.0,0.017401886555501365,0.03351924599429012,0.8703925748386443,nan,nan,nan,nan,nan,nan,nan,nan,nan,nan,nan,nan
29.15,0.0,40.0,38.0,0.95,0.016184863289382168,0.03685291649718766,0.73858251380734,nan,nan,nan,nan,nan,nan,nan,nan,nan,nan,nan,nan
29.33,0.0,37.0,35.0,0.9459459459459459,0.01410658523817216,0.038663994613275895,0.7045411770135728,nan,nan,nan,nan,nan,nan,nan,nan,nan,nan,nan,nan
29.589999999999996,0.0,38.0,36.0,0.9473684210526315,0.0180872497787093,0.03195702272596705,1.1344427317153418,nan,nan,nan,nan,nan,nan,nan,nan,nan,nan,nan,nan
29.729999999999997,0.0,38.0,36.0,0.9473684210526315,0.01645394396639857,0.03321876827652698,0.948189058389628,nan,nan,nan,nan,nan,nan,nan,nan,nan,nan,nan,nan
29.93,0.0,41.0,39.0,0.9512195121951219,0.01546958740835804,0.03817622899950135,0.6992196017165404,nan,nan,nan,nan,nan,nan,nan,nan,nan,nan,nan,nan
30.130000000000003,0.0,40.0,38.0,0.95,0.017253471802276998,0.03480382827882915,0.7854796839119992,nan,nan,nan,nan,nan,nan,nan,nan,nan,nan,nan,nan
30.33,0.0,41.0,39.0,0.9512195121951219,0.017280763930113165,0.03270931856218979,0.7883346461591206,nan,nan,nan,nan,nan,nan,nan,nan,nan,nan,nan,nan
30.589999999999996,0.0,42.0,38.0,0.9047619047619048,0.014522763077596304,0.025626053247600932,0.7273162552194835,nan,nan,nan,nan,nan,nan,nan,nan,nan,nan,nan,nan
30.79,0.0,42.0,38.0,0.9047619047619048,0.012722202714090533,0.02201566020253228,0.7195536028699703,nan,nan,nan,nan,nan,nan,nan,nan,nan,nan,nan,nan
30.93,0.0,40.0,36.0,0.9,0.01304521944254971,0.02660935777208921,0.8303675865584106,nan,nan,nan,nan,nan,nan,nan,nan,nan,nan,nan,nan
31.190000000000005,0.0,42.0,38.0,0.9047619047619048,0.01509365733274116,0.032256050115167675,0.6530812482340661,nan,nan,nan,nan,nan,nan,nan,nan,nan,nan,nan,nan
31.330000000000005,0.0,40.0,40.0,1.0,0.013757731067201883,0.033068009646394655,0.9094148073335527,nan,nan,nan,nan,nan,nan,nan,nan,nan,nan,nan,nan
31.529999999999994,0.0,40.0,40.0,1.0,0.013671530841862923,0.038559546358375156,0.6751852625743012,nan,nan,nan,nan,nan,nan,nan,nan,nan,nan,nan,nan
31.729999999999997,0.0,44.0,40.0,0.9090909090909091,0.015845551380908703,0.035271943987962004,0.6957603618156636,nan,nan,nan,nan,nan,nan,nan,nan,nan,nan,nan,nan
31.970000000000006,0.0,44.0,40.0,0.9090909090909091,0.018666417977387776,0.03110366383946022,0.8207730598452865,nan,nan,nan,nan,nan,nan,nan,nan,nan,nan,nan,nan
32.13,0.0,45.0,40.0,0.8888888888888888,0.015956496762682765,0.03511230072135487,0.6746133959682845,nan,nan,nan,nan,nan,nan,nan,nan,nan,nan,nan,nan
32.38999999999999,0.0,41.0,36.0,0.8780487804878049,0.015172313585447609,0.039722740878317765,0.8139449123590817,nan,nan,nan,nan,nan,nan,nan,nan,nan,nan,nan,nan
32.550000000000004,0.0,47.0,42.0,0.8936170212765957,0.015477444054417927,0.03398000542792722,0.8308098565135446,nan,nan,nan,nan,nan,nan,nan,nan,nan,nan,nan,nan
32.74999999999999,0.0,44.0,39.0,0.8863636363636364,0.015429126732192072,0.03133046678007567,0.7882645228456333,nan,nan,nan,nan,nan,nan,nan,nan,nan,nan,nan,nan
33.23,0.0,44.0,38.0,0.8636363636363636,0.01348228982262365,0.028555209835515145,0.6678171746829085,nan,nan,nan,nan,nan,nan,nan,nan,nan,nan,nan,nan
33.29,0.0,44.0,38.0,0.8636363636363636,0.01604631997721377,0.02798590495220252,0.6819106100469357,nan,nan,nan,nan,nan,nan,nan,nan,nan,nan,nan,nan
33.550000000000004,0.0,43.0,35.0,0.813953488372093,0.016173346370332426,0.03245433054058744,1.0616048020949493,nan,nan,nan,nan,nan,nan,nan,nan,nan,nan,nan,nan
33.690000000000005,0.0,48.0,40.0,0.8333333333333334,0.015340311360752285,0.035424788885922556,0.7485440948710355,nan,nan,nan,nan,nan,nan,nan,nan,nan,nan,nan,nan
33.88999999999999,0.0,48.0,40.0,0.8333333333333334,0.015583760750069304,0.03840842729226848,0.8155833849954297,nan,nan,nan,nan,nan,nan,nan,nan,nan,nan,nan,nan
34.089999999999996,0.0,51.0,40.0,0.7843137254901961,0.01644563556014323,0.03332894650862746,1.04010300898324,nan,nan,nan,nan,nan,nan,nan,nan,nan,nan,nan,nan
34.29,0.0,54.0,46.0,0.8518518518518519,0.027287257419262446,0.06406844154968713,4.371266281018938,nan,nan,nan,nan,nan,nan,nan,nan,nan,nan,nan,nan
34.550000000000004,0.0,53.0,43.0,0.8113207547169812,0.02792712920775309,0.05681974721287775,5.387719825926225,nan,nan,nan,nan,nan,nan,nan,nan,nan,nan,nan,nan
34.690000000000005,0.0,52.0,42.0,0.8076923076923077,0.024902498431137423,0.05240076673297539,5.68316457920095,nan,nan,nan,nan,nan,nan,nan,nan,nan,nan,nan,nan
35.029999999999994,0.0,53.0,43.0,0.8113207547169812,0.025852477895690236,0.05156787123339274,6.116032853370861,nan,nan,nan,nan,nan,nan,nan,nan,nan,nan,nan,nan
35.15,0.0,58.0,48.0,0.8275862068965517,0.029849372192332357,0.0664556555709486,6.226493894515124,nan,nan,nan,nan,nan,nan,nan,nan,nan,nan,nan,nan
35.24999999999999,0.0,51.0,41.0,0.803921568627451,0.026143339349036947,0.05278239976453302,6.011726236451858,nan,nan,nan,nan,nan,nan,nan,nan,nan,nan,nan,nan
35.550000000000004,0.0,54.0,45.0,0.8333333333333334,0.029904899800319292,0.07131866891082742,7.023435381867507,nan,nan,nan,nan,nan,nan,nan,nan,nan,nan,nan,nan
35.690000000000005,0.0,49.0,35.0,0.7142857142857143,0.014133560598402733,0.03433904698691662,0.9238907638383032,nan,nan,nan,nan,nan,nan,nan,nan,nan,nan,nan,nan
35.85,0.0,45.0,32.0,0.7111111111111111,0.013790919395497057,0.03308832026979088,0.8827284313692806,nan,nan,nan,nan,nan,nan,nan,nan,nan,nan,nan,nan
36.13,0.0,53.0,42.0,0.7924528301886793,0.028471060764603345,0.12580138241109673,3.896763980532828,nan,nan,nan,nan,nan,nan,nan,nan,nan,nan,nan,nan
36.35,0.0,54.0,42.0,0.7777777777777778,0.01563239663424014,0.04008756543642883,0.7066949140566428,nan,nan,nan,nan,nan,nan,nan,nan,nan,nan,nan,nan
36.449999999999996,0.0,51.0,45.0,0.8823529411764706,0.024752521449052104,0.14821329864412952,2.2022813610548893,nan,nan,nan,nan,nan,nan,nan,nan,nan,nan,nan,nan
36.65,0.0,45.0,39.0,0.8666666666666667,0.0172475354296588,0.0331438216883235,0.8342642908169191,nan,nan,nan,nan,nan,nan,nan,nan,nan,nan,nan,nan
36.93,0.0,46.0,34.0,0.7391304347826086,0.014364851345644103,0.038858581878597136,0.7316957235615816,nan,nan,nan,nan,nan,nan,nan,nan,nan,nan,nan,nan
37.050000000000004,0.0,52.0,39.0,0.75,0.015633800460634395,0.038550481010490356,0.683331440292491,nan,nan,nan,nan,nan,nan,nan,nan,nan,nan,nan,nan
37.330000000000005,0.0,47.0,35.0,0.7446808510638298,0.015800700555584548,0.03093898021937983,0.8747968451149236,nan,nan,nan,nan,nan,nan,nan,nan,nan,nan,nan,nan
37.449999999999996,0.0,46.0,33.0,0.717391304347826,0.014725288910608654,0.031420641761005626,0.997106302615073,nan,nan,nan,nan,nan,nan,nan,nan,nan,nan,nan,nan
37.65,0.0,47.0,33.0,0.7021276595744681,0.014284031800851039,0.03621925022096299,0.8953078898284575,nan,nan,nan,nan,nan,nan,nan,nan,nan,nan,nan,nan
37.93,0.0,54.0,42.0,0.7777777777777778,0.030123145625919445,0.10018990201323248,7.467512274808364,nan,nan,nan,nan,nan,nan,nan,nan,nan,nan,nan,nan
38.029999999999994,0.0,57.0,46.0,0.8070175438596491,0.034916874653855234,0.08809253295408391,8.509019069001107,nan,nan,nan,nan,nan,nan,nan,nan,nan,nan,nan,nan
38.330000000000005,0.0,61.0,49.0,0.8032786885245902,0.044607830749530154,0.1082052829949945,9.079622881881336,nan,nan,nan,nan,nan,nan,nan,nan,nan,nan,nan,nan
38.449999999999996,0.0,63.0,51.0,0.8095238095238095,0.04213225106570781,0.10267413644961346,8.852370324464378,nan,nan,nan,nan,nan,nan,nan,nan,nan,nan,nan,nan
38.73,0.0,45.0,31.0,0.6888888888888889,0.074649131600195,0.11318771713317753,7.979532034200201,nan,nan,nan,nan,nan,nan,nan,nan,nan,nan,nan,nan
38.830000000000005,0.0,45.0,34.0,0.7555555555555555,0.06867344571613372,0.11378056143424758,7.944872492427407,nan,nan,nan,nan,nan,nan,nan,nan,nan,nan,nan,nan
39.07,0.0,49.0,33.0,0.673469387755102,0.054605791414274615,0.12856315020547934,7.597261829688758,nan,nan,nan,nan,nan,nan,nan,nan,nan,nan,nan,nan
39.27,0.0,50.0,41.0,0.82,0.10599778772433112,0.15773134835228594,8.49361844279166,nan,nan,nan,nan,nan,nan,nan,nan,nan,nan,nan,nan
39.43,0.0,53.0,35.0,0.660377358490566,0.10149238995240345,0.14866618706335197,5.848902895611623,nan,nan,nan,nan,nan,nan,nan,nan,nan,nan,nan,nan
39.669999999999995,0.0,52.0,40.0,0.7692307692307693,0.12283202646830457,0.17405335456115764,6.853579048018422,nan,nan,nan,nan,nan,nan,nan,nan,nan,nan,nan,nan
39.88999999999999,0.0,54.0,42.0,0.7777777777777778,0.13743473536311523,0.19567331844563302,6.252046882291919,nan,nan,nan,nan,nan,nan,nan,nan,nan,nan,nan,nan
40.089999999999996,0.0,55.0,41.0,0.7454545454545455,0.1428719344143612,0.19964593043970968,6.544626485775071,nan,nan,nan,nan,nan,nan,nan,nan,nan,nan,nan,nan
40.23,0.0,53.0,45.0,0.8490566037735849,0.16449081108587874,0.2609544327007416,7.204392419548389,nan,nan,nan,nan,nan,nan,nan,nan,nan,nan,nan,nan
40.43,0.0,69.0,59.0,0.855072463768116,0.16863053295612657,0.26445402579407706,7.973382143014266,nan,nan,nan,nan,nan,nan,nan,nan,nan,nan,nan,nan
40.63,0.0,64.0,47.0,0.734375,0.1642593555233314,0.26204568731275174,8.267689274006658,nan,nan,nan,nan,nan,nan,nan,nan,nan,nan,nan,nan
40.830000000000005,0.0,61.0,39.0,0.639344262295082,0.19750769415187852,0.2852200228980482,8.719761553239252,nan,nan,nan,nan,nan,nan,nan,nan,nan,nan,nan,nan
41.029999999999994,0.0,72.0,58.0,0.8055555555555556,0.08584863145596161,0.227730506364254,7.332335500073083,nan,nan,nan,nan,nan,nan,nan,nan,nan,nan,nan,nan
41.23,0.0,71.0,60.0,0.8450704225352113,0.08540205574320618,0.2258022161469812,8.687413351095161,nan,nan,nan,nan,nan,nan,nan,nan,nan,nan,nan,nan
41.43,0.0,65.0,53.0,0.8153846153846154,0.0698129251408046,0.17860330817042605,8.64875461086642,nan,nan,nan,nan,nan,nan,nan,nan,nan,nan,nan,nan
41.63,0.0,67.0,55.0,0.8208955223880597,0.0867013356109435,0.18319350880035987,7.524560726768773,nan,nan,nan,nan,nan,nan,nan,nan,nan,nan,nan,nan
42.029999999999994,0.0,65.0,50.0,0.7692307692307693,0.111293038895272,0.2065469179017329,7.606814000440958,nan,nan,nan,nan,nan,nan,nan,nan,nan,nan,nan,nan
42.190000000000005,0.0,66.0,49.0,0.7424242424242424,0.12899737091904184,0.2112383303510765,7.123217550818732,nan,nan,nan,nan,nan,nan,nan,nan,nan,nan,nan,nan
42.38999999999999,0.0,68.0,48.0,0.7058823529411765,0.140094757052129,0.21715384676050492,5.6995474643714745,nan,nan,nan,nan,nan,nan,nan,nan,nan,nan,nan,nan
42.589999999999996,0.0,63.0,46.0,0.7301587301587301,0.15427174239717634,0.22277661150978778,7.58535335649839,nan,nan,nan,nan,nan,nan,nan,nan,nan,nan,nan,nan
42.830000000000005,0.0,63.0,46.0,0.7301587301587301,0.17628601503526478,0.24024044012456222,6.122324670189444,nan,nan,nan,nan,nan,nan,nan,nan,nan,nan,nan,nan
43.050000000000004,0.0,65.0,45.0,0.6923076923076923,0.18499377346209245,0.24547913182824435,8.840813778160475,nan,nan,nan,nan,nan,nan,nan,nan,nan,nan,nan,nan
43.190000000000005,0.0,61.0,45.0,0.7377049180327869,0.21383068424641796,0.28116711017333174,9.53660082391663,nan,nan,nan,nan,nan,nan,nan,nan,nan,nan,nan,nan
43.38999999999999,0.0,72.0,42.0,0.5833333333333334,0.22055878346085764,0.2881617692322184,7.992230636318913,nan,nan,nan,nan,nan,nan,nan,nan,nan,nan,nan,nan
43.65,0.0,68.0,54.0,0.7941176470588235,0.15444979233341127,0.2759015536702373,10.422906350847466,nan,nan,nan,nan,nan,nan,nan,nan,nan,nan,nan,nan
43.79,0.0,59.0,37.0,0.6271186440677966,0.14901659006325083,0.30097416968858104,7.9285417020181495,nan,nan,nan,nan,nan,nan,nan,nan,nan,nan,nan,nan
44.050000000000004,0.0,57.0,51.0,0.8947368421052632,0.15288096137318047,0.2981871263844522,7.694502302950355,nan,nan,nan,nan,nan,nan,nan,nan,nan,nan,nan,nan
44.190000000000005,0.0,58.0,52.0,0.896551724137931,0.14939583308660953,0.3030058855402934,7.890139951699304,nan,nan,nan,nan,nan,nan,nan,nan,nan,nan,nan,nan
44.38999999999999,0.0,60.0,54.0,0.9,0.15025799923958894,0.30787318145341225,8.8306381830995,nan,nan,nan,nan,nan,nan,nan,nan,nan,nan,nan,nan
44.65,0.0,52.0,43.0,0.8269230769230769,0.14741015446904548,0.25242050177668207,7.674386436882846,nan,nan,nan,nan,nan,nan,nan,nan,nan,nan,nan,nan
44.79,0.0,57.0,47.0,0.8245614035087719,0.14814286291048903,0.25465238293988296,8.08285736492467,nan,nan,nan,nan,nan,nan,nan,nan,nan,nan,nan,nan
44.99,0.0,50.0,39.0,0.78,0.1535327144040945,0.25961092301901706,8.425995721863835,nan,nan,nan,nan,nan,nan,nan,nan,nan,nan,nan,nan
45.190000000000005,0.0,53.0,40.0,0.7547169811320755,0.16592184873434385,0.22946005693284197,7.057812690741203,nan,nan,nan,nan,nan,nan,nan,nan,nan,nan,nan,nan
45.38999999999999,0.0,51.0,41.0,0.803921568627451,0.17840016889926766,0.2336156370675008,7.317845678454979,nan,nan,nan,nan,nan,nan,nan,nan,nan,nan,nan,nan
45.74999999999999,0.0,54.0,41.0,0.7592592592592593,0.1882852380926448,0.25005016689829135,7.107318650565138,nan,nan,nan,nan,nan,nan,nan,nan,nan,nan,nan,nan
45.79,0.0,62.0,54.0,0.8709677419354839,0.12991648593081362,0.254914169433935,5.991468258935089,nan,nan,nan,nan,nan,nan,nan,nan,nan,nan,nan,nan
45.949999999999996,0.0,66.0,62.0,0.9393939393939394,0.14210616808647034,0.2953649752967313,7.739144458041867,nan,nan,nan,nan,nan,nan,nan,nan,nan,nan,nan,nan
46.23,0.0,66.0,58.0,0.8787878787878788,0.14539283599910044,0.30521248301631787,8.942842211570715,nan,nan,nan,nan,nan,nan,nan,nan,nan,nan,nan,nan
46.35,0.0,70.0,61.0,0.8714285714285714,0.14577055852341717,0.30658276288029485,8.348468247939605,nan,nan,nan,nan,nan,nan,nan,nan,nan,nan,nan,nan
46.550000000000004,0.0,74.0,64.0,0.8648648648648649,0.15165283987414568,0.3120069601135632,7.950958613160896,nan,nan,nan,nan,nan,nan,nan,nan,nan,nan,nan,nan
46.74999999999999,0.0,63.0,55.0,0.873015873015873,0.14434746814718047,0.2758720353535226,8.622525229638823,nan,nan,nan,nan,nan,nan,nan,nan,nan,nan,nan,nan
46.93,0.0,66.0,59.0,0.8939393939393939,0.15554693385492702,0.3086989933638177,8.711778342132545,nan,nan,nan,nan,nan,nan,nan,nan,nan,nan,nan,nan
47.15,0.0,57.0,40.0,0.7017543859649122,0.14061140802443065,0.23871781337985482,9.262533194276617,nan,nan,nan,nan,nan,nan,nan,nan,nan,nan,nan,nan
47.63,0.0,55.0,44.0,0.8,0.17782539543923165,0.25190498670514905,8.3214927567099,nan,nan,nan,nan,nan,nan,nan,nan,nan,nan,nan,nan
47.830000000000005,0.0,49.0,37.0,0.7551020408163265,0.2003722931191936,0.26285919592626966,8.316318457882069,nan,nan,nan,nan,nan,nan,nan,nan,nan,nan,nan,nan
48.029999999999994,0.0,57.0,43.0,0.7543859649122807,0.21423829063677188,0.2741544216568405,7.647056480359194,nan,nan,nan,nan,nan,nan,nan,nan,nan,nan,nan,nan
48.23,0.0,71.0,43.0,0.6056338028169014,0.22834319935418096,0.28480463575936976,7.340684061868628,nan,nan,nan,nan,nan,nan,nan,nan,nan,nan,nan,nan
48.330000000000005,0.0,75.0,57.0,0.76,0.17462650113578215,0.3449398937690513,9.221987322080727,nan,nan,nan,nan,nan,nan,nan,nan,nan,nan,nan,nan
48.550000000000004,0.0,72.0,58.0,0.8055555555555556,0.18151984061690335,0.3460181245447373,10.965157592249007,nan,nan,nan,nan,nan,nan,nan,nan,nan,nan,nan,nan
48.830000000000005,0.0,72.0,59.0,0.8194444444444444,0.1768761684581874,0.3106663123338911,8.508504703195667,nan,nan,nan,nan,nan,nan,nan,nan,nan,nan,nan,nan
48.93,0.0,75.0,57.0,0.76,0.15497427777044526,0.3435594418212984,6.865547106909671,nan,nan,nan,nan,nan,nan,nan,nan,nan,nan,nan,nan
49.15,0.0,59.0,48.0,0.8135593220338984,0.1604066212359285,0.32836946029889336,8.63255734332159,nan,nan,nan,nan,nan,nan,nan,nan,nan,nan,nan,nan
49.330000000000005,0.0,58.0,49.0,0.8448275862068966,0.18530696433440286,0.33619347744538075,7.810094322211894,nan,nan,nan,nan,nan,nan,nan,nan,nan,nan,nan,nan
49.65,0.0,63.0,46.0,0.7301587301587301,0.168984567178564,0.324959990082158,10.127244603876408,nan,nan,nan,nan,nan,nan,nan,nan,nan,nan,nan,nan
49.73,0.0,53.0,36.0,0.6792452830188679,0.16854767366798395,0.2867490583361577,7.048629357101091,nan,nan,nan,nan,nan,nan,nan,nan,nan,nan,nan,nan
49.93,0.0,55.0,35.0,0.6363636363636364,0.18887697073525786,0.2686369316173231,7.362494841056265,nan,nan,nan,nan,nan,nan,nan,nan,nan,nan,nan,nan
50.13,0.0,58.0,47.0,0.8103448275862069,0.15793697823714295,0.27865516254655687,6.8796756534335906,nan,nan,nan,nan,nan,nan,nan,nan,nan,nan,nan,nan
50.330000000000005,0.0,58.0,35.0,0.603448275862069,0.2150799048280867,0.2727956431916545,7.388324832497254,nan,nan,nan,nan,nan,nan,nan,nan,nan,nan,nan,nan
50.529999999999994,0.0,57.0,48.0,0.8421052631578947,0.16521011612270933,0.30218856837075647,6.796240016940042,nan,nan,nan,nan,nan,nan,nan,nan,nan,nan,nan,nan
50.79,0.0,69.0,63.0,0.9130434782608695,0.16989765138061047,0.3072330879305054,7.515997886857503,nan,nan,nan,nan,nan,nan,nan,nan,nan,nan,nan,nan
50.93,0.0,64.0,54.0,0.84375,0.17519882640058565,0.3069630730947283,9.129530951993809,nan,nan,nan,nan,nan,nan,nan,nan,nan,nan,nan,nan
51.13,0.0,66.0,59.0,0.8939393939393939,0.16755762705679556,0.3113175046208481,8.086762349476341,nan,nan,nan,nan,nan,nan,nan,nan,nan,nan,nan,nan
51.449999999999996,0.0,75.0,69.0,0.92,0.18713102139855714,0.34274217611944335,8.750743279343945,nan,nan,nan,nan,nan,nan,nan,nan,nan,nan,nan,nan
51.589999999999996,0.0,59.0,54.0,0.9152542372881356,0.19121232394680096,0.3336373043283549,8.165032008094638,nan,nan,nan,nan,nan,nan,nan,nan,nan,nan,nan,nan
51.73,0.0,54.0,44.0,0.8148148148148148,0.18455816894557886,0.27012369190739416,7.936856651007556,nan,nan,nan,nan,nan,nan,nan,nan,nan,nan,nan,nan
51.93,0.0,57.0,45.0,0.7894736842105263,0.20343754694316638,0.32746469089635494,7.542952682812229,nan,nan,nan,nan,nan,nan,nan,nan,nan,nan,nan,nan
52.089999999999996,0.0,53.0,40.0,0.7547169811320755,0.20542580651277995,0.26663687540333525,9.930444020292807,nan,nan,nan,nan,nan,nan,nan,nan,nan,nan,nan,nan
52.330000000000005,0.0,61.0,49.0,0.8032786885245902,0.18313572989224575,0.27820361381039305,10.64251656644164,nan,nan,nan,nan,nan,nan,nan,nan,nan,nan,nan,nan
52.550000000000004,0.0,67.0,51.0,0.7611940298507462,0.1872440457956338,0.3042095897972167,6.908187120884398,nan,nan,nan,nan,nan,nan,nan,nan,nan,nan,nan,nan
52.77,0.0,68.0,55.0,0.8088235294117647,0.18853202340297004,0.31138044256922826,6.694454540535399,nan,nan,nan,nan,nan,nan,nan,nan,nan,nan,nan,nan
52.949999999999996,0.0,69.0,59.0,0.855072463768116,0.18463835287518351,0.3285106227916739,8.944220457064924,nan,nan,nan,nan,nan,nan,nan,nan,nan,nan,nan,nan
53.089999999999996,0.0,71.0,60.0,0.8450704225352113,0.19234125055948018,0.34869546839782817,8.265832212891903,nan,nan,nan,nan,nan,nan,nan,nan,nan,nan,nan,nan
53.35,0.0,69.0,57.0,0.8260869565217391,0.19491517541984768,0.3447805183634297,9.004542631627707,nan,nan,nan,nan,nan,nan,nan,nan,nan,nan,nan,nan
53.550000000000004,0.0,56.0,48.0,0.8571428571428571,0.19661045663609747,0.34532081382765595,9.45465360186355,nan,nan,nan,nan,nan,nan,nan,nan,nan,nan,nan,nan
53.74999999999999,0.0,54.0,44.0,0.8148148148148148,0.1954550169604028,0.31595623944154844,8.042870588671244,nan,nan,nan,nan,nan,nan,nan,nan,nan,nan,nan,nan
53.88999999999999,0.0,60.0,43.0,0.7166666666666667,0.17520964295214797,0.3141472680365786,8.84542361174039,nan,nan,nan,nan,nan,nan,nan,nan,nan,nan,nan,nan
54.089999999999996,0.0,51.0,33.0,0.6470588235294118,0.19708856246236062,0.25956538695493425,5.640171844143901,nan,nan,nan,nan,nan,nan,nan,nan,nan,nan,nan,nan
54.29,0.0,46.0,33.0,0.717391304347826,0.1799778486095253,0.2682555364289308,7.5648046908754205,nan,nan,nan,nan,nan,nan,nan,nan,nan,nan,nan,nan
54.550000000000004,0.0,50.0,37.0,0.74,0.19397561419544987,0.2773271588628067,5.306204953979401,nan,nan,nan,nan,nan,nan,nan,nan,nan,nan,nan,nan
54.65,0.0,48.0,36.0,0.75,0.1894413824189001,0.296572672521705,5.51441318835262,nan,nan,nan,nan,nan,nan,nan,nan,nan,nan,nan,nan
54.88999999999999,0.0,64.0,54.0,0.84375,0.18410464074914762,0.32240738881229225,7.3813309574604435,nan,nan,nan,nan,nan,nan,nan,nan,nan,nan,nan,nan
55.089999999999996,0.0,71.0,63.0,0.8873239436619719,0.21176385572778705,0.34477816837705777,7.672461411398016,nan,nan,nan,nan,nan,nan,nan,nan,nan,nan,nan,nan
55.29,0.0,54.0,44.0,0.8148148148148148,0.21449028368967066,0.31758319709692284,8.774714435589305,nan,nan,nan,nan,nan,nan,nan,nan,nan,nan,nan,nan
55.550000000000004,0.0,53.0,44.0,0.8301886792452831,0.2152617395137838,0.32194285918132054,7.996235676456517,nan,nan,nan,nan,nan,nan,nan,nan,nan,nan,nan,nan
55.65,0.0,57.0,50.0,0.8771929824561403,0.20480816753164274,0.3257378954123331,8.559028189775384,nan,nan,nan,nan,nan,nan,nan,nan,nan,nan,nan,nan
55.93,0.0,61.0,45.0,0.7377049180327869,0.18013276699976646,0.32446993768418764,8.093788690806027,nan,nan,nan,nan,nan,nan,nan,nan,nan,nan,nan,nan
56.050000000000004,0.0,56.0,44.0,0.7857142857142857,0.18741931073376117,0.28945347521872017,8.32536457247474,nan,nan,nan,nan,nan,nan,nan,nan,nan,nan,nan,nan
56.24999999999999,0.0,62.0,48.0,0.7741935483870968,0.1980255377975677,0.2954198721247978,8.1089532882637,nan,nan,nan,nan,nan,nan,nan,nan,nan,nan,nan,nan
56.529999999999994,0.0,61.0,48.0,0.7868852459016393,0.19485207580172745,0.3189100704384455,9.573712666104232,nan,nan,nan,nan,nan,nan,nan,nan,nan,nan,nan,nan
56.65,0.0,59.0,48.0,0.8135593220338984,0.22335340401940607,0.33248716262775074,8.923069359908178,nan,nan,nan,nan,nan,nan,nan,nan,nan,nan,nan,nan
56.93,0.0,55.0,45.0,0.8181818181818182,0.22509019562146296,0.3430481120753717,8.933424338625175,nan,nan,nan,nan,nan,nan,nan,nan,nan,nan,nan,nan
57.050000000000004,0.0,62.0,48.0,0.7741935483870968,0.21379715349265882,0.34282494961921234,10.249875413934461,nan,nan,nan,nan,nan,nan,nan,nan,nan,nan,nan,nan
57.330000000000005,0.0,55.0,44.0,0.8,0.1946206205117007,0.34827827442049364,9.834772449436192,nan,nan,nan,nan,nan,nan,nan,nan,nan,nan,nan,nan
57.449999999999996,0.0,56.0,47.0,0.8392857142857143,0.19546657039802906,0.3407533597198256,6.728457748318588,nan,nan,nan,nan,nan,nan,nan,nan,nan,nan,nan,nan
57.73,0.0,55.0,40.0,0.7272727272727273,0.18255448690915976,0.2845114865677636,7.605756899461368,nan,nan,nan,nan,nan,nan,nan,nan,nan,nan,nan,nan
57.93,0.0,55.0,43.0,0.7818181818181819,0.18312199674460325,0.2850745320891498,5.501934674201117,nan,nan,nan,nan,nan,nan,nan,nan,nan,nan,nan,nan
58.050000000000004,0.0,53.0,42.0,0.7924528301886793,0.19375750724001256,0.3077803888173169,4.919737076407217,nan,nan,nan,nan,nan,nan,nan,nan,nan,nan,nan,nan
58.24999999999999,0.0,52.0,41.0,0.7884615384615384,0.20738990572239435,0.31530558602313424,7.233895573140275,nan,nan,nan,nan,nan,nan,nan,nan,nan,nan,nan,nan
58.529999999999994,0.0,61.0,50.0,0.819672131147541,0.21860313463570713,0.34228647692303177,6.913167074040273,nan,nan,nan,nan,nan,nan,nan,nan,nan,nan,nan,nan
58.73,0.0,54.0,45.0,0.8333333333333334,0.21510174541375227,0.3423798677158271,8.661984722299282,nan,nan,nan,nan,nan,nan,nan,nan,nan,nan,nan,nan
58.949999999999996,0.0,63.0,52.0,0.8253968253968254,0.2193517548280986,0.33175459808313834,8.708591485092198,nan,nan,nan,nan,nan,nan,nan,nan,nan,nan,nan,nan
59.029999999999994,0.0,61.0,50.0,0.819672131147541,0.2087430775187814,0.32983831935123537,6.843834917513585,nan,nan,nan,nan,nan,nan,nan,nan,nan,nan,nan,nan
59.24999999999999,0.0,49.0,40.0,0.8163265306122449,0.2298790875203741,0.3429581069006126,5.4666821497923275,nan,nan,nan,nan,nan,nan,nan,nan,nan,nan,nan,nan
59.449999999999996,0.0,54.0,41.0,0.7592592592592593,0.20706789630499028,0.30525783318170924,7.600915120884119,nan,nan,nan,nan,nan,nan,nan,nan,nan,nan,nan,nan
59.63,0.0,56.0,49.0,0.875,0.21915977113785995,0.31074273361437044,6.184163444011356,nan,nan,nan,nan,nan,nan,nan,nan,nan,nan,nan,nan
59.830000000000005,0.0,55.0,43.0,0.7818181818181819,0.2201749185414728,0.31672698136343536,6.795347568083507,nan,nan,nan,nan,nan,nan,nan,nan,nan,nan,nan,nan
60.029999999999994,0.0,53.0,41.0,0.7735849056603774,0.22836167339782187,0.31710093114532806,8.247031498535776,nan,nan,nan,nan,nan,nan,nan,nan,nan,nan,nan,nan
60.29,0.0,52.0,34.0,0.6538461538461539,0.23599040005972563,0.3304411923865982,7.680314019210433,nan,nan,nan,nan,nan,nan,nan,nan,nan,nan,nan,nan
60.43,0.0,58.0,45.0,0.7758620689655172,0.2145863667152989,0.31401881596183845,8.58637400172314,nan,nan,nan,nan,nan,nan,nan,nan,nan,nan,nan,nan
60.63,0.0,48.0,41.0,0.8541666666666666,0.221440021390394,0.34655968066128295,7.330103095936919,nan,nan,nan,nan,nan,nan,nan,nan,nan,nan,nan,nan
60.830000000000005,0.0,55.0,38.0,0.6909090909090909,0.2026212288587211,0.3020691278213215,6.494982786934257,nan,nan,nan,nan,nan,nan,nan,nan,nan,nan,nan,nan
61.029999999999994,0.0,59.0,44.0,0.7457627118644068,0.22088403515871652,0.34060901199407734,7.602203762793519,nan,nan,nan,nan,nan,nan,nan,nan,nan,nan,nan,nan
61.23,0.0,55.0,43.0,0.7818181818181819,0.22160633993799878,0.3422275526695574,6.983251954468686,nan,nan,nan,nan,nan,nan,nan,nan,nan,nan,nan,nan
61.550000000000004,0.0,60.0,46.0,0.7666666666666667,0.22981196646318408,0.3237854062440627,7.718411607897777,nan,nan,nan,nan,nan,nan,nan,nan,nan,nan,nan,nan
61.63,0.0,54.0,38.0,0.7037037037037037,0.23863466719948187,0.32898247362143584,9.30957577505866,nan,nan,nan,nan,nan,nan,nan,nan,nan,nan,nan,nan
61.830000000000005,0.0,51.0,37.0,0.7254901960784313,0.24303808951142056,0.3323053678132708,7.589842366445816,nan,nan,nan,nan,nan,nan,nan,nan,nan,nan,nan,nan
62.089999999999996,0.0,61.0,49.0,0.8032786885245902,0.23908724617640126,0.3381154923772899,7.453986867834433,nan,nan,nan,nan,nan,nan,nan,nan,nan,nan,nan,nan
62.190000000000005,0.0,46.0,39.0,0.8478260869565217,0.24274223476097978,0.34872687711776057,8.880894647808514,nan,nan,nan,nan,nan,nan,nan,nan,nan,nan,nan,nan
62.449999999999996,0.0,51.0,39.0,0.7647058823529411,0.21777441218399615,0.32139818501737916,7.929916913442486,nan,nan,nan,nan,nan,nan,nan,nan,nan,nan,nan,nan
62.589999999999996,0.0,54.0,42.0,0.7777777777777778,0.23287354086359124,0.3406752052175644,6.843311150829108,nan,nan,nan,nan,nan,nan,nan,nan,nan,nan,nan,nan
62.93,0.0,48.0,42.0,0.875,0.24647105793670568,0.34426573313796377,7.505537048424851,nan,nan,nan,nan,nan,nan,nan,nan,nan,nan,nan,nan
63.050000000000004,0.0,58.0,49.0,0.8448275862068966,0.2293719859964136,0.3485005596696554,9.267688634872572,nan,nan,nan,nan,nan,nan,nan,nan,nan,nan,nan,nan
63.24999999999999,0.0,50.0,42.0,0.84,0.22979498495495218,0.3274700404510602,8.98497499636052,nan,nan,nan,nan,nan,nan,nan,nan,nan,nan,nan,nan
63.38999999999999,0.0,49.0,44.0,0.8979591836734694,0.2176566077202671,0.3457760110347443,8.909303049146398,nan,nan,nan,nan,nan,nan,nan,nan,nan,nan,nan,nan
63.589999999999996,0.0,53.0,44.0,0.8301886792452831,0.2396574234469247,0.33764758188052213,7.950785152286269,nan,nan,nan,nan,nan,nan,nan,nan,nan,nan,nan,nan
63.93,0.0,52.0,39.0,0.75,0.23828666193030976,0.3387142788285223,7.942450826819798,nan,nan,nan,nan,nan,nan,nan,nan,nan,nan,nan,nan
63.99,0.0,49.0,42.0,0.8571428571428571,0.2237399224922662,0.33700002813330776,9.38065383609975,nan,nan,nan,nan,nan,nan,nan,nan,nan,nan,nan,nan
64.19,0.0,46.0,40.0,0.8695652173913043,0.24753182917324018,0.34237853001663937,8.68041761830197,nan,nan,nan,nan,nan,nan,nan,nan,nan,nan,nan,nan
64.38999999999999,0.0,54.0,45.0,0.8333333333333334,0.24087771641796626,0.34933392557634496,6.998892010979742,nan,nan,nan,nan,nan,nan,nan,nan,nan,nan,nan,nan
64.59,0.0,53.0,45.0,0.8490566037735849,0.23754854901120198,0.3437774794058772,8.030422727977985,nan,nan,nan,nan,nan,nan,nan,nan,nan,nan,nan,nan
64.93,0.0,56.0,44.0,0.7857142857142857,0.25265561461384334,0.3367967059108952,7.768678145093513,nan,nan,nan,nan,nan,nan,nan,nan,nan,nan,nan,nan
65.13,0.0,48.0,39.0,0.8125,0.2503094172549591,0.3223581178602259,6.860805298310578,nan,nan,nan,nan,nan,nan,nan,nan,nan,nan,nan,nan
65.15,0.0,51.0,43.0,0.8431372549019608,0.25033302903119786,0.3381544153837491,8.321238099607314,nan,nan,nan,nan,nan,nan,nan,nan,nan,nan,nan,nan
65.35,0.0,51.0,40.0,0.7843137254901961,0.254261346757092,0.33788062830516885,7.420879710621957,nan,nan,nan,nan,nan,nan,nan,nan,nan,nan,nan,nan
65.55000000000001,0.0,51.0,40.0,0.7843137254901961,0.2536886581257133,0.33654341478505084,7.174581759336505,nan,nan,nan,nan,nan,nan,nan,nan,nan,nan,nan,nan
65.75,0.0,50.0,39.0,0.78,0.25224360825309894,0.3231519564964408,7.287242705635512,nan,nan,nan,nan,nan,nan,nan,nan,nan,nan,nan,nan
66.03,0.0,51.0,39.0,0.7647058823529411,0.2531623426159404,0.3386136244453038,6.700133892382391,nan,nan,nan,nan,nan,nan,nan,nan,nan,nan,nan,nan
66.28999999999999,0.0,55.0,45.0,0.8181818181818182,0.2359546557589738,0.3360060606921117,7.000461093300805,nan,nan,nan,nan,nan,nan,nan,nan,nan,nan,nan,nan
66.35,0.0,53.0,43.0,0.8113207547169812,0.24094492549367014,0.33482238675732456,6.7209295492069066,nan,nan,nan,nan,nan,nan,nan,nan,nan,nan,nan,nan
66.63,0.0,53.0,43.0,0.8113207547169812,0.24311528721221964,0.3402016118222022,7.663268085992237,nan,nan,nan,nan,nan,nan,nan,nan,nan,nan,nan,nan
66.75,0.0,49.0,40.0,0.8163265306122449,0.24194361642222875,0.3401875579558758,6.6529319074499,nan,nan,nan,nan,nan,nan,nan,nan,nan,nan,nan,nan
66.93,0.0,46.0,37.0,0.8043478260869565,0.2424591587912353,0.337318316451836,7.512799496578081,nan,nan,nan,nan,nan,nan,nan,nan,nan,nan,nan,nan
67.13,0.0,50.0,41.0,0.82,0.24334140059715342,0.3396717989380861,7.206222558879436,nan,nan,nan,nan,nan,nan,nan,nan,nan,nan,nan,nan
67.49000000000001,0.0,52.0,42.0,0.8076923076923077,0.24330571625825725,0.34056132803798866,7.467575865495601,nan,nan,nan,nan,nan,nan,nan,nan,nan,nan,nan,nan
67.55000000000001,0.0,54.0,44.0,0.8148148148148148,0.2402454815631364,0.33883365912875535,7.7905193687175975,nan,nan,nan,nan,nan,nan,nan,nan,nan,nan,nan,nan
67.72999999999999,0.0,54.0,44.0,0.8148148148148148,0.24464167857647495,0.3396685174809389,7.597483182657729,nan,nan,nan,nan,nan,nan,nan,nan,nan,nan,nan,nan
68.09,0.0,51.0,44.0,0.8627450980392157,0.24548621902801335,0.34060280254739367,8.150288924014415,nan,nan,nan,nan,nan,nan,nan,nan,nan,nan,nan,nan
68.15,0.0,55.0,45.0,0.8181818181818182,0.23788133317148769,0.33989655140741654,7.218540714074842,nan,nan,nan,nan,nan,nan,nan,nan,nan,nan,nan,nan
68.43,0.0,55.0,47.0,0.8545454545454545,0.23671863568365042,0.33964764647185514,7.786829986111038,nan,nan,nan,nan,nan,nan,nan,nan,nan,nan,nan,nan
68.72999999999999,0.0,55.0,44.0,0.8,0.24148894263352877,0.3416507330633623,7.323325722953604,nan,nan,nan,nan,nan,nan,nan,nan,nan,nan,nan,nan
68.75,0.0,54.0,46.0,0.8518518518518519,0.23781114782549875,0.3397451282491646,7.960191908730202,nan,nan,nan,nan,nan,nan,nan,nan,nan,nan,nan,nan
68.94999999999999,0.0,50.0,44.0,0.88,0.24131504205064988,0.341263436028351,7.876366548153871,nan,nan,nan,nan,nan,nan,nan,nan,nan,nan,nan,nan
69.13,0.0,55.0,47.0,0.8545454545454545,0.24136152861689802,0.34299527054819257,7.902427192755289,nan,nan,nan,nan,nan,nan,nan,nan,nan,nan,nan,nan
69.33000000000001,0.0,56.0,47.0,0.8392857142857143,0.24186846516646762,0.3404265855124204,7.576721016518008,nan,nan,nan,nan,nan,nan,nan,nan,nan,nan,nan,nan
69.59,0.0,51.0,46.0,0.9019607843137255,0.2382517038351675,0.3403738811741268,8.09276342734121,nan,nan,nan,nan,nan,nan,nan,nan,nan,nan,nan,nan
69.72999999999999,0.0,52.0,47.0,0.9038461538461539,0.24548473062961945,0.3431564042809498,8.286624393247987,nan,nan,nan,nan,nan,nan,nan,nan,nan,nan,nan,nan
69.93,0.0,52.0,47.0,0.9038461538461539,0.24287043238770137,0.3404742882600074,7.406632737866699,nan,nan,nan,nan,nan,nan,nan,nan,nan,nan,nan,nan
70.19,0.0,54.0,48.0,0.8888888888888888,0.2433232698480948,0.34269767441565957,7.899211683090543,nan,nan,nan,nan,nan,nan,nan,nan,nan,nan,nan,nan
70.33000000000001,0.0,50.0,38.0,0.76,0.24541700750578388,0.34102340626475536,6.369935591426643,nan,nan,nan,nan,nan,nan,nan,nan,nan,nan,nan,nan
70.59,0.0,52.0,46.0,0.8846153846153846,0.23964685055256044,0.3421513963436897,8.41492418240826,nan,nan,nan,nan,nan,nan,nan,nan,nan,nan,nan,nan
70.78999999999999,0.0,51.0,44.0,0.8627450980392157,0.2491748955081672,0.34299157887948356,8.524349469589602,nan,nan,nan,nan,nan,nan,nan,nan,nan,nan,nan,nan
70.93,0.0,51.0,46.0,0.9019607843137255,0.24375679858908797,0.3429089850587778,6.587348451355274,nan,nan,nan,nan,nan,nan,nan,nan,nan,nan,nan,nan
71.13,0.0,50.0,45.0,0.9,0.24357969414814182,0.34315841316089135,7.869974701691982,nan,nan,nan,nan,nan,nan,nan,nan,nan,nan,nan,nan
71.38999999999999,0.0,51.0,46.0,0.9019607843137255,0.24110909751791149,0.341910266986156,8.204714906402158,nan,nan,nan,nan,nan,nan,nan,nan,nan,nan,nan,nan
71.59,0.0,50.0,45.0,0.9,0.24294083810570785,0.3425686041356678,7.76624038781456,nan,nan,nan,nan,nan,nan,nan,nan,nan,nan,nan,nan
71.75,0.0,54.0,44.0,0.8148148148148148,0.25437553036263993,0.3430469694108187,7.113887918717393,nan,nan,nan,nan,nan,nan,nan,nan,nan,nan,nan,nan
71.88999999999999,0.0,56.0,46.0,0.8214285714285714,0.24632519123995014,0.34250032808641945,7.865459512675879,nan,nan,nan,nan,nan,nan,nan,nan,nan,nan,nan,nan
72.09,0.0,52.0,46.0,0.8846153846153846,0.24408294733265973,0.3410268025574454,7.74914913802979,nan,nan,nan,nan,nan,nan,nan,nan,nan,nan,nan,nan
72.33000000000001,0.0,53.0,44.0,0.8301886792452831,0.24178914931382345,0.34132059924436825,7.565962796396956,nan,nan,nan,nan,nan,nan,nan,nan,nan,nan,nan,nan
72.55000000000001,0.0,50.0,45.0,0.9,0.24334649402060332,0.3432296971119407,7.8985943761555575,nan,nan,nan,nan,nan,nan,nan,nan,nan,nan,nan,nan
72.72999999999999,0.0,54.0,48.0,0.8888888888888888,0.2444281349603259,0.339586121240264,7.141612718817757,nan,nan,nan,nan,nan,nan,nan,nan,nan,nan,nan,nan
72.93,0.0,53.0,46.0,0.8679245283018868,0.24353024424872585,0.3409825229727045,8.40856070763079,nan,nan,nan,nan,nan,nan,nan,nan,nan,nan,nan,nan
73.09,0.0,50.0,45.0,0.9,0.24500576421463444,0.34435981695924855,7.595270996014229,nan,nan,nan,nan,nan,nan,nan,nan,nan,nan,nan,nan
73.35,0.0,57.0,48.0,0.8421052631578947,0.24607657393976945,0.34441366227705134,7.684188104794486,nan,nan,nan,nan,nan,nan,nan,nan,nan,nan,nan,nan
73.49000000000001,0.0,54.0,47.0,0.8703703703703703,0.2477959555895879,0.34656586465349243,8.816191187888844,nan,nan,nan,nan,nan,nan,nan,nan,nan,nan,nan,nan
73.75,0.0,50.0,45.0,0.9,0.26026391682848465,0.3489867561934904,6.383586944241858,nan,nan,nan,nan,nan,nan,nan,nan,nan,nan,nan,nan
73.88999999999999,0.0,38.0,33.0,0.868421052631579,0.269097475287806,0.34746470360478066,8.808526958319124,nan,nan,nan,nan,nan,nan,nan,nan,nan,nan,nan,nan
74.22999999999999,0.0,27.0,2.0,0.07407407407407407,0.3299327165399577,0.3395873371699377,8.893417256164634,nan,nan,nan,nan,nan,nan,nan,nan,nan,nan,nan,nan
74.28999999999999,0.0,30.0,2.0,0.06666666666666667,0.25353683185177867,0.26152692701162766,23.52016220455031,nan,nan,nan,nan,nan,nan,nan,nan,nan,nan,nan,nan
74.49000000000001,0.0,23.0,2.0,0.08695652173913043,0.2749456377141605,0.29384301363144016,20.762324339162994,nan,nan,nan,nan,nan,nan,nan,nan,nan,nan,nan,nan
74.83000000000001,0.0,15.0,4.0,0.26666666666666666,0.33941504191175076,0.3471930589950566,9.598697452045206,nan,nan,nan,nan,nan,nan,nan,nan,nan,nan,nan,nan
75.28999999999999,0.0,19.0,7.0,0.3684210526315789,0.24873928478493199,0.3437322453461305,18.805173476713165,nan,nan,nan,nan,nan,nan,nan,nan,nan,nan,nan,nan
75.49000000000001,0.0,40.0,33.0,0.825,0.27886285679699574,0.3446806679386485,6.557314965097702,nan,nan,nan,nan,nan,nan,nan,nan,nan,nan,nan,nan
75.69,1.0,40.0,36.0,0.9,0.1585921677806471,0.2201763974174808,4.02068814105131,0.5139465595637683,-0.12,0.16543989553584296,1.9081780887422513,0.6279559943285655,1.0233999600874526,-0.43884998178228996,0.26749160655451965,0.0,0.9664404690353001,0.9861457512300953,0.9777451303534784
76.09,1.0,34.0,34.0,1.0,0.08191446971618717,0.12987921998098,6.214618436877238,-0.0452712901481173,-0.12,0.0876953193121784,2.0169493047973095,0.7956876137045988,1.3672786811308866,0.04433696620433758,-0.009150034943673835,0.0,0.8417396407208865,0.8078004095360226,0.5664683795684194
76.25,1.0,30.0,30.0,1.0,0.01655076358084067,0.03359683480947313,2.404522927247252,-0.16028832501761647,-0.029998072017067213,0.010944673656304468,2.1765585046377236,0.8691036561370699,1.45269637423698,0.15917180502983008,-0.018886069482524914,0.0,0.828143164175825,0.7482534257861354,0.3958045813089066
76.43,1.0,33.0,33.0,1.0,0.015489860336212719,0.04388832740469392,3.6331820044668386,-0.02259002897459783,-0.013040840821522985,0.01149247978044941,2.174112206403974,0.9582884448854355,1.5263082634374578,0.02256767770674628,-0.0010046551635262135,0.0,0.8003481767239178,0.6067780029055813,0.3639667069092896
76.65,1.0,32.0,32.0,1.0,0.01487822797575107,0.033447539759397786,1.4710349831032632,-0.010911294490815448,-0.008011904774140311,0.007736180303337216,2.185527709528305,1.07198538028324,1.5907251587113953,0.01090912780671438,0.00021743496054726918,0.0,0.8163514169754859,0.6016004344578046,0.35377132240530607
76.83000000000001,1.0,32.0,32.0,1.0,0.013427490637704046,0.029376200283964503,1.3818354733773577,0.011580309469985645,-0.0007553403127489258,0.0085673124510965,2.167256065361976,1.1558081931800885,1.6252475261571186,-0.011563146289757409,-0.0006302501902526458,0.0,0.8022378980778844,0.573751651374529,0.33524629981623016
77.05000000000001,0.0,40.0,39.0,0.975,0.01479511735575382,0.03231025232334771,2.7363223471815092,nan,nan,nan,nan,nan,nan,-0.011563146289757409,-0.0006302501902526458,0.0,0.8022378980778844,0.573751651374529,0.33524629981623016
77.25,0.0,39.0,33.0,0.8461538461538461,0.016905201162931482,0.03726824360914552,3.2374073124623113,nan,nan,nan,nan,nan,nan,-0.011563146289757409,-0.0006302501902526458,0.0,0.8022378980778844,0.573751651374529,0.33524629981623016
77.43,0.0,32.0,22.0,0.6875,0.01199071553293135,0.027092844111087935,2.6458815353182756,nan,nan,nan,nan,nan,nan,-0.011563146289757409,-0.0006302501902526458,0.0,0.8022378980778844,0.573751651374529,0.33524629981623016
77.65,0.0,33.0,23.0,0.696969696969697,0.013016843369796175,0.028955264773832062,3.1772429705598477,nan,nan,nan,nan,nan,nan,-0.011563146289757409,-0.0006302501902526458,0.0,0.8022378980778844,0.573751651374529,0.33524629981623016
77.85,0.0,34.0,21.0,0.6176470588235294,0.046657789805055735,0.28415133491009303,6.131913957074734,nan,nan,nan,nan,nan,nan,-0.011563146289757409,-0.0006302501902526458,0.0,0.8022378980778844,0.573751651374529,0.33524629981623016
78.38999999999999,0.0,43.0,6.0,0.13953488372093023,0.3246253210585604,0.34493249338996823,4.0183271774924645,nan,nan,nan,nan,nan,nan,-0.011563146289757409,-0.0006302501902526458,0.0,0.8022378980778844,0.573751651374529,0.33524629981623016
78.59,1.0,29.0,14.0,0.4827586206896552,0.12146282314647648,0.21639873958446304,9.10861037270036,-0.16804291600280288,0.12,0.12669974661892408,2.517476360547539,1.9761620978294872,1.2508628595871767,0.15951580424344458,-0.052850069208016937,0.0,0.6853806261020188,0.3656718732611493,0.4346906261288547
78.65,1.0,41.0,25.0,0.6097560975609756,0.15284518745834577,0.24371135420825182,11.744355643909385,-0.031079807388373102,0.12,0.15742134604104538,2.51004049156461,2.022602651285487,1.2390280953429924,0.029384959657761556,-0.010123170116623559,0.0,0.4631330265950891,0.30874151420156326,0.44795993673080026
78.93,1.0,54.0,41.0,0.7592592592592593,0.20824437075859592,0.3048023618383665,10.088334923123712,-0.09595783454097641,0.12,0.21178360300954607,2.638857069046688,2.1215175989024044,1.2183619671754797,0.09005980482657217,-0.03312306695330536,0.0,0.3676298807227436,0.232457498894063,0.44649854522012894
79.05000000000001,1.0,51.0,32.0,0.6274509803921569,0.1637405014316279,0.25823679852174086,7.383315633434052,0.2708114143949181,-0.12,0.18069121614942166,2.3560273649267764,2.2936154964316025,1.213896780153534,-0.2537461067729354,0.09461361141059044,0.0,0.389063370108514,0.26768397755711765,0.35341362754430267
79.25,1.0,52.0,35.0,0.6730769230769231,0.17290241555964966,0.26444533391649794,9.621771532839796,-0.5205310172240256,0.12,0.17933546340124373,3.0365248765496853,2.1417113445744986,1.2100126617786109,0.48701947567801085,-0.18375138149846393,0.0,0.38702410013292154,0.26148041326555754,0.34255316226598265
79.43,1.0,54.0,36.0,0.6666666666666666,0.23974277827263302,0.3026827734491405,10.756006809017459,-0.2577778499983102,0.12,0.2388514308191629,3.0226257617410215,2.2316881316150075,1.2001348467119854,0.24027162524568446,-0.09337540388961507,0.0,0.2552773848283851,0.1603638910495135,0.3305499226674498
79.63,1.0,43.0,35.0,0.813953488372093,0.2302639929231271,0.2945819624814679,11.277623423286354,-0.15250118133182894,0.12,0.22935924976517547,3.028304270420477,2.3421486041684596,1.2229192144973409,0.14336613626018346,-0.05198808788010778,0.0,0.2959046611908337,0.1824672398609695,0.33266125591499307
79.83000000000001,1.0,48.0,43.0,0.8958333333333334,0.1664578138070105,0.2816758066446746,13.333618120417592,-0.011919775888039837,0.12,0.1726297600366435,2.9773015266117975,2.4745428096750066,1.2922911107214845,0.01146047660461802,-0.003276970127433998,0.0,0.437125004437689,0.2851141171159602,0.33347843633082824
80.09,1.0,46.0,43.0,0.9347826086956522,0.0574702503626667,0.18788253475993652,3.833076381638819,0.35574573755594313,-0.09496394798966151,0.08247869595307515,2.6394822334767998,2.654810647992347,1.427084598910617,-0.3520784366667793,0.05094903555023045,0.0,0.771946256525759,0.6206636293211449,0.3551774624698138
80.22999999999999,1.0,46.0,40.0,0.8695652173913043,0.04023131331252237,0.1382440857679065,3.8647228345269524,0.04390917278898507,0.014728020992316158,0.0529879945987263,2.6764599333722807,2.72170093054997,1.525518583516631,-0.04386417195014758,0.0019874290278756312,0.0,0.8009355390043338,0.6687657970289067,0.3207753196165926
80.53,1.0,36.0,34.0,0.9444444444444444,0.026248918694438638,0.0588717510810469,6.755081469320676,0.046123444529681236,-0.12,0.021808397039480433,2.6161187570446027,2.861578901385777,1.7517913616999319,-0.04537002106564225,-0.0083026094564147,0.0,0.8560806892834254,0.6682672399872555,0.36357513188464724
80.63,1.0,46.0,45.0,0.9782608695652174,0.018365161965913028,0.05645528630039256,3.21817384129437,0.057089900870686355,-0.019784631292310086,0.017108976742705066,2.5506664892423885,2.8950034049522997,1.836192327208394,-0.05509110974010678,-0.014974191431536,0.0,0.7091146586519034,0.5297056516145917,0.30902112811489013
81.09,0.0,42.0,42.0,1.0,0.015984833959125973,0.0332712801430608,2.051993028514143,nan,nan,nan,nan,nan,nan,-0.05509110974010678,-0.014974191431536,0.0,0.7091146586519034,0.5297056516145917,0.30902112811489013
81.22999999999999,1.0,42.0,42.0,1.0,0.014236178426453921,0.03236121164644306,1.2331193941576435,0.05107969569252636,0.014629164862769375,0.008337297776632677,2.3743680123208866,3.1324001029025403,2.129297198348511,-0.04331816019491663,-0.027067920300027914,0.0,0.8831744931861746,0.785767442652142,0.44662083040095807
81.49000000000001,0.0,43.0,42.0,0.9767441860465116,0.015004268362827089,0.032223203027906135,1.3786337321219007,nan,nan,nan,nan,nan,nan,-0.04331816019491663,-0.027067920300027914,0.0,0.8831744931861746,0.785767442652142,0.44662083040095807
81.63,1.0,54.0,45.0,0.8333333333333334,0.015707847960810904,0.03598477159061751,1.910721872345609,0.013050578835768944,0.03343729343398126,0.009042277024693096,2.2776633501687167,3.3136421802287233,2.004110892203158,-0.011844431466192518,-0.0054796944432413675,0.0,0.8441381527705099,0.7481598524715515,0.43744258324072444
81.83000000000001,0.0,44.0,36.0,0.8181818181818182,0.014136129421947021,0.03137682976621914,2.4987828677622193,nan,nan,nan,nan,nan,nan,-0.011844431466192518,-0.0054796944432413675,0.0,0.8441381527705099,0.7481598524715515,0.43744258324072444
82.03,1.0,44.0,38.0,0.8636363636363636,0.015396806223199456,0.034447340658997266,2.7183676561246437,0.015214943700120423,0.045066786262204714,0.007152066037634953,2.240234758326672,3.507837398769264,1.7318291460639537,-0.015018095952842092,-0.0024395298213089056,0.0,0.8715922836991333,0.7207228038194409,0.4346052996190343
82.22999999999999,1.0,35.0,29.0,0.8285714285714286,0.014357032307454177,0.031430007237375254,1.874941412206391,0.01475741375687298,0.02856981323361754,0.008872723048521566,2.240493863628871,3.607796992741151,1.5842276412252945,-0.014756082656633307,-0.00019820550483684585,0.0,0.7972660717140084,0.5842205278630128,0.3525991561162502
82.38999999999999,1.0,32.0,27.0,0.84375,0.015037269623421279,0.030918988906714726,2.7775609801126304,0.014657362370275812,-0.009191931226935304,0.00829119411348563,2.24894662964073,3.686291270728729,1.4788683233442197,-0.01459547306316944,0.0013455250706964073,0.0,0.7524193278310675,0.5241336541996837,0.30599137869401777
82.63,1.0,30.0,22.0,0.7333333333333333,0.015074538732940295,0.03259025850991886,4.772486117166678,-0.029126201502950786,0.03457769777006784,0.009709530376829107,2.3192493922044477,3.8107647742650257,1.3631779468961893,0.028500705047786568,-0.006003784287395231,0.0,0.7748572426435467,0.5325756350752732,0.2788885069739744
82.83000000000001,1.0,27.0,27.0,1.0,0.027858149660076374,0.07611824607704393,7.747728460010477,-0.09862489030845968,0.12,0.027361046616832394,2.4465945396293334,3.888390286472883,1.297870141400404,0.09497441482073743,-0.02658438484927217,0.0,0.7874287536967077,0.586011725123286,0.32551876540520996
82.99000000000001,1.0,34.0,33.0,0.9705882352941176,0.02146819889559478,0.045074342789767456,6.418649702229403,0.028280247660691978,0.07573912947572453,0.018267384899995374,2.43520453049585,3.9849983996024685,1.255557635123888,-0.026886664963022167,0.008768104408380939,0.0,0.7725363103792644,0.5908536480340846,0.3416846630948935
83.19,1.0,46.0,46.0,1.0,0.02784981809161803,0.07397433360973678,6.714334632410013,0.08122185727652631,-0.0017376229817974726,0.026533576883457644,2.4053829463336913,4.103419139078811,1.2215111019194749,-0.07631748397704152,0.027796254043709112,0.0,0.7926053895778522,0.6077650285966104,0.33722348791368184
83.44999999999999,0.0,40.0,40.0,1.0,0.028121816082409407,0.07004215699147957,7.841626278684766,nan,nan,nan,nan,nan,nan,-0.07631748397704152,0.027796254043709112,0.0,0.7926053895778522,0.6077650285966104,0.33722348791368184
83.72999999999999,1.0,41.0,36.0,0.8780487804878049,0.02661860347340422,0.09325253555060405,4.846708137239429,0.1280846672180511,-0.02934630881463831,0.029570447596081278,2.411641393671568,4.387201459642689,1.1852515393025636,-0.11868244509976922,0.048168030907430825,0.0,0.8919449420347642,0.7608235681106427,0.440105643983037
83.85,1.0,41.0,41.0,1.0,0.016113969146404616,0.036780256478651616,2.8086892859121577,0.017146894077463688,-0.05877295173543736,0.011108861972203737,2.4301699527033027,4.445639276848877,1.1853458694593264,-0.01588881214617288,0.006446830623445088,0.0,0.7192071352254209,0.5784324254066896,0.35071098025957065
83.99000000000001,0.0,48.0,48.0,1.0,0.016548112306719407,0.036224094030499504,2.585771389127546,nan,nan,nan,nan,nan,nan,-0.01588881214617288,0.006446830623445088,0.0,0.7192071352254209,0.5784324254066896,0.35071098025957065
84.25,1.0,47.0,47.0,1.0,0.014670131861060563,0.03772329768000258,1.7611505415541153,0.019402247970449947,-0.08347028787687767,0.00802982122188524,2.5002148716855412,4.633448476543963,1.1835303092112375,-0.017965415085198888,0.007327420222925873,0.0,0.8594253784602088,0.7157699634788381,0.4060512749453975
84.38999999999999,1.0,45.0,45.0,1.0,0.01595275707200165,0.03712685697047043,2.045674047214088,-0.03666105588250867,-0.08131030130064093,0.009238592864414828,2.5652464655597513,4.6833973980631445,1.1944720554012427,0.034095579785276886,-0.013473101258665743,0.0,0.7453111046361683,0.588193915121792,0.34336504228044706
84.59,0.0,41.0,41.0,1.0,0.014395022643477725,0.03529795432273056,1.2300098536539052,nan,nan,nan,nan,nan,nan,0.034095579785276886,-0.013473101258665743,0.0,0.7453111046361683,0.588193915121792,0.34336504228044706
84.78999999999999,1.0,46.0,46.0,1.0,0.014369230082068956,0.03437430688899266,1.5730334440096425,-0.012898448166324529,-0.09195251159553491,0.007633050921005756,2.631862792612541,4.8717086909586405,1.3109814025517448,0.012465544528076578,-0.003313633159827134,0.0,0.8679705542071671,0.7083692558034007,0.40352917187922666
85.05000000000001,1.0,43.0,43.0,1.0,0.03058092005763976,0.05666297685942746,2.2295527359777694,0.01632154092195089,-0.12,0.027514098788071522,2.6275974302229304,5.00481145689543,1.4630791782614214,-0.016226943153268003,0.0017547119329170968,0.0,0.8388863600054232,0.6459038683668359,0.38272263277345936
85.19,1.0,41.0,41.0,1.0,0.016226373958290383,0.03370774867613391,1.6513499389726478,-0.023114465394045904,-0.09367980549748021,0.009848176711162216,2.6528738474707185,5.072227187154625,1.5583794893625316,0.02311268354762941,-0.00028700118413027553,0.0,0.773440294412693,0.5501599165897918,0.3332157329178704
85.38999999999999,0.0,35.0,35.0,1.0,0.017746783080754832,0.03415859666620378,2.213434612206875,nan,nan,nan,nan,nan,nan,0.02311268354762941,-0.00028700118413027553,0.0,0.773440294412693,0.5501599165897918,0.3332157329178704
85.59,0.0,32.0,32.0,1.0,0.017196471406754493,0.03408797098471123,2.310346269242331,nan,nan,nan,nan,nan,nan,0.02311268354762941,-0.00028700118413027553,0.0,0.773440294412693,0.5501599165897918,0.3332157329178704
85.85,1.0,28.0,28.0,1.0,0.017223348815497162,0.03720353260168161,3.0768594859986407,0.015442498513911081,-0.09897357630431647,0.009462398493181132,2.549531419433756,5.414755104312695,1.8872376283763936,-0.01467576074289667,-0.004805497577712536,0.0,0.9126849194496542,0.7516295540425851,0.43460925361389463
86.03,0.0,30.0,28.0,0.9333333333333333,0.018066981395776182,0.034212482471806215,3.41964970571416,nan,nan,nan,nan,nan,nan,-0.01467576074289667,-0.004805497577712536,0.0,0.9126849194496542,0.7516295540425851,0.43460925361389463
86.25,1.0,31.0,26.0,0.8387096774193549,0.016210262931718934,0.036363524436399904,3.7457492803770998,-0.025722639378558017,-0.04914122270683219,0.00962220038977466,2.4967547779703123,5.631622238645107,1.9680373516296081,0.023719665876750007,0.009951463575509578,0.0,0.8519226178724055,0.6964760026632236,0.4016893599401914
86.35,1.0,31.0,30.0,0.967741935483871,0.02997562802854166,0.0825226520642319,5.4634661271176395,0.0886660192435634,-0.12,0.03226154025605974,2.391372619434713,5.64622451543287,1.9790777908949064,-0.08137807080477533,-0.03520330326252008,0.0,0.7110361083979566,0.5678359147624573,0.3512064288287957
86.65,1.0,40.0,40.0,1.0,0.15358933758253276,0.22633943046953708,5.594502375008966,0.14075301301899007,-0.12,0.15404354695545777,2.2203533047020576,5.747170415011653,2.0027488119381376,-0.1278248605352741,-0.05892550978194144,0.0,0.3762111171457143,0.2035317777921857,0.3849441192354054
86.83000000000001,1.0,29.0,29.0,1.0,0.1470512986376989,0.2116297708272253,3.5733780216478217,0.05939611016079348,-0.12,0.14747612781200828,2.1986258809896264,5.848651681577938,2.011757101585335,-0.05371439787469123,-0.025350766520807255,0.0,0.4047749878127812,0.2358676335854872,0.32674174056688116
87.03,1.0,32.0,31.0,0.96875,0.05163100137796183,0.11591314248758476,8.040200784929423,-0.097594612531337,-0.12,0.058036352895216775,2.275902491200974,5.99673540783626,2.0174127226462955,0.08802191771987955,0.04215270330662779,0.0,0.8229965051738865,0.6927799744489207,0.3381627023373368
87.15,1.0,33.0,33.0,1.0,0.028153460386950834,0.07502274776871198,7.372622725327704,-0.029823733665517056,-0.12,0.029442632200421103,2.2697239275133656,6.059906327798226,2.020109606918217,0.026863596561304437,0.012953851533160865,0.0,0.7435747213690925,0.6205121051816815,0.31012204668823123
87.35,1.0,36.0,36.0,1.0,0.026620745148897264,0.0691507609707426,6.94879805600909,-0.13489367746928946,-0.027183356009296333,0.02621069325220618,2.3456078921772585,6.20801664092419,2.020967611015707,0.1214545692736051,0.05869490458082183,0.0,0.7842329194318941,0.6307952508714282,0.3232275813359301
87.63,1.0,41.0,41.0,1.0,0.01783180798892928,0.03880971750095912,2.996508384871755,-0.12908269299780553,0.014936178066232809,0.013162972723912848,2.3856629782628582,6.380208715926044,2.0181053025720597,0.11638280748975571,0.05583353609049091,0.0,0.8254601423113875,0.6786150632407991,0.35790437984102397
87.83000000000001,1.0,39.0,39.0,1.0,0.015446131097430973,0.0326375921093003,2.060503980366752,-0.02908690392238508,0.024380221421312045,0.010013669255907399,2.358211964668293,6.477418233662753,2.0151853762845566,0.026261794323519272,0.012504644685044752,0.0,0.7859465336436859,0.6368785866519597,0.3443266065855012
88.03,0.0,45.0,45.0,1.0,0.01567071078204344,0.03288176004822618,2.089963197317244,nan,nan,nan,nan,nan,nan,0.026261794323519272,0.012504644685044752,0.0,0.7859465336436859,0.6368785866519597,0.3443266065855012
88.15,1.0,54.0,54.0,1.0,0.015265539186836243,0.03251191422616628,1.6240100979159247,0.06194460462243976,0.02339709203884402,0.00829498915618842,2.237737128483791,6.604333681600733,2.0119985311466126,-0.056012723823725796,-0.026452009596198423,0.0,0.835631983688638,0.696409407146908,0.3793409832777752
88.33000000000001,1.0,41.0,39.0,0.9512195121951219,0.013714096185771959,0.03504504800018207,1.6715159908818933,0.013527714058766103,0.02809944488101697,0.0070353558958942955,2.198444154710666,6.686045224010085,1.99071041747916,-0.012352479930710203,-0.005515005640717163,0.0,0.7801434159595827,0.6248552116187739,0.34630345097954207
88.69,1.0,41.0,33.0,0.8048780487804879,0.015135899639177185,0.0357401130779908,1.2570350656919176,-0.034136649094708545,0.08701136362233158,0.008333198269901206,2.1874292934791657,6.872523235092262,1.8637373717787646,0.03268238462927853,0.009857613623954542,0.0,0.8611966040644035,0.7002168808921334,0.392623296204458
88.75,1.0,41.0,36.0,0.8780487804878049,0.014555225930036223,0.03520519563870448,1.693831699652055,0.04119147423112946,0.03555275154559365,0.007671665609397715,2.1406372083646543,6.888785447069949,1.8317939206805414,-0.039796444028138644,-0.010629232900309482,0.0,0.6526992984499786,0.4948954531473952,0.30691478677304307
88.93,1.0,41.0,36.0,0.8780487804878049,0.015436766674631107,0.03977626398414647,2.3484341402893074,0.034474710385418376,0.012070336837757968,0.0076056671293409685,2.113019010000513,6.977920606382832,1.726830332103399,-0.03405588998063136,-0.005357426041076252,0.0,0.8032809462197577,0.5615432490775267,0.3139701878478932
89.13,1.0,39.0,34.0,0.8717948717948718,0.017333507405800006,0.036631459735068664,1.950210262236521,0.01465633654554418,0.0016751194209920822,0.009958692338536822,2.112654628810639,7.074637199638353,1.6000426337611964,-0.014650068869443977,-0.0004285826137442328,0.0,0.8237442122876937,0.5818310626474795,0.3249620971856205
89.33000000000001,0.0,39.0,30.0,0.7692307692307693,0.014542272282561006,0.031199332357978924,1.1368735207942497,nan,nan,nan,nan,nan,nan,-0.014650068869443977,-0.0004285826137442328,0.0,0.8237442122876937,0.5818310626474795,0.3249620971856205
89.59,1.0,32.0,19.0,0.59375,0.017581018900541586,0.03497182699983255,2.5185814861274176,0.034901690096067854,-0.030501158054975698,0.008988848145788687,2.139705363874416,7.322822543055566,1.3854236091875172,-0.03430374115708856,0.006432830962292968,0.0,0.8493571140369501,0.5997617957856063,0.2958062991994891
89.72999999999999,1.0,35.0,22.0,0.6285714285714286,0.04775288928907601,0.2923987449733754,3.4549779437481494,-0.03368451134404006,-0.015229596165898704,0.1010578375527167,2.2008092559341748,7.388898863026068,1.3489447266281394,0.032858961324293556,-0.007411812543186791,0.0,0.4110844273772142,0.21856143324157673,0.2972057755504043
89.93,1.0,45.0,26.0,0.5777777777777777,0.15483960759741264,0.2959231811636855,12.505558889077749,-0.27440837237215865,0.12,0.15616344188502995,2.4823918752248466,7.41917088732506,1.3003478966128035,0.2644339543192391,-0.07331192693571609,0.0,0.3407009257977553,0.15885137949985423,0.3276426558224551
90.22999999999999,1.0,36.0,19.0,0.5277777777777778,0.1781651427433373,0.2942993143517351,14.77702463423637,-0.11063827660768832,0.12,0.1886315075477879,2.4736134420832276,7.575669115245373,1.253963375397121,0.10513146698928466,-0.034470319107898106,0.0,0.28709989354344095,0.126045504569684,0.2799451907955567
90.38999999999999,0.0,52.0,34.0,0.6538461538461539,0.10607080881624828,0.26585856026409116,11.25849308825579,nan,nan,nan,nan,nan,nan,0.10513146698928466,-0.034470319107898106,0.0,0.28709989354344095,0.126045504569684,0.2799451907955567
90.59,0.0,56.0,41.0,0.7321428571428571,0.11547273850543845,0.2629405346672923,8.869651832286568,nan,nan,nan,nan,nan,nan,0.10513146698928466,-0.034470319107898106,0.0,0.28709989354344095,0.126045504569684,0.2799451907955567
90.72999999999999,1.0,47.0,37.0,0.7872340425531915,0.08859345533661593,0.19649078787105267,6.487163558362336,0.03364122042884704,0.12,0.10482335425538766,2.460934548680164,7.845835139985781,1.230473932947593,-0.031711798956757686,0.011229137049143745,0.0,0.7697045389240728,0.5447032549729083,0.46963630308416443
90.93,1.0,39.0,27.0,0.6923076923076923,0.08165578548344025,0.17804410595013206,6.5733198912585635,0.08656569207080246,0.12,0.0900122738069282,2.4256829694999027,7.965572200389828,1.2293998608404717,-0.08156981657825968,0.02898247862219616,0.0,0.6358077579456537,0.46939152870096235,0.3493524165001434
91.13,1.0,41.0,24.0,0.5853658536585366,0.019242582760178175,0.03604555504082527,5.554566101559185,0.7203035612720047,-0.03743979762368802,0.014149132799795232,1.8095435698838562,8.289752302459226,1.2293169174891165,-0.678713428212657,0.24121629867186734,0.0,0.8082123506126161,0.6741322014891333,0.30341545541255927
91.33000000000001,1.0,26.0,26.0,1.0,0.016513482126045996,0.0335423029758675,6.113902767382712,0.119877314466332,-0.05308387171338544,0.011574216069377077,1.850307760061275,8.378278021365707,1.250933041136294,-0.11379694706763699,0.037693837185212686,0.0,0.7788197100594536,0.6022326324653334,0.3170905381661975
92.13,0.0,18.0,0.0,0.0,nan,nan,nan,nan,nan,nan,nan,nan,nan,-0.11379694706763699,0.037693837185212686,0.0,0.7788197100594536,0.6022326324653334,0.3170905381661975
92.35,0.0,20.0,0.0,0.0,nan,nan,nan,nan,nan,nan,nan,nan,nan,-0.11379694706763699,0.037693837185212686,0.0,0.7788197100594536,0.6022326324653334,0.3170905381661975
92.55000000000001,0.0,16.0,0.0,0.0,nan,nan,nan,nan,nan,nan,nan,nan,nan,-0.11379694706763699,0.037693837185212686,0.0,0.7788197100594536,0.6022326324653334,0.3170905381661975
93.28999999999999,0.0,40.0,0.0,0.0,nan,nan,nan,nan,nan,nan,nan,nan,nan,-0.11379694706763699,0.037693837185212686,0.0,0.7788197100594536,0.6022326324653334,0.3170905381661975
93.63,0.0,27.0,0.0,0.0,nan,nan,nan,nan,nan,nan,nan,nan,nan,-0.11379694706763699,0.037693837185212686,0.0,0.7788197100594536,0.6022326324653334,0.3170905381661975
93.69,0.0,41.0,0.0,0.0,nan,nan,nan,nan,nan,nan,nan,nan,nan,-0.11379694706763699,0.037693837185212686,0.0,0.7788197100594536,0.6022326324653334,0.3170905381661975
93.88999999999999,0.0,38.0,0.0,0.0,nan,nan,nan,nan,nan,nan,nan,nan,nan,-0.11379694706763699,0.037693837185212686,0.0,0.7788197100594536,0.6022326324653334,0.3170905381661975
94.09,0.0,46.0,3.0,0.06521739130434782,0.3323851781911997,0.3443578226585346,13.687987622104185,nan,nan,nan,nan,nan,nan,-0.11379694706763699,0.037693837185212686,0.0,0.7788197100594536,0.6022326324653334,0.3170905381661975
94.35,0.0,46.0,3.0,0.06521739130434782,0.3107817771113423,0.336654254819049,23.78164478414103,nan,nan,nan,nan,nan,nan,-0.11379694706763699,0.037693837185212686,0.0,0.7788197100594536,0.6022326324653334,0.3170905381661975
94.49000000000001,0.0,42.0,6.0,0.14285714285714285,0.3197156913954659,0.34872404992334133,21.95837719505172,nan,nan,nan,nan,nan,nan,-0.11379694706763699,0.037693837185212686,0.0,0.7788197100594536,0.6022326324653334,0.3170905381661975
94.69,1.0,40.0,29.0,0.725,0.23188066913714758,0.3470858615224924,13.519139714373113,1.1404613892404845,-0.12,0.24303834109258235,0.4044181830651393,8.729806300887535,2.5320988917168914,-0.6528599159841472,-0.9351075395105681,0.0,0.6343692469644996,0.546164371000745,0.7274701004852363
94.88999999999999,0.0,44.0,21.0,0.4772727272727273,0.2597119603154789,0.3450568715244569,17.31953736572168,nan,nan,nan,nan,nan,nan,-0.6528599159841472,-0.9351075395105681,0.0,0.6343692469644996,0.546164371000745,0.7274701004852363
95.09,0.0,46.0,26.0,0.5652173913043478,0.24746333336823978,0.34719135997347556,17.462091512312234,nan,nan,nan,nan,nan,nan,-0.6528599159841472,-0.9351075395105681,0.0,0.6343692469644996,0.546164371000745,0.7274701004852363
95.29000000000002,0.0,43.0,17.0,0.3953488372093023,0.2713500868284381,0.3447053723568606,17.08161853297768,nan,nan,nan,nan,nan,nan,-0.6528599159841472,-0.9351075395105681,0.0,0.6343692469644996,0.546164371000745,0.7274701004852363
95.63,0.0,44.0,0.0,0.0,nan,nan,nan,nan,nan,nan,nan,nan,nan,-0.6528599159841472,-0.9351075395105681,0.0,0.6343692469644996,0.546164371000745,0.7274701004852363
95.69,0.0,39.0,19.0,0.48717948717948717,0.25115636174997547,0.3297220548707175,18.620684997284886,nan,nan,nan,nan,nan,nan,-0.6528599159841472,-0.9351075395105681,0.0,0.6343692469644996,0.546164371000745,0.7274701004852363
95.85,1.0,43.0,41.0,0.9534883720930233,0.21647695297683806,0.2892518248321286,11.159515786788335,0.0932173668885234,-0.12,0.2232980080750336,0.0157227737573578,9.159831580851275,-3.1381107721776105,0.00032457116123786253,-0.09321680182880598,0.0,0.5327293617880913,0.6287267419332747,0.6346093859695751
96.13,1.0,26.0,26.0,1.0,0.2034034924752753,0.2619571629010083,12.3031289649291,-0.028390831732399015,-0.12,0.2073231736032495,-0.14329328653380002,9.197453780784226,-2.9828814925547076,-0.0044870488081321935,0.02803401004941719,0.0,0.35818454233711516,0.46883261490701994,0.4132550388658822
96.25,1.0,32.0,32.0,1.0,0.06956204934397786,0.11183592686103683,9.523113482824217,-0.11850313103363252,-0.12,0.07114848526748502,-0.2323006328590793,9.284476066922156,-2.9371347785289212,-0.024060443975501777,0.11603485295580818,0.0,0.8007096057292676,0.8575006080834859,0.3778611603970286
96.45000000000002,1.0,27.0,27.0,1.0,0.019727940265862928,0.03923312582502722,6.122964032856191,-0.10760760342409725,-0.1044648542608764,0.0168024411384924,-0.3554045390790912,9.344044931299694,-2.8764575944733535,-0.02819745446665789,0.10384748372627328,0.0,0.6825542741628227,0.8252635053201084,0.3149933693778964
96.73000000000002,1.0,31.0,31.0,1.0,0.018617282394462153,0.03226871667969456,5.687406221679951,-0.05011739729682302,-0.10186023046370878,0.014297405404432277,-0.5006562001066064,9.332834191396673,-2.826679479711115,-0.015523057729391387,0.04765278785692928,0.0,0.6725993893233553,0.8551830863830464,0.37032829500664294
96.93,1.0,31.0,30.0,0.967741935483871,0.015427662257067818,0.035963485104365873,3.034300030104064,-0.07586923508175814,-0.033516329097809563,0.009796891075486503,-0.6168990320576421,9.367800372891699,-2.807617939616612,-0.02486998886494729,0.07167722431671386,0.0,0.6090611571993463,0.8037888428274209,0.339981793295221
97.03,1.0,39.0,37.0,0.9487179487179487,0.015646706733273116,0.03040878667712906,4.805657963621237,0.010742555723421083,-0.027134786148334415,0.0084769315193264,-0.6556427299545754,9.329504480982353,-2.8023073187999232,0.003575264916633736,-0.01013015223215774,0.0,0.5347395544727367,0.7242280120380468,0.30862147907022747
97.39000000000001,1.0,35.0,25.0,0.7142857142857143,0.014576644112487496,0.03641090571164736,4.483892106118617,-0.023141925960434417,-0.03022426943600748,0.00873813392598857,-0.838282007742769,9.298750791625414,-2.7885294023946288,-0.00800187002978836,0.021714483949304864,0.0,0.6381184558314072,0.8370977781861617,0.32256051569713806
97.43,1.0,37.0,23.0,0.6216216216216216,0.013460923130167545,0.03179179612473063,3.4580064816872684,0.019528871042283152,-0.020922513492797428,0.0076444016323570525,-0.8496481976323103,9.27034117745742,-2.7881688618090745,0.006759176769695285,-0.018321853988670256,0.0,0.42711586660124007,0.5723525803666508,0.2428828297470893
97.65,0.0,39.0,23.0,0.5897435897435898,0.015359879562934187,0.04015731508230464,3.848051112394793,nan,nan,nan,nan,nan,nan,0.006759176769695285,-0.018321853988670256,0.0,0.42711586660124007,0.5723525803666508,0.2428828297470893
97.85,1.0,33.0,13.0,0.3939393939393939,0.018518341226475468,0.03325900170045408,7.56150423928284,0.047758301785268305,-0.059632155492137566,0.006581702074000953,-1.0359513128538969,9.172014549448592,-2.82178549908149,0.015014422021409679,-0.045336767868649375,0.0,0.5164977375569726,0.7599984199714478,0.21859345797958926
98.05000000000001,1.0,31.0,10.0,0.3225806451612903,0.015789753570816148,0.030455378684440374,6.446879277717706,-0.02080592663730777,-0.027850408656726416,0.007554958854312332,-1.1447777712050442,9.182778698048242,-2.8789856346688536,-0.005401199254774225,0.020092626255600265,0.0,0.4094033561612292,0.6380459248534107,0.18041915175139736
98.25,0.0,27.0,7.0,0.25925925925925924,0.0367166669865661,0.05494618636177671,9.891876309459128,nan,nan,nan,nan,nan,nan,-0.005401199254774225,0.020092626255600265,0.0,0.4094033561612292,0.6380459248534107,0.18041915175139736
98.43,0.0,26.0,3.0,0.11538461538461539,0.042187822662235135,0.055370215544596126,14.097995480164146,nan,nan,nan,nan,nan,nan,-0.005401199254774225,0.020092626255600265,0.0,0.4094033561612292,0.6380459248534107,0.18041915175139736
98.63,0.0,25.0,0.0,0.0,nan,nan,nan,nan,nan,nan,nan,nan,nan,-0.005401199254774225,0.020092626255600265,0.0,0.4094033561612292,0.6380459248534107,0.18041915175139736
98.83000000000001,0.0,32.0,0.0,0.0,nan,nan,nan,nan,nan,nan,nan,nan,nan,-0.005401199254774225,0.020092626255600265,0.0,0.4094033561612292,0.6380459248534107,0.18041915175139736
99.03,0.0,32.0,0.0,0.0,nan,nan,nan,nan,nan,nan,nan,nan,nan,-0.005401199254774225,0.020092626255600265,0.0,0.4094033561612292,0.6380459248534107,0.18041915175139736
99.23000000000002,0.0,35.0,0.0,0.0,nan,nan,nan,nan,nan,nan,nan,nan,nan,-0.005401199254774225,0.020092626255600265,0.0,0.4094033561612292,0.6380459248534107,0.18041915175139736
99.43,0.0,56.0,0.0,0.0,nan,nan,nan,nan,nan,nan,nan,nan,nan,-0.005401199254774225,0.020092626255600265,0.0,0.4094033561612292,0.6380459248534107,0.18041915175139736
99.95000000000002,0.0,40.0,0.0,0.0,nan,nan,nan,nan,nan,nan,nan,nan,nan,-0.005401199254774225,0.020092626255600265,0.0,0.4094033561612292,0.6380459248534107,0.18041915175139736
100.03,0.0,48.0,0.0,0.0,nan,nan,nan,nan,nan,nan,nan,nan,nan,-0.005401199254774225,0.020092626255600265,0.0,0.4094033561612292,0.6380459248534107,0.18041915175139736
100.29000000000002,0.0,43.0,0.0,0.0,nan,nan,nan,nan,nan,nan,nan,nan,nan,-0.005401199254774225,0.020092626255600265,0.0,0.4094033561612292,0.6380459248534107,0.18041915175139736
100.55000000000001,0.0,47.0,0.0,0.0,nan,nan,nan,nan,nan,nan,nan,nan,nan,-0.005401199254774225,0.020092626255600265,0.0,0.4094033561612292,0.6380459248534107,0.18041915175139736
100.63,0.0,37.0,0.0,0.0,nan,nan,nan,nan,nan,nan,nan,nan,nan,-0.005401199254774225,0.020092626255600265,0.0,0.4094033561612292,0.6380459248534107,0.18041915175139736
100.83000000000001,0.0,33.0,0.0,0.0,nan,nan,nan,nan,nan,nan,nan,nan,nan,-0.005401199254774225,0.020092626255600265,0.0,0.4094033561612292,0.6380459248534107,0.18041915175139736
101.03,0.0,21.0,0.0,0.0,nan,nan,nan,nan,nan,nan,nan,nan,nan,-0.005401199254774225,0.020092626255600265,0.0,0.4094033561612292,0.6380459248534107,0.18041915175139736
101.23000000000002,0.0,19.0,0.0,0.0,nan,nan,nan,nan,nan,nan,nan,nan,nan,-0.005401199254774225,0.020092626255600265,0.0,0.4094033561612292,0.6380459248534107,0.18041915175139736
101.43,0.0,22.0,0.0,0.0,nan,nan,nan,nan,nan,nan,nan,nan,nan,-0.005401199254774225,0.020092626255600265,0.0,0.4094033561612292,0.6380459248534107,0.18041915175139736
101.89000000000001,0.0,25.0,0.0,0.0,nan,nan,nan,nan,nan,nan,nan,nan,nan,-0.005401199254774225,0.020092626255600265,0.0,0.4094033561612292,0.6380459248534107,0.18041915175139736
102.03,0.0,40.0,0.0,0.0,nan,nan,nan,nan,nan,nan,nan,nan,nan,-0.005401199254774225,0.020092626255600265,0.0,0.4094033561612292,0.6380459248534107,0.18041915175139736
102.19,0.0,45.0,0.0,0.0,nan,nan,nan,nan,nan,nan,nan,nan,nan,-0.005401199254774225,0.020092626255600265,0.0,0.4094033561612292,0.6380459248534107,0.18041915175139736
102.43,0.0,47.0,0.0,0.0,nan,nan,nan,nan,nan,nan,nan,nan,nan,-0.005401199254774225,0.020092626255600265,0.0,0.4094033561612292,0.6380459248534107,0.18041915175139736
102.59,0.0,37.0,0.0,0.0,nan,nan,nan,nan,nan,nan,nan,nan,nan,-0.005401199254774225,0.020092626255600265,0.0,0.4094033561612292,0.6380459248534107,0.18041915175139736
102.83000000000001,0.0,48.0,0.0,0.0,nan,nan,nan,nan,nan,nan,nan,nan,nan,-0.005401199254774225,0.020092626255600265,0.0,0.4094033561612292,0.6380459248534107,0.18041915175139736
103.05000000000001,0.0,40.0,0.0,0.0,nan,nan,nan,nan,nan,nan,nan,nan,nan,-0.005401199254774225,0.020092626255600265,0.0,0.4094033561612292,0.6380459248534107,0.18041915175139736
103.19,0.0,43.0,0.0,0.0,nan,nan,nan,nan,nan,nan,nan,nan,nan,-0.005401199254774225,0.020092626255600265,0.0,0.4094033561612292,0.6380459248534107,0.18041915175139736
103.45000000000002,0.0,44.0,0.0,0.0,nan,nan,nan,nan,nan,nan,nan,nan,nan,-0.005401199254774225,0.020092626255600265,0.0,0.4094033561612292,0.6380459248534107,0.18041915175139736
103.59,0.0,45.0,0.0,0.0,nan,nan,nan,nan,nan,nan,nan,nan,nan,-0.005401199254774225,0.020092626255600265,0.0,0.4094033561612292,0.6380459248534107,0.18041915175139736
103.93,0.0,45.0,0.0,0.0,nan,nan,nan,nan,nan,nan,nan,nan,nan,-0.005401199254774225,0.020092626255600265,0.0,0.4094033561612292,0.6380459248534107,0.18041915175139736
103.99000000000001,0.0,37.0,0.0,0.0,nan,nan,nan,nan,nan,nan,nan,nan,nan,-0.005401199254774225,0.020092626255600265,0.0,0.4094033561612292,0.6380459248534107,0.18041915175139736
104.19,0.0,32.0,0.0,0.0,nan,nan,nan,nan,nan,nan,nan,nan,nan,-0.005401199254774225,0.020092626255600265,0.0,0.4094033561612292,0.6380459248534107,0.18041915175139736
104.45000000000002,0.0,30.0,0.0,0.0,nan,nan,nan,nan,nan,nan,nan,nan,nan,-0.005401199254774225,0.020092626255600265,0.0,0.4094033561612292,0.6380459248534107,0.18041915175139736
104.79000000000002,0.0,37.0,0.0,0.0,nan,nan,nan,nan,nan,nan,nan,nan,nan,-0.005401199254774225,0.020092626255600265,0.0,0.4094033561612292,0.6380459248534107,0.18041915175139736
104.99000000000001,0.0,43.0,0.0,0.0,nan,nan,nan,nan,nan,nan,nan,nan,nan,-0.005401199254774225,0.020092626255600265,0.0,0.4094033561612292,0.6380459248534107,0.18041915175139736
105.25,0.0,39.0,0.0,0.0,nan,nan,nan,nan,nan,nan,nan,nan,nan,-0.005401199254774225,0.020092626255600265,0.0,0.4094033561612292,0.6380459248534107,0.18041915175139736
105.59,0.0,34.0,2.0,0.058823529411764705,0.08211444978105271,0.11515239134326345,6.715564586912141,nan,nan,nan,nan,nan,nan,-0.005401199254774225,0.020092626255600265,0.0,0.4094033561612292,0.6380459248534107,0.18041915175139736
105.85,0.0,36.0,6.0,0.16666666666666666,0.0954306710881687,0.10618181006429908,6.3513884929076365,nan,nan,nan,nan,nan,nan,-0.005401199254774225,0.020092626255600265,0.0,0.4094033561612292,0.6380459248534107,0.18041915175139736
105.99000000000001,0.0,51.0,7.0,0.13725490196078433,0.09191894073803489,0.13097111778851236,12.610259853369943,nan,nan,nan,nan,nan,nan,-0.005401199254774225,0.020092626255600265,0.0,0.4094033561612292,0.6380459248534107,0.18041915175139736
106.43,0.0,51.0,7.0,0.13725490196078433,0.09191894073803489,0.13097111778851236,12.610259853369943,nan,nan,nan,nan,nan,nan,-0.005401199254774225,0.020092626255600265,0.0,0.4094033561612292,0.6380459248534107,0.18041915175139736
106.45000000000002,0.0,48.0,2.0,0.041666666666666664,0.0867505432165426,0.0901515138042576,12.620431318336232,nan,nan,nan,nan,nan,nan,-0.005401199254774225,0.020092626255600265,0.0,0.4094033561612292,0.6380459248534107,0.18041915175139736
106.55000000000001,0.0,40.0,5.0,0.125,0.04427001382376873,0.06908405881388172,15.806976282563914,nan,nan,nan,nan,nan,nan,-0.005401199254774225,0.020092626255600265,0.0,0.4094033561612292,0.6380459248534107,0.18041915175139736
106.83000000000001,0.0,38.0,2.0,0.05263157894736842,0.07285123681529831,0.08563640805154957,15.340749953794274,nan,nan,nan,nan,nan,nan,-0.005401199254774225,0.020092626255600265,0.0,0.4094033561612292,0.6380459248534107,0.18041915175139736
106.95000000000002,0.0,61.0,2.0,0.03278688524590164,0.05641554848443195,0.07908040662607907,5.2250295367468,nan,nan,nan,nan,nan,nan,-0.005401199254774225,0.020092626255600265,0.0,0.4094033561612292,0.6380459248534107,0.18041915175139736
107.15,0.0,59.0,6.0,0.1016949152542373,0.030466113906323287,0.04764767390681905,14.859724046618506,nan,nan,nan,nan,nan,nan,-0.005401199254774225,0.020092626255600265,0.0,0.4094033561612292,0.6380459248534107,0.18041915175139736
107.35,0.0,56.0,3.0,0.05357142857142857,0.029299933808457784,0.03910292022775113,11.607630140531512,nan,nan,nan,nan,nan,nan,-0.005401199254774225,0.020092626255600265,0.0,0.4094033561612292,0.6380459248534107,0.18041915175139736
107.55000000000001,0.0,32.0,0.0,0.0,nan,nan,nan,nan,nan,nan,nan,nan,nan,-0.005401199254774225,0.020092626255600265,0.0,0.4094033561612292,0.6380459248534107,0.18041915175139736
107.89000000000001,0.0,23.0,0.0,0.0,nan,nan,nan,nan,nan,nan,nan,nan,nan,-0.005401199254774225,0.020092626255600265,0.0,0.4094033561612292,0.6380459248534107,0.18041915175139736
108.13,0.0,23.0,0.0,0.0,nan,nan,nan,nan,nan,nan,nan,nan,nan,-0.005401199254774225,0.020092626255600265,0.0,0.4094033561612292,0.6380459248534107,0.18041915175139736
108.15,0.0,17.0,0.0,0.0,nan,nan,nan,nan,nan,nan,nan,nan,nan,-0.005401199254774225,0.020092626255600265,0.0,0.4094033561612292,0.6380459248534107,0.18041915175139736
108.69,0.0,29.0,0.0,0.0,nan,nan,nan,nan,nan,nan,nan,nan,nan,-0.005401199254774225,0.020092626255600265,0.0,0.4094033561612292,0.6380459248534107,0.18041915175139736
108.75,0.0,44.0,0.0,0.0,nan,nan,nan,nan,nan,nan,nan,nan,nan,-0.005401199254774225,0.020092626255600265,0.0,0.4094033561612292,0.6380459248534107,0.18041915175139736
108.93,0.0,35.0,3.0,0.08571428571428572,0.2079145926468949,0.21810185394825415,19.815017601886506,nan,nan,nan,nan,nan,nan,-0.005401199254774225,0.020092626255600265,0.0,0.4094033561612292,0.6380459248534107,0.18041915175139736
109.23000000000002,0.0,38.0,0.0,0.0,nan,nan,nan,nan,nan,nan,nan,nan,nan,-0.005401199254774225,0.020092626255600265,0.0,0.4094033561612292,0.6380459248534107,0.18041915175139736
109.39000000000001,0.0,31.0,0.0,0.0,nan,nan,nan,nan,nan,nan,nan,nan,nan,-0.005401199254774225,0.020092626255600265,0.0,0.4094033561612292,0.6380459248534107,0.18041915175139736
109.55000000000001,0.0,33.0,0.0,0.0,nan,nan,nan,nan,nan,nan,nan,nan,nan,-0.005401199254774225,0.020092626255600265,0.0,0.4094033561612292,0.6380459248534107,0.18041915175139736
109.73000000000002,0.0,32.0,0.0,0.0,nan,nan,nan,nan,nan,nan,nan,nan,nan,-0.005401199254774225,0.020092626255600265,0.0,0.4094033561612292,0.6380459248534107,0.18041915175139736
109.99000000000001,0.0,38.0,0.0,0.0,nan,nan,nan,nan,nan,nan,nan,nan,nan,-0.005401199254774225,0.020092626255600265,0.0,0.4094033561612292,0.6380459248534107,0.18041915175139736
110.13,0.0,29.0,0.0,0.0,nan,nan,nan,nan,nan,nan,nan,nan,nan,-0.005401199254774225,0.020092626255600265,0.0,0.4094033561612292,0.6380459248534107,0.18041915175139736
110.33000000000001,0.0,30.0,0.0,0.0,nan,nan,nan,nan,nan,nan,nan,nan,nan,-0.005401199254774225,0.020092626255600265,0.0,0.4094033561612292,0.6380459248534107,0.18041915175139736
110.53,0.0,32.0,0.0,0.0,nan,nan,nan,nan,nan,nan,nan,nan,nan,-0.005401199254774225,0.020092626255600265,0.0,0.4094033561612292,0.6380459248534107,0.18041915175139736
110.73000000000002,0.0,27.0,0.0,0.0,nan,nan,nan,nan,nan,nan,nan,nan,nan,-0.005401199254774225,0.020092626255600265,0.0,0.4094033561612292,0.6380459248534107,0.18041915175139736
110.93,0.0,26.0,0.0,0.0,nan,nan,nan,nan,nan,nan,nan,nan,nan,-0.005401199254774225,0.020092626255600265,0.0,0.4094033561612292,0.6380459248534107,0.18041915175139736
111.13,0.0,37.0,0.0,0.0,nan,nan,nan,nan,nan,nan,nan,nan,nan,-0.005401199254774225,0.020092626255600265,0.0,0.4094033561612292,0.6380459248534107,0.18041915175139736
111.33000000000001,1.0,48.0,14.0,0.2916666666666667,0.06285762333082957,0.13855184132980888,11.884718093737156,0.4087111605426645,0.07321211508427192,0.07233524565143208,-0.7477811189612245,5.791935682579794,-1.0224174777080024,0.3487821521782082,0.2130629556588115,0.0,0.9786441917819539,0.9785164275601564,0.7171423927728416
111.53,1.0,63.0,28.0,0.4444444444444444,0.0450728968938519,0.10749708609608279,7.9222805977262345,-0.06851615384589542,-0.12,0.04737721118463455,-0.7601955629786734,5.66922328975497,-0.9848859837834398,-0.05708827943154904,-0.03788656344114383,0.0,0.8714639041672523,0.8465289517146865,0.6101997918831221
111.73000000000002,1.0,43.0,9.0,0.20930232558139536,0.02414304252694825,0.04423590141462697,8.95834323725042,0.025227233342643266,-0.020303179861539053,0.02313444893938825,-0.6800017735015976,5.604496397666736,-0.9809222492201791,0.02096410161717721,0.014032809608515606,0.0,0.5243776916325283,0.4170113760339706,0.19537269789975337
111.93,1.0,65.0,32.0,0.49230769230769234,0.030707068957694563,0.08622028463396977,6.29878988918345,-0.1066511783307331,-0.12,0.03451963651758558,-0.7229099211163731,5.453426529700187,-0.9768061760608538,-0.08838333588571112,-0.05968969573592631,0.0,0.8062339986754276,0.7292250273222911,0.46200543432518565
112.19,1.0,63.0,37.0,0.5873015873015873,0.037215517894795234,0.08623477442662539,8.679271807244739,-0.018626017780655018,-0.12,0.037364378070338065,-0.6649853663862189,5.35200513797589,-0.9802541319198322,-0.015471494937124963,-0.010371180394526114,0.0,0.7954415968938876,0.7070380970477183,0.40437932722575803
112.33000000000001,1.0,60.0,36.0,0.6,0.03202524728306024,0.06744349820332877,8.699476412952885,-0.039287833117222025,-0.12,0.03119435447928993,-0.6518183140445947,5.261726238349784,-0.9776575391354692,-0.03257708972216067,-0.021960579598020225,0.0,0.7225654108793231,0.6267691677628638,0.3426206498233505
112.49000000000001,1.0,35.0,20.0,0.5714285714285714,0.026602590452169318,0.05972996629815876,5.421515238286328,-0.07752755612270266,-0.12,0.023601317431635332,-0.6687384982785389,5.158563696252365,-0.9785546653245549,-0.06432394807579889,-0.04327761155956633,0.0,0.633303525422831,0.5214930545830394,0.22954229241643212
112.69,1.0,44.0,24.0,0.5454545454545454,0.025413403447775828,0.05146078404173419,7.12458615053709,-0.030600817942098707,-0.12,0.022338138091171997,-0.6250006471762883,5.067501515226824,-0.9926810871913491,-0.02562800317882874,-0.016721707801281127,0.0,0.7218663387238584,0.6145941609749623,0.28615350843025233
112.89000000000001,1.0,35.0,24.0,0.6857142857142857,0.02206362246005002,0.03919845592430628,6.273992006827488,-0.03828127357289125,-0.12,0.017361079526951005,-0.6070335181965999,4.963210876842311,-1.0430995821114726,-0.033073839514209946,-0.019276333835842152,0.0,0.7289405501118641,0.6088764760907951,0.29155845762452715
113.09,1.0,31.0,25.0,0.8064516129032258,0.022658171346717812,0.04450459577328785,6.524952697436836,-0.04666542234019488,-0.12,0.016416362681017392,-0.6062456706334984,4.854553126172221,-1.1271205828635065,-0.04214727196129642,-0.020031702583886535,0.0,0.7520860988676293,0.6033595823950728,0.30279084275980767
113.35,1.0,32.0,22.0,0.6875,0.021486578215142133,0.03846685279513678,4.150310963262551,0.07855663944361782,-0.07934545214330968,0.009333621083954895,-0.4958367702814903,4.75106534227609,-1.284374293035863,0.07535631006919896,0.022193966149143485,0.0,0.7853145650214043,0.5851315853396597,0.29359936322647345
113.49000000000001,1.0,23.0,23.0,1.0,0.01869566922401003,0.04855270802100154,3.6400939180055794,-0.17965851095990723,-0.12,0.012735608331831951,-0.6802040448198613,4.645249460166858,-1.3833423037478696,-0.1765112320224188,-0.03348082332110369,0.0,0.7400663771726189,0.5126761453005727,0.28107152322375484
113.75,1.0,17.0,17.0,1.0,0.023168236408175516,0.0412054551334407,4.87569909499866,-0.197576923628939,-0.08727627220319677,0.019755114330198054,-0.8506424134592643,4.527999079224419,-1.59595846616916,-0.1975143806682086,0.004970933506853292,0.0,0.7751361938515547,0.48818198236034216,0.2441731633317758
114.29000000000002,1.0,14.0,14.0,1.0,0.01278353154473672,0.025831365496130132,2.1878942611539167,-0.03225744948940499,-0.06343149626189137,0.005981741651838612,-0.9564365656792088,4.300524846034165,-2.0811394680621516,-0.02814710664859843,0.015757012244519863,0.0,0.8307020246244955,0.6126902774127535,0.28391186085988684
114.49000000000001,1.0,34.0,12.0,0.35294117647058826,0.011988689068375837,0.026140827860954178,1.4214290694135046,-0.07075110499275115,0.005886611712458443,0.00642181524393089,-1.0797952764101928,4.276922311412798,-2.2778117248614036,-0.05379234528278842,0.0459576157635766,0.0,0.6216865187010863,0.5272770495354908,0.23387191633327387
114.69,0.0,38.0,9.0,0.23684210526315788,0.01309550228903152,0.023811268243756466,7.047372620875065,nan,nan,nan,nan,nan,nan,-0.05379234528278842,0.0459576157635766,0.0,0.6216865187010863,0.5272770495354908,0.23387191633327387
114.89000000000001,1.0,48.0,16.0,0.3333333333333333,0.06859897854713785,0.12603803434399571,11.919127377917635,0.6691057143190714,-0.12,0.07607748476618367,-0.9257124324457341,3.5860306857706714,-2.6464110735010276,0.3179533000276825,-0.5887343678909369,0.0,0.5050519765451416,0.5607564800633568,0.3228009965828728
115.09,0.0,37.0,0.0,0.0,nan,nan,nan,nan,nan,nan,nan,nan,nan,0.3179533000276825,-0.5887343678909369,0.0,0.5050519765451416,0.5607564800633568,0.3228009965828728
115.29000000000002,0.0,37.0,0.0,0.0,nan,nan,nan,nan,nan,nan,nan,nan,nan,0.3179533000276825,-0.5887343678909369,0.0,0.5050519765451416,0.5607564800633568,0.3228009965828728
115.57,0.0,31.0,0.0,0.0,nan,nan,nan,nan,nan,nan,nan,nan,nan,0.3179533000276825,-0.5887343678909369,0.0,0.5050519765451416,0.5607564800633568,0.3228009965828728
115.65,0.0,28.0,0.0,0.0,nan,nan,nan,nan,nan,nan,nan,nan,nan,0.3179533000276825,-0.5887343678909369,0.0,0.5050519765451416,0.5607564800633568,0.3228009965828728
115.93,0.0,26.0,0.0,0.0,nan,nan,nan,nan,nan,nan,nan,nan,nan,0.3179533000276825,-0.5887343678909369,0.0,0.5050519765451416,0.5607564800633568,0.3228009965828728
116.05000000000001,0.0,30.0,0.0,0.0,nan,nan,nan,nan,nan,nan,nan,nan,nan,0.3179533000276825,-0.5887343678909369,0.0,0.5050519765451416,0.5607564800633568,0.3228009965828728
116.33000000000001,0.0,49.0,0.0,0.0,nan,nan,nan,nan,nan,nan,nan,nan,nan,0.3179533000276825,-0.5887343678909369,0.0,0.5050519765451416,0.5607564800633568,0.3228009965828728
116.59,0.0,62.0,0.0,0.0,nan,nan,nan,nan,nan,nan,nan,nan,nan,0.3179533000276825,-0.5887343678909369,0.0,0.5050519765451416,0.5607564800633568,0.3228009965828728
116.65,0.0,14.0,0.0,0.0,nan,nan,nan,nan,nan,nan,nan,nan,nan,0.3179533000276825,-0.5887343678909369,0.0,0.5050519765451416,0.5607564800633568,0.3228009965828728
116.93,0.0,50.0,0.0,0.0,nan,nan,nan,nan,nan,nan,nan,nan,nan,0.3179533000276825,-0.5887343678909369,0.0,0.5050519765451416,0.5607564800633568,0.3228009965828728
117.03,0.0,46.0,0.0,0.0,nan,nan,nan,nan,nan,nan,nan,nan,nan,0.3179533000276825,-0.5887343678909369,0.0,0.5050519765451416,0.5607564800633568,0.3228009965828728
117.23000000000002,0.0,39.0,0.0,0.0,nan,nan,nan,nan,nan,nan,nan,nan,nan,0.3179533000276825,-0.5887343678909369,0.0,0.5050519765451416,0.5607564800633568,0.3228009965828728
117.45000000000002,0.0,36.0,0.0,0.0,nan,nan,nan,nan,nan,nan,nan,nan,nan,0.3179533000276825,-0.5887343678909369,0.0,0.5050519765451416,0.5607564800633568,0.3228009965828728
117.85,0.0,19.0,0.0,0.0,nan,nan,nan,nan,nan,nan,nan,nan,nan,0.3179533000276825,-0.5887343678909369,0.0,0.5050519765451416,0.5607564800633568,0.3228009965828728
118.05000000000001,0.0,22.0,0.0,0.0,nan,nan,nan,nan,nan,nan,nan,nan,nan,0.3179533000276825,-0.5887343678909369,0.0,0.5050519765451416,0.5607564800633568,0.3228009965828728
118.25,0.0,14.0,0.0,0.0,nan,nan,nan,nan,nan,nan,nan,nan,nan,0.3179533000276825,-0.5887343678909369,0.0,0.5050519765451416,0.5607564800633568,0.3228009965828728
118.69,0.0,16.0,0.0,0.0,nan,nan,nan,nan,nan,nan,nan,nan,nan,0.3179533000276825,-0.5887343678909369,0.0,0.5050519765451416,0.5607564800633568,0.3228009965828728
118.83000000000001,0.0,28.0,0.0,0.0,nan,nan,nan,nan,nan,nan,nan,nan,nan,0.3179533000276825,-0.5887343678909369,0.0,0.5050519765451416,0.5607564800633568,0.3228009965828728
119.03,0.0,27.0,0.0,0.0,nan,nan,nan,nan,nan,nan,nan,nan,nan,0.3179533000276825,-0.5887343678909369,0.0,0.5050519765451416,0.5607564800633568,0.3228009965828728
119.33000000000001,0.0,28.0,0.0,0.0,nan,nan,nan,nan,nan,nan,nan,nan,nan,0.3179533000276825,-0.5887343678909369,0.0,0.5050519765451416,0.5607564800633568,0.3228009965828728
119.43,0.0,38.0,0.0,0.0,nan,nan,nan,nan,nan,nan,nan,nan,nan,0.3179533000276825,-0.5887343678909369,0.0,0.5050519765451416,0.5607564800633568,0.3228009965828728
119.63,0.0,25.0,0.0,0.0,nan,nan,nan,nan,nan,nan,nan,nan,nan,0.3179533000276825,-0.5887343678909369,0.0,0.5050519765451416,0.5607564800633568,0.3228009965828728
119.83000000000001,0.0,23.0,0.0,0.0,nan,nan,nan,nan,nan,nan,nan,nan,nan,0.3179533000276825,-0.5887343678909369,0.0,0.5050519765451416,0.5607564800633568,0.3228009965828728
120.09,0.0,22.0,0.0,0.0,nan,nan,nan,nan,nan,nan,nan,nan,nan,0.3179533000276825,-0.5887343678909369,0.0,0.5050519765451416,0.5607564800633568,0.3228009965828728
120.23000000000002,0.0,21.0,0.0,0.0,nan,nan,nan,nan,nan,nan,nan,nan,nan,0.3179533000276825,-0.5887343678909369,0.0,0.5050519765451416,0.5607564800633568,0.3228009965828728
120.49000000000001,0.0,12.0,0.0,0.0,nan,nan,nan,nan,nan,nan,nan,nan,nan,0.3179533000276825,-0.5887343678909369,0.0,0.5050519765451416,0.5607564800633568,0.3228009965828728
121.09,1.0,62.0,28.0,0.45161290322580644,0.12839886942906467,0.23098329498489079,12.66290794967263,0.6384398104915758,-0.036645804774461006,0.14296699023213807,-2.423104431361198,2.8788734614393645,-0.8048491240556431,0.46014020979034864,0.4425792346626909,0.0,0.8704032597974923,0.910101859158495,0.7991855958891869
121.49000000000001,1.0,83.0,56.0,0.6746987951807228,0.1740925218405575,0.34015992047223176,7.94153652163675,0.040964426215775944,-0.12,0.19351475523387568,-2.2988312289621122,2.7770237973830594,-0.4243106694049036,0.016864754288846484,0.03733181321560197,0.0,0.4317514296352811,0.4800213678514761,0.5542331333453024
121.63,1.0,74.0,41.0,0.5540540540540541,0.20258050163820862,0.3484013366444769,14.907853846465562,-0.5097562392816493,0.12,0.22554751062126313,-2.391940849338648,2.255156569868586,-0.3035579591061795,-0.15237499803032106,-0.4864496720749534,0.0,0.26159094254402393,0.31809737968502166,0.4016501863183993
121.83000000000001,0.0,54.0,7.0,0.12962962962962962,0.31259525687493006,0.34146954226881,12.77761315745407,nan,nan,nan,nan,nan,nan,-0.15237499803032106,-0.4864496720749534,0.0,0.26159094254402393,0.31809737968502166,0.4016501863183993
122.05000000000001,0.0,58.0,5.0,0.08620689655172414,0.3305216512053796,0.3491883950767879,14.946753868126182,nan,nan,nan,nan,nan,nan,-0.15237499803032106,-0.4864496720749534,0.0,0.26159094254402393,0.31809737968502166,0.4016501863183993
122.19,0.0,49.0,1.0,0.02040816326530612,0.33169298273783804,0.33169298273783804,17.66775600894667,nan,nan,nan,nan,nan,nan,-0.15237499803032106,-0.4864496720749534,0.0,0.26159094254402393,0.31809737968502166,0.4016501863183993
122.49000000000001,0.0,33.0,18.0,0.5454545454545454,0.2906666061853176,0.34101841876625394,11.066482173358837,nan,nan,nan,nan,nan,nan,-0.15237499803032106,-0.4864496720749534,0.0,0.26159094254402393,0.31809737968502166,0.4016501863183993
122.59,0.0,25.0,0.0,0.0,nan,nan,nan,nan,nan,nan,nan,nan,nan,-0.15237499803032106,-0.4864496720749534,0.0,0.26159094254402393,0.31809737968502166,0.4016501863183993
122.79000000000002,0.0,15.0,0.0,0.0,nan,nan,nan,nan,nan,nan,nan,nan,nan,-0.15237499803032106,-0.4864496720749534,0.0,0.26159094254402393,0.31809737968502166,0.4016501863183993
123.39000000000001,0.0,14.0,0.0,0.0,nan,nan,nan,nan,nan,nan,nan,nan,nan,-0.15237499803032106,-0.4864496720749534,0.0,0.26159094254402393,0.31809737968502166,0.4016501863183993
123.59,0.0,24.0,0.0,0.0,nan,nan,nan,nan,nan,nan,nan,nan,nan,-0.15237499803032106,-0.4864496720749534,0.0,0.26159094254402393,0.31809737968502166,0.4016501863183993
123.79000000000002,0.0,19.0,2.0,0.10526315789473684,0.17284950810391753,0.1805439113979779,10.2816205978148,nan,nan,nan,nan,nan,nan,-0.15237499803032106,-0.4864496720749534,0.0,0.26159094254402393,0.31809737968502166,0.4016501863183993
124.05000000000001,1.0,24.0,24.0,1.0,0.021823429434925535,0.04400696629101523,9.546614992490746,0.5229363019420117,0.020162665988771387,0.017328842996930542,-0.8153332991773259,2.35070353977658,-1.1235297229161068,0.4714964542400941,0.2261713278198756,0.0,0.9378741944798692,0.969549254644386,0.6311357490238634
124.19,1.0,27.0,27.0,1.0,0.02202367590426284,0.05415241121151296,10.553366693431776,-0.032626071638181736,0.027515743795855724,0.019659279110146765,-0.8551439378798292,2.26711556016864,-1.2067157748602313,-0.03048748362411491,-0.011617826509683127,0.0,0.7401912574537197,0.6340932032768238,0.44634555816482413
124.35,1.0,28.0,18.0,0.6428571428571429,0.023956585776263296,0.055704959537056516,7.414199205832854,-0.5783558841611192,-0.12,0.024204467119546855,-1.3934608505426547,2.037692014323304,-1.30528820019264,-0.5580898852158972,-0.15176036624724,0.0,0.6552901659654824,0.4590089189317185,0.2713002825485909
124.55000000000001,1.0,20.0,13.0,0.65,0.01503938372527312,0.04615883026813795,2.9800548548796044,-0.123303582679573,-0.10742502104769093,0.014249221957175802,-1.3258191547213993,1.9626450150674861,-1.4127045013418484,-0.12176592446730128,-0.019412190506014504,0.0,0.6511235252101366,0.406422110171252,0.20858797067835141
124.75,1.0,24.0,18.0,0.75,0.017311202870970196,0.03662320680186697,2.0968517054052023,0.036467671104062786,-0.07928346448126951,0.01344234092877565,-1.2473964793668844,1.8705735529134246,-1.5015077062555433,0.036380167063762014,0.0025247732901898523,0.0,0.7417475116748237,0.506214038049535,0.2764686182017808
125.05000000000001,1.0,12.0,10.0,0.8333333333333334,0.018068422319170833,0.03488512302195306,5.692406474817822,-0.07995106667906748,-0.07888091650152859,0.01329886598604175,-1.3580912810269372,1.7271733297813872,-1.665779325170525,-0.07959068767273592,0.007582578644609761,0.0,0.6762993548103449,0.4012375878801168,0.18794189326089208
125.25,0.0,29.0,7.0,0.2413793103448276,0.015067503353328399,0.026303999953511067,6.789171068190773,nan,nan,nan,nan,nan,nan,-0.07959068767273592,0.007582578644609761,0.0,0.6762993548103449,0.4012375878801168,0.18794189326089208
125.39000000000001,1.0,65.0,20.0,0.3076923076923077,0.031925584385773795,0.11040645280887436,7.826500676151961,-0.11547520824752647,0.06959933195963673,0.040556678671801086,-1.5019036617065753,1.6174872474509299,-1.9325201625454664,-0.10800259626012898,0.04086517980972504,0.0,0.8285214129540099,0.6399091551952475,0.3551407525427333
125.55000000000001,1.0,91.0,20.0,0.21978021978021978,0.05715564173995632,0.16794836995018655,10.945010019760923,-0.08580195551984114,0.12,0.06852132783128925,-1.6118628264544872,1.5749546009290825,-2.0535558725300636,-0.07599627177619728,0.0398314228611929,0.0,0.5413568166006837,0.3928853736631208,0.30458450258638364
125.89000000000001,1.0,74.0,27.0,0.36486486486486486,0.06141006895627164,0.1331157810119153,10.141933765863472,-0.16728266051470103,0.12,0.06766853649346499,-1.8226290898537583,1.5613537444578658,-2.357129006158992,-0.11817611117670856,0.11839719277088845,0.0,0.6957290406638548,0.6189053581807894,0.3933646337459385
126.03,0.0,84.0,4.0,0.047619047619047616,0.05490685485632805,0.09075073789589976,12.2642769609197,nan,nan,nan,nan,nan,nan,-0.11817611117670856,0.11839719277088845,0.0,0.6957290406638548,0.6189053581807894,0.3933646337459385
126.15,0.0,88.0,0.0,0.0,nan,nan,nan,nan,nan,nan,nan,nan,nan,-0.11817611117670856,0.11839719277088845,0.0,0.6957290406638548,0.6189053581807894,0.3933646337459385
126.43,0.0,77.0,0.0,0.0,nan,nan,nan,nan,nan,nan,nan,nan,nan,-0.11817611117670856,0.11839719277088845,0.0,0.6957290406638548,0.6189053581807894,0.3933646337459385
126.53,0.0,47.0,0.0,0.0,nan,nan,nan,nan,nan,nan,nan,nan,nan,-0.11817611117670856,0.11839719277088845,0.0,0.6957290406638548,0.6189053581807894,0.3933646337459385
126.75,0.0,33.0,0.0,0.0,nan,nan,nan,nan,nan,nan,nan,nan,nan,-0.11817611117670856,0.11839719277088845,0.0,0.6957290406638548,0.6189053581807894,0.3933646337459385
127.09,0.0,25.0,0.0,0.0,nan,nan,nan,nan,nan,nan,nan,nan,nan,-0.11817611117670856,0.11839719277088845,0.0,0.6957290406638548,0.6189053581807894,0.3933646337459385
127.23000000000002,0.0,18.0,0.0,0.0,nan,nan,nan,nan,nan,nan,nan,nan,nan,-0.11817611117670856,0.11839719277088845,0.0,0.6957290406638548,0.6189053581807894,0.3933646337459385
127.43,0.0,17.0,0.0,0.0,nan,nan,nan,nan,nan,nan,nan,nan,nan,-0.11817611117670856,0.11839719277088845,0.0,0.6957290406638548,0.6189053581807894,0.3933646337459385
127.53,0.0,13.0,0.0,0.0,nan,nan,nan,nan,nan,nan,nan,nan,nan,-0.11817611117670856,0.11839719277088845,0.0,0.6957290406638548,0.6189053581807894,0.3933646337459385
127.75,0.0,16.0,0.0,0.0,nan,nan,nan,nan,nan,nan,nan,nan,nan,-0.11817611117670856,0.11839719277088845,0.0,0.6957290406638548,0.6189053581807894,0.3933646337459385
128.09,0.0,16.0,0.0,0.0,nan,nan,nan,nan,nan,nan,nan,nan,nan,-0.11817611117670856,0.11839719277088845,0.0,0.6957290406638548,0.6189053581807894,0.3933646337459385
128.13,0.0,19.0,0.0,0.0,nan,nan,nan,nan,nan,nan,nan,nan,nan,-0.11817611117670856,0.11839719277088845,0.0,0.6957290406638548,0.6189053581807894,0.3933646337459385
128.35,0.0,21.0,0.0,0.0,nan,nan,nan,nan,nan,nan,nan,nan,nan,-0.11817611117670856,0.11839719277088845,0.0,0.6957290406638548,0.6189053581807894,0.3933646337459385
128.79000000000002,0.0,17.0,0.0,0.0,nan,nan,nan,nan,nan,nan,nan,nan,nan,-0.11817611117670856,0.11839719277088845,0.0,0.6957290406638548,0.6189053581807894,0.3933646337459385
128.93,0.0,14.0,0.0,0.0,nan,nan,nan,nan,nan,nan,nan,nan,nan,-0.11817611117670856,0.11839719277088845,0.0,0.6957290406638548,0.6189053581807894,0.3933646337459385
129.85,1.0,34.0,34.0,1.0,0.15779554368961388,0.21175190069106728,7.76149789779251,-0.0451079003501545,-0.12,0.16057725116201946,-2.561506855971026,0.21778390358089147,-0.6990919277795878,-0.02902796638526217,-0.034526798889204374,0.0,0.8134227747642919,0.7997117174217365,0.7694775415831583
129.93,1.0,47.0,45.0,0.9574468085106383,0.04834222256611291,0.07804387935870907,2.439388464293549,-0.05540334167406611,-0.12,0.04648533345664038,-2.55284136612878,0.16264360482307944,-0.6244846492790507,-0.03239318507932509,-0.0449467666141837,0.0,0.9009905316255178,0.9027642749378467,0.45397937205968697
130.13,1.0,44.0,44.0,1.0,0.03966341215475138,0.07133494165927211,2.940489984336864,-0.020846064975762534,-0.12,0.037820828384209464,-2.4683214052995437,0.11280586440011511,-0.438392540811085,-0.008848832802766715,-0.018874760475364766,0.0,0.6749587780203109,0.7659945138365537,0.38296318327163004
130.33,1.0,37.0,37.0,1.0,0.027538246121809704,0.049550205118583275,2.7503951459322185,-0.02137020000450721,-0.12,0.022417438397500513,-2.3754842696006837,0.07555907254860611,-0.27068539609126063,-0.005714219211566007,-0.020592065147401098,0.0,0.6183727959060373,0.7783715795264559,0.354752722877301
130.59,1.0,29.0,29.0,1.0,0.02162673468568583,0.04084596475327797,2.9463346970452178,-0.015966014593891388,-0.12,0.0163420048594269,-2.233951520551985,0.04710324098362875,-0.1206566345467377,-0.0019217348795099731,-0.01584993870856377,-1.3877787807814457e-17,0.6086241702262813,0.810330440039133,0.34105313275217164
130.73000000000002,1.0,27.0,27.0,1.0,0.016689640110513253,0.04034174701125108,2.9042974509120465,-0.022292926842461546,-0.07718815519185969,0.008257281556632828,-2.1598566838208626,0.026196136233035627,-0.0729317307560244,-0.0016244207849633874,-0.022233664662325035,-1.3877787807814457e-17,0.5142565604668858,0.7320388979195875,0.29381655357863257
130.93,1.0,27.0,27.0,1.0,0.018070362747767257,0.034909213736117495,2.6459427936138473,-0.011641924629920324,-0.056878281464688714,0.00961104707542086,-2.047497546747044,0.018524096147955818,-0.025026304183445945,-0.00029132393471131834,-0.011638279058942078,0.0,0.547417042663198,0.7811754280315161,0.3029044510955391
131.25,0.0,25.0,25.0,1.0,0.015970136972840207,0.036652037492865164,1.7941438234813873,nan,nan,nan,nan,nan,nan,-0.00029132393471131834,-0.011638279058942078,0.0,0.547417042663198,0.7811754280315161,0.3029044510955391
131.39000000000001,1.0,21.0,21.0,1.0,0.016414733817746673,0.03985989886363291,2.91554441432353,0.012378083821452017,-0.06639299809991449,0.007367038645713578,-1.794391768384393,0.03892539254309227,0.03599442733163823,-0.0004454458375600101,0.01237006617188011,0.0,0.625030149795386,0.8542251376700517,0.3269654888685392
131.49,0.0,34.0,34.0,1.0,0.019884229471500564,0.03416664290242717,1.2932069367542849,nan,nan,nan,nan,nan,nan,-0.0004454458375600101,0.01237006617188011,0.0,0.625030149795386,0.8542251376700517,0.3269654888685392
131.83,0.0,19.0,19.0,1.0,0.018111589264505408,0.0634618803061483,0.7491546365484866,nan,nan,nan,nan,nan,nan,-0.0004454458375600101,0.01237006617188011,0.0,0.625030149795386,0.8542251376700517,0.3269654888685392
131.89000000000001,1.0,16.0,15.0,0.9375,0.018096353390665745,0.056070782693916285,2.066025259174716,-0.02606189288612973,-0.03801144782975196,0.008007557673431578,-1.518355330429483,0.026257391017494757,0.056606224856017115,0.0014744776383122105,-0.02602014943274186,0.0,0.5851375514059632,0.8299786180049074,0.29882876756856047
132.23000000000002,0.0,26.0,26.0,1.0,0.032683839114731134,0.08657687665199425,3.5008192703352434,nan,nan,nan,nan,nan,nan,0.0014744776383122105,-0.02602014943274186,0.0,0.5851375514059632,0.8299786180049074,0.29882876756856047
132.35,1.0,27.0,27.0,1.0,0.033002916235309404,0.10867034331242284,0.8363653339384504,0.022552833499194007,-0.056924294627450446,0.009925095395652174,-1.2658889136588698,0.06881453310549071,0.05889633909129747,-0.0013275115445601227,0.022513729409882915,0.0,0.7264722377538745,0.8974786262877451,0.4603258420458387
132.49,0.0,34.0,34.0,1.0,0.03355590083706265,0.10392071177595014,1.1621645006749466,nan,nan,nan,nan,nan,nan,-0.0013275115445601227,0.022513729409882915,0.0,0.7264722377538745,0.8974786262877451,0.4603258420458387
132.69,1.0,35.0,35.0,1.0,0.02864629740002898,0.09750376372281579,0.5364891464551024,-0.01136809851870867,-0.05462145436147483,0.009926344114383992,-1.0770925319115574,0.06687099282786182,0.05943722473212914,0.0006752904533120496,-0.01134802391320762,-6.938893903907228e-18,0.692430855221745,0.8837092278865621,0.45207009443400464
132.89000000000001,0.0,42.0,42.0,1.0,0.028279764676458978,0.09620853587005704,0.634912939185983,nan,nan,nan,nan,nan,nan,0.0006752904533120496,-0.01134802391320762,-6.938893903907228e-18,0.692430855221745,0.8837092278865621,0.45207009443400464
133.09,0.0,40.0,40.0,1.0,0.02723615577907147,0.10813527579691917,0.7067034992539226,nan,nan,nan,nan,nan,nan,0.0006752904533120496,-0.01134802391320762,-6.938893903907228e-18,0.692430855221745,0.8837092278865621,0.45207009443400464
133.29000000000002,1.0,44.0,44.0,1.0,0.02375767192538114,0.08349247881480584,0.717404213699329,-0.016635835118692592,-0.058474381275773916,0.009977155825728447,-0.7510305148020928,0.0731603340803193,0.05700232273636818,0.0009477677897058445,-0.016608815319375483,0.0,0.7600960642459395,0.9265811983128318,0.48593861187215615
133.49,1.0,45.0,45.0,1.0,0.02823928516223048,0.08795541220082408,1.5127786544843087,-0.018172610559141995,-0.04574045554615826,0.010254877088038832,-0.6415218427709027,0.06332760913765921,0.05599767227458478,0.0010170921399719202,-0.018144125719170012,0.0,0.6123379263875662,0.8289445712814381,0.39463277847746103
133.69,1.0,46.0,46.0,1.0,0.025333559428846054,0.09624967746812521,1.4740931064934135,-0.011054687383080717,-0.04302590273857357,0.009967868913346853,-0.5298434305849729,0.06354181218760588,0.055131913149988505,0.0006091573634440239,-0.01103789112304547,6.938893903907228e-18,0.5887183553345761,0.8264809232700095,0.3594782248034103
133.89000000000001,1.0,42.0,42.0,1.0,0.017570846644447233,0.03467294717615612,1.839629762861387,-0.01812930672241879,-0.032936370911024776,0.009356124875916812,-0.42265264734815133,0.05400512968910903,0.05443992009239142,0.0009864705728208079,-0.01810244839916683,0.0,0.5846574767881506,0.82740937990799,0.3448978253656098
134.09,1.0,37.0,37.0,1.0,0.016398714347777073,0.04020985578769285,1.799486882516119,-0.016932772164938437,-0.024301765254180336,0.008395040753465375,-0.31287771584914986,0.04770357197718223,0.05366450319693948,0.0009082527164903653,-0.016908395849183973,0.0,0.5839377566495523,0.8282583987773865,0.33861058051108656
134.29000000000002,1.0,40.0,40.0,1.0,0.018300412101274564,0.032878910431550036,2.138631874994035,-0.020234343181785977,-0.008850023446500389,0.008343613304990031,-0.20380566534503833,0.037472885489273244,0.0532155729601547,0.001076274015113593,-0.02020569915253318,0.0,0.5848653960383986,0.8293928318913841,0.3358772409237156
134.45000000000002,0.0,41.0,34.0,0.8292682926829268,0.013563256125932486,0.033230041512470714,1.8197442640148294,nan,nan,nan,nan,nan,nan,0.001076274015113593,-0.02020569915253318,0.0,0.5848653960383986,0.8293928318913841,0.3358772409237156
134.65,1.0,57.0,30.0,0.5263157894736842,0.014061152954972629,0.028597303690956855,3.692189562544823,-0.01046413711511477,-0.006054689524177678,0.0074493476605243586,-0.006558400521111325,0.043471436937948776,0.052508742280469235,0.0005492062221215833,-0.01044971473723113,0.0,0.658497531665656,0.8827007732023872,0.373453692966753
135.03,0.0,66.0,28.0,0.42424242424242425,0.012723541445134703,0.026488421848351682,3.5773293094445204,nan,nan,nan,nan,nan,nan,0.0005492062221215833,-0.01044971473723113,0.0,0.658497531665656,0.8827007732023872,0.373453692966753
135.13,0.0,65.0,23.0,0.35384615384615387,0.015588579967620253,0.028087517774030468,4.703214652990136,nan,nan,nan,nan,nan,nan,0.0005492062221215833,-0.01044971473723113,0.0,0.658497531665656,0.8827007732023872,0.373453692966753
135.25,1.0,59.0,25.0,0.423728813559322,0.015092540211519552,0.07059553470093326,5.533465756518775,0.024180990183644134,-0.052940238554518786,0.013969358607724025,0.29186924833233163,0.08864583550800358,0.051146574964143834,-0.0012362356695809207,0.024149368679755367,0.0,0.7123161405643362,0.9106516195109332,0.411586732381647
135.45000000000002,0.0,56.0,22.0,0.39285714285714285,0.01572435643847364,0.0693983821756285,5.736092445423245,nan,nan,nan,nan,nan,nan,-0.0012362356695809207,0.024149368679755367,0.0,0.7123161405643362,0.9106516195109332,0.411586732381647
135.65,1.0,51.0,13.0,0.2549019607843137,0.009681023314162136,0.018429098668918148,3.7452959465889326,-0.031072157122549474,-0.01905553933784395,0.005753892413575089,0.49305701723297124,0.06822238172946071,0.051078055937218446,0.0015864153518101443,-0.03103163280557346,0.0,0.5094442830659519,0.7849244245194043,0.25847250099024033
135.83,0.0,31.0,0.0,0.0,nan,nan,nan,nan,nan,nan,nan,nan,nan,0.0015864153518101443,-0.03103163280557346,0.0,0.5094442830659519,0.7849244245194043,0.25847250099024033
136.05,0.0,33.0,7.0,0.21212121212121213,0.017140126930557772,0.031683747610450834,10.776840652897757,nan,nan,nan,nan,nan,nan,0.0015864153518101443,-0.03103163280557346,0.0,0.5094442830659519,0.7849244245194043,0.25847250099024033
136.25,0.0,14.0,0.0,0.0,nan,nan,nan,nan,nan,nan,nan,nan,nan,0.0015864153518101443,-0.03103163280557346,0.0,0.5094442830659519,0.7849244245194043,0.25847250099024033
136.53,0.0,22.0,0.0,0.0,nan,nan,nan,nan,nan,nan,nan,nan,nan,0.0015864153518101443,-0.03103163280557346,0.0,0.5094442830659519,0.7849244245194043,0.25847250099024033
137.23000000000002,0.0,43.0,0.0,0.0,nan,nan,nan,nan,nan,nan,nan,nan,nan,0.0015864153518101443,-0.03103163280557346,0.0,0.5094442830659519,0.7849244245194043,0.25847250099024033
137.59,0.0,45.0,0.0,0.0,nan,nan,nan,nan,nan,nan,nan,nan,nan,0.0015864153518101443,-0.03103163280557346,0.0,0.5094442830659519,0.7849244245194043,0.25847250099024033
137.79000000000002,0.0,34.0,0.0,0.0,nan,nan,nan,nan,nan,nan,nan,nan,nan,0.0015864153518101443,-0.03103163280557346,0.0,0.5094442830659519,0.7849244245194043,0.25847250099024033
137.83,0.0,41.0,0.0,0.0,nan,nan,nan,nan,nan,nan,nan,nan,nan,0.0015864153518101443,-0.03103163280557346,0.0,0.5094442830659519,0.7849244245194043,0.25847250099024033
138.05,0.0,36.0,0.0,0.0,nan,nan,nan,nan,nan,nan,nan,nan,nan,0.0015864153518101443,-0.03103163280557346,0.0,0.5094442830659519,0.7849244245194043,0.25847250099024033
138.33,0.0,31.0,0.0,0.0,nan,nan,nan,nan,nan,nan,nan,nan,nan,0.0015864153518101443,-0.03103163280557346,0.0,0.5094442830659519,0.7849244245194043,0.25847250099024033
138.47,0.0,33.0,0.0,0.0,nan,nan,nan,nan,nan,nan,nan,nan,nan,0.0015864153518101443,-0.03103163280557346,0.0,0.5094442830659519,0.7849244245194043,0.25847250099024033
138.63,0.0,39.0,0.0,0.0,nan,nan,nan,nan,nan,nan,nan,nan,nan,0.0015864153518101443,-0.03103163280557346,0.0,0.5094442830659519,0.7849244245194043,0.25847250099024033
138.83,0.0,34.0,0.0,0.0,nan,nan,nan,nan,nan,nan,nan,nan,nan,0.0015864153518101443,-0.03103163280557346,0.0,0.5094442830659519,0.7849244245194043,0.25847250099024033
139.03,0.0,33.0,0.0,0.0,nan,nan,nan,nan,nan,nan,nan,nan,nan,0.0015864153518101443,-0.03103163280557346,0.0,0.5094442830659519,0.7849244245194043,0.25847250099024033
139.33,0.0,39.0,0.0,0.0,nan,nan,nan,nan,nan,nan,nan,nan,nan,0.0015864153518101443,-0.03103163280557346,0.0,0.5094442830659519,0.7849244245194043,0.25847250099024033
139.43,0.0,31.0,0.0,0.0,nan,nan,nan,nan,nan,nan,nan,nan,nan,0.0015864153518101443,-0.03103163280557346,0.0,0.5094442830659519,0.7849244245194043,0.25847250099024033
139.69,0.0,34.0,0.0,0.0,nan,nan,nan,nan,nan,nan,nan,nan,nan,0.0015864153518101443,-0.03103163280557346,0.0,0.5094442830659519,0.7849244245194043,0.25847250099024033
139.83,0.0,33.0,0.0,0.0,nan,nan,nan,nan,nan,nan,nan,nan,nan,0.0015864153518101443,-0.03103163280557346,0.0,0.5094442830659519,0.7849244245194043,0.25847250099024033
140.03,0.0,42.0,0.0,0.0,nan,nan,nan,nan,nan,nan,nan,nan,nan,0.0015864153518101443,-0.03103163280557346,0.0,0.5094442830659519,0.7849244245194043,0.25847250099024033
140.29000000000002,0.0,43.0,0.0,0.0,nan,nan,nan,nan,nan,nan,nan,nan,nan,0.0015864153518101443,-0.03103163280557346,0.0,0.5094442830659519,0.7849244245194043,0.25847250099024033
140.43,0.0,48.0,0.0,0.0,nan,nan,nan,nan,nan,nan,nan,nan,nan,0.0015864153518101443,-0.03103163280557346,0.0,0.5094442830659519,0.7849244245194043,0.25847250099024033
140.63,0.0,57.0,0.0,0.0,nan,nan,nan,nan,nan,nan,nan,nan,nan,0.0015864153518101443,-0.03103163280557346,0.0,0.5094442830659519,0.7849244245194043,0.25847250099024033
140.83,0.0,50.0,0.0,0.0,nan,nan,nan,nan,nan,nan,nan,nan,nan,0.0015864153518101443,-0.03103163280557346,0.0,0.5094442830659519,0.7849244245194043,0.25847250099024033
141.03,0.0,52.0,0.0,0.0,nan,nan,nan,nan,nan,nan,nan,nan,nan,0.0015864153518101443,-0.03103163280557346,0.0,0.5094442830659519,0.7849244245194043,0.25847250099024033
141.23000000000002,0.0,46.0,0.0,0.0,nan,nan,nan,nan,nan,nan,nan,nan,nan,0.0015864153518101443,-0.03103163280557346,0.0,0.5094442830659519,0.7849244245194043,0.25847250099024033
141.49,0.0,51.0,0.0,0.0,nan,nan,nan,nan,nan,nan,nan,nan,nan,0.0015864153518101443,-0.03103163280557346,0.0,0.5094442830659519,0.7849244245194043,0.25847250099024033
141.59,0.0,53.0,0.0,0.0,nan,nan,nan,nan,nan,nan,nan,nan,nan,0.0015864153518101443,-0.03103163280557346,0.0,0.5094442830659519,0.7849244245194043,0.25847250099024033
141.79000000000002,0.0,36.0,0.0,0.0,nan,nan,nan,nan,nan,nan,nan,nan,nan,0.0015864153518101443,-0.03103163280557346,0.0,0.5094442830659519,0.7849244245194043,0.25847250099024033
141.99,0.0,39.0,0.0,0.0,nan,nan,nan,nan,nan,nan,nan,nan,nan,0.0015864153518101443,-0.03103163280557346,0.0,0.5094442830659519,0.7849244245194043,0.25847250099024033
142.19,0.0,43.0,0.0,0.0,nan,nan,nan,nan,nan,nan,nan,nan,nan,0.0015864153518101443,-0.03103163280557346,0.0,0.5094442830659519,0.7849244245194043,0.25847250099024033
142.63,0.0,41.0,0.0,0.0,nan,nan,nan,nan,nan,nan,nan,nan,nan,0.0015864153518101443,-0.03103163280557346,0.0,0.5094442830659519,0.7849244245194043,0.25847250099024033
142.79000000000002,0.0,48.0,0.0,0.0,nan,nan,nan,nan,nan,nan,nan,nan,nan,0.0015864153518101443,-0.03103163280557346,0.0,0.5094442830659519,0.7849244245194043,0.25847250099024033
142.99,0.0,44.0,0.0,0.0,nan,nan,nan,nan,nan,nan,nan,nan,nan,0.0015864153518101443,-0.03103163280557346,0.0,0.5094442830659519,0.7849244245194043,0.25847250099024033
143.19,0.0,41.0,0.0,0.0,nan,nan,nan,nan,nan,nan,nan,nan,nan,0.0015864153518101443,-0.03103163280557346,0.0,0.5094442830659519,0.7849244245194043,0.25847250099024033
143.43,0.0,37.0,0.0,0.0,nan,nan,nan,nan,nan,nan,nan,nan,nan,0.0015864153518101443,-0.03103163280557346,0.0,0.5094442830659519,0.7849244245194043,0.25847250099024033
143.59,0.0,41.0,0.0,0.0,nan,nan,nan,nan,nan,nan,nan,nan,nan,0.0015864153518101443,-0.03103163280557346,0.0,0.5094442830659519,0.7849244245194043,0.25847250099024033
143.79000000000002,0.0,42.0,0.0,0.0,nan,nan,nan,nan,nan,nan,nan,nan,nan,0.0015864153518101443,-0.03103163280557346,0.0,0.5094442830659519,0.7849244245194043,0.25847250099024033
143.95000000000002,0.0,40.0,0.0,0.0,nan,nan,nan,nan,nan,nan,nan,nan,nan,0.0015864153518101443,-0.03103163280557346,0.0,0.5094442830659519,0.7849244245194043,0.25847250099024033
144.19,0.0,29.0,0.0,0.0,nan,nan,nan,nan,nan,nan,nan,nan,nan,0.0015864153518101443,-0.03103163280557346,0.0,0.5094442830659519,0.7849244245194043,0.25847250099024033
144.45000000000002,0.0,31.0,0.0,0.0,nan,nan,nan,nan,nan,nan,nan,nan,nan,0.0015864153518101443,-0.03103163280557346,0.0,0.5094442830659519,0.7849244245194043,0.25847250099024033
144.65,0.0,31.0,0.0,0.0,nan,nan,nan,nan,nan,nan,nan,nan,nan,0.0015864153518101443,-0.03103163280557346,0.0,0.5094442830659519,0.7849244245194043,0.25847250099024033
144.79000000000002,0.0,37.0,0.0,0.0,nan,nan,nan,nan,nan,nan,nan,nan,nan,0.0015864153518101443,-0.03103163280557346,0.0,0.5094442830659519,0.7849244245194043,0.25847250099024033
145.05,0.0,28.0,0.0,0.0,nan,nan,nan,nan,nan,nan,nan,nan,nan,0.0015864153518101443,-0.03103163280557346,0.0,0.5094442830659519,0.7849244245194043,0.25847250099024033
145.33,0.0,39.0,0.0,0.0,nan,nan,nan,nan,nan,nan,nan,nan,nan,0.0015864153518101443,-0.03103163280557346,0.0,0.5094442830659519,0.7849244245194043,0.25847250099024033
145.39000000000001,0.0,45.0,0.0,0.0,nan,nan,nan,nan,nan,nan,nan,nan,nan,0.0015864153518101443,-0.03103163280557346,0.0,0.5094442830659519,0.7849244245194043,0.25847250099024033
145.59,0.0,42.0,0.0,0.0,nan,nan,nan,nan,nan,nan,nan,nan,nan,0.0015864153518101443,-0.03103163280557346,0.0,0.5094442830659519,0.7849244245194043,0.25847250099024033
145.75,0.0,41.0,0.0,0.0,nan,nan,nan,nan,nan,nan,nan,nan,nan,0.0015864153518101443,-0.03103163280557346,0.0,0.5094442830659519,0.7849244245194043,0.25847250099024033
146.07,0.0,52.0,0.0,0.0,nan,nan,nan,nan,nan,nan,nan,nan,nan,0.0015864153518101443,-0.03103163280557346,0.0,0.5094442830659519,0.7849244245194043,0.25847250099024033
146.25,0.0,47.0,0.0,0.0,nan,nan,nan,nan,nan,nan,nan,nan,nan,0.0015864153518101443,-0.03103163280557346,0.0,0.5094442830659519,0.7849244245194043,0.25847250099024033
146.33,0.0,52.0,0.0,0.0,nan,nan,nan,nan,nan,nan,nan,nan,nan,0.0015864153518101443,-0.03103163280557346,0.0,0.5094442830659519,0.7849244245194043,0.25847250099024033
146.53,0.0,39.0,0.0,0.0,nan,nan,nan,nan,nan,nan,nan,nan,nan,0.0015864153518101443,-0.03103163280557346,0.0,0.5094442830659519,0.7849244245194043,0.25847250099024033
146.89000000000001,0.0,46.0,0.0,0.0,nan,nan,nan,nan,nan,nan,nan,nan,nan,0.0015864153518101443,-0.03103163280557346,0.0,0.5094442830659519,0.7849244245194043,0.25847250099024033
147.03,0.0,44.0,0.0,0.0,nan,nan,nan,nan,nan,nan,nan,nan,nan,0.0015864153518101443,-0.03103163280557346,0.0,0.5094442830659519,0.7849244245194043,0.25847250099024033
147.23000000000002,0.0,41.0,0.0,0.0,nan,nan,nan,nan,nan,nan,nan,nan,nan,0.0015864153518101443,-0.03103163280557346,0.0,0.5094442830659519,0.7849244245194043,0.25847250099024033
147.33,0.0,34.0,0.0,0.0,nan,nan,nan,nan,nan,nan,nan,nan,nan,0.0015864153518101443,-0.03103163280557346,0.0,0.5094442830659519,0.7849244245194043,0.25847250099024033
147.63,0.0,30.0,0.0,0.0,nan,nan,nan,nan,nan,nan,nan,nan,nan,0.0015864153518101443,-0.03103163280557346,0.0,0.5094442830659519,0.7849244245194043,0.25847250099024033
147.83,0.0,27.0,0.0,0.0,nan,nan,nan,nan,nan,nan,nan,nan,nan,0.0015864153518101443,-0.03103163280557346,0.0,0.5094442830659519,0.7849244245194043,0.25847250099024033
148.03,0.0,25.0,0.0,0.0,nan,nan,nan,nan,nan,nan,nan,nan,nan,0.0015864153518101443,-0.03103163280557346,0.0,0.5094442830659519,0.7849244245194043,0.25847250099024033
148.13,0.0,22.0,0.0,0.0,nan,nan,nan,nan,nan,nan,nan,nan,nan,0.0015864153518101443,-0.03103163280557346,0.0,0.5094442830659519,0.7849244245194043,0.25847250099024033
148.35,0.0,45.0,0.0,0.0,nan,nan,nan,nan,nan,nan,nan,nan,nan,0.0015864153518101443,-0.03103163280557346,0.0,0.5094442830659519,0.7849244245194043,0.25847250099024033
148.53,0.0,28.0,0.0,0.0,nan,nan,nan,nan,nan,nan,nan,nan,nan,0.0015864153518101443,-0.03103163280557346,0.0,0.5094442830659519,0.7849244245194043,0.25847250099024033
148.79000000000002,0.0,35.0,0.0,0.0,nan,nan,nan,nan,nan,nan,nan,nan,nan,0.0015864153518101443,-0.03103163280557346,0.0,0.5094442830659519,0.7849244245194043,0.25847250099024033
148.93,0.0,34.0,0.0,0.0,nan,nan,nan,nan,nan,nan,nan,nan,nan,0.0015864153518101443,-0.03103163280557346,0.0,0.5094442830659519,0.7849244245194043,0.25847250099024033
149.13,0.0,47.0,0.0,0.0,nan,nan,nan,nan,nan,nan,nan,nan,nan,0.0015864153518101443,-0.03103163280557346,0.0,0.5094442830659519,0.7849244245194043,0.25847250099024033
149.33,0.0,38.0,0.0,0.0,nan,nan,nan,nan,nan,nan,nan,nan,nan,0.0015864153518101443,-0.03103163280557346,0.0,0.5094442830659519,0.7849244245194043,0.25847250099024033
149.53,0.0,42.0,0.0,0.0,nan,nan,nan,nan,nan,nan,nan,nan,nan,0.0015864153518101443,-0.03103163280557346,0.0,0.5094442830659519,0.7849244245194043,0.25847250099024033
149.73000000000002,0.0,40.0,0.0,0.0,nan,nan,nan,nan,nan,nan,nan,nan,nan,0.0015864153518101443,-0.03103163280557346,0.0,0.5094442830659519,0.7849244245194043,0.25847250099024033
149.93,0.0,45.0,0.0,0.0,nan,nan,nan,nan,nan,nan,nan,nan,nan,0.0015864153518101443,-0.03103163280557346,0.0,0.5094442830659519,0.7849244245194043,0.25847250099024033
150.13,0.0,50.0,0.0,0.0,nan,nan,nan,nan,nan,nan,nan,nan,nan,0.0015864153518101443,-0.03103163280557346,0.0,0.5094442830659519,0.7849244245194043,0.25847250099024033
150.33,0.0,46.0,0.0,0.0,nan,nan,nan,nan,nan,nan,nan,nan,nan,0.0015864153518101443,-0.03103163280557346,0.0,0.5094442830659519,0.7849244245194043,0.25847250099024033
150.53,0.0,45.0,0.0,0.0,nan,nan,nan,nan,nan,nan,nan,nan,nan,0.0015864153518101443,-0.03103163280557346,0.0,0.5094442830659519,0.7849244245194043,0.25847250099024033
150.73000000000002,0.0,37.0,0.0,0.0,nan,nan,nan,nan,nan,nan,nan,nan,nan,0.0015864153518101443,-0.03103163280557346,0.0,0.5094442830659519,0.7849244245194043,0.25847250099024033
150.99,0.0,43.0,0.0,0.0,nan,nan,nan,nan,nan,nan,nan,nan,nan,0.0015864153518101443,-0.03103163280557346,0.0,0.5094442830659519,0.7849244245194043,0.25847250099024033
151.13,0.0,34.0,0.0,0.0,nan,nan,nan,nan,nan,nan,nan,nan,nan,0.0015864153518101443,-0.03103163280557346,0.0,0.5094442830659519,0.7849244245194043,0.25847250099024033
151.39000000000001,0.0,31.0,0.0,0.0,nan,nan,nan,nan,nan,nan,nan,nan,nan,0.0015864153518101443,-0.03103163280557346,0.0,0.5094442830659519,0.7849244245194043,0.25847250099024033
151.65,0.0,30.0,0.0,0.0,nan,nan,nan,nan,nan,nan,nan,nan,nan,0.0015864153518101443,-0.03103163280557346,0.0,0.5094442830659519,0.7849244245194043,0.25847250099024033
151.73000000000002,0.0,30.0,0.0,0.0,nan,nan,nan,nan,nan,nan,nan,nan,nan,0.0015864153518101443,-0.03103163280557346,0.0,0.5094442830659519,0.7849244245194043,0.25847250099024033
151.93,0.0,41.0,0.0,0.0,nan,nan,nan,nan,nan,nan,nan,nan,nan,0.0015864153518101443,-0.03103163280557346,0.0,0.5094442830659519,0.7849244245194043,0.25847250099024033
152.09,0.0,66.0,0.0,0.0,nan,nan,nan,nan,nan,nan,nan,nan,nan,0.0015864153518101443,-0.03103163280557346,0.0,0.5094442830659519,0.7849244245194043,0.25847250099024033
152.29000000000002,0.0,48.0,1.0,0.020833333333333332,0.10780353779588701,0.10780353779588701,22.662420201774154,nan,nan,nan,nan,nan,nan,0.0015864153518101443,-0.03103163280557346,0.0,0.5094442830659519,0.7849244245194043,0.25847250099024033
152.55,0.0,50.0,0.0,0.0,nan,nan,nan,nan,nan,nan,nan,nan,nan,0.0015864153518101443,-0.03103163280557346,0.0,0.5094442830659519,0.7849244245194043,0.25847250099024033
152.75,0.0,52.0,0.0,0.0,nan,nan,nan,nan,nan,nan,nan,nan,nan,0.0015864153518101443,-0.03103163280557346,0.0,0.5094442830659519,0.7849244245194043,0.25847250099024033
152.89000000000001,0.0,49.0,0.0,0.0,nan,nan,nan,nan,nan,nan,nan,nan,nan,0.0015864153518101443,-0.03103163280557346,0.0,0.5094442830659519,0.7849244245194043,0.25847250099024033
153.15,0.0,41.0,0.0,0.0,nan,nan,nan,nan,nan,nan,nan,nan,nan,0.0015864153518101443,-0.03103163280557346,0.0,0.5094442830659519,0.7849244245194043,0.25847250099024033
153.29000000000002,0.0,26.0,0.0,0.0,nan,nan,nan,nan,nan,nan,nan,nan,nan,0.0015864153518101443,-0.03103163280557346,0.0,0.5094442830659519,0.7849244245194043,0.25847250099024033
153.49,0.0,21.0,0.0,0.0,nan,nan,nan,nan,nan,nan,nan,nan,nan,0.0015864153518101443,-0.03103163280557346,0.0,0.5094442830659519,0.7849244245194043,0.25847250099024033
153.69,0.0,23.0,0.0,0.0,nan,nan,nan,nan,nan,nan,nan,nan,nan,0.0015864153518101443,-0.03103163280557346,0.0,0.5094442830659519,0.7849244245194043,0.25847250099024033
153.89000000000001,0.0,27.0,0.0,0.0,nan,nan,nan,nan,nan,nan,nan,nan,nan,0.0015864153518101443,-0.03103163280557346,0.0,0.5094442830659519,0.7849244245194043,0.25847250099024033
154.05,0.0,41.0,0.0,0.0,nan,nan,nan,nan,nan,nan,nan,nan,nan,0.0015864153518101443,-0.03103163280557346,0.0,0.5094442830659519,0.7849244245194043,0.25847250099024033
154.49,0.0,47.0,5.0,0.10638297872340426,0.31981471882977697,0.3494845788524957,1.7657638300885483,nan,nan,nan,nan,nan,nan,0.0015864153518101443,-0.03103163280557346,0.0,0.5094442830659519,0.7849244245194043,0.25847250099024033
154.69,0.0,48.0,4.0,0.08333333333333333,0.20022406110816662,0.33945411992189123,8.343947814901847,nan,nan,nan,nan,nan,nan,0.0015864153518101443,-0.03103163280557346,0.0,0.5094442830659519,0.7849244245194043,0.25847250099024033
155.03,0.0,42.0,3.0,0.07142857142857142,0.32342457935324803,0.3404303220541549,1.5606975453597969,nan,nan,nan,nan,nan,nan,0.0015864153518101443,-0.03103163280557346,0.0,0.5094442830659519,0.7849244245194043,0.25847250099024033
155.05,1.0,35.0,11.0,0.3142857142857143,0.14615027086484847,0.20658632093813667,16.51199693499639,0.451857947089887,-0.0009688017754527212,0.14783740464215847,0.6795419457540322,8.553565411141603,2.340752098780146,-0.3244075531566053,-0.3145398922286837,0.0,0.972481937484092,0.8455334591110876,0.6914493835538551
155.25,1.0,42.0,21.0,0.5,0.24666517279624994,0.3269403799175037,12.314405638029598,0.6125328638455697,-0.12,0.24971260274703913,0.19884164061465598,8.21005014275677,2.419633803056504,-0.4047960678985248,-0.4597136638221109,0.0,0.41491918338971884,0.38788955091910277,0.5869605489712693
155.59,0.0,38.0,19.0,0.5,0.2662244781758094,0.34948845902655756,14.033000797747999,nan,nan,nan,nan,nan,nan,-0.4047960678985248,-0.4597136638221109,0.0,0.41491918338971884,0.38788955091910277,0.5869605489712693
155.73000000000002,1.0,36.0,24.0,0.6666666666666666,0.21717960525703836,0.2830836636224991,10.860037135115116,0.29134883657907756,-0.12,0.2201524149029081,0.05567265467540164,8.382085027150335,2.500796115893509,-0.17417828446307518,-0.2335510004206398,0.0,0.44088964944649883,0.4513103021774021,0.49173328989033427
155.83,1.0,44.0,27.0,0.6136363636363636,0.23643454954738882,0.3466469246134356,11.813104844690722,0.08625954739512809,-0.12,0.24399317992526154,0.04589080576277398,8.459768240952922,2.509241828267639,-0.0509830723257465,-0.0695804272266276,0.0,0.30264331303153447,0.31514115276256205,0.38393380614521505
156.13,1.0,43.0,34.0,0.7906976744186046,0.2272392941867086,0.3408899153336467,11.853882912369915,0.034760888989755274,-0.12,0.23525692974938667,-0.06654183506959703,8.556864759119318,2.519974224579448,-0.020243059442661665,-0.028258413751641953,0.0,0.33355297721544847,0.3680936142704707,0.4138816096526885
156.25,0.0,39.0,22.0,0.5641025641025641,0.22799401037756326,0.3364437858405712,14.820652997326388,nan,nan,nan,nan,nan,nan,-0.020243059442661665,-0.028258413751641953,0.0,0.33355297721544847,0.3680936142704707,0.4138816096526885
156.45000000000002,1.0,45.0,29.0,0.6444444444444445,0.23532155253354106,0.3344904625058847,14.230096343486217,-0.06664778232499496,-0.12,0.24328937699559816,-0.1329183919048108,8.711439725613836,2.5297940193238837,0.0382785392644272,0.054558961872652745,0.0,0.2759354254037235,0.319413662911824,0.3820684295863314
156.65,1.0,40.0,24.0,0.6,0.24259410290952285,0.34616259594558224,15.181303492525368,-0.05613388332795606,-0.12,0.24841591565306506,-0.21257967813290712,8.77656182430614,2.5471664077553604,0.031436855632389904,0.046505235892583485,0.0,0.21022427356132717,0.24930033923298398,0.3065363063738365
156.93,0.0,42.0,2.0,0.047619047619047616,0.2818877515910049,0.2865965047051902,23.471376892296608,nan,nan,nan,nan,nan,nan,0.031436855632389904,0.046505235892583485,0.0,0.21022427356132717,0.24930033923298398,0.3065363063738365
157.13,0.0,48.0,1.0,0.020833333333333332,0.2890912101376949,0.2890912101376949,19.67974192546441,nan,nan,nan,nan,nan,nan,0.031436855632389904,0.046505235892583485,0.0,0.21022427356132717,0.24930033923298398,0.3065363063738365
157.33,0.0,40.0,0.0,0.0,nan,nan,nan,nan,nan,nan,nan,nan,nan,0.031436855632389904,0.046505235892583485,0.0,0.21022427356132717,0.24930033923298398,0.3065363063738365
157.45000000000002,0.0,41.0,0.0,0.0,nan,nan,nan,nan,nan,nan,nan,nan,nan,0.031436855632389904,0.046505235892583485,0.0,0.21022427356132717,0.24930033923298398,0.3065363063738365
157.75,0.0,37.0,0.0,0.0,nan,nan,nan,nan,nan,nan,nan,nan,nan,0.031436855632389904,0.046505235892583485,0.0,0.21022427356132717,0.24930033923298398,0.3065363063738365
157.93,0.0,28.0,0.0,0.0,nan,nan,nan,nan,nan,nan,nan,nan,nan,0.031436855632389904,0.046505235892583485,0.0,0.21022427356132717,0.24930033923298398,0.3065363063738365
158.05,0.0,24.0,0.0,0.0,nan,nan,nan,nan,nan,nan,nan,nan,nan,0.031436855632389904,0.046505235892583485,0.0,0.21022427356132717,0.24930033923298398,0.3065363063738365
158.25,0.0,29.0,0.0,0.0,nan,nan,nan,nan,nan,nan,nan,nan,nan,0.031436855632389904,0.046505235892583485,0.0,0.21022427356132717,0.24930033923298398,0.3065363063738365
158.43,0.0,35.0,0.0,0.0,nan,nan,nan,nan,nan,nan,nan,nan,nan,0.031436855632389904,0.046505235892583485,0.0,0.21022427356132717,0.24930033923298398,0.3065363063738365
158.77,0.0,30.0,0.0,0.0,nan,nan,nan,nan,nan,nan,nan,nan,nan,0.031436855632389904,0.046505235892583485,0.0,0.21022427356132717,0.24930033923298398,0.3065363063738365
158.83,0.0,33.0,0.0,0.0,nan,nan,nan,nan,nan,nan,nan,nan,nan,0.031436855632389904,0.046505235892583485,0.0,0.21022427356132717,0.24930033923298398,0.3065363063738365
159.03,0.0,29.0,0.0,0.0,nan,nan,nan,nan,nan,nan,nan,nan,nan,0.031436855632389904,0.046505235892583485,0.0,0.21022427356132717,0.24930033923298398,0.3065363063738365
159.23000000000002,0.0,31.0,0.0,0.0,nan,nan,nan,nan,nan,nan,nan,nan,nan,0.031436855632389904,0.046505235892583485,0.0,0.21022427356132717,0.24930033923298398,0.3065363063738365
159.43,0.0,37.0,0.0,0.0,nan,nan,nan,nan,nan,nan,nan,nan,nan,0.031436855632389904,0.046505235892583485,0.0,0.21022427356132717,0.24930033923298398,0.3065363063738365
159.63,0.0,29.0,0.0,0.0,nan,nan,nan,nan,nan,nan,nan,nan,nan,0.031436855632389904,0.046505235892583485,0.0,0.21022427356132717,0.24930033923298398,0.3065363063738365
159.83,0.0,28.0,0.0,0.0,nan,nan,nan,nan,nan,nan,nan,nan,nan,0.031436855632389904,0.046505235892583485,0.0,0.21022427356132717,0.24930033923298398,0.3065363063738365
160.03,0.0,29.0,0.0,0.0,nan,nan,nan,nan,nan,nan,nan,nan,nan,0.031436855632389904,0.046505235892583485,0.0,0.21022427356132717,0.24930033923298398,0.3065363063738365
160.23000000000002,0.0,28.0,0.0,0.0,nan,nan,nan,nan,nan,nan,nan,nan,nan,0.031436855632389904,0.046505235892583485,0.0,0.21022427356132717,0.24930033923298398,0.3065363063738365
160.43,0.0,32.0,0.0,0.0,nan,nan,nan,nan,nan,nan,nan,nan,nan,0.031436855632389904,0.046505235892583485,0.0,0.21022427356132717,0.24930033923298398,0.3065363063738365
160.75,0.0,27.0,0.0,0.0,nan,nan,nan,nan,nan,nan,nan,nan,nan,0.031436855632389904,0.046505235892583485,0.0,0.21022427356132717,0.24930033923298398,0.3065363063738365
160.83,0.0,30.0,0.0,0.0,nan,nan,nan,nan,nan,nan,nan,nan,nan,0.031436855632389904,0.046505235892583485,0.0,0.21022427356132717,0.24930033923298398,0.3065363063738365
161.13,0.0,38.0,0.0,0.0,nan,nan,nan,nan,nan,nan,nan,nan,nan,0.031436855632389904,0.046505235892583485,0.0,0.21022427356132717,0.24930033923298398,0.3065363063738365
161.25,0.0,53.0,0.0,0.0,nan,nan,nan,nan,nan,nan,nan,nan,nan,0.031436855632389904,0.046505235892583485,0.0,0.21022427356132717,0.24930033923298398,0.3065363063738365
161.45000000000002,0.0,56.0,0.0,0.0,nan,nan,nan,nan,nan,nan,nan,nan,nan,0.031436855632389904,0.046505235892583485,0.0,0.21022427356132717,0.24930033923298398,0.3065363063738365
161.73000000000002,0.0,64.0,0.0,0.0,nan,nan,nan,nan,nan,nan,nan,nan,nan,0.031436855632389904,0.046505235892583485,0.0,0.21022427356132717,0.24930033923298398,0.3065363063738365
161.79000000000002,0.0,53.0,0.0,0.0,nan,nan,nan,nan,nan,nan,nan,nan,nan,0.031436855632389904,0.046505235892583485,0.0,0.21022427356132717,0.24930033923298398,0.3065363063738365
161.99,0.0,45.0,0.0,0.0,nan,nan,nan,nan,nan,nan,nan,nan,nan,0.031436855632389904,0.046505235892583485,0.0,0.21022427356132717,0.24930033923298398,0.3065363063738365
162.25,0.0,47.0,0.0,0.0,nan,nan,nan,nan,nan,nan,nan,nan,nan,0.031436855632389904,0.046505235892583485,0.0,0.21022427356132717,0.24930033923298398,0.3065363063738365
162.39000000000001,0.0,40.0,0.0,0.0,nan,nan,nan,nan,nan,nan,nan,nan,nan,0.031436855632389904,0.046505235892583485,0.0,0.21022427356132717,0.24930033923298398,0.3065363063738365
162.59,0.0,36.0,0.0,0.0,nan,nan,nan,nan,nan,nan,nan,nan,nan,0.031436855632389904,0.046505235892583485,0.0,0.21022427356132717,0.24930033923298398,0.3065363063738365
162.79000000000002,0.0,29.0,0.0,0.0,nan,nan,nan,nan,nan,nan,nan,nan,nan,0.031436855632389904,0.046505235892583485,0.0,0.21022427356132717,0.24930033923298398,0.3065363063738365
163.19,0.0,19.0,0.0,0.0,nan,nan,nan,nan,nan,nan,nan,nan,nan,0.031436855632389904,0.046505235892583485,0.0,0.21022427356132717,0.24930033923298398,0.3065363063738365
163.45000000000002,0.0,12.0,0.0,0.0,nan,nan,nan,nan,nan,nan,nan,nan,nan,0.031436855632389904,0.046505235892583485,0.0,0.21022427356132717,0.24930033923298398,0.3065363063738365
163.59,0.0,22.0,0.0,0.0,nan,nan,nan,nan,nan,nan,nan,nan,nan,0.031436855632389904,0.046505235892583485,0.0,0.21022427356132717,0.24930033923298398,0.3065363063738365
163.79000000000002,0.0,39.0,0.0,0.0,nan,nan,nan,nan,nan,nan,nan,nan,nan,0.031436855632389904,0.046505235892583485,0.0,0.21022427356132717,0.24930033923298398,0.3065363063738365
163.99,0.0,41.0,0.0,0.0,nan,nan,nan,nan,nan,nan,nan,nan,nan,0.031436855632389904,0.046505235892583485,0.0,0.21022427356132717,0.24930033923298398,0.3065363063738365
164.19,0.0,41.0,0.0,0.0,nan,nan,nan,nan,nan,nan,nan,nan,nan,0.031436855632389904,0.046505235892583485,0.0,0.21022427356132717,0.24930033923298398,0.3065363063738365
164.39000000000001,0.0,38.0,0.0,0.0,nan,nan,nan,nan,nan,nan,nan,nan,nan,0.031436855632389904,0.046505235892583485,0.0,0.21022427356132717,0.24930033923298398,0.3065363063738365
164.59,0.0,36.0,0.0,0.0,nan,nan,nan,nan,nan,nan,nan,nan,nan,0.031436855632389904,0.046505235892583485,0.0,0.21022427356132717,0.24930033923298398,0.3065363063738365
164.79000000000002,0.0,41.0,0.0,0.0,nan,nan,nan,nan,nan,nan,nan,nan,nan,0.031436855632389904,0.046505235892583485,0.0,0.21022427356132717,0.24930033923298398,0.3065363063738365
164.95000000000002,0.0,45.0,0.0,0.0,nan,nan,nan,nan,nan,nan,nan,nan,nan,0.031436855632389904,0.046505235892583485,0.0,0.21022427356132717,0.24930033923298398,0.3065363063738365
165.23000000000002,0.0,42.0,0.0,0.0,nan,nan,nan,nan,nan,nan,nan,nan,nan,0.031436855632389904,0.046505235892583485,0.0,0.21022427356132717,0.24930033923298398,0.3065363063738365
165.47,0.0,46.0,0.0,0.0,nan,nan,nan,nan,nan,nan,nan,nan,nan,0.031436855632389904,0.046505235892583485,0.0,0.21022427356132717,0.24930033923298398,0.3065363063738365
165.55,0.0,45.0,0.0,0.0,nan,nan,nan,nan,nan,nan,nan,nan,nan,0.031436855632389904,0.046505235892583485,0.0,0.21022427356132717,0.24930033923298398,0.3065363063738365
165.83,0.0,34.0,0.0,0.0,nan,nan,nan,nan,nan,nan,nan,nan,nan,0.031436855632389904,0.046505235892583485,0.0,0.21022427356132717,0.24930033923298398,0.3065363063738365
165.93,0.0,29.0,0.0,0.0,nan,nan,nan,nan,nan,nan,nan,nan,nan,0.031436855632389904,0.046505235892583485,0.0,0.21022427356132717,0.24930033923298398,0.3065363063738365
166.23000000000002,0.0,32.0,0.0,0.0,nan,nan,nan,nan,nan,nan,nan,nan,nan,0.031436855632389904,0.046505235892583485,0.0,0.21022427356132717,0.24930033923298398,0.3065363063738365
166.43,0.0,32.0,0.0,0.0,nan,nan,nan,nan,nan,nan,nan,nan,nan,0.031436855632389904,0.046505235892583485,0.0,0.21022427356132717,0.24930033923298398,0.3065363063738365
166.63,0.0,40.0,0.0,0.0,nan,nan,nan,nan,nan,nan,nan,nan,nan,0.031436855632389904,0.046505235892583485,0.0,0.21022427356132717,0.24930033923298398,0.3065363063738365
166.75,0.0,41.0,0.0,0.0,nan,nan,nan,nan,nan,nan,nan,nan,nan,0.031436855632389904,0.046505235892583485,0.0,0.21022427356132717,0.24930033923298398,0.3065363063738365
166.95000000000002,0.0,39.0,0.0,0.0,nan,nan,nan,nan,nan,nan,nan,nan,nan,0.031436855632389904,0.046505235892583485,0.0,0.21022427356132717,0.24930033923298398,0.3065363063738365
167.13,0.0,47.0,0.0,0.0,nan,nan,nan,nan,nan,nan,nan,nan,nan,0.031436855632389904,0.046505235892583485,0.0,0.21022427356132717,0.24930033923298398,0.3065363063738365
167.35,0.0,42.0,0.0,0.0,nan,nan,nan,nan,nan,nan,nan,nan,nan,0.031436855632389904,0.046505235892583485,0.0,0.21022427356132717,0.24930033923298398,0.3065363063738365
167.55,0.0,38.0,0.0,0.0,nan,nan,nan,nan,nan,nan,nan,nan,nan,0.031436855632389904,0.046505235892583485,0.0,0.21022427356132717,0.24930033923298398,0.3065363063738365
167.75,0.0,45.0,0.0,0.0,nan,nan,nan,nan,nan,nan,nan,nan,nan,0.031436855632389904,0.046505235892583485,0.0,0.21022427356132717,0.24930033923298398,0.3065363063738365
167.95000000000002,0.0,49.0,0.0,0.0,nan,nan,nan,nan,nan,nan,nan,nan,nan,0.031436855632389904,0.046505235892583485,0.0,0.21022427356132717,0.24930033923298398,0.3065363063738365
168.13,0.0,45.0,0.0,0.0,nan,nan,nan,nan,nan,nan,nan,nan,nan,0.031436855632389904,0.046505235892583485,0.0,0.21022427356132717,0.24930033923298398,0.3065363063738365
168.33,0.0,45.0,0.0,0.0,nan,nan,nan,nan,nan,nan,nan,nan,nan,0.031436855632389904,0.046505235892583485,0.0,0.21022427356132717,0.24930033923298398,0.3065363063738365
168.63,0.0,47.0,0.0,0.0,nan,nan,nan,nan,nan,nan,nan,nan,nan,0.031436855632389904,0.046505235892583485,0.0,0.21022427356132717,0.24930033923298398,0.3065363063738365
168.73000000000002,0.0,46.0,0.0,0.0,nan,nan,nan,nan,nan,nan,nan,nan,nan,0.031436855632389904,0.046505235892583485,0.0,0.21022427356132717,0.24930033923298398,0.3065363063738365
168.93,0.0,63.0,0.0,0.0,nan,nan,nan,nan,nan,nan,nan,nan,nan,0.031436855632389904,0.046505235892583485,0.0,0.21022427356132717,0.24930033923298398,0.3065363063738365
169.19,0.0,50.0,0.0,0.0,nan,nan,nan,nan,nan,nan,nan,nan,nan,0.031436855632389904,0.046505235892583485,0.0,0.21022427356132717,0.24930033923298398,0.3065363063738365
169.33,0.0,43.0,0.0,0.0,nan,nan,nan,nan,nan,nan,nan,nan,nan,0.031436855632389904,0.046505235892583485,0.0,0.21022427356132717,0.24930033923298398,0.3065363063738365
169.53,0.0,28.0,0.0,0.0,nan,nan,nan,nan,nan,nan,nan,nan,nan,0.031436855632389904,0.046505235892583485,0.0,0.21022427356132717,0.24930033923298398,0.3065363063738365
169.73000000000002,0.0,26.0,0.0,0.0,nan,nan,nan,nan,nan,nan,nan,nan,nan,0.031436855632389904,0.046505235892583485,0.0,0.21022427356132717,0.24930033923298398,0.3065363063738365
169.93,0.0,18.0,0.0,0.0,nan,nan,nan,nan,nan,nan,nan,nan,nan,0.031436855632389904,0.046505235892583485,0.0,0.21022427356132717,0.24930033923298398,0.3065363063738365
170.33,0.0,31.0,0.0,0.0,nan,nan,nan,nan,nan,nan,nan,nan,nan,0.031436855632389904,0.046505235892583485,0.0,0.21022427356132717,0.24930033923298398,0.3065363063738365
170.53,0.0,45.0,0.0,0.0,nan,nan,nan,nan,nan,nan,nan,nan,nan,0.031436855632389904,0.046505235892583485,0.0,0.21022427356132717,0.24930033923298398,0.3065363063738365
170.83,0.0,43.0,0.0,0.0,nan,nan,nan,nan,nan,nan,nan,nan,nan,0.031436855632389904,0.046505235892583485,0.0,0.21022427356132717,0.24930033923298398,0.3065363063738365
170.93,0.0,30.0,0.0,0.0,nan,nan,nan,nan,nan,nan,nan,nan,nan,0.031436855632389904,0.046505235892583485,0.0,0.21022427356132717,0.24930033923298398,0.3065363063738365
171.13,0.0,36.0,0.0,0.0,nan,nan,nan,nan,nan,nan,nan,nan,nan,0.031436855632389904,0.046505235892583485,0.0,0.21022427356132717,0.24930033923298398,0.3065363063738365
171.33,0.0,25.0,0.0,0.0,nan,nan,nan,nan,nan,nan,nan,nan,nan,0.031436855632389904,0.046505235892583485,0.0,0.21022427356132717,0.24930033923298398,0.3065363063738365
171.53,0.0,34.0,0.0,0.0,nan,nan,nan,nan,nan,nan,nan,nan,nan,0.031436855632389904,0.046505235892583485,0.0,0.21022427356132717,0.24930033923298398,0.3065363063738365
171.73000000000002,0.0,37.0,0.0,0.0,nan,nan,nan,nan,nan,nan,nan,nan,nan,0.031436855632389904,0.046505235892583485,0.0,0.21022427356132717,0.24930033923298398,0.3065363063738365
171.93,0.0,31.0,0.0,0.0,nan,nan,nan,nan,nan,nan,nan,nan,nan,0.031436855632389904,0.046505235892583485,0.0,0.21022427356132717,0.24930033923298398,0.3065363063738365
172.09,0.0,32.0,0.0,0.0,nan,nan,nan,nan,nan,nan,nan,nan,nan,0.031436855632389904,0.046505235892583485,0.0,0.21022427356132717,0.24930033923298398,0.3065363063738365
172.29000000000002,0.0,32.0,0.0,0.0,nan,nan,nan,nan,nan,nan,nan,nan,nan,0.031436855632389904,0.046505235892583485,0.0,0.21022427356132717,0.24930033923298398,0.3065363063738365
172.49,0.0,30.0,0.0,0.0,nan,nan,nan,nan,nan,nan,nan,nan,nan,0.031436855632389904,0.046505235892583485,0.0,0.21022427356132717,0.24930033923298398,0.3065363063738365
172.69,0.0,32.0,3.0,0.09375,0.26660911492437794,0.2728732641742264,4.3408190284533985,nan,nan,nan,nan,nan,nan,0.031436855632389904,0.046505235892583485,0.0,0.21022427356132717,0.24930033923298398,0.3065363063738365
172.89000000000001,0.0,29.0,0.0,0.0,nan,nan,nan,nan,nan,nan,nan,nan,nan,0.031436855632389904,0.046505235892583485,0.0,0.21022427356132717,0.24930033923298398,0.3065363063738365
173.09,0.0,34.0,0.0,0.0,nan,nan,nan,nan,nan,nan,nan,nan,nan,0.031436855632389904,0.046505235892583485,0.0,0.21022427356132717,0.24930033923298398,0.3065363063738365
173.29000000000002,0.0,71.0,0.0,0.0,nan,nan,nan,nan,nan,nan,nan,nan,nan,0.031436855632389904,0.046505235892583485,0.0,0.21022427356132717,0.24930033923298398,0.3065363063738365
173.63,0.0,66.0,0.0,0.0,nan,nan,nan,nan,nan,nan,nan,nan,nan,0.031436855632389904,0.046505235892583485,0.0,0.21022427356132717,0.24930033923298398,0.3065363063738365
173.69,0.0,58.0,0.0,0.0,nan,nan,nan,nan,nan,nan,nan,nan,nan,0.031436855632389904,0.046505235892583485,0.0,0.21022427356132717,0.24930033923298398,0.3065363063738365
174.03,0.0,44.0,0.0,0.0,nan,nan,nan,nan,nan,nan,nan,nan,nan,0.031436855632389904,0.046505235892583485,0.0,0.21022427356132717,0.24930033923298398,0.3065363063738365
174.15,0.0,47.0,0.0,0.0,nan,nan,nan,nan,nan,nan,nan,nan,nan,0.031436855632389904,0.046505235892583485,0.0,0.21022427356132717,0.24930033923298398,0.3065363063738365
174.29000000000002,0.0,49.0,0.0,0.0,nan,nan,nan,nan,nan,nan,nan,nan,nan,0.031436855632389904,0.046505235892583485,0.0,0.21022427356132717,0.24930033923298398,0.3065363063738365
174.53,0.0,44.0,0.0,0.0,nan,nan,nan,nan,nan,nan,nan,nan,nan,0.031436855632389904,0.046505235892583485,0.0,0.21022427356132717,0.24930033923298398,0.3065363063738365
174.69,0.0,32.0,0.0,0.0,nan,nan,nan,nan,nan,nan,nan,nan,nan,0.031436855632389904,0.046505235892583485,0.0,0.21022427356132717,0.24930033923298398,0.3065363063738365
174.95000000000002,0.0,32.0,0.0,0.0,nan,nan,nan,nan,nan,nan,nan,nan,nan,0.031436855632389904,0.046505235892583485,0.0,0.21022427356132717,0.24930033923298398,0.3065363063738365
175.09,0.0,32.0,0.0,0.0,nan,nan,nan,nan,nan,nan,nan,nan,nan,0.031436855632389904,0.046505235892583485,0.0,0.21022427356132717,0.24930033923298398,0.3065363063738365
175.33,0.0,30.0,0.0,0.0,nan,nan,nan,nan,nan,nan,nan,nan,nan,0.031436855632389904,0.046505235892583485,0.0,0.21022427356132717,0.24930033923298398,0.3065363063738365
175.45000000000002,0.0,17.0,0.0,0.0,nan,nan,nan,nan,nan,nan,nan,nan,nan,0.031436855632389904,0.046505235892583485,0.0,0.21022427356132717,0.24930033923298398,0.3065363063738365
176.03,0.0,14.0,0.0,0.0,nan,nan,nan,nan,nan,nan,nan,nan,nan,0.031436855632389904,0.046505235892583485,0.0,0.21022427356132717,0.24930033923298398,0.3065363063738365
176.33,0.0,31.0,0.0,0.0,nan,nan,nan,nan,nan,nan,nan,nan,nan,0.031436855632389904,0.046505235892583485,0.0,0.21022427356132717,0.24930033923298398,0.3065363063738365
176.53,0.0,43.0,0.0,0.0,nan,nan,nan,nan,nan,nan,nan,nan,nan,0.031436855632389904,0.046505235892583485,0.0,0.21022427356132717,0.24930033923298398,0.3065363063738365
176.65,0.0,54.0,0.0,0.0,nan,nan,nan,nan,nan,nan,nan,nan,nan,0.031436855632389904,0.046505235892583485,0.0,0.21022427356132717,0.24930033923298398,0.3065363063738365
176.85,0.0,37.0,0.0,0.0,nan,nan,nan,nan,nan,nan,nan,nan,nan,0.031436855632389904,0.046505235892583485,0.0,0.21022427356132717,0.24930033923298398,0.3065363063738365
177.03,0.0,32.0,0.0,0.0,nan,nan,nan,nan,nan,nan,nan,nan,nan,0.031436855632389904,0.046505235892583485,0.0,0.21022427356132717,0.24930033923298398,0.3065363063738365
177.33,0.0,28.0,0.0,0.0,nan,nan,nan,nan,nan,nan,nan,nan,nan,0.031436855632389904,0.046505235892583485,0.0,0.21022427356132717,0.24930033923298398,0.3065363063738365
177.53,0.0,30.0,0.0,0.0,nan,nan,nan,nan,nan,nan,nan,nan,nan,0.031436855632389904,0.046505235892583485,0.0,0.21022427356132717,0.24930033923298398,0.3065363063738365
177.65,0.0,27.0,0.0,0.0,nan,nan,nan,nan,nan,nan,nan,nan,nan,0.031436855632389904,0.046505235892583485,0.0,0.21022427356132717,0.24930033923298398,0.3065363063738365
177.83,0.0,35.0,0.0,0.0,nan,nan,nan,nan,nan,nan,nan,nan,nan,0.031436855632389904,0.046505235892583485,0.0,0.21022427356132717,0.24930033923298398,0.3065363063738365
178.17000000000002,0.0,66.0,0.0,0.0,nan,nan,nan,nan,nan,nan,nan,nan,nan,0.031436855632389904,0.046505235892583485,0.0,0.21022427356132717,0.24930033923298398,0.3065363063738365
178.23000000000002,0.0,99.0,0.0,0.0,nan,nan,nan,nan,nan,nan,nan,nan,nan,0.031436855632389904,0.046505235892583485,0.0,0.21022427356132717,0.24930033923298398,0.3065363063738365
178.43,0.0,81.0,0.0,0.0,nan,nan,nan,nan,nan,nan,nan,nan,nan,0.031436855632389904,0.046505235892583485,0.0,0.21022427356132717,0.24930033923298398,0.3065363063738365
178.69,0.0,32.0,0.0,0.0,nan,nan,nan,nan,nan,nan,nan,nan,nan,0.031436855632389904,0.046505235892583485,0.0,0.21022427356132717,0.24930033923298398,0.3065363063738365
178.83,0.0,51.0,0.0,0.0,nan,nan,nan,nan,nan,nan,nan,nan,nan,0.031436855632389904,0.046505235892583485,0.0,0.21022427356132717,0.24930033923298398,0.3065363063738365
179.03,0.0,46.0,0.0,0.0,nan,nan,nan,nan,nan,nan,nan,nan,nan,0.031436855632389904,0.046505235892583485,0.0,0.21022427356132717,0.24930033923298398,0.3065363063738365
179.33,0.0,32.0,0.0,0.0,nan,nan,nan,nan,nan,nan,nan,nan,nan,0.031436855632389904,0.046505235892583485,0.0,0.21022427356132717,0.24930033923298398,0.3065363063738365
179.43,0.0,33.0,0.0,0.0,nan,nan,nan,nan,nan,nan,nan,nan,nan,0.031436855632389904,0.046505235892583485,0.0,0.21022427356132717,0.24930033923298398,0.3065363063738365
179.63,0.0,21.0,0.0,0.0,nan,nan,nan,nan,nan,nan,nan,nan,nan,0.031436855632389904,0.046505235892583485,0.0,0.21022427356132717,0.24930033923298398,0.3065363063738365
179.89000000000001,0.0,26.0,0.0,0.0,nan,nan,nan,nan,nan,nan,nan,nan,nan,0.031436855632389904,0.046505235892583485,0.0,0.21022427356132717,0.24930033923298398,0.3065363063738365
180.03,0.0,13.0,0.0,0.0,nan,nan,nan,nan,nan,nan,nan,nan,nan,0.031436855632389904,0.046505235892583485,0.0,0.21022427356132717,0.24930033923298398,0.3065363063738365
180.49,0.0,13.0,0.0,0.0,nan,nan,nan,nan,nan,nan,nan,nan,nan,0.031436855632389904,0.046505235892583485,0.0,0.21022427356132717,0.24930033923298398,0.3065363063738365
180.63,0.0,26.0,0.0,0.0,nan,nan,nan,nan,nan,nan,nan,nan,nan,0.031436855632389904,0.046505235892583485,0.0,0.21022427356132717,0.24930033923298398,0.3065363063738365
180.89000000000001,0.0,36.0,0.0,0.0,nan,nan,nan,nan,nan,nan,nan,nan,nan,0.031436855632389904,0.046505235892583485,0.0,0.21022427356132717,0.24930033923298398,0.3065363063738365
181.03,0.0,27.0,0.0,0.0,nan,nan,nan,nan,nan,nan,nan,nan,nan,0.031436855632389904,0.046505235892583485,0.0,0.21022427356132717,0.24930033923298398,0.3065363063738365
181.23000000000002,0.0,28.0,0.0,0.0,nan,nan,nan,nan,nan,nan,nan,nan,nan,0.031436855632389904,0.046505235892583485,0.0,0.21022427356132717,0.24930033923298398,0.3065363063738365
181.43,0.0,23.0,0.0,0.0,nan,nan,nan,nan,nan,nan,nan,nan,nan,0.031436855632389904,0.046505235892583485,0.0,0.21022427356132717,0.24930033923298398,0.3065363063738365
181.59,0.0,24.0,0.0,0.0,nan,nan,nan,nan,nan,nan,nan,nan,nan,0.031436855632389904,0.046505235892583485,0.0,0.21022427356132717,0.24930033923298398,0.3065363063738365
181.79000000000002,0.0,15.0,0.0,0.0,nan,nan,nan,nan,nan,nan,nan,nan,nan,0.031436855632389904,0.046505235892583485,0.0,0.21022427356132717,0.24930033923298398,0.3065363063738365
181.99,0.0,24.0,0.0,0.0,nan,nan,nan,nan,nan,nan,nan,nan,nan,0.031436855632389904,0.046505235892583485,0.0,0.21022427356132717,0.24930033923298398,0.3065363063738365
182.59,0.0,25.0,0.0,0.0,nan,nan,nan,nan,nan,nan,nan,nan,nan,0.031436855632389904,0.046505235892583485,0.0,0.21022427356132717,0.24930033923298398,0.3065363063738365
182.79000000000002,0.0,46.0,3.0,0.06521739130434782,0.1403609467544493,0.1557796690514466,19.47068610754477,nan,nan,nan,nan,nan,nan,0.031436855632389904,0.046505235892583485,0.0,0.21022427356132717,0.24930033923298398,0.3065363063738365
182.99,0.0,75.0,0.0,0.0,nan,nan,nan,nan,nan,nan,nan,nan,nan,0.031436855632389904,0.046505235892583485,0.0,0.21022427356132717,0.24930033923298398,0.3065363063738365
183.19,0.0,62.0,0.0,0.0,nan,nan,nan,nan,nan,nan,nan,nan,nan,0.031436855632389904,0.046505235892583485,0.0,0.21022427356132717,0.24930033923298398,0.3065363063738365
183.63,1.0,60.0,13.0,0.21666666666666667,0.15067556540713317,0.33927889211577206,13.121705975520493,-1.7298711790953327,0.12,0.08831178379944264,-3.2745785906734275,0.230969581233897,-0.19260456229382272,-0.3311249225012296,-1.6978841485693985,0.0,0.9897120600078675,0.9830731204066581,0.7754571184991847
183.93,1.0,54.0,14.0,0.25925925925925924,0.1535609198155466,0.34175888206528177,12.996020804149051,-0.2361465885407851,0.12,0.0755399862461899,-3.135709830467713,0.015542238068274122,-0.0576408891470437,-0.013604163169360639,-0.23575440191842076,0.0,0.6293134570003919,0.7094681984991511,0.484213287299202
183.99,1.0,41.0,23.0,0.5609756097560976,0.12600992415156365,0.34676404704142966,12.925930719793714,0.21253269669293032,0.12,0.08396248845154165,-3.0930518961373843,0.29922279718625006,-0.04516339178408027,0.009595434652126755,0.21231597866718813,0.0,0.47346207259915674,0.544196184455732,0.45364040446213094
184.25,1.0,32.0,14.0,0.4375,0.1486677268935676,0.33214680179842077,14.75758103931075,-0.04964996164911216,0.12,0.10545435591289914,-2.9673622365348638,0.14813342691285114,-0.026694470567968153,-0.001325222035811091,-0.049632272548354145,0.0,0.2232243769512736,0.3951308064672114,0.27054583320129844
184.39000000000001,0.0,20.0,0.0,0.0,nan,nan,nan,nan,nan,nan,nan,nan,nan,-0.001325222035811091,-0.049632272548354145,0.0,0.2232243769512736,0.3951308064672114,0.27054583320129844
184.59,0.0,17.0,4.0,0.23529411764705882,0.19815069004938157,0.31996000029640287,16.981830295834932,nan,nan,nan,nan,nan,nan,-0.001325222035811091,-0.049632272548354145,0.0,0.2232243769512736,0.3951308064672114,0.27054583320129844
185.41,0.0,28.0,0.0,0.0,nan,nan,nan,nan,nan,nan,nan,nan,nan,-0.001325222035811091,-0.049632272548354145,0.0,0.2232243769512736,0.3951308064672114,0.27054583320129844
185.55,0.0,21.0,0.0,0.0,nan,nan,nan,nan,nan,nan,nan,nan,nan,-0.001325222035811091,-0.049632272548354145,0.0,0.2232243769512736,0.3951308064672114,0.27054583320129844
185.83,0.0,27.0,0.0,0.0,nan,nan,nan,nan,nan,nan,nan,nan,nan,-0.001325222035811091,-0.049632272548354145,0.0,0.2232243769512736,0.3951308064672114,0.27054583320129844
186.03,0.0,22.0,0.0,0.0,nan,nan,nan,nan,nan,nan,nan,nan,nan,-0.001325222035811091,-0.049632272548354145,0.0,0.2232243769512736,0.3951308064672114,0.27054583320129844
186.23000000000002,0.0,21.0,0.0,0.0,nan,nan,nan,nan,nan,nan,nan,nan,nan,-0.001325222035811091,-0.049632272548354145,0.0,0.2232243769512736,0.3951308064672114,0.27054583320129844
186.35,0.0,23.0,0.0,0.0,nan,nan,nan,nan,nan,nan,nan,nan,nan,-0.001325222035811091,-0.049632272548354145,0.0,0.2232243769512736,0.3951308064672114,0.27054583320129844
186.55,0.0,26.0,0.0,0.0,nan,nan,nan,nan,nan,nan,nan,nan,nan,-0.001325222035811091,-0.049632272548354145,0.0,0.2232243769512736,0.3951308064672114,0.27054583320129844
186.83,0.0,16.0,0.0,0.0,nan,nan,nan,nan,nan,nan,nan,nan,nan,-0.001325222035811091,-0.049632272548354145,0.0,0.2232243769512736,0.3951308064672114,0.27054583320129844
187.03,0.0,16.0,0.0,0.0,nan,nan,nan,nan,nan,nan,nan,nan,nan,-0.001325222035811091,-0.049632272548354145,0.0,0.2232243769512736,0.3951308064672114,0.27054583320129844
187.29000000000002,0.0,48.0,0.0,0.0,nan,nan,nan,nan,nan,nan,nan,nan,nan,-0.001325222035811091,-0.049632272548354145,0.0,0.2232243769512736,0.3951308064672114,0.27054583320129844
187.43,0.0,71.0,0.0,0.0,nan,nan,nan,nan,nan,nan,nan,nan,nan,-0.001325222035811091,-0.049632272548354145,0.0,0.2232243769512736,0.3951308064672114,0.27054583320129844
187.55,0.0,81.0,0.0,0.0,nan,nan,nan,nan,nan,nan,nan,nan,nan,-0.001325222035811091,-0.049632272548354145,0.0,0.2232243769512736,0.3951308064672114,0.27054583320129844
187.83,0.0,77.0,0.0,0.0,nan,nan,nan,nan,nan,nan,nan,nan,nan,-0.001325222035811091,-0.049632272548354145,0.0,0.2232243769512736,0.3951308064672114,0.27054583320129844
187.95000000000002,0.0,84.0,0.0,0.0,nan,nan,nan,nan,nan,nan,nan,nan,nan,-0.001325222035811091,-0.049632272548354145,0.0,0.2232243769512736,0.3951308064672114,0.27054583320129844
188.33,0.0,71.0,0.0,0.0,nan,nan,nan,nan,nan,nan,nan,nan,nan,-0.001325222035811091,-0.049632272548354145,0.0,0.2232243769512736,0.3951308064672114,0.27054583320129844
188.35,0.0,58.0,0.0,0.0,nan,nan,nan,nan,nan,nan,nan,nan,nan,-0.001325222035811091,-0.049632272548354145,0.0,0.2232243769512736,0.3951308064672114,0.27054583320129844
188.53,0.0,35.0,0.0,0.0,nan,nan,nan,nan,nan,nan,nan,nan,nan,-0.001325222035811091,-0.049632272548354145,0.0,0.2232243769512736,0.3951308064672114,0.27054583320129844
188.73000000000002,0.0,24.0,0.0,0.0,nan,nan,nan,nan,nan,nan,nan,nan,nan,-0.001325222035811091,-0.049632272548354145,0.0,0.2232243769512736,0.3951308064672114,0.27054583320129844
189.05,0.0,24.0,0.0,0.0,nan,nan,nan,nan,nan,nan,nan,nan,nan,-0.001325222035811091,-0.049632272548354145,0.0,0.2232243769512736,0.3951308064672114,0.27054583320129844
189.13,0.0,21.0,0.0,0.0,nan,nan,nan,nan,nan,nan,nan,nan,nan,-0.001325222035811091,-0.049632272548354145,0.0,0.2232243769512736,0.3951308064672114,0.27054583320129844
189.53,0.0,20.0,0.0,0.0,nan,nan,nan,nan,nan,nan,nan,nan,nan,-0.001325222035811091,-0.049632272548354145,0.0,0.2232243769512736,0.3951308064672114,0.27054583320129844
189.79000000000002,0.0,21.0,0.0,0.0,nan,nan,nan,nan,nan,nan,nan,nan,nan,-0.001325222035811091,-0.049632272548354145,0.0,0.2232243769512736,0.3951308064672114,0.27054583320129844
189.93,0.0,16.0,0.0,0.0,nan,nan,nan,nan,nan,nan,nan,nan,nan,-0.001325222035811091,-0.049632272548354145,0.0,0.2232243769512736,0.3951308064672114,0.27054583320129844
190.13,0.0,16.0,0.0,0.0,nan,nan,nan,nan,nan,nan,nan,nan,nan,-0.001325222035811091,-0.049632272548354145,0.0,0.2232243769512736,0.3951308064672114,0.27054583320129844
190.53,0.0,18.0,0.0,0.0,nan,nan,nan,nan,nan,nan,nan,nan,nan,-0.001325222035811091,-0.049632272548354145,0.0,0.2232243769512736,0.3951308064672114,0.27054583320129844
191.49,0.0,21.0,0.0,0.0,nan,nan,nan,nan,nan,nan,nan,nan,nan,-0.001325222035811091,-0.049632272548354145,0.0,0.2232243769512736,0.3951308064672114,0.27054583320129844
191.69,0.0,45.0,0.0,0.0,nan,nan,nan,nan,nan,nan,nan,nan,nan,-0.001325222035811091,-0.049632272548354145,0.0,0.2232243769512736,0.3951308064672114,0.27054583320129844
191.89000000000001,0.0,38.0,0.0,0.0,nan,nan,nan,nan,nan,nan,nan,nan,nan,-0.001325222035811091,-0.049632272548354145,0.0,0.2232243769512736,0.3951308064672114,0.27054583320129844
192.23000000000002,0.0,34.0,0.0,0.0,nan,nan,nan,nan,nan,nan,nan,nan,nan,-0.001325222035811091,-0.049632272548354145,0.0,0.2232243769512736,0.3951308064672114,0.27054583320129844
192.29000000000002,0.0,36.0,0.0,0.0,nan,nan,nan,nan,nan,nan,nan,nan,nan,-0.001325222035811091,-0.049632272548354145,0.0,0.2232243769512736,0.3951308064672114,0.27054583320129844
192.49,0.0,29.0,0.0,0.0,nan,nan,nan,nan,nan,nan,nan,nan,nan,-0.001325222035811091,-0.049632272548354145,0.0,0.2232243769512736,0.3951308064672114,0.27054583320129844
192.69,0.0,34.0,0.0,0.0,nan,nan,nan,nan,nan,nan,nan,nan,nan,-0.001325222035811091,-0.049632272548354145,0.0,0.2232243769512736,0.3951308064672114,0.27054583320129844
192.89000000000001,0.0,18.0,0.0,0.0,nan,nan,nan,nan,nan,nan,nan,nan,nan,-0.001325222035811091,-0.049632272548354145,0.0,0.2232243769512736,0.3951308064672114,0.27054583320129844
193.09,0.0,22.0,0.0,0.0,nan,nan,nan,nan,nan,nan,nan,nan,nan,-0.001325222035811091,-0.049632272548354145,0.0,0.2232243769512736,0.3951308064672114,0.27054583320129844
193.29000000000002,0.0,28.0,0.0,0.0,nan,nan,nan,nan,nan,nan,nan,nan,nan,-0.001325222035811091,-0.049632272548354145,0.0,0.2232243769512736,0.3951308064672114,0.27054583320129844
193.55,0.0,20.0,0.0,0.0,nan,nan,nan,nan,nan,nan,nan,nan,nan,-0.001325222035811091,-0.049632272548354145,0.0,0.2232243769512736,0.3951308064672114,0.27054583320129844
193.65,0.0,20.0,0.0,0.0,nan,nan,nan,nan,nan,nan,nan,nan,nan,-0.001325222035811091,-0.049632272548354145,0.0,0.2232243769512736,0.3951308064672114,0.27054583320129844
193.89000000000001,0.0,33.0,0.0,0.0,nan,nan,nan,nan,nan,nan,nan,nan,nan,-0.001325222035811091,-0.049632272548354145,0.0,0.2232243769512736,0.3951308064672114,0.27054583320129844
194.09,0.0,31.0,0.0,0.0,nan,nan,nan,nan,nan,nan,nan,nan,nan,-0.001325222035811091,-0.049632272548354145,0.0,0.2232243769512736,0.3951308064672114,0.27054583320129844
194.35,0.0,35.0,0.0,0.0,nan,nan,nan,nan,nan,nan,nan,nan,nan,-0.001325222035811091,-0.049632272548354145,0.0,0.2232243769512736,0.3951308064672114,0.27054583320129844
194.45000000000002,0.0,38.0,0.0,0.0,nan,nan,nan,nan,nan,nan,nan,nan,nan,-0.001325222035811091,-0.049632272548354145,0.0,0.2232243769512736,0.3951308064672114,0.27054583320129844
194.73000000000002,0.0,45.0,0.0,0.0,nan,nan,nan,nan,nan,nan,nan,nan,nan,-0.001325222035811091,-0.049632272548354145,0.0,0.2232243769512736,0.3951308064672114,0.27054583320129844
194.85,0.0,37.0,0.0,0.0,nan,nan,nan,nan,nan,nan,nan,nan,nan,-0.001325222035811091,-0.049632272548354145,0.0,0.2232243769512736,0.3951308064672114,0.27054583320129844
195.05,0.0,42.0,0.0,0.0,nan,nan,nan,nan,nan,nan,nan,nan,nan,-0.001325222035811091,-0.049632272548354145,0.0,0.2232243769512736,0.3951308064672114,0.27054583320129844
195.33,0.0,42.0,0.0,0.0,nan,nan,nan,nan,nan,nan,nan,nan,nan,-0.001325222035811091,-0.049632272548354145,0.0,0.2232243769512736,0.3951308064672114,0.27054583320129844
195.53,0.0,43.0,0.0,0.0,nan,nan,nan,nan,nan,nan,nan,nan,nan,-0.001325222035811091,-0.049632272548354145,0.0,0.2232243769512736,0.3951308064672114,0.27054583320129844
195.85,0.0,40.0,0.0,0.0,nan,nan,nan,nan,nan,nan,nan,nan,nan,-0.001325222035811091,-0.049632272548354145,0.0,0.2232243769512736,0.3951308064672114,0.27054583320129844
196.13,0.0,38.0,0.0,0.0,nan,nan,nan,nan,nan,nan,nan,nan,nan,-0.001325222035811091,-0.049632272548354145,0.0,0.2232243769512736,0.3951308064672114,0.27054583320129844
196.33,0.0,40.0,0.0,0.0,nan,nan,nan,nan,nan,nan,nan,nan,nan,-0.001325222035811091,-0.049632272548354145,0.0,0.2232243769512736,0.3951308064672114,0.27054583320129844
196.43,0.0,59.0,0.0,0.0,nan,nan,nan,nan,nan,nan,nan,nan,nan,-0.001325222035811091,-0.049632272548354145,0.0,0.2232243769512736,0.3951308064672114,0.27054583320129844
196.65,0.0,57.0,0.0,0.0,nan,nan,nan,nan,nan,nan,nan,nan,nan,-0.001325222035811091,-0.049632272548354145,0.0,0.2232243769512736,0.3951308064672114,0.27054583320129844
196.85,0.0,56.0,0.0,0.0,nan,nan,nan,nan,nan,nan,nan,nan,nan,-0.001325222035811091,-0.049632272548354145,0.0,0.2232243769512736,0.3951308064672114,0.27054583320129844
197.05,0.0,64.0,0.0,0.0,nan,nan,nan,nan,nan,nan,nan,nan,nan,-0.001325222035811091,-0.049632272548354145,0.0,0.2232243769512736,0.3951308064672114,0.27054583320129844
197.25,0.0,58.0,0.0,0.0,nan,nan,nan,nan,nan,nan,nan,nan,nan,-0.001325222035811091,-0.049632272548354145,0.0,0.2232243769512736,0.3951308064672114,0.27054583320129844
197.45000000000002,0.0,52.0,0.0,0.0,nan,nan,nan,nan,nan,nan,nan,nan,nan,-0.001325222035811091,-0.049632272548354145,0.0,0.2232243769512736,0.3951308064672114,0.27054583320129844
197.63,0.0,30.0,0.0,0.0,nan,nan,nan,nan,nan,nan,nan,nan,nan,-0.001325222035811091,-0.049632272548354145,0.0,0.2232243769512736,0.3951308064672114,0.27054583320129844
197.89000000000001,0.0,26.0,0.0,0.0,nan,nan,nan,nan,nan,nan,nan,nan,nan,-0.001325222035811091,-0.049632272548354145,0.0,0.2232243769512736,0.3951308064672114,0.27054583320129844
198.05,0.0,17.0,0.0,0.0,nan,nan,nan,nan,nan,nan,nan,nan,nan,-0.001325222035811091,-0.049632272548354145,0.0,0.2232243769512736,0.3951308064672114,0.27054583320129844
198.29000000000002,0.0,29.0,0.0,0.0,nan,nan,nan,nan,nan,nan,nan,nan,nan,-0.001325222035811091,-0.049632272548354145,0.0,0.2232243769512736,0.3951308064672114,0.27054583320129844
198.53,0.0,14.0,0.0,0.0,nan,nan,nan,nan,nan,nan,nan,nan,nan,-0.001325222035811091,-0.049632272548354145,0.0,0.2232243769512736,0.3951308064672114,0.27054583320129844
199.03,0.0,37.0,0.0,0.0,nan,nan,nan,nan,nan,nan,nan,nan,nan,-0.001325222035811091,-0.049632272548354145,0.0,0.2232243769512736,0.3951308064672114,0.27054583320129844
199.25,0.0,35.0,0.0,0.0,nan,nan,nan,nan,nan,nan,nan,nan,nan,-0.001325222035811091,-0.049632272548354145,0.0,0.2232243769512736,0.3951308064672114,0.27054583320129844
199.43,0.0,36.0,0.0,0.0,nan,nan,nan,nan,nan,nan,nan,nan,nan,-0.001325222035811091,-0.049632272548354145,0.0,0.2232243769512736,0.3951308064672114,0.27054583320129844
199.63,0.0,34.0,0.0,0.0,nan,nan,nan,nan,nan,nan,nan,nan,nan,-0.001325222035811091,-0.049632272548354145,0.0,0.2232243769512736,0.3951308064672114,0.27054583320129844
199.89000000000001,0.0,37.0,0.0,0.0,nan,nan,nan,nan,nan,nan,nan,nan,nan,-0.001325222035811091,-0.049632272548354145,0.0,0.2232243769512736,0.3951308064672114,0.27054583320129844
200.03,0.0,36.0,0.0,0.0,nan,nan,nan,nan,nan,nan,nan,nan,nan,-0.001325222035811091,-0.049632272548354145,0.0,0.2232243769512736,0.3951308064672114,0.27054583320129844
200.23000000000002,0.0,33.0,0.0,0.0,nan,nan,nan,nan,nan,nan,nan,nan,nan,-0.001325222035811091,-0.049632272548354145,0.0,0.2232243769512736,0.3951308064672114,0.27054583320129844
200.43,0.0,33.0,0.0,0.0,nan,nan,nan,nan,nan,nan,nan,nan,nan,-0.001325222035811091,-0.049632272548354145,0.0,0.2232243769512736,0.3951308064672114,0.27054583320129844
200.63,0.0,36.0,0.0,0.0,nan,nan,nan,nan,nan,nan,nan,nan,nan,-0.001325222035811091,-0.049632272548354145,0.0,0.2232243769512736,0.3951308064672114,0.27054583320129844
200.83,0.0,38.0,0.0,0.0,nan,nan,nan,nan,nan,nan,nan,nan,nan,-0.001325222035811091,-0.049632272548354145,0.0,0.2232243769512736,0.3951308064672114,0.27054583320129844
201.03,0.0,38.0,0.0,0.0,nan,nan,nan,nan,nan,nan,nan,nan,nan,-0.001325222035811091,-0.049632272548354145,0.0,0.2232243769512736,0.3951308064672114,0.27054583320129844
201.25,0.0,32.0,0.0,0.0,nan,nan,nan,nan,nan,nan,nan,nan,nan,-0.001325222035811091,-0.049632272548354145,0.0,0.2232243769512736,0.3951308064672114,0.27054583320129844
201.39000000000001,0.0,31.0,0.0,0.0,nan,nan,nan,nan,nan,nan,nan,nan,nan,-0.001325222035811091,-0.049632272548354145,0.0,0.2232243769512736,0.3951308064672114,0.27054583320129844
201.65,0.0,28.0,0.0,0.0,nan,nan,nan,nan,nan,nan,nan,nan,nan,-0.001325222035811091,-0.049632272548354145,0.0,0.2232243769512736,0.3951308064672114,0.27054583320129844
201.85,0.0,28.0,0.0,0.0,nan,nan,nan,nan,nan,nan,nan,nan,nan,-0.001325222035811091,-0.049632272548354145,0.0,0.2232243769512736,0.3951308064672114,0.27054583320129844
201.99,0.0,54.0,0.0,0.0,nan,nan,nan,nan,nan,nan,nan,nan,nan,-0.001325222035811091,-0.049632272548354145,0.0,0.2232243769512736,0.3951308064672114,0.27054583320129844
202.19,0.0,35.0,0.0,0.0,nan,nan,nan,nan,nan,nan,nan,nan,nan,-0.001325222035811091,-0.049632272548354145,0.0,0.2232243769512736,0.3951308064672114,0.27054583320129844
202.39000000000001,0.0,37.0,0.0,0.0,nan,nan,nan,nan,nan,nan,nan,nan,nan,-0.001325222035811091,-0.049632272548354145,0.0,0.2232243769512736,0.3951308064672114,0.27054583320129844
202.59,0.0,55.0,0.0,0.0,nan,nan,nan,nan,nan,nan,nan,nan,nan,-0.001325222035811091,-0.049632272548354145,0.0,0.2232243769512736,0.3951308064672114,0.27054583320129844
202.79000000000002,0.0,38.0,0.0,0.0,nan,nan,nan,nan,nan,nan,nan,nan,nan,-0.001325222035811091,-0.049632272548354145,0.0,0.2232243769512736,0.3951308064672114,0.27054583320129844
203.05,0.0,43.0,0.0,0.0,nan,nan,nan,nan,nan,nan,nan,nan,nan,-0.001325222035811091,-0.049632272548354145,0.0,0.2232243769512736,0.3951308064672114,0.27054583320129844
203.25,0.0,45.0,0.0,0.0,nan,nan,nan,nan,nan,nan,nan,nan,nan,-0.001325222035811091,-0.049632272548354145,0.0,0.2232243769512736,0.3951308064672114,0.27054583320129844
203.39000000000001,0.0,54.0,0.0,0.0,nan,nan,nan,nan,nan,nan,nan,nan,nan,-0.001325222035811091,-0.049632272548354145,0.0,0.2232243769512736,0.3951308064672114,0.27054583320129844
203.65,0.0,45.0,0.0,0.0,nan,nan,nan,nan,nan,nan,nan,nan,nan,-0.001325222035811091,-0.049632272548354145,0.0,0.2232243769512736,0.3951308064672114,0.27054583320129844
203.79000000000002,0.0,48.0,0.0,0.0,nan,nan,nan,nan,nan,nan,nan,nan,nan,-0.001325222035811091,-0.049632272548354145,0.0,0.2232243769512736,0.3951308064672114,0.27054583320129844
203.99,0.0,43.0,0.0,0.0,nan,nan,nan,nan,nan,nan,nan,nan,nan,-0.001325222035811091,-0.049632272548354145,0.0,0.2232243769512736,0.3951308064672114,0.27054583320129844
204.19,0.0,51.0,0.0,0.0,nan,nan,nan,nan,nan,nan,nan,nan,nan,-0.001325222035811091,-0.049632272548354145,0.0,0.2232243769512736,0.3951308064672114,0.27054583320129844
204.39000000000001,0.0,42.0,0.0,0.0,nan,nan,nan,nan,nan,nan,nan,nan,nan,-0.001325222035811091,-0.049632272548354145,0.0,0.2232243769512736,0.3951308064672114,0.27054583320129844
204.65,0.0,51.0,0.0,0.0,nan,nan,nan,nan,nan,nan,nan,nan,nan,-0.001325222035811091,-0.049632272548354145,0.0,0.2232243769512736,0.3951308064672114,0.27054583320129844
204.75,0.0,48.0,0.0,0.0,nan,nan,nan,nan,nan,nan,nan,nan,nan,-0.001325222035811091,-0.049632272548354145,0.0,0.2232243769512736,0.3951308064672114,0.27054583320129844
205.05,0.0,48.0,0.0,0.0,nan,nan,nan,nan,nan,nan,nan,nan,nan,-0.001325222035811091,-0.049632272548354145,0.0,0.2232243769512736,0.3951308064672114,0.27054583320129844
205.27,0.0,37.0,0.0,0.0,nan,nan,nan,nan,nan,nan,nan,nan,nan,-0.001325222035811091,-0.049632272548354145,0.0,0.2232243769512736,0.3951308064672114,0.27054583320129844
205.43,0.0,41.0,0.0,0.0,nan,nan,nan,nan,nan,nan,nan,nan,nan,-0.001325222035811091,-0.049632272548354145,0.0,0.2232243769512736,0.3951308064672114,0.27054583320129844
205.53,0.0,45.0,0.0,0.0,nan,nan,nan,nan,nan,nan,nan,nan,nan,-0.001325222035811091,-0.049632272548354145,0.0,0.2232243769512736,0.3951308064672114,0.27054583320129844
205.73000000000002,0.0,28.0,0.0,0.0,nan,nan,nan,nan,nan,nan,nan,nan,nan,-0.001325222035811091,-0.049632272548354145,0.0,0.2232243769512736,0.3951308064672114,0.27054583320129844
206.03,0.0,37.0,0.0,0.0,nan,nan,nan,nan,nan,nan,nan,nan,nan,-0.001325222035811091,-0.049632272548354145,0.0,0.2232243769512736,0.3951308064672114,0.27054583320129844
206.13,0.0,31.0,0.0,0.0,nan,nan,nan,nan,nan,nan,nan,nan,nan,-0.001325222035811091,-0.049632272548354145,0.0,0.2232243769512736,0.3951308064672114,0.27054583320129844
206.63,0.0,31.0,0.0,0.0,nan,nan,nan,nan,nan,nan,nan,nan,nan,-0.001325222035811091,-0.049632272548354145,0.0,0.2232243769512736,0.3951308064672114,0.27054583320129844
206.65,0.0,28.0,0.0,0.0,nan,nan,nan,nan,nan,nan,nan,nan,nan,-0.001325222035811091,-0.049632272548354145,0.0,0.2232243769512736,0.3951308064672114,0.27054583320129844
206.75,0.0,33.0,0.0,0.0,nan,nan,nan,nan,nan,nan,nan,nan,nan,-0.001325222035811091,-0.049632272548354145,0.0,0.2232243769512736,0.3951308064672114,0.27054583320129844
207.49,0.0,33.0,0.0,0.0,nan,nan,nan,nan,nan,nan,nan,nan,nan,-0.001325222035811091,-0.049632272548354145,0.0,0.2232243769512736,0.3951308064672114,0.27054583320129844
207.53,0.0,46.0,0.0,0.0,nan,nan,nan,nan,nan,nan,nan,nan,nan,-0.001325222035811091,-0.049632272548354145,0.0,0.2232243769512736,0.3951308064672114,0.27054583320129844
207.69,0.0,49.0,0.0,0.0,nan,nan,nan,nan,nan,nan,nan,nan,nan,-0.001325222035811091,-0.049632272548354145,0.0,0.2232243769512736,0.3951308064672114,0.27054583320129844
207.73000000000002,0.0,47.0,0.0,0.0,nan,nan,nan,nan,nan,nan,nan,nan,nan,-0.001325222035811091,-0.049632272548354145,0.0,0.2232243769512736,0.3951308064672114,0.27054583320129844
208.03,0.0,49.0,0.0,0.0,nan,nan,nan,nan,nan,nan,nan,nan,nan,-0.001325222035811091,-0.049632272548354145,0.0,0.2232243769512736,0.3951308064672114,0.27054583320129844
208.29000000000002,0.0,42.0,0.0,0.0,nan,nan,nan,nan,nan,nan,nan,nan,nan,-0.001325222035811091,-0.049632272548354145,0.0,0.2232243769512736,0.3951308064672114,0.27054583320129844
208.35,0.0,40.0,0.0,0.0,nan,nan,nan,nan,nan,nan,nan,nan,nan,-0.001325222035811091,-0.049632272548354145,0.0,0.2232243769512736,0.3951308064672114,0.27054583320129844
208.53,0.0,47.0,0.0,0.0,nan,nan,nan,nan,nan,nan,nan,nan,nan,-0.001325222035811091,-0.049632272548354145,0.0,0.2232243769512736,0.3951308064672114,0.27054583320129844
208.73000000000002,0.0,43.0,0.0,0.0,nan,nan,nan,nan,nan,nan,nan,nan,nan,-0.001325222035811091,-0.049632272548354145,0.0,0.2232243769512736,0.3951308064672114,0.27054583320129844
208.93,0.0,46.0,0.0,0.0,nan,nan,nan,nan,nan,nan,nan,nan,nan,-0.001325222035811091,-0.049632272548354145,0.0,0.2232243769512736,0.3951308064672114,0.27054583320129844
209.13,0.0,34.0,0.0,0.0,nan,nan,nan,nan,nan,nan,nan,nan,nan,-0.001325222035811091,-0.049632272548354145,0.0,0.2232243769512736,0.3951308064672114,0.27054583320129844
209.35,0.0,28.0,0.0,0.0,nan,nan,nan,nan,nan,nan,nan,nan,nan,-0.001325222035811091,-0.049632272548354145,0.0,0.2232243769512736,0.3951308064672114,0.27054583320129844
209.53,0.0,33.0,0.0,0.0,nan,nan,nan,nan,nan,nan,nan,nan,nan,-0.001325222035811091,-0.049632272548354145,0.0,0.2232243769512736,0.3951308064672114,0.27054583320129844
209.73000000000002,0.0,27.0,0.0,0.0,nan,nan,nan,nan,nan,nan,nan,nan,nan,-0.001325222035811091,-0.049632272548354145,0.0,0.2232243769512736,0.3951308064672114,0.27054583320129844
210.05,0.0,21.0,3.0,0.14285714285714285,0.343730828710713,0.34764408229753957,15.738631434836373,nan,nan,nan,nan,nan,nan,-0.001325222035811091,-0.049632272548354145,0.0,0.2232243769512736,0.3951308064672114,0.27054583320129844
210.19,0.0,35.0,0.0,0.0,nan,nan,nan,nan,nan,nan,nan,nan,nan,-0.001325222035811091,-0.049632272548354145,0.0,0.2232243769512736,0.3951308064672114,0.27054583320129844
210.33,0.0,24.0,0.0,0.0,nan,nan,nan,nan,nan,nan,nan,nan,nan,-0.001325222035811091,-0.049632272548354145,0.0,0.2232243769512736,0.3951308064672114,0.27054583320129844
210.53,0.0,30.0,1.0,0.03333333333333333,0.056296778641407245,0.056296778641407245,24.598143292415543,nan,nan,nan,nan,nan,nan,-0.001325222035811091,-0.049632272548354145,0.0,0.2232243769512736,0.3951308064672114,0.27054583320129844
210.73000000000002,0.0,35.0,0.0,0.0,nan,nan,nan,nan,nan,nan,nan,nan,nan,-0.001325222035811091,-0.049632272548354145,0.0,0.2232243769512736,0.3951308064672114,0.27054583320129844
210.93,0.0,39.0,0.0,0.0,nan,nan,nan,nan,nan,nan,nan,nan,nan,-0.001325222035811091,-0.049632272548354145,0.0,0.2232243769512736,0.3951308064672114,0.27054583320129844
211.15,0.0,39.0,0.0,0.0,nan,nan,nan,nan,nan,nan,nan,nan,nan,-0.001325222035811091,-0.049632272548354145,0.0,0.2232243769512736,0.3951308064672114,0.27054583320129844
211.39000000000001,0.0,36.0,0.0,0.0,nan,nan,nan,nan,nan,nan,nan,nan,nan,-0.001325222035811091,-0.049632272548354145,0.0,0.2232243769512736,0.3951308064672114,0.27054583320129844
211.65,0.0,50.0,0.0,0.0,nan,nan,nan,nan,nan,nan,nan,nan,nan,-0.001325222035811091,-0.049632272548354145,0.0,0.2232243769512736,0.3951308064672114,0.27054583320129844
211.69,0.0,40.0,0.0,0.0,nan,nan,nan,nan,nan,nan,nan,nan,nan,-0.001325222035811091,-0.049632272548354145,0.0,0.2232243769512736,0.3951308064672114,0.27054583320129844
211.89000000000001,0.0,47.0,0.0,0.0,nan,nan,nan,nan,nan,nan,nan,nan,nan,-0.001325222035811091,-0.049632272548354145,0.0,0.2232243769512736,0.3951308064672114,0.27054583320129844
212.09,0.0,49.0,0.0,0.0,nan,nan,nan,nan,nan,nan,nan,nan,nan,-0.001325222035811091,-0.049632272548354145,0.0,0.2232243769512736,0.3951308064672114,0.27054583320129844
212.29000000000002,0.0,44.0,0.0,0.0,nan,nan,nan,nan,nan,nan,nan,nan,nan,-0.001325222035811091,-0.049632272548354145,0.0,0.2232243769512736,0.3951308064672114,0.27054583320129844
212.49,0.0,45.0,0.0,0.0,nan,nan,nan,nan,nan,nan,nan,nan,nan,-0.001325222035811091,-0.049632272548354145,0.0,0.2232243769512736,0.3951308064672114,0.27054583320129844
212.69,0.0,36.0,0.0,0.0,nan,nan,nan,nan,nan,nan,nan,nan,nan,-0.001325222035811091,-0.049632272548354145,0.0,0.2232243769512736,0.3951308064672114,0.27054583320129844
212.89000000000001,0.0,41.0,0.0,0.0,nan,nan,nan,nan,nan,nan,nan,nan,nan,-0.001325222035811091,-0.049632272548354145,0.0,0.2232243769512736,0.3951308064672114,0.27054583320129844
213.09,0.0,29.0,0.0,0.0,nan,nan,nan,nan,nan,nan,nan,nan,nan,-0.001325222035811091,-0.049632272548354145,0.0,0.2232243769512736,0.3951308064672114,0.27054583320129844
213.43,0.0,27.0,0.0,0.0,nan,nan,nan,nan,nan,nan,nan,nan,nan,-0.001325222035811091,-0.049632272548354145,0.0,0.2232243769512736,0.3951308064672114,0.27054583320129844
213.63,0.0,35.0,0.0,0.0,nan,nan,nan,nan,nan,nan,nan,nan,nan,-0.001325222035811091,-0.049632272548354145,0.0,0.2232243769512736,0.3951308064672114,0.27054583320129844
213.69,0.0,43.0,0.0,0.0,nan,nan,nan,nan,nan,nan,nan,nan,nan,-0.001325222035811091,-0.049632272548354145,0.0,0.2232243769512736,0.3951308064672114,0.27054583320129844
213.89000000000001,0.0,67.0,0.0,0.0,nan,nan,nan,nan,nan,nan,nan,nan,nan,-0.001325222035811091,-0.049632272548354145,0.0,0.2232243769512736,0.3951308064672114,0.27054583320129844
214.09,0.0,44.0,0.0,0.0,nan,nan,nan,nan,nan,nan,nan,nan,nan,-0.001325222035811091,-0.049632272548354145,0.0,0.2232243769512736,0.3951308064672114,0.27054583320129844
214.29000000000002,0.0,49.0,0.0,0.0,nan,nan,nan,nan,nan,nan,nan,nan,nan,-0.001325222035811091,-0.049632272548354145,0.0,0.2232243769512736,0.3951308064672114,0.27054583320129844
214.55,0.0,52.0,2.0,0.038461538461538464,0.08294561728004081,0.08726309498325038,21.811032791347497,nan,nan,nan,nan,nan,nan,-0.001325222035811091,-0.049632272548354145,0.0,0.2232243769512736,0.3951308064672114,0.27054583320129844
214.65,0.0,48.0,0.0,0.0,nan,nan,nan,nan,nan,nan,nan,nan,nan,-0.001325222035811091,-0.049632272548354145,0.0,0.2232243769512736,0.3951308064672114,0.27054583320129844
214.85,0.0,37.0,0.0,0.0,nan,nan,nan,nan,nan,nan,nan,nan,nan,-0.001325222035811091,-0.049632272548354145,0.0,0.2232243769512736,0.3951308064672114,0.27054583320129844
215.05,0.0,25.0,0.0,0.0,nan,nan,nan,nan,nan,nan,nan,nan,nan,-0.001325222035811091,-0.049632272548354145,0.0,0.2232243769512736,0.3951308064672114,0.27054583320129844
215.23000000000002,0.0,26.0,0.0,0.0,nan,nan,nan,nan,nan,nan,nan,nan,nan,-0.001325222035811091,-0.049632272548354145,0.0,0.2232243769512736,0.3951308064672114,0.27054583320129844
215.45000000000002,0.0,21.0,0.0,0.0,nan,nan,nan,nan,nan,nan,nan,nan,nan,-0.001325222035811091,-0.049632272548354145,0.0,0.2232243769512736,0.3951308064672114,0.27054583320129844
215.73000000000002,0.0,21.0,0.0,0.0,nan,nan,nan,nan,nan,nan,nan,nan,nan,-0.001325222035811091,-0.049632272548354145,0.0,0.2232243769512736,0.3951308064672114,0.27054583320129844
215.99,0.0,38.0,0.0,0.0,nan,nan,nan,nan,nan,nan,nan,nan,nan,-0.001325222035811091,-0.049632272548354145,0.0,0.2232243769512736,0.3951308064672114,0.27054583320129844
216.13,0.0,42.0,0.0,0.0,nan,nan,nan,nan,nan,nan,nan,nan,nan,-0.001325222035811091,-0.049632272548354145,0.0,0.2232243769512736,0.3951308064672114,0.27054583320129844
216.33,1.0,44.0,16.0,0.36363636363636365,0.029220021435306165,0.06132136272956906,8.359117305359806,-0.08773924747889836,0.08023090209335496,0.030344019303886357,0.4130474372342807,6.387579255287666,2.0513391478117313,0.07780226255595868,0.04055839603999445,0.0,0.9982094020185627,0.9958634453295588,0.7803295331938689
216.53,0.0,43.0,15.0,0.3488372093023256,0.3037731999013247,0.3456248898560663,11.99491371949162,nan,nan,nan,nan,nan,nan,0.07780226255595868,0.04055839603999445,0.0,0.9982094020185627,0.9958634453295588,0.7803295331938689
216.73000000000002,0.0,38.0,15.0,0.39473684210526316,0.26332692514105926,0.34843985658916593,19.400005183130514,nan,nan,nan,nan,nan,nan,0.07780226255595868,0.04055839603999445,0.0,0.9982094020185627,0.9958634453295588,0.7803295331938689
216.93,0.0,35.0,26.0,0.7428571428571429,0.25785685961862437,0.34990038080928954,14.295347254820262,nan,nan,nan,nan,nan,nan,0.07780226255595868,0.04055839603999445,0.0,0.9982094020185627,0.9958634453295588,0.7803295331938689
217.05,1.0,44.0,13.0,0.29545454545454547,0.08484594421111281,0.13637735961624037,12.052722251230001,0.6633712554463549,-0.12,0.09126112555024647,-0.31273506385162575,6.144806453792839,2.4226855962500897,-0.4368714972635231,-0.49920408394883964,0.0,0.546455033779533,0.5062292091327542,0.4606418512328784
217.25,0.0,30.0,6.0,0.2,0.041068194601143616,0.07681917071750614,18.068596622710746,nan,nan,nan,nan,nan,nan,-0.4368714972635231,-0.49920408394883964,0.0,0.546455033779533,0.5062292091327542,0.4606418512328784
217.53,1.0,46.0,11.0,0.2391304347826087,0.04633615890391019,0.1037657424111563,13.050680104129802,-0.2629074914838135,0.12,0.04980994589413221,-0.23646166652629513,6.669005930415515,2.5295027565930326,0.15106117290674803,0.2151763721191271,0.0,0.7216051848513233,0.7613726377209359,0.3410237036252528
217.75,1.0,41.0,9.0,0.21951219512195122,0.16967112006568438,0.19817065316800403,16.527047474107924,0.27567773070946733,-0.042568694640189794,0.16587560381346556,-0.50793810517192,6.4689432614270626,2.5276869773505015,-0.15880811617096308,-0.22534017273302887,0.0,0.09344574912641877,0.11813656572984184,0.2484690936547823
217.89000000000001,1.0,52.0,12.0,0.23076923076923078,0.03711992103522648,0.06390217930163748,9.300672676237577,0.24962947830526067,-0.12,0.03860667664253099,-0.5760226425043173,6.4947072447130765,2.533327607179474,-0.1426494042377191,-0.20485610537540833,0.0,0.6163504804947714,0.687741701480842,0.2713845715110613
218.13,0.0,44.0,4.0,0.09090909090909091,0.046413150487161436,0.06842422698466949,23.08738026456694,nan,nan,nan,nan,nan,nan,-0.1426494042377191,-0.20485610537540833,0.0,0.6163504804947714,0.687741701480842,0.2713845715110613
218.23000000000002,0.0,43.0,6.0,0.13953488372093023,0.07362116005584245,0.09309198750632186,16.32716168323567,nan,nan,nan,nan,nan,nan,-0.1426494042377191,-0.20485610537540833,0.0,0.6163504804947714,0.687741701480842,0.2713845715110613
218.49,0.0,44.0,2.0,0.045454545454545456,0.09245115675263296,0.09827731519212603,22.89752586462974,nan,nan,nan,nan,nan,nan,-0.1426494042377191,-0.20485610537540833,0.0,0.6163504804947714,0.687741701480842,0.2713845715110613
218.69,0.0,39.0,0.0,0.0,nan,nan,nan,nan,nan,nan,nan,nan,nan,-0.1426494042377191,-0.20485610537540833,0.0,0.6163504804947714,0.687741701480842,0.2713845715110613
218.83,0.0,49.0,0.0,0.0,nan,nan,nan,nan,nan,nan,nan,nan,nan,-0.1426494042377191,-0.20485610537540833,0.0,0.6163504804947714,0.687741701480842,0.2713845715110613
219.03,0.0,44.0,0.0,0.0,nan,nan,nan,nan,nan,nan,nan,nan,nan,-0.1426494042377191,-0.20485610537540833,0.0,0.6163504804947714,0.687741701480842,0.2713845715110613
219.23000000000002,0.0,41.0,0.0,0.0,nan,nan,nan,nan,nan,nan,nan,nan,nan,-0.1426494042377191,-0.20485610537540833,0.0,0.6163504804947714,0.687741701480842,0.2713845715110613
219.49,0.0,38.0,0.0,0.0,nan,nan,nan,nan,nan,nan,nan,nan,nan,-0.1426494042377191,-0.20485610537540833,0.0,0.6163504804947714,0.687741701480842,0.2713845715110613
219.63,0.0,33.0,0.0,0.0,nan,nan,nan,nan,nan,nan,nan,nan,nan,-0.1426494042377191,-0.20485610537540833,0.0,0.6163504804947714,0.687741701480842,0.2713845715110613
219.83,0.0,26.0,0.0,0.0,nan,nan,nan,nan,nan,nan,nan,nan,nan,-0.1426494042377191,-0.20485610537540833,0.0,0.6163504804947714,0.687741701480842,0.2713845715110613
220.03,0.0,27.0,0.0,0.0,nan,nan,nan,nan,nan,nan,nan,nan,nan,-0.1426494042377191,-0.20485610537540833,0.0,0.6163504804947714,0.687741701480842,0.2713845715110613
220.23000000000002,0.0,32.0,0.0,0.0,nan,nan,nan,nan,nan,nan,nan,nan,nan,-0.1426494042377191,-0.20485610537540833,0.0,0.6163504804947714,0.687741701480842,0.2713845715110613
220.43,0.0,32.0,0.0,0.0,nan,nan,nan,nan,nan,nan,nan,nan,nan,-0.1426494042377191,-0.20485610537540833,0.0,0.6163504804947714,0.687741701480842,0.2713845715110613
220.69,0.0,35.0,0.0,0.0,nan,nan,nan,nan,nan,nan,nan,nan,nan,-0.1426494042377191,-0.20485610537540833,0.0,0.6163504804947714,0.687741701480842,0.2713845715110613
220.83,0.0,31.0,0.0,0.0,nan,nan,nan,nan,nan,nan,nan,nan,nan,-0.1426494042377191,-0.20485610537540833,0.0,0.6163504804947714,0.687741701480842,0.2713845715110613
221.03,0.0,35.0,0.0,0.0,nan,nan,nan,nan,nan,nan,nan,nan,nan,-0.1426494042377191,-0.20485610537540833,0.0,0.6163504804947714,0.687741701480842,0.2713845715110613
221.23000000000002,0.0,34.0,0.0,0.0,nan,nan,nan,nan,nan,nan,nan,nan,nan,-0.1426494042377191,-0.20485610537540833,0.0,0.6163504804947714,0.687741701480842,0.2713845715110613
221.43,0.0,33.0,0.0,0.0,nan,nan,nan,nan,nan,nan,nan,nan,nan,-0.1426494042377191,-0.20485610537540833,0.0,0.6163504804947714,0.687741701480842,0.2713845715110613
221.59,0.0,31.0,0.0,0.0,nan,nan,nan,nan,nan,nan,nan,nan,nan,-0.1426494042377191,-0.20485610537540833,0.0,0.6163504804947714,0.687741701480842,0.2713845715110613
221.79000000000002,0.0,32.0,0.0,0.0,nan,nan,nan,nan,nan,nan,nan,nan,nan,-0.1426494042377191,-0.20485610537540833,0.0,0.6163504804947714,0.687741701480842,0.2713845715110613
221.99,0.0,25.0,0.0,0.0,nan,nan,nan,nan,nan,nan,nan,nan,nan,-0.1426494042377191,-0.20485610537540833,0.0,0.6163504804947714,0.687741701480842,0.2713845715110613
222.19,0.0,28.0,0.0,0.0,nan,nan,nan,nan,nan,nan,nan,nan,nan,-0.1426494042377191,-0.20485610537540833,0.0,0.6163504804947714,0.687741701480842,0.2713845715110613
222.39000000000001,0.0,31.0,0.0,0.0,nan,nan,nan,nan,nan,nan,nan,nan,nan,-0.1426494042377191,-0.20485610537540833,0.0,0.6163504804947714,0.687741701480842,0.2713845715110613
222.59,0.0,31.0,0.0,0.0,nan,nan,nan,nan,nan,nan,nan,nan,nan,-0.1426494042377191,-0.20485610537540833,0.0,0.6163504804947714,0.687741701480842,0.2713845715110613
222.79000000000002,0.0,39.0,0.0,0.0,nan,nan,nan,nan,nan,nan,nan,nan,nan,-0.1426494042377191,-0.20485610537540833,0.0,0.6163504804947714,0.687741701480842,0.2713845715110613
222.99,0.0,42.0,0.0,0.0,nan,nan,nan,nan,nan,nan,nan,nan,nan,-0.1426494042377191,-0.20485610537540833,0.0,0.6163504804947714,0.687741701480842,0.2713845715110613
223.19,0.0,46.0,0.0,0.0,nan,nan,nan,nan,nan,nan,nan,nan,nan,-0.1426494042377191,-0.20485610537540833,0.0,0.6163504804947714,0.687741701480842,0.2713845715110613
223.39,0.0,46.0,0.0,0.0,nan,nan,nan,nan,nan,nan,nan,nan,nan,-0.1426494042377191,-0.20485610537540833,0.0,0.6163504804947714,0.687741701480842,0.2713845715110613
223.55,0.0,42.0,0.0,0.0,nan,nan,nan,nan,nan,nan,nan,nan,nan,-0.1426494042377191,-0.20485610537540833,0.0,0.6163504804947714,0.687741701480842,0.2713845715110613
223.85000000000002,0.0,38.0,0.0,0.0,nan,nan,nan,nan,nan,nan,nan,nan,nan,-0.1426494042377191,-0.20485610537540833,0.0,0.6163504804947714,0.687741701480842,0.2713845715110613
223.95,0.0,35.0,0.0,0.0,nan,nan,nan,nan,nan,nan,nan,nan,nan,-0.1426494042377191,-0.20485610537540833,0.0,0.6163504804947714,0.687741701480842,0.2713845715110613
224.23000000000002,0.0,46.0,0.0,0.0,nan,nan,nan,nan,nan,nan,nan,nan,nan,-0.1426494042377191,-0.20485610537540833,0.0,0.6163504804947714,0.687741701480842,0.2713845715110613
224.35000000000002,0.0,31.0,0.0,0.0,nan,nan,nan,nan,nan,nan,nan,nan,nan,-0.1426494042377191,-0.20485610537540833,0.0,0.6163504804947714,0.687741701480842,0.2713845715110613
224.63,0.0,31.0,0.0,0.0,nan,nan,nan,nan,nan,nan,nan,nan,nan,-0.1426494042377191,-0.20485610537540833,0.0,0.6163504804947714,0.687741701480842,0.2713845715110613
224.82999999999998,0.0,17.0,0.0,0.0,nan,nan,nan,nan,nan,nan,nan,nan,nan,-0.1426494042377191,-0.20485610537540833,0.0,0.6163504804947714,0.687741701480842,0.2713845715110613
225.03000000000003,0.0,22.0,0.0,0.0,nan,nan,nan,nan,nan,nan,nan,nan,nan,-0.1426494042377191,-0.20485610537540833,0.0,0.6163504804947714,0.687741701480842,0.2713845715110613
225.35000000000002,0.0,13.0,0.0,0.0,nan,nan,nan,nan,nan,nan,nan,nan,nan,-0.1426494042377191,-0.20485610537540833,0.0,0.6163504804947714,0.687741701480842,0.2713845715110613
225.53000000000003,0.0,35.0,0.0,0.0,nan,nan,nan,nan,nan,nan,nan,nan,nan,-0.1426494042377191,-0.20485610537540833,0.0,0.6163504804947714,0.687741701480842,0.2713845715110613
225.75,0.0,46.0,0.0,0.0,nan,nan,nan,nan,nan,nan,nan,nan,nan,-0.1426494042377191,-0.20485610537540833,0.0,0.6163504804947714,0.687741701480842,0.2713845715110613
226.03000000000003,0.0,53.0,0.0,0.0,nan,nan,nan,nan,nan,nan,nan,nan,nan,-0.1426494042377191,-0.20485610537540833,0.0,0.6163504804947714,0.687741701480842,0.2713845715110613
226.15000000000003,0.0,56.0,0.0,0.0,nan,nan,nan,nan,nan,nan,nan,nan,nan,-0.1426494042377191,-0.20485610537540833,0.0,0.6163504804947714,0.687741701480842,0.2713845715110613
226.32999999999998,0.0,49.0,0.0,0.0,nan,nan,nan,nan,nan,nan,nan,nan,nan,-0.1426494042377191,-0.20485610537540833,0.0,0.6163504804947714,0.687741701480842,0.2713845715110613
226.55,0.0,53.0,0.0,0.0,nan,nan,nan,nan,nan,nan,nan,nan,nan,-0.1426494042377191,-0.20485610537540833,0.0,0.6163504804947714,0.687741701480842,0.2713845715110613
226.75,0.0,49.0,0.0,0.0,nan,nan,nan,nan,nan,nan,nan,nan,nan,-0.1426494042377191,-0.20485610537540833,0.0,0.6163504804947714,0.687741701480842,0.2713845715110613
226.93,0.0,41.0,0.0,0.0,nan,nan,nan,nan,nan,nan,nan,nan,nan,-0.1426494042377191,-0.20485610537540833,0.0,0.6163504804947714,0.687741701480842,0.2713845715110613
227.15000000000003,0.0,40.0,0.0,0.0,nan,nan,nan,nan,nan,nan,nan,nan,nan,-0.1426494042377191,-0.20485610537540833,0.0,0.6163504804947714,0.687741701480842,0.2713845715110613
227.35000000000002,0.0,45.0,0.0,0.0,nan,nan,nan,nan,nan,nan,nan,nan,nan,-0.1426494042377191,-0.20485610537540833,0.0,0.6163504804947714,0.687741701480842,0.2713845715110613
227.53000000000003,0.0,38.0,0.0,0.0,nan,nan,nan,nan,nan,nan,nan,nan,nan,-0.1426494042377191,-0.20485610537540833,0.0,0.6163504804947714,0.687741701480842,0.2713845715110613
227.73000000000002,0.0,25.0,0.0,0.0,nan,nan,nan,nan,nan,nan,nan,nan,nan,-0.1426494042377191,-0.20485610537540833,0.0,0.6163504804947714,0.687741701480842,0.2713845715110613
227.93,0.0,30.0,0.0,0.0,nan,nan,nan,nan,nan,nan,nan,nan,nan,-0.1426494042377191,-0.20485610537540833,0.0,0.6163504804947714,0.687741701480842,0.2713845715110613
228.13,0.0,35.0,0.0,0.0,nan,nan,nan,nan,nan,nan,nan,nan,nan,-0.1426494042377191,-0.20485610537540833,0.0,0.6163504804947714,0.687741701480842,0.2713845715110613
228.32999999999998,0.0,35.0,0.0,0.0,nan,nan,nan,nan,nan,nan,nan,nan,nan,-0.1426494042377191,-0.20485610537540833,0.0,0.6163504804947714,0.687741701480842,0.2713845715110613
228.53000000000003,0.0,44.0,0.0,0.0,nan,nan,nan,nan,nan,nan,nan,nan,nan,-0.1426494042377191,-0.20485610537540833,0.0,0.6163504804947714,0.687741701480842,0.2713845715110613
228.79000000000002,0.0,44.0,0.0,0.0,nan,nan,nan,nan,nan,nan,nan,nan,nan,-0.1426494042377191,-0.20485610537540833,0.0,0.6163504804947714,0.687741701480842,0.2713845715110613
228.99,0.0,45.0,0.0,0.0,nan,nan,nan,nan,nan,nan,nan,nan,nan,-0.1426494042377191,-0.20485610537540833,0.0,0.6163504804947714,0.687741701480842,0.2713845715110613
229.13,0.0,43.0,0.0,0.0,nan,nan,nan,nan,nan,nan,nan,nan,nan,-0.1426494042377191,-0.20485610537540833,0.0,0.6163504804947714,0.687741701480842,0.2713845715110613
229.32999999999998,0.0,38.0,0.0,0.0,nan,nan,nan,nan,nan,nan,nan,nan,nan,-0.1426494042377191,-0.20485610537540833,0.0,0.6163504804947714,0.687741701480842,0.2713845715110613
229.55,0.0,37.0,0.0,0.0,nan,nan,nan,nan,nan,nan,nan,nan,nan,-0.1426494042377191,-0.20485610537540833,0.0,0.6163504804947714,0.687741701480842,0.2713845715110613
229.73000000000002,0.0,53.0,5.0,0.09433962264150944,0.11906813080162862,0.15967422911676044,12.228401353334577,nan,nan,nan,nan,nan,nan,-0.1426494042377191,-0.20485610537540833,0.0,0.6163504804947714,0.687741701480842,0.2713845715110613
229.93,0.0,50.0,7.0,0.14,0.035705274046652566,0.06154701810609398,13.502834500630996,nan,nan,nan,nan,nan,nan,-0.1426494042377191,-0.20485610537540833,0.0,0.6163504804947714,0.687741701480842,0.2713845715110613
230.13,1.0,55.0,12.0,0.21818181818181817,0.02410771793291158,0.05668454283562767,7.1300646250287105,0.5280308344362368,-0.12,0.02878697195242078,-3.4590454611206582,4.667975857550725,-0.5090763849416235,0.2573468940576582,0.46107389671754895,0.0,0.9818350152985891,0.9891731875147028,0.6977768807277696
230.32999999999998,0.0,38.0,0.0,0.0,nan,nan,nan,nan,nan,nan,nan,nan,nan,0.2573468940576582,0.46107389671754895,0.0,0.9818350152985891,0.9891731875147028,0.6977768807277696
230.53000000000003,1.0,55.0,26.0,0.4727272727272727,0.03341067766922328,0.08574553865456927,5.08340976952104,-0.13073381576026635,-0.12,0.03420947770774098,-3.3153903570386705,4.482878236778108,-0.3157795460747899,-0.040600375694989754,-0.12426962652500784,0.0,0.7939736831819612,0.8727099610576299,0.6361370204987923
230.73000000000002,1.0,57.0,26.0,0.45614035087719296,0.0636866575250599,0.15583925397469742,13.453257948287533,0.30992402633002875,-0.12,0.0707619495646148,-3.1505139182111197,4.788726082575358,-0.2025819066613095,0.062356437093998185,0.3035861934435733,-2.7755575615628914e-17,0.43409224844217104,0.6435649346190154,0.4348668562185315
230.93,1.0,54.0,15.0,0.2777777777777778,0.11660575030887377,0.2614093090421362,14.628396022146068,0.19567293535517366,-0.12,0.1335558056778159,-3.0511838542059775,4.877387170370274,-0.09161496661816113,0.01790150277704461,0.19485233852544237,0.0,0.1124873461084412,0.25503404365605004,0.24777802218601566
231.09000000000003,1.0,51.0,19.0,0.37254901960784315,0.0420252867894569,0.1162856241943306,12.273818210157778,-0.10465755973341676,-0.12,0.04677489521178632,-2.984525623920907,4.6343859074236855,-0.02714852946540744,-0.002840949830656303,-0.1046189935595514,0.0,0.5825633388848577,0.7993770285344439,0.28163015587853496
231.29000000000002,0.0,34.0,7.0,0.20588235294117646,0.11374179198781183,0.1544481694844131,14.200222119860255,nan,nan,nan,nan,nan,nan,-0.002840949830656303,-0.1046189935595514,0.0,0.5825633388848577,0.7993770285344439,0.28163015587853496
231.63,0.0,22.0,2.0,0.09090909090909091,0.15460830653864183,0.16362369960140732,14.636693023200802,nan,nan,nan,nan,nan,nan,-0.002840949830656303,-0.1046189935595514,0.0,0.5825633388848577,0.7993770285344439,0.28163015587853496
231.69,0.0,21.0,3.0,0.14285714285714285,0.07571147313086275,0.09877108790990667,19.80455382707354,nan,nan,nan,nan,nan,nan,-0.002840949830656303,-0.1046189935595514,0.0,0.5825633388848577,0.7993770285344439,0.28163015587853496
232.23000000000002,0.0,22.0,0.0,0.0,nan,nan,nan,nan,nan,nan,nan,nan,nan,-0.002840949830656303,-0.1046189935595514,0.0,0.5825633388848577,0.7993770285344439,0.28163015587853496
232.35000000000002,0.0,41.0,2.0,0.04878048780487805,0.32701843107917766,0.3395633409369048,21.330274180698023,nan,nan,nan,nan,nan,nan,-0.002840949830656303,-0.1046189935595514,0.0,0.5825633388848577,0.7993770285344439,0.28163015587853496
232.49,0.0,40.0,4.0,0.1,0.07649699346243641,0.08168024039071477,18.60173355003255,nan,nan,nan,nan,nan,nan,-0.002840949830656303,-0.1046189935595514,0.0,0.5825633388848577,0.7993770285344439,0.28163015587853496
232.82999999999998,0.0,36.0,16.0,0.4444444444444444,0.2598983314969246,0.3370315724874381,18.520486061807944,nan,nan,nan,nan,nan,nan,-0.002840949830656303,-0.1046189935595514,0.0,0.5825633388848577,0.7993770285344439,0.28163015587853496
232.89,0.0,35.0,0.0,0.0,nan,nan,nan,nan,nan,nan,nan,nan,nan,-0.002840949830656303,-0.1046189935595514,0.0,0.5825633388848577,0.7993770285344439,0.28163015587853496
233.09000000000003,0.0,32.0,0.0,0.0,nan,nan,nan,nan,nan,nan,nan,nan,nan,-0.002840949830656303,-0.1046189935595514,0.0,0.5825633388848577,0.7993770285344439,0.28163015587853496
233.29000000000002,0.0,30.0,0.0,0.0,nan,nan,nan,nan,nan,nan,nan,nan,nan,-0.002840949830656303,-0.1046189935595514,0.0,0.5825633388848577,0.7993770285344439,0.28163015587853496
233.49,0.0,36.0,0.0,0.0,nan,nan,nan,nan,nan,nan,nan,nan,nan,-0.002840949830656303,-0.1046189935595514,0.0,0.5825633388848577,0.7993770285344439,0.28163015587853496
233.69,0.0,35.0,0.0,0.0,nan,nan,nan,nan,nan,nan,nan,nan,nan,-0.002840949830656303,-0.1046189935595514,0.0,0.5825633388848577,0.7993770285344439,0.28163015587853496
233.89,0.0,36.0,0.0,0.0,nan,nan,nan,nan,nan,nan,nan,nan,nan,-0.002840949830656303,-0.1046189935595514,0.0,0.5825633388848577,0.7993770285344439,0.28163015587853496
234.09000000000003,0.0,31.0,0.0,0.0,nan,nan,nan,nan,nan,nan,nan,nan,nan,-0.002840949830656303,-0.1046189935595514,0.0,0.5825633388848577,0.7993770285344439,0.28163015587853496
234.35000000000002,0.0,29.0,0.0,0.0,nan,nan,nan,nan,nan,nan,nan,nan,nan,-0.002840949830656303,-0.1046189935595514,0.0,0.5825633388848577,0.7993770285344439,0.28163015587853496
234.53000000000003,0.0,33.0,0.0,0.0,nan,nan,nan,nan,nan,nan,nan,nan,nan,-0.002840949830656303,-0.1046189935595514,0.0,0.5825633388848577,0.7993770285344439,0.28163015587853496
234.65000000000003,0.0,31.0,0.0,0.0,nan,nan,nan,nan,nan,nan,nan,nan,nan,-0.002840949830656303,-0.1046189935595514,0.0,0.5825633388848577,0.7993770285344439,0.28163015587853496
234.82999999999998,0.0,32.0,0.0,0.0,nan,nan,nan,nan,nan,nan,nan,nan,nan,-0.002840949830656303,-0.1046189935595514,0.0,0.5825633388848577,0.7993770285344439,0.28163015587853496
235.15000000000003,0.0,60.0,1.0,0.016666666666666666,0.2943948161598091,0.2943948161598091,6.357251356240833,nan,nan,nan,nan,nan,nan,-0.002840949830656303,-0.1046189935595514,0.0,0.5825633388848577,0.7993770285344439,0.28163015587853496
235.25,0.0,52.0,0.0,0.0,nan,nan,nan,nan,nan,nan,nan,nan,nan,-0.002840949830656303,-0.1046189935595514,0.0,0.5825633388848577,0.7993770285344439,0.28163015587853496
235.43,0.0,66.0,5.0,0.07575757575757576,0.018911356159523683,0.027448669267414082,15.318916623820073,nan,nan,nan,nan,nan,nan,-0.002840949830656303,-0.1046189935595514,0.0,0.5825633388848577,0.7993770285344439,0.28163015587853496
235.79000000000002,0.0,69.0,6.0,0.08695652173913043,0.038845630015046165,0.07005946278793786,15.273010047817746,nan,nan,nan,nan,nan,nan,-0.002840949830656303,-0.1046189935595514,0.0,0.5825633388848577,0.7993770285344439,0.28163015587853496
235.85000000000002,0.0,67.0,2.0,0.029850746268656716,0.06819206979465421,0.09135952005486246,21.318802452830656,nan,nan,nan,nan,nan,nan,-0.002840949830656303,-0.1046189935595514,0.0,0.5825633388848577,0.7993770285344439,0.28163015587853496
236.05,0.0,43.0,4.0,0.09302325581395349,0.029811763703835214,0.05568027784197043,10.991952081423664,nan,nan,nan,nan,nan,nan,-0.002840949830656303,-0.1046189935595514,0.0,0.5825633388848577,0.7993770285344439,0.28163015587853496
236.32999999999998,0.0,40.0,4.0,0.1,0.036168294833063566,0.06467786906829967,12.280343508387444,nan,nan,nan,nan,nan,nan,-0.002840949830656303,-0.1046189935595514,0.0,0.5825633388848577,0.7993770285344439,0.28163015587853496
236.43,0.0,39.0,4.0,0.10256410256410256,0.025575603832728187,0.04510773589851649,9.529181136911141,nan,nan,nan,nan,nan,nan,-0.002840949830656303,-0.1046189935595514,0.0,0.5825633388848577,0.7993770285344439,0.28163015587853496
236.65000000000003,0.0,39.0,4.0,0.10256410256410256,0.2002711190327419,0.21058367819509435,7.110214409592235,nan,nan,nan,nan,nan,nan,-0.002840949830656303,-0.1046189935595514,0.0,0.5825633388848577,0.7993770285344439,0.28163015587853496
236.82999999999998,0.0,28.0,5.0,0.17857142857142858,0.03244272842974562,0.05725572373095756,14.272830980896284,nan,nan,nan,nan,nan,nan,-0.002840949830656303,-0.1046189935595514,0.0,0.5825633388848577,0.7993770285344439,0.28163015587853496
237.05,0.0,33.0,0.0,0.0,nan,nan,nan,nan,nan,nan,nan,nan,nan,-0.002840949830656303,-0.1046189935595514,0.0,0.5825633388848577,0.7993770285344439,0.28163015587853496
238.07,0.0,31.0,0.0,0.0,nan,nan,nan,nan,nan,nan,nan,nan,nan,-0.002840949830656303,-0.1046189935595514,0.0,0.5825633388848577,0.7993770285344439,0.28163015587853496
238.23000000000002,0.0,41.0,0.0,0.0,nan,nan,nan,nan,nan,nan,nan,nan,nan,-0.002840949830656303,-0.1046189935595514,0.0,0.5825633388848577,0.7993770285344439,0.28163015587853496
238.43,0.0,50.0,6.0,0.12,0.08528879511589828,0.13952532090044992,22.999692492730166,nan,nan,nan,nan,nan,nan,-0.002840949830656303,-0.1046189935595514,0.0,0.5825633388848577,0.7993770285344439,0.28163015587853496
238.63,0.0,59.0,0.0,0.0,nan,nan,nan,nan,nan,nan,nan,nan,nan,-0.002840949830656303,-0.1046189935595514,0.0,0.5825633388848577,0.7993770285344439,0.28163015587853496
238.82999999999998,0.0,36.0,0.0,0.0,nan,nan,nan,nan,nan,nan,nan,nan,nan,-0.002840949830656303,-0.1046189935595514,0.0,0.5825633388848577,0.7993770285344439,0.28163015587853496
239.03000000000003,0.0,35.0,0.0,0.0,nan,nan,nan,nan,nan,nan,nan,nan,nan,-0.002840949830656303,-0.1046189935595514,0.0,0.5825633388848577,0.7993770285344439,0.28163015587853496
239.35000000000002,0.0,31.0,0.0,0.0,nan,nan,nan,nan,nan,nan,nan,nan,nan,-0.002840949830656303,-0.1046189935595514,0.0,0.5825633388848577,0.7993770285344439,0.28163015587853496
239.49,0.0,31.0,0.0,0.0,nan,nan,nan,nan,nan,nan,nan,nan,nan,-0.002840949830656303,-0.1046189935595514,0.0,0.5825633388848577,0.7993770285344439,0.28163015587853496
239.63,0.0,34.0,0.0,0.0,nan,nan,nan,nan,nan,nan,nan,nan,nan,-0.002840949830656303,-0.1046189935595514,0.0,0.5825633388848577,0.7993770285344439,0.28163015587853496
239.82999999999998,0.0,26.0,0.0,0.0,nan,nan,nan,nan,nan,nan,nan,nan,nan,-0.002840949830656303,-0.1046189935595514,0.0,0.5825633388848577,0.7993770285344439,0.28163015587853496
240.09000000000003,0.0,40.0,0.0,0.0,nan,nan,nan,nan,nan,nan,nan,nan,nan,-0.002840949830656303,-0.1046189935595514,0.0,0.5825633388848577,0.7993770285344439,0.28163015587853496
240.23000000000002,0.0,26.0,0.0,0.0,nan,nan,nan,nan,nan,nan,nan,nan,nan,-0.002840949830656303,-0.1046189935595514,0.0,0.5825633388848577,0.7993770285344439,0.28163015587853496
240.45,0.0,55.0,0.0,0.0,nan,nan,nan,nan,nan,nan,nan,nan,nan,-0.002840949830656303,-0.1046189935595514,0.0,0.5825633388848577,0.7993770285344439,0.28163015587853496
240.63,0.0,49.0,0.0,0.0,nan,nan,nan,nan,nan,nan,nan,nan,nan,-0.002840949830656303,-0.1046189935595514,0.0,0.5825633388848577,0.7993770285344439,0.28163015587853496
240.79000000000002,0.0,40.0,0.0,0.0,nan,nan,nan,nan,nan,nan,nan,nan,nan,-0.002840949830656303,-0.1046189935595514,0.0,0.5825633388848577,0.7993770285344439,0.28163015587853496
240.99,0.0,38.0,0.0,0.0,nan,nan,nan,nan,nan,nan,nan,nan,nan,-0.002840949830656303,-0.1046189935595514,0.0,0.5825633388848577,0.7993770285344439,0.28163015587853496
241.19,0.0,22.0,0.0,0.0,nan,nan,nan,nan,nan,nan,nan,nan,nan,-0.002840949830656303,-0.1046189935595514,0.0,0.5825633388848577,0.7993770285344439,0.28163015587853496
241.45,0.0,19.0,0.0,0.0,nan,nan,nan,nan,nan,nan,nan,nan,nan,-0.002840949830656303,-0.1046189935595514,0.0,0.5825633388848577,0.7993770285344439,0.28163015587853496
241.65000000000003,0.0,21.0,0.0,0.0,nan,nan,nan,nan,nan,nan,nan,nan,nan,-0.002840949830656303,-0.1046189935595514,0.0,0.5825633388848577,0.7993770285344439,0.28163015587853496
242.19,0.0,12.0,0.0,0.0,nan,nan,nan,nan,nan,nan,nan,nan,nan,-0.002840949830656303,-0.1046189935595514,0.0,0.5825633388848577,0.7993770285344439,0.28163015587853496
242.39,0.0,30.0,0.0,0.0,nan,nan,nan,nan,nan,nan,nan,nan,nan,-0.002840949830656303,-0.1046189935595514,0.0,0.5825633388848577,0.7993770285344439,0.28163015587853496
242.59000000000003,0.0,23.0,0.0,0.0,nan,nan,nan,nan,nan,nan,nan,nan,nan,-0.002840949830656303,-0.1046189935595514,0.0,0.5825633388848577,0.7993770285344439,0.28163015587853496
242.79000000000002,0.0,38.0,0.0,0.0,nan,nan,nan,nan,nan,nan,nan,nan,nan,-0.002840949830656303,-0.1046189935595514,0.0,0.5825633388848577,0.7993770285344439,0.28163015587853496
242.99,0.0,32.0,0.0,0.0,nan,nan,nan,nan,nan,nan,nan,nan,nan,-0.002840949830656303,-0.1046189935595514,0.0,0.5825633388848577,0.7993770285344439,0.28163015587853496
243.32999999999998,0.0,36.0,0.0,0.0,nan,nan,nan,nan,nan,nan,nan,nan,nan,-0.002840949830656303,-0.1046189935595514,0.0,0.5825633388848577,0.7993770285344439,0.28163015587853496
243.39,0.0,24.0,0.0,0.0,nan,nan,nan,nan,nan,nan,nan,nan,nan,-0.002840949830656303,-0.1046189935595514,0.0,0.5825633388848577,0.7993770285344439,0.28163015587853496
243.55,0.0,19.0,0.0,0.0,nan,nan,nan,nan,nan,nan,nan,nan,nan,-0.002840949830656303,-0.1046189935595514,0.0,0.5825633388848577,0.7993770285344439,0.28163015587853496
243.75,0.0,19.0,0.0,0.0,nan,nan,nan,nan,nan,nan,nan,nan,nan,-0.002840949830656303,-0.1046189935595514,0.0,0.5825633388848577,0.7993770285344439,0.28163015587853496
244.39,0.0,17.0,0.0,0.0,nan,nan,nan,nan,nan,nan,nan,nan,nan,-0.002840949830656303,-0.1046189935595514,0.0,0.5825633388848577,0.7993770285344439,0.28163015587853496
244.73000000000002,0.0,45.0,4.0,0.08888888888888889,0.18099471573883968,0.3360691106077876,14.671377246669993,nan,nan,nan,nan,nan,nan,-0.002840949830656303,-0.1046189935595514,0.0,0.5825633388848577,0.7993770285344439,0.28163015587853496
244.75,0.0,79.0,3.0,0.0379746835443038,0.23976397496108218,0.27635950717723357,20.113383831693113,nan,nan,nan,nan,nan,nan,-0.002840949830656303,-0.1046189935595514,0.0,0.5825633388848577,0.7993770285344439,0.28163015587853496
244.95,0.0,58.0,3.0,0.05172413793103448,0.2083409237713554,0.24974727051068504,16.660851558329135,nan,nan,nan,nan,nan,nan,-0.002840949830656303,-0.1046189935595514,0.0,0.5825633388848577,0.7993770285344439,0.28163015587853496
245.15000000000003,0.0,89.0,5.0,0.056179775280898875,0.18289422117213192,0.24878137055142058,8.208388539122145,nan,nan,nan,nan,nan,nan,-0.002840949830656303,-0.1046189935595514,0.0,0.5825633388848577,0.7993770285344439,0.28163015587853496
245.35000000000002,1.0,72.0,11.0,0.1527777777777778,0.23100761179579632,0.344630399413653,10.478754055907213,-0.6898580737197937,0.12,0.10474896797470927,-3.2248872835465363,-0.33314205700513755,-0.22589550723263047,-0.1545138647979618,-0.6723314862934664,2.7755575615628914e-17,0.9546422092965584,0.9389900608874938,0.7028421346786623
245.55,0.0,50.0,3.0,0.06,0.04971072538093752,0.07770694894987717,16.65255249013833,nan,nan,nan,nan,nan,nan,-0.1545138647979618,-0.6723314862934664,2.7755575615628914e-17,0.9546422092965584,0.9389900608874938,0.7028421346786623
245.75,1.0,52.0,10.0,0.19230769230769232,0.21009611410244128,0.3230825068196233,9.278653444252093,0.06048447333459346,0.12,0.09095245860580914,-3.0167871463169127,-0.23258718536514214,-0.016800882339404362,0.0010161447138128388,0.060475937069910196,0.0,0.5669285986381289,0.6422642848019334,0.4247267342232678
245.95,0.0,27.0,5.0,0.18518518518518517,0.23514940064933612,0.3282277134009581,19.86587867833976,nan,nan,nan,nan,nan,nan,0.0010161447138128388,0.060475937069910196,0.0,0.5669285986381289,0.6422642848019334,0.4247267342232678
246.13,0.0,20.0,6.0,0.3,0.2626696729222642,0.34765319978342696,6.653739577331424,nan,nan,nan,nan,nan,nan,0.0010161447138128388,0.060475937069910196,0.0,0.5669285986381289,0.6422642848019334,0.4247267342232678
246.35000000000002,0.0,28.0,7.0,0.25,0.2633842567601646,0.3411725916929625,14.320931089252658,nan,nan,nan,nan,nan,nan,0.0010161447138128388,0.060475937069910196,0.0,0.5669285986381289,0.6422642848019334,0.4247267342232678
246.55,0.0,14.0,0.0,0.0,nan,nan,nan,nan,nan,nan,nan,nan,nan,0.0010161447138128388,0.060475937069910196,0.0,0.5669285986381289,0.6422642848019334,0.4247267342232678
247.15000000000003,0.0,19.0,0.0,0.0,nan,nan,nan,nan,nan,nan,nan,nan,nan,0.0010161447138128388,0.060475937069910196,0.0,0.5669285986381289,0.6422642848019334,0.4247267342232678
247.35000000000002,0.0,25.0,0.0,0.0,nan,nan,nan,nan,nan,nan,nan,nan,nan,0.0010161447138128388,0.060475937069910196,0.0,0.5669285986381289,0.6422642848019334,0.4247267342232678
247.65000000000003,0.0,34.0,0.0,0.0,nan,nan,nan,nan,nan,nan,nan,nan,nan,0.0010161447138128388,0.060475937069910196,0.0,0.5669285986381289,0.6422642848019334,0.4247267342232678
247.73000000000002,0.0,32.0,0.0,0.0,nan,nan,nan,nan,nan,nan,nan,nan,nan,0.0010161447138128388,0.060475937069910196,0.0,0.5669285986381289,0.6422642848019334,0.4247267342232678
247.93,0.0,21.0,0.0,0.0,nan,nan,nan,nan,nan,nan,nan,nan,nan,0.0010161447138128388,0.060475937069910196,0.0,0.5669285986381289,0.6422642848019334,0.4247267342232678
248.13,0.0,29.0,0.0,0.0,nan,nan,nan,nan,nan,nan,nan,nan,nan,0.0010161447138128388,0.060475937069910196,0.0,0.5669285986381289,0.6422642848019334,0.4247267342232678
248.39,0.0,20.0,0.0,0.0,nan,nan,nan,nan,nan,nan,nan,nan,nan,0.0010161447138128388,0.060475937069910196,0.0,0.5669285986381289,0.6422642848019334,0.4247267342232678
248.53000000000003,0.0,18.0,0.0,0.0,nan,nan,nan,nan,nan,nan,nan,nan,nan,0.0010161447138128388,0.060475937069910196,0.0,0.5669285986381289,0.6422642848019334,0.4247267342232678
248.79000000000002,0.0,20.0,0.0,0.0,nan,nan,nan,nan,nan,nan,nan,nan,nan,0.0010161447138128388,0.060475937069910196,0.0,0.5669285986381289,0.6422642848019334,0.4247267342232678
248.93,0.0,56.0,0.0,0.0,nan,nan,nan,nan,nan,nan,nan,nan,nan,0.0010161447138128388,0.060475937069910196,0.0,0.5669285986381289,0.6422642848019334,0.4247267342232678
249.13,0.0,64.0,0.0,0.0,nan,nan,nan,nan,nan,nan,nan,nan,nan,0.0010161447138128388,0.060475937069910196,0.0,0.5669285986381289,0.6422642848019334,0.4247267342232678
249.32999999999998,0.0,79.0,0.0,0.0,nan,nan,nan,nan,nan,nan,nan,nan,nan,0.0010161447138128388,0.060475937069910196,0.0,0.5669285986381289,0.6422642848019334,0.4247267342232678
249.53000000000003,0.0,78.0,0.0,0.0,nan,nan,nan,nan,nan,nan,nan,nan,nan,0.0010161447138128388,0.060475937069910196,0.0,0.5669285986381289,0.6422642848019334,0.4247267342232678
249.99,0.0,66.0,0.0,0.0,nan,nan,nan,nan,nan,nan,nan,nan,nan,0.0010161447138128388,0.060475937069910196,0.0,0.5669285986381289,0.6422642848019334,0.4247267342232678
250.13,0.0,54.0,0.0,0.0,nan,nan,nan,nan,nan,nan,nan,nan,nan,0.0010161447138128388,0.060475937069910196,0.0,0.5669285986381289,0.6422642848019334,0.4247267342232678
250.45,0.0,44.0,0.0,0.0,nan,nan,nan,nan,nan,nan,nan,nan,nan,0.0010161447138128388,0.060475937069910196,0.0,0.5669285986381289,0.6422642848019334,0.4247267342232678
250.59000000000003,0.0,21.0,0.0,0.0,nan,nan,nan,nan,nan,nan,nan,nan,nan,0.0010161447138128388,0.060475937069910196,0.0,0.5669285986381289,0.6422642848019334,0.4247267342232678
250.73000000000002,0.0,22.0,0.0,0.0,nan,nan,nan,nan,nan,nan,nan,nan,nan,0.0010161447138128388,0.060475937069910196,0.0,0.5669285986381289,0.6422642848019334,0.4247267342232678
250.93,0.0,13.0,0.0,0.0,nan,nan,nan,nan,nan,nan,nan,nan,nan,0.0010161447138128388,0.060475937069910196,0.0,0.5669285986381289,0.6422642848019334,0.4247267342232678
251.29000000000002,0.0,15.0,0.0,0.0,nan,nan,nan,nan,nan,nan,nan,nan,nan,0.0010161447138128388,0.060475937069910196,0.0,0.5669285986381289,0.6422642848019334,0.4247267342232678
251.49,0.0,21.0,0.0,0.0,nan,nan,nan,nan,nan,nan,nan,nan,nan,0.0010161447138128388,0.060475937069910196,0.0,0.5669285986381289,0.6422642848019334,0.4247267342232678
251.69,0.0,18.0,0.0,0.0,nan,nan,nan,nan,nan,nan,nan,nan,nan,0.0010161447138128388,0.060475937069910196,0.0,0.5669285986381289,0.6422642848019334,0.4247267342232678
251.89,0.0,14.0,0.0,0.0,nan,nan,nan,nan,nan,nan,nan,nan,nan,0.0010161447138128388,0.060475937069910196,0.0,0.5669285986381289,0.6422642848019334,0.4247267342232678
252.15000000000003,0.0,15.0,0.0,0.0,nan,nan,nan,nan,nan,nan,nan,nan,nan,0.0010161447138128388,0.060475937069910196,0.0,0.5669285986381289,0.6422642848019334,0.4247267342232678
252.49,0.0,14.0,0.0,0.0,nan,nan,nan,nan,nan,nan,nan,nan,nan,0.0010161447138128388,0.060475937069910196,0.0,0.5669285986381289,0.6422642848019334,0.4247267342232678
253.29000000000002,0.0,12.0,0.0,0.0,nan,nan,nan,nan,nan,nan,nan,nan,nan,0.0010161447138128388,0.060475937069910196,0.0,0.5669285986381289,0.6422642848019334,0.4247267342232678
253.49,0.0,32.0,0.0,0.0,nan,nan,nan,nan,nan,nan,nan,nan,nan,0.0010161447138128388,0.060475937069910196,0.0,0.5669285986381289,0.6422642848019334,0.4247267342232678
253.69,0.0,42.0,0.0,0.0,nan,nan,nan,nan,nan,nan,nan,nan,nan,0.0010161447138128388,0.060475937069910196,0.0,0.5669285986381289,0.6422642848019334,0.4247267342232678
253.89,0.0,34.0,0.0,0.0,nan,nan,nan,nan,nan,nan,nan,nan,nan,0.0010161447138128388,0.060475937069910196,0.0,0.5669285986381289,0.6422642848019334,0.4247267342232678
254.15000000000003,0.0,30.0,0.0,0.0,nan,nan,nan,nan,nan,nan,nan,nan,nan,0.0010161447138128388,0.060475937069910196,0.0,0.5669285986381289,0.6422642848019334,0.4247267342232678
254.25,0.0,34.0,0.0,0.0,nan,nan,nan,nan,nan,nan,nan,nan,nan,0.0010161447138128388,0.060475937069910196,0.0,0.5669285986381289,0.6422642848019334,0.4247267342232678
254.45,0.0,32.0,0.0,0.0,nan,nan,nan,nan,nan,nan,nan,nan,nan,0.0010161447138128388,0.060475937069910196,0.0,0.5669285986381289,0.6422642848019334,0.4247267342232678
254.63,0.0,23.0,0.0,0.0,nan,nan,nan,nan,nan,nan,nan,nan,nan,0.0010161447138128388,0.060475937069910196,0.0,0.5669285986381289,0.6422642848019334,0.4247267342232678
254.93,0.0,18.0,0.0,0.0,nan,nan,nan,nan,nan,nan,nan,nan,nan,0.0010161447138128388,0.060475937069910196,0.0,0.5669285986381289,0.6422642848019334,0.4247267342232678
255.05,0.0,37.0,0.0,0.0,nan,nan,nan,nan,nan,nan,nan,nan,nan,0.0010161447138128388,0.060475937069910196,0.0,0.5669285986381289,0.6422642848019334,0.4247267342232678
255.32999999999998,0.0,18.0,0.0,0.0,nan,nan,nan,nan,nan,nan,nan,nan,nan,0.0010161447138128388,0.060475937069910196,0.0,0.5669285986381289,0.6422642848019334,0.4247267342232678
255.53000000000003,0.0,17.0,0.0,0.0,nan,nan,nan,nan,nan,nan,nan,nan,nan,0.0010161447138128388,0.060475937069910196,0.0,0.5669285986381289,0.6422642848019334,0.4247267342232678
255.73000000000002,0.0,18.0,0.0,0.0,nan,nan,nan,nan,nan,nan,nan,nan,nan,0.0010161447138128388,0.060475937069910196,0.0,0.5669285986381289,0.6422642848019334,0.4247267342232678
255.93,0.0,30.0,0.0,0.0,nan,nan,nan,nan,nan,nan,nan,nan,nan,0.0010161447138128388,0.060475937069910196,0.0,0.5669285986381289,0.6422642848019334,0.4247267342232678
256.05,0.0,34.0,0.0,0.0,nan,nan,nan,nan,nan,nan,nan,nan,nan,0.0010161447138128388,0.060475937069910196,0.0,0.5669285986381289,0.6422642848019334,0.4247267342232678
256.33,0.0,37.0,0.0,0.0,nan,nan,nan,nan,nan,nan,nan,nan,nan,0.0010161447138128388,0.060475937069910196,0.0,0.5669285986381289,0.6422642848019334,0.4247267342232678
256.55,0.0,38.0,0.0,0.0,nan,nan,nan,nan,nan,nan,nan,nan,nan,0.0010161447138128388,0.060475937069910196,0.0,0.5669285986381289,0.6422642848019334,0.4247267342232678
256.65000000000003,0.0,43.0,0.0,0.0,nan,nan,nan,nan,nan,nan,nan,nan,nan,0.0010161447138128388,0.060475937069910196,0.0,0.5669285986381289,0.6422642848019334,0.4247267342232678
256.93,0.0,42.0,0.0,0.0,nan,nan,nan,nan,nan,nan,nan,nan,nan,0.0010161447138128388,0.060475937069910196,0.0,0.5669285986381289,0.6422642848019334,0.4247267342232678
257.05,0.0,45.0,0.0,0.0,nan,nan,nan,nan,nan,nan,nan,nan,nan,0.0010161447138128388,0.060475937069910196,0.0,0.5669285986381289,0.6422642848019334,0.4247267342232678
257.29,0.0,43.0,0.0,0.0,nan,nan,nan,nan,nan,nan,nan,nan,nan,0.0010161447138128388,0.060475937069910196,0.0,0.5669285986381289,0.6422642848019334,0.4247267342232678
257.43,0.0,45.0,0.0,0.0,nan,nan,nan,nan,nan,nan,nan,nan,nan,0.0010161447138128388,0.060475937069910196,0.0,0.5669285986381289,0.6422642848019334,0.4247267342232678
257.63,0.0,44.0,0.0,0.0,nan,nan,nan,nan,nan,nan,nan,nan,nan,0.0010161447138128388,0.060475937069910196,0.0,0.5669285986381289,0.6422642848019334,0.4247267342232678
257.83,0.0,41.0,0.0,0.0,nan,nan,nan,nan,nan,nan,nan,nan,nan,0.0010161447138128388,0.060475937069910196,0.0,0.5669285986381289,0.6422642848019334,0.4247267342232678
258.03000000000003,0.0,41.0,0.0,0.0,nan,nan,nan,nan,nan,nan,nan,nan,nan,0.0010161447138128388,0.060475937069910196,0.0,0.5669285986381289,0.6422642848019334,0.4247267342232678
258.25,0.0,52.0,0.0,0.0,nan,nan,nan,nan,nan,nan,nan,nan,nan,0.0010161447138128388,0.060475937069910196,0.0,0.5669285986381289,0.6422642848019334,0.4247267342232678
258.43,0.0,60.0,0.0,0.0,nan,nan,nan,nan,nan,nan,nan,nan,nan,0.0010161447138128388,0.060475937069910196,0.0,0.5669285986381289,0.6422642848019334,0.4247267342232678
258.63,0.0,70.0,0.0,0.0,nan,nan,nan,nan,nan,nan,nan,nan,nan,0.0010161447138128388,0.060475937069910196,0.0,0.5669285986381289,0.6422642848019334,0.4247267342232678
258.83,0.0,59.0,0.0,0.0,nan,nan,nan,nan,nan,nan,nan,nan,nan,0.0010161447138128388,0.060475937069910196,0.0,0.5669285986381289,0.6422642848019334,0.4247267342232678
259.03000000000003,0.0,62.0,0.0,0.0,nan,nan,nan,nan,nan,nan,nan,nan,nan,0.0010161447138128388,0.060475937069910196,0.0,0.5669285986381289,0.6422642848019334,0.4247267342232678
259.23,0.0,62.0,0.0,0.0,nan,nan,nan,nan,nan,nan,nan,nan,nan,0.0010161447138128388,0.060475937069910196,0.0,0.5669285986381289,0.6422642848019334,0.4247267342232678
259.43,0.0,49.0,0.0,0.0,nan,nan,nan,nan,nan,nan,nan,nan,nan,0.0010161447138128388,0.060475937069910196,0.0,0.5669285986381289,0.6422642848019334,0.4247267342232678
259.63,0.0,50.0,0.0,0.0,nan,nan,nan,nan,nan,nan,nan,nan,nan,0.0010161447138128388,0.060475937069910196,0.0,0.5669285986381289,0.6422642848019334,0.4247267342232678
259.95,0.0,49.0,0.0,0.0,nan,nan,nan,nan,nan,nan,nan,nan,nan,0.0010161447138128388,0.060475937069910196,0.0,0.5669285986381289,0.6422642848019334,0.4247267342232678
260.05,0.0,50.0,0.0,0.0,nan,nan,nan,nan,nan,nan,nan,nan,nan,0.0010161447138128388,0.060475937069910196,0.0,0.5669285986381289,0.6422642848019334,0.4247267342232678
260.23,0.0,53.0,0.0,0.0,nan,nan,nan,nan,nan,nan,nan,nan,nan,0.0010161447138128388,0.060475937069910196,0.0,0.5669285986381289,0.6422642848019334,0.4247267342232678
260.39,0.0,51.0,0.0,0.0,nan,nan,nan,nan,nan,nan,nan,nan,nan,0.0010161447138128388,0.060475937069910196,0.0,0.5669285986381289,0.6422642848019334,0.4247267342232678
260.59000000000003,0.0,52.0,0.0,0.0,nan,nan,nan,nan,nan,nan,nan,nan,nan,0.0010161447138128388,0.060475937069910196,0.0,0.5669285986381289,0.6422642848019334,0.4247267342232678
260.83,0.0,50.0,0.0,0.0,nan,nan,nan,nan,nan,nan,nan,nan,nan,0.0010161447138128388,0.060475937069910196,0.0,0.5669285986381289,0.6422642848019334,0.4247267342232678
260.99,0.0,49.0,0.0,0.0,nan,nan,nan,nan,nan,nan,nan,nan,nan,0.0010161447138128388,0.060475937069910196,0.0,0.5669285986381289,0.6422642848019334,0.4247267342232678
261.19,0.0,51.0,0.0,0.0,nan,nan,nan,nan,nan,nan,nan,nan,nan,0.0010161447138128388,0.060475937069910196,0.0,0.5669285986381289,0.6422642848019334,0.4247267342232678
261.39,0.0,49.0,0.0,0.0,nan,nan,nan,nan,nan,nan,nan,nan,nan,0.0010161447138128388,0.060475937069910196,0.0,0.5669285986381289,0.6422642848019334,0.4247267342232678
261.59000000000003,0.0,49.0,0.0,0.0,nan,nan,nan,nan,nan,nan,nan,nan,nan,0.0010161447138128388,0.060475937069910196,0.0,0.5669285986381289,0.6422642848019334,0.4247267342232678
261.79,0.0,51.0,0.0,0.0,nan,nan,nan,nan,nan,nan,nan,nan,nan,0.0010161447138128388,0.060475937069910196,0.0,0.5669285986381289,0.6422642848019334,0.4247267342232678
262.33,0.0,49.0,0.0,0.0,nan,nan,nan,nan,nan,nan,nan,nan,nan,0.0010161447138128388,0.060475937069910196,0.0,0.5669285986381289,0.6422642848019334,0.4247267342232678
262.45,0.0,52.0,0.0,0.0,nan,nan,nan,nan,nan,nan,nan,nan,nan,0.0010161447138128388,0.060475937069910196,0.0,0.5669285986381289,0.6422642848019334,0.4247267342232678
262.59000000000003,0.0,49.0,0.0,0.0,nan,nan,nan,nan,nan,nan,nan,nan,nan,0.0010161447138128388,0.060475937069910196,0.0,0.5669285986381289,0.6422642848019334,0.4247267342232678
262.93,0.0,51.0,0.0,0.0,nan,nan,nan,nan,nan,nan,nan,nan,nan,0.0010161447138128388,0.060475937069910196,0.0,0.5669285986381289,0.6422642848019334,0.4247267342232678
262.95,0.0,51.0,0.0,0.0,nan,nan,nan,nan,nan,nan,nan,nan,nan,0.0010161447138128388,0.060475937069910196,0.0,0.5669285986381289,0.6422642848019334,0.4247267342232678
263.15000000000003,0.0,51.0,0.0,0.0,nan,nan,nan,nan,nan,nan,nan,nan,nan,0.0010161447138128388,0.060475937069910196,0.0,0.5669285986381289,0.6422642848019334,0.4247267342232678
263.35,0.0,48.0,0.0,0.0,nan,nan,nan,nan,nan,nan,nan,nan,nan,0.0010161447138128388,0.060475937069910196,0.0,0.5669285986381289,0.6422642848019334,0.4247267342232678
263.55,0.0,51.0,0.0,0.0,nan,nan,nan,nan,nan,nan,nan,nan,nan,0.0010161447138128388,0.060475937069910196,0.0,0.5669285986381289,0.6422642848019334,0.4247267342232678
263.83,0.0,52.0,0.0,0.0,nan,nan,nan,nan,nan,nan,nan,nan,nan,0.0010161447138128388,0.060475937069910196,0.0,0.5669285986381289,0.6422642848019334,0.4247267342232678
263.95,0.0,49.0,0.0,0.0,nan,nan,nan,nan,nan,nan,nan,nan,nan,0.0010161447138128388,0.060475937069910196,0.0,0.5669285986381289,0.6422642848019334,0.4247267342232678
264.15000000000003,0.0,51.0,0.0,0.0,nan,nan,nan,nan,nan,nan,nan,nan,nan,0.0010161447138128388,0.060475937069910196,0.0,0.5669285986381289,0.6422642848019334,0.4247267342232678
264.35,0.0,52.0,0.0,0.0,nan,nan,nan,nan,nan,nan,nan,nan,nan,0.0010161447138128388,0.060475937069910196,0.0,0.5669285986381289,0.6422642848019334,0.4247267342232678
264.55,0.0,50.0,0.0,0.0,nan,nan,nan,nan,nan,nan,nan,nan,nan,0.0010161447138128388,0.060475937069910196,0.0,0.5669285986381289,0.6422642848019334,0.4247267342232678
264.75,0.0,49.0,0.0,0.0,nan,nan,nan,nan,nan,nan,nan,nan,nan,0.0010161447138128388,0.060475937069910196,0.0,0.5669285986381289,0.6422642848019334,0.4247267342232678
265.03000000000003,0.0,50.0,0.0,0.0,nan,nan,nan,nan,nan,nan,nan,nan,nan,0.0010161447138128388,0.060475937069910196,0.0,0.5669285986381289,0.6422642848019334,0.4247267342232678
265.15000000000003,0.0,48.0,0.0,0.0,nan,nan,nan,nan,nan,nan,nan,nan,nan,0.0010161447138128388,0.060475937069910196,0.0,0.5669285986381289,0.6422642848019334,0.4247267342232678
265.35,0.0,51.0,0.0,0.0,nan,nan,nan,nan,nan,nan,nan,nan,nan,0.0010161447138128388,0.060475937069910196,0.0,0.5669285986381289,0.6422642848019334,0.4247267342232678
265.53000000000003,0.0,50.0,0.0,0.0,nan,nan,nan,nan,nan,nan,nan,nan,nan,0.0010161447138128388,0.060475937069910196,0.0,0.5669285986381289,0.6422642848019334,0.4247267342232678
265.75,0.0,49.0,0.0,0.0,nan,nan,nan,nan,nan,nan,nan,nan,nan,0.0010161447138128388,0.060475937069910196,0.0,0.5669285986381289,0.6422642848019334,0.4247267342232678
266.03000000000003,0.0,49.0,0.0,0.0,nan,nan,nan,nan,nan,nan,nan,nan,nan,0.0010161447138128388,0.060475937069910196,0.0,0.5669285986381289,0.6422642848019334,0.4247267342232678
266.15000000000003,0.0,47.0,0.0,0.0,nan,nan,nan,nan,nan,nan,nan,nan,nan,0.0010161447138128388,0.060475937069910196,0.0,0.5669285986381289,0.6422642848019334,0.4247267342232678
266.43,0.0,49.0,0.0,0.0,nan,nan,nan,nan,nan,nan,nan,nan,nan,0.0010161447138128388,0.060475937069910196,0.0,0.5669285986381289,0.6422642848019334,0.4247267342232678
266.55,0.0,48.0,0.0,0.0,nan,nan,nan,nan,nan,nan,nan,nan,nan,0.0010161447138128388,0.060475937069910196,0.0,0.5669285986381289,0.6422642848019334,0.4247267342232678
266.73,0.0,48.0,0.0,0.0,nan,nan,nan,nan,nan,nan,nan,nan,nan,0.0010161447138128388,0.060475937069910196,0.0,0.5669285986381289,0.6422642848019334,0.4247267342232678
267.09000000000003,0.0,50.0,0.0,0.0,nan,nan,nan,nan,nan,nan,nan,nan,nan,0.0010161447138128388,0.060475937069910196,0.0,0.5669285986381289,0.6422642848019334,0.4247267342232678
267.13,0.0,48.0,0.0,0.0,nan,nan,nan,nan,nan,nan,nan,nan,nan,0.0010161447138128388,0.060475937069910196,0.0,0.5669285986381289,0.6422642848019334,0.4247267342232678
267.35,0.0,51.0,0.0,0.0,nan,nan,nan,nan,nan,nan,nan,nan,nan,0.0010161447138128388,0.060475937069910196,0.0,0.5669285986381289,0.6422642848019334,0.4247267342232678
267.57,0.0,47.0,0.0,0.0,nan,nan,nan,nan,nan,nan,nan,nan,nan,0.0010161447138128388,0.060475937069910196,0.0,0.5669285986381289,0.6422642848019334,0.4247267342232678
267.75,0.0,49.0,0.0,0.0,nan,nan,nan,nan,nan,nan,nan,nan,nan,0.0010161447138128388,0.060475937069910196,0.0,0.5669285986381289,0.6422642848019334,0.4247267342232678
267.93,0.0,49.0,0.0,0.0,nan,nan,nan,nan,nan,nan,nan,nan,nan,0.0010161447138128388,0.060475937069910196,0.0,0.5669285986381289,0.6422642848019334,0.4247267342232678
268.33,0.0,49.0,0.0,0.0,nan,nan,nan,nan,nan,nan,nan,nan,nan,0.0010161447138128388,0.060475937069910196,0.0,0.5669285986381289,0.6422642848019334,0.4247267342232678
268.37,0.0,49.0,0.0,0.0,nan,nan,nan,nan,nan,nan,nan,nan,nan,0.0010161447138128388,0.060475937069910196,0.0,0.5669285986381289,0.6422642848019334,0.4247267342232678
268.53000000000003,0.0,51.0,0.0,0.0,nan,nan,nan,nan,nan,nan,nan,nan,nan,0.0010161447138128388,0.060475937069910196,0.0,0.5669285986381289,0.6422642848019334,0.4247267342232678
268.93,0.0,49.0,0.0,0.0,nan,nan,nan,nan,nan,nan,nan,nan,nan,0.0010161447138128388,0.060475937069910196,0.0,0.5669285986381289,0.6422642848019334,0.4247267342232678
