time_sec,success,candidate_count,match_count,keep_ratio,mean_match_distance_m,max_match_distance_m,mean_tangent_angle_deg,lateral_m,yaw_correction_rad,rms_error_m,measured_x,measured_y,measured_yaw,innovation_x,innovation_y,innovation_yaw,gain_x,gain_y,gain_yaw
0.04999999999999716,1.0,14.0,14.0,1.0,0.015473668604116256,0.031684341766198915,0.10694824482409476,0.06877413265446464,-0.001603359973837337,6.501482645363305e-05,-0.002263564144041729,0.0723268230860125,-0.000803917780599539,-5.4980937590854394e-05,0.0687741106774228,-0.001603359973837337,0.41176510769299823,0.4174995577717326,0.9963172162075561
0.22999999999999687,1.0,14.0,14.0,1.0,0.015497222239815587,0.03151946921467078,0.10698548526680626,0.06709594140729418,-0.0014120084382765552,6.569424817596514e-05,-0.0024284351025320935,0.07232815080351843,-0.0008049858931876242,-2.0444453951677568e-05,0.03838238321455827,0.0001982969339963704,0.4230929977162385,0.5081127259121235,0.5151815741080324
0.4299999999999997,1.0,15.0,15.0,1.0,0.014070052234184524,0.03438750789795235,1.1560961659148232,0.061338051728771915,0.0037131559296860166,0.0024032130338165667,0.00043546268154251433,0.06605801445269116,0.0042468145434565435,-5.856551813744105e-06,0.013126254419327313,0.005227114521119662,0.4561501884887507,0.5591326699135906,0.38685063888145993
0.8299999999999983,1.0,15.0,15.0,1.0,0.01540825376518115,0.03112373695759847,0.12236985144002423,0.06886012986391157,-0.0016280269159548867,6.694357371470145e-05,-0.0028241825346492543,0.07231016496814835,-0.0007874430569926464,-2.990671167511739e-05,0.013308392803868876,-0.0021537973275270092,0.5496761894872797,0.6654951220138984,0.3526435956705765
1.2299999999999969,1.0,15.0,15.0,1.0,0.015432443966029592,0.03148660297985493,0.09991703493319816,0.06777091231178996,-0.0018114438563562754,6.361410138226248e-05,-0.0024613035735565,0.07232640451832417,-0.0008038686766666406,-2.2712417230411498e-05,0.0033621639290740274,-0.001569813645693375,0.5684712639535533,0.6778851847323325,0.33798431704436277
1.4299999999999997,1.0,15.0,15.0,1.0,0.015567613098034816,0.03351417922385182,0.09946883442672999,0.06811083755643044,-0.001822230613768671,5.572249151907849e-05,-0.0004337395129135898,0.07231024588424295,-0.0007908415004744141,-1.1347479680347944e-05,0.0014245102964137724,-0.0010501573225190778,0.48820339936630236,0.5836324804906549,0.2942492702733526
1.8500000000000014,1.0,15.0,15.0,1.0,0.015268705404962332,0.02985921453250348,0.1591735141872445,0.06720077915998125,-0.0017419748359635092,4.656817494289091e-05,-0.004088561114724285,0.07253227953863785,-0.0009817185643212858,1.2197201631546778e-05,-0.00032064341104524885,-0.0006619082183167414,0.5639894105834039,0.6751505635113939,0.3150861959517765
2.030000000000001,1.0,15.0,15.0,1.0,0.015406437114619202,0.0310964752998834,0.1000040195002136,0.06695057569172723,-0.001795857514709027,6.517779254039664e-05,-0.0028514289002593935,0.07232951407924638,-0.0008063756261882555,-9.97418362571733e-06,-0.00035289888284648074,-0.0005074271959191023,0.4760485247833585,0.57165746375088,0.2785714955518839
2.4299999999999997,1.0,15.0,15.0,1.0,0.015394778836607751,0.030921583400395164,0.10004206154968813,0.06777412725816465,-0.0017550747583675197,6.588282069445154e-05,-0.0030263197290355606,0.07233090805114367,-0.0008074994497862699,-2.0401257578806994e-06,0.000672171977815425,-0.0003252210978447862,0.554944128870102,0.6688007415928499,0.3038471570900107
3.270000000000003,1.0,14.0,14.0,1.0,0.015424110271895853,0.03203124581840147,0.10687833230283904,0.06784324267044749,-0.0009617037183769292,6.359326438647884e-05,-0.001916660360967968,0.07232404447087283,-0.0008016824592845049,5.256470834192782e-05,0.0002933771953709807,0.0005670018805611261,0.6687747851328184,0.774868120312403,0.3722788753640147
4.589999999999996,1.0,15.0,15.0,1.0,0.015387927749012426,0.030818801980370996,0.1000705263884551,0.06781144749288044,-0.00033222684571826037,6.629807930582488e-05,-0.0031290970749673808,0.0723317453487077,-0.0008081745347168729,6.0444053049785694e-05,3.253861218545373e-05,0.000985317563519076,0.7645415676214998,0.8474912985095291,0.47914555101279743
5.189999999999998,1.0,15.0,15.0,1.0,0.015605718163052774,0.034085743802979324,0.12229441100332901,0.07019491421002841,-0.0014183624933419281,5.442454844134961e-05,0.0001378117301537376,0.07229268324836347,-0.0007744456276388413,-6.120904363346682e-05,0.002391338546867461,-0.0005729213352830522,0.6572578245032012,0.7506446712340983,0.41724366974907123
5.950000000000003,1.0,13.0,13.0,1.0,0.016912067882039212,0.03327685401781111,0.2964974304263385,0.06986915585746532,-0.003167286733955831,0.00031712960061652383,-0.0006715718350173553,0.07334413240123325,-0.0016204366744976262,-8.534433876999556e-05,0.0002698019651350275,-0.0020845099122359352,0.6470951661460866,0.7508498680109094,0.3833292980403228
6.390000000000001,1.0,13.0,13.0,1.0,0.014974868546455945,0.025326858381080983,0.11172198568977637,0.0681663339372037,-0.002905659739555349,3.527855603480243e-05,0.01137891735249721,0.07229082340562942,-0.0007726251779607116,-6.881761483897367e-05,-0.0016128754950023305,-0.0010238701206737124,0.5796105162184982,0.6803880709963597,0.34803542529239584
6.549999999999997,1.0,14.0,14.0,1.0,0.01617110334971639,0.03180321639800095,0.25482703250586214,0.06773934716225022,-0.0031732616240418873,0.00015019468627142308,0.01424918955416708,0.07255620992868758,-0.0010190901338243165,-3.108266071357238e-05,-0.0009348586407234988,-0.0009295026859678358,0.47703854940988816,0.5590444675353401,0.30252678565212654
6.75,1.0,17.0,17.0,1.0,0.013666873404248615,0.03136027568784103,1.037227681584639,0.07560504935341338,-0.007606445659989285,0.006404287715602133,0.020213465047171805,0.08018575887754915,-0.0055322163786932065,-2.6670348428094875e-05,0.007469246897903986,-0.005079417094374916,0.5039883220931713,0.6001506248840407,0.3135708097605978
6.950000000000003,1.0,20.0,20.0,1.0,0.012042169060652103,0.026768814464720393,1.0185148066893477,0.06994768286584914,-0.0037438488038324487,0.0059911120565274804,0.02625195963999289,0.07517339479731548,-0.0015515567035307527,-1.2798982130603903e-05,-0.002641471756052796,0.00035545688456492574,0.5243932825828316,0.6244954636540176,0.32164551283657933
7.149999999999999,1.0,20.0,20.0,1.0,0.01518118000897333,0.025810076512901545,1.4572192217080324,0.10150894060641394,-0.025615374228842414,0.005035203987890448,0.031756816947471296,0.10606285782292625,-0.023626812068582415,-5.1391803302415495e-05,0.03059118649098047,-0.021623151105358177,0.5083682377556805,0.6128517677529648,0.2991794134588707
7.350000000000001,1.0,21.0,21.0,1.0,0.01552736555155683,0.030682578500298027,0.9372198145389287,0.06731253741111155,-0.0015310221501628534,0.005907141350878022,0.03665329321988207,0.07264116911918964,0.00054274363787834,2.459731042969704e-05,-0.02228573403192824,0.00885721330488194,0.5166616552649987,0.6228202713133472,0.2980769790159992
7.549999999999997,1.0,20.0,20.0,1.0,0.01399490934806479,0.036256124436438636,0.8714181326645568,0.07044883700922305,-0.0043896336069851665,0.004379922237914361,0.04230684616866011,0.07456942812151728,-0.0020157238694039382,1.1330852829768978e-05,-0.005231059213425385,0.0034027818684766566,0.5014895813278332,0.6102111517149928,0.28012916646849334
7.829999999999998,1.0,19.0,19.0,1.0,0.012896062700995442,0.03625449275189269,0.9784859653482023,0.06131086598007872,0.0023699883597068172,0.004248512797774316,0.04993271954850394,0.06597179664112553,0.005639705911840939,-2.8189681597089178e-05,-0.01112707229698516,0.00922057441998763,0.5355224719318654,0.6519671909058771,0.28881885177659405
7.950000000000003,1.0,18.0,18.0,1.0,0.014616912159216872,0.03211470750921541,0.4009051197553521,0.06800731677139638,-0.004669362512793433,0.00026133274770288856,0.053938589141057786,0.07300695332013755,-0.0014193358684129785,-2.8779939863943227e-05,0.002833404561132638,-0.00045464790554996474,0.43939195066580666,0.5290407904323825,0.24837708660806124
8.149999999999999,1.0,14.0,14.0,1.0,0.012870614005295987,0.03301355150263919,1.463383058045038,0.0677903658305835,-0.003620075214850723,0.00593793722659427,0.059299788789792654,0.07211909491358169,-9.675989262866941e-05,-3.1566947343013296e-05,0.0011409674323696745,0.0007015567527881691,0.41227785916956694,0.5224021717580866,0.2106476870334967
8.350000000000001,1.0,18.0,18.0,1.0,0.011186236196069203,0.03255132093157718,0.4727960380740349,0.06887810925026373,-0.004355303652208493,0.00524409880595987,0.06350273386539189,0.07212714185741521,-0.00019120734728906436,-6.217855417889329e-05,0.001649730512167144,-0.00018385716369038226,0.4980426451310494,0.607517022284358,0.26770136511408577
8.549999999999997,1.0,17.0,17.0,1.0,0.012179555997356414,0.02794169448460944,0.26114863437313207,0.06844367686832933,-0.004704190320016097,0.005392982669451646,0.0681142574290304,0.07238555092803309,-0.0003930331744036201,-4.245736197609762e-05,0.00023263474748477786,-0.0004867623360956425,0.4755687763101598,0.5835560362731734,0.2550090725810479
8.829999999999998,1.0,15.0,15.0,1.0,0.01355526166617324,0.027776205764890434,0.2833036922734297,0.06878011404060498,-0.005305323715665339,8.291297875642058e-05,0.07382830739690652,0.07231599148048219,-0.0008568914343896677,-3.1349341174879974e-05,0.00045840711087916097,-0.0009641828748261776,0.48899259824499586,0.607410082237074,0.25123347513427696
8.93,1.0,18.0,18.0,1.0,0.015195111628640798,0.026984312816645623,0.6086457971992522,0.05998720690510535,0.00325482614676474,0.006548988645503274,0.0794676521047245,0.0645361893477736,0.007269194984042979,4.458618712036011e-05,-0.008586637808276676,0.007837408145546442,0.4499600181455065,0.5386423695344766,0.2586223683043072
9.43,1.0,18.0,18.0,1.0,0.01057202707835946,0.025148121898672136,0.25901005410735856,0.06809414912719676,-0.004550665121070558,4.631780131802609e-05,0.09120018855196145,0.07225909817869026,-0.0008012475544013136,1.2099605553664294e-05,0.00416921946768424,-0.0019733839775929805,0.6157420206028851,0.7312769644574231,0.3313003320413847
9.530000000000001,1.0,16.0,16.0,1.0,0.011250144813884304,0.02977570351371772,0.15553367195265738,0.06814256407753229,-0.004605356880491153,6.175351541179654e-05,0.09582780397386621,0.07230628699925794,-0.0008559758785638092,5.015386659215637e-06,0.001185630513429764,-0.001386847412017768,0.4295131967609261,0.5096789589740786,0.2518254642220354
9.729999999999997,1.0,19.0,19.0,1.0,0.013520737606943523,0.033107527195662734,0.24657939308772342,0.06872169712367565,-0.004366676693563519,0.00011198729804052493,0.09915960931552768,0.072321311490647,-0.0008983806715128425,2.211681263226961e-05,0.0011735239200239833,-0.0008019729040739946,0.4995642429808359,0.6050000248166755,0.285222546627152
10.189999999999998,1.0,12.0,10.0,0.8333333333333334,0.01118485484854413,0.02657766648593978,0.33304666717955594,0.056698053386573556,0.009167081727046226,0.005771001290839582,0.10984500845330164,0.06112390878989243,0.012109648738116766,7.957961343128817e-05,-0.011519189264747702,0.012958301412087618,0.46038801420140835,0.5888975060699281,0.21331810934978881
10.329999999999998,1.0,15.0,13.0,0.8666666666666667,0.01377072377758792,0.02731065406135334,1.2921963165124943,0.03088502333736906,0.041180437837682965,0.004369724982800374,0.11421988464701452,0.03497914437274842,0.04423662610403431,0.00011656881815340359,-0.030554513371665898,0.042235927684559006,0.4537086134263489,0.5475390317196879,0.2453972474189181
10.530000000000001,1.0,16.0,14.0,0.875,0.013596822140195544,0.029527681789227902,1.4433307756723577,0.03138885803728689,0.04027163204119413,0.004710368322055946,0.11770736628464848,0.03679029945756794,0.04372691599570358,5.749932784346323e-05,-0.013387283515554162,0.031037475492544233,0.4589879510666661,0.5597339279020558,0.25258983163889187
10.93,1.0,18.0,18.0,1.0,0.00965235633338691,0.02770153682240649,0.7216672893000514,0.07171564011282733,-0.006712753375522547,0.00456275449333382,0.12840428730034367,0.0759693168962221,-0.003054983731647228,-0.00014946663884971012,0.03422862154965588,-0.023761981791319133,0.6024517635221014,0.7119438651944853,0.3395886059750502
11.130000000000003,1.0,13.0,13.0,1.0,0.009271345826000199,0.020527318593157665,0.11429617379249891,0.06710569679073729,-0.004661335435158936,5.107135540627558e-05,0.13552469185388288,0.07217470488908319,-0.0007754268413517171,2.2859010555847936e-05,0.005208684118654869,-0.013745649447558735,0.43476629733481015,0.5342281209384535,0.23877352234112936
11.329999999999998,1.0,13.0,13.0,1.0,0.009028432256271906,0.019122840790743154,0.2926346969817523,0.0680236169374897,-0.004716135714154049,8.124066973649573e-05,0.1369293305824599,0.07235898657817004,-0.0009405925006784306,1.8689994589982106e-05,0.0033487681327235563,-0.010533201236072879,0.434652870637952,0.5386998191488821,0.23500166387517984
11.530000000000001,1.0,17.0,17.0,1.0,0.007119993375626716,0.016994312645311493,0.2808622448182099,0.06876800591585767,-0.004612765458813218,2.7790871519582925e-05,0.14304635570870525,0.07220744861133568,-0.0008015498331689803,6.508921074177554e-06,0.002273322286724208,-0.0079589894488822,0.501303278250967,0.6050726947432696,0.28406539483451676
11.729999999999997,1.0,19.0,19.0,1.0,0.01119120358658464,0.02836470766897614,1.3949935866610315,0.07637042093751267,-0.010803969639578807,0.006576843752113792,0.14921446183728088,0.08059786814158956,-0.006872205037979754,-3.114132097128963e-05,0.00849907701722423,-0.011894286544283152,0.5108715638016746,0.6139230395919494,0.29452008796996215
11.93,1.0,18.0,18.0,1.0,0.016697206197695005,0.03340245120260134,1.0360417832125062,0.07775372211603253,-0.011899942043306907,0.006116867476102062,0.1556140332143794,0.08182985276350078,-0.007499092033528386,-5.246008820869452e-05,0.004689290353048298,-0.009507713636949508,0.4852438898070658,0.591453857308674,0.27206326927596425
12.130000000000003,1.0,20.0,20.0,1.0,0.016411327316893615,0.03198698323592936,0.7883258607571705,0.07333509020863582,-0.007871139054389022,0.007140064609947632,0.15789699482020816,0.07813124125558148,-0.003382399349993683,-1.6382578249402036e-05,-0.002483489209019238,-0.0029043082713016747,0.5128216004247701,0.6197859671629246,0.2895468883220933
12.329999999999998,1.0,19.0,19.0,1.0,0.013318072131173867,0.037981270014304534,0.7821033584626828,0.06951710448140576,-0.005709673236330882,0.006141627578861783,0.16397920945882344,0.07461292913524345,-0.001075466753188495,-2.883002613834895e-06,-0.004725646130596395,0.00010145623764797637,0.4927326396563433,0.6003732858635137,0.27276076789526194
12.490000000000002,1.0,19.0,19.0,1.0,0.012586517539656832,0.03695280849279507,0.25578123925746227,0.0686903596027929,-0.005715140195878687,0.00014662318771833905,0.16909932444855116,0.07226254191595184,-0.0008924125169337055,-1.1607024342219496e-06,-0.0026856705957301608,7.772894226171635e-05,0.4686221610930248,0.5702426200726517,0.26076721293829797
12.729999999999997,1.0,16.0,16.0,1.0,0.011875044262168784,0.030667750533296775,0.238185381784259,0.0672326951911579,-0.005937560421507337,0.0001469428270533418,0.1753843234679469,0.07220690959903688,-0.0008477894279584341,-1.9255472371054738e-05,-0.0025755748181068155,-0.00015913031201771077,0.4687485631906559,0.5845078105060794,0.24279077800372367
12.89,1.0,16.0,16.0,1.0,0.011025602854762163,0.029102065586521796,0.09563652877258672,0.06657464476749993,-0.006290400434559773,0.00012071779177077892,0.1769500967060555,0.07228035255226288,-0.0009155919650726489,-2.9876330251310534e-05,-0.0017189315338350108,-0.00046750597536202,0.4433520939915529,0.5446998152497229,0.23673295971546662
13.130000000000003,1.0,14.0,14.0,1.0,0.009796690175381751,0.021191541269486674,0.271396678946618,0.06681510858115841,-0.006241040443017828,0.00014675098927364986,0.18486039211592428,0.07189677968964524,-0.0005660713910254434,-3.4072503866278137e-05,-0.0004950346926994448,-0.0003055106145962243,0.4507451839605825,0.5658884575890301,0.22813054060453966
13.350000000000001,1.0,14.0,14.0,1.0,0.011547035216799933,0.0249348659092798,0.2744965365072632,0.06788660363205012,-0.0071476449713823225,0.005901691533549804,0.1909749469894424,0.07360738838162824,-0.0014421598156211313,-3.0566906432882845e-05,0.0008935813941835097,-0.0011412947468863593,0.4581771778209272,0.5651079886848376,0.23616053405414
13.490000000000002,1.0,15.0,15.0,1.0,0.013905324559504993,0.029540217964632565,1.7461924656805055,0.06044798540670382,-0.002639728083025227,0.006713247428323459,0.1942891889502557,0.06691776633384404,0.0031575699937374316,1.5608246994952557e-05,-0.007028435464879662,0.0036339914612940356,0.4309435999427707,0.5270835695761857,0.2356422027793891
13.689999999999998,1.0,17.0,17.0,1.0,0.013785660275562177,0.03413961693421874,0.5196875838307659,0.06766424572660046,-0.007331851959999888,0.00470581081143136,0.2001723310159903,0.07404818323805519,-0.001452470038079388,-3.726325059089097e-05,0.003922159650556062,-0.0019009834131227508,0.4796013316325489,0.5859353300637192,0.26282330775617224
13.89,1.0,19.0,19.0,1.0,0.012912450416622723,0.0384558361262543,0.9694322451909895,0.057890877854144235,0.0014375798775493203,0.00694363572339756,0.20767191146252761,0.06381819058533364,0.007239838669504826,4.538740562570753e-05,-0.008103655299815507,0.007358920806068733,0.5049972706745977,0.6107353638573904,0.2825009040062839
14.149999999999999,1.0,17.0,17.0,1.0,0.010931349220126152,0.0363099927514797,0.27556211397675395,0.06496276004271039,-0.006573280820895314,0.0001516009999301181,0.20974211302546783,0.07221223296859003,-0.0008832477096829037,-1.6604874984560425e-05,0.00391848717494056,-0.0027074306647190275,0.5049395191417997,0.6176536324542633,0.2695808256428171
14.490000000000002,1.0,16.0,16.0,1.0,0.012535915414406315,0.027571741907346473,0.38903195690210524,0.06614755041317072,-0.006661681272919684,0.00019339338132325683,0.2184803094513133,0.07191283250683213,-0.0005659104621189804,-3.453919276127926e-05,0.0027242110472513043,-0.0020709342448786837,0.5384818645498288,0.6541688701770322,0.2841139871304886
14.689999999999998,1.0,19.0,19.0,1.0,0.011038757517416781,0.024521424547589536,0.325589405781421,0.06567901325507712,-0.0068508051484389145,0.00015559183387619093,0.22153054863129537,0.07199154586318689,-0.0006524316559234069,-2.1919084402549638e-05,0.000490962878736026,-0.0016781295543123742,0.5299997973096632,0.6297488146672522,0.3042903449516535
14.89,1.0,17.0,17.0,1.0,0.008593167189791837,0.022297591386711862,0.46608852856362776,0.06680456384596736,-0.008348766914518385,0.00011899338145959283,0.22834953881837783,0.07206135760305363,-0.0007167538943782248,-0.00010693012329665574,0.0013467873431948496,-0.0026661901792926147,0.47662235124387653,0.5814571122929404,0.2656378128466172
15.089999999999996,1.0,14.0,12.0,0.8571428571428571,0.010858064700317941,0.02757416199828215,0.15512238255188024,0.06750679414670306,-0.008650290625561285,4.797819876076915e-05,0.23362619691630265,0.0721560738798655,-0.00083580327351436,-6.91884327994885e-05,0.0013015797444215355,-0.00226248788168386,0.3910715463710126,0.4967681263397664,0.20042384906012448
15.29,1.0,14.0,12.0,0.8571428571428571,0.011077368022529692,0.027973797058585263,0.43735671429222917,0.05673332828490804,0.004613937572184429,0.0052634028328356515,0.23816875990911782,0.060685569973456255,0.012424524453299342,4.7562120350674864e-05,-0.010086160238191061,0.011452563660249854,0.41156269722027494,0.5193039922179192,0.20859624864275705
15.689999999999998,1.0,17.0,17.0,1.0,0.00843379592537745,0.03833580687894013,0.6477360129361767,0.07247676479665725,-0.012230955162028082,0.004680787273651511,0.24774135621323037,0.07739307275506424,-0.004280261979961099,-0.0001120497212024063,0.010930623050587826,-0.007761853896420062,0.5929490663198571,0.7049941851415568,0.3217772325047467
16.049999999999997,1.0,13.0,13.0,1.0,0.013579300096771654,0.031158489230355347,0.3833135525525313,0.067805923653081,-0.007969220941432835,0.00016920666114624542,0.25721022629111867,0.07244604236804346,-0.0011444985079873812,7.35091269988275e-05,-0.0013739292807940229,-0.0010314073751569737,0.5133561813539371,0.625713309216332,0.269651245425809
16.33,1.0,12.0,11.0,0.9166666666666666,0.008254312138272955,0.020151699053095457,0.38144982313584436,0.06742544186387636,-0.007800762650377817,9.699540881403071e-05,0.26590040208496646,0.07220190066638306,-0.0009154722742373209,3.3333765993848186e-05,-0.0008309894368008774,-0.0005808334770606948,0.453073059144689,0.5622223795246027,0.2361784729375152
16.450000000000003,1.0,17.0,17.0,1.0,0.011554013577094197,0.03871886375185253,0.3766684642454009,0.06640898651847443,-0.007649511352639077,0.00019484128833453817,0.2673334204424023,0.07225527635402823,-0.000962500402376272,3.0560882299357495e-05,-0.0013691031191348235,-0.0002897906727431205,0.49013080786262264,0.5737644548299692,0.2951198425069321
16.729999999999997,1.0,18.0,18.0,1.0,0.01533968894348544,0.029549082399811435,0.962880295936073,0.07742110441768467,-0.013959879122909429,0.006148674289186768,0.27540769503036866,0.08187385631834414,-0.007644338933793031,-1.87081702500147e-05,0.010489119078689116,-0.006511900238889328,0.5378335899497678,0.6482975823121444,0.30800469526066787
16.85,1.0,18.0,18.0,1.0,0.01604653618083003,0.0315115495983417,0.885903986560567,0.05075039994440228,0.01479266875229481,0.005468207126984775,0.27759949092224917,0.05561528588191952,0.02203219947027392,0.00010910125574642437,-0.02295605568670473,0.02421768546289635,0.4488158257795517,0.5356464083208927,0.26731486423119505
17.189999999999998,1.0,17.0,17.0,1.0,0.010717151775488659,0.03081037515593284,0.549221895198588,0.06813553112171489,-0.008848939952786412,0.004705655082639571,0.2852690672804209,0.07403649748171695,-0.0015015188370026194,-7.280957382743702e-05,0.006734304389414733,-0.005857585833337199,0.5374415931641167,0.6560500538390439,0.28803315444071914
17.229999999999997,1.0,20.0,20.0,1.0,0.012724118669550491,0.04001129514946106,0.5429223401820885,0.06824079786324781,-0.008237650028173362,0.00602940466984061,0.28601647839886707,0.07416955912997795,-0.0008902668554715805,-3.226461425437366e-05,0.0024292857690298014,-0.003574166411228185,0.42414329339201695,0.4949874795229786,0.26465896367011366
17.450000000000003,1.0,18.0,18.0,1.0,0.010770531363053459,0.02596655344166258,0.3047797354702294,0.06746469907811685,-0.0083211425741847,8.894657887318066e-05,0.29201847279219806,0.07229083449746598,-0.0010147488628715583,-3.4683032273941095e-06,0.0004858218736163711,-0.002714792514645106,0.47073952970031974,0.5813246998979481,0.2550648229181761
17.65,1.0,18.0,18.0,1.0,0.013161240538432963,0.031001906467049905,0.788144892734282,0.07101840154633729,-0.011327884167077456,0.004577895217947075,0.2970667149512797,0.0771220386213668,-0.004280047302431847,-1.6969931673327388e-05,0.0037906481145050797,-0.005029977861837018,0.4817104257667513,0.5912939040176627,0.25914748892768674
17.85,1.0,18.0,18.0,1.0,0.011342433757311053,0.03764147808955307,0.35350931068408425,0.06566383322843088,-0.008024519675130376,0.0001304273957274463,0.30369343575433133,0.0722663982696201,-0.0010100175510153464,2.749133341672927e-05,-0.0037519973958288905,-0.000430278108932457,0.4856567261171979,0.5946787382341758,0.2613798646546534
18.049999999999997,1.0,18.0,18.0,1.0,0.015209391801672347,0.038509125961134996,1.1889747659587,0.0779579262068299,-0.018622837258426905,0.006519649730617187,0.30767688686683237,0.08553537343249291,-0.011263317681915644,-0.00010634198269815487,0.010804803892248763,-0.010907233153658361,0.4856869790862143,0.5936327418485597,0.26259738677156624
18.25,1.0,14.0,14.0,1.0,0.01844857178239879,0.03412034287826198,0.8552669991680258,0.061822130345859545,-0.005664571004619741,0.00651219685776895,0.3135753128979562,0.06918287854496857,0.00165300802254205,6.738073521822541e-05,-0.011676882039097586,0.004894892613238914,0.42346927482497265,0.5316251908245805,0.21747964518672186
18.450000000000003,1.0,19.0,19.0,1.0,0.018142137716437988,0.03716992008650076,0.7825456738451447,0.06799351505300184,-0.008798259659154971,0.007865561266807385,0.3189184731758713,0.07548074069841533,-0.0015072648013155117,-2.0337177203955115e-06,0.0007501094576176509,0.0007200328533361238,0.5142979663608102,0.6206179227951405,0.2832271451941052
18.729999999999997,1.0,16.0,16.0,1.0,0.014039717687149535,0.0409615580768994,0.386448140423237,0.06649617245838915,-0.007948064682842208,0.005347706119771322,0.32996246528923057,0.07229650283900861,-0.0004688397518963251,1.3434059630612616e-05,-0.0011105691824325747,0.0013645797129906837,0.5023940979919871,0.6199760460749254,0.2627449190000965
18.85,1.0,19.0,19.0,1.0,0.013620191393715158,0.041554448290758175,0.8216429124270349,0.05812280874803703,-0.0002415236619788629,0.006289293360058546,0.3277096898178485,0.06436455895118831,0.0071178655654439895,7.224593910987176e-05,-0.008817450315455971,0.008716388662153867,0.47044863327903547,0.5595782046069283,0.27114168109075915
19.03,1.0,22.0,22.0,1.0,0.014985295154917698,0.03670897141274539,0.7929754332948145,0.0510191016870462,0.009153652165658336,0.007512364847755595,0.3329458632872416,0.057268732367062244,0.016657080695362765,8.43087236301332e-05,-0.0109549023275195,0.015754929672145642,0.513335768897959,0.6206551926412801,0.2948603282840665
19.25,1.0,12.0,12.0,1.0,0.010199765206790652,0.01873284447694115,0.2686301099353722,0.06536256861944092,-0.008456866537466683,7.96212603827584e-05,0.3373191681794534,0.07208424099716738,-0.0008140070668380909,-7.730426083224495e-05,0.010187149714040333,-0.006482006855045022,0.38051100793317355,0.48873627000994674,0.18719303731492093
19.490000000000002,1.0,14.0,14.0,1.0,0.006611653242955961,0.01957281629157523,0.3086567021702495,0.06451024006124094,-0.008933673310329848,3.881319917166721e-06,0.3456247722607774,0.07202776995062901,-0.0007837434272775517,-7.15347911898756e-05,0.004385338481380896,-0.005760620462426589,0.4659358610208722,0.5808726202001133,0.23477410037780516
19.630000000000003,1.0,16.0,16.0,1.0,0.007165917531860622,0.02033247469790779,0.2978986956082555,0.06551648930270185,-0.008739092076376223,5.3270745164086245e-06,0.3463844207621644,0.07201424496325282,-0.0007713035758976985,-2.8164491084892163e-05,0.002852644100788948,-0.004225081369253779,0.44996402044395106,0.5477737873483498,0.24656728368255468
19.83,1.0,17.0,17.0,1.0,0.009822812898512185,0.026691322275310035,0.2838889257938211,0.06454435959993399,-0.008540389521967548,5.7236197957682777e-05,0.3527431949931378,0.07192053865272327,-0.0006766930917461028,-4.473912227465071e-06,0.0003549844584488371,-0.0029882237380924903,0.47778196690401054,0.5849926486715541,0.26005113770313826
20.17,1.0,19.0,19.0,1.0,0.014048789196413699,0.04052226879147641,0.8721997868741186,0.06631712876544617,-0.007571628985373609,0.006084192584105095,0.362373831380512,0.07370490995993112,-0.00046091086683036284,3.367095070638815e-05,0.0019832312469578867,-0.0012431328619268204,0.5760596661284503,0.6896759109922976,0.31536330377822563
20.229999999999997,1.0,15.0,13.0,0.8666666666666667,0.013985154509811897,0.038053784993038714,1.193229696488868,0.06796279648023143,-0.008237319097046157,0.0071482780182669636,0.36398979986569,0.07539418424498795,-0.0011264784731326192,2.5444460977075423e-06,0.0022731169705832582,-0.0015221676996079745,0.33102272801703697,0.3964292083447628,0.191134497458707
20.43,1.0,16.0,14.0,0.875,0.014048228860729515,0.039889407272094835,1.6611877223274603,0.051342860406419624,0.017391270802762513,0.005836153709301903,0.36681098623213204,0.05692956494916711,0.024507513492345066,0.0001326863622422847,-0.015227924661065345,0.02439408857526274,0.4172224783755429,0.5256611573574237,0.21845647903690862
20.630000000000003,1.0,19.0,19.0,1.0,0.01418630318688759,0.031678346600131066,1.8192183551165666,0.07891136588664627,-0.007549653770093737,0.004365470678156546,0.37525135765019474,0.08458676392890191,-0.0007372013938248077,-9.970970775419197e-05,0.02034921901017822,-0.005856706833837978,0.5132520281578978,0.6210106187384458,0.28390526755055234
21.089999999999996,1.0,18.0,18.0,1.0,0.013522370748443459,0.037766274728989656,0.35121981567297744,0.06510867715249782,-0.007224484560650035,0.0002174943818929298,0.38381825267424785,0.07203636529780509,-0.0008238355347181875,7.730897476326826e-05,-0.006056832741967708,-0.003925738184698399,0.6076438021741064,0.7217329223281431,0.3274346725614719
21.229999999999997,1.0,17.0,16.0,0.9411764705882353,0.013401875432748261,0.02810837871831976,1.756369845023131,0.06871625137545198,-0.0056997076546784166,0.007800393486141345,0.38912028764923917,0.0736450729886529,0.0012009143581374112,-2.071304649792216e-05,0.0019493846611920579,-0.001102007633257904,0.45226288012894045,0.5430490873279608,0.2592549882983495
21.490000000000002,1.0,22.0,22.0,1.0,0.016574871352843166,0.03140875773486972,1.9139129986448247,0.07294450073863726,-0.0024720788623426894,0.005151906259224763,0.39533922237485053,0.0788058603630915,0.004941438626276492,-8.17251561236465e-05,0.005150203438964565,0.0024066148373051077,0.5745478508120523,0.6786000935293759,0.33642485396642485
21.630000000000003,1.0,22.0,22.0,1.0,0.01789735305342702,0.031086547004310724,1.874319156344485,0.058521858656154155,0.008788095193197556,0.005698635599545576,0.39687274959933516,0.06512062753064404,0.015540131691808448,0.00010919791848462701,-0.012762994824188398,0.012844684475578587,0.4916632428908803,0.5885232518416103,0.29452012758578927
21.83,1.0,24.0,24.0,1.0,0.016125136907731073,0.037368982160004935,1.5382960565088186,0.07543358631243056,-0.0051637434525647185,0.004548445187361446,0.40326669220130795,0.08220380969091613,0.0016224542818805024,-6.358416897234154e-05,0.011656338344297967,-0.00487434818110131,0.5355459824460949,0.6439506456329104,0.30920219039448804
22.049999999999997,1.0,23.0,23.0,1.0,0.014430526569237347,0.036676938597886004,1.853267023072867,0.07790405912472609,-0.005418028349101211,0.00473494789156033,0.4096040462037234,0.08350439303531487,0.001031161379099422,-1.0761151110483258e-05,0.0066354174432750185,-0.0036464065560152374,0.5374583831567832,0.6457579097449532,0.3004389324452817
22.229999999999997,1.0,24.0,24.0,1.0,0.015347158656993846,0.03319702899168003,1.672331717805312,0.07708887559700918,-0.005590083709527809,0.004687349350881853,0.4130838947433062,0.08351852073198891,0.0008774853840437915,6.681745231551517e-07,0.0015478427734875733,-0.002737096194806583,0.5265522128936233,0.6349593170709043,0.2993180891632729
22.490000000000002,1.0,26.0,26.0,1.0,0.01268333078191851,0.025634910717841106,1.3621199305704241,0.07628686927405795,-0.005006746933830787,0.0046373735277457405,0.4212888663832415,0.08253764913674641,0.0015133783747208285,2.7164168932003463e-06,-0.00020546748967206763,-0.0013369331197964631,0.5887280865341398,0.6970630585570563,0.33428418819131833
22.630000000000003,1.0,19.0,19.0,1.0,0.01337903233500842,0.025679160009778296,1.5579749597075312,0.05531731251387956,0.011358551284832992,0.006003543108098327,0.4218302537582989,0.060657300880698165,0.01776656021375945,0.00014773328950318243,-0.021028647710373063,0.015475763432008252,0.43610423357233885,0.5393233367646123,0.239129375853623
22.83,1.0,16.0,16.0,1.0,0.013177660742426284,0.030039055680085767,1.220732722052041,0.06338339167677547,-0.004428153000333241,0.006573704349514052,0.4303058474924644,0.07011800910478946,0.002914170875672733,-3.511411966627964e-05,-0.0016217521441197758,-0.003996859943515611,0.43661207746307984,0.5503809651428115,0.22213846553556926
23.15,1.0,19.0,19.0,1.0,0.013924892631004793,0.031205098184195482,1.4569945365568029,0.07058172450575827,-0.0067677675023706,0.008181413089133433,0.43698175216826773,0.0755170420785426,-0.00019718561303702902,-1.727722881456062e-05,0.006481236830901363,-0.005444827893051213,0.5648164389077833,0.6786544354940985,0.29764343539398735
23.189999999999998,1.0,27.0,27.0,1.0,0.012960712377269949,0.03224489966723059,1.585515364761252,0.07936005934892172,-0.005860503895568264,0.004887110458255029,0.4380759718381058,0.08425005295623332,0.0007499454744069713,-6.336727324823821e-05,0.010868325512765273,-0.0029318226337538816,0.48480149752550405,0.553433894963559,0.3110027774076116
23.43,1.0,30.0,30.0,1.0,0.012416348404474451,0.039274565458023665,1.2336095164873335,0.07419515556772315,-0.002521834247829756,0.004802837624682301,0.44473262088165083,0.07982965332639855,0.004972980902797132,-6.317558140062074e-05,-0.00028485447985496237,0.0013027870789239565,0.5943107376014504,0.7047476634758953,0.34854395816684547
23.630000000000003,1.0,29.0,29.0,1.0,0.013081360537226675,0.038734796651602586,1.1478367045870237,0.07394588738455016,-0.00196639987216413,0.00471201160140073,0.44774524122491255,0.07797198769744564,0.006582581630429515,-9.628862133725935e-05,-0.0003244152752296392,0.0014046648880367326,0.5687292626377197,0.6764705284562688,0.3286576228394736
23.83,1.0,28.0,28.0,1.0,0.016184080872206786,0.030842292182150986,0.8809745775025021,0.07680273414874365,-0.005084481230039662,0.004822686630349139,0.45542586133437934,0.08065141465030948,0.0039057739130539362,-9.968122449655059e-05,0.0027733387844179197,-0.002174586590489827,0.5592002495462928,0.668450434729962,0.3172579971907532
23.990000000000002,1.0,34.0,34.0,1.0,0.015728736492979296,0.03306622887855853,0.9579423008058701,0.0770901460584036,-0.007360456574511311,0.0049610223010669455,0.4586859015515602,0.08336854441394279,0.0018765712746305107,-7.239401690917191e-05,0.0012200881610374276,-0.0037669027232314334,0.5640519138002034,0.6652886270999321,0.3321359780725202
24.229999999999997,1.0,32.0,32.0,1.0,0.014662921028400331,0.038914471319464565,1.198185089182834,0.07780319617038586,-0.006286628990792863,0.004803495910744202,0.46454208015132387,0.08163680700193023,0.0030507726059415996,-3.433853746759308e-05,0.0011516450955024737,-0.0014439415278011095,0.6083238717626822,0.718947384081974,0.3482083401685157
24.39,1.0,34.0,34.0,1.0,0.01320077454790109,0.036977312293310034,1.0566518653794261,0.08122293209367139,-0.008568391025063519,0.004887807026721713,0.46948268160797046,0.08433010043281985,0.0007527834138703564,-3.925969049239919e-05,0.0037706179550959645,-0.003224854424523033,0.5582586871419168,0.6603733524646052,0.32566293259785284
24.589999999999996,1.0,31.0,31.0,1.0,0.014355220060342597,0.03432879238657779,1.4110095088989991,0.07969188196244505,-0.00857081003448362,0.004751475967834053,0.4722529207563469,0.08353939186707654,0.0009498314004084425,-2.1618266857259538e-05,-0.00023091003687240874,-0.0021838598611398337,0.5730868626727023,0.6913064943172883,0.3237033497428932
24.79,1.0,35.0,35.0,1.0,0.01576722174600534,0.03209799874219688,0.9483299916031531,0.07731989412354942,-0.0068946705446056985,0.0047261198619950266,0.4773838270857849,0.08186025354430546,0.0026358747155022936,7.65100864758006e-06,-0.002406129156928699,0.00019945290607360474,0.5857204012118068,0.6943455618741439,0.33446940642885487
25.03,1.0,34.0,34.0,1.0,0.013103894549371992,0.03770146896154441,1.0006925255575503,0.08172465534477968,-0.009360419391396528,0.0049364931656200725,0.4833538221904479,0.08554108119199508,0.0002022443534823795,-3.685354845173183e-05,0.003711265091935062,-0.002329334322643143,0.6116185903219525,0.7211126299430263,0.3491984159081384
25.189999999999998,1.0,29.0,29.0,1.0,0.014741864059399194,0.04013855026550661,1.0992686308092265,0.08492724874508374,-0.011624452769977665,0.00492091473778616,0.485876382981537,0.0886072617654667,-0.0023806895032854793,-1.555710999390225e-05,0.004258809594157392,-0.0037862458403495457,0.5345091963041552,0.6380453355311794,0.304862084500179
25.39,1.0,29.0,29.0,1.0,0.016135436280732926,0.03421699193527635,0.9924161241713425,0.08364367748611617,-0.010193595186922358,0.004905703099082226,0.492203759200693,0.08722685696008335,-0.001174838760195132,2.5410502543010693e-05,0.0003162725046830517,-0.001206365888672993,0.5601494070603281,0.6702217109668315,0.3138872314252129
25.93,1.0,28.0,28.0,1.0,0.015570914485249752,0.03713512608684781,1.021855852087435,0.08291722321204803,-0.010357000516696711,0.004845000947248084,0.5027038847446735,0.08521982018652645,-0.0002102549480021629,-6.328654721077243e-05,-0.000523190325704026,-0.00099169790009012,0.7121098960557505,0.8117353705188469,0.4120880171042356
25.950000000000003,1.0,30.0,30.0,1.0,0.016133459292840022,0.03771151308559421,1.4016185819356175,0.08288608648906931,-0.010876766787830486,0.004690918448393812,0.5031803316094625,0.08515873495014499,-0.0007098757437440738,-1.9158721606626905e-05,-0.00012428624441793157,-0.0011016595507338314,0.45601284594811964,0.4954041901455448,0.31380462342725124
26.15,1.0,34.0,34.0,1.0,0.01428866197160443,0.03927514506415537,1.0985874515599978,0.08373417795422038,-0.010667578862375128,0.0049282078165248135,0.5071277270279325,0.08613676272533129,-0.0003491273210003438,-3.279447781967537e-05,0.0008257435339746599,-0.0005466368809394412,0.5668491249950854,0.6758311755729838,0.33472707696712706
26.450000000000003,1.0,34.0,34.0,1.0,0.018622168252712457,0.031254447079629655,1.016259914694793,0.08113665474080722,-0.008075326995335249,0.004895156554759128,0.5152232492406478,0.08346452815117686,0.001987444151888177,3.4547501424953e-05,-0.0022463597295308,0.0022275688200999602,0.6420148795449754,0.749532619411581,0.3700186642708026
26.589999999999996,1.0,31.0,31.0,1.0,0.0165537292606839,0.03265275135924791,0.9865035166132582,0.08280119808149994,-0.00908876527249963,0.005040913243358438,0.5182058096435879,0.08447939220009477,0.001228761520310765,-1.9300123885623854e-05,0.0011289438542059632,0.00039378033199899073,0.5411717072926349,0.6425319897618358,0.3209577455882856
26.75,1.0,36.0,36.0,1.0,0.013766833573907698,0.03860055400586154,0.8724890570914738,0.08335977875908138,-0.010273034579328323,0.0049710805005378856,0.5243014265579637,0.08598656804551508,8.091887481574342e-06,-2.017030824130739e-05,0.0010190587394288686,-0.0009183712741247145,0.5475274895060993,0.6523034861392989,0.31789027577792106
26.950000000000003,1.0,35.0,35.0,1.0,0.013538721345330178,0.03690307571103092,1.1195565932781577,0.08102061810125694,-0.007558688375473439,0.004844476134527876,0.5295924014811887,0.0829084606830392,0.002368299531591259,5.1061255789797144e-05,-0.0019333321093582129,0.0020858608934044877,0.5766793635640592,0.6865849775541663,0.3271892901796689
27.15,1.0,39.0,39.0,1.0,0.014400064006576235,0.031967314537465256,0.9881547656385277,0.08015579071066488,-0.006094041253108647,0.004820692667871943,0.5345786520268706,0.08240127509863121,0.0029937185665688208,9.42311442783117e-05,-0.0014273989243782509,0.0028718605372889507,0.581960234438825,0.6901021283368621,0.331373445933236
27.35,1.0,37.0,37.0,1.0,0.015199532472243043,0.031777452509705865,0.7804244162322573,0.07851861866966825,-0.005651911752881495,0.004794026681814165,0.5371057282781393,0.08153428996815869,0.0034932678108905374,4.372839576283205e-05,-0.0020609251440624754,0.002364818946911601,0.5840633432812931,0.6922489934174495,0.3332409878574118
27.549999999999997,1.0,33.0,33.0,1.0,0.013058669537061694,0.03743575242777314,1.0801690587445667,0.08010235261686384,-0.007407879612940477,0.004848783645154721,0.5429063055679006,0.08295609955789805,0.002040960250815743,-1.929172882186858e-05,0.0009906901155532916,-0.00017727570142246106,0.5844270006142767,0.6923294464242352,0.33406843017189247
27.83,1.0,33.0,33.0,1.0,0.013343071605521485,0.03629371211446933,0.9953664995719281,0.08124317413871066,-0.008595838680133677,0.004891098716585882,0.5501239302337587,0.08447249436837827,0.0009454042482344351,-2.864856344841904e-05,0.001498341923553262,-0.0013076081062759512,0.6328733530435121,0.7418367708513784,0.36299520782477124
27.950000000000003,1.0,32.0,32.0,1.0,0.015696952984451656,0.032190093852409396,0.9122302110414805,0.07860962191502169,-0.0065884308897686495,0.00481182340614947,0.5543309417422445,0.08195305921670902,0.002940453948275944,1.5102180063286674e-05,-0.0022133634397588364,0.0011716546721206311,0.5292619461022897,0.6213316834525939,0.3169593104934473
28.229999999999997,1.0,36.0,36.0,1.0,0.015846169687625408,0.033754077540676,0.8399764660085552,0.08149220863539773,-0.007897806745383196,0.004915027840290435,0.559271431786246,0.08411949048726688,0.0013662702035963752,6.3043095188675125e-06,0.002080374519669692,-0.000505046071084792,0.6262385630659852,0.7383585072769129,0.35597814851402876
28.35,1.0,36.0,36.0,1.0,0.015429580160574795,0.03716346771568951,1.0227458154123799,0.08005655401323829,-0.0070755112968638335,0.004880429412145785,0.5626659861500077,0.0829733252751452,0.0023377789099963808,2.106905544141391e-06,-0.0008654573882685701,0.0004940215465278047,0.5277871013480565,0.6207831103740258,0.3136709023045718
28.65,1.0,38.0,38.0,1.0,0.017618643947999096,0.03704170563739114,0.8607951282265868,0.07951488132143933,-0.008036384963968265,0.004780283715806486,0.5695265925627685,0.08270874148320359,0.0022229271919275515,-6.318196232557582e-05,-0.0008193948353385355,-0.0006205661923809055,0.6360380850199641,0.7450594144974723,0.36155024571353284
28.75,1.0,37.0,37.0,1.0,0.017401886555501365,0.03351924599429012,0.8703925748386443,0.0810315441995998,-0.00914977882835029,0.004780812778050674,0.5731256844799394,0.08311416187487795,0.0017279863118522653,-8.029367480200111e-05,0.0013354470156569237,-0.0015082575739321,0.5115199689719935,0.6040028527736423,0.30832005288720304
29.15,1.0,40.0,38.0,0.95,0.016184863289382168,0.03685291649718766,0.73858251380734,0.07995798637636332,-0.00883705350774405,0.004920412090857855,0.5823861438477086,0.08329114020321775,0.002261796492178893,-5.449411891189637e-05,-0.0004688871476824369,-0.0007327540276328964,0.6824606749572995,0.7875306850064087,0.39215203558211986
29.33,1.0,37.0,35.0,0.9459459459459459,0.01410658523817216,0.038663994613275895,0.7045411770135572,0.08174804117575102,-0.010055316301901526,0.004918835541919693,0.5877092731672569,0.0837725548181354,0.0017103150453782901,-8.072445416273943e-05,0.0017353680707735825,-0.0016628357536641928,0.5863632169796678,0.6883924513883494,0.3522149393548709
29.589999999999996,1.0,38.0,36.0,0.9473684210526315,0.0180872497787093,0.03195702272596705,1.1344427317153418,0.08138832645250026,-0.010525826998162176,0.004862308622716414,0.5975164717635078,0.08397023649973147,0.001325598133457121,-3.997413224787749e-05,0.00027004197314120515,-0.0015508797399708084,0.6210132584627034,0.7264914180717892,0.36351952497953544
29.729999999999997,1.0,38.0,36.0,0.9473684210526315,0.01645394396639857,0.03321876827652698,0.948189058389628,0.08063111060046911,-0.011953605480436955,0.004872767456157724,0.5988538212064437,0.08454575063661826,0.0008119076843625031,-9.24142594557198e-05,-0.0006693949858896792,-0.002415619120602256,0.5452389498163883,0.6482006236125685,0.324968180092412
29.93,1.0,41.0,39.0,0.9512195121951219,0.01546958740835804,0.03817622899950135,0.6992196017165404,0.08264552921060861,-0.013379371721648228,0.004899059432052697,0.6038370737334843,0.08595169741761909,-0.0003002440430109436,-8.769156260535205e-05,0.0018311780436636033,-0.003055726876431591,0.5774254825669624,0.6883178745661521,0.3303800824730576
30.130000000000003,1.0,40.0,38.0,0.95,0.017253471802277,0.03480382827882915,0.7854796839119992,0.0822907304170185,-0.012792180786246356,0.004849374607667863,0.6116808522353911,0.0848874187099826,0.0007727430535899616,-6.327865001998223e-05,0.0003060722370705343,-0.0014615839925960813,0.5832775466523487,0.6923118511885572,0.33279384099576664
30.33,1.0,41.0,39.0,0.9512195121951219,0.017280763930113165,0.03270931856218979,0.7883346461591206,0.0833459190562701,-0.012390533517924835,0.004878318832021342,0.6137712711959913,0.08565483356236644,0.00018868291056685534,4.5226394114639135e-05,0.0011753599700942974,-0.0005742478420795898,0.58429100878419,0.6927778587622127,0.33387149158577734
30.589999999999996,1.0,42.0,38.0,0.9047619047619048,0.014522763077596304,0.025626053247600932,0.7273162552194602,0.08435092328082966,-0.012864131837056153,0.00498683719978121,0.6209556818184663,0.08643354316828812,-0.0004081295031583901,1.9944353984335805e-05,0.0014526381700822322,-0.0008574454601728815,0.6216922782886255,0.7283418996119501,0.35600607089237823
30.79,1.0,42.0,38.0,0.9047619047619048,0.012722202714090535,0.02201566020253228,0.7195536028699703,0.08243441306686528,-0.012394392579304732,0.004981757711802695,0.6273450747382221,0.08575342376225707,-1.1174151597886234e-05,2.281367079115526e-05,-0.001442792544733798,-8.502369020326317e-05,0.5908252866598676,0.6961108872129633,0.34401140596441754
30.93,1.0,40.0,36.0,0.9,0.01304521944254971,0.02660935777208921,0.8303675865584106,0.0826673889845822,-0.013318300049386951,0.004929229017376888,0.6320283577331689,0.08604283248988585,-0.000849339025368219,-1.0099084419845639e-06,-0.00014759774259047453,-0.0009767781879708379,0.5389078986690932,0.6444017555394767,0.31595843951158703
31.190000000000005,1.0,42.0,38.0,0.9047619047619048,0.015093657332741156,0.032256050115167675,0.6530812482340805,0.08281731701390442,-0.013356643677637189,0.004936438383346353,0.6377866623454406,0.08566243662337074,-0.0001901327306671127,-5.297312381891128e-05,0.00017083460553538043,-0.0007062299633343818,0.6151859023307189,0.7248056647358444,0.3484894231778058
31.330000000000005,1.0,40.0,40.0,1.0,0.013757731067201883,0.033068009646394655,0.9094148073335527,0.08467401454401326,-0.014312047748409131,0.004960025246941514,0.6387388180000356,0.08723554995491,-0.0012132040010284471,-3.530624101633073e-05,0.001916582838503697,-0.0014158494019278684,0.544029623254224,0.6478890059484279,0.31804992687530087
31.529999999999994,1.0,40.0,40.0,1.0,0.013671530841862919,0.038559546358375156,0.6751852625743012,0.08312878411818905,-0.012795753919074945,0.004953623821941348,0.6442043704692361,0.08534320736219321,0.00037340637439020954,3.5432586984462944e-06,-0.0007972670083760541,0.000549339952599499,0.577395869341586,0.6883499314933328,0.32726334259547973
31.729999999999997,1.0,44.0,40.0,0.9090909090909091,0.015845551380908707,0.035271943987962004,0.6957603618156636,0.08283714880378061,-0.012795134059374286,0.00493232896099786,0.6512000554728148,0.08535594000855272,0.00035342366396627113,3.620600017240072e-06,-0.0004482647414173896,0.0003713630557167976,0.5832719408210835,0.6921671527704341,0.33140495603396414
31.970000000000006,1.0,44.0,40.0,0.9090909090909091,0.01866641797738778,0.031103663839460224,0.8207730598452865,0.08471805009154007,-0.015004071543840978,0.004946099915811981,0.6553838635666279,0.08738200791067248,-0.0013704066048229027,-6.585435981631971e-05,0.0017973835322728227,-0.001959696104934728,0.6095785541735254,0.7189839668425116,0.3478990027705118
32.13,1.0,45.0,40.0,0.8888888888888888,0.015956496762682765,0.03511230072135487,0.6746133959682845,0.08469136243541919,-0.015498422746077887,0.004963950312375704,0.6607360078182403,0.0885428206531113,-0.002291929505933774,-4.861226270191921e-06,0.0005528554879974668,-0.0017747961710988917,0.559183085634021,0.6616776360738592,0.32552219465813725
32.38999999999999,1.0,41.0,36.0,0.8780487804878049,0.015172313585447603,0.03972274087831777,0.8139449123590817,0.08359155241637499,-0.013920295448832887,0.004930454832856201,0.6666990201460417,0.08654535450098447,-0.0008448449457734136,3.6535372314516756e-05,-0.0008266476481054441,0.00038005630212051647,0.6191559584353086,0.7275492127038808,0.3525252319641471
32.550000000000004,1.0,47.0,42.0,0.8936170212765957,0.015477444054417927,0.03398000542792723,0.8308098565135446,0.08539224247260684,-0.01557529602436965,0.004918167852752126,0.6725474269641736,0.08872847010358201,-0.0025575062019545687,-9.466918407974312e-06,0.0016583283107649005,-0.001407576180326333,0.5595889066318418,0.6603633293771627,0.32761960663829987
32.74999999999999,1.0,44.0,39.0,0.8863636363636364,0.015429126732192072,0.03133046678007567,0.7882645228456333,0.08503384249857292,-0.015116794902637355,0.004932384014691931,0.6771265176590365,0.0882457467575249,-0.0021220247465624925,4.557102609048513e-06,0.0002726788745930908,-0.0004912703162118048,0.5789522390460017,0.6880463312182553,0.3315665991196549
33.23,1.0,44.0,38.0,0.8636363636363636,0.01348228982262365,0.028555209835515145,0.6678171746829085,0.08407804370772505,-0.014611378001226373,0.004942620460694038,0.6879597455701733,0.08717953008220765,-0.0014689258184780278,4.697579065848778e-06,-0.000710391800551366,0.00017662639057084697,0.7186473329881308,0.8174683528351985,0.4238834548333494
33.29,1.0,44.0,38.0,0.8636363636363636,0.01604631997721377,0.02798590495220252,0.6819106100469357,0.08404396123983723,-0.014213754929110022,0.00492010100452055,0.6935104052728402,0.0860295058576577,-0.00032825705587035195,-4.354319749821922e-05,-8.223350954728037e-05,0.0005006459471351693,0.4905653937262602,0.5583261983642173,0.3217568084464225
33.550000000000004,1.0,43.0,35.0,0.813953488372093,0.016173346370332423,0.03245433054058744,1.0616048020949493,0.08569023754119252,-0.016682783446885507,0.0050074543680282135,0.6981241008866139,0.08824375443183254,-0.0021429317041872786,-0.00010897084064032114,0.001676907908928757,-0.002129222103314635,0.6083254424529072,0.7189562037696834,0.3509425818502354
33.690000000000005,1.0,48.0,40.0,0.8333333333333334,0.015340311360752285,0.035424788885922556,0.7485440948710355,0.08550470457933383,-0.016337897282649044,0.005003198223260186,0.7011066997814229,0.08769335884101677,-0.001791089668351212,-3.467192864459179e-05,0.0003325345825885423,-0.0010400262772952101,0.5405731923534617,0.6438832693201779,0.3191878911069889
33.88999999999999,1.0,48.0,40.0,0.8333333333333334,0.015583760750069304,0.03840842729226848,0.8155833849954297,0.08377366135662821,-0.015011641050902287,0.004955208602112293,0.7080412482390728,0.08604661030371283,-0.0005633000809226844,1.7056835215023547e-05,-0.0015040138722231394,0.0006177741352115288,0.5767777330035582,0.6880899300681816,0.3277761780680748
34.089999999999996,1.0,51.0,40.0,0.7843137254901961,0.01644563556014323,0.03332894650862746,1.04010300898324,0.0844992148829107,-0.01692650376302186,0.004957164992489597,0.7132110617235928,0.08770558651835184,-0.0021125429297660456,-4.778896708446112e-05,0.0003360201653296452,-0.0014966021698455763,0.5831647052286508,0.6924132036565147,0.33163538654622093
34.29,1.0,54.0,46.0,0.8518518518518519,0.027287257419262433,0.0640684415496871,4.371266281018938,0.013654805603720219,0.05942083769397661,0.025169350394407423,0.7175339803676503,0.016396465239955204,0.07419268310093091,0.0010379013221820665,-0.07068031767935484,0.07534644740129554,0.58309057885235,0.6910403986890693,0.3333569103813229
34.550000000000004,1.0,53.0,43.0,0.8113207547169812,0.02792712920775309,0.05681974721287775,5.387719825926225,3.3298548646092715e-06,0.0784806129302608,0.02563036238799339,0.7240976810661613,0.002265229710119613,0.09330594014201544,0.0006364401666950625,-0.03557486284913419,0.06937277611344814,0.6230524173201627,0.7301710588914135,0.3557931875397915
34.690000000000005,1.0,52.0,42.0,0.8076923076923077,0.024902498431137433,0.052400766732975376,5.68316457920095,-0.0256764015078601,0.09643272265019301,0.02131198018230599,0.7256753935066177,-0.02237935356701544,0.1111024074765207,0.0005660449043020099,-0.03535147973460312,0.06269998209820583,0.543859040857831,0.6450432200554734,0.32142972119566104
35.029999999999994,1.0,53.0,43.0,0.8113207547169812,0.025852477895690243,0.05156787123339274,6.116032853370861,-0.028390801200030142,0.10099878049553432,0.022573440684602708,0.7361331215277106,-0.025117468230049646,0.11594696788749802,0.00016929838044910106,-0.015835001225984385,0.04713800032068366,0.6592148666868433,0.7661132837629564,0.37800564020556543
35.15,1.0,58.0,48.0,0.8275862068965517,0.02984937219233237,0.06645565557094861,6.226493894515124,-0.023415762227238925,0.10048847583033835,0.027143060746404626,0.7397596741060523,-0.020393419326178514,0.11577999050482131,-0.00012741622187673052,0.0009770947128760928,0.02884006196791311,0.5355440070203704,0.6245816373976901,0.3238912894031932
35.24999999999999,1.0,51.0,41.0,0.803921568627451,0.02614333934903694,0.05278239976453315,6.011726236451858,-0.023109160057339553,0.09453706279677021,0.02358370571287774,0.7412487346805143,-0.019412598477172586,0.1100111384682595,7.332085297240276e-06,0.0005371762959016681,0.013545845594822054,0.48700064104939267,0.5833709950705042,0.28982334443660424
35.550000000000004,1.0,54.0,45.0,0.8333333333333334,0.029904899800319296,0.07131866891082744,7.023435381867585,-0.03886028197238206,0.11203482112908142,0.029735298878986145,0.7506240969924612,-0.03515199815095583,0.1279025774332413,0.00030278480298373545,-0.016302382696283615,0.027117211779493403,0.6324890532462295,0.7428125781703451,0.35167759498712414
35.690000000000005,1.0,49.0,35.0,0.7142857142857143,0.014133560598402733,0.03433904698691662,0.9238907638383032,0.08246574649650391,-0.014764006194261955,0.0049211599155419864,0.7521502332823956,0.08485491006866928,0.0010572540045235331,-0.002097753618776399,0.11677272186717318,-0.10918537287642884,0.5465780143996289,0.6458455416495125,0.31952773746797564
35.85,1.0,45.0,32.0,0.7111111111111111,0.013790919395497057,0.03308832026979088,0.8827284313692806,0.08552031156084883,-0.019028059898776564,0.0049359706702975185,0.7532171169392373,0.0876534046601187,-0.002394101160160391,0.00020646000855151225,0.044368946269366306,-0.07873787473349972,0.5455091335345055,0.6500475080363156,0.3123667363685413
36.13,1.0,53.0,42.0,0.7924528301886793,0.028471060764603335,0.12580138241109629,3.896763980532828,0.039109797329082846,0.031911544244973264,0.03637572087713977,0.7627083862569124,0.04157618849339829,0.04788501853882658,0.0012928338424240682,-0.031162344095282173,-0.0032337486116380335,0.6287372105508809,0.7400431140923461,0.3540654379754798
36.35,1.0,54.0,42.0,0.7777777777777778,0.01563239663424014,0.04008756543642883,0.7066949140566428,0.08560569708830008,-0.01804156247472116,0.004924039586745363,0.7657705960310164,0.08825122892554726,-0.002251618995145085,-0.00042680502899283823,0.038270785736349795,-0.05198047552114261,0.6049930520204831,0.7070932171779725,0.35036400142223373
36.449999999999996,1.0,51.0,45.0,0.8823529411764706,0.024752521449052104,0.14821329864412952,2.2022813610548893,0.06827616954390078,-0.0001320238849240596,0.0356739129219674,0.7701244306924797,0.07208922940314103,0.015656884328255405,0.00031991913133400107,-0.0061605444682740484,-0.015911437884485524,0.5040604082986477,0.5977650807611637,0.3029264756327989
36.65,1.0,45.0,39.0,0.8666666666666667,0.017247535429658803,0.0331438216883235,0.8342642908169191,0.08535453840798829,-0.017695610299258643,0.004917784422152703,0.7733543622330361,0.08771332067343274,-0.0017497809101600335,-0.00016357655266519,0.014569759894005788,-0.02864403106879667,0.5689389181297129,0.6814045103178145,0.32034936885657234
36.93,1.0,46.0,34.0,0.7391304347826086,0.014364851345644107,0.038858581878597136,0.7316957235615816,0.08290583283692235,-0.016590535117403923,0.004958345335795705,0.7845916962230084,0.08647127026729647,-0.0005540874958679283,1.3218546783599905e-05,0.002183754859053283,-0.01837974836809809,0.6326504544637447,0.7436472211921057,0.35737418755644895
37.050000000000004,1.0,52.0,39.0,0.75,0.015633800460634395,0.038550481010490356,0.683331440292491,0.08624064817971004,-0.01864145680903998,0.004934692994915471,0.7841866798367575,0.08873279797940062,-0.002702803756185288,-3.218541653449147e-05,0.003909128201050549,-0.013868177787602862,0.529219667592059,0.62188410989803,0.31432915294944436
37.330000000000005,1.0,47.0,35.0,0.7446808510638298,0.015800700555584548,0.03093898021937983,0.8747968451149236,0.08484951346618848,-0.019189692694323926,0.004894395889020509,0.7956951157425872,0.08901600617201097,-0.002904693310103026,-3.10859436691846e-05,0.00019507932517190407,-0.01006000864932174,0.6262369539693612,0.7385519627466173,0.3548785617482152
37.449999999999996,1.0,46.0,33.0,0.717391304347826,0.014725288910608652,0.031420641761005626,0.997106302615073,0.08760974538955624,-0.018321593000404153,0.004909857732016448,0.7951249076102561,0.08936943000547008,-0.003205063966682971,7.494988881251441e-05,0.0028132962374326637,-0.005622373087370177,0.5277873736308579,0.6213274470980938,0.3131536615531773
37.65,1.0,47.0,33.0,0.7021276595744681,0.014284031800851039,0.03621925022096299,0.8953078898284575,0.0871036546577153,-0.01691299416765237,0.0048488764746234285,0.8019227194519185,0.0885452542939454,-0.0022963309613636285,9.415016623470773e-05,0.0006585522833751772,-0.0024548211703133197,0.5744750852043484,0.685938580137418,0.3250388659856409
37.93,1.0,54.0,42.0,0.7777777777777778,0.03012314562591944,0.10018990201323244,7.467512274808364,-0.02388682999011846,0.10861617984487074,0.03239718570597751,0.8112867889071042,-0.019995271694324024,0.12386674661027866,0.0016415716496043231,-0.11065194899955805,0.12387102594158898,0.6324498179686988,0.7430880091760091,0.35930842065349905
38.029999999999994,1.0,57.0,46.0,0.8070175438596491,0.03491687465385524,0.08809253295408392,8.509019069001107,-0.04514352889341227,0.12,0.03770047413968823,0.8169703764154695,-0.041082490938206144,0.13535456177998373,0.0009658033419793766,-0.049923843042172136,0.09098308782430164,0.5108099442948474,0.6036122830118673,0.30724394994385046
38.330000000000005,1.0,61.0,49.0,0.8032786885245902,0.04460783074953015,0.1082052829949945,9.079622881881336,-0.061509563160236355,0.12,0.04816666410361666,0.8212438210156111,-0.05854822662411175,0.13295876987570476,0.00037200821470340095,-0.03646005892536386,0.06314453563181237,0.6351831966727841,0.7448822793581426,0.3589195063472739
38.449999999999996,1.0,63.0,51.0,0.8095238095238095,0.042132251065707796,0.10267413644961347,8.852370324464378,-0.047213326822820235,0.12,0.04583800647895562,0.8210438961097599,-0.043727625808521416,0.13221552774565237,-0.0003142730189840126,0.004960578007435899,0.040542487526684254,0.5303712298480123,0.621424858686388,0.31505509243784263
38.73,1.0,45.0,31.0,0.6888888888888889,0.07464913160019501,0.1131877171331775,7.979532034200201,-0.1215213169092697,0.12,0.07670097518263673,0.8305292202793583,-0.11815734038629144,0.13251082510914614,0.0008633437239022879,-0.07322148043055675,0.02776644760585234,0.40963499711166446,0.5362949404301004,0.3479493580440433
38.830000000000005,1.0,45.0,34.0,0.7555555555555555,0.06867344571613375,0.113780561434248,7.944872492427407,-0.11408019037988261,0.12,0.07151549833108801,0.832338780023044,-0.11067725067448482,0.1326117051631267,-0.0005264033305302229,-0.026722478460502783,0.018205644820756192,0.40795521475035956,0.5039182977889457,0.3071825198201815
39.07,1.0,49.0,33.0,0.673469387755102,0.05460579141427462,0.12856315020547934,7.597261829688758,-0.08655988385848899,0.12,0.06318887944692045,0.8384921230439041,-0.08394307746513974,0.13308747858926606,-0.0009479535703192932,0.013548479104419114,0.012637927353063183,0.5328555218765928,0.6431434180838544,0.3374323717713404
39.27,1.0,50.0,41.0,0.82,0.10599778772433112,0.15773134835228597,8.493618442791666,-0.1692811862443105,0.12,0.1075934074375975,0.8457584338014175,-0.16706122515311964,0.13361625442054936,0.0009017526515903151,-0.07858245499236183,0.00835274539506403,0.26568415061151857,0.3555874880706728,0.3359225282877623
39.43,1.0,53.0,35.0,0.660377358490566,0.10149238995240359,0.1486661870633522,5.848902895611623,-0.1518176740993728,0.12,0.10397124423299746,0.8480041486962928,-0.1492770449665101,0.1339323631346202,-0.00036769106167000576,-0.03345489891920932,0.00562294801537061,0.3048730602702187,0.39913160117362856,0.32003179926383046
39.669999999999995,1.0,52.0,40.0,0.7692307692307693,0.12283202646830471,0.1740533545611578,6.853579048018422,-0.17650535460872632,0.12,0.12462417160799433,0.8538655929601626,-0.1745856821181923,0.13456051767281207,-0.0002432967774219641,-0.04542638340802002,0.003846045202000714,0.2709191850315645,0.36531648430385244,0.34302783439797374
39.88999999999999,1.0,54.0,42.0,0.7777777777777778,0.13743473536311515,0.19567331844563315,6.252046882291919,-0.1970676684037013,0.12,0.13929946150742514,0.8615757315307018,-0.19366761213838143,0.1334093913565252,-0.0004445906276285827,-0.05028705709208567,0.0025533557738698087,0.2501981748932592,0.3354713944815134,0.3456720981323606
40.089999999999996,1.0,55.0,41.0,0.7454545454545455,0.1363358032492853,0.18823155673053166,6.4645340484172955,-0.2,0.12,0.1379365280662004,0.8651394904576594,-0.1957814624589939,0.13347198253762105,-0.0007307391163938748,-0.036767770134269184,0.0017083481794166742,0.26713423018594307,0.352871912045916,0.3395372702588422
40.23,1.0,53.0,45.0,0.8490566037735849,0.14570465453411677,0.24744235877271248,6.9938144795476465,-0.2,0.12,0.14617437966510669,0.8687326663217242,-0.1951653104179866,0.13345719829007713,-0.0008621653797165063,-0.024226409282287087,0.0011493185470963507,0.23450951928940375,0.30716068457211465,0.3138606726935259
40.43,1.0,69.0,59.0,0.855072463768116,0.15479249603650874,0.25477137412450346,7.398603851649642,-0.2,0.12,0.1554791120397485,0.8764938142219089,-0.19579819406184265,0.1337190523268864,-0.0008649326323311168,-0.017715458873625856,0.000799807742629971,0.22685188318250488,0.3014179142804701,0.32536260083957574
40.63,1.0,64.0,47.0,0.734375,0.15661410075351873,0.2576972407427635,8.268572644229224,-0.2,0.12,0.15754269235849183,0.8807973111409949,-0.19392299254608816,0.13449545718052247,-0.00043931945701636277,-0.0128648121848918,0.0005505626974856014,0.23320438932389875,0.3092434786091617,0.330557620491055
40.830000000000005,1.0,61.0,43.0,0.7049180327868853,0.16225389464132667,0.2623938062027661,9.25756440853133,-0.2,0.12,0.16183729332512742,0.8860543649531529,-0.19327786905871436,0.13462100785275538,-0.00033032900612739446,-0.009511329385508499,0.0003750744040628418,0.23105897973667647,0.3059594197225511,0.33287775004445364
41.029999999999994,1.0,72.0,58.0,0.8055555555555556,0.08584863145596158,0.227730506364254,7.332335500073083,-0.08561301121603127,0.12,0.10328097690563423,0.8901029969202024,-0.08032256720706424,0.13466028892752335,-0.002148959177481591,0.10707634169265612,0.00025490237429062756,0.4319579436624689,0.5258627139786101,0.33390744038503367
41.23,1.0,71.0,60.0,0.8450704225352113,0.0854020557432062,0.2258022161469812,8.687413351095163,-0.10543684135080511,0.12,0.09708573016419896,0.8952761956750293,-0.0998507002571044,0.13423323574007984,0.0004758024423225926,0.030331053648544118,6.896099048284143e-05,0.41444890076110935,0.500175630568722,0.334364782651207
41.43,1.0,65.0,53.0,0.8153846153846154,0.06981292514080462,0.17860330817042608,8.64875461086642,-0.09947641631588501,0.12,0.07710080861585605,0.9006499430336539,-0.09342745005098123,0.13418623093438853,0.0006415398997666744,0.02047491638171474,2.0242258230968035e-05,0.5017602396695208,0.5908346819701229,0.33456667052185135
41.63,1.0,67.0,55.0,0.8208955223880597,0.08670133561094351,0.18319350880035987,7.524560726768773,-0.11356220349728577,0.12,0.09278253688617173,0.904792246348122,-0.10822917944339738,0.1341050692298652,0.0007036197730982963,-0.006177295761364318,-9.36982696797539e-06,0.3704315425758829,0.46170694832223386,0.33465724405795033
42.029999999999994,1.0,65.0,50.0,0.7692307692307693,0.111293038895272,0.2065469179017329,7.606814000440958,-0.14513686809318774,0.12,0.11574335537062502,0.9162947759704609,-0.14023502509346822,0.1327375820957991,0.0006416277561520634,-0.036241101468684464,-1.307997466726274e-06,0.353243432505875,0.4645063742510121,0.40173021647946244
42.190000000000005,1.0,66.0,49.0,0.7424242424242424,0.12899737091904193,0.2112383303510765,7.123217550818733,-0.17416257434915577,0.12,0.13218191829239526,0.9198273975998894,-0.16746453585589205,0.13305723515820256,0.0005252656281530266,-0.048778697806960966,4.1652913279510706e-05,0.2677966013554574,0.34651832670113436,0.3491547824161805
42.38999999999999,1.0,68.0,48.0,0.7058823529411765,0.14009475705212907,0.21715384676050495,5.6995474643714745,-0.17820733309282788,0.12,0.14292742348022142,0.9256868073241924,-0.17312540656181488,0.13368347536723568,-0.0001277535983773559,-0.036606386242461514,5.68195771263047e-05,0.24818791383276623,0.3259218332452059,0.3410526243487859
42.589999999999996,1.0,63.0,46.0,0.7301587301587301,0.1529932754395336,0.22286336886429375,7.619407125070859,-0.2,0.12,0.1550935752999381,0.9311006350727796,-0.19412891249268338,0.13396918756128778,1.028518501811071e-06,-0.047066465701639026,6.148525921700898e-05,0.22876645189246902,0.3035127510134986,0.3375160877026807
42.830000000000005,1.0,63.0,47.0,0.746031746031746,0.16042225367190566,0.24922760511196906,6.296211452755286,-0.2,0.12,0.16162535325725394,0.9375384593539487,-0.1943472115564124,0.134067581851386,-0.00044086698615375397,-0.03355049166768573,6.591223666904678e-05,0.23423844844247776,0.3139039198704239,0.3504878839882274
43.050000000000004,1.0,65.0,47.0,0.7230769230769231,0.1677474923002529,0.2593885099629082,9.095531404169472,-0.2,0.12,0.17013423800023073,0.9447152228950595,-0.19406155269653888,0.1345485043548743,-0.0005228854280791007,-0.023867583253462693,6.252612052973228e-05,0.22499319844852403,0.29932784564591086,0.3488505979003721
43.190000000000005,1.0,61.0,46.0,0.7540983606557377,0.17083693305713266,0.2641597933998386,9.793412490499744,-0.2,0.12,0.1727989548412725,0.949150226587545,-0.19485811251647267,0.13403398409576217,-0.0008143634527123522,-0.017279014000242898,5.56981926187472e-05,0.21029406828002445,0.2756862166122757,0.3182168797936292
43.38999999999999,1.0,72.0,46.0,0.6388888888888888,0.17789027634995244,0.2670722720845288,7.269006910778012,-0.2,0.12,0.1795967218504981,0.9521821030821583,-0.19550882367749542,0.13434555202389153,-0.0007926753005155218,-0.012882012938447901,4.705172213259612e-05,0.20587900491147662,0.2729762102912594,0.32734045815924173
43.65,1.0,68.0,54.0,0.7941176470588235,0.15461386458286627,0.2760226962732627,10.468844022811322,-0.16393215095627964,0.12,0.1595272005517291,0.9589167213808377,-0.16008123839675778,0.1342660823851899,-0.001302619517474124,0.0258170144298423,3.643570735098467e-05,0.26862458222761115,0.35163732030681627,0.35328803208847276
43.79,1.0,59.0,39.0,0.6610169491525424,0.19179330057638058,0.31638357814591694,9.241436483449563,-0.2,0.12,0.1952066244584072,0.9608691410547529,-0.19500371589077434,0.13446262154443994,4.231197419746202e-05,-0.01949897043867052,8.172974321568605e-06,0.17874376882280935,0.23482083704887174,0.32027437732264974
44.050000000000004,1.0,57.0,51.0,0.8947368421052632,0.1528809613731805,0.2981871263844522,7.694502302950371,-0.1589177959438331,0.12,0.1574196644417145,0.9688071693150672,-0.15432391352337818,0.13543435006641846,-0.0005430422225032316,0.02515461409955938,1.0420307256286952e-05,0.2774935151273541,0.36004682727329457,0.35031916531149815
44.190000000000005,1.0,58.0,52.0,0.896551724137931,0.14939583308660953,0.3030058855402934,7.890139951699308,-0.1544611363717548,0.12,0.1557806585004458,0.9737727610311997,-0.1490259363715598,0.1359459667027652,3.9908794421505966e-05,0.019961741958958668,-8.423713121596954e-06,0.25520687399367964,0.32374239258791726,0.3188988236118969
44.38999999999999,1.0,60.0,54.0,0.9,0.15025799923958905,0.30787318145341225,8.830638183099506,-0.15947582359198287,0.12,0.15370976204652426,0.9785722872973676,-0.15447015978856965,0.13571356128685375,0.00024451516759504965,0.007912440914794622,-1.6829009600705106e-05,0.2594236624561749,0.33171523896109123,0.32764827399611895
44.65,1.0,52.0,43.0,0.8269230769230769,0.1474101544690456,0.252420501776682,7.67438643688285,-0.17570776230243926,0.12,0.1510160361003568,0.98573772008924,-0.168610430977312,0.13659436382788337,0.0009687210919441247,-0.011731013788405964,-1.561792048029864e-05,0.27889199238503765,0.3592865494888374,0.3534168166520456
44.79,1.0,57.0,47.0,0.8245614035087719,0.14814286291048903,0.25465238293988296,8.082857364924678,-0.17770012959668888,0.12,0.15164027592496196,0.9885047343872191,-0.1706486608651395,0.13674015324720068,0.0006402589711989037,-0.009821552629017904,-3.125099359513328e-06,0.25328866429024305,0.3214871471621893,0.32033342626652433
44.99,1.0,50.0,39.0,0.78,0.1535436460588636,0.2596085930392122,8.42599572186384,-0.1889900568069871,0.12,0.15590968197893681,0.9952612161976874,-0.18205468316995896,0.13671276790660197,0.0006016291044929067,-0.01873404570898679,2.131854283299317e-06,0.2450667596428109,0.3158406239640573,0.32829619983678643
45.190000000000005,1.0,53.0,40.0,0.7547169811320755,0.1602474826802054,0.2284496714632568,7.066052155602833,-0.2,0.12,0.16193174783452657,1.000219545431776,-0.19437399342576472,0.1368602010743033,0.00035931096707253474,-0.02439642128272032,1.1485217697532192e-05,0.2346836148641379,0.3057981736929336,0.33186981976428864
45.38999999999999,1.0,51.0,42.0,0.8235294117647058,0.16262403058453903,0.21543628248158517,7.789205752893498,-0.2,0.12,0.16342802969907466,1.004894300269588,-0.19428772112243764,0.13664312302722414,3.266522924727511e-05,-0.017497307031201503,2.0226643548948434e-05,0.23533143391632663,0.3072666872843851,0.33346153094515874
45.74999999999999,1.0,54.0,41.0,0.7592592592592593,0.16520381569094292,0.22260823374394148,7.251379023628775,-0.2,0.12,0.1662786353555361,1.016141243057069,-0.19304430163921293,0.13762964874974448,0.0002735837235063876,-0.013430919675868569,2.1443054300296364e-05,0.26564518309574997,0.3524862148445077,0.38898134247171756
45.79,1.0,62.0,54.0,0.8709677419354839,0.12991648593081365,0.2549141694339351,5.991468258935184,-0.13277378078303628,0.12,0.13968760715524134,1.0160237730020854,-0.12577472103701476,0.13762949132671876,-0.0011339868007125276,0.05839494744632889,2.2762032923284714e-05,0.28446234465143816,0.35097992590210425,0.29709291041787345
45.949999999999996,1.0,66.0,62.0,0.9393939393939394,0.14210616808647034,0.2953649752967313,7.739144458042282,-0.13077160358119752,0.12,0.15333792807749624,1.021086100421402,-0.12445548208452813,0.13764920095636268,-0.0003430402110844444,0.039275840116935565,-1.5307819150323088e-05,0.23491271313847228,0.2966012968137331,0.3015917947056786
46.23,1.0,66.0,58.0,0.8787878787878788,0.14539283599910044,0.3052124830163179,8.942842211570719,-0.12949120109090853,0.12,0.15621289717815515,1.03156281682166,-0.12305103017815151,0.13737569569212782,0.0001117532280254796,0.027642641831228568,-3.069523818657882e-05,0.25716560550931905,0.33866443718942935,0.3495403375807182
46.35,1.0,70.0,61.0,0.8714285714285714,0.1457705585234172,0.30658276288029485,8.348468247939604,-0.1319032078381764,0.12,0.1567858162655438,1.0324833151268407,-0.12452831292875985,0.137219037598601,0.0005405906586974929,0.015769461752388303,-4.127830872102667e-05,0.23417785212334546,0.2993225253057959,0.31062583562440726
46.550000000000004,1.0,74.0,64.0,0.8648648648648649,0.15165283987414568,0.31200696011356327,7.950958613160898,-0.13281216504960922,0.12,0.1633560456975616,1.0376724861335844,-0.125722443589527,0.13698757506896297,0.000547213247839462,0.009519741569489149,-3.5183552737433343e-05,0.22710237318873563,0.2963725245310008,0.32388786731894825
46.74999999999999,1.0,63.0,55.0,0.873015873015873,0.1443474681471805,0.27587203535352267,8.622525229638821,-0.14116342372352647,0.12,0.15097701502775998,1.0420298268959878,-0.13351668577165354,0.13679492907080915,0.0007276224354850758,-0.002150781435496546,-2.8105589565563527e-05,0.2632134378550923,0.34085474483518824,0.3298965061129555
46.93,1.0,66.0,59.0,0.8939393939393939,0.15554693385492704,0.30869899336381773,8.711778342132556,-0.15168309416939402,0.12,0.16340493620129903,1.0475097612155764,-0.14483323248181845,0.13746842065843434,0.0007330359932429253,-0.01255461534898955,-1.7808703863364528e-05,0.2278973963708165,0.29825120883987954,0.3249961596868534
47.15,1.0,57.0,40.0,0.7017543859649122,0.14061140802443067,0.23871781337985482,9.262533194276617,-0.15933332797861885,0.12,0.1435941677456971,1.054106792781514,-0.15210373997587015,0.1371236755836306,0.0006127429609528168,-0.017230551332570038,-6.142794849783861e-06,0.2882934794021351,0.3696330633898876,0.3378600969865737
47.63,1.0,55.0,44.0,0.8,0.1775880278234043,0.2519457359035773,8.319409001473208,-0.19452086201131022,0.12,0.179616726159341,1.0633799090578213,-0.18787136861404968,0.1375767326765932,0.0009208228738082358,-0.04706697054788672,7.502564503880649e-06,0.25345319440439007,0.34513916485324364,0.4259685327417054
47.830000000000005,1.0,49.0,37.0,0.7551020408163265,0.1845557280385523,0.26045508218863517,8.310357963248315,-0.2,0.12,0.18627015111957393,1.0694290973807477,-0.19332574714419673,0.1361073474356126,-6.942978930402077e-05,-0.03704110075864567,2.9967903805022678e-05,0.22788755733291516,0.30115468238186255,0.37279907065459317
48.029999999999994,1.0,57.0,43.0,0.7543859649122807,0.19051998427026276,0.278418624216722,7.427872442815086,-0.2,0.12,0.1924432305002497,1.0731025678178163,-0.1933225547915498,0.13604011705822294,-0.00042191036013861094,-0.02632820755918855,3.737974125544996e-05,0.21243405466773937,0.27879825801447017,0.35116244029275245
48.23,1.0,71.0,44.0,0.6197183098591549,0.19591045368843343,0.2894805931739918,6.8935438063183545,-0.2,0.12,0.19813632068983486,1.079878540637622,-0.19477226880247733,0.1354842971047273,-0.000812156315339374,-0.019828341070376093,3.421904338862802e-05,0.20192512867730153,0.26483143856142244,0.34192349164296976
48.330000000000005,1.0,75.0,57.0,0.76,0.17462650113578218,0.3449398937690513,9.221987322080732,-0.15484235143737285,0.12,0.1837297261192241,1.0826469212970289,-0.14982277377801997,0.1354847622734362,-0.0015210788940247522,0.030151385678931886,3.15353026118237e-05,0.20988537959080455,0.26749750771191083,0.29880256384962967
48.550000000000004,1.0,72.0,58.0,0.8055555555555556,0.18151984061690352,0.34601812454473774,10.965157592248655,-0.15007691624049715,0.12,0.18921951416335742,1.08490093481023,-0.14600965186397982,0.13517219425460458,-0.0011768141775223562,0.026546722131401607,9.499564423337548e-06,0.20744715449653364,0.2693256971310561,0.3261749129537648
48.830000000000005,1.0,72.0,59.0,0.8194444444444444,0.17687616845818743,0.3106663123338911,8.508504703195669,-0.15039177193229844,0.12,0.18454192095387578,1.0930744319744559,-0.1448656565867114,0.13349321543853632,-0.000715589094331337,0.018070789835105877,-6.075519503045967e-07,0.2327576213819313,0.3071799223068393,0.359779004318537
48.93,1.0,75.0,57.0,0.76,0.15497427777044526,0.3435594418212984,6.865547106909674,-0.12854232754701866,0.12,0.16738958774028476,1.0928816177666805,-0.12371127223741571,0.13332560710903152,-0.0007613968232893509,0.034339833774714584,-9.139094868521047e-06,0.24240766347459883,0.30663448325185716,0.3074737392966911
49.15,1.0,59.0,48.0,0.8135593220338984,0.16040662123592855,0.32836946029889336,8.632557343321608,-0.14468467985042166,0.12,0.16659714266878528,1.0973013788465882,-0.140520715055706,0.13264629323483035,-0.00020485294722760727,0.007141144277876849,-1.6482963154457186e-05,0.2464387103432338,0.31479867722672417,0.3300890250580319
49.330000000000005,1.0,58.0,49.0,0.8448275862068966,0.18530696433440286,0.33619347744538075,7.810094322211914,-0.16397561518242174,0.12,0.19240684862507657,1.103966238710612,-0.15867923219042937,0.1322390607984424,0.0002719770364540963,-0.015167604805893686,-1.3352561827356668e-05,0.1903340613486075,0.24866208490371117,0.32508398057356874
49.65,1.0,63.0,46.0,0.7301587301587301,0.16898456717856405,0.324959990082158,10.127244603876411,-0.15334221704849768,0.12,0.17358314181979176,1.1129041323136786,-0.14825476539139867,0.13158462925679026,-8.984093303965324e-05,-0.001861485036968924,-3.221501541167404e-06,0.2560107716929851,0.3366199465109715,0.37286417370681224
49.73,1.0,53.0,36.0,0.6792452830188679,0.16854767366798418,0.28674905833615816,7.04862935710071,-0.16869803868804362,0.12,0.1725625479509718,1.1163968136025304,-0.1636286508517784,0.13158482782081504,0.00011229746792884576,-0.016987593091384673,-8.042704591482153e-07,0.2230857370154248,0.28337928791038597,0.3056663454123154
49.93,1.0,55.0,35.0,0.6363636363636364,0.18415314790450954,0.2689436523552349,7.489218270531199,-0.2,0.12,0.18512673669550964,1.1184003444729584,-0.19518642485611545,0.13140350490293418,0.00025624675602942126,-0.04367563758126092,7.835393396188328e-06,0.20258944322818564,0.2634827444741309,0.32161354184972957
50.13,1.0,58.0,47.0,0.8103448275862069,0.15793697823714295,0.27865516254655687,6.879675653433594,-0.1389306035215793,0.12,0.16756497621399463,1.1251533847885657,-0.1338644986866369,0.13070934759788988,-0.0008620258167173489,0.027997255356373624,1.9248670272004054e-05,0.24282447697802279,0.31390252713561456,0.32887296716601866
50.330000000000005,1.0,58.0,36.0,0.6206896551724138,0.1883651961972917,0.27729528227335964,7.4560317206199755,-0.2,0.12,0.18975543182408536,1.1262472839121442,-0.19463861579502426,0.13079265748187197,0.0003237222138419149,-0.0419137248397885,-2.606697485946219e-06,0.19818515555981273,0.2605689308191524,0.33212820801728354
50.529999999999994,1.0,57.0,48.0,0.8421052631578947,0.16521011612270936,0.30218856837075647,6.796240016940044,-0.13811648763656867,0.12,0.17319552903749758,1.1344443083623346,-0.13399035283281735,0.13130004834242953,-0.0007734685565441435,0.02982943743175931,7.084816800506655e-06,0.23503753720826934,0.3063260864187799,0.33357580943535037
50.79,1.0,69.0,63.0,0.9130434782608695,0.16989765138061047,0.3072330879305054,7.515997886857497,-0.13319649715664048,0.12,0.17673406646607936,1.1428310601075804,-0.12787233467955478,0.13174827600023276,-9.832056635428188e-05,0.024609866260862395,-1.0857733654501267e-05,0.23788624191736207,0.31200180609494216,0.35588483559537665
50.93,1.0,64.0,54.0,0.84375,0.17519882640058573,0.30696307309472837,9.129530951993809,-0.12771687334580306,0.12,0.18374997256678696,1.1443410042309161,-0.12194356410024605,0.1316120115923861,0.00015407086737617703,0.022222284641112464,-2.237891704284789e-05,0.20815925565306978,0.26965299415142957,0.3214717074521643
51.13,1.0,66.0,59.0,0.8939393939393939,0.16755762705679556,0.3113175046208481,8.086762349476343,-0.12541522964061919,0.12,0.17513140430061822,1.1497139789623252,-0.11968724962899016,0.13146909613035607,0.00029497173799897247,0.01788356895962162,-2.288665090346975e-05,0.2286598088550652,0.29664051282968645,0.3288096978708017
51.449999999999996,1.0,75.0,69.0,0.92,0.18713102139855717,0.3427421761194434,8.750743279343949,-0.14251147876607334,0.12,0.1930261417114027,1.15815119638827,-0.13629031349111115,0.1313822629730147,0.000693280851430611,-0.005498641708043844,-2.2911432299654866e-05,0.2169269857847712,0.28937247125097193,0.37432702127516876
51.589999999999996,1.0,59.0,54.0,0.9152542372881356,0.19121232394680096,0.3336373043283549,8.165032008094641,-0.1542874600172566,0.12,0.19566505976654378,1.1611037268649296,-0.14840116766027062,0.1313765686498568,0.000602509422929387,-0.016015858790472848,-1.1584066493458556e-05,0.19943894207886456,0.2610853666195706,0.32985747267808335
51.73,1.0,54.0,44.0,0.8148148148148148,0.18455816894557883,0.2701236919073941,7.936856651007566,-0.17138200693043013,0.12,0.18576285913518983,1.165400221927703,-0.16521650522925185,0.1313639329426492,0.0006045942342740585,-0.02941212873236898,-2.138443210480956e-06,0.20833071715268348,0.2692359305021549,0.309273209211162
51.93,1.0,57.0,45.0,0.7894736842105263,0.20343758447742152,0.3274647081618008,7.542952682812234,-0.18734417270978918,0.12,0.20519131038030738,1.1696916665235937,-0.18192563169692047,0.13112925297052308,0.00031543061642391734,-0.03795262134599314,9.336647652152807e-06,0.18046693888562013,0.23819504922458415,0.3232693810176695
52.089999999999996,1.0,53.0,40.0,0.7547169811320755,0.1960175337975058,0.2666099526595791,9.811976518237065,-0.2,0.12,0.19606079584211641,1.1747409046238766,-0.19435566509172592,0.13028546831914578,-3.0970060072021965e-07,-0.0421729884413011,1.762417100073521e-05,0.19406599185408324,0.25379842075332176,0.3141310956328611
52.330000000000005,1.0,61.0,49.0,0.8032786885245902,0.18335593207818054,0.27821440917876766,10.64251656644164,-0.17043914272968735,0.12,0.1872212961838127,1.1808838955123544,-0.163844989515394,0.12956863255676276,-0.0006032556405926037,-0.0026908970878243843,2.63186610493793e-05,0.22072856823827347,0.29077249219803747,0.34047096529292326
52.550000000000004,1.0,67.0,51.0,0.7611940298507462,0.18724404579563383,0.3042095897972167,6.908187120884413,-0.15646717674654056,0.12,0.19308633723415922,1.1873292515252252,-0.149486917084626,0.12954765428019532,-0.0005385908023531893,0.011272064063147319,1.8499285879575167e-05,0.21153146821305618,0.27753182376230623,0.34457634393592407
52.77,1.0,68.0,55.0,0.8088235294117647,0.18853202340297007,0.31138044256922826,6.694454540535402,-0.1518510899599963,0.12,0.19309511898778425,1.1934994910805998,-0.14514695806162514,0.12989366495594135,-0.00030600312963091625,0.012015739314984647,6.902861375751578e-06,0.21413112428881956,0.28256615052821094,0.3463350492572641
52.949999999999996,1.0,69.0,59.0,0.855072463768116,0.18463835287518357,0.3285106227916739,8.944220457064928,-0.13271452676252082,0.12,0.189894103545064,1.1958661606546632,-0.12524578847554285,0.13023729079087276,-0.0001653164781678651,0.027458759233045887,-1.3057747983435952e-06,0.21459488610609903,0.27831601663103817,0.3324042042654936
53.089999999999996,1.0,71.0,60.0,0.8450704225352113,0.19234125055948018,0.3486954683978282,8.26583221289191,-0.14687559598112998,0.12,0.1981281864046316,1.2002085223276928,-0.14024405115392855,0.13090375161087253,0.0002746844963745776,0.005159019785344304,-9.824096493998845e-06,0.18948126285829386,0.24501152836316914,0.3104863010265001
53.35,1.0,69.0,57.0,0.8260869565217391,0.19491517541984768,0.3447805183634297,9.004542631627707,-0.15034469484683866,0.12,0.19927637926529113,1.206923663586833,-0.14237379410906656,0.13144697206710043,0.0005879501079912863,-0.000350940943216943,-8.394648879389566e-06,0.20346510870040171,0.2690230878303286,0.3461620474410682
53.550000000000004,1.0,56.0,48.0,0.8571428571428571,0.19661045663609764,0.345320813827656,9.454653601863502,-0.147634606655683,0.12,0.20106916758815607,1.2122354313245318,-0.13975686758224842,0.13139247782727798,0.00045353892597299605,0.00181720218290507,-5.2915601074232654e-06,0.20057527297249686,0.2641467465062348,0.3397511744086416
53.74999999999999,1.0,54.0,44.0,0.8148148148148148,0.19545501696040282,0.31595623944154844,8.042870588671244,-0.16003625050541767,0.12,0.19736073839266025,1.2185095517180302,-0.15311964836547978,0.13129113575223428,0.00043219943605632416,-0.011803013334387352,-4.162367086474327e-06,0.20736342960817955,0.2720290230514349,0.33694439510024216
53.88999999999999,1.0,60.0,43.0,0.7166666666666667,0.17520964295214805,0.3141472680365786,8.845423611740394,-0.13710440092601842,0.12,0.17868538653910987,1.2211139484473374,-0.13028169973576728,0.13125184203026075,-1.4583188311156903e-05,0.01399775937149994,2.4263502126919967e-06,0.22990639331723303,0.2947684106787781,0.3126379227412783
54.089999999999996,1.0,51.0,33.0,0.6470588235294118,0.19707359037132227,0.25956470837974865,5.640171844143903,-0.18592676244025222,0.12,0.19708516345305913,1.2254042543908483,-0.17859314521012512,0.13087101561518988,0.0006774922838643782,-0.03940119519928473,-3.6346341542869975e-06,0.19522892925905433,0.2549660980464342,0.32480687298651484
54.29,1.0,46.0,33.0,0.717391304347826,0.17997784860952534,0.2682555364289308,7.564804690875439,-0.15436612531783844,0.12,0.18436190779884928,1.2294396484617602,-0.14707427314561172,0.13143400849385622,-7.826065269167515e-07,0.0016959394470468792,8.833979994682382e-06,0.22107484919780152,0.2878416110115307,0.3303092585953606
54.550000000000004,1.0,50.0,36.0,0.72,0.19169434418485418,0.27292655598193233,4.952692550929315,-0.16663711855848748,0.12,0.19416509957551703,1.2378098259623895,-0.1587470793223778,0.13102641088100764,0.00021824714675777734,-0.01205219695669943,5.389228203395159e-06,0.2132912763347273,0.28171597593817016,0.3545276389819832
54.65,1.0,48.0,36.0,0.75,0.18944138241890016,0.29657267252170505,5.51441318835262,-0.14670122049194914,0.12,0.19356411899320702,1.2398085780453283,-0.1391148035048098,0.1308704831094828,-0.00020176554718731587,0.011009047373270242,9.03000175803137e-06,0.19477576870119434,0.25031864483912786,0.30494576964148884
54.88999999999999,1.0,64.0,54.0,0.84375,0.18410464074914762,0.32240738881229225,7.381330957460444,-0.1252310275737527,0.12,0.18852536539863712,1.2458291704373168,-0.11787973991880209,0.1309018415935509,-0.00029292283971216193,0.02897085287934338,2.633954675340666e-06,0.2157521852975345,0.28286095482351814,0.3364513262708696
55.089999999999996,1.0,71.0,63.0,0.8873239436619719,0.21176385572778708,0.34477816837705777,7.6724614113980145,-0.14347549827584088,0.12,0.21452023319895827,1.253647399651412,-0.13467241055304727,0.13106038901065487,0.00048086699855254267,0.0016313028675274954,-1.0313476145135114e-05,0.17457494716392105,0.23177739222480712,0.3354903551053881
55.24999999999999,1.0,54.0,44.0,0.8148148148148148,0.2135192573521743,0.3161601784843566,8.754897987928592,-0.17408798510023074,0.12,0.21562788204802227,1.2579035445503164,-0.16474158805375702,0.13171774545131354,0.0009544530366953907,-0.029803818028515505,-7.491486084559851e-06,0.1726051099156621,0.22804827584559298,0.3198319508491008
55.550000000000004,1.0,53.0,44.0,0.8301886792452831,0.2152617395137838,0.3219428591813206,7.996235676456517,-0.15898090151680067,0.12,0.21667018146411413,1.263619790161623,-0.15126506703688136,0.13236428618212498,0.0003400274153220195,-0.008597588640107484,5.608083207986336e-06,0.19167211520546767,0.2586501775717027,0.3640540571064169
55.690000000000005,1.0,57.0,50.0,0.8771929824561403,0.20588103667830043,0.3269218475812731,8.559031570606662,-0.13735606882093915,0.12,0.21149255876561945,1.2672935277738477,-0.1285013504855124,0.13260715374308363,0.0001277777813166736,0.014793252249299171,6.759385107524274e-06,0.18917584199540013,0.24915364343637372,0.3252119793871115
55.93,1.0,61.0,45.0,0.7377049180327869,0.18013276699976646,0.32446993768418764,8.093788690806027,-0.13041392012049097,0.12,0.1877949943284307,1.2715641042944128,-0.12240917144859514,0.132410310011631,4.015805587553878e-05,0.017518860224851246,-2.811504953015298e-07,0.23689470612442015,0.3094392111931031,0.34525630307705296
56.050000000000004,1.0,56.0,44.0,0.7857142857142857,0.18741931073376117,0.28945347521872017,8.325364572474744,-0.1450365813921902,0.12,0.19272648971078418,1.2770244283189278,-0.1364727769314188,0.13231330620297121,0.00047491838028657085,-0.0031531243714967294,-6.493126391726723e-06,0.2053160402668752,0.26141396726597105,0.30858389023303223
56.24999999999999,1.0,62.0,48.0,0.7741935483870968,0.1980255377975677,0.2954198721247978,8.108953288263702,-0.15122285512738115,0.12,0.20377000839326342,1.2824718581781556,-0.1423748720369905,0.1322865183795371,0.0004982137422266941,-0.009152557367004682,-3.3156797244193736e-06,0.18951650046102445,0.24660251031536515,0.3229532680685056
56.529999999999994,1.0,61.0,48.0,0.7868852459016393,0.19485207580172745,0.3189100704384454,9.573712666104239,-0.138233849301478,0.12,0.2014344123257798,1.2863987925343552,-0.12960322275015387,0.1322702410967781,0.00017470688942178292,0.005605314570722164,1.0142996977047236e-06,0.20977573814448405,0.2791420405089472,0.3584566530439741
56.65,1.0,59.0,48.0,0.8135593220338984,0.22383812122021163,0.33323999056885834,9.119485426746426,-0.15854835746524382,0.12,0.2267360350753712,1.2922078090900635,-0.15021276005199152,0.1298541724047947,6.467795564257806e-05,-0.016988474801634623,-1.0070465856770738e-06,0.1594743803113511,0.20872595615004294,0.31483746116388606
56.93,1.0,55.0,45.0,0.8181818181818182,0.22508873672468777,0.343046366463791,8.933424338625175,-0.16523884205714248,0.12,0.22747613342462827,1.2980281789453234,-0.15750002474516364,0.13008035141096197,1.4182803723228332e-05,-0.02082056886295658,4.31769680905858e-06,0.1768767100596907,0.23903649258493773,0.3550986474441737
57.050000000000004,1.0,62.0,48.0,0.7741935483870968,0.21379715349265868,0.34282494961921234,10.24987541393446,-0.14399727280955524,0.12,0.2189997314425003,1.3026937689964695,-0.13507105619856177,0.12984574379939173,-0.00023198893594300607,0.004816958187617959,9.423342617970176e-06,0.1781078810454634,0.23340680002247188,0.31325718188834517
57.330000000000005,1.0,55.0,44.0,0.8,0.1946206205117005,0.3482782744204932,9.834772449436208,-0.11386912412066719,0.12,0.2049473719780368,1.31146766879231,-0.10501104156220382,0.12990145631218286,-0.00038814383223084725,0.03273213256196235,4.816112193467559e-06,0.21411977590671963,0.28410531358656127,0.35443956937712245
57.449999999999996,1.0,56.0,47.0,0.8392857142857143,0.19546657039802892,0.34075335971982557,6.728457748318588,-0.11867550554746813,0.12,0.20380029373390987,1.315171529522478,-0.10956146624532012,0.12991222983908324,0.00010608718544458107,0.01818723416029855,-1.3765919577385377e-05,0.1976998137645414,0.25441484543001963,0.3129459461599209
57.73,1.0,55.0,40.0,0.7272727272727273,0.18255448690915962,0.2845114865677636,7.605756899461373,-0.11789735092586962,0.12,0.18830035851134036,1.3218066713246086,-0.1093607449037053,0.12983492946735165,0.00018440513053352703,0.013538404363748813,-1.686514110421644e-05,0.2386385726571988,0.3116633824041952,0.35431023117518134
57.93,1.0,55.0,43.0,0.7818181818181819,0.18312199674460308,0.28507453208914985,5.501934674201117,-0.12247125969518141,0.12,0.18937115765524618,1.3244242141252391,-0.11243881995901828,0.13010908780450092,0.000547826284016395,0.004454222480470046,-1.7623339328198817e-05,0.22717717466122678,0.2940591478112977,0.34328459536711176
58.050000000000004,1.0,53.0,42.0,0.7924528301886793,0.19375750724001248,0.3077803888173169,4.919737076407217,-0.13329999050044855,0.12,0.19894752260795676,1.3292261098994487,-0.12393576129849636,0.12895332600071618,0.00037338298402223025,-0.008265372327641074,-1.2916439832338922e-05,0.1917294752338536,0.24414386449827688,0.30764016961218704
58.24999999999999,1.0,52.0,41.0,0.7884615384615384,0.20738990572239416,0.31530558602313424,7.233895573140275,-0.1517446771605959,0.12,0.21069481064232645,1.3348461663636573,-0.14205908630243877,0.12884535264395935,0.0004707631956017977,-0.025341612663419527,-6.2221334955203655e-06,0.17861161350815727,0.23323494759851662,0.3225205117496839
58.529999999999994,1.0,61.0,50.0,0.819672131147541,0.21860313463570694,0.3422864769230317,6.913167074040274,-0.14290525769747373,0.12,0.22355783510829996,1.3412994505522542,-0.1322408521941625,0.12878703490732313,0.00028116340052353195,-0.011364473648254464,4.027473396145398e-06,0.17789166173196838,0.24010364427696623,0.35827804905168503
58.73,1.0,54.0,45.0,0.8333333333333334,0.21510174541375204,0.3423798677158267,8.661984722299282,-0.13469199489945521,0.12,0.22033494683106514,1.3471402570303457,-0.12520087724506615,0.12890241767457222,-1.683881845271351e-05,-0.0011348307710570688,6.581658786336542e-06,0.18405938990254136,0.24588899765769576,0.344990848674464
58.949999999999996,1.0,63.0,52.0,0.8253968253968254,0.21935175482809827,0.3317545980831378,8.708591485092208,-0.12341155889891671,0.12,0.2262495215494783,1.3520512826640694,-0.11229089737810814,0.12928215723690595,0.00015421644126067946,0.009841893155484907,4.7437778404324504e-06,0.17953179192897098,0.2389472495680947,0.3465127484886577
59.029999999999994,1.0,61.0,50.0,0.819672131147541,0.20874307751878124,0.3298383193512349,6.843834917513588,-0.12706452192027592,0.12,0.21480953178039716,1.3538925602364,-0.11582474559577623,0.12928157971536203,0.00026478076835556585,0.0036230748088163095,-5.247254244999943e-08,0.1785049034953303,0.2311469972859291,0.292726455674938
59.24999999999999,1.0,49.0,40.0,0.8163265306122449,0.22987908752037384,0.3429581069006122,5.466682149792328,-0.14004883382390879,0.12,0.234403166534049,1.3602427367122456,-0.12931611038352292,0.12910654617068962,0.00032293542549743925,-0.010948881388630732,-9.317567376820879e-07,0.16048831074215722,0.21230149577624766,0.32340462377383417
59.449999999999996,1.0,54.0,41.0,0.7592592592592593,0.20706789630499012,0.30525783318170924,7.6009151208841255,-0.12825021934817446,0.12,0.2123723361706918,1.365457943076312,-0.11704725015994624,0.1296216994438616,0.0002488908818727431,0.002550652944261045,2.2388190395739027e-06,0.19461279235880852,0.25637154478777935,0.3296795629350738
59.63,1.0,56.0,49.0,0.875,0.2191597711378598,0.31074273361437044,6.184163444011356,-0.14015349540868374,0.12,0.22349434435032114,1.3729557017843947,-0.12880861388280787,0.12960912141452707,0.00040406077944021845,-0.010887029592920025,7.075218310392816e-07,0.17582944997483152,0.2327045679978177,0.3248971240482882
59.830000000000005,1.0,55.0,43.0,0.7818181818181819,0.22017491854147264,0.3167269813634353,6.795347568083509,-0.14636916988645832,0.12,0.22389292687218773,1.37578321724767,-0.1355631570376561,0.12941881203485994,0.00023856654885667794,-0.014904717022292721,4.63957744684107e-06,0.17811575774047833,0.2362748133021325,0.33034957509080526
60.029999999999994,1.0,53.0,41.0,0.7735849056603774,0.22836167339782174,0.31710093114532756,8.247031498535776,-0.14625898563661305,0.12,0.2296184491251816,1.3792676332710627,-0.13604377393434142,0.12945637495541085,4.013482492815079e-05,-0.011691866024381992,7.548191698375505e-06,0.1727421074076514,0.2297508372433952,0.3327859813204083
60.29,1.0,52.0,34.0,0.6538461538461539,0.23599040005972546,0.33044119238659814,7.680314019210442,-0.18340984217059825,0.12,0.23584683354727654,1.3877208063159525,-0.17247240097003236,0.12943417611994146,0.00043677256381635665,-0.0471197287794034,7.83603862400395e-06,0.17488299232773435,0.2346757098541119,0.3555582828666046
60.43,1.0,58.0,45.0,0.7758620689655172,0.21458636671529865,0.314018815961838,8.58637400172314,-0.12504439054083036,0.12,0.21994650567658106,1.3896004939039475,-0.11471877967536458,0.12930643072236758,-0.0006344299072427173,0.022007091215594257,2.0845215446041457e-05,0.18760759955952572,0.24591653041785486,0.3213214775952683
60.63,1.0,48.0,41.0,0.8541666666666666,0.2214400213903938,0.3465596806612829,7.330103095936919,-0.12714798331631072,0.12,0.2284375767224062,1.3945080982676634,-0.1171348760905944,0.1303651236333877,-0.00019478896500912946,0.013916812527582936,8.166492472927445e-06,0.17591609930046398,0.23162663749027376,0.32874243990590774
60.830000000000005,1.0,55.0,38.0,0.6909090909090909,0.20262122885872086,0.30206912782132106,6.494982786934257,-0.1249837858218918,0.12,0.2075867138514277,1.4018996859720523,-0.11640211971790011,0.13172818656593843,-2.936513185480827e-05,0.011980369466036825,1.7921027902767506e-06,0.20715146953660377,0.27024900122807477,0.33206888427807707
61.029999999999994,1.0,59.0,44.0,0.7457627118644068,0.22088403515871635,0.3406090119940769,7.602203762793519,-0.12286729221355937,0.12,0.226997966087449,1.4060100228361099,-0.115089353318691,0.13171337791293014,-1.575372401974029e-05,0.010357720606752024,-3.872614614403025e-06,0.1758074836063875,0.2309801853533172,0.33355010794031126
61.23,1.0,55.0,43.0,0.7818181818181819,0.22160633993799855,0.34222755266955696,6.983251954468686,-0.12436621196502112,0.12,0.2265652394528771,1.4104308613621794,-0.1159734070587704,0.13193326638373898,0.0002133971939004553,0.005947231345648354,-5.894852288773622e-06,0.1783336470763401,0.23511891879776464,0.334207512512202
61.550000000000004,1.0,60.0,46.0,0.7666666666666667,0.2298119664631838,0.3237854062440627,7.718411607897777,-0.12730904254095687,0.12,0.23266694994245077,1.419758517359372,-0.11796570594609819,0.13316561598876964,0.000591907434668304,0.0005230298530981697,-5.639829730175183e-06,0.18735972715065047,0.2515024882398147,0.3764332860162325
61.63,1.0,54.0,38.0,0.7037037037037037,0.2386554278068381,0.32901366464572224,9.30957577505866,-0.14489794383753185,0.12,0.2413400501336219,1.4219361732699265,-0.13557460842541633,0.13316561487585854,0.0007285171062365592,-0.017423880241388925,-3.6665882296449408e-06,0.15860863170255224,0.20754011943902698,0.30738351483651427
61.830000000000005,1.0,51.0,37.0,0.7254901960784313,0.24303808951142047,0.3323053678132708,7.589842366445812,-0.12319366295498146,0.12,0.24432670919857993,1.4241509658223774,-0.11386785818104556,0.13285774591910016,0.00019276083042707448,0.007595165895618622,1.7538227372049242e-06,0.15941686399556926,0.21101838068149842,0.32240313218410666
62.089999999999996,1.0,61.0,49.0,0.8032786885245902,0.2390872461764011,0.3381154923772899,7.453986867834433,-0.12269243082416544,0.12,0.24488184968325835,1.4341015225304299,-0.11554800546963531,0.1331025122739814,4.900545512209753e-05,0.0052913019116729715,-2.4908258416944657e-07,0.1688530809160823,0.22574733801623223,0.35121693877110394
62.190000000000005,1.0,46.0,39.0,0.8478260869565217,0.24274223476097959,0.34872687711776057,8.880894647808521,-0.12482794804234443,0.12,0.24484986886833465,1.433811016994247,-0.1172100329408837,0.13354824531976017,0.00021917033925200613,0.002010778047394454,-2.0950575413680728e-06,0.15699966688883676,0.20514443495386872,0.30334306237459135
62.449999999999996,1.0,51.0,39.0,0.7647058823529411,0.21777441218399596,0.32139818501737916,7.929916913442486,-0.1208925139464603,0.12,0.2215389243559103,1.442604278107293,-0.11168005028638725,0.1332158419209074,0.00035934816750105014,0.004481856879590143,-1.8332554305167115e-06,0.19758523484623786,0.2596067922088045,0.34309393714187764
62.589999999999996,1.0,54.0,42.0,0.7777777777777778,0.23287354086359108,0.3406752052175644,6.843311150829107,-0.12796726032801334,0.12,0.2382518641965047,1.4464537959250385,-0.11777458334527904,0.1333434647531252,0.0005801740181727855,-0.00419318905155841,-2.78702146530585e-06,0.16422788910054428,0.21440554548277724,0.3155312602987763
62.93,1.0,48.0,42.0,0.875,0.24726171686771503,0.34624966900131804,7.811534201913983,-0.14076116511658493,0.12,0.24849281738794918,1.4554914863212716,-0.1311441419451864,0.13371851940996649,0.0006739626493903472,-0.017141550027036087,-7.439911119955234e-07,0.1724935291356933,0.23357462423239894,0.3757192166481225
63.050000000000004,1.0,58.0,49.0,0.8448275862068966,0.22937198599641337,0.3485005596696549,9.26768863487257,-0.11896089041754664,0.12,0.23511714397418843,1.4579511899421294,-0.10944827153524822,0.13407193784797922,0.00016489216098869441,0.008340764328742617,5.8576933595622105e-06,0.1770419182661272,0.2315502000252509,0.32284642430981964
63.24999999999999,1.0,50.0,42.0,0.84,0.22979498495495207,0.3274700404510602,8.984974996360524,-0.1285394415688942,0.12,0.23209272593515345,1.4614467673748814,-0.11778912886077217,0.13385643878997688,0.00047740814515306873,-0.0035640577053336897,1.4111767848989931e-06,0.18034709880079675,0.2359168787981017,0.32942878587552893
63.38999999999999,1.0,49.0,44.0,0.8979591836734694,0.21765660772026685,0.3457760110347443,8.909303049146398,-0.11730515838528163,0.12,0.22287215546023834,1.4650287430226312,-0.10731937873257981,0.13361325677957037,0.0001157107496831955,0.008056875003268613,1.925945839142962e-06,0.183368943034842,0.23674639701610037,0.309068860015633
63.589999999999996,1.0,53.0,44.0,0.8301886792452831,0.23965742344692445,0.3376475818805217,7.950785152286269,-0.12778275198628752,0.12,0.2422931681056213,1.469531790114128,-0.11696671032750071,0.1340485132960233,0.0004818154596479829,-0.004834954395722568,-8.115662351315667e-07,0.16011888445391428,0.21028938579322687,0.32317582651713167
63.93,1.0,52.0,39.0,0.75,0.23828666193030953,0.3387142788285218,7.942450826819798,-0.13189632224292824,0.12,0.24071314261517626,1.479775040014213,-0.12097554062763965,0.13386181555113452,0.0004905366571688052,-0.00914992011418636,6.512098065514227e-07,0.18265419725054904,0.24679741354301216,0.37868420538225217
63.99,1.0,49.0,42.0,0.8571428571428571,0.22373992249226604,0.3370000281333073,9.380653836099757,-0.12832005409065964,0.12,0.22630194309038662,1.479985862028046,-0.11812515285918151,0.13367446413818962,0.00016208734157996396,-0.003351101436049761,4.016747681662158e-06,0.17942906110285609,0.23125708034953266,0.3003124637424189
64.19,1.0,46.0,40.0,0.8695652173913043,0.24753182917323996,0.342378530016639,8.680417618301973,-0.12186689431401224,0.12,0.24882534975964893,1.4868439094976023,-0.110873078132048,0.13357525430255535,0.00015463065932608266,0.003050174060516553,3.651863229287011e-06,0.1540289991430894,0.20250273490162274,0.31914041753659805
64.38999999999999,1.0,54.0,45.0,0.8333333333333334,0.24087771641796607,0.3493339255763446,6.998892010979742,-0.13896113303821267,0.12,0.24293227809770326,1.489539895819788,-0.12846263712080208,0.1321492871704576,0.0001449549342737999,-0.014983921422414934,1.615350371936275e-06,0.1642868730017382,0.21715277684792006,0.32775832929750476
64.59,1.0,53.0,45.0,0.8490566037735849,0.23754854901120176,0.3437774794058768,8.030422727977985,-0.13486382156145077,0.12,0.2405620380580206,1.4941798847264465,-0.12559616330984832,0.1320291603488738,-0.00016646850186585738,-0.008204451757279033,4.572117247636509e-06,0.16889262116968692,0.22340574188696952,0.3316303496292429
64.93,1.0,56.0,44.0,0.7857142857142857,0.2526556146138431,0.3367967059108952,7.768678145093513,-0.1559835689786128,0.12,0.25350010901617076,1.4965905008751306,-0.14590015105275783,0.13011345256279971,-0.00012846031977242767,-0.027782348170565893,5.080705037102673e-06,0.1715101008347,0.2330305173829188,0.38193223790208036
65.13,1.0,48.0,39.0,0.8125,0.25015607406096696,0.32188714857191236,6.860805298310578,-0.1609060400970491,0.12,0.2501481591771284,1.4978692895984689,-0.15123299323456238,0.13044788394103246,-0.0002748194527890657,-0.026374588286980333,6.9922803048183555e-06,0.17292932463992775,0.2308437064639004,0.35498560669423773
65.15,1.0,51.0,43.0,0.8431372549019608,0.2503330290311976,0.33815441538374863,8.321238099607314,-0.1540900485831545,0.12,0.2512906547991731,1.4979647916682148,-0.1444245675712579,0.13044780001897294,-0.0005038389201870164,-0.013492719967137662,7.326902775550703e-06,0.1485852354654003,0.18922921530287765,0.27104544265198155
65.35,1.0,51.0,40.0,0.7843137254901961,0.2542613467570918,0.3378806283051684,7.420879710621968,-0.15963955531223226,0.12,0.2545874691470283,1.4998338388909243,-0.1501006106469912,0.1300419540112715,-0.0005112177458117539,-0.01671758961980352,6.240991853173616e-06,0.15010674951008832,0.1954537063006584,0.30529809470716507
65.55000000000001,1.0,51.0,40.0,0.7843137254901961,0.25368865812571306,0.33654341478505084,7.174581759336503,-0.15547182612639773,0.12,0.2544169776015967,1.4985446732907957,-0.14618649176195941,0.12940944058384968,-0.000714829287190355,-0.009150901082476876,5.808839869753113e-06,0.15411281907772698,0.20271206020644245,0.32144465347061774
65.75,1.0,50.0,39.0,0.78,0.2522436082530988,0.32315195649644035,7.287242705635512,-0.1580325285421096,0.12,0.2528953785485308,1.4998799173794166,-0.14812254305251418,0.1295942635425894,-0.0005268443798134292,-0.010009827951564298,4.162263271934029e-06,0.158412739887823,0.20906470585387302,0.3287985478015651
66.03,1.0,51.0,39.0,0.7647058823529411,0.2531623267200994,0.33861360541777763,6.700133892382391,-0.1601162427975949,0.12,0.2530522537566863,1.4999314685835303,-0.1499185157213038,0.12893120954184129,-0.0005615597052024413,-0.010019695399612477,3.1759958618315935e-06,0.16929871035989374,0.22712459396140808,0.3608541000263177
66.28999999999999,1.0,55.0,45.0,0.8181818181818182,0.23595465575897354,0.3360060606921117,7.000461093300805,-0.13915172770906264,0.12,0.23840873796060005,1.4953407457301515,-0.12996926796023756,0.1299028136117769,-0.0007497324642311565,0.013752682191359639,2.3111927122676512e-06,0.19236239177615236,0.2550738359457548,0.36700891750559433
66.35,1.0,53.0,43.0,0.8113207547169812,0.2409449254936698,0.33482238675732456,6.720929549206903,-0.14731915007463622,0.12,0.24253558450575205,1.497557826639258,-0.13802763254136094,0.1298193307537837,-0.0003939834572490586,0.001814938085138773,3.1004877149853893e-06,0.16419628601591924,0.20970336082090538,0.29455016145821605
66.63,1.0,53.0,43.0,0.8113207547169812,0.24311528721221948,0.34020161182220177,7.663268085992237,-0.14178257681313777,0.12,0.24525651699977252,1.4996819873181597,-0.1311211751211078,0.13049744859067658,-9.76745363694409e-05,0.006729805868160937,2.1914452029980765e-06,0.17273770451336692,0.22764128312546103,0.34655024877539475
66.75,1.0,49.0,40.0,0.8163265306122449,0.2419436164222286,0.3401875579558758,6.652931907449899,-0.1443245599692974,0.12,0.24394982550903366,1.4993580794438581,-0.13448313965698275,0.13046567219505517,-0.00011023480344096726,0.0026907425896630643,1.1065871422244467e-06,0.16347468625441808,0.2107825074678155,0.30920280692151914
66.93,1.0,46.0,37.0,0.8043478260869565,0.24245915879123525,0.337318316451836,7.512799496578011,-0.1466843099679246,0.12,0.24392375128997035,1.50025080957374,-0.136227380465361,0.13058918321051782,4.729848497508904e-05,-0.00033386424416348426,7.035208504369006e-07,0.16324392867006116,0.2126918939383774,0.31543503093645137
67.13,1.0,50.0,41.0,0.82,0.24334140059715328,0.3396717989380861,7.206222558879436,-0.14226439174623234,0.12,0.24556270627545893,1.4989804071415833,-0.1323921943793306,0.13040568620465887,-0.00011407741902869084,0.0042960070121723926,4.931480205028205e-07,0.1633856208911725,0.214164055427351,0.32608019568981067
67.49000000000001,1.0,52.0,42.0,0.8076923076923077,0.24330571625825698,0.34056132803798816,7.467575865495609,-0.14600971694122666,0.12,0.24553401425561364,1.4996258965908744,-0.1353570076873321,0.1305589022465944,9.257776470805723e-05,-0.00043402322792404635,3.921568126896702e-07,0.18397752145902804,0.2467387232759073,0.38621616746189363
67.55000000000001,1.0,54.0,44.0,0.8148148148148148,0.2402454815631362,0.3388336591287549,7.7905193687175975,-0.13330870559859995,0.12,0.24136410354562157,1.4992237042097931,-0.12420242812570632,0.13142127387727143,-0.00013518364186904108,0.012410137875547886,2.3814065555627373e-07,0.1674072728748583,0.21531213993929488,0.30398102889382955
67.72999999999999,1.0,54.0,44.0,0.8148148148148148,0.24464167857647476,0.3396685174809384,7.597483182657727,-0.14049796892595862,0.12,0.24624605529986693,1.499506837455622,-0.13277722251013085,0.131836224540128,-5.7859651067637685e-05,0.0025220462462939297,2.851987287444402e-07,0.16095690942141647,0.20953322664193258,0.31297915284065486
68.09,1.0,51.0,44.0,0.8627450980392157,0.24548621902801313,0.34060280254739367,8.150288924014417,-0.1441475650687175,0.12,0.24659948646438337,1.5001696898594694,-0.1345663559875075,0.13159748944553484,0.0002040796932574196,-0.0017214455579818433,1.844584382182379e-07,0.18149189936049448,0.24273136520958163,0.3812405956806339
68.15,1.0,55.0,45.0,0.8181818181818182,0.23788133317148755,0.33989655140741654,7.218540714074842,-0.1285537059917844,0.12,0.23971853094843334,1.5006154443657953,-0.11856399362876283,0.13157735013167338,2.298065934946969e-05,0.014218488938370577,1.2555092010479996e-07,0.16866710175985394,0.2164134696756795,0.3015622863963292
68.43,1.0,55.0,47.0,0.8545454545454545,0.23671863568365029,0.33964764647185514,7.786829986111042,-0.12327152665529394,0.12,0.23877285824076203,1.5006027481996322,-0.11307505033634155,0.13167135012664122,8.592899778903096e-05,0.016420598844095496,-2.1993484292104348e-07,0.1809523402623063,0.23826391376605338,0.34953077796016097
68.72999999999999,1.0,55.0,44.0,0.8,0.24148894263352866,0.3416507330633623,7.323325722953602,-0.12343875115078326,0.12,0.24368573243887087,1.5031479991177934,-0.11219560598112523,0.1330752503734653,0.0005143272735892435,0.012067547446385662,-2.3156314979400072e-07,0.18455045961928032,0.24547246726280972,0.37584349078379053
68.75,1.0,54.0,46.0,0.8518518518518519,0.2378111478254986,0.33974512824916414,7.9601919087302,-0.11709256013843003,0.12,0.23953133520247794,1.5014254833508027,-0.10690225832508181,0.13317141526460652,0.00030918318572314973,0.01564538104384401,-6.515304679099999e-07,0.1628131085868236,0.20581150151187544,0.2819628441547148
68.94999999999999,1.0,50.0,44.0,0.88,0.24131504205064983,0.341263436028351,7.876366548153794,-0.12301523712105762,0.12,0.2430585777368901,1.5028104978200751,-0.11398333061160189,0.1333854133256901,0.00032454273804316536,0.006343714523934604,-2.056075953382752e-07,0.16183946532167195,0.20875977208371968,0.31052735655781943
69.13,1.0,55.0,47.0,0.8545454545454545,0.24136152861689783,0.34299527054819257,7.902427192755298,-0.12041297602364148,0.12,0.24288449587928143,1.5047660781372705,-0.11022966596549463,0.13365113913182014,0.00046151230025515133,0.007397762910314631,-3.0176688928240653e-07,0.16223212186016325,0.21141086588366106,0.3160551662055159
69.33000000000001,1.0,56.0,47.0,0.8392857142857143,0.2418684651664674,0.34042658551241994,7.576721016518008,-0.12365549055774387,0.12,0.24355367753250998,1.5021645657127654,-0.11314744954879137,0.1338464419770652,0.0005242068453574777,0.0029169617100347905,-6.412519029108665e-07,0.16398753053891255,0.21502264151658135,0.3263617115572818
69.59,1.0,51.0,46.0,0.9019607843137255,0.2382517038351672,0.3403738811741268,8.09276342734121,-0.11775210699470112,0.12,0.24021286982561005,1.5018375667428996,-0.10862977813073656,0.13268837044045412,7.410376750294212e-05,0.008197501577286895,-3.1768218111682955e-07,0.17721192624257862,0.23445410367206382,0.35288023669282725
69.72999999999999,1.0,52.0,47.0,0.9038461538461539,0.2454847306296193,0.3431564042809498,8.286624393247985,-0.12340029984685691,0.12,0.24698640175498046,1.5041279026754073,-0.11351041175589423,0.13200230170620653,0.00022067564318684063,0.00035714838430575546,9.862427424733866e-08,0.1607933499331837,0.21041896980185232,0.32008632120785513
69.93,1.0,52.0,47.0,0.9038461538461539,0.24287043238770117,0.3404742882600074,7.406632737866699,-0.12167346919723428,0.12,0.24452040928538363,1.5018297184770044,-0.1119122575191183,0.1326999005837658,0.00021925384641874324,0.002293113452216486,5.375738881818748e-08,0.16567605593663182,0.21744439989718187,0.32818605267880696
70.19,1.0,54.0,48.0,0.8888888888888888,0.2433232698480946,0.3426976744156591,7.899211683090547,-0.1186468338444816,0.12,0.24528529876355687,1.5040776124772517,-0.10938614998918868,0.13249708627477197,9.334755821144292e-05,0.004541944210396068,1.1124835022635617e-07,0.1730269636322612,0.22903046647552597,0.35364330861150306
70.33000000000001,1.0,50.0,38.0,0.76,0.2454170075057838,0.34102340626475486,6.369935591426643,-0.1285128538322638,0.12,0.24691445997669328,1.5019162644884168,-0.11890569620165081,0.13265661776310045,0.0002803568978315685,-0.006084142076807311,-1.5986833257208843e-07,0.1629993092796203,0.2130709095410247,0.32043889687491733
70.59,1.0,52.0,46.0,0.8846153846153846,0.23964685055256021,0.3421513963436897,8.41492418240826,-0.12046115877217335,0.12,0.24154751498203667,1.503497062834183,-0.10953873517394677,0.13243114108796472,0.00023405081759397817,0.003069603126607659,-3.267410125518122e-07,0.1780346162723808,0.2348516494257081,0.3503904295695078
70.78999999999999,1.0,51.0,44.0,0.8627450980392157,0.24917489550816702,0.3429915788794835,8.524349469589604,-0.13513263526788563,0.12,0.24932339505852755,1.5032263270396589,-0.12426000310293896,0.131022411089721,0.00020037947936657474,-0.012290961274668055,-3.122287900725329e-07,0.16687052678436853,0.21948415020102643,0.3415904320778389
70.93,1.0,51.0,46.0,0.9019607843137255,0.24375679858908778,0.3429089850587778,6.587348451355277,-0.12095914772464278,0.12,0.24502940060761086,1.5027812954043627,-0.1118396681722856,0.1288760082291155,-0.0005460942085615539,0.0045690925768955,-5.899705418643819e-08,0.16446116978207911,0.213795410559355,0.31482686938919874
71.13,1.0,50.0,45.0,0.9,0.2435796941481416,0.34315841316089135,7.869974701691985,-0.12287991423757322,0.12,0.2449910735674589,1.5027513325119672,-0.11244813464075398,0.1278496264252772,-0.00037717236583456604,0.0016668375505991956,-4.253263607978397e-08,0.16588720905719403,0.21681337589288474,0.3258038727924138
71.38999999999999,1.0,51.0,46.0,0.9019607843137255,0.2411090975179113,0.341910266986156,8.204714906402158,-0.11764889671105727,0.12,0.24285901746761918,1.5011453045351533,-0.10759518095963086,0.12643182210540377,-0.000566275730946808,0.006697212866406954,-5.555601159668022e-08,0.17664275740927243,0.2331735186925905,0.3526465658876535
71.59,1.0,50.0,45.0,0.9,0.2429408381057076,0.34256860413566737,7.766240387814567,-0.1235822641866039,0.12,0.24386381161567716,1.5020621246628512,-0.11234486908489173,0.12785514548846544,-5.561689792865643e-05,-0.0008762416560095521,2.2644820604766913e-07,0.17365251851337257,0.22814780531459414,0.3425670130251599
71.75,1.0,54.0,44.0,0.8148148148148148,0.25437553036263977,0.3430469694108187,7.113887918717396,-0.12259624103896496,0.12,0.2539479733870323,1.5026651075570505,-0.11210310432526183,0.12845046373813662,-7.22844890572727e-05,0.0002401300437779308,1.245514091030575e-07,0.15659498158448404,0.2041984204141335,0.3230911873129215
71.88999999999999,1.0,56.0,46.0,0.8214285714285714,0.24632519123994998,0.34250032808641945,7.865459512675876,-0.1243961443076668,0.12,0.24797524868395568,1.5021746330275343,-0.11357175319348527,0.1285083639180054,-1.101557011828902e-06,-0.001545353458467985,8.288355365926314e-08,0.15797008736801796,0.20477460651425505,0.30603069446403264
72.09,1.0,52.0,46.0,0.8846153846153846,0.24408294733265962,0.3410268025574454,7.749149138029701,-0.12398435178040787,0.12,0.24506730639804372,1.5007608964834838,-0.11375729251080452,0.1287443124038069,-6.655946655875766e-05,-0.0006488544758608272,4.00223346130879e-08,0.16394438708314749,0.21420730571218033,0.3217817842892763
72.33000000000001,1.0,53.0,44.0,0.8301886792452831,0.2417891493138233,0.3413205992443678,7.565962796396956,-0.1210647968472561,0.12,0.24355441886363455,1.500888848247662,-0.11153082984098633,0.12800146046546412,-0.00025650936655363665,0.002374268338996191,-4.222722643776322e-09,0.17188552724856274,0.22693234806871726,0.3437833633285814
72.55000000000001,1.0,50.0,45.0,0.9,0.24334649402060318,0.3432296971119407,7.8985943761555575,-0.12280308847333703,0.12,0.24461683730712458,1.5027957348291772,-0.11240774732586938,0.12777375732906815,-9.23691907737112e-05,-0.0001286036864093093,8.659855965653662e-08,0.17254562271222879,0.22710256296008804,0.3459976321507708
72.72999999999999,1.0,54.0,48.0,0.8888888888888888,0.24442813496032567,0.339586121240264,7.141612718817753,-0.12140490793298628,0.12,0.24534786013078708,1.498747333334415,-0.11164159496974921,0.126982298921407,-0.00028822018530050286,0.001764670784684494,6.150113365799292e-08,0.16851801362172641,0.22137980411865882,0.3322544361937423
72.93,1.0,53.0,46.0,0.8679245283018868,0.2435302442487257,0.34098252297270404,8.40856070763079,-0.119598195918264,0.12,0.2448409698836139,1.4997468979770132,-0.11135609078350546,0.12550248791896906,-0.0005904620577892317,0.0030242911380281984,1.9907109349848182e-07,0.16936357870012186,0.2224710710006336,0.333633372615774
73.09,1.0,50.0,45.0,0.9,0.24500576421463427,0.34435981695924855,7.595270996014227,-0.12309040060737683,0.12,0.24582210750363293,1.502799196237763,-0.1133021695072265,0.12484828503956924,-0.00032333600598044576,-0.0015067914604076915,2.8173896912675467e-07,0.16343931060835054,0.21282443775453905,0.3189727995245204
73.35,1.0,57.0,48.0,0.8421052631578947,0.2460765739397693,0.3444136622770513,7.684188104794513,-0.11702656397472416,0.12,0.24740756767299474,1.5030818002942885,-0.10684073755927997,0.12498931529542368,-0.00024329391826083402,0.004843155044650438,2.743374984959246e-07,0.17048248928632168,0.22531121353821165,0.34977117135490005
73.49000000000001,1.0,54.0,47.0,0.8703703703703703,0.24779595558958775,0.346565864653492,8.816191187888842,-0.11873282757971777,0.12,0.24919175423779277,1.5051716918611926,-0.10847949605472809,0.12498435426898158,-0.0001366929264663419,0.001795225458235697,-9.714680601624615e-09,0.1606917035826928,0.209971071876099,0.31864596383692484
73.75,1.0,50.0,45.0,0.9,0.2602639168284844,0.3489867561934904,6.383586944241865,-0.1257589286811552,0.12,0.25958614089858245,1.507839399301995,-0.11435386409933211,0.1258262097806443,0.00019348532299900967,-0.0059022395195778565,-1.4359897651528009e-07,0.15839983007247788,0.21062960302888778,0.34963271216020253
73.88999999999999,1.0,38.0,33.0,0.868421052631579,0.26909747528780553,0.3474647036047802,8.808526958319135,-0.09041339609809962,0.12,0.2706045077499301,1.5827920117555163,-0.0787106977674106,0.12467315909090482,0.00039010337353317937,0.021678960593292593,7.720484946210915e-07,0.14191222091634287,0.18727999795806669,0.3185431299992766
74.22999999999999,0.0,27.0,2.0,0.07407407407407407,0.32993271653995754,0.33958733716993733,8.893417256164634,nan,nan,nan,nan,nan,nan,0.00039010337353317937,0.021678960593292593,7.720484946210915e-07,0.14191222091634287,0.18727999795806669,0.3185431299992766
74.28999999999999,1.0,30.0,23.0,0.7666666666666667,0.28447552390131653,0.3489811384162643,5.99622972634557,-0.047377756446267766,0.12,0.28318975910224903,1.7889669298902446,-0.030920419138654762,0.15365439257584856,0.0036739416492785892,0.0361675338095844,-3.8135799600186315e-05,0.1153124398904788,0.16623081943104584,0.3199717097158578
74.49000000000001,1.0,23.0,19.0,0.8260869565217391,0.2862307166827089,0.3302216493227773,9.818523463500421,0.2,0.12,0.2841319432687789,1.8627825936202214,0.22662912042754682,0.22376478453374504,-0.016768571392283826,0.26501395496770536,-0.00018112648644946772,0.09940556559620771,0.14708833553305775,0.266837680129723
74.83000000000001,0.0,15.0,4.0,0.26666666666666666,0.3394150419117503,0.34719305899505615,9.598697452045206,nan,nan,nan,nan,nan,nan,-0.016768571392283826,0.26501395496770536,-0.00018112648644946772,0.09940556559620771,0.14708833553305775,0.266837680129723
75.28999999999999,1.0,19.0,19.0,1.0,0.20803614621469382,0.25275122660146127,3.596904299385002,0.2,-0.12,0.21189085286701803,2.1140239852707845,0.3547418521651423,0.543911180099705,-0.0925510416127322,0.14298553163619196,-0.2411849445251545,0.2525918350021429,0.3496139803019764,0.3982221265172466
75.49000000000001,1.0,40.0,38.0,0.95,0.1331009373150225,0.21225128425522088,4.9762396489989715,0.2,-0.12,0.13792601317897757,2.1502263533078523,0.40648198322200413,0.7222483239677497,-0.09630629707784966,0.07904268931540004,-0.1475264927379385,0.5477305053016902,0.6124986330117673,0.45442356490107305
75.69,1.0,40.0,40.0,1.0,0.12228323318491122,0.1792802696888515,5.274147557733543,0.2,-0.12,0.12389868650497289,2.1762515671640434,0.46455754749149325,0.9033999600874526,-0.0676558816237347,0.002090121734543815,-0.08247942683144838,0.5031374967591457,0.49985648445262826,0.38311253285402125
76.09,1.0,34.0,34.0,1.0,0.12625354923214666,0.1589619748790477,3.1066131990635752,0.2,-0.10233835460576278,0.12454514004760185,2.201794879393935,0.5817998907848284,1.2612917157922179,-0.0722770181357788,-0.06101017374985884,-0.0338994236751724,0.5742207693274015,0.4582837747635273,0.4176288939793787
76.25,1.0,30.0,30.0,1.0,0.09663577481877342,0.12366105606440288,2.2662796367877323,0.2,-0.015365150691703775,0.09317249007425273,2.2065691064553774,0.6560181025102757,1.4343493319644727,-0.0466950988000705,-0.05445871278455261,0.06659312900046599,0.6167710025133917,0.48735113629992705,0.3405651378237228
76.44999999999999,1.0,33.0,33.0,1.0,0.10348776341989623,0.1247647985523942,2.0387017442677036,0.2,-0.007184942031986859,0.10061153554989814,2.2112105212754884,0.737334369524494,1.5276779300320902,-0.026615420073388574,-0.04685981056690225,0.051601668702759174,0.5795600736434479,0.39467399911593415,0.34664118319490683
76.65,1.0,32.0,32.0,1.0,0.11379220772514195,0.13169675883195117,1.7478523589982282,0.2,-0.005367422026157636,0.11040288353459883,2.2121099223540064,0.828740801664401,1.5861346859355019,-0.016077055116433314,-0.040510478062722455,0.03528372504664578,0.5416330699474263,0.33174630583123915,0.33952574583441414
76.83000000000001,1.0,32.0,32.0,1.0,0.13086495384464697,0.14983553114828033,1.3211806749669766,0.2,-0.002587262431050211,0.1279774762274691,2.207585356209365,0.9063542815156415,1.6236592739245421,-0.009496784338934638,-0.034408372546200106,0.02594186224718476,0.47353334843511175,0.264830872029803,0.32906565405113164
77.05000000000001,1.0,40.0,40.0,1.0,0.1256591322604613,0.1548449965740498,1.3093588737468145,0.2,0.0021592545962760418,0.12334769334332422,2.2063272675948467,1.0162957778862887,1.6546343247465927,-0.006540032101980842,-0.030564202526103257,0.022074514881110563,0.5281873220996388,0.302886556400403,0.3392105237076512
77.25,1.0,39.0,39.0,1.0,0.12829579348490563,0.1547581392913563,1.3906452327954892,0.2,0.000899763443506755,0.12579902135977256,2.205690324794886,1.1199085212643007,1.6450036225353706,-0.003809658788591186,-0.019601367280177806,0.013270036361885838,0.5153752358026213,0.2969763634996177,0.3363149656272224
77.43,1.0,32.0,32.0,1.0,0.1206515287256125,0.1353364422355462,2.601302967547196,0.2,-0.0013294207126824118,0.11778866512672981,2.208405304298135,1.2178512351082071,1.595456098639602,-0.0025109806648568878,-0.004269541531852106,0.006551837868426835,0.5425329511340096,0.321006968436756,0.3275662610118794
77.65,1.0,33.0,33.0,1.0,0.12805066982706476,0.16769201919303428,4.0586284848546175,0.2,-0.008090575459668384,0.12585213527566105,2.231379155771473,1.3416232318997103,1.5032306788049419,-0.0013194395281872495,0.014331667109736435,-0.0023748949040816036,0.5155024881349487,0.2973936983881563,0.3385977374978222
77.85,1.0,34.0,33.0,0.9705882352941176,0.1852197123217192,0.24963514778896287,4.674919454084309,0.2,-0.09091191749511025,0.18497566237522942,2.260166997548297,1.4604368729894448,1.337364034997621,0.00034701838574413557,0.026777255883743356,-0.08443979362062959,0.33025451458583016,0.16679233759419257,0.33617061591126324
78.38999999999999,1.0,43.0,37.0,0.8604651162790697,0.06539011109194263,0.17756175563222892,10.964232732053855,0.2,0.12,0.0784222550030255,2.3638175301888045,1.7555048300379166,1.3971723251123476,-0.004360586306160208,0.05608075330242479,0.15480773348111176,0.8420117327125989,0.6592630845965092,0.4396777633771326
78.59,1.0,29.0,22.0,0.7586206896551724,0.036037958554535246,0.07791808832601532,7.857487153535998,0.2,0.10603730113977984,0.035498558049905274,2.4050942036807634,1.8533726791101737,1.3577075363568052,0.00858463389990316,0.021144370077445185,0.07210947072645846,0.7834607429367885,0.6360777851097335,0.29414596966111706
78.65,1.0,41.0,26.0,0.6341463414634146,0.1327821597076621,0.17626415122866546,6.651772175508952,0.2,0.04810480948077996,0.1330016933841202,2.4167723279969975,1.8832290525780109,1.2939116776720774,0.005185881028645145,0.008351112861259669,-0.007107707853880818,0.19375240920872594,0.12287263984268351,0.2798272764445835
78.93,1.0,54.0,44.0,0.8148148148148148,0.06569510736765145,0.19011358649589777,8.109573155596667,0.2,0.0852484293540989,0.07441206441700972,2.471504214209192,2.013115714697439,1.3108406663638383,0.012397458608249146,0.008622455603056078,0.03203081828443488,0.7347857887907066,0.5145264711657461,0.3664166259725927
79.05000000000001,1.0,51.0,47.0,0.9215686274509803,0.1055361143894992,0.1827331963517405,4.697045785572,0.2,-0.0708273891368831,0.11323537517878679,2.497793997208487,2.069796163151795,1.1511557916854214,0.008152978247235154,0.0039979207504892145,-0.13566092942396346,0.40208007222703784,0.25026964683473285,0.3183380975138096
79.25,1.0,52.0,42.0,0.8076923076923077,0.0430249267188208,0.23007046913252918,10.38865476094058,0.03585593183206113,0.11557768624069949,0.06509231833647076,2.694010206996665,2.104612113576924,1.3316619449710863,0.15955726920241942,-0.0525804171377211,0.09398045587228343,0.746152731740327,0.5677340824384907,0.32684254070455504
79.43,1.0,54.0,43.0,0.7962962962962963,0.02933448067572254,0.08097287411839672,8.833409479862233,0.04061337506469267,0.11087380783630618,0.03143947101601392,2.7240788653784604,2.1789273244948983,1.3206811210766247,0.03697746399967983,-0.012213211048739847,0.06108586051830445,0.8015251917506839,0.6430490885760904,0.32321325916114574
79.63,1.0,43.0,42.0,0.9767441860465116,0.0316625278024358,0.07831294158428892,8.725018229860662,0.07140400830419372,0.09847749702743278,0.03497035701633748,2.7311337589318763,2.2824246433403412,1.3320953349156843,-0.015904272091306737,0.004576971586053524,0.029509382754854263,0.7937565338210223,0.6079060099062422,0.32909884029659725
79.83000000000001,1.0,48.0,46.0,0.9583333333333334,0.03219709889179187,0.09661343713241705,8.831309892003814,0.15968030315956555,0.02717819512782412,0.03488600532039186,2.6792939533073326,2.4015292455445647,1.3308680229186691,-0.08145368973789102,0.01690305332784403,-0.051780533015543195,0.7991448804854606,0.5967607247378685,0.3316528806746612
80.09,1.0,46.0,46.0,1.0,0.05736150617849221,0.09687833229199158,4.532747242774699,0.2,-0.10157492649631829,0.057761123429332276,2.6541048158207166,2.513641570036458,1.3369889583396588,-0.05195384278787296,-0.013715680666638974,-0.1648720880947041,0.7911623276191337,0.5586145467345373,0.35436520296847623
80.22999999999999,1.0,46.0,45.0,0.9782608695652174,0.04931142566699431,0.11901885063044282,4.7506159701414585,0.2,-0.02782451716785448,0.05575004395040102,2.6547544319780956,2.564106942767111,1.5046559117955751,-0.01381807341743535,-0.026366373266052623,-0.033632601587651356,0.7371364748884248,0.516318617351867,0.32039813496339664
80.53,1.0,36.0,30.0,0.8333333333333334,0.07741606175724144,0.12407473616006472,3.9600895584473164,0.2,-0.11873203766187941,0.07597422151476012,2.6334951988162434,2.6672070507347256,1.639402958921135,-0.0016432050740768922,-0.058012431676581766,-0.11397807392496896,0.7080959608999916,0.43659182690511,0.34875261917138656
80.63,1.0,46.0,39.0,0.8478260869565217,0.12544079086550064,0.1626000573821062,2.0024751142722454,0.2,-0.009964691232513794,0.12337866821269651,2.6202620913478016,2.6971448220035787,1.8316737906583846,0.001007970541882397,-0.049941465711494715,0.03429681953175501,0.3571265833243595,0.20086410983770261,0.3131219699284205
81.09,1.0,42.0,39.0,0.9285714285714286,0.16162674270012742,0.18734591669532924,1.4778763407225721,0.2,-0.012081458407520595,0.15889081362512095,2.526242934608425,2.8444611251417764,2.109253118620576,0.01798053845058689,-0.09468374628106169,0.021340606011951646,0.4603773666132512,0.2744288633761854,0.41108062170512505
81.22999999999999,1.0,42.0,40.0,0.9523809523809523,0.1986825186637403,0.22057888857229155,1.2167759721815006,0.2,0.009733538885602985,0.1962755520400483,2.494293353019201,2.902985031706721,2.143612636708242,0.018575592187087597,-0.07279186649425196,0.03401305272620946,0.2949552017895979,0.19356129303701347,0.3456933021401563
81.49000000000001,1.0,43.0,42.0,0.9767441860465116,0.17910888372424394,0.2062677189262164,0.9701955980360624,0.2,0.032558116056853124,0.1768805476363572,2.4265960111630296,3.029564427738909,2.108887807393961,0.011248968839018048,-0.05020347904477607,0.044959349715920194,0.3829983017155271,0.2687555002156422,0.3604278938393671
81.63,1.0,54.0,46.0,0.8518518518518519,0.18200607452475961,0.20078460789801797,1.121855138784767,0.2,0.031709071583657676,0.17919108400365333,2.393416546941765,3.1086176861746493,2.0391852991628183,0.006537820589437082,-0.024620774769005482,0.027800200898785654,0.3429469167144669,0.24452685850261438,0.32330378388992626
81.83000000000001,1.0,44.0,42.0,0.9545454545454546,0.17334595053331908,0.20153647038341949,2.6977456771641712,0.2,0.03888570787715936,0.17034155040630766,2.364240600876363,3.226400535462575,1.9228598800336725,-0.0011351843021336627,0.004474712178218265,0.0259630307069052,0.38716803385284,0.2634634090352952,0.3293559218178418
82.03,1.0,44.0,44.0,1.0,0.16742870079531272,0.1895163388843115,2.858473814084384,0.2,0.03432901600247512,0.16501718281409017,2.352901780950302,3.35662506888904,1.7691923596766619,-0.0052520921858523195,0.03261519665277479,0.0128559858843984,0.41400087157633964,0.2652153129270881,0.3320440422982141
82.22999999999999,0.0,35.0,4.0,0.11428571428571428,0.345149059257471,0.3494252991928188,2.04102769159058,nan,nan,nan,nan,nan,nan,-0.0052520921858523195,0.03261519665277479,0.0128559858843984,0.41400087157633964,0.2652153129270881,0.3320440422982141
82.38999999999999,1.0,32.0,31.0,0.96875,0.15014258418380758,0.17536374315878375,3.597679091156737,0.2,0.00022788311413156134,0.1470528333336508,2.383841932927508,3.584828752199157,1.4814322806523152,-0.0018929851149946941,0.0740639925658555,-0.02552974470332114,0.5448626980092196,0.32832964904360107,0.38024736319374025
82.63,1.0,30.0,25.0,0.8333333333333334,0.13588863401202358,0.1580876449981814,3.5344112819926035,0.2,0.015457547791259213,0.13351138370828944,2.4251816488683544,3.7388218159371305,1.3806923130416933,0.0018640289741642668,0.07229604843567872,-0.000782050842200066,0.49925680997008715,0.3042878284263199,0.31662254740797635
82.83000000000001,1.0,27.0,27.0,1.0,0.06111992332883645,0.10894243465216331,6.520701059391956,0.2,0.09348690717708398,0.06117112657524264,2.466504282326529,3.853994039189485,1.39407684043008,0.006260274127296128,0.06227495059593924,0.07725230029593178,0.8173969206044236,0.6757676799441661,0.32529491676751693
82.99000000000001,1.0,34.0,33.0,0.9705882352941176,0.08231797871169015,0.11210993350503734,4.688252386931789,0.2,0.04674569916381934,0.08106547196750284,2.5027031569214024,3.9436479590158995,1.3071688103718435,0.008962603504528932,0.026368840360475154,0.004957794700179763,0.6083948997188615,0.42560824879254555,0.3417389451916119
83.19,1.0,46.0,46.0,1.0,0.13615508616521108,0.19349616950805684,5.2306155469035,0.2,-0.02191657874052484,0.13476941349873073,2.5454578846416442,4.042919336789525,1.2038915602916413,0.011182779120963993,0.020444575151390865,-0.06544649219158316,0.4067023062189274,0.22485538980920394,0.33750740097582166
83.44999999999999,1.0,40.0,40.0,1.0,0.10529927289694552,0.15373919614742562,7.122388714222968,0.2,0.034490437527798956,0.1041825461499426,2.5986116956064254,4.165154633716971,1.2345049208596484,0.010910541243442484,0.020808882821135022,0.013065023288506561,0.616053582878033,0.4002769809292039,0.356917657509136
83.72999999999999,1.0,41.0,41.0,1.0,0.15007255324860025,0.2021712739458417,5.524512425335725,0.2,0.006015849580639488,0.14973140847541686,2.6585932117863273,4.291223656453599,1.194131638176134,0.01020852566640773,0.01397857490055987,-0.020063944365133812,0.4454028524924042,0.2634212485748201,0.37168159644388477
83.85,1.0,41.0,41.0,1.0,0.16857129109911942,0.21418426273332183,3.537589278301058,0.2,-0.03959366730783992,0.16616020889405006,2.6832893066433816,4.348072993017969,1.1458386297029102,0.007488609102823229,0.01135651479157751,-0.058189773495666675,0.3415705983069704,0.21171119970967303,0.3207759618815082
83.99000000000001,1.0,48.0,47.0,0.9791666666666666,0.16665324894901126,0.1994218104462156,2.6574188364397795,0.2,-0.0698382386297717,0.1645200254658591,2.713865218386927,4.409860153731829,1.1136792199353145,0.0045294652726801665,0.010287423321787337,-0.06975710793283783,0.35439265878078674,0.2223893460622547,0.3047247545351648
84.25,1.0,47.0,47.0,1.0,0.18009616432498357,0.20772744827760273,2.431888377413513,0.2,-0.06640700658570646,0.17788842295085583,2.767475340042244,4.5305723711281365,1.1168997653256079,-0.000269967783115721,0.01013894252015124,-0.0450731346913844,0.3768263409475932,0.23336528660870176,0.3433638741825686
84.38999999999999,1.0,45.0,45.0,1.0,0.16138493771815585,0.20849640357978852,3.4558277370454418,0.2,-0.07084709799190696,0.15959555756292765,2.7956572652549845,4.592842620670725,1.1229829810013408,-0.0037026739894705507,0.007485817710330522,-0.03406954793765493,0.4007943179036537,0.266354093253771,0.3154116838608162
84.59,1.0,41.0,41.0,1.0,0.15876384018488107,0.17626544706787986,2.0113739825668304,0.2,-0.08844808530215242,0.15688367548445,2.8279638994083336,4.677509385322397,1.1500349098982352,-0.009820309444799502,-0.0010166066505590265,-0.04096831408694879,0.4169885699990859,0.27773894668192506,0.3257923685486567
84.78999999999999,1.0,46.0,46.0,1.0,0.15138069176546343,0.167735083944269,1.6960015260088557,0.2,-0.09412165733620453,0.14927438648493604,2.850148992335051,4.759246112559901,1.2168533928715348,-0.016608296606759776,-0.013136368663948517,-0.03335260269574492,0.44535225634644654,0.2945115533294694,0.33044771671729656
85.05000000000001,1.0,43.0,43.0,1.0,0.11829080882371193,0.14845658602157719,1.8624183439643096,0.2,-0.12,0.11614454661703612,2.857962194650213,4.860451575488944,1.3433443402992702,-0.025720885321731668,-0.03879968642691356,-0.04828920776027856,0.6012529282035488,0.4108226188085993,0.3540543670345849
85.19,1.0,41.0,41.0,1.0,0.11802294854634914,0.13984450386339725,1.8880757130833248,0.2,-0.09523017335365638,0.11640964958735378,2.856445748620296,4.909207646584173,1.4630715486183494,-0.020741240773864078,-0.04304713766990709,-0.006623466768382658,0.5148344444084625,0.34038532240160835,0.3203681062264935
85.38999999999999,1.0,35.0,35.0,1.0,0.10815007252377806,0.1286207065547633,1.7018064839642475,0.2,-0.09016727730072313,0.10580298511084216,2.8426507533761542,4.988391465105741,1.5958337591231408,-0.019931859138036856,-0.055559101197745875,0.00041837068163541597,0.588193624784388,0.3732236409863863,0.32791895646852554
85.59,1.0,32.0,32.0,1.0,0.1050795170080466,0.12770614613828835,2.2870323493755715,0.2,-0.07837871296479197,0.10222458699849882,2.8198959773881915,5.074078743323203,1.7178633416878988,-0.015107139015027915,-0.05879833636783083,0.011820472795366355,0.5997350764427176,0.3758939680426094,0.33124064740462206
85.85,1.0,28.0,28.0,1.0,0.11538182095699677,0.13473717971222418,2.5670963105369493,0.2,-0.09726688544585484,0.11359110961047322,2.782840175920726,5.191908516143842,1.7902722854416964,-0.012067584348941729,-0.057174134400577614,-0.011276234914405768,0.5466206298229229,0.3168259231894196,0.324429422679157
86.03,1.0,30.0,30.0,1.0,0.09937454759260915,0.12366656764383946,2.1933989555103217,0.2,-0.06985786133609316,0.0959463527421201,2.7549006472720006,5.267267379137563,1.8658784968286435,-0.007853288177798401,-0.0501590798641276,0.019495323070027437,0.6236954013222443,0.4084699293868494,0.32827264184090005
86.25,1.0,31.0,31.0,1.0,0.0971260741136263,0.1239547263552168,2.8935735495832917,0.2,-0.05561491141820722,0.0937621419023318,2.710850013295643,5.383032057726717,1.9123030237685033,-0.007874037349754115,-0.03858024711395114,0.02709543743050991,0.6282509775088782,0.423506546280837,0.3409098470727434
86.35,1.0,31.0,26.0,0.8387096774193549,0.06913779091250073,0.15499682272936297,5.964227990719003,0.2,-0.0164099797237073,0.06921829135940882,2.6905668638218683,5.432054346743337,1.963265560136763,-0.002851650723922461,-0.025184422386216987,0.05681522622282498,0.6280741777946955,0.4631272618672531,0.26135307862854557
86.65,1.0,40.0,38.0,0.95,0.036173977829256534,0.09940125006944765,7.284807750017725,0.2,0.035286570144841434,0.03659107381153675,2.6283966869552806,5.578739570718616,2.0369351352223846,-0.006202279223619822,-0.020703805393469388,0.09353969350584657,0.8604353490633677,0.7184886566290908,0.36386749678385105
86.83000000000001,1.0,29.0,23.0,0.7931034482758621,0.03130251449174632,0.07485474427164594,10.158395269280101,0.19765649117080342,0.09756642492173766,0.02659782222263264,2.5893711814786684,5.670785195297578,2.1068371920003544,0.0014890144353234547,-0.0066460592439385735,0.121567614865973,0.7314508550351092,0.5500631581152593,0.2698721698820504
87.03,1.0,32.0,30.0,0.9375,0.07717284461289145,0.15741335079898586,8.346979778244565,0.1009645268011028,0.12,0.0791657235155009,2.637195523067942,5.803343520183765,2.1343981413730235,0.09028119313307803,0.038055529028482304,0.11117650463687356,0.607847725653708,0.4198337021453132,0.33727510841149067
87.15,1.0,33.0,30.0,0.9090909090909091,0.11444237284616607,0.17617557557856248,10.072784286445572,0.0962817892394154,0.12,0.11638270824026052,2.6209173898252063,5.861293552167783,2.1384934953122325,0.03899879804028705,0.014631927560267322,0.07497811337583782,0.371366960113693,0.24754646502679165,0.30150567482815904
87.35,1.0,36.0,34.0,0.9444444444444444,0.07693024798439325,0.1522733603757653,8.642556966997219,0.17023852114611282,0.12,0.08235560098262291,2.514783209992506,5.921412626092567,2.1397572829980076,-0.03626612518431038,-0.021382717290804543,0.052688660104236014,0.6403775953729778,0.4897068133175213,0.3284424725356257
87.63,1.0,41.0,33.0,0.8048780487804879,0.16353584125835238,0.1892352654776173,2.155333385679728,0.2,0.01132826314098776,0.1607668074997694,2.432024575832494,6.03494384451914,2.0302233579032256,-0.02631071318588729,-0.013914321443895261,-0.07378399682011949,0.3655691970992672,0.2448589637115512,0.3603704553707355
87.83000000000001,1.0,39.0,34.0,0.8717948717948718,0.1473000327375424,0.18344371170918355,2.6676912396413015,0.2,0.026149339103378837,0.14495445008893335,2.3931785131492367,6.126978626114649,2.044218156304725,-0.011640181215709422,-0.005941558954805082,-0.03259784476777927,0.43830060700370305,0.3063541020890827,0.34552949973600605
88.03,1.0,45.0,43.0,0.9555555555555556,0.16238749113156437,0.18588120261325994,2.491955023056998,0.2,0.01846151587453637,0.15979216097921195,2.3531132073875622,6.221848136765949,2.0361810425297704,-0.0021068557502958996,-0.0010623323327054734,-0.02912739179683932,0.3927646523107842,0.27196481489851543,0.33917394938020184
88.15,1.0,54.0,50.0,0.9259259259259259,0.19418194530302263,0.2151292239907006,1.691356380475569,0.2,0.024511138584317083,0.19121707791062756,2.332431874249751,6.282758843164489,2.039861650836193,0.0002515019475293201,0.00039047212301834833,-0.013215187608814016,0.28122800920799,0.19340102146468463,0.3055080689329243
88.33000000000001,0.0,41.0,4.0,0.0975609756097561,0.3440626849987699,0.3497798330400049,1.8865609912105188,nan,nan,nan,nan,nan,nan,0.0002515019475293201,0.00039047212301834833,-0.013215187608814016,0.28122800920799,0.19340102146468463,0.3055080689329243
88.69,0.0,41.0,0.0,0.0,nan,nan,nan,nan,nan,nan,nan,nan,nan,0.0002515019475293201,0.00039047212301834833,-0.013215187608814016,0.28122800920799,0.19340102146468463,0.3055080689329243
88.75,0.0,41.0,0.0,0.0,nan,nan,nan,nan,nan,nan,nan,nan,nan,0.0002515019475293201,0.00039047212301834833,-0.013215187608814016,0.28122800920799,0.19340102146468463,0.3055080689329243
88.93,0.0,41.0,0.0,0.0,nan,nan,nan,nan,nan,nan,nan,nan,nan,0.0002515019475293201,0.00039047212301834833,-0.013215187608814016,0.28122800920799,0.19340102146468463,0.3055080689329243
89.13,0.0,39.0,0.0,0.0,nan,nan,nan,nan,nan,nan,nan,nan,nan,0.0002515019475293201,0.00039047212301834833,-0.013215187608814016,0.28122800920799,0.19340102146468463,0.3055080689329243
89.33000000000001,0.0,39.0,4.0,0.10256410256410256,0.3460389018977581,0.34826674450008255,1.4613376478462625,nan,nan,nan,nan,nan,nan,0.0002515019475293201,0.00039047212301834833,-0.013215187608814016,0.28122800920799,0.19340102146468463,0.3055080689329243
89.59,0.0,32.0,0.0,0.0,nan,nan,nan,nan,nan,nan,nan,nan,nan,0.0002515019475293201,0.00039047212301834833,-0.013215187608814016,0.28122800920799,0.19340102146468463,0.3055080689329243
89.72999999999999,1.0,35.0,30.0,0.8571428571428571,0.12237386352990628,0.1969353112855239,7.450658081560069,0.2,0.05366495639498236,0.12034184031882666,2.3166502705483705,7.204606611170955,1.403092610984171,0.011986752087172814,0.13060626217308524,0.019977741640549773,0.8426738930224075,0.6329082349004151,0.597959921121732
89.93,1.0,45.0,29.0,0.6444444444444445,0.06386045012548057,0.14922017329072843,11.95389555098255,0.2,0.08231456627753084,0.06140827333624376,2.3551160316295503,7.313060670249745,1.3835451549500535,0.004393733249799414,0.05487008410098504,0.03576589530012275,0.845273811631897,0.7446863748890385,0.42074414852862557
90.22999999999999,1.0,36.0,21.0,0.5833333333333334,0.07989894492605165,0.15410170014179517,13.19004391428633,0.2,0.12,0.08671126244674904,2.414223405663926,7.463276182187615,1.3771485390953666,0.012963660124898357,0.01908124466502059,0.05794335023539987,0.6072651221526977,0.36475254136192437,0.319197829080831
90.38999999999999,1.0,52.0,49.0,0.9423076923076923,0.0859576612974905,0.19151032917601754,11.317162100225353,0.2,0.0734945479583681,0.09303393654560721,2.4424480632436185,7.542677763098003,1.3187930952994367,0.014164466014776167,0.012792907088503114,-0.00698818852365446,0.6204066830713862,0.4084206222647353,0.3825585635049398
90.59,1.0,56.0,54.0,0.9642857142857143,0.0861291358686622,0.18023973866930137,8.3863125371382,0.2,0.08518659833338453,0.09354384339429296,2.4820465128778677,7.636759871247397,1.322779798026808,0.013776275191756948,0.00708254900586347,0.007494537228551312,0.6210260794438869,0.399684280206831,0.35475045035087627
90.72999999999999,1.0,47.0,47.0,1.0,0.08421588065458964,0.13885059801706537,4.9027900848832315,0.2,0.06951165048293834,0.08653931692299362,2.5069947794411287,7.702034931729445,1.303951005442487,0.011219445230271408,0.0038643270527130014,-0.010713477387137793,0.6114395341411212,0.40497329320070075,0.32064198888687684
90.93,1.0,39.0,39.0,1.0,0.09897851213423846,0.16304901674796388,4.985809245693456,0.2,0.04040456476620182,0.10472272256620793,2.5467159886016772,7.795759457397017,1.2732100802433766,0.01185596201799477,0.0005315661479716738,-0.03628663079554917,0.5514929205512422,0.3290663057708855,0.32809457911412393
91.13,1.0,41.0,41.0,1.0,0.08917404721952266,0.16738214865685216,4.755364178228741,0.2,0.04589194396332578,0.0951635883783891,2.5813617810754876,7.889074386197335,1.2774170802867792,0.011029622745007295,-0.0004932684019820499,-0.018783832413121537,0.6181635398487425,0.3948463738302436,0.3313811689719785
91.33000000000001,1.0,26.0,21.0,0.8076923076923077,0.10438908117028452,0.1920370421616162,6.852520744021803,0.2,-0.0008811770938058003,0.1075190768323483,2.619242195074611,7.979702258755253,1.239317005433822,0.008819658832228239,-0.003199136475585007,-0.05921559788416131,0.4501037680853601,0.2538107592828382,0.24674298426606844
92.13,1.0,18.0,18.0,1.0,0.02302934855305435,0.04594087397988851,2.3743843426260645,0.2,-0.060326546439648236,0.01985208582125955,2.667695386505544,8.299759711017954,1.5352972609309112,0.010178366123070326,-0.07365862261055511,-0.10396342116698198,0.9090568235543276,0.7461753942942161,0.36833192987585894
92.35,1.0,20.0,20.0,1.0,0.03693290143380788,0.05718947891973422,2.3137641720972657,0.2,-0.12,0.034050238618008294,2.6533056190664244,8.369391744830141,1.6471610186975942,0.0023325145913584144,-0.05243655368239608,-0.12516317661910703,0.7791396931099279,0.5866305412929628,0.34330701384470996
92.55000000000001,1.0,16.0,13.0,0.8125,0.03088429961211088,0.08631969980952293,14.142132457491087,0.2,-0.12,0.03908762974502022,2.6172758267096174,8.427554288354049,1.815730245227944,0.00643249518574196,-0.05593967336480432,-0.08241619210869544,0.6588814707187126,0.4324953143093477,0.22516686282614579
93.28999999999999,1.0,40.0,27.0,0.675,0.09226777902157955,0.18981810532378307,7.94768753897016,0.2,-0.12,0.10384237096454937,2.414881082915838,8.64275450644126,2.265400298558757,0.038061858266889015,-0.12012206927288105,-0.06438215205151288,0.6704224797359741,0.5440292506351718,0.494592915820677
93.63,1.0,27.0,16.0,0.5925925925925926,0.05799622511239435,0.1709307594024196,8.384523126769562,0.2,-0.12,0.07028396982884669,2.2950574082769597,8.737581697510237,2.344805851586198,0.029612702509585365,-0.08296300010541735,-0.03408117589584059,0.6225232577771922,0.5976562972612517,0.30239378516214743
93.69,1.0,41.0,33.0,0.8048780487804879,0.1288086501494448,0.22227607160818644,5.8870232890823555,0.2,-0.12,0.13964499511626416,2.274214707909597,8.757766356208926,2.35340494062653,0.019976472212468455,-0.040405486094211795,-0.024845450244982636,0.28063009544408174,0.27648694971542837,0.39565274622735425
93.88999999999999,1.0,38.0,24.0,0.631578947368421,0.15479311062917592,0.23778102515973631,7.111042181896231,0.2,-0.12,0.16448004636958538,2.2022273431189348,8.814594773668112,2.3729782639138444,0.012939214714116964,-0.04072078971760895,-0.015140273658187375,0.22888750138555808,0.23371885364414124,0.2970667017680802
94.09,1.0,46.0,35.0,0.7608695652173914,0.1488127893880781,0.24417389811101467,8.608537338214184,0.2,-0.12,0.16147827168377113,2.126997573381647,8.873670720459426,2.385964372573059,0.00808823605351261,-0.042140759346423806,-0.010775539173742299,0.32869986654118016,0.34073520363919935,0.3604366030842584
94.35,1.0,46.0,35.0,0.7608695652173914,0.14886328036326615,0.2070759195591304,3.841959930096719,0.2,-0.12,0.15545244440313044,2.025288166584332,8.953601657942956,2.3929411926634545,0.001343643835848951,-0.04079825131383963,-0.007084238742222748,0.37130201144519953,0.388604647268821,0.36636827462476396
94.49000000000001,1.0,42.0,25.0,0.5952380952380952,0.04833598415131334,0.0688110850069128,2.521833845319331,-0.2,-0.05603574764032495,0.04582547086733189,2.204973722000558,9.318044859430719,2.458778070979528,0.23548523524992593,0.29242469767597257,0.05923840577580953,0.7753887236458847,0.7871518536403327,0.27405230089189747
94.69,1.0,40.0,24.0,0.6,0.06297056968028483,0.07662107679498366,1.5412636634444268,-0.2,-0.044407580210248286,0.06013582064397935,2.126170904964167,9.381676989632513,2.474749583495786,0.023478204178658313,0.0375093236096653,0.05975274910915696,0.5837719907356392,0.6114389447144247,0.2798751758982378
94.88999999999999,1.0,44.0,35.0,0.7954545454545454,0.03623176648914447,0.054685235938472326,2.7296757296140775,-0.2,-0.07310001227813591,0.0333898771706425,2.042728581329934,9.4427166233805,2.4732207465454596,-0.004441878867308624,0.008320120480123094,0.014982222230033315,0.7209407855388641,0.7558206530587676,0.3507487711849519
95.09,1.0,46.0,32.0,0.6956521739130435,0.04940195444347992,0.06866285673577983,1.22860140421348,-0.2,-0.06294288752825984,0.046108345610386785,1.9465897434773334,9.500572390307552,2.547992776552237,-0.017473448747445275,0.002562070922811799,0.01992834786500408,0.6783101718585073,0.7428075738297579,0.3412430029064448
95.29000000000002,1.0,43.0,42.0,0.9767441860465116,0.07622120176956702,0.11559212509684573,4.798089388304633,-0.2,-0.03107138644245182,0.07611980287526117,1.8367044446310046,9.551020302256196,2.688278396728808,-0.028440101255794437,0.005897027297283586,0.04486547896617443,0.46106454840271743,0.5941424426621552,0.33720283071027923
95.63,1.0,44.0,44.0,1.0,0.03504225129996975,0.06921081958807201,6.685246534132326,-0.2,-0.12,0.03406699911368675,1.6292537241656477,9.604406843422684,2.8247390189727346,-0.06145949007687812,0.010325760147122054,-0.05928924667925228,0.7256772894961149,0.8667097743010861,0.38307307085764525
95.69,1.0,39.0,39.0,1.0,0.053752068672836585,0.09401516693110092,6.118555725830324,-0.2,-0.030906616381573444,0.05451098714996764,1.60073898700812,9.605167614075643,2.963509734969928,-0.02738916603560293,0.00528875300530629,0.05250362609841286,0.4560176973053417,0.6170133205194254,0.3023731778607069
95.85,1.0,43.0,41.0,0.9534883720930233,0.07525747851996789,0.12103148833956709,8.063030657500429,-0.2,0.046945833814821536,0.07619206672129583,1.491264926789862,9.606193956826225,-3.1338594618465816,-0.036766916100806846,-0.00044721724210994296,0.11452406495878467,0.34565068336444854,0.6195375894337212,0.3038724245401661
96.13,1.0,26.0,26.0,1.0,0.08096207469375244,0.11535699740311614,6.332194527937119,-0.2,0.046013020469118426,0.08058956917740329,1.311830497598818,9.586550244864792,-2.9810790016647206,-0.05424458804893573,-0.003528950744060566,0.07880271214513623,0.3812151568707056,0.7037567449176115,0.30427311614941466
96.25,1.0,32.0,32.0,1.0,0.09213356868872757,0.12944108992700257,7.507392456551536,-0.2,0.12,0.09236366825228791,1.2339144067412984,9.574246384583864,-2.861077686531583,-0.04275927145094127,-0.0019636475902071737,0.12890608119458946,0.33729930206743924,0.5701553061944171,0.3219572397342604
96.45000000000002,1.0,27.0,27.0,1.0,0.06279295150578217,0.10546100149091243,8.35990695168338,-0.2,0.12,0.06430307310131436,1.1209306925473803,9.548364366321547,-2.7987777100584124,-0.04175455337294354,0.0007600243814227525,0.08748002076214245,0.5131649301429652,0.7479928710814205,0.2922252671130325
96.73000000000002,1.0,31.0,31.0,1.0,0.05942934253619711,0.09267298257322718,6.824400432009693,-0.2,0.12,0.058546867628991875,0.9744177206692075,9.509610677121401,-2.747274653231216,-0.03278814091764293,0.004023603729450542,0.06209397087689705,0.6239045893194064,0.8219616122084819,0.3598877065466461
96.93,1.0,31.0,30.0,0.967741935483871,0.024701184514346046,0.05552841194049074,8.756897927592556,-0.2,0.09266707714698402,0.02223747010705992,0.8758802798979632,9.481482118085177,-2.7546823079559437,-0.01848516628747421,0.005248059115821491,0.012640071815023912,0.6393476173610989,0.8081968408391368,0.33556697533117025
97.03,1.0,39.0,39.0,1.0,0.02422804266739375,0.05744253717667036,6.0894173848271596,-0.2,0.12,0.02293620350908871,0.8273174118623841,9.46696492897866,-2.7208051874940145,-0.008903498170256818,0.003229848496383525,0.03590906430371765,0.5478380899318817,0.7185173705367082,0.30637104456123343
97.39000000000001,1.0,35.0,35.0,1.0,0.016379744383652316,0.03931337906997372,4.068455164637884,-0.10315698069231496,0.016396476222877203,0.009999066833603746,0.6789362766314477,9.325803944590618,-2.810771273769219,0.018164894366524242,-0.07613962088673709,-0.07861637464264515,0.7008917764692808,0.8580658275085264,0.37778980764723286
97.43,1.0,37.0,33.0,0.8918918918918919,0.01457365613972635,0.03303393388688673,3.74293360235908,-0.08664690616217365,0.030608556650887474,0.007002047978256668,0.6644950939576857,9.30360824778741,-2.7957766132999295,0.0038837508607160176,-0.024184835321902298,-0.03605527425383759,0.4816742877749503,0.6188895796988653,0.2914233792320505
97.65,1.0,39.0,39.0,1.0,0.016682219025488627,0.04059488237061302,3.6690122739013358,-0.07636447674166749,0.02661900787788808,0.009242273978062612,0.5645348710309546,9.265767809573353,-2.801263431357224,0.0019791809321411113,-0.013036327824110572,-0.029785116070649046,0.609413476764682,0.8025772965647046,0.3223847918770647
97.85,1.0,33.0,33.0,1.0,0.015503004753746545,0.03693174669042894,1.3783710048489937,-0.06090335016154087,0.01982699767347104,0.006562950951507265,0.47369778693602027,9.227002807823375,-2.8403861812452535,0.005032632906712575,-0.012112233246147852,-0.02716579997593849,0.6109613972333389,0.8063997898337386,0.3287839529249674
98.05000000000001,1.0,31.0,31.0,1.0,0.012031729150156736,0.03842550072550492,1.7248777514851177,-0.048748000166869566,0.011058819925661474,0.007182298675453134,0.3784357990485484,9.201322365277314,-2.907380474299168,0.006487257011988157,-0.009169766392048473,-0.027193706402880217,0.5976639821503453,0.8113837091617999,0.32462062604789477
98.25,1.0,27.0,27.0,1.0,0.012782383348362535,0.03289386679683329,1.9689317912794995,-0.04783588521025503,0.008813144944949456,0.005426549867653604,0.27383829809321925,9.190714254478422,-2.9695622310571137,0.004630439825536736,0.0014236582387958663,-0.020756727341755266,0.5570007392953681,0.8001232802806593,0.2976719266942396
98.43,1.0,26.0,26.0,1.0,0.015356436354885348,0.036500784306225616,2.3247655603190003,-0.035453486345212525,-0.013399513167924895,0.007704272213889955,0.18091763083702914,9.171566046436185,-3.0347459372260768,0.005454529384389867,-0.009315197112746532,-0.03676206174029728,0.5362003505730464,0.7970607214341587,0.2902498885658811
98.63,1.0,25.0,25.0,1.0,0.014435604010154661,0.03322816092527084,2.8873444172152007,-0.052303917331591544,0.002065737124228405,0.009124721850580088,0.06794791631992911,9.185687701092007,-3.0520644922106577,0.0017453370046861816,0.016508431134031554,-0.010773443675779149,0.5389866951936798,0.8068608152633123,0.2905834476243879
98.83000000000001,1.0,32.0,29.0,0.90625,0.017017818708547537,0.03474046195807622,3.048942309928457,-0.04821767241228505,0.003275293516766827,0.009267830330002882,-0.04007662787436265,9.179759265522272,-3.0731187129476716,0.002725861924327659,0.00022275515967606907,-0.006138891074237041,0.5782245722407735,0.8336393632243846,0.32814527550854194
99.03,1.0,32.0,29.0,0.90625,0.01424453119945041,0.035441112286076264,2.629339224752509,-0.04733835032083967,0.005739304159074641,0.010403815105567355,-0.14702387277311113,9.178467868987829,-3.0862642721713938,0.0019394079969745903,2.3455645216330367e-05,-0.0016513905926980321,0.5703810936620946,0.8341140417381341,0.3241558290784896
99.23000000000002,1.0,35.0,35.0,1.0,0.01649516614530628,0.03267248345455716,2.522902260714543,-0.05104659158872728,0.008443786410926198,0.008571316228216606,-0.257979473182189,9.18105955960622,-3.0935096488066507,0.0011457928707717113,0.0045167358536577495,0.0015923945640543558,0.5914559402444578,0.8484458115590797,0.34417543103124065
99.43,1.0,56.0,44.0,0.7857142857142857,0.01481210820730769,0.029386665801174505,3.4071954238095152,-0.021037883802477373,-0.016729360157137798,0.008991617735667489,-0.3676886948175786,9.154297930897423,-3.125484467368914,0.0018808134574393454,-0.028458483190764383,-0.024054502469321285,0.5860864156987257,0.848962865488623,0.3383552076480275
99.95000000000002,1.0,40.0,25.0,0.625,0.15885954381171621,0.3354416043964547,6.576260931370385,0.2,-0.12,0.18199895385876158,-0.6303441736618489,8.935269941855948,3.0412645463322856,0.0050621364103592414,-0.22548833735399754,-0.11962520314966721,0.138193169278058,0.43819739283842446,0.37683113765434023
100.03,1.0,48.0,34.0,0.7083333333333334,0.2519266015938089,0.3431781219048528,5.6382282882761805,0.2,-0.12,0.2648648160758422,-0.6695420910990135,8.934217529545961,3.0394560074914074,0.0021496775280255287,-0.13320031781088204,-0.07665062257051325,0.08683669490963136,0.25210402560570594,0.3545465415361383
100.29000000000002,1.0,43.0,33.0,0.7674418604651163,0.22703299609806862,0.3441449231249173,11.035174493624549,0.2,-0.12,0.23644284351391187,-0.8010155802531984,8.93625328218775,3.0386360344459993,0.0009612794004266734,-0.11144433594265912,-0.049971727933307175,0.13563241930040232,0.36737050202806903,0.3641675370971417
100.55000000000001,1.0,47.0,27.0,0.574468085106383,0.1579077127693097,0.2099312530807,6.283635454987345,-0.2,-0.12,0.15833261766656065,-0.9362632843825591,9.335548245127024,3.037332083923747,-0.005781426660760314,0.31629538251465483,-0.03234145970226576,0.2570648023774647,0.5412296956096107,0.32934364686819484
100.63,0.0,37.0,4.0,0.10810810810810811,0.3422037565442373,0.3486692172824895,0.9099176951694361,nan,nan,nan,nan,nan,nan,-0.005781426660760314,0.31629538251465483,-0.03234145970226576,0.2570648023774647,0.5412296956096107,0.32934364686819484
100.83000000000001,0.0,33.0,1.0,0.030303030303030304,0.3424499694739485,0.3424499694739485,0.13393092080310384,nan,nan,nan,nan,nan,nan,-0.005781426660760314,0.31629538251465483,-0.03234145970226576,0.2570648023774647,0.5412296956096107,0.32934364686819484
101.03,0.0,21.0,0.0,0.0,nan,nan,nan,nan,nan,nan,nan,nan,nan,-0.005781426660760314,0.31629538251465483,-0.03234145970226576,0.2570648023774647,0.5412296956096107,0.32934364686819484
101.23000000000002,0.0,19.0,0.0,0.0,nan,nan,nan,nan,nan,nan,nan,nan,nan,-0.005781426660760314,0.31629538251465483,-0.03234145970226576,0.2570648023774647,0.5412296956096107,0.32934364686819484
101.43,0.0,22.0,0.0,0.0,nan,nan,nan,nan,nan,nan,nan,nan,nan,-0.005781426660760314,0.31629538251465483,-0.03234145970226576,0.2570648023774647,0.5412296956096107,0.32934364686819484
101.89000000000001,0.0,25.0,0.0,0.0,nan,nan,nan,nan,nan,nan,nan,nan,nan,-0.005781426660760314,0.31629538251465483,-0.03234145970226576,0.2570648023774647,0.5412296956096107,0.32934364686819484
102.03,0.0,40.0,0.0,0.0,nan,nan,nan,nan,nan,nan,nan,nan,nan,-0.005781426660760314,0.31629538251465483,-0.03234145970226576,0.2570648023774647,0.5412296956096107,0.32934364686819484
102.19,1.0,45.0,38.0,0.8444444444444444,0.15181648777869225,0.20242145288096905,6.671304167986606,-0.2,-0.12,0.15488285551148243,-1.820757881921071,9.0518266626291,-2.5131051356242256,-0.12206167729796147,0.014224477081102194,-0.01930075576565704,0.5465423181976803,0.8104772199274883,0.633209332820851
102.43,1.0,47.0,43.0,0.9148936170212766,0.14066750315086707,0.19916827325341613,4.547755486086482,-0.2,-0.12,0.14677789151700993,-1.9093451103535883,8.921637673119845,-2.3005281273858738,-0.07135120302532716,-0.041720785853923914,-0.005628079950092958,0.4813045575307445,0.5531609243350255,0.45424478714594446
102.59,1.0,37.0,12.0,0.32432432432432434,0.08451476668755183,0.1228522081841223,8.400666266430116,0.08921825262680454,-0.12,0.08601499712762635,-1.7000351657662458,8.691148686817128,-2.175962098256494,0.21177831752208864,-0.1839435565938352,-0.0028011582429559034,0.44341962432743487,0.43773230022658455,0.18065133039367784
102.83000000000001,1.0,48.0,44.0,0.9166666666666666,0.07688583938534455,0.15852216250985068,6.914116988175741,-0.2,-0.11184783089048607,0.08866965186876774,-2.0029527585551183,8.688454771121817,-2.0298749749175395,-0.14966230317113505,0.0165535393666687,0.002672345997796644,0.6909272068257404,0.6107602701527279,0.4053000110649933
103.05000000000001,1.0,40.0,31.0,0.775,0.07964824934580099,0.16917980110849448,5.336098563671675,-0.2,-0.0760387737328471,0.08975447999492246,-2.0381087966950924,8.564497043919438,-1.9212700741344184,-0.036866669066284885,-0.024282056305462874,0.039458224698804,0.6307633372769728,0.4858485234569483,0.3633385713815031
103.19,1.0,43.0,37.0,0.8604651162790697,0.11689051691690568,0.17379961891410126,4.528785073077432,-0.2,-0.013086706876481223,0.11678815562020063,-2.053316643381931,8.490876140562955,-1.8243499814313084,-0.011253604369831471,-0.02377815507005998,0.08841887645683855,0.4605921352346932,0.3022158106602309,0.32994875796852174
103.45000000000002,1.0,44.0,40.0,0.9090909090909091,0.07079543842395164,0.18049728143230423,6.040867120403487,-0.2,-0.0449298878070503,0.07429656199040865,-2.0844149800509046,8.356092237862258,-1.8183737223792862,-0.0015946941680864413,-0.02687671812710768,0.02743342741040955,0.7621576188117659,0.5597704056785813,0.3537724492739952
103.59,1.0,45.0,35.0,0.7777777777777778,0.06672140405288514,0.1330753801660618,7.347368642185318,-0.2,-0.04724993532838266,0.06804034943970352,-2.096874289276957,8.28242165481929,-1.8079863146037451,0.0013739019676539677,-0.015249126679920622,0.015324779931416455,0.7030086590361054,0.5027076435686185,0.3201843989044962
103.93,1.0,45.0,36.0,0.8,0.03625845116789518,0.06499834709164339,2.7158564492575197,-0.2,-0.046260258569319535,0.03427741944720676,-2.125511010668704,8.107031410330865,-1.7704149942954748,0.007787298044723112,-0.016541365201524272,0.01135044570612087,0.8858863536092991,0.7078558455784155,0.37667566830366167
103.99000000000001,1.0,37.0,31.0,0.8378378378378378,0.0851264329395329,0.11496873364615082,2.4092710246160443,-0.2,-0.040746101626032066,0.08362125123542839,-2.130366159023261,8.072852362087788,-1.7521077523525543,0.0013874328193530516,-0.0072855386049859305,0.01241266503195293,0.4137626383824798,0.25299702831446463,0.2926189358695573
104.19,1.0,32.0,25.0,0.78125,0.0676834551475546,0.09455528077726727,4.619738701138355,-0.2,-0.05969781916625933,0.06687616778524134,-2.1368282870899606,7.960030021806504,-1.7015312116621293,0.003901499798792507,-0.019571747742849865,-0.01019214826807602,0.6994609563693487,0.40883307931994173,0.2684557432387923
104.45000000000002,0.0,30.0,7.0,0.23333333333333334,0.19349135605270498,0.2232206086651478,6.748286012701695,nan,nan,nan,nan,nan,nan,0.003901499798792507,-0.019571747742849865,-0.01019214826807602,0.6994609563693487,0.40883307931994173,0.2684557432387923
104.79000000000002,1.0,37.0,17.0,0.4594594594594595,0.025080306707784553,0.04991400379180326,5.719222553054812,0.05387925524418587,0.024274861210379937,0.021505207567991704,-1.822324823599097,7.675973151629398,-1.2376782243483386,0.26616249251100843,-0.006277708644891966,0.0764513865548524,0.884570527444926,0.6534456886564823,0.30924931794177973
104.99000000000001,1.0,43.0,35.0,0.813953488372093,0.07071101416609524,0.14497137306016325,13.167595195935498,-0.2,0.12,0.0808786027933696,-1.999809979374652,7.482407723970779,-0.9769816930016096,-0.1971002762598899,-0.11180094308949862,0.14269694846151293,0.6641537563228311,0.4740666282960119,0.42797997935219434
105.25,1.0,39.0,32.0,0.8205128205128205,0.04502676373838031,0.10228056125354638,13.509423465540005,-0.2,0.12,0.051033470336418675,-1.893130761384187,7.35158673994823,-0.7811602825400759,-0.041200591393095065,-0.08035198786740771,0.08541732264590096,0.8164038377871169,0.7446844555973176,0.3918570879404262
105.59,1.0,34.0,17.0,0.5,0.019979316721496714,0.03724148659859426,5.7928730777217785,0.06551658341159397,-0.026360606152221834,0.01327214848907819,-1.5711668426833354,7.42119324621987,-0.7426493342211722,0.19221823524910597,0.1478027168335112,-0.09268236352113979,0.6581178943067302,0.6852704743583004,0.26415394663144315
105.85,1.0,36.0,11.0,0.3055555555555556,0.015631056898754096,0.03943208275292657,4.408209901630847,0.09938690724456978,-0.018951029265155368,0.010590197688961153,-1.4422536668825172,7.365840415186109,-0.6758996621604536,0.05935481056396652,0.04440602644723146,-0.0653088850601794,0.5197445420121907,0.6000478791363805,0.19692317389627545
105.99000000000001,1.0,51.0,19.0,0.37254901960784315,0.017924555262579227,0.034132959421471626,10.489177081975194,-0.0522511565578732,0.06760921906694047,0.01139847271215834,-1.4920026696853905,7.21430343290729,-0.5477048011931775,-0.06924064658237894,-0.11280910901844532,0.03247538654313065,0.5938436553840319,0.6722868914737854,0.2904712078662066
106.43,0.0,51.0,19.0,0.37254901960784315,0.017924555262579227,0.034132959421471626,10.489177081975194,nan,nan,nan,nan,nan,nan,-0.06924064658237894,-0.11280910901844532,0.03247538654313065,0.5938436553840319,0.6722868914737854,0.2904712078662066
106.45000000000002,0.0,48.0,7.0,0.14583333333333334,0.0517449566058746,0.06757250101282232,3.7618316381787293,nan,nan,nan,nan,nan,nan,-0.06924064658237894,-0.11280910901844532,0.03247538654313065,0.5938436553840319,0.6722868914737854,0.2904712078662066
106.55000000000001,0.0,40.0,2.0,0.05,0.0313698590624781,0.04402149364526012,2.3032976019286475,nan,nan,nan,nan,nan,nan,-0.06924064658237894,-0.11280910901844532,0.03247538654313065,0.5938436553840319,0.6722868914737854,0.2904712078662066
106.83000000000001,0.0,38.0,5.0,0.13157894736842105,0.04826105602812499,0.07210197813288177,8.315658158114179,nan,nan,nan,nan,nan,nan,-0.06924064658237894,-0.11280910901844532,0.03247538654313065,0.5938436553840319,0.6722868914737854,0.2904712078662066
106.95000000000002,1.0,61.0,16.0,0.26229508196721313,0.27638781489757647,0.34445533831114367,15.569467327876433,0.2,-0.12,0.28246325174388387,-0.958896256136415,7.204153548376038,-0.4801449979567368,0.07514046577415578,0.18186262010731635,-0.16231889967664476,0.11264023183886365,0.2129647656097183,0.3922604347695883
107.15,1.0,59.0,18.0,0.3050847457627119,0.19431923438816678,0.34743706381195066,11.584869596295281,0.06325371764930056,-0.12,0.21000388101004927,-0.9163477843468846,7.059476281081732,-0.3608015847015674,0.00440845135380219,0.028148600031352444,-0.1004974919293456,0.19564008825930795,0.34779771815028165,0.34786066251858666
107.33000000000001,1.0,56.0,17.0,0.30357142857142855,0.31033001517726094,0.3426008203381135,7.5904132443241545,-0.2,0.12,0.30954679235045324,-0.869565325580506,6.790270425278175,-0.03334867063921468,-0.04212909074898641,-0.23019720447209124,0.17415862561927326,0.08728415114434172,0.1682218006728285,0.2900291211155605
107.55000000000001,0.0,32.0,5.0,0.15625,0.32372949506892323,0.34843919175951854,20.93074740357289,nan,nan,nan,nan,nan,nan,-0.04212909074898641,-0.23019720447209124,0.17415862561927326,0.08728415114434172,0.1682218006728285,0.2900291211155605
107.89000000000001,0.0,23.0,0.0,0.0,nan,nan,nan,nan,nan,nan,nan,nan,nan,-0.04212909074898641,-0.23019720447209124,0.17415862561927326,0.08728415114434172,0.1682218006728285,0.2900291211155605
108.13,0.0,23.0,0.0,0.0,nan,nan,nan,nan,nan,nan,nan,nan,nan,-0.04212909074898641,-0.23019720447209124,0.17415862561927326,0.08728415114434172,0.1682218006728285,0.2900291211155605
108.15,0.0,17.0,0.0,0.0,nan,nan,nan,nan,nan,nan,nan,nan,nan,-0.04212909074898641,-0.23019720447209124,0.17415862561927326,0.08728415114434172,0.1682218006728285,0.2900291211155605
108.69,1.0,29.0,29.0,1.0,0.08995833612225033,0.2506905020377885,5.047726117960731,-0.2,0.12,0.10308112421515095,-0.30432326223317396,6.646592375769211,-0.4440896067344743,-0.1071369724925737,-0.16722750394444308,0.12463992163838078,0.7215809348480056,0.8888088771965882,0.598836830272614
108.75,1.0,44.0,44.0,1.0,0.18553649321484506,0.27636349903097523,7.52531474531084,-0.2,0.12,0.18629256479752257,-0.2927328770205897,6.6301639219474575,-0.4942734099901439,-0.03321020713965028,-0.012637028369186787,0.05420675269309406,0.21789749214266013,0.2697589967006968,0.41550602547543825
108.93,1.0,35.0,31.0,0.8857142857142857,0.12142339538035468,0.18994915208152452,2.5990258097140053,-0.2,0.06836184827627073,0.11943883743500577,-0.2609291139708989,6.5814882651284465,-0.7033369762158814,-0.056324965380751935,0.005573006189711016,-0.019815622675774525,0.43851220931660656,0.5181844808317714,0.3542042755106468
109.23000000000002,1.0,38.0,37.0,0.9736842105263158,0.08884710233274894,0.2086975295813863,3.9958518646245995,-0.2,0.12,0.09206373294580063,-0.22255673537168452,6.49165391370742,-0.9196308830413137,-0.07525189911231711,0.04369597003232517,0.03918014576910489,0.6314921034117714,0.6243266348986676,0.3813272753765859
109.39000000000001,1.0,31.0,31.0,1.0,0.07515568043570794,0.09841587365874568,2.5609321150142432,-0.2,0.05017071556845355,0.07354323110981532,-0.21084537880037058,6.436404153668136,-1.1148904153549508,-0.05182782797266411,0.04458423339125961,-0.044958704096660806,0.6603761624400836,0.5831392391740177,0.33287749999331956
109.55000000000001,1.0,33.0,33.0,1.0,0.08000186245661549,0.0956735345261767,2.0515093569695972,-0.2,-0.004583220126418357,0.0773455336598404,-0.1991389404502831,6.379831632782891,-1.2683096581485558,-0.03414085059279698,0.040291221427590784,-0.08425428481427621,0.6282941791479497,0.47857953522995356,0.32325754677385143
109.73000000000002,1.0,32.0,32.0,1.0,0.09582207954792778,0.1197254760145464,1.8703634411568315,-0.2,-0.022691475723124264,0.09382691927157458,-0.19105298722663125,6.310645584097365,-1.366961599111746,-0.02434303877670224,0.03913323086010845,-0.07484344961851086,0.5822670436234839,0.36567436252311053,0.3216856602473733
109.99000000000001,1.0,38.0,38.0,1.0,0.0861770125942936,0.11118164371897793,2.160058651531705,-0.2,-0.041775368780141646,0.08422296848350323,-0.1706671408230861,6.182966444067117,-1.419027445028129,-0.01771227863247027,0.03274374776212596,-0.06965978979268006,0.7070147546526387,0.4594300451150763,0.350348754575362
110.13,1.0,29.0,29.0,1.0,0.10268116273221618,0.12084000658564924,1.8162591595041073,-0.2,-0.04031334509320637,0.10057133273666814,-0.15931429118876642,6.112724296209,-1.3990411374256768,-0.005990585884275201,0.015297134487123998,-0.04360672331364812,0.5189848566066682,0.3023536913186021,0.2977086310887844
110.33000000000001,1.0,30.0,30.0,1.0,0.09456725810703318,0.11959613963808485,1.9818290110757455,-0.2,-0.04681891457712855,0.09195228573734364,-0.12992907911771745,6.00199684960475,-1.3501528760623425,0.00046029264706987094,0.0005194661439729131,-0.03709204877524508,0.6288399050747191,0.38465711691752824,0.31743042914935365
110.53,1.0,32.0,32.0,1.0,0.10344998743821457,0.11667909167812127,1.5266818182978126,-0.2,-0.046285247914570365,0.10108664463888667,-0.08178127602276941,5.89120887739284,-1.2747354240118312,0.007165987279923625,-0.012984838703143708,-0.024790356969436548,0.5919979138897437,0.3654467504753983,0.3360313343839946
110.73000000000002,1.0,27.0,27.0,1.0,0.09713269639694527,0.11869115032015866,2.2694149299256106,-0.2,-0.041158837738496636,0.09571552372322872,-0.037668181769718756,5.7760302720601056,-1.2063723195055394,0.011886639807280566,-0.01923828684008111,-0.01134830828129485,0.5779388703518221,0.36895774816028915,0.2981525351045334
110.93,1.0,26.0,26.0,1.0,0.08695849998406704,0.10486761209721004,2.2096067041616294,-0.2,-0.04868790495289945,0.0847664593331168,0.013633582951482426,5.666992337884604,-1.1670738429782643,0.014005427988654418,-0.020065164425515647,-0.015540507817358717,0.6248972752925368,0.4325415578506122,0.2972637694966671
111.13,1.0,37.0,30.0,0.8108108108108109,0.10261661978365784,0.11694688997109663,2.3903133056736885,-0.2,-0.03838770869034485,0.10099265824464088,0.0671944601981137,5.562835592025141,-1.1239739373365947,0.014011437255405289,-0.016637231045571355,-0.0006841752961042058,0.5626847715136942,0.3840879624632536,0.3332728448679968
111.33000000000001,1.0,48.0,43.0,0.8958333333333334,0.20894789507796682,0.3372819884313611,9.965691657250652,0.08809074856107033,-0.12,0.23337980781206574,0.3723701529133093,5.600605761033832,-1.1814345544391749,0.26542226740297725,0.12643473050086929,-0.08213595725459831,0.2187234387812772,0.12463875897422234,0.34361016309296627
111.53,1.0,63.0,57.0,0.9047619047619048,0.21790491334656897,0.34114916492531316,5.919444042564692,0.09599240143895638,-0.12,0.2391239145939844,0.4246839796994827,5.521019548325948,-1.166610037593137,0.2138721022317876,0.10367747152678053,-0.05520494726980729,0.2671733869744274,0.14913076119798566,0.3384310910168527
111.73000000000002,1.0,43.0,34.0,0.7906976744186046,0.17437305150004262,0.22600498841563713,7.608746583523464,-0.032361599877600664,-0.12,0.16857419566834805,0.3616031724032409,5.370677284833283,-1.1607028401889918,0.046758415792639896,0.012035929514270016,-0.03756137080287614,0.4510691539430077,0.2811285644767474,0.33605412597638074
111.93,1.0,65.0,61.0,0.9384615384615385,0.19562746094867556,0.3486077883609641,6.405537511020695,0.07609825812144971,-0.12,0.22016547237194561,0.5034021371806237,5.33677110650237,-1.1571675179485625,0.12727732811936304,0.06324933243657949,-0.025245091082466864,0.30905047734916874,0.18588040296759456,0.33512360410235165
112.19,1.0,63.0,19.0,0.30158730158730157,0.07992283051749602,0.15519157421801513,6.557601723777208,0.2,-0.12,0.08095644467960429,0.6662483249752547,5.297305612762407,-1.1582477966586717,0.20138334238768718,0.11019812768623183,-0.017416103187675388,0.6906112577770962,0.5210584358852383,0.247178342228831
112.33000000000001,1.0,60.0,42.0,0.7,0.17688246045021025,0.34700046551135927,7.3561163190148235,0.05081428789720565,-0.12,0.1958034730375386,0.5772623233655283,5.1496051979118835,-1.1553357485542275,-0.06956321088387418,-0.03942321090444967,-0.015507423580388258,0.2697578833453336,0.17405665346470378,0.3480254644296466
112.49000000000001,1.0,35.0,28.0,0.8,0.1575995943333044,0.2686664344900641,5.488318104725295,0.02010129192283813,-0.12,0.17248963875730983,0.5880720506814248,5.067452428116294,-1.1555747959883478,-0.06710764343759379,-0.04050712932904155,-0.0097279836032651,0.33633522177133773,0.2102797113156265,0.2967863091918017
112.69,1.0,44.0,31.0,0.7045454545454546,0.1769215901263503,0.3498041532642002,6.118773335963175,0.03501375312812063,-0.12,0.20052659282748672,0.647955782424255,4.985698398743132,-1.1685870494808204,-0.01795949677105324,-0.015091787851918781,-0.006418759213089764,0.3284266041211464,0.1959593850376524,0.32942027915686595
112.89000000000001,1.0,35.0,22.0,0.6285714285714286,0.15345170485065146,0.3292520371129892,7.187655665360474,0.007973493732607091,-0.12,0.1675737920990506,0.66578440486736,4.881233901985305,-1.2185017782113592,-0.023278745973495107,-0.020442218311607085,-0.004189611056854448,0.3566463199332199,0.20951304291369421,0.2588191108921273
113.09,1.0,31.0,19.0,0.6129032258064516,0.12097715811010819,0.29395710628874727,6.006768005567762,-0.028232078764215487,-0.12,0.13120790390355877,0.6637466590876764,4.772864069315318,-1.3018884690635604,-0.03537593405066786,-0.025709471798362138,-0.0029401315595494193,0.45205659192309766,0.272068323003612,0.2441789356692786
113.35,1.0,32.0,25.0,0.78125,0.13944858586619793,0.28464999129850166,8.825689398735202,-0.1289915346421588,-0.12,0.14795710662674308,0.5841275483890664,4.62355674893215,-1.4583648301861514,-0.10127753793672656,-0.033584495354401334,-0.0019126590312419367,0.48372276504405753,0.27512372723664674,0.3294628762227321
113.49000000000001,0.0,23.0,6.0,0.2608695652173913,0.08722995250714234,0.09958219146129453,4.4908063796718585,nan,nan,nan,nan,nan,nan,-0.10127753793672656,-0.033584495354401334,-0.0019126590312419367,0.48372276504405753,0.27512372723664674,0.3294628762227321
113.75,1.0,17.0,12.0,0.7058823529411765,0.05936942702129442,0.12433494075408531,10.616418944974338,-0.2,0.037795391976233314,0.0631531042105098,0.4892156335311779,4.471822475384669,-1.610705002630542,-0.10086208120206908,0.022686682263889146,0.15741637214502946,0.7674337641588523,0.5291186808089635,0.22061583883535044
114.29000000000002,1.0,14.0,14.0,1.0,0.02318900189993173,0.03935258148219589,1.182466947070161,-0.14458227832024786,0.03708226667465117,0.0033301493338439535,0.43252599341580167,4.303296458886986,-2.092720057082188,0.07108799905352198,0.06082182209455578,0.1240374233277608,0.8383548455755582,0.7029915393277644,0.31101042003705287
114.49000000000001,1.0,34.0,34.0,1.0,0.013932770265452352,0.03956798403493964,2.4327528206197435,-0.12157079616864479,0.07398979671359142,0.007097661619816011,0.3901705597592452,4.2482479816450365,-2.2515024947397655,0.051376593922230984,0.026449636790546016,0.12244337163253727,0.7973975365588806,0.7678331755403501,0.46653541293219
114.69,1.0,38.0,38.0,1.0,0.013200437190649505,0.030501779410024674,1.9061589502986573,-0.08288503876563459,0.06941475673263925,0.007078822318361514,0.34249577908872075,4.1867294276705325,-2.4465206434249227,0.05155094121052456,-0.004517567857659444,0.060835294407786566,0.7019935053443249,0.7312797914870217,0.3875671083417711
114.89000000000001,1.0,48.0,35.0,0.7291666666666666,0.01590024604944776,0.035648157332527936,2.4329475533609424,-0.06477372702785616,0.055215419374669575,0.007480363271053572,0.2674770704318241,4.145497738525948,-2.637037365436776,0.034082233986712535,-0.0008869640484112651,0.022737019059289487,0.6558428310229725,0.7567080993752437,0.3566462005598978
115.09,1.0,37.0,37.0,1.0,0.014857892820632069,0.034711616695070543,4.766802788339665,-0.06841517752805934,0.052620079031390724,0.00924054534442129,0.1718161240724361,4.131217481434601,-2.780460641849252,0.018044387535773337,0.01454205569095457,0.011967399631230169,0.6249925376708729,0.7840315368233016,0.3436383781353741
115.29000000000002,1.0,37.0,37.0,1.0,0.015123059988947248,0.041177895509099983,2.4041876479243336,-0.042173378189117046,0.012836754208079695,0.00849801561902797,0.07266794047798393,4.0925897777226234,-2.913922997194745,0.01904549043677574,-0.01428821367419797,-0.03163338823174744,0.6057888018867713,0.7998671286578604,0.3379714887378404
115.57,1.0,31.0,31.0,1.0,0.012929428435984151,0.0299823055471959,2.9227964144509557,-0.02251510458736718,0.002926614490475201,0.008953409925808217,-0.0757828530856244,4.064797053280795,-3.0112793291874893,0.01227219575560061,-0.015397760100295699,-0.031118132844795813,0.6368895627089003,0.8501929875909546,0.356308909542612
115.65,1.0,28.0,28.0,1.0,0.014644277198339673,0.030156799705249312,2.7314557993631534,-0.019698552541439644,-0.04104919742013222,0.008500493764247646,-0.11908074649637382,4.05987520630104,-3.072257375497862,0.00436984417979093,-0.003698899563334024,-0.06429594762251067,0.46525861904768295,0.656062460341464,0.2755270809046396
115.93,1.0,26.0,26.0,1.0,0.012537996387843963,0.030356401335214594,2.1341228408164965,-0.009763148364495171,-0.05122639479003765,0.007502103003369867,-0.27076167972771226,4.048657673719879,-3.1263186802694576,0.0037246826490164864,-0.010461781219126998,-0.056813543889884244,0.5784948871012225,0.8344013102187321,0.30834923258323454
116.05000000000001,1.0,30.0,30.0,1.0,0.012890998305608192,0.027912860934695777,4.560726199827801,-0.009120693078803387,-0.06459186877847913,0.00791993159227566,-0.3371827178268774,4.050488340827225,3.1308226944766835,0.001414933293593379,-0.003427895629110722,-0.05285939248158147,0.5303220142467617,0.7504260123602642,0.3101883963592055
116.33000000000001,1.0,49.0,49.0,1.0,0.05175473886802038,0.22660011028483165,4.905685463638688,0.07118750304003299,-0.12,0.08287751393347949,-0.4869306071091488,3.977593982513489,3.0524242525953196,0.002998272487548026,-0.08568027227639252,-0.0919274795741585,0.38490483137173276,0.7005369025214988,0.36098535200106474
116.59,1.0,62.0,61.0,0.9838709677419355,0.10997663930046653,0.23365593367774587,7.606467249274596,0.15803262873039303,-0.12,0.11443462526892996,-0.6153679159597019,3.89511593660331,3.0378165840486306,0.0011204181914796774,-0.1214818471271153,-0.060042017485913306,0.28829010098244373,0.5685100542972267,0.366525894747226
116.65,1.0,14.0,14.0,1.0,0.012032206971340791,0.025498144987729794,2.560897165782785,-0.009376282563621418,-0.0547210726476418,0.008784673461485704,-0.6471282146308271,4.063228674252307,3.100790758150737,-0.0012352505842468942,0.11143655034036515,0.025853301759231506,0.4349384926865788,0.640311222279988,0.15416156412603116
116.93,1.0,50.0,42.0,0.84,0.20448294252594867,0.3072300324438437,6.657073919487796,0.2,-0.12,0.20750590647768646,-0.7855199635685371,3.8633227971196917,3.031732938287739,-0.000665578670933753,-0.18008446501546294,-0.04203748496822568,0.1115660719138732,0.28705517453131063,0.37006969277003254
117.03,1.0,46.0,37.0,0.8043478260869565,0.25909943305916666,0.3360555458862731,6.34073241532444,0.2,-0.12,0.2618915179498166,-0.8342674980835245,3.8650568048911667,3.030612446498304,0.0006319126382432483,-0.13422780120104427,-0.027516611976440508,0.07859110637413623,0.19911425719633657,0.3122595279579123
117.23000000000002,1.0,39.0,18.0,0.46153846153846156,0.25031789447746106,0.299935335549864,6.021261320996774,-0.2,-0.12,0.24941680863637025,-0.9390839814202423,4.271091855736673,3.030175783201306,-0.0030398578616295246,0.2815477700932738,-0.019346758767900152,0.06348575750943158,0.17202370961793642,0.21274518943233617
117.45000000000002,1.0,36.0,17.0,0.4722222222222222,0.2574014728631709,0.2971257665391133,5.136604223160038,-0.2,-0.12,0.255137950087107,-1.0500044557379147,4.276631180499155,3.0300971118079443,-0.006616052858420263,0.22100729366224492,-0.014393708314371256,0.07076919846265735,0.19089211674580708,0.2302408234021409
117.85,0.0,19.0,5.0,0.2631578947368421,0.3349254931252451,0.3471019403439575,4.855283916433048,nan,nan,nan,nan,nan,nan,-0.006616052858420263,0.22100729366224492,-0.014393708314371256,0.07076919846265735,0.19089211674580708,0.2302408234021409
118.05000000000001,0.0,22.0,5.0,0.22727272727272727,0.34414481136338865,0.3487104214998199,3.5197372987468754,nan,nan,nan,nan,nan,nan,-0.006616052858420263,0.22100729366224492,-0.014393708314371256,0.07076919846265735,0.19089211674580708,0.2302408234021409
118.25,0.0,14.0,1.0,0.07142857142857142,0.3451019184312594,0.3451019184312594,7.834187838985421,nan,nan,nan,nan,nan,nan,-0.006616052858420263,0.22100729366224492,-0.014393708314371256,0.07076919846265735,0.19089211674580708,0.2302408234021409
118.69,0.0,16.0,0.0,0.0,nan,nan,nan,nan,nan,nan,nan,nan,nan,-0.006616052858420263,0.22100729366224492,-0.014393708314371256,0.07076919846265735,0.19089211674580708,0.2302408234021409
118.83000000000001,0.0,28.0,0.0,0.0,nan,nan,nan,nan,nan,nan,nan,nan,nan,-0.006616052858420263,0.22100729366224492,-0.014393708314371256,0.07076919846265735,0.19089211674580708,0.2302408234021409
119.03,0.0,27.0,6.0,0.2222222222222222,0.11596500169040554,0.15175088697159977,13.686975624981937,nan,nan,nan,nan,nan,nan,-0.006616052858420263,0.22100729366224492,-0.014393708314371256,0.07076919846265735,0.19089211674580708,0.2302408234021409
119.33000000000001,1.0,28.0,17.0,0.6071428571428571,0.12764563693341247,0.19976419614557717,3.2145265142068515,-0.2,-0.12,0.13716831935017176,-1.9828844564965395,3.743467777402588,-2.089558928278185,-0.15071253960766562,-0.028511860546844847,-0.010287260865564196,0.5339726952399255,0.7319817209674525,0.5087040529036523
119.43,1.0,38.0,28.0,0.7368421052631579,0.09319846549034812,0.16735245456384654,5.795547756860953,-0.2,-0.10948938480724747,0.10482038615154475,-2.000322437987244,3.6829798876236213,-2.006160502693934,-0.07095629864227515,-0.03150944908155395,0.007942052955971057,0.6420579712543916,0.6852112495389283,0.4752506836477255
119.63,1.0,25.0,14.0,0.56,0.03508518712663703,0.059491440614215574,4.8485133013510335,-0.2,-0.004927552517557156,0.034691824516236244,-2.025413476749943,3.56047463598126,-1.7860769532239291,-0.021287099164931877,-0.03693666219717917,0.10943366192383319,0.7355630744754134,0.662882347107779,0.23670345311922447
119.83000000000001,1.0,23.0,16.0,0.6956521739130435,0.0312773598477121,0.05002042036441753,3.6984821576868807,-0.2,0.0007506937611845917,0.027636241838835403,-2.043023401921665,3.4465504306405554,-1.6998811162970981,-0.002044021784950001,-0.030588853148968642,0.08932348347860941,0.716333854161926,0.548233359966722,0.26117221913807187
120.09,1.0,22.0,15.0,0.6818181818181818,0.03786864820504431,0.08625289765427412,7.1970564418672955,-0.2,0.05673096002668308,0.04386846627316443,-2.0526632892726457,3.296102971428404,-1.5388309228504853,0.004051642733836847,-0.03546577619980962,0.12182323195092604,0.7383589392923654,0.5067431336068021,0.2570229263189565
120.23000000000002,1.0,21.0,21.0,1.0,0.024606774352651333,0.05794248930002411,9.994258630812741,0.2,0.056949849502895035,0.024866727174494507,-1.6490370205665206,3.2299991549678655,-1.4676227043309273,0.40087177457585477,-0.012820775615739244,0.09049520789716925,0.7353028014663615,0.5211458691175828,0.30360733126966566
120.49000000000001,1.0,12.0,11.0,0.9166666666666666,0.022639149000748857,0.035580777924135186,3.6188119378350954,0.2,-0.03168237381700499,0.013629871365998903,-1.6294293603279684,3.134489546262322,-1.3970775694020474,0.10101432975278857,0.028800307776912337,-0.034386359159583435,0.6643747904008054,0.39647671956780167,0.18928535844346106
121.09,1.0,62.0,22.0,0.3548387096774194,0.06837068785272181,0.15202374439810917,13.560319142477727,0.2,-0.12,0.07354088675768904,-1.516208018125095,2.9745721136855705,-0.988660418933394,-0.009580917888702078,0.10259246405729439,-0.11863148268040102,0.7595454641427608,0.5951957979106535,0.4177718982354375
121.49000000000001,0.0,83.0,7.0,0.08433734939759036,0.07253663263661317,0.13236548938645495,10.481774354873338,nan,nan,nan,nan,nan,nan,-0.009580917888702078,0.10259246405729439,-0.11863148268040102,0.7595454641427608,0.5951957979106535,0.4177718982354375
121.63,0.0,74.0,1.0,0.013513513513513514,0.014920735464750732,0.014920735464750732,6.998182555702212,nan,nan,nan,nan,nan,nan,-0.009580917888702078,0.10259246405729439,-0.11863148268040102,0.7595454641427608,0.5951957979106535,0.4177718982354375
121.83000000000001,0.0,54.0,1.0,0.018518518518518517,0.3465666932322164,0.3465666932322164,14.107041553372872,nan,nan,nan,nan,nan,nan,-0.009580917888702078,0.10259246405729439,-0.11863148268040102,0.7595454641427608,0.5951957979106535,0.4177718982354375
122.05000000000001,0.0,58.0,0.0,0.0,nan,nan,nan,nan,nan,nan,nan,nan,nan,-0.009580917888702078,0.10259246405729439,-0.11863148268040102,0.7595454641427608,0.5951957979106535,0.4177718982354375
122.19,0.0,49.0,5.0,0.10204081632653061,0.28958672277723085,0.34245646671609076,21.893194176108455,nan,nan,nan,nan,nan,nan,-0.009580917888702078,0.10259246405729439,-0.11863148268040102,0.7595454641427608,0.5951957979106535,0.4177718982354375
122.49000000000001,0.0,33.0,0.0,0.0,nan,nan,nan,nan,nan,nan,nan,nan,nan,-0.009580917888702078,0.10259246405729439,-0.11863148268040102,0.7595454641427608,0.5951957979106535,0.4177718982354375
122.59,0.0,25.0,3.0,0.12,0.3412771358175677,0.34976188579563033,3.503005719223547,nan,nan,nan,nan,nan,nan,-0.009580917888702078,0.10259246405729439,-0.11863148268040102,0.7595454641427608,0.5951957979106535,0.4177718982354375
122.79000000000002,0.0,15.0,5.0,0.3333333333333333,0.34508377729360595,0.34920607463267517,8.450747285524779,nan,nan,nan,nan,nan,nan,-0.009580917888702078,0.10259246405729439,-0.11863148268040102,0.7595454641427608,0.5951957979106535,0.4177718982354375
123.39000000000001,1.0,14.0,14.0,1.0,0.27883163422369944,0.2970130602706744,4.0490455769186555,-0.2,0.050633794966267964,0.27784580343145304,-0.7190994152008134,2.314240902835161,-0.549244709885535,-0.25666630277123126,-0.19837785616664583,0.09985686315220654,0.18791564183662743,0.36145806166348443,0.5186617029252326
123.59,1.0,24.0,24.0,1.0,0.17089958240052952,0.26178145499922695,12.092293789612974,-0.17126671917611186,-0.12,0.14985979289534,-0.6617790080221293,2.2799275184964176,-0.8930837922002003,-0.2077385062213632,-0.08367134222042871,-0.11630039630982549,0.5399335841276945,0.6848348533639224,0.49870024016263975
123.79000000000002,1.0,19.0,19.0,1.0,0.15560646170621442,0.20016737482067032,13.105521243957579,-0.0965970076552003,-0.12,0.14681524574313867,-0.5758632040943855,2.2600412354237314,-1.080357871835902,-0.038372592142497886,0.0671350809135367,-0.054291423177228466,0.38231725831795643,0.4023227820011325,0.33030803398302083
124.05000000000001,1.0,24.0,22.0,0.9166666666666666,0.11692310031099223,0.16445778818452725,8.657154276042473,-0.096599807550779,-0.12,0.11498722957970466,-0.5517478872729064,2.1551236266160716,-1.3172477254975017,-0.02657148748038962,0.06618079772362684,-0.0365303223867437,0.5519499127029314,0.4831996131465031,0.34679818124071143
124.19,1.0,27.0,27.0,1.0,0.09159374366111929,0.12679126243698652,10.265390078340417,-0.17592976991660467,-0.12,0.08813190704835243,-0.6209308701280238,2.0711421279989564,-1.4205319716325375,-0.08788575807509058,0.02515530696592183,-0.023818836709419422,0.6439110690741163,0.5385198940703413,0.3437064429793913
124.35,0.0,28.0,4.0,0.14285714285714285,0.10622720686209941,0.12765036023211945,6.895965566036219,nan,nan,nan,nan,nan,nan,-0.08788575807509058,0.02515530696592183,-0.023818836709419422,0.6439110690741163,0.5385198940703413,0.3437064429793913
124.55000000000001,1.0,20.0,20.0,1.0,0.051413645176653824,0.09555863114370058,7.083443600806335,-0.2,-0.12,0.05329235831780318,-0.6458934336360995,1.9226522425007186,-1.6122522937955797,-0.04283377533851185,0.04596998070162206,-0.014443947290591064,0.8289764235584387,0.6561651874849583,0.30638012350113714
124.75,1.0,24.0,22.0,0.9166666666666666,0.04048849390214647,0.12817204902895807,9.671623810207944,-0.2,-0.10528692450367488,0.04915023008862553,-0.6535079370961626,1.8406434385981663,-1.6835682049719445,0.0025496683038228607,0.0321401185029091,0.0058487134061580015,0.7766881110753013,0.5815933160632423,0.3109446928690903
125.05000000000001,1.0,12.0,10.0,0.8333333333333334,0.04806256992864866,0.06964965368190029,2.4749557363118715,-0.2,0.004785771327914767,0.04504928217550316,-0.6839622095706064,1.7248026942686026,-1.7386448380119526,0.019951134950305094,0.041809874401238956,0.11424475064498218,0.6595051029989742,0.4056723124708672,0.17989488199079132
125.25,1.0,29.0,23.0,0.7931034482758621,0.027653834807900454,0.08454601843834693,9.855256393164282,-0.13398033311814658,-0.02329238710242117,0.029495546826088015,-0.6555822724151321,1.6415916453615613,-1.9061178981062132,0.08544522011881117,0.029056023895074334,0.06560269766465954,0.7848771395086471,0.6204416089562986,0.3473389656333341
125.39000000000001,1.0,65.0,50.0,0.7692307692307693,0.04756124100144481,0.1373184995898777,6.461111379771932,-0.2,0.0956551532964934,0.05330674925446154,-0.7405318688303233,1.6341200481905922,-1.9123759142816017,-0.030829594479962807,0.057737469260901175,0.16046679225252425,0.7247105924452525,0.5917481736631444,0.3749655790207892
125.55000000000001,1.0,91.0,63.0,0.6923076923076923,0.05490162087040731,0.19379544171624244,8.916212080718129,-0.2,0.08574446853113597,0.07080070999432841,-0.7852676941009601,1.5867620245994245,-2.039906544044418,0.006842852221707552,0.04228988339638495,0.09152306795167853,0.5833828905986381,0.4505658917048837,0.3371383153548191
125.89000000000001,1.0,74.0,52.0,0.7027027027027027,0.07698666058824971,0.14990818251502003,8.75264786049505,-0.2,0.12,0.0804695889230676,-0.8783039695548104,1.5278240789730835,-2.3074166305050006,0.04303627589120784,0.07368847400645984,0.09537161322582088,0.6260127593568794,0.5680007216151732,0.38302427896395486
126.03,1.0,84.0,70.0,0.8333333333333334,0.09550496397283392,0.1828797144052621,7.4261654144392075,-0.2,0.0017411939002645767,0.10638631899096473,-0.9206462037609904,1.5104943240820736,-2.5491356209547487,0.04266606857950017,0.05750235488834976,-0.05858497701923726,0.37694330871010623,0.39173087078909535,0.3334174975659915
126.15,1.0,88.0,56.0,0.6363636363636364,0.22905171709552644,0.3446749204871527,6.235467110709793,0.2,-0.12,0.2445110268171652,-0.7707706281899079,1.1470487435152268,-2.7693780966741075,0.2377815495868466,-0.301691432295357,-0.16042870276473975,0.09657224035477686,0.11861554989498446,0.30280152735409394
126.43,1.0,77.0,41.0,0.5324675324675324,0.2490128752117412,0.3480124914079466,8.957780985868316,0.2,-0.12,0.25465354469104595,-0.9360214720922647,1.1011946964280535,-2.9348310657887975,0.17523042215697637,-0.2747888560801699,-0.11292383633661762,0.12893339663201395,0.21102949569337298,0.34981963365817376
126.53,1.0,47.0,24.0,0.5106382978723404,0.2899886249509065,0.345014918553958,6.320312408694015,0.2,-0.12,0.2956290028488923,-0.994166946749504,1.090661975633251,-2.9747772014634752,0.13107818138551885,-0.21603793720779318,-0.07483933888009407,0.0749277133854728,0.1302795979418286,0.2454989498312257
126.75,1.0,33.0,19.0,0.5757575757575758,0.22345666988829246,0.24629463809576654,3.642694818806441,-0.2,-0.09138712320113031,0.22331232645276491,-1.2025984251132615,1.4533520687781438,-3.0035462786485656,0.014369907152081973,0.1938018297018116,-0.02843631750033637,0.11607902048429966,0.2233960121219748,0.23317355793913452
127.09,1.0,25.0,20.0,0.8,0.17764870687107606,0.1940651163645753,1.6883682906635356,-0.2,-0.07871463448658786,0.17721898730429958,-1.3727820965704012,1.4204381969319624,-2.968955401631118,0.017961440541888862,0.13746669194873973,-0.008305147101418164,0.2080296625727257,0.39040853816288673,0.297429118022796
127.23000000000002,1.0,18.0,15.0,0.8333333333333334,0.25923029083326515,0.2788777789463958,1.4656852868163388,-0.2,0.0026197386655522348,0.2583365783518395,-1.4540632920340255,1.4001174514854404,-2.832585307605341,0.011267461216938557,0.07604487441066055,0.07667195360465007,0.07791755684558668,0.15073526077130311,0.217615229434573
127.43,1.0,17.0,10.0,0.5882352941176471,0.19049045419830637,0.21156161325230405,2.394501601449495,-0.2,-0.11297123906025043,0.19014759733855574,-1.56154793720829,1.3498819269600202,-2.841046260337825,-0.006218381517411942,0.054384952833395506,-0.05535436528098492,0.10524676823711872,0.20049694156991324,0.164925387002183
127.53,0.0,13.0,1.0,0.07692307692307693,0.3422761634818176,0.3422761634818176,0.3306302119589878,nan,nan,nan,nan,nan,nan,-0.006218381517411942,0.054384952833395506,-0.05535436528098492,0.10524676823711872,0.20049694156991324,0.164925387002183
127.75,0.0,16.0,0.0,0.0,nan,nan,nan,nan,nan,nan,nan,nan,nan,-0.006218381517411942,0.054384952833395506,-0.05535436528098492,0.10524676823711872,0.20049694156991324,0.164925387002183
128.09,0.0,16.0,0.0,0.0,nan,nan,nan,nan,nan,nan,nan,nan,nan,-0.006218381517411942,0.054384952833395506,-0.05535436528098492,0.10524676823711872,0.20049694156991324,0.164925387002183
128.13,0.0,19.0,5.0,0.2631578947368421,0.10543768370539311,0.12007025041621805,12.096817348538455,nan,nan,nan,nan,nan,nan,-0.006218381517411942,0.054384952833395506,-0.05535436528098492,0.10524676823711872,0.20049694156991324,0.164925387002183
128.35,0.0,21.0,6.0,0.2857142857142857,0.0814781158449348,0.1098349295519408,9.878992692398768,nan,nan,nan,nan,nan,nan,-0.006218381517411942,0.054384952833395506,-0.05535436528098492,0.10524676823711872,0.20049694156991324,0.164925387002183
128.79000000000002,1.0,17.0,17.0,1.0,0.04793234183961196,0.08463003012893455,6.82102988695715,-0.2,0.03177981169994382,0.04805566976314464,-1.9902538408082269,0.6153913649256209,-1.6266785310029195,-0.08524899688135323,-0.1456125759617629,0.09879474358636653,0.9062097442331475,0.9100288592589586,0.4616922830947605
128.93,1.0,14.0,9.0,0.6428571428571429,0.026450622925503306,0.04148936168023431,5.656975345343672,0.2,0.12,0.016878398995334568,-1.5862759539949196,0.533401261349177,-1.4376642728206637,0.38670806176981953,-0.030265824912186434,0.1431550609286809,0.5374494906454176,0.3921051140394752,0.21675798312804942
129.85,1.0,34.0,34.0,1.0,0.10288067592884208,0.16346409884968613,4.678612898113726,0.1403123765876366,-0.12,0.10203431386147668,-1.465470486955825,0.2519347937017157,-0.8852584539826703,0.0675636565152904,0.08049732037711999,-0.13828962795027344,0.7671404533269328,0.6195380857194913,0.6007252986905403
129.93,1.0,47.0,47.0,1.0,0.02251444380973268,0.09062196716496773,1.5368674543609566,0.07815218182072947,-0.10666726620633657,0.008165566739329071,-1.4798135681644529,0.1906700346390932,-0.7962821036729977,-0.03235136803362826,-0.009724966320471568,-0.04512807052081347,0.7953941158852118,0.7689613174944919,0.3996560615534981
130.13,1.0,44.0,44.0,1.0,0.022783155995974344,0.09272846963089341,0.8401053350257683,0.06476381842033926,-0.10555418576257719,0.007275070576376263,-1.4105583442804825,0.14612817302513564,-0.6081771238252995,-0.020984143241876252,0.0026652084537278353,-0.025375136722764702,0.6846316787374649,0.7312901296158343,0.3616058942152337
130.33,1.0,37.0,37.0,1.0,0.0266090744477598,0.10851000114208226,0.9117499129042301,0.05835343434044127,-0.0993330277040648,0.009934715537052921,-1.3270269246251456,0.11792748318280533,-0.4338367187182851,-0.016083740957426373,0.009628230065078833,-0.009858127065404454,0.639539386958423,0.7535264372979578,0.34577821973499767
130.59,1.0,29.0,29.0,1.0,0.02873780139467785,0.10293195223873215,1.1912609479290497,0.05727008619746239,-0.09886504868373938,0.009562360091217683,-1.194415083475538,0.09331794730303426,-0.28291322249015016,-0.0123189246024753,0.018026304002694296,-0.006100720695494721,0.6251140520033338,0.7933149277549633,0.33754039410601355
130.73000000000002,1.0,27.0,27.0,1.0,0.02603706096890908,0.1086069404391983,1.2529488802360704,0.04426346476104007,-0.0490054564581706,0.00982425055728428,-1.123558918647568,0.07450925012138457,-0.1849490556384668,-0.009392052392287464,-0.0007544004830238177,0.04544526305150717,0.5263125378662604,0.7198581923090568,0.29219093644880595
130.93,1.0,27.0,27.0,1.0,0.027597665236376728,0.09685162041031385,1.7010858287892896,0.039241245301615296,-0.025105570307471955,0.010510841630691374,-1.0141149710879929,0.06076684623658463,-0.11271035317052168,-0.005905792425915157,0.0043051053134818,0.056099924852806085,0.5555693217173142,0.7730502152424057,0.30212021588210913
131.25,1.0,25.0,25.0,1.0,0.02524901333200563,0.09578566313962016,2.0590099034319653,0.0495610191807891,-0.035835463566677474,0.009255232610812184,-0.840437683210019,0.06057557378534076,-0.0755511173589837,-0.0032766755176532047,0.02249079902976433,0.028342421761397563,0.6090446768476031,0.8289371696446112,0.3277924588981622
131.39000000000001,1.0,21.0,21.0,1.0,0.029904025765647463,0.10998568497274337,2.5196261495877272,0.05367645454345609,-0.025223326099432786,0.00901583011831184,-0.7627347665130159,0.06501709399685172,-0.051560362856059236,-0.002402834756934702,0.012100282656221768,0.029124057142167925,0.4717443727792873,0.7007653244462342,0.26028339860542943
131.49,1.0,34.0,34.0,1.0,0.022805161086624115,0.07646744276330601,1.8878699994301724,0.04733834140791696,-0.0005058543855397554,0.010159395269142517,-0.7106511107197674,0.05883827354343256,-0.01990677522769215,-0.0019769800216216105,-0.0004076627887314929,0.04601637491616902,0.5310086297312369,0.7395727962541223,0.32432483907017096
131.83,1.0,19.0,19.0,1.0,0.015728435580440004,0.03424216466314422,1.9188393044877852,0.028955214987187554,0.012734641702641205,0.005684934015305256,-0.5199175925744794,0.04004620705149358,0.0055222643808887,-0.001528382220281399,-0.012663461991919173,0.04434054037333011,0.5336998178716412,0.805344434824781,0.2651401697756288
131.89000000000001,1.0,16.0,15.0,0.9375,0.016816184884981922,0.02935669011790239,3.0193498196066084,0.019149770979795727,0.02468299929313018,0.008147895279761347,-0.48919648265464405,0.02844306351379327,0.018607587071250827,-0.0006140044802860345,-0.011976817946369955,0.04483300884293553,0.3489365441430812,0.5289942326675675,0.18881976603121733
132.23000000000002,1.0,26.0,26.0,1.0,0.01640991004148664,0.03770402098438424,4.729027082431989,0.011447123057647874,0.05090583070187593,0.00873837566419102,-0.298588800302083,0.021912186515804455,0.04799243848823931,-0.00042273180305818503,-0.011296255742548354,0.06276840455503044,0.6353965010649036,0.8604017120399754,0.3575044806778379
132.35,1.0,27.0,27.0,1.0,0.015341712765725678,0.03335025125993669,2.018494168758973,0.043683958178574844,0.027548704697797657,0.007594357934421759,-0.23460763059931816,0.05289593651885492,0.024663996061946428,-2.9566308651862716e-05,0.02949361086703432,0.017250198563310726,0.517969982944761,0.7301454335022046,0.3129817787075345
132.49,1.0,34.0,34.0,1.0,0.014603623420236325,0.037250783769083154,2.197886490166555,0.04931472856040245,0.024378379217686506,0.008061957335721548,-0.15926931495735117,0.05799773398345739,0.02180030218429687,1.0489822879156119e-05,0.01225554995065771,0.00811472350245401,0.5417864388754802,0.7819328261661317,0.3278867823933542
132.69,1.0,35.0,35.0,1.0,0.016138210014313602,0.03215750245150071,2.062469002872023,0.051817826524253624,0.02423449981418024,0.007387594077011156,-0.04623005668469707,0.06096269887440689,0.02115807219561205,0.00010342821645115824,0.0029673753170723835,0.005099024854558674,0.5758293319318035,0.8219066599218684,0.33107316571014633
132.89000000000001,1.0,42.0,42.0,1.0,0.014212030282714552,0.03629584798114304,1.3267784010453576,0.0631518401553368,0.016141211583827583,0.007106539771221147,0.06111883209898109,0.07113389468833728,0.012457520649364503,0.00012872438210103504,0.009592353381387718,-0.004736491130205717,0.5830616295122986,0.8250805469154125,0.33254194006470017
133.09,1.0,40.0,40.0,1.0,0.014301677386103315,0.036940401536289975,0.6970952009409864,0.07889346625646135,0.002113639100402359,0.004951946761159521,0.16957685157948937,0.08874298718669232,-0.002411521430198566,0.00027500737294272604,0.01533804617652161,-0.017355423578934326,0.5842997182913048,0.8257593531394258,0.3331943843016614
133.29000000000002,1.0,44.0,44.0,1.0,0.016134892759297224,0.034244870259007326,0.7753060093770383,0.07712845712708077,0.0037661562237110875,0.0050024264506121525,0.2799168012298628,0.08760022850408601,-0.001440435729984129,0.00023026706913537032,-0.0005315912531205919,-0.01018533149577672,0.5844814721953743,0.8264582569206743,0.3334662646957508
133.49,1.0,45.0,45.0,1.0,0.014803804037929386,0.0376952323652991,0.6702796483513676,0.07572554199271135,0.00549505906383808,0.004967283316633106,0.38874093093400847,0.086583588663044,-0.00027601486744232174,0.0001375421615220085,-0.002583258543868927,-0.0050504669254493855,0.5833234685269929,0.826547795593282,0.33359629311383293
133.69,1.0,46.0,46.0,1.0,0.014407597783017367,0.03460180716087694,0.9156147971857638,0.07538102814778809,0.00499679602302918,0.004983747405010682,0.5003067194295507,0.0875612106563889,-0.0012469451677346941,0.00010261462258942533,-0.0017468682794486295,-0.0038188762410417505,0.5831201251471843,0.8270703286581901,0.3336272571663051
133.89000000000001,1.0,42.0,40.0,0.9523809523809523,0.015432248100130644,0.039586311939311516,0.8173072928746044,0.07564029800927459,0.004852461349949228,0.004882740360388583,0.6068610677522178,0.08796891745495747,-0.0018641548665192357,8.199772696448893e-05,-0.0008206307693785914,-0.0026580001357847842,0.5830830740125009,0.8281142885299795,0.333692537852433
134.09,1.0,37.0,29.0,0.7837837837837838,0.017760021361010913,0.03061804527673107,0.934273392727075,0.07498152822002639,0.005176553583206484,0.004942689048772899,0.7161794903908315,0.08816288391965287,-0.0019922235997662224,7.099010181321752e-05,-0.00150753101398525,-0.0014330018634522927,0.5589686274172986,0.8145598560096434,0.31219870280206163
134.29000000000002,1.0,40.0,29.0,0.725,0.013026346420412852,0.038816918211689866,0.897597189326661,0.0742805371989091,0.004912183402851542,0.004990293487116286,0.8245661851168653,0.08798895584356985,-0.0024090074074650265,4.267145884406798e-05,-0.0016374334571420263,-0.0012237677169929133,0.5658803730757823,0.8179017208123885,0.31677383033505985
134.45000000000002,1.0,41.0,30.0,0.7317073170731707,0.14639078258602053,0.20884688684289515,7.174923336812379,-0.16688457339642535,0.12,0.148376460504078,0.9105125664018232,-0.15144505095605698,0.112433162480987,-0.0017766794205655856,-0.2419513657091618,0.11428038260230063,0.11958562310598815,0.3020102390191803,0.31207400256563844
134.65,1.0,57.0,49.0,0.8596491228070176,0.20019794264572835,0.3427691834484428,7.229188446800172,-0.17494257809601435,0.12,0.2056068060789896,1.0199845123560094,-0.16007859292366647,0.11231802866186358,-0.0014332603737672311,-0.1834415216458079,0.08018255299738447,0.10299933556706294,0.2899484851850077,0.33367814093695175
135.03,1.0,66.0,17.0,0.25757575757575757,0.013751326066724131,0.02584399475516835,1.0643478497582681,0.06740155983890844,0.01088279337175576,0.00493305556553989,1.211271714198916,0.08379023111181261,0.0024835813265714126,0.0005213949256162032,0.09724435309442624,-0.05469161858988105,0.6373059733546887,0.8715462615719645,0.25687552240793454
135.13,1.0,65.0,42.0,0.6461538461538462,0.2626144653005148,0.3457035963551692,10.5108703377583,-0.18254194367264598,0.12,0.26610418612873243,1.2596028101035435,-0.16650486140230225,0.11155217003941809,-0.0008629452384747438,-0.23979451348826575,0.066682830504878,0.05390071229541109,0.11368132710776169,0.36208592525163974
135.25,1.0,59.0,43.0,0.7288135593220338,0.24527530708620718,0.34909594536974636,7.102633117279224,-0.16745323197530357,0.12,0.25110210747120676,1.320225570713553,-0.15078322048011253,0.11117102877681076,-0.0010818932117875324,-0.20349950809600378,0.043078004385804614,0.07430079423214107,0.17758614268682665,0.31644265733030297
135.45000000000002,1.0,56.0,39.0,0.6964285714285714,0.25036938499804484,0.3204062043711319,4.9483916687320395,-0.1848400758196824,0.12,0.251410452549694,1.419201864399775,-0.1680912069693774,0.11103127951629455,-0.0018855070069581092,-0.19475157229854945,0.030068717657480523,0.0966481587029825,0.24867331089966496,0.32637207548942027
135.65,1.0,51.0,39.0,0.7647058823529411,0.2699804732210742,0.34305045044548743,7.130655355990164,-0.12034603198123138,0.12,0.26909259017589743,1.5204638092046734,-0.10302320492745713,0.11050954808339408,-0.002635889549229553,-0.09276709083822052,0.021004064385685223,0.10180681152776881,0.2597583752749444,0.33083105334944823
135.83,1.0,31.0,23.0,0.7419354838709677,0.2646711192685051,0.30956762311901975,6.506124983112536,-0.10792657217517211,0.12,0.26324008370367036,1.6104763898463852,-0.09171516621067437,0.11057002085154266,-0.0029469957690064774,-0.06650927471293742,0.014399238856278473,0.08774174381280044,0.22392555169682093,0.25734074289156134
136.05,1.0,33.0,18.0,0.5454545454545454,0.27356407593410015,0.32084876425950304,9.816217044644477,-0.029230242907445747,0.12,0.27208304520317056,1.7220355242350984,-0.012048367614320755,0.11569481148435515,-0.0017720660626414642,0.014578319510069476,0.01090515750805243,0.07556887083868671,0.1945530673700782,0.23395222125025245
136.25,1.0,14.0,11.0,0.7857142857142857,0.2979353612406867,0.34237633544389307,11.028725341100143,-0.2,0.12,0.2973971907697643,1.8298076646938128,-0.17570154711590383,0.1567262500936447,0.007432033728901555,-0.17038247626593664,0.008307472190344473,0.044945804739706795,0.12027197723925238,0.16720123074699397
136.53,1.0,22.0,21.0,0.9545454545454546,0.28617449263093214,0.33118970211558924,11.537144198663292,0.2,0.12,0.2840875413476361,1.9282040889023275,0.2428627225224267,0.2718288994352903,-0.028587557690888943,0.2323587184898083,0.007297299449709582,0.10763556221877059,0.26483368596106105,0.3212125304645421
137.23000000000002,1.0,43.0,43.0,1.0,0.25820330234539074,0.312039855879997,6.746870518755955,0.2,-0.12,0.2568433390873261,2.1286316951294957,0.38132133347228025,0.544983370337045,-0.09055891374586089,0.0966681810096151,-0.2361634028165268,0.2814953783847313,0.4656793536060599,0.5174398016187766
137.59,1.0,45.0,44.0,0.9777777777777777,0.06318418654006525,0.16616563973719706,8.03784886252265,0.2,-0.12,0.0812794911757974,2.1765726672470738,0.48563365077476417,0.8723552314010529,-0.11494081326115513,0.01199482918332434,-0.11524132762406036,0.8013066156042301,0.8466370426570422,0.44893344162516485
137.79000000000002,1.0,34.0,34.0,1.0,0.06173377437134612,0.14161805430755284,7.368030508919131,0.2,-0.12,0.0707185974505237,2.1867448183677762,0.5468402931841692,1.0528516556078413,-0.04574455908967634,-0.03334429151093399,-0.06537080410877218,0.7037629618093851,0.6369843114627044,0.38107408338007576
137.83,1.0,41.0,41.0,1.0,0.10840781128803115,0.14436929682063082,3.8457631966403123,0.2,-0.012859478690597888,0.10670322446860075,2.1881597392688903,0.5593755435754497,1.1928329621351372,-0.020450224952669682,-0.020876777667336976,0.0660988984895774,0.3125406527709061,0.2522251660912654,0.29309552442711007
138.05,1.0,36.0,36.0,1.0,0.09776160978719735,0.121246350563553,2.850074218937264,0.2,0.006739693658411305,0.09514030320574092,2.1957391261843027,0.6433618605109247,1.3571809759590918,-0.02938668821703061,-0.04317278638619315,0.06623873669586855,0.5681393539516413,0.381136380881135,0.32317461358357724
138.33,1.0,31.0,31.0,1.0,0.06573093355219756,0.08677389570678194,2.107694379707696,0.2,0.02081947637229033,0.0633478763650283,2.197386171889191,0.763216278952617,1.4897668080881417,-0.02444938474827474,-0.05225185114081221,0.058622579253155616,0.8056921599524677,0.6066154200727568,0.35047948916852206
138.47,1.0,33.0,33.0,1.0,0.08208967421757368,0.10911317881891357,1.5141522836899726,0.2,0.0621864811872999,0.0789843272085596,2.1989902270845065,0.8233656691654152,1.5694036250112509,-0.008377449277392479,-0.029211501669671125,0.07895877200987944,0.6091930816288468,0.38851695234268374,0.3238849922654703
138.63,1.0,39.0,39.0,1.0,0.103632175792314,0.1346166859485124,1.582802506693439,0.2,0.06400876291138129,0.10114403188279021,2.1946744133909437,0.885107282307771,1.6144496448564138,-0.002967864854388491,-0.026643284959547486,0.05509724092949386,0.51528560189317,0.28457262916623666,0.3142000820651343
138.83,1.0,34.0,34.0,1.0,0.11594718564469318,0.13655412722929092,2.469847261580879,0.2,0.06771314394387572,0.11332472165492637,2.192255110386202,0.9930204147397078,1.6318906936010975,0.0018234792055995541,-0.021670108183990844,0.041439441792395115,0.5277732546387341,0.27894288197267564,0.32515202680728156
139.03,0.0,33.0,3.0,0.09090909090909091,0.34331678981393815,0.3479153990083893,6.601937807775889,nan,nan,nan,nan,nan,nan,0.0018234792055995541,-0.021670108183990844,0.041439441792395115,0.5277732546387341,0.27894288197267564,0.32515202680728156
139.33,0.0,39.0,5.0,0.1282051282051282,0.3372498563326161,0.34549254506488036,6.550746652407694,nan,nan,nan,nan,nan,nan,0.0018234792055995541,-0.021670108183990844,0.041439441792395115,0.5277732546387341,0.27894288197267564,0.32515202680728156
139.43,0.0,31.0,1.0,0.03225806451612903,0.34199069098848506,0.34199069098848506,1.6721847554339935,nan,nan,nan,nan,nan,nan,0.0018234792055995541,-0.021670108183990844,0.041439441792395115,0.5277732546387341,0.27894288197267564,0.32515202680728156
139.69,0.0,34.0,0.0,0.0,nan,nan,nan,nan,nan,nan,nan,nan,nan,0.0018234792055995541,-0.021670108183990844,0.041439441792395115,0.5277732546387341,0.27894288197267564,0.32515202680728156
139.83,0.0,33.0,0.0,0.0,nan,nan,nan,nan,nan,nan,nan,nan,nan,0.0018234792055995541,-0.021670108183990844,0.041439441792395115,0.5277732546387341,0.27894288197267564,0.32515202680728156
140.03,1.0,42.0,37.0,0.8809523809523809,0.09265784705851286,0.16185847748559518,5.840654229475501,0.19317168435629462,0.12,0.09390241791029595,2.3212487063623817,1.6613447583267378,1.3314959752681181,0.04471460047871334,0.04715674064719777,0.08024845455524665,0.8735488654965388,0.6554566600413045,0.5664654759584702
140.29000000000002,1.0,43.0,40.0,0.9302325581395349,0.10203803724277223,0.18646506772035074,7.225019917264139,0.2,0.12,0.10405876773637726,2.3684595957319923,1.7931387673393282,1.2830973558948964,0.01648764351558807,0.024184608605666735,0.03547376964255422,0.6357107565346303,0.4548153113351771,0.4388975794945619
140.43,1.0,48.0,47.0,0.9791666666666666,0.07743368557915509,0.1397562240365401,5.706774433111911,0.2,0.12,0.07944279256062232,2.3977465019586806,1.8607177096853924,1.2670317195406104,0.015972116828726346,0.014297747334519384,0.02002504984474318,0.672889763896585,0.5134143315984698,0.35716491295685465
140.63,1.0,57.0,45.0,0.7894736842105263,0.07975589889430554,0.1408659576443907,4.422860606669609,0.2,0.12,0.08134861262903921,2.437748192314639,1.957591897410126,1.2511743608884593,0.01781919091244477,0.007063585945118023,0.013014867571143895,0.6560692639693316,0.4630554644956977,0.3440438844485959
140.83,1.0,50.0,47.0,0.94,0.09517318162577242,0.16695135105220124,8.071028282505845,0.19604918904925003,0.12,0.10042744229261996,2.483713001957898,2.0467456801203285,1.2419534200801063,0.021301916881132588,0.0009372482399641058,0.008738926937726044,0.5597845285310922,0.3570370204888374,0.338460232812855
141.03,1.0,52.0,49.0,0.9423076923076923,0.09004758715061668,0.18190868523865292,6.54846535707029,0.1683388182360881,0.12,0.09981482950494781,2.5521093415270695,2.1279980688520332,1.2364790805643375,0.04573416747178172,-0.013229584676961004,0.005995889388513254,0.5841890943677212,0.3792928693500559,0.3359724722972881
141.23000000000002,1.0,46.0,36.0,0.782608695652174,0.12309595586074368,0.32615179762749313,8.732017429034034,0.006055120387449656,0.12,0.12808116219644317,2.7395108500219694,2.148720683756441,1.2348576017625197,0.17471390151436772,-0.07988353310828789,0.0045022778331371685,0.46714293038642735,0.27948239542812486,0.33496470961969965
141.49,1.0,51.0,38.0,0.7450980392156863,0.1461975833976017,0.19522834988127946,9.747111604087458,-0.05334439054472512,0.12,0.1455951347241796,2.8426449613396665,2.2419373257728483,1.2611613097434846,0.15498624075139622,-0.0741224553859765,0.004632415874881168,0.46855340368558573,0.2696454409546537,0.3560587255844733
141.59,1.0,53.0,48.0,0.9056603773584906,0.0556985412874439,0.10627486685011477,7.229166808286763,0.10856935433784082,0.12,0.05896505076969878,2.711804791973108,2.3557009682492764,1.2872967102209447,-0.0658863499797886,0.021058894837386433,0.004427502980576259,0.7994250159164821,0.6570153045466017,0.3053125958575192
141.79000000000002,1.0,36.0,34.0,0.9444444444444444,0.028837472588249174,0.07213967038747301,7.436911266269935,0.15049329466014394,0.12,0.02758421827803697,2.6935051225636784,2.4545580352103857,1.3712135225710194,-0.04387254092577164,0.00617302127011321,0.002233612906003879,0.8246911408795504,0.643650530666001,0.3210402269383941
141.99,1.0,39.0,39.0,1.0,0.03612852730146053,0.0881540907209385,6.34803961400643,0.2,0.06527716148071945,0.03638324645955752,2.650685512546807,2.5487772895206606,1.437781628573335,-0.04838532057097522,-0.008294073655416678,-0.05384368870588973,0.823483168225127,0.5978404707073642,0.32812238044116443
142.19,1.0,43.0,41.0,0.9534883720930233,0.06688059033091227,0.1348268845052564,5.075649828074462,0.2,0.0575619038523952,0.0723759872359131,2.643394544228424,2.6206289624588606,1.569931068534215,-0.002525403357306555,-0.03176825739032507,-0.0447102013555396,0.6965713645682258,0.4048568277402185,0.331382470837973
142.63,1.0,41.0,36.0,0.8780487804878049,0.10327295951357017,0.13753579314370007,3.0488325641861036,0.2,0.07980875015076595,0.10229292525115531,2.583804106106673,2.757991093272229,1.945832481655782,0.024811405977625434,-0.08218977610781364,-0.007818646533177098,0.6969331879456827,0.41068941788904917,0.4113485462594561
142.79000000000002,1.0,48.0,42.0,0.875,0.11946355702795715,0.16748097446027901,3.9865477544334307,0.2,0.12,0.12032564635848329,2.548117827919363,2.806466076842928,2.0958293313470797,0.025624891834005847,-0.0667555700478335,0.035140591062150506,0.48057502907350064,0.3186516827779038,0.3528121081009501
142.99,0.0,44.0,3.0,0.06818181818181818,0.3413112448759236,0.3475745177356478,5.904363517568474,nan,nan,nan,nan,nan,nan,0.025624891834005847,-0.0667555700478335,0.035140591062150506,0.48057502907350064,0.3186516827779038,0.3528121081009501
143.19,0.0,41.0,3.0,0.07317073170731707,0.3418490501015545,0.3482187970542239,4.104762374362777,nan,nan,nan,nan,nan,nan,0.025624891834005847,-0.0667555700478335,0.035140591062150506,0.48057502907350064,0.3186516827779038,0.3528121081009501
143.43,0.0,37.0,0.0,0.0,nan,nan,nan,nan,nan,nan,nan,nan,nan,0.025624891834005847,-0.0667555700478335,0.035140591062150506,0.48057502907350064,0.3186516827779038,0.3528121081009501
143.59,0.0,41.0,0.0,0.0,nan,nan,nan,nan,nan,nan,nan,nan,nan,0.025624891834005847,-0.0667555700478335,0.035140591062150506,0.48057502907350064,0.3186516827779038,0.3528121081009501
143.79000000000002,0.0,42.0,0.0,0.0,nan,nan,nan,nan,nan,nan,nan,nan,nan,0.025624891834005847,-0.0667555700478335,0.035140591062150506,0.48057502907350064,0.3186516827779038,0.3528121081009501
143.95000000000002,0.0,40.0,0.0,0.0,nan,nan,nan,nan,nan,nan,nan,nan,nan,0.025624891834005847,-0.0667555700478335,0.035140591062150506,0.48057502907350064,0.3186516827779038,0.3528121081009501
144.19,0.0,29.0,0.0,0.0,nan,nan,nan,nan,nan,nan,nan,nan,nan,0.025624891834005847,-0.0667555700478335,0.035140591062150506,0.48057502907350064,0.3186516827779038,0.3528121081009501
144.45000000000002,0.0,31.0,0.0,0.0,nan,nan,nan,nan,nan,nan,nan,nan,nan,0.025624891834005847,-0.0667555700478335,0.035140591062150506,0.48057502907350064,0.3186516827779038,0.3528121081009501
144.65,0.0,31.0,0.0,0.0,nan,nan,nan,nan,nan,nan,nan,nan,nan,0.025624891834005847,-0.0667555700478335,0.035140591062150506,0.48057502907350064,0.3186516827779038,0.3528121081009501
144.79000000000002,0.0,37.0,2.0,0.05405405405405406,0.33409857665894044,0.3400970519214862,3.386204873211733,nan,nan,nan,nan,nan,nan,0.025624891834005847,-0.0667555700478335,0.035140591062150506,0.48057502907350064,0.3186516827779038,0.3528121081009501
145.05,0.0,28.0,0.0,0.0,nan,nan,nan,nan,nan,nan,nan,nan,nan,0.025624891834005847,-0.0667555700478335,0.035140591062150506,0.48057502907350064,0.3186516827779038,0.3528121081009501
145.33,0.0,39.0,0.0,0.0,nan,nan,nan,nan,nan,nan,nan,nan,nan,0.025624891834005847,-0.0667555700478335,0.035140591062150506,0.48057502907350064,0.3186516827779038,0.3528121081009501
145.39000000000001,1.0,45.0,45.0,1.0,0.11175613602356231,0.15648036107407648,6.261914557096426,0.2,0.10320533081024308,0.11178941853377979,2.6142712863178916,4.216231961209719,1.2061886668082158,0.145063840094787,0.12210178584646414,0.005671586640231485,0.9120884075193086,0.7767881555606938,0.7029288496945365
145.59,1.0,42.0,42.0,1.0,0.14454472172875568,0.18799865378682012,4.601065944509821,0.2,0.06743997767419845,0.14364581368466733,2.6570842224514655,4.3077214228342156,1.1639827526237132,0.021764769165619757,0.02349160871408884,-0.031174096662229145,0.4989801553882159,0.3808363282345649,0.4648353595152653
145.75,1.0,41.0,41.0,1.0,0.15717341818513086,0.19533022692080965,3.0281331276379957,0.2,0.03827930154435624,0.15440415653711914,2.6951619068089134,4.390158348191732,1.1330615180072907,0.01810574743490445,0.01320184021522941,-0.04569212123333922,0.4194995694294526,0.2997556528821708,0.37439601288951735
146.07,0.0,52.0,7.0,0.1346153846153846,0.34665023647942705,0.3499999888215384,2.6963216093749507,nan,nan,nan,nan,nan,nan,0.01810574743490445,0.01320184021522941,-0.04569212123333922,0.4194995694294526,0.2997556528821708,0.37439601288951735
146.25,1.0,47.0,47.0,1.0,0.20069153950720944,0.21527400553845716,1.4631462807953346,0.2,0.009704342543248708,0.198897813642296,2.7964509122696746,4.615636333050641,1.110729690663656,0.024792129456830736,0.003227774076009382,-0.057047705010382144,0.4427114526710982,0.2683608253139471,0.44215101788524847
146.35,1.0,52.0,52.0,1.0,0.1551932800040267,0.18388330822561347,2.575979595278776,0.2,0.02193337075891578,0.15337704948131453,2.812878658262428,4.6595582009994905,1.1391939369090984,0.01196446450760602,0.0018874634654570954,-0.019383584468684045,0.4751957681741742,0.33318845323944835,0.3444874141300204
146.53,1.0,39.0,39.0,1.0,0.1612789691012457,0.17707698078825143,1.935180922940507,0.2,0.0064450562920591765,0.15933326095267947,2.8395157149589467,4.733689892541537,1.1803831840300658,0.004245605687117404,-0.009070784642710272,-0.028111472598481905,0.4313257759136392,0.2899041926453438,0.3313210539097468
146.89000000000001,1.0,46.0,45.0,0.9782608695652174,0.1676635917632156,0.18525711639014625,1.5806203051168293,0.2,-0.08859427935127744,0.1656020958570411,2.8549687136351807,4.873486767794319,1.2768897132878705,-0.005708954016015344,-0.04312477751132349,-0.11379456616914063,0.501745435148331,0.2974243234991645,0.3876345335197171
147.03,1.0,44.0,44.0,1.0,0.14223217016472509,0.16151307987235214,2.395156397293254,0.2,-0.05809549835201879,0.14013300487274835,2.8520477846731427,4.926025339204332,1.402110511838801,-0.013766255269618721,-0.0491595803333853,-0.03920950182180771,0.5143574878973248,0.32731359359950424,0.3354684227476
147.23000000000002,1.0,41.0,41.0,1.0,0.12170727219583641,0.13681590006505392,1.8241418891678334,0.2,-0.044759092198514025,0.12001958378734921,2.835970853224656,5.000072660741061,1.5433593855883971,-0.014209470223692122,-0.05972548619056717,-0.01284021568602256,0.5852389932823677,0.37014225552892693,0.3346961738220923
147.33,1.0,34.0,32.0,0.9411764705882353,0.1146728785168021,0.1349386319976431,2.5067947525003293,0.2,0.012564642348150096,0.1131239027541725,2.825684649000662,5.0363501301236075,1.6633601527370052,-0.008832112560297922,-0.05091395981611235,0.04855039851109021,0.5147446569256733,0.33205271008086146,0.2950517808319764
147.63,1.0,30.0,30.0,1.0,0.0971658722706507,0.12185804238236307,2.2117667187821564,0.2,9.793474744448905e-05,0.09486325323039536,2.780134955720877,5.170342557180316,1.7788667644452327,-0.0038156777053215407,-0.06024177235147565,0.021597861595393786,0.6939535148089537,0.43877919799268683,0.33862694715360386
147.83,1.0,27.0,26.0,0.9629629629629629,0.10168293069767044,0.1207371352471115,2.44592666120999,0.2,0.006958169125981605,0.09934879592730246,2.744117457119332,5.2688883574734025,1.8372677957901222,0.0017590773194533504,-0.044110407519270645,0.020780068351990977,0.5767103168167969,0.3500372517494272,0.30040516200525774
148.03,1.0,25.0,25.0,1.0,0.08115124136672519,0.10107479864363807,2.9822037976764553,0.2,0.04306433695659298,0.07856915986844716,2.708295674444033,5.365071254816845,1.9089743769423229,0.004351112410515334,-0.03573878241093631,0.05043538168804962,0.6766973419386776,0.45611025644737163,0.2954582633033786
148.13,1.0,22.0,22.0,1.0,0.0826855517021854,0.10348369411484142,3.0948519295845993,0.2,0.056695194612115966,0.08046113774338079,2.688840518967319,5.410742658143067,1.9367227078228662,0.005365146379815222,-0.021982500398067373,0.048989960879927574,0.517862982867442,0.34175942854770924,0.2410205304194846
148.35,1.0,45.0,41.0,0.9111111111111111,0.04585356299586801,0.1413408702090101,4.085161787998631,0.2,0.12,0.049590525284769815,2.64585464259197,5.519668928155789,2.019278778700053,0.007671347040720811,-0.017351877464604648,0.10042815879765166,0.8490322424093634,0.7000466059428299,0.348186903259732
148.53,1.0,28.0,25.0,0.8928571428571429,0.20466113644128012,0.2946374654734577,7.008374578764329,0.055461947737689546,0.12,0.20440034608968483,2.7419949387726317,5.660672854089052,2.028194065276908,0.14473921520030242,0.04315915224087874,0.06542403131451446,0.1707472346079333,0.08027836203626758,0.28069761281896943
148.79000000000002,1.0,35.0,31.0,0.8857142857142857,0.09333497496453716,0.15814836944298938,7.3081667420136,0.171814430876052,0.12,0.09474004224863498,2.5771004077051085,5.7468875241212,2.042504064439232,0.01946421311761215,-0.0024806661771670235,0.04764834529108852,0.6711102094569451,0.445446535637575,0.3582728844313139
148.93,1.0,34.0,30.0,0.8823529411764706,0.1483564155447331,0.22762740631708756,5.8390172257757245,0.13731776800083678,0.12,0.1531702903526733,2.5808728718701515,5.8255239678149815,2.045577610501348,0.04574027733619568,0.011009081791258701,0.030780399858795437,0.33434466860975454,0.20425597861164047,0.31358782769322885
149.13,1.0,47.0,39.0,0.8297872340425532,0.1565333022362362,0.22359096349620544,4.169720492179091,0.1467720056512202,0.12,0.15979009120107707,2.5342137411061696,5.912357940301261,2.050203251990917,0.030225337184642598,0.005839307423509688,0.02140298249286321,0.3954584950212476,0.243418103117868,0.33435548148625904
149.33,0.0,38.0,6.0,0.15789473684210525,0.3134022639305835,0.33681198224678593,12.543113706349308,nan,nan,nan,nan,nan,nan,0.030225337184642598,0.005839307423509688,0.02140298249286321,0.3954584950212476,0.243418103117868,0.33435548148625904
149.53,0.0,42.0,0.0,0.0,nan,nan,nan,nan,nan,nan,nan,nan,nan,0.030225337184642598,0.005839307423509688,0.02140298249286321,0.3954584950212476,0.243418103117868,0.33435548148625904
149.73000000000002,0.0,40.0,0.0,0.0,nan,nan,nan,nan,nan,nan,nan,nan,nan,0.030225337184642598,0.005839307423509688,0.02140298249286321,0.3954584950212476,0.243418103117868,0.33435548148625904
149.93,0.0,45.0,0.0,0.0,nan,nan,nan,nan,nan,nan,nan,nan,nan,0.030225337184642598,0.005839307423509688,0.02140298249286321,0.3954584950212476,0.243418103117868,0.33435548148625904
150.13,0.0,50.0,0.0,0.0,nan,nan,nan,nan,nan,nan,nan,nan,nan,0.030225337184642598,0.005839307423509688,0.02140298249286321,0.3954584950212476,0.243418103117868,0.33435548148625904
150.33,0.0,46.0,0.0,0.0,nan,nan,nan,nan,nan,nan,nan,nan,nan,0.030225337184642598,0.005839307423509688,0.02140298249286321,0.3954584950212476,0.243418103117868,0.33435548148625904
150.53,0.0,45.0,0.0,0.0,nan,nan,nan,nan,nan,nan,nan,nan,nan,0.030225337184642598,0.005839307423509688,0.02140298249286321,0.3954584950212476,0.243418103117868,0.33435548148625904
150.73000000000002,0.0,37.0,0.0,0.0,nan,nan,nan,nan,nan,nan,nan,nan,nan,0.030225337184642598,0.005839307423509688,0.02140298249286321,0.3954584950212476,0.243418103117868,0.33435548148625904
150.99,0.0,43.0,0.0,0.0,nan,nan,nan,nan,nan,nan,nan,nan,nan,0.030225337184642598,0.005839307423509688,0.02140298249286321,0.3954584950212476,0.243418103117868,0.33435548148625904
151.13,0.0,34.0,0.0,0.0,nan,nan,nan,nan,nan,nan,nan,nan,nan,0.030225337184642598,0.005839307423509688,0.02140298249286321,0.3954584950212476,0.243418103117868,0.33435548148625904
151.39000000000001,0.0,31.0,0.0,0.0,nan,nan,nan,nan,nan,nan,nan,nan,nan,0.030225337184642598,0.005839307423509688,0.02140298249286321,0.3954584950212476,0.243418103117868,0.33435548148625904
151.65,0.0,30.0,0.0,0.0,nan,nan,nan,nan,nan,nan,nan,nan,nan,0.030225337184642598,0.005839307423509688,0.02140298249286321,0.3954584950212476,0.243418103117868,0.33435548148625904
151.73000000000002,0.0,30.0,1.0,0.03333333333333333,0.3178308756853478,0.3178308756853478,17.07119103542337,nan,nan,nan,nan,nan,nan,0.030225337184642598,0.005839307423509688,0.02140298249286321,0.3954584950212476,0.243418103117868,0.33435548148625904
151.93,1.0,41.0,39.0,0.9512195121951219,0.11635352055142863,0.2033373779018852,9.062870214450312,0.2,0.12,0.11950335772104348,2.3854270549789516,7.412330804696772,1.3072054117117249,0.11421442407764548,0.14651972967072524,0.014440900844566507,0.9085335802901332,0.7591428580787574,0.7134138667224844
152.09,1.0,66.0,65.0,0.9848484848484849,0.08134313214367339,0.15834967578895695,7.144728710980715,0.2,0.12,0.08783272830897106,2.4149504826415504,7.48588144872764,1.289554307819487,0.015891155796697642,0.031882633589754406,0.006327531458762525,0.7315139279988391,0.6268680285128267,0.4579488316027592
152.29000000000002,1.0,48.0,46.0,0.9583333333333334,0.08510260804438542,0.16042517538448983,6.351550643537501,0.2,0.12,0.08871729877248351,2.4522775325741346,7.578506761880493,1.2770306076451017,0.016690252835518837,0.010850876947706922,0.003529528478116717,0.6634553502388473,0.4829058224695637,0.38459942552542503
152.55,1.0,50.0,49.0,0.98,0.11498861957248707,0.16964510999131885,6.677123495200811,0.2,0.12,0.11465946692249687,2.500817966244805,7.702428948681714,1.2696682812666262,0.021598775128461423,0.0031168490916879676,0.0023430278272087435,0.572597932171554,0.3488235870635609,0.3758514587242674
152.75,1.0,52.0,52.0,1.0,0.10740780641196407,0.1775074687500569,6.299522803129763,0.2,0.12,0.1092391497266901,2.538157212575932,7.797134171773755,1.2679024815839708,0.02105708275174978,0.0002503555507402666,0.0016895642469281216,0.5875059091781818,0.3701751651583024,0.3520162623536311
152.89000000000001,1.0,49.0,47.0,0.9591836734693877,0.0797472016274035,0.1611851390376712,5.1603722424488545,0.2,0.12,0.08592773240799051,2.564066384205671,7.8643124406542615,1.2664360736280873,0.016956751375456935,-0.0005836573888879926,0.0013073967665424568,0.6502951156969433,0.4518983556103066,0.31937400289240875
153.13,1.0,41.0,41.0,1.0,0.09960972200928087,0.17959918643388995,6.344467516529019,0.2,0.12,0.10306511767209652,2.6070695047003887,7.972508016890554,1.273369161466083,0.018632065056998215,-0.00481460603163697,0.0010629724277348984,0.6069510562296493,0.3726096025605737,0.3423681949587086
153.29000000000002,1.0,26.0,25.0,0.9615384615384616,0.07888383495183543,0.16864128824456628,5.704611678094647,0.2,0.12,0.08416286475686008,2.63186385617918,8.048373750925391,1.2985188689380682,0.014719608960646724,-0.008744626390294385,0.0008907823845374362,0.6055133557776644,0.39109570142883776,0.27123714887143424
153.49,1.0,21.0,20.0,0.9523809523809523,0.10321791471435131,0.12143656993403841,2.68976711942868,0.2,0.04646537698550519,0.10215443258599041,2.654650599489546,8.132358462306607,1.2888696502578856,0.012297727138037562,-0.018810948240384207,-0.07271382558391282,0.48311655432399164,0.26038765328585595,0.2434704903316501
153.69,1.0,23.0,21.0,0.9130434782608695,0.0914696590005228,0.20408155177505646,4.3173763060345856,0.2,0.042746678853557346,0.09543848360756804,2.663202736190624,8.213682072005009,1.3846891210163574,0.009040036454356581,-0.03311204069404283,-0.05859511741364321,0.5703451010100106,0.3181406096464871,0.2676560090187308
153.89000000000001,1.0,27.0,27.0,1.0,0.06535428076699339,0.0811115475371536,2.0870581751802626,0.2,0.00678997820796483,0.06160294988809144,2.658782579521005,8.287173800428736,1.4753509758444625,0.005598964865904055,-0.0467163388077374,-0.07877814240268655,0.8053493356831841,0.5891955515526872,0.3265668420706711
154.05,1.0,41.0,41.0,1.0,0.05759259145122482,0.0719602609782003,3.394754189562681,0.2,0.006428580245915584,0.05497785093377132,2.6448959129751946,8.344965152675307,1.5856857462176073,0.0031216882223641385,-0.04041622199294892,-0.053526795378175285,0.7988759549762545,0.586596301592665,0.34241096094899703
154.49,1.0,47.0,40.0,0.851063829787234,0.06735967461953404,0.10630792195356767,5.862645223598326,0.2,-0.07863022770591016,0.06709452468405724,2.574982809797189,8.467074245765561,1.8728720012905884,0.022761345545922573,-0.08578899032637644,-0.1204958582962461,0.8360533349995198,0.6076554662202883,0.41496233541475147
154.69,1.0,48.0,40.0,0.8333333333333334,0.0630128668148986,0.10656995604406558,6.5326336898853175,0.2,-0.08392746847646923,0.06254428062827343,2.526258768215425,8.520395783495575,2.0186611899510147,0.02059895709533688,-0.06358899692179598,-0.07672540029976282,0.7395328836137918,0.591994072807397,0.3677754110415445
155.03,1.0,42.0,36.0,0.8571428571428571,0.05790563308975712,0.10058969906324436,7.855685505426942,0.2,-0.12,0.058725494747335745,2.412568811436576,8.627942752483154,2.1536391344047088,0.025554786319246237,-0.060741818523338154,-0.08525670967818355,0.7824548053844567,0.6958375284320127,0.3941288484189058
155.05,1.0,35.0,24.0,0.6857142857142857,0.015551075628343772,0.02786748387238479,2.649672239233955,0.1845379370674251,0.03004471587477812,0.009210220449935582,2.4164581037679804,8.644077570309056,2.3111191857091598,0.02381705230495923,-0.013552087074657493,0.09756975120847278,0.4846653492882547,0.44879361819633706,0.2355079126271104
155.25,1.0,42.0,36.0,0.8571428571428571,0.08974213027563797,0.16462659761983253,10.544419583504114,0.2,-0.12,0.09537976412376889,2.3330981559867103,8.698423459313558,2.22237139086402,0.006348306048124641,-0.030926545835733066,-0.07544187560965021,0.4427731761725737,0.39732893050954227,0.3250561634404309
155.59,1.0,38.0,34.0,0.8947368421052632,0.06302245797442045,0.11610588623446372,7.206354760078377,0.2,-0.12,0.06923164882785592,2.2109466242751012,8.794401575912623,2.285893453416538,0.00893974404956932,-0.03797189645082,-0.05115002049942019,0.7029383363857263,0.6778986722593091,0.37852700938777983
155.73000000000002,1.0,36.0,20.0,0.5555555555555556,0.07943973063490122,0.11875901667732092,13.400700597675312,0.2,-0.12,0.0808028518992883,2.156561430369103,8.834512665676488,2.297201734802261,0.00528151015987266,-0.02011841006513926,-0.03220688386509529,0.4068087123847214,0.3914146981808046,0.23659388736774678
155.83,1.0,44.0,32.0,0.7272727272727273,0.07353136060013757,0.15148537538352164,9.346997767696847,0.2,-0.12,0.07965554000487324,2.1160463905241236,8.865817117093087,2.3023141766395483,0.0028409858175719727,-0.017555731581557765,-0.024726890012052305,0.5096493010859907,0.4950707758894544,0.316086018421883
156.13,1.0,43.0,31.0,0.7209302325581395,0.041838428778889505,0.19014281438578517,7.773349280668293,0.06680206089815091,-0.10196702914850969,0.05555063506460139,2.0864716310520492,9.055720570229038,2.330581968527512,0.08169167753828299,0.07873698129256823,0.0009812881757165215,0.7507553049691343,0.737700028391911,0.35447789482941466
156.25,1.0,39.0,20.0,0.5128205128205128,0.05896443316177989,0.07272837411486875,2.6861013860054372,-0.2,0.023392569318112455,0.056180238744601506,2.2165191830268918,9.298027448632432,2.4584457427550155,0.18071430463668348,0.21022546839581935,0.12785045160670097,0.5112915943103842,0.4990391432217109,0.22571937018904728
156.45000000000002,1.0,45.0,31.0,0.6888888888888889,0.07084931828831786,0.08914636942552961,1.5837363869897048,-0.2,0.02378435657570603,0.06877932228991375,2.1500442882737874,9.352723074416241,2.465927633495949,0.05941667979035481,0.08121928381476273,0.1031206971137979,0.5877249893426466,0.5863331541381132,0.33871500869591675
156.65,1.0,40.0,26.0,0.65,0.07281477925072086,0.09298301267670579,1.068391217239954,-0.2,0.023266720031390575,0.07040451047845075,2.065230945235135,9.415547484209748,2.4831510817505302,0.008451176753205392,0.024691026371900904,0.0689304997539968,0.5344907204863174,0.5560067779131561,0.2958088368901947
156.93,1.0,42.0,34.0,0.8095238095238095,0.028878600348287292,0.05431817085376118,1.2989597422456394,-0.2,-0.016742280010783147,0.02505690812527659,1.933571186148882,9.50080582929555,2.5335383356352184,-0.015447346691317643,0.018115493720907594,0.008889175982659037,0.7579844176304008,0.800231525747164,0.3740726818466085
157.13,1.0,48.0,43.0,0.8958333333333334,0.06291512666409059,0.09860784614990198,5.106909914966555,-0.2,0.00856440656974427,0.06320167372390505,1.8229750749782963,9.553689526725135,2.670094029566769,-0.025474609856591002,0.014407470638056807,0.031032882581510268,0.5574093891772575,0.6704940919217346,0.35116631696973283
157.33,1.0,40.0,40.0,1.0,0.060023820548839014,0.1009619743859909,6.539209659171126,-0.2,0.006617091643111232,0.061230755810856435,1.700742181043932,9.587631625432952,2.8052009290996303,-0.03820872628561589,0.017740840102892008,0.01826391283544604,0.5600604113405555,0.7238793589458539,0.34138903971950135
157.45000000000002,1.0,41.0,40.0,0.975609756097561,0.05391915082560585,0.0923785985477889,5.6216099334016345,-0.2,0.05072005502847921,0.05474997117665087,1.6222952332656349,9.597885637492476,2.9354749362245154,-0.0349345936823664,0.01334116011412867,0.05635628961335293,0.5363075562270486,0.7094989491310517,0.3063910381436835
157.75,1.0,37.0,37.0,1.0,0.051675530507394256,0.08730186413176881,5.89368668121407,-0.2,0.020445792593323797,0.052242972191116746,1.4331222795649574,9.600420983564302,3.111903300926585,-0.057915137067162004,0.014457675253821023,0.00906902201179749,0.6362447875346195,0.8515203137233232,0.3577548047244623
157.93,1.0,28.0,28.0,1.0,0.07441537090830548,0.11015363655985172,8.308449619359706,-0.2,0.09889824465854623,0.07565277251170348,1.3161086205523773,9.586981130247207,-3.001646448929886,-0.03995594389792112,0.005433666318346297,0.08489501100946217,0.35496882551604925,0.6279660412027848,0.30784018748889547
158.05,1.0,24.0,24.0,1.0,0.04029164012510494,0.0799443998986123,8.332460093388429,-0.2,0.12,0.04241694026681974,1.2416547640214324,9.575342023391467,-2.93391693416306,-0.035831858074283574,0.004817134644545362,0.0801131883231827,0.5182131955694691,0.7371592577421043,0.25316118689839057
158.25,1.0,29.0,29.0,1.0,0.03297390532734774,0.0592811922782197,8.01576292217685,-0.2,0.12,0.029853381449394388,1.1281121714716185,9.551226220917298,-2.8686336622154793,-0.03182996579500941,0.005463871107625806,0.06013445123841299,0.5859744615586862,0.8062165111374041,0.3138443281167401
158.43,1.0,35.0,35.0,1.0,0.034924271699414186,0.05606444213256723,7.091900074019381,-0.2,0.12,0.032614152057063445,1.0363541308869209,9.522684208497182,-2.832229050614336,-0.02267397871572996,0.005377558263022664,0.04158517771146153,0.5947049210814925,0.8042560754082219,0.3319375159089194
158.77,1.0,30.0,30.0,1.0,0.020184549535824395,0.039539275599207335,6.087220027068261,-0.1949372528124746,0.12,0.015122980459849111,0.8647363516436586,9.472473534684763,-2.7952720671569398,-0.01981871179734429,0.008501998762623586,0.02805940988291189,0.6695265568665782,0.8540814976224758,0.36598355410196026
158.83,1.0,33.0,33.0,1.0,0.04953672228418735,0.09177289394763247,8.488231201640575,-0.2,0.12,0.049925771247607685,0.8348093318071834,9.467312614780578,-2.7914958001910795,-0.009116315663846852,0.0076983285432596915,0.01811280763785872,0.5035308774502751,0.6496847700978482,0.3058219534985968
159.03,1.0,29.0,29.0,1.0,0.014883859163597801,0.04481118371190371,4.629651079248628,-0.11595998349890303,0.11417024781484453,0.011784670716654297,0.7560344264982084,9.358485817334593,-2.7884157585589477,0.010601942821060306,-0.06958173742249585,0.006892710265299584,0.5714284109372185,0.7729154718029088,0.30016717977848795
159.23000000000002,1.0,31.0,31.0,1.0,0.014003536376039816,0.03329896728211523,2.384601830932367,-0.07936932647872459,0.08950028597962245,0.007363598205539411,0.6695571213258626,9.29594593096027,-2.8081775844342474,0.003547125827397579,-0.040261465242526384,-0.020920814195539258,0.6076093070322113,0.7910073290285115,0.32567875235028076
159.43,1.0,37.0,37.0,1.0,0.01456696237722809,0.03998803795831018,2.961892006877548,-0.08880625228813484,0.10493648521751515,0.007218546323634753,0.5716169656894007,9.275889730305735,-2.79469499220613,-0.007366097785604486,0.010771454080394705,0.0007175592911163875,0.614345138257914,0.7954998126660563,0.3348713762529402
159.63,1.0,29.0,29.0,1.0,0.014143101056595,0.03367422393955934,1.5123326456999595,-0.056754410030455546,0.08554801690482548,0.004627983232901745,0.4797139581987768,9.22069749037441,-2.8399331257547007,0.003994997223454477,-0.018759288435397536,-0.01869667554579379,0.5874594093262615,0.7809057354722369,0.31272617803846053
159.83,1.0,28.0,28.0,1.0,0.014700104689024789,0.03891276456541855,1.6398070486210174,-0.03888889842241961,0.06950581332496425,0.006934238924813855,0.39044436093874724,9.188138815381171,-2.9144555989945045,0.004324004372873669,-0.011609334308845476,-0.02921865867399509,0.5773308489311136,0.7854769556228305,0.3095475463773198
160.03,1.0,29.0,29.0,1.0,0.01608433604647334,0.03600112412454252,2.4559798446170134,-0.03525511713555592,0.06613950495238743,0.007808637829791419,0.2868732000636225,9.177167247554738,-2.9787237960439907,0.0026844487569231967,0.0038339688027697605,-0.023746435745469533,0.5799154149704322,0.800038346986864,0.3206500343443754
160.23000000000002,1.0,28.0,28.0,1.0,0.014956477874790543,0.037870167111109555,2.873156788175259,-0.056037840688492976,0.08087890239139131,0.0080237949264142,0.17664564260504656,9.190285862696362,-3.0113507793332617,0.0009673869054575013,0.030719096827468206,-0.0013294727391128802,0.5652887152970104,0.8016079634928677,0.3130303489837599
160.43,1.0,32.0,32.0,1.0,0.014847662842142766,0.032453546103425164,2.591470421991151,-0.06197346841286376,0.08296612557559363,0.010360101590343541,0.06962596541992261,9.190114262689738,-3.0410287494783215,0.0023892659979237174,0.020914877243500385,0.0017464376144022964,0.5958267431752513,0.8277509477622513,0.34412698629579896
160.75,1.0,27.0,27.0,1.0,0.01652578775871383,0.03656006867336387,3.2547405268087055,-0.05814468051105403,0.09096518068130204,0.010608065196788856,-0.10293827847984682,9.184395130707957,-3.065881458018527,0.002769695147582102,0.014046182908629135,0.009510698815567764,0.6174688099999809,0.8585163984416444,0.3401306836519394
160.83,1.0,30.0,30.0,1.0,0.014255701196903472,0.03416842022246273,3.332360463897643,-0.04956702382817216,0.07097227818205695,0.008397836774869473,-0.14663445472613046,9.174730857554025,-3.0914791067922067,0.0012263513131176296,-0.002783827989539134,-0.013438160735510074,0.4980578477366267,0.7260585184839503,0.3058306434765754
161.13,1.0,38.0,38.0,1.0,0.016291573077212348,0.035557392161163895,2.6940729736688884,-0.06082119888985732,0.08907006359085354,0.010768750671286869,-0.31199624285146277,9.187843854696077,-3.087175602974881,0.0012699856375414376,0.023785885211479396,0.00872737736937168,0.638797919252466,0.8776501692486194,0.365726717310208
161.25,1.0,53.0,43.0,0.8113207547169812,0.01715497189399188,0.033838879300651895,3.714310920925032,-0.02956874171673269,0.05633502288864893,0.008067253536937612,-0.3779484479537173,9.156511538483537,-3.123352664721571,-0.00046731763520208025,-0.022866487038637473,-0.026770412140079358,0.5294558782226003,0.7683689024468991,0.31789923763101036
161.45000000000002,1.0,56.0,38.0,0.6785714285714286,0.08412742915455779,0.34508972034177926,8.706126643463941,0.0495928172903926,-0.017794648865600657,0.14629128556534815,-0.48744497169968726,9.078736959054021,3.0803572751268353,-0.003938122518027165,-0.07657289718384597,-0.0927370955058209,0.1366143679728531,0.3776014154917154,0.3269856156363339
161.73000000000002,1.0,64.0,34.0,0.53125,0.10339073628895934,0.253069879953735,9.492796107805479,0.2,-0.12,0.11940288565572235,-0.6305188175883687,8.931398125826322,2.974948919493264,-0.01105881432409428,-0.19357326447035206,-0.1651384580695714,0.2893745526598795,0.6273660447664915,0.3596252219259562
161.79000000000002,1.0,53.0,36.0,0.6792452830188679,0.17980699197061115,0.291600524739402,7.702832451272734,0.2,-0.12,0.1960178809405172,-0.6629172834876094,8.931084359348914,2.973638982781342,-0.008543190795428313,-0.07559619909476467,-0.1076453347381503,0.10991864669302512,0.23748325583839194,0.29078645668137226
161.99,1.0,45.0,34.0,0.7555555555555555,0.20942617641700267,0.32247969258066184,9.706956943157945,0.2,-0.12,0.2216116643888223,-0.7615781108232573,8.932842907248943,2.973041610488459,-0.00767646933232935,-0.06366310443213408,-0.0765874591145943,0.11407293393279688,0.2866330395714676,0.3145577957239165
162.25,1.0,47.0,26.0,0.5531914893617021,0.15167719109488817,0.2154320679431001,8.164680905654716,-0.2,-0.12,0.15357511613998928,-0.8740585872170696,9.3318674565285,2.9721178842037945,0.013197252732034537,0.34337578144126546,-0.05274582057400812,0.2237163217182614,0.4866094300169777,0.3020612858322871
162.39000000000001,1.0,40.0,20.0,0.5,0.18156658595356542,0.25400683613669384,9.643767475881791,-0.2,-0.12,0.1830720092515189,-0.9453465429539847,9.333000094342506,2.9721510212020537,0.0013689167426459425,0.1686492806225548,-0.03426962771017239,0.12998280608908055,0.28679886753097283,0.2342024412057688
162.59,1.0,36.0,19.0,0.5277777777777778,0.19223786589623285,0.26648845273817484,11.172208551718725,-0.2,-0.12,0.19284189045413833,-1.04520649159489,9.33485821365516,2.9722722416471274,-0.0024854278885029224,0.11017042636423291,-0.02549086073614637,0.12743221616321723,0.2909327231393711,0.24368361684025783
162.79000000000002,1.0,29.0,12.0,0.41379310344827586,0.21252076625326913,0.23022417716409013,10.152167730205026,-0.2,-0.12,0.21096971925422697,-1.1491751786333753,9.334193292831825,2.9869337386104826,-0.007927684326335616,0.06746316163089716,-0.018738553568241834,0.07890727576478067,0.19390364468291543,0.17824716442897579
163.19,0.0,19.0,5.0,0.2631578947368421,0.34401163529237533,0.34788689921416693,2.3040804446401775,nan,nan,nan,nan,nan,nan,-0.007927684326335616,0.06746316163089716,-0.018738553568241834,0.07890727576478067,0.19390364468291543,0.17824716442897579
163.45000000000002,0.0,12.0,4.0,0.3333333333333333,0.34359599193192425,0.34593895429948246,1.3638101886862304,nan,nan,nan,nan,nan,nan,-0.007927684326335616,0.06746316163089716,-0.018738553568241834,0.07890727576478067,0.19390364468291543,0.17824716442897579
163.59,0.0,22.0,0.0,0.0,nan,nan,nan,nan,nan,nan,nan,nan,nan,-0.007927684326335616,0.06746316163089716,-0.018738553568241834,0.07890727576478067,0.19390364468291543,0.17824716442897579
163.79000000000002,0.0,39.0,0.0,0.0,nan,nan,nan,nan,nan,nan,nan,nan,nan,-0.007927684326335616,0.06746316163089716,-0.018738553568241834,0.07890727576478067,0.19390364468291543,0.17824716442897579
163.99,1.0,41.0,11.0,0.2682926829268293,0.08646039191052352,0.1541002969833838,14.174367766590718,0.2,0.12,0.09269977716080624,-1.5628139744092773,8.750165674549503,-2.339381219921431,0.13179950632458293,-0.35804088046576155,0.22485205004939243,0.4989232837705078,0.768533285773387,0.3338280637715918
164.19,1.0,41.0,13.0,0.3170731707317073,0.04738520338017757,0.09738632334345555,8.941822532073465,0.2,-0.03270375090351118,0.052685058530698714,-1.5893219457770655,8.692043663331429,-2.3105977985575876,0.08038486572662795,-0.04876460979305541,-0.014568607267587465,0.7228624306700261,0.7823831716387413,0.3146509303266623
164.39000000000001,1.0,38.0,16.0,0.42105263157894735,0.030603177726624936,0.08046897738210719,7.263415173229186,0.2,-0.12,0.0326359856210955,-1.6129822626131245,8.625978272575525,-2.2406814914183273,0.040736343643808404,0.017046050435240545,-0.10031225581196956,0.6889656910778208,0.6478514934996928,0.31926496917374564
164.59,1.0,36.0,32.0,0.8888888888888888,0.08312662259781968,0.14935787424237001,8.62493431172789,-0.2,-0.05481081256366325,0.09464484500033135,-1.996832860706675,8.71927829552363,-2.0545487057755514,-0.33266441852321393,0.19496636792492694,-0.004031325643544026,0.5370230353974228,0.4218825188347753,0.4457269751855082
164.79000000000002,1.0,41.0,38.0,0.926829268292683,0.05554149159733863,0.13370391500566564,9.244468777276047,-0.2,-0.051173362664626694,0.0638498691691311,-2.02806611337736,8.609848543711058,-1.9696834974097155,-0.13374365645738662,0.06049179659932413,0.007836524487801366,0.7424415773494161,0.6081304476299705,0.3797017795887285
164.95000000000002,1.0,45.0,41.0,0.9111111111111111,0.06546405024082765,0.13076029329167943,7.6606564413540985,-0.2,-0.056216098202595655,0.07247180000315213,-2.046451239920888,8.522970051223757,-1.9319044660568396,-0.027355157437835675,0.0027771137417982317,0.0023668473424252046,0.6351771197301729,0.4643738671033502,0.3392718667519872
165.23000000000002,1.0,42.0,35.0,0.8333333333333334,0.06169754495631248,0.15851010567421606,4.617058162511019,-0.2,-0.03112153125762188,0.06536271510242968,-2.079409069730915,8.383836598816481,-1.8473657814980902,-0.005624638064751775,-0.01420185186277756,0.02705262826822885,0.7723235017622605,0.5729078511363156,0.3644387120065115
165.47,1.0,46.0,35.0,0.7608695652173914,0.0608637440707326,0.16895767731329878,3.4802949472378026,-0.2,0.007123128078406381,0.06696780331006003,-2.1060309458516806,8.252928059511397,-1.7982209311624344,0.0030545566610657993,-0.009997050344766834,0.05548895915891894,0.7474595288549003,0.537446995600692,0.3609159202029027
165.55,1.0,45.0,37.0,0.8222222222222222,0.07264883847278049,0.16059499775317157,5.147764636232831,-0.2,-0.028767994223220468,0.07671883225267184,-2.113934734282001,8.211750590410107,-1.8289602444790154,0.00042604014885583297,-0.005545872785297945,-0.0005115038733110033,0.520329854323335,0.36088637998034684,0.2996640399007865
165.83,1.0,34.0,29.0,0.8529411764705882,0.07201137953858419,0.10883928037921498,3.556164887376796,-0.2,0.002992839702700832,0.0710384576664443,-2.1350783464148426,8.06173060491367,-1.7465360134318182,0.001861467104760095,-0.014044803476425116,0.0313870646023624,0.7342216430434091,0.4843369495084947,0.32610412010516626
165.93,1.0,29.0,22.0,0.7586206896551724,0.09706806418237383,0.12256596219302661,2.98738326175387,-0.2,-0.015969929526065133,0.09475531119010283,-2.1378636265919813,8.00786560095198,-1.7300999415966496,-0.0010067781648466223,-0.014121044768282687,0.002141888019165039,0.398772052827652,0.2248709271340223,0.23376203644109356
166.23000000000002,1.0,32.0,22.0,0.6875,0.02380109718074266,0.050533297900082104,4.756493094314437,-0.2,-0.054905451221158585,0.021394795244245216,-2.129731087809487,7.826507509456154,-1.620159682134152,-0.0004910115469991538,-0.040501407365781894,-0.037289592217369494,0.8401188383285173,0.6226917454074655,0.2887057039718045
166.43,1.0,32.0,23.0,0.71875,0.09506107532664063,0.16907147586659757,12.22089520081312,-0.2,0.09702533912362811,0.10882865403983577,-2.1080146062204244,7.704877256163685,-1.3333932604323013,0.003957124122254463,-0.04158236906524859,0.12561141810747256,0.43168171320783955,0.2089741960761477,0.29689817963685133
166.63,1.0,40.0,37.0,0.925,0.07587922260962401,0.16626556988985297,12.242557840541247,-0.2,0.11356186043741379,0.08901289640525432,-2.061172041961804,7.582024052179536,-1.1623176330364515,0.006516774572644657,-0.06393958769584973,0.1049218066782025,0.6667231975712736,0.4224795078793509,0.3670337263294037
166.75,1.0,41.0,38.0,0.926829268292683,0.052954712523745916,0.12953346806052507,12.080769508512752,-0.2,0.12,0.06211104650983881,-2.022238536623452,7.5165532901367795,-1.0552048750667606,0.008339793634238202,-0.058486801804555455,0.07321872070316915,0.712319341633887,0.5632476195227022,0.3184692194178286
166.95000000000002,1.0,39.0,30.0,0.7692307692307693,0.049189016093594926,0.09192005716450237,8.738697158650888,-0.2,0.12,0.05193991393804265,-1.945682120123295,7.410130236418819,-0.8972483976208581,0.014536579987603826,-0.05898440300338592,0.05039948183607513,0.7510164019786425,0.6492451826228319,0.31289954029075934
167.13,1.0,47.0,15.0,0.3191489361702128,0.014490716348818319,0.029591656244571704,5.590132430831491,0.1578158129604429,-0.01474085890658303,0.011515670144600587,-1.588377280999453,7.55107183522156,-0.9124320907399684,0.29744178666696697,0.17560051822267475,-0.09941771862819426,0.5596012311869321,0.5135031453615485,0.18507576821152366
167.35,1.0,42.0,16.0,0.38095238095238093,0.014008316655821716,0.037192817611328755,3.1235583766329698,0.14303099946185688,-0.022018646330385156,0.010304706215701795,-1.5282249276612574,7.480247956933458,-0.8130346561224812,0.08134173858658267,0.04270025316055559,-0.09329894277901095,0.5957241090363714,0.5998108242554911,0.22432022837887608
167.55,1.0,38.0,14.0,0.3684210526315789,0.017570103672479926,0.0383685479467684,3.7785840160587245,0.09491538189841975,0.0158568428127652,0.008901024273357209,-1.4885078869865807,7.389463892348324,-0.7104473976106416,-0.014025964785262524,-0.02654918591942934,-0.036110432038941605,0.5438864015693389,0.5815516757561962,0.21209636701868412
167.75,1.0,45.0,16.0,0.35555555555555557,0.018208361785682557,0.03660594672546797,2.564377366850908,0.09846449378599338,0.006082131403668081,0.008649388396424585,-1.4062340573445538,7.33546110873419,-0.6813373495361321,-0.005997569329917463,-0.00765443701108115,-0.03758067971923984,0.5704422900209958,0.6285001528414862,0.24555869018649726
167.95000000000002,1.0,49.0,10.0,0.20408163265306123,0.019721947589673706,0.03344978182003862,7.6935768016452,0.16043940662730763,-0.0630264026495684,0.008232371508896032,-1.2880487324849037,7.331213877741057,-0.7249270790488004,0.032776911073409076,0.04574876298677566,-0.0972374398197553,0.44781848339050123,0.520866218965044,0.17048869681164092
168.13,1.0,45.0,11.0,0.24444444444444444,0.015890417003252465,0.029903607091448587,5.0221762813656206,0.11240056659511875,-0.03200036082010327,0.007907689380747044,-1.2430338172995994,7.242709688285623,-0.6769081030202956,-0.019217979038832045,-0.01966864618085129,-0.05084286981052255,0.48173844731733634,0.5577174883238818,0.19280532522929933
168.33,0.0,45.0,7.0,0.15555555555555556,0.019270765051331882,0.0359939570947345,3.557669795667652,nan,nan,nan,nan,nan,nan,-0.019217979038832045,-0.01966864618085129,-0.05084286981052255,0.48173844731733634,0.5577174883238818,0.19280532522929933
168.63,0.0,47.0,0.0,0.0,nan,nan,nan,nan,nan,nan,nan,nan,nan,-0.019217979038832045,-0.01966864618085129,-0.05084286981052255,0.48173844731733634,0.5577174883238818,0.19280532522929933
168.73000000000002,1.0,46.0,14.0,0.30434782608695654,0.1830874230172111,0.25682056107325546,12.906372675078398,0.2,-0.12,0.1948502430015861,-0.9618049038981201,7.20292733579924,-0.5433454844611336,0.006114747137437759,0.08426399677184548,-0.12842069208060947,0.14289887626516726,0.22430396228174856,0.317188014491799
168.93,1.0,63.0,24.0,0.38095238095238093,0.16966347731051445,0.34773138292133937,10.600204880453704,0.13709119396621475,-0.12,0.2062896762250489,-0.9059121335281072,7.132155915981839,-0.42229910810850707,-0.03913366704439192,0.023158428443113444,-0.08859524047654592,0.20264508445015386,0.3188197519552075,0.4002247580704788
169.19,1.0,50.0,20.0,0.4,0.2642702555104878,0.3266371608941672,8.71967476462065,-0.2,0.12,0.2637276593012476,-0.8527468588962799,6.792593285955656,-0.05759022193865846,-0.1067602577637583,-0.29486313524633356,0.18674750588342592,0.11551911931167914,0.2052508804456691,0.31949800041324455
169.33,1.0,43.0,17.0,0.3953488372093023,0.2814309406552369,0.3424511048590464,13.542755125653342,-0.2,0.12,0.2808223745667212,-0.7726279895890871,6.788040749301636,-0.014248743900693417,-0.07384461893702954,-0.23977784225106102,0.1288857706524985,0.08741769973172987,0.16405064682985623,0.25029312978653906
169.53,0.0,28.0,0.0,0.0,nan,nan,nan,nan,nan,nan,nan,nan,nan,-0.07384461893702954,-0.23977784225106102,0.1288857706524985,0.08741769973172987,0.16405064682985623,0.25029312978653906
169.73000000000002,0.0,26.0,2.0,0.07692307692307693,0.3457758556697674,0.34787523440771445,2.0839735364878944,nan,nan,nan,nan,nan,nan,-0.07384461893702954,-0.23977784225106102,0.1288857706524985,0.08741769973172987,0.16405064682985623,0.25029312978653906
169.93,0.0,18.0,4.0,0.2222222222222222,0.33960180298443926,0.34657064869434395,10.886162984411403,nan,nan,nan,nan,nan,nan,-0.07384461893702954,-0.23977784225106102,0.1288857706524985,0.08741769973172987,0.16405064682985623,0.25029312978653906
170.33,1.0,31.0,29.0,0.9354838709677419,0.15526403078173248,0.31551788384293783,5.965890929052867,-0.2,0.12,0.16576045956677044,-0.36242708896346854,6.686782149272069,-0.36693262042066366,-0.13006691112976684,-0.19267800486813869,0.09760668318872245,0.4403079929186111,0.6882226556587054,0.5398024883719125
170.53,1.0,45.0,38.0,0.8444444444444444,0.10050743388438203,0.15771793964209072,4.787550201687043,-0.2,0.12,0.09909467110454691,-0.31065760044723134,6.641024779861682,-0.5271120750599182,-0.09277254114092293,-0.04579866115559117,0.04868966759933546,0.626477128808639,0.736673340230519,0.4320431823199324
170.83,1.0,43.0,37.0,0.8604651162790697,0.03509896345749748,0.10129816298397992,8.01588667499387,-0.2,0.12,0.03479779101063629,-0.25499572108700164,6.56509878495738,-0.7921542985437962,-0.0802587909511395,0.020001971457133116,0.028847764594840064,0.8309777836364687,0.8552712678507406,0.4053817452362628
170.93,1.0,30.0,30.0,1.0,0.07661153426164563,0.09730786569289741,2.25205917580735,-0.2,0.10423784510933155,0.073955383287192,-0.2431093727528067,6.535803337761533,-0.8986774050950179,-0.029596956105785,0.019464026008131796,0.002188853852312267,0.4568137909660299,0.4256352821079995,0.31440097347564816
171.13,1.0,36.0,34.0,0.9444444444444444,0.08372272189143534,0.158688764542265,3.270572739842268,-0.2,0.08531421911842742,0.0820103789621114,-0.22532967728753084,6.473328327327232,-1.0881197503081446,-0.04315113899620346,0.040366973183360244,-0.017262601677501488,0.5671748609958054,0.46000135972320555,0.33460028222579663
171.33,1.0,25.0,25.0,1.0,0.07578489399268179,0.09552404022462098,3.2910521562188317,-0.2,0.049903485180475105,0.07319778522756495,-0.21107736675514666,6.401761731210823,-1.2558723364418831,-0.041340492264480305,0.049628813993178866,-0.046575685204846895,0.6174188566305236,0.4521200835321685,0.28172504984789204
171.53,1.0,34.0,34.0,1.0,0.0836207010546075,0.10950811992338493,1.936077304748348,-0.2,0.03499416910269432,0.08261526350706996,-0.1983779164087997,6.3202407561572915,-1.3603888362889085,-0.032469735140225275,0.04725772989386012,-0.047983552720169076,0.64464687040966,0.4411909255638359,0.3455062687752461
171.73000000000002,1.0,37.0,37.0,1.0,0.08937980046326556,0.1092746548874016,1.8589158031068664,-0.2,0.01418446745122158,0.08732642136578318,-0.18494810209602572,6.228755029228118,-1.4229758083144595,-0.02238769985910319,0.036038198227537954,-0.05190567131985336,0.6323395221989608,0.40476765880865273,0.33901018664343896
171.93,1.0,31.0,31.0,1.0,0.08738743505190759,0.1059249923314998,1.8060230010948366,-0.2,-0.0003214706216978229,0.08486757655935206,-0.16823240730212322,6.128507027795926,-1.4225140793335114,-0.01385413070258229,0.018960721680548076,-0.04861888882156439,0.6478015329338275,0.4129810881880742,0.32913432287992217
172.09,1.0,32.0,32.0,1.0,0.10996695112986964,0.1291259576766022,4.563870419589415,-0.2,0.02019182149804778,0.10822505893230648,-0.14120181913375782,6.040990518402689,-1.3561064901381463,-0.006168624423817798,0.0020083020655556894,-0.011981556340639354,0.5017441063975885,0.2926950063333442,0.321501710605641
172.29000000000002,1.0,32.0,32.0,1.0,0.10089068115855736,0.11868037636442252,1.7928631703883615,-0.2,0.02135005751397201,0.09909203816964733,-0.10638748413733837,5.9318560582240165,-1.2827740867007338,-0.0023711822209774164,-0.013220953477721231,-0.006921583562304211,0.5960965574000819,0.36998479611493595,0.32842387609358464
172.49,1.0,30.0,30.0,1.0,0.09629972994132571,0.11403869159494917,2.1258921553880716,-0.2,0.022321247620134214,0.09389145825235685,-0.05781725416191211,5.8151770878135265,-1.212091689860264,0.0014215717632337782,-0.022639507068488385,-0.003593360585028682,0.599911636025797,0.39522091156964523,0.31731125046352693
172.69,1.0,32.0,29.0,0.90625,0.09281029683714861,0.10903366819779242,2.383029944981579,-0.2,0.01975809546614101,0.09061729971840644,-0.008168410450486552,5.706433201162601,-1.166226689022097,0.003263894173453177,-0.024003545233878043,-0.004894066039342837,0.6007724355616181,0.4140738084848152,0.31429781532861517
172.89000000000001,1.0,29.0,25.0,0.8620689655172413,0.10195920121148086,0.12243976623556553,1.5960205789498456,-0.2,0.03016103908116091,0.09875958601926774,0.042248052504079564,5.599265065529021,-1.1220970734338656,0.003762218268695529,-0.021644697731109552,0.007169308681033825,0.5181394443418548,0.3471471528898292,0.2865960967346589
173.09,1.0,34.0,29.0,0.8529411764705882,0.07449746524218001,0.09463494866670047,3.2578011079947786,-0.2,0.005326032195676229,0.07107395206125854,0.09631648693316686,5.49581075004754,-1.1202525107805144,0.0035458622297023373,-0.02070935770478144,-0.019631364721908184,0.71176755959207,0.5590852538743422,0.3260083168027834
173.29000000000002,1.0,71.0,64.0,0.9014084507042254,0.13803223283796184,0.28669719813409944,9.766064541468676,0.050392303925020344,-0.12,0.1514730351675964,0.3690325809121635,5.515576523340224,-1.2296675785408286,0.22717156402546831,0.09830887492442741,-0.13843073838637254,0.3489662203844585,0.2211033524760302,0.3453640904170005
173.63,1.0,66.0,46.0,0.696969696969697,0.17285284504814455,0.34460579404765834,7.673798322411686,0.2,-0.12,0.19643765228675314,0.5834591466312593,5.43477613836674,-1.2193407087367438,0.27903299230080336,0.12876535115018584,-0.09236858702901807,0.3664680404815805,0.21006202158885506,0.3866831646738119
173.69,1.0,58.0,43.0,0.7413793103448276,0.14342871665793766,0.2503541122582928,8.845289453786668,0.04462617238220321,-0.12,0.15408833820099604,0.4598105996774371,5.337462671565946,-1.2186526977641923,0.030389346085204993,0.006375546641873342,-0.05886658981103876,0.4034572527195389,0.26497991326693776,0.3040011881861421
174.03,1.0,44.0,37.0,0.8409090909090909,0.17982957946585348,0.3128054829107059,8.621965936137602,0.09949141515356248,-0.12,0.195091387689006,0.5894919031888378,5.216193414980704,-1.2165482887257433,0.07912063128196478,0.033726972827041735,-0.041151155742997325,0.39007215627049885,0.2259956700515094,0.37081806877568274
174.15,1.0,47.0,35.0,0.7446808510638298,0.14650442503255506,0.2765949987417772,7.0923305541345965,0.07853028405236795,-0.12,0.16227293677749904,0.5979340257646516,5.155400225907137,-1.2158490588931299,0.03277481811986471,0.012608916121004121,-0.026455172662078086,0.4240381767741715,0.2742493232553121,0.3203619750492012
174.29000000000002,1.0,49.0,36.0,0.7346938775510204,0.13896574546045273,0.33473417850729686,7.6833133392583095,0.020546687994259277,-0.12,0.15900997993588248,0.5795363287971809,5.067012391825994,-1.2156641617495985,-0.026699023223888507,-0.01658551759356186,-0.01819056760149196,0.40517651989523357,0.2635818475136713,0.3045366053050836
174.53,1.0,44.0,30.0,0.6818181818181818,0.17670684030196432,0.3366796924279308,7.900580254721023,0.0610107134676568,-0.12,0.19353339602877714,0.6719090465049231,4.980161593061644,-1.232753595826403,0.03354420631046007,0.012738877813728955,-0.012479585108614133,0.3439182395546468,0.19941215577514926,0.32180844712085227
174.69,1.0,32.0,22.0,0.6875,0.14243853235247209,0.304751313954565,6.55897076824994,-0.003662996405539227,-0.12,0.1562414268307304,0.6462436504785726,4.879379088291506,-1.272177042147265,-0.02836516974934733,-0.017193898030464894,-0.008651524352123241,0.3673134462851169,0.21745740388661255,0.24716697350465652
174.95000000000002,1.0,32.0,22.0,0.6875,0.14548214633617415,0.27475312654508216,9.851329311324209,-0.061574086540074575,-0.12,0.15788958443667847,0.6279922485547671,4.73635392606789,-1.3866137537326995,-0.05757738850753591,-0.025171214335861336,-0.006325354244457682,0.4095453683478459,0.22728046086040818,0.2842183147657263
175.09,1.0,32.0,31.0,0.96875,0.11283647532189223,0.21672600249581706,9.372754431089765,-0.2,-0.12,0.11593036831665464,0.5014174214556025,4.652939907015749,-1.4785025352949814,-0.16215338319662986,-0.038957843831104455,-0.004069967135905905,0.6106587804217467,0.40775482614905545,0.33945728377965617
175.33,1.0,30.0,29.0,0.9666666666666667,0.10990289321074871,0.21570432727981376,11.870665259428193,-0.2,-0.12,0.11486232900146259,0.5024968635519285,4.555884975083098,-1.6452290755743602,-0.05004907162339267,0.017411982019952532,-0.001265482351237246,0.590232249956089,0.3585977825287967,0.3332038848681498
175.45000000000002,0.0,17.0,4.0,0.23529411764705882,0.06673283440976924,0.077029629762707,4.401854314264583,nan,nan,nan,nan,nan,nan,-0.05004907162339267,0.017411982019952532,-0.001265482351237246,0.590232249956089,0.3585977825287967,0.3332038848681498
176.03,1.0,14.0,12.0,0.8571428571428571,0.012268057801337608,0.02420899620433845,1.3797104827177027,-0.13618302639276275,0.07039436811756694,0.005693592823095575,0.45038298220224904,4.321370910114657,-2.052413145281718,0.09979490491530413,0.07377678506508456,0.1900821013483958,0.8447154341569908,0.6948413229211912,0.26223472280580773
176.33,1.0,31.0,30.0,0.967741935483871,0.04950640433570636,0.06997917408481955,2.863186729788995,-0.11022255706598487,0.12,0.0468547932109105,0.37884084951011066,4.240842676642331,-2.2883141348341227,0.06685527009556264,0.03221720307211484,0.18930522797394378,0.8208081540454819,0.8107169667546146,0.46972341102509946
176.53,1.0,43.0,43.0,1.0,0.0827879367106995,0.13748264044690203,4.360348895783882,-0.11443094544884938,0.12,0.08497571049406032,0.30295577189853257,4.213108599509148,-2.4766936484836664,0.027089332649276154,0.02991441769260117,0.1004285175397137,0.4554209833071211,0.5290031280488525,0.40036132990188783
176.65,1.0,54.0,43.0,0.7962962962962963,0.020843801825027937,0.25267881208283316,2.348652716217705,-0.06431679951031533,0.09580849602585026,0.038994353968327795,0.2788734316528471,4.153895861589418,-2.607154627224744,0.048763443570970594,-0.01734713959765255,0.03634098421618237,0.6619793347743934,0.7429672814099848,0.33348053081604884
176.85,1.0,37.0,37.0,1.0,0.011288776572364184,0.026127888717243575,2.4752393618598467,-0.05285103164920155,0.07553730698137329,0.007473105446287734,0.1870568249365045,4.123383129575936,-2.7748407538066293,0.02514719929402559,-0.00016996891845799666,0.00347624820182757,0.6291247938907413,0.7801969923798748,0.3335763087841227
177.03,1.0,32.0,32.0,1.0,0.013991225370785627,0.03299164837529315,2.3969114723546845,-0.04701127896022442,0.05898196399238399,0.009048146210592588,0.09563054371262786,4.1061407818662765,-2.8868339811567068,0.014145718863020684,0.0047917981755913885,-0.014282328950274703,0.5938356709413647,0.7905539341765916,0.32614248010297714
177.33,1.0,28.0,28.0,1.0,0.01221110702071208,0.03133624296645512,2.1840569074446305,-0.027208118192963947,0.0482260487253755,0.007685254081895608,-0.06220261391988416,4.072316370887846,-2.9976556823918754,0.011234959632780067,-0.0058789058807811045,-0.020299287171714475,0.6223082099212813,0.8425973847700611,0.33525320520046165
177.53,1.0,30.0,30.0,1.0,0.013844885067442346,0.030842000404228458,3.2382880285405444,-0.02355464201552966,0.03760651064314732,0.010269748393119109,-0.167461592645938,4.072910485511389,-3.0546908617265727,0.005457527640290033,0.0025274310599936456,-0.024245067183165325,0.5924125168499103,0.8177745251568558,0.34019127802449384
177.65,1.0,27.0,27.0,1.0,0.01443565182561219,0.02983143775174601,1.9471169068724556,-0.02382289094537148,0.00569702332477548,0.007008231311346898,-0.23484073549605192,4.069181200536111,-3.1021717384603686,0.0023311639212477697,0.004379692482832098,-0.04784710226407185,0.4879860571726316,0.722155079617147,0.280973740879813
177.83,1.0,35.0,35.0,1.0,0.012447691195199388,0.02740059256947523,3.191814093591737,-0.01843461806514875,0.0010144328740021341,0.007339453128940772,-0.33646768889208883,4.070071232915073,-3.127815446841594,0.0020436577861753236,-0.00027782891739125404,-0.039013321327192145,0.5683701140152897,0.8203063196368365,0.32586492261563127
178.17000000000002,1.0,66.0,59.0,0.8939393939393939,0.13041588354648162,0.25092073295331796,7.674761279544495,0.2,-0.12,0.14251404791939248,-0.518143448613616,3.8541337478419484,3.0075141680660424,-0.001729511155860508,-0.2137595504998604,-0.14731508156284193,0.19381351057519255,0.48978999069294044,0.37917377989450135
178.23000000000002,1.0,99.0,83.0,0.8383838383838383,0.16498717405448807,0.33102379265611276,8.281591603374855,0.2,-0.12,0.17635321380748364,-0.5489776355830367,3.857617160864704,3.004994868121752,-0.003775546819548725,-0.1138944033520004,-0.09364459200310948,0.12787482201320427,0.29266211811286436,0.30042248198123167
178.43,1.0,81.0,69.0,0.8518518518518519,0.17560613189242855,0.3126397724856903,9.295124045146315,0.2,-0.12,0.18689910723011313,-0.6507557686484553,3.8610505617778195,2.996132776685073,-0.005664347301247208,-0.08773051592987535,-0.06605201819391571,0.14809941427537202,0.3552251930467583,0.318985282385576
178.69,1.0,32.0,19.0,0.59375,0.177045760649713,0.3014192274591096,8.306241532685489,0.2,-0.12,0.19121703789158537,-0.7802119950909121,3.86815301367968,2.9910737360932353,-0.006075240991233133,-0.06766021025925495,-0.04545588515090727,0.11382383287650215,0.28944726787354025,0.24189670477087066
178.83,1.0,51.0,42.0,0.8235294117647058,0.20798575762665633,0.30507770184735483,8.505687773877266,0.2,-0.12,0.2135656233161439,-0.8514092461344841,3.8710643112865264,2.9899115732242265,-0.005323563383344276,-0.05513386291248823,-0.03481158771939086,0.1567909788461696,0.3520891315916655,0.3441376278778634
179.03,1.0,46.0,31.0,0.6739130434782609,0.22033818075291903,0.28605875648844636,6.848043971559623,0.053143323226447686,-0.12,0.2199881446173497,-0.9466153191239236,4.024552846350315,2.989475641572069,-0.00012982187691856772,0.10045155904274239,-0.02312083387068986,0.15659010384147348,0.339593193253555,0.3315637415971529
179.33,1.0,32.0,15.0,0.46875,0.17552701751651278,0.2309997135786684,8.55207829206904,-0.2,-0.12,0.1748744466165332,-1.0897220261699718,4.287002358946739,2.990905675600894,0.003761434703662747,0.30288401957188027,-0.014972852028106054,0.14490540031274882,0.3253364926817735,0.21782380209820187
179.43,1.0,33.0,28.0,0.8484848484848485,0.24487470211483045,0.2999536199932869,7.0055736280901835,0.2,-0.12,0.24619977658702938,-1.1504305514975073,3.890187268448105,2.9978196365399787,-0.01533151667371846,-0.2014127815925062,-0.009872384420146041,0.13173673736193392,0.27303228303648225,0.32426591539756655
179.63,1.0,21.0,10.0,0.47619047619047616,0.23044342908292728,0.2652427928665809,6.900906135141225,-0.2,-0.12,0.2277811676005257,-1.2500090963206278,4.288846504093419,3.0369318353018047,-0.008474726515884656,0.242084302361536,-0.0075059265204497905,0.06351656829151879,0.1470738559204407,0.14409800278951004
179.89000000000001,1.0,26.0,11.0,0.4230769230769231,0.2084209278807739,0.23434112209890454,4.965531537634562,-0.2,-0.12,0.2072175817881896,-1.4008004103481793,4.271068932901039,-3.135307514161211,-0.031597950467662894,0.19008812885431947,-0.005768528313765842,0.09564028777570144,0.22878750937071932,0.189293097612911
180.03,1.0,13.0,10.0,0.7692307692307693,0.21150906576982523,0.22882772903951745,3.725510545772427,-0.2,-0.12,0.20888187387802365,-1.4821504953307736,4.250100382925065,-3.052267784826929,-0.04554639821572004,0.13637801371137925,-0.0037347953679498507,0.08762647115884228,0.20350141312653736,0.17268260837319863
180.49,0.0,13.0,0.0,0.0,nan,nan,nan,nan,nan,nan,nan,nan,nan,-0.04554639821572004,0.13637801371137925,-0.0037347953679498507,0.08762647115884228,0.20350141312653736,0.17268260837319863
180.63,0.0,26.0,1.0,0.038461538461538464,0.34479112550333324,0.34479112550333324,9.529965753532752,nan,nan,nan,nan,nan,nan,-0.04554639821572004,0.13637801371137925,-0.0037347953679498507,0.08762647115884228,0.20350141312653736,0.17268260837319863
180.89000000000001,0.0,36.0,6.0,0.16666666666666666,0.17011314080863527,0.21875778459641365,11.269861210356487,nan,nan,nan,nan,nan,nan,-0.04554639821572004,0.13637801371137925,-0.0037347953679498507,0.08762647115884228,0.20350141312653736,0.17268260837319863
181.03,1.0,27.0,21.0,0.7777777777777778,0.08029095098811308,0.13430516287284994,7.905949695863688,-0.2,-0.12,0.08883756736834714,-1.9656268929752292,3.826933261096701,-2.2260248488535903,-0.13662457525148897,-0.02848679516674313,-0.0024893005165895765,0.7155608176715939,0.840619513168911,0.4730367971885025
181.23000000000002,1.0,28.0,20.0,0.7142857142857143,0.07559182415383983,0.12218959034604265,8.54688466493688,-0.2,-0.09873863157259588,0.08059650246103076,-2.0124876095687605,3.701599927714133,-2.0448449394914188,-0.04283122835822617,-0.04470067294691882,0.022328882524766502,0.596862212245883,0.5673783326289417,0.35620908097208365
181.43,1.0,23.0,17.0,0.7391304347826086,0.058944273578375735,0.15512075681831689,8.058782056950879,-0.2,-0.02965127623243867,0.07335476558153957,-2.03594681991171,3.5824287026187087,-1.8577527271039755,-0.016959508867032458,-0.046757023595153324,0.08380997529743461,0.5779773490540875,0.4615048020579331,0.2810863568284314
181.59,1.0,24.0,24.0,1.0,0.022531106790932582,0.04441641452988688,3.094357498183165,-0.2,0.02944693056575954,0.018780828468439023,-2.0526230286448293,3.490381799878288,-1.7307052689066265,-0.007672066632724128,-0.040905411665449254,0.1194052141064097,0.7845445045406485,0.6594979043701937,0.3315992374035106
181.79000000000002,1.0,15.0,11.0,0.7333333333333333,0.0224233564024224,0.04714734502398189,7.602280069929893,-0.2,0.032372114977924096,0.02151757330702143,-2.0638307625275134,3.3715511158889573,-1.6506903595551417,-0.0016356120476905822,-0.02994035587782662,0.08270587731606005,0.6111637705363142,0.3760138144678831,0.17309915249358063
181.99,1.0,24.0,24.0,1.0,0.020891746267254773,0.04555064216476019,2.2376068039821746,-0.2,0.07123706818649635,0.014490336608978237,-2.0637147993499316,3.252612024062133,-1.5161788192347834,-0.0003364641418515113,-0.03780161049699693,0.1072206607675561,0.8029535876447725,0.5898960793893984,0.3342185901099387
182.59,0.0,25.0,6.0,0.24,0.01572032306993521,0.025085512329553708,5.066834630609307,nan,nan,nan,nan,nan,nan,-0.0003364641418515113,-0.03780161049699693,0.1072206607675561,0.8029535876447725,0.5898960793893984,0.3342185901099387
182.79000000000002,1.0,46.0,13.0,0.2826086956521739,0.021222518272221717,0.042651663968848966,7.557171011218616,0.0618874932860891,-0.04928720921750821,0.011819189674818239,-1.6653482729433924,2.922797484304964,-1.0565112671442103,0.2505489736733333,0.014225131347427311,-0.04910064577163964,0.8500228826613391,0.6572256234557735,0.3093963968793273
182.99,1.0,75.0,23.0,0.30666666666666664,0.06002770836149961,0.15767609738354105,14.429599603533273,0.2,-0.12,0.0687226171386343,-1.4984560849610633,2.958377824962286,-0.9468776100263339,0.13264536019694528,0.09465105219391567,-0.11247395468106136,0.6205575845762314,0.5495758857946239,0.3994251410368169
183.19,1.0,62.0,14.0,0.22580645161290322,0.07476075137724207,0.13202508482364983,15.850340056957462,0.2,-0.12,0.07494719601879968,-1.4421006372405738,2.9302920790202838,-0.7587575827433246,0.017468833103396975,0.060906818899961745,-0.07151934884744116,0.40325141161641825,0.39887995679319166,0.2400663269996627
183.63,0.0,60.0,0.0,0.0,nan,nan,nan,nan,nan,nan,nan,nan,nan,0.017468833103396975,0.060906818899961745,-0.07151934884744116,0.40325141161641825,0.39887995679319166,0.2400663269996627
183.93,0.0,54.0,0.0,0.0,nan,nan,nan,nan,nan,nan,nan,nan,nan,0.017468833103396975,0.060906818899961745,-0.07151934884744116,0.40325141161641825,0.39887995679319166,0.2400663269996627
183.99,0.0,41.0,3.0,0.07317073170731707,0.33845737038301965,0.34765592800032497,3.3827629479641192,nan,nan,nan,nan,nan,nan,0.017468833103396975,0.060906818899961745,-0.07151934884744116,0.40325141161641825,0.39887995679319166,0.2400663269996627
184.25,0.0,32.0,0.0,0.0,nan,nan,nan,nan,nan,nan,nan,nan,nan,0.017468833103396975,0.060906818899961745,-0.07151934884744116,0.40325141161641825,0.39887995679319166,0.2400663269996627
184.39000000000001,0.0,20.0,7.0,0.35,0.32547530470787506,0.34489224832345317,3.1057602223312872,nan,nan,nan,nan,nan,nan,0.017468833103396975,0.060906818899961745,-0.07151934884744116,0.40325141161641825,0.39887995679319166,0.2400663269996627
184.59,1.0,17.0,15.0,0.8823529411764706,0.2740188527322,0.33934364701612535,8.805006952392343,-0.2,-0.12,0.2734680479146565,-0.9183943905202627,2.4431416825972505,-0.3308065634291169,-0.14689908616751346,-0.2767163008531588,-0.055495563683218896,0.12928289241148352,0.28131051584536493,0.4442916686624085
185.41,1.0,28.0,23.0,0.8214285714285714,0.08208341152194445,0.16025894848921363,15.231691413569422,-0.2,-0.12,0.08345252534745505,-0.701879878140204,2.268363407591946,-0.940335129847539,-0.19112702188944564,-0.09419204547310667,-0.026283882278796078,0.7710353145453427,0.8667903547612361,0.5328003636665605
185.55,1.0,21.0,21.0,1.0,0.1327161965590312,0.17264107126423217,10.234420440355695,-0.07048871411030949,-0.12,0.1270891940207939,-0.5778388752512236,2.3011603263787728,-1.0674515102588737,0.058815855641924375,0.09848154257511199,-0.006288114554267921,0.3324301495318334,0.30927092621274327,0.36010227623076924
185.83,1.0,27.0,23.0,0.8518518518518519,0.09274511699359954,0.13737273572038955,7.418817337943315,-0.08046146568417926,-0.12,0.09274260915748203,-0.5520150567026559,2.1827982101094707,-1.3240853091396372,0.03157854273679983,0.08145274565111293,-0.005200031205087496,0.6122058804031035,0.4813725614415631,0.3595210996250676
186.03,1.0,22.0,20.0,0.9090909090909091,0.06485480304265782,0.11893302211964517,7.7709593521418014,-0.12037912617453275,-0.12,0.0653339214830648,-0.5822760469452664,2.088496183514607,-1.4745839536797778,-0.02486406970831101,0.04369756091151222,-0.004242284588924949,0.698540314703108,0.5339977848354551,0.2940049257255249
186.23000000000002,1.0,21.0,21.0,1.0,0.052337698437217334,0.09512680353321844,8.584155413804144,-0.17208138826602498,-0.12,0.05049104534991719,-0.6313449628507716,1.993694153794572,-1.5864755932286472,-0.050662526531233154,0.029064360803025213,-0.0025123844055445765,0.7777323146760108,0.5947995893537896,0.2946300170044802
186.35,1.0,23.0,19.0,0.8260869565217391,0.022867892884453466,0.05579683932225864,5.511791632252882,-0.2,-0.10506575193603004,0.02392508738601217,-0.6586121791903269,1.944797127334458,-1.625295293328774,-0.033370521755132776,0.019858174909304527,0.01439759409468544,0.6552973820661742,0.4572984001971408,0.24585181694098676
186.55,1.0,26.0,19.0,0.7307692307692307,0.020217884355951458,0.051173614004212144,4.8641636301711095,-0.2,-0.05959481789968809,0.018940806726665902,-0.6657888081212887,1.8616752443540794,-1.665809045551848,3.710461832251433e-05,0.026253098294644284,0.05699455205506477,0.7294237310425803,0.488208558815991,0.2564231669698095
186.83,1.0,16.0,10.0,0.625,0.05823880966157473,0.06763788923854513,2.134704716917154,-0.2,0.05194084921736103,0.05564403541299493,-0.692195547308607,1.7532565914194906,-1.6997596534231867,0.01728966236768492,0.038710170946968825,0.15405238874748828,0.600253805044182,0.343837833540951,0.17214329215025911
187.03,0.0,16.0,6.0,0.375,0.03424917563299513,0.044630619638873624,7.201405625062815,nan,nan,nan,nan,nan,nan,0.01728966236768492,0.038710170946968825,0.15405238874748828,0.600253805044182,0.343837833540951,0.17214329215025911
187.29000000000002,1.0,48.0,36.0,0.75,0.033671806906077115,0.10268583427307303,6.848791674155291,-0.09920917482709486,0.08294808401287541,0.03823919150014379,-0.690255710578574,1.5693133528229186,-2.0126886318989774,0.1333309357025093,0.03181762312646286,0.15850217862093752,0.8898608248708488,0.7899504936256404,0.48131307364847353
187.43,1.0,71.0,62.0,0.8732394366197183,0.04939305381552147,0.15615646571912226,5.385151870348566,-0.2,0.12,0.05369489410826376,-0.8121996801907823,1.5866015881591795,-2.091715824685843,-0.059289726826918576,0.08467918668726115,0.11728968278190033,0.6841428672978025,0.6027619118492832,0.3741126653065727
187.55,1.0,81.0,73.0,0.9012345679012346,0.07229436233536664,0.22334758533163646,9.430168999619811,-0.2,0.12,0.08737349347513523,-0.8430242503365906,1.5674666559383248,-2.1990809539740166,0.0008763577417072455,0.04711509506267597,0.07547191041576351,0.4009298911286125,0.3464529844315759,0.3218751383874836
187.83,1.0,77.0,65.0,0.8441558441558441,0.08910124406606043,0.20375155716411894,6.728276795279739,-0.17397094462277168,0.10565676415843792,0.09589705168504746,-0.9105444188048498,1.5067889443449094,-2.4624058823877704,0.05191184777181845,0.04963941909254266,0.0372560472168737,0.4883532415537641,0.49581214068253626,0.35738012822118576
187.95000000000002,1.0,84.0,61.0,0.7261904761904762,0.21454182705889152,0.342896115052742,8.286735012733326,0.2,-0.12,0.22566880695754146,-0.779758043109442,1.161550486396855,-2.785753896324041,0.21731302305372524,-0.28663645607572064,-0.20141808469073652,0.11591367859768331,0.13729605436750195,0.3142366187639908
188.33,1.0,58.0,30.0,0.5172413793103449,0.25419648377216203,0.33322102212202376,6.89362894838177,0.2,-0.12,0.2598572089463713,-1.0025765543515743,1.101751661039824,-2.994647112361823,0.14177121560902695,-0.25357068765687973,-0.13933823201698914,0.1324391375927882,0.2276568858671391,0.372527092960777
188.53,1.0,35.0,26.0,0.7428571428571429,0.23014481955941854,0.26141597127879096,3.7978211927265093,-0.2,-0.04949609617124505,0.23025721038924357,-1.1708959250062536,1.4751263497572373,-3.0026195107335187,0.020055473887028885,0.19287646989448448,-0.018465880054919115,0.1499503830915041,0.2706314101761234,0.3146818591921441
188.73000000000002,1.0,24.0,16.0,0.6666666666666666,0.18906897834791989,0.22197851768264382,5.492801146108632,-0.2,-0.01231983653768226,0.18913232952157036,-1.291112200236496,1.4591118400749212,-2.95860413071143,0.02624071456319932,0.13631353722412975,0.02544956933168141,0.14162820887715724,0.26476565960946097,0.21722371774545746
189.05,1.0,24.0,16.0,0.6666666666666666,0.1908473622577152,0.20583758282074724,1.8661284329123278,-0.2,-0.05016104562426281,0.19009394409253078,-1.46174338190838,1.4039434400635662,-2.9071660664486374,0.011915306130080294,0.09258771097216734,-0.017149196000624478,0.15838337370506952,0.3042640808819401,0.2599258069186174
189.13,1.0,21.0,15.0,0.7142857142857143,0.226755967453827,0.24889600405867862,2.20639581885308,-0.2,-0.043576249325465395,0.22663190245111967,-1.5082297025383613,1.3923987394960629,-2.8617460269353763,0.0066069526577654525,0.06043865450379693,-0.005433497600329407,0.10162324800922547,0.18813432875997266,0.21570191234350283
189.53,0.0,20.0,5.0,0.25,0.3349173839076867,0.339819779678883,3.5931938201189313,nan,nan,nan,nan,nan,nan,0.0066069526577654525,0.06043865450379693,-0.005433497600329407,0.10162324800922547,0.18813432875997266,0.21570191234350283
189.79000000000002,0.0,21.0,1.0,0.047619047619047616,0.3380775821212445,0.3380775821212445,6.494344490893569,nan,nan,nan,nan,nan,nan,0.0066069526577654525,0.06043865450379693,-0.005433497600329407,0.10162324800922547,0.18813432875997266,0.21570191234350283
189.93,0.0,16.0,0.0,0.0,nan,nan,nan,nan,nan,nan,nan,nan,nan,0.0066069526577654525,0.06043865450379693,-0.005433497600329407,0.10162324800922547,0.18813432875997266,0.21570191234350283
190.13,0.0,16.0,4.0,0.25,0.08309458223740224,0.10245552500378335,16.38332971385293,nan,nan,nan,nan,nan,nan,0.0066069526577654525,0.06043865450379693,-0.005433497600329407,0.10162324800922547,0.18813432875997266,0.21570191234350283
190.53,1.0,18.0,16.0,0.8888888888888888,0.02453881108618273,0.0682872643935911,10.249031390490241,-0.2,0.03991472547373791,0.02240585837808042,-2.004503437654931,0.6824821401576106,-1.6961814187319895,-0.10474182699626255,-0.12241733644711994,0.07946872351040479,0.8973841054692817,0.9068834423614603,0.4422616630348014
191.53,1.0,21.0,21.0,1.0,0.01907091775623738,0.039224532632422614,2.3765206412292588,0.0612651841600574,-0.06965514096804437,0.00946289797560587,-1.5822872533228034,0.24073115722826516,-0.9845699370363238,0.2328171128437071,-0.00914249267064976,-0.062479285242669214,0.9184093983676465,0.8201965950374812,0.5219060100540986
191.69,1.0,45.0,44.0,0.9777777777777777,0.022237555318301475,0.09357935048454143,0.9281455200770249,0.05836928635775419,-0.06820537491713734,0.00867748856580074,-1.5289066332518237,0.1992361262414161,-0.8302803988119072,0.013239207879354398,-7.476398741254608e-05,-0.03741713559379145,0.7430096495889491,0.7167006662850298,0.4805395213921453
191.89000000000001,1.0,38.0,38.0,1.0,0.024537933133501725,0.10674802013792595,0.610046843994036,0.04681176653512787,-0.06469243496567685,0.007638999973335035,-1.4570654354626666,0.14871014430953056,-0.6394297391153445,-0.008814884606235474,0.0005585141064661514,-0.016157160318844288,0.6847230683473121,0.716641565985579,0.3926338140932684
192.23000000000002,1.0,34.0,34.0,1.0,0.06470800674676296,0.12212819958520718,2.9096490465155416,0.06564114875503163,-0.12,0.05947330208664163,-1.3023240089697081,0.12765978313340254,-0.41259550898266617,-0.006604639231946541,0.033522003873886236,-0.06504724853903271,0.6386001481140965,0.7770724480312685,0.4031642691754095
192.29000000000002,1.0,36.0,36.0,1.0,0.030721536352666372,0.11061136696941502,1.1852595909992982,0.03876722497318229,-0.04535240289446874,0.008669463507449175,-1.275944146192728,0.0955386525245552,-0.3028665486198067,-0.013901935908803287,-0.013768209188036382,0.03511010190544556,0.5420225128602068,0.6534130239567567,0.3117964346214138
192.49,1.0,29.0,29.0,1.0,0.029637646593686853,0.10107104455843018,0.7816136889513426,0.03376710111118953,-0.02489982265006964,0.009362239647425696,-1.1701514448775097,0.07743506140032619,-0.19857565354056939,-0.008442396547620135,-0.000814695061201326,0.044883991899054815,0.5673056011090898,0.7648910173959902,0.3026193520150607
192.69,1.0,34.0,34.0,1.0,0.02875451470234258,0.10389786466215357,1.2855612079392773,0.027360245402073262,-0.004042164717670263,0.00937608737304805,-1.0635831939360085,0.06023756728736626,-0.12416836727842241,-0.005387683046665259,5.4303003009105455e-05,0.05218993609920537,0.5975789158381445,0.799784102733699,0.33368838114361404
192.89000000000001,1.0,18.0,18.0,1.0,0.031124187969938853,0.10459414956698378,2.586042825044174,0.03403579599726449,0.004927308393803031,0.008628738479148947,-0.9528551799339668,0.06068110567717157,-0.07780912305805446,-0.0023366224793720525,0.010970203631081393,0.043752241105588376,0.44779928707742683,0.6996289073920067,0.21977705334250086
193.09,1.0,22.0,22.0,1.0,0.03099784558329848,0.0917380900473863,1.3498103016242908,0.05412353788999326,-0.009278278267307169,0.008239100851956442,-0.8430810121561401,0.07768934785961121,-0.06585691744319408,-0.0013200303046662087,0.0263791493813004,0.019711172057916563,0.5278552355165849,0.7632689052585832,0.27698474745308643
193.29000000000002,1.0,28.0,28.0,1.0,0.022488234472277418,0.09887464698790549,2.368620919152697,0.038972426670873576,0.016510808859133558,0.010650197963476089,-0.7330843708121733,0.062000667090035,-0.02450273478730272,-0.0026830610069625838,-0.006406633729175978,0.03945794065490142,0.5814725957227213,0.8017586375622261,0.33247339517563246
193.55,1.0,20.0,20.0,1.0,0.02184998092315774,0.07916562794967757,1.3538554892303214,0.02331828188108739,0.03283984029494856,0.007797574754444266,-0.5929396282634125,0.04404156487731701,0.0036241694675507165,-0.001896338632834782,-0.015738892750751375,0.04280812085794203,0.5203579743820276,0.776323980811487,0.2715794677694588
193.65,1.0,20.0,20.0,1.0,0.022845378963247218,0.08481359517902819,3.9334542138137794,0.008152548830307228,0.04832437845572847,0.010133273559197974,-0.5381769540493693,0.028231895968826665,0.022123026744374292,-0.0011935841290816596,-0.019054383403492657,0.04703123717429689,0.4374105582279899,0.6576844204240406,0.24450272156314384
193.89000000000001,1.0,33.0,33.0,1.0,0.020655464630292674,0.10555218675617,2.3496150706820527,0.0004368888569263406,0.06779841843208159,0.008246775992628618,-0.407113018125751,0.021763788213576545,0.0453964510408044,-0.0007222121755278144,-0.01614729025069586,0.05535938248169983,0.6277232585745868,0.8470918643740819,0.3714164692241991
194.09,1.0,31.0,31.0,1.0,0.013869887527383124,0.03475268809985589,2.207413980033304,0.01059693355640768,0.06094284020261016,0.0072936760694705186,-0.2983802578874706,0.03274712359693842,0.03978008074375623,0.00010003088168342167,0.0037632082895992826,0.028282270745091966,0.5841784753166629,0.8159484848629075,0.3427095435020754
194.35,1.0,35.0,35.0,1.0,0.012806998660211313,0.032477482466009205,1.9348446617122652,0.03652652203376663,0.0439366585971265,0.007797023121515273,-0.15340041128262058,0.05718597828764885,0.022472666032446485,0.0006919661959615686,0.020308924782866965,0.0015105236429700103,0.625903556235619,0.8502872846848156,0.3632191142316301
194.45000000000002,1.0,38.0,38.0,1.0,0.01589766940235148,0.03776515256019624,1.8786280348790096,0.04350497233309136,0.04027649110715205,0.007361550746045249,-0.09864862553809932,0.06233903682195786,0.018458459583518452,0.0004909711575246251,0.007640352398599892,-0.003116026415221889,0.5091710308771972,0.733387492281688,0.30881553809915563
194.73000000000002,1.0,45.0,45.0,1.0,0.014452135477573158,0.03347349020259435,1.2551150549983863,0.05333361280837456,0.03350302480346053,0.0070612845732903745,0.05343901025516393,0.07290579751002496,0.010812183712851932,0.0007077395032567338,0.005423137345051565,-0.009047106413294604,0.6244605666072046,0.8621547862692389,0.3517858495350815
194.85,1.0,37.0,37.0,1.0,0.01330680872523382,0.034528443746208067,0.6649431213632139,0.06836315346602154,0.023450901055364157,0.004979859130549511,0.12190993428389896,0.08616133743230489,0.0003226570466799694,0.0006415647781545519,0.013142032206028748,-0.016014460202925285,0.5274339508997689,0.7525978203740356,0.31131677856287554
195.05,1.0,42.0,42.0,1.0,0.011986351232365527,0.02379192231737918,0.9505855120648636,0.06843887612527207,0.023907362966332245,0.005011158265368372,0.22923097362942363,0.08636215277818979,0.00017830874052673568,0.00046231556697143295,-0.0003047063237616443,-0.01079273463410559,0.5744360536947465,0.8230801916573249,0.3236746739670931
195.33,1.0,42.0,42.0,1.0,0.014187232892088543,0.037419562169438016,0.7798149764846244,0.07008817563189983,0.022302792966961364,0.004971044918906553,0.3831133046387812,0.08845933815182452,-0.0021714112680298846,0.00037188526417769596,-0.003142582186030557,-0.00889828797347959,0.6332813148223925,0.8658131484138787,0.3579032379720694
195.53,1.0,43.0,43.0,1.0,0.014779846602913092,0.03584393195757864,0.9551314391105193,0.0687556238056056,0.022936100118035065,0.004910441455135996,0.49060006105413906,0.08829942959629583,-0.00199558307629142,0.0001998992908090469,-0.004703766540461479,-0.005021219335526907,0.5926469287561962,0.8279943521622446,0.3442174722965344
195.85,1.0,40.0,34.0,0.85,0.014272095053581114,0.03873727546829762,1.275685541360565,0.06663203000922982,0.025941718739698617,0.004979532953338122,0.6644235659139617,0.08606423712850952,0.00022588026348222337,0.00013028387870506197,-0.007447696913497406,-0.00020278097324762155,0.6559287989176698,0.8760655332518724,0.3792175366904787
196.13,1.0,38.0,28.0,0.7368421052631579,0.01695553722644603,0.031109612909254805,0.9647064381753954,0.06674909867047321,0.02463926883359586,0.004989240473452739,0.8167682178347982,0.0868609212890524,-0.0009908965208920636,0.00010865864682430004,-0.004752181857317836,-0.0012777292364255376,0.6119404245155332,0.8529464674390146,0.3489377353746287
196.33,1.0,40.0,27.0,0.675,0.15898584775098273,0.22815877164105502,5.690970280631942,-0.16933788065606664,0.12,0.16105074443994985,0.9213304414541772,-0.1497017735808663,0.09434449484037258,-0.005992153242286413,-0.23950635471989737,0.09462540699910393,0.11012011826567764,0.29022613584493223,0.32343792452080855
196.43,1.0,59.0,45.0,0.7627118644067796,0.21069270932099873,0.3010421594254441,5.9774894033076515,-0.2,0.12,0.21313974098045405,0.9726498852785992,-0.18098433629631558,0.09427841622455657,-0.005999728945551008,-0.2057468043566784,0.06570217154672044,0.08859699581186493,0.23574065327182683,0.31844190116043813
196.65,1.0,57.0,39.0,0.6842105263157895,0.2368213955052503,0.3469998248073592,7.803664821564662,-0.2,0.12,0.24037506593667204,1.0849183971221186,-0.1796202519314246,0.09401646426752819,-0.005398560225464255,-0.16729541410791549,0.04567191659954431,0.09829587123900382,0.2718944935524125,0.3347685834736429
196.85,1.0,56.0,32.0,0.5714285714285714,0.24010384373678606,0.33920266376937885,7.406262345202915,-0.2,0.12,0.24242615134898401,1.184918304755162,-0.17962763196150927,0.09347403000766208,-0.0054105859840427595,-0.132264775661883,0.031123650807339427,0.1166207867933354,0.30446552162147345,0.3345277950701685
197.05,1.0,64.0,46.0,0.71875,0.25235806356423757,0.3403346111302612,7.46398827645277,-0.15243736278957348,0.12,0.25592576224262015,1.2865598706430883,-0.1311584805371271,0.09296175644394766,-0.004062971883405764,-0.055454820242760355,0.02129540560156816,0.1200757668518836,0.29742724091749656,0.3344391845146859
197.25,1.0,58.0,47.0,0.8103448275862069,0.26270998707671345,0.34605233721645184,8.010898572274007,-0.1302437274512346,0.12,0.26401654587056694,1.3889066042487492,-0.10910869795971868,0.09263857503307349,-0.002940845311798057,-0.028285818946248,0.014395089259315222,0.12493628365187408,0.2952819798819594,0.33440466929054063
197.45000000000002,1.0,52.0,38.0,0.7307692307692307,0.2629679983254707,0.34773137622840233,7.110902013879686,-0.15508286764289816,0.12,0.26266413682915235,1.488380960040226,-0.13415483984678564,0.09249712661298559,-0.0029454324718842795,-0.05633556777180683,0.009689241340955458,0.13513239717448083,0.3042216436507513,0.3343883105485832
197.63,1.0,30.0,28.0,0.9333333333333333,0.2781403299877923,0.32661356058714713,5.499153833802593,0.19196022003260513,0.12,0.27625990085692187,1.5871067867718462,0.2134707383642686,0.09280891950186143,0.0069363710391709965,0.2972517366749043,0.006665811324526788,0.11391061383505793,0.2555197929080091,0.29821585956402763
197.89000000000001,1.0,26.0,19.0,0.7307692307692307,0.3168342772503107,0.34635152528019486,7.351140406437183,-0.2,0.12,0.31558168664743647,1.7098042951178924,-0.17697415222088475,0.1026762218137186,0.0018394042280136524,-0.1859279382737404,0.0037361746909822108,0.0701328641868956,0.17051929106534122,0.2493414339638724
198.05,1.0,17.0,9.0,0.5294117647058824,0.2623258894982829,0.2890196565555395,4.9247045014277555,-0.2,0.12,0.25973089963060886,1.7962601243435532,-0.17092361394090377,0.1328139879483298,0.007420580960874501,-0.16367411161101011,0.003293689347740547,0.05318644624702189,0.13073421334551572,0.13489679524263443
198.29000000000002,1.0,29.0,29.0,1.0,0.29201009186595583,0.33539215269543127,6.374133983972502,0.2,0.12,0.28896352826492433,1.8924182386046697,0.24485535141424297,0.22183838718789406,-0.014275207285134428,0.2429021824730614,0.003224021234123548,0.1433053688640444,0.3163215055054836,0.38150072695339676
198.53,1.0,14.0,9.0,0.6428571428571429,0.3215470848632573,0.3434544156293699,11.877621877885877,0.2,-0.12,0.32085017383272146,1.979653765202409,0.2741584924338254,0.1222962103251054,-0.029837517821265758,0.14737263991545224,-0.2391787332944939,0.04297543926578841,0.09841005916884824,0.14905455408690363
199.03,1.0,37.0,37.0,1.0,0.24416232338046884,0.30531586383390674,6.5244250723397155,0.2,-0.12,0.24414049927121584,2.1094909405391817,0.38579558619878673,0.5151859226082272,-0.08683779285498128,0.08894212479759511,-0.20381208298928777,0.2920490697174796,0.4720126554281052,0.4862171413030491
199.25,1.0,35.0,35.0,1.0,0.18580435363077055,0.22753556982513773,7.661287721269317,0.2,-0.12,0.185097844796295,2.1429619842546765,0.449637209269546,0.7114553677960594,-0.09459658939347859,0.026279271921841485,-0.10583695240683777,0.3929788390568018,0.49397983079554486,0.40105375374139096
199.43,1.0,36.0,36.0,1.0,0.17399751212205525,0.2106576698832069,5.338943329861383,0.2,-0.10516666322696595,0.17219793824253812,2.1611057690931874,0.5010279654789523,0.8930542969030619,-0.08340102334589528,-0.015248571191732396,-0.04934379932698596,0.3865920696643484,0.4130936973203931,0.3555775755046932
199.63,1.0,34.0,34.0,1.0,0.1376804493560151,0.16901498452404107,4.318687749258791,0.2,-0.06413886668834407,0.13544453562735925,2.1725994699343922,0.5654767280649571,1.1128244514464374,-0.07692170078624105,-0.04342410508186212,0.008765174789055807,0.49524507688670966,0.45690191379823336,0.34343877010632856
199.89000000000001,1.0,37.0,37.0,1.0,0.0815967500404364,0.11767396486599611,4.955437855349273,0.2,-0.033663942140646406,0.07968237736524494,2.179638584286609,0.6618769076585921,1.3158022373609135,-0.061280959782183064,-0.06076559261028447,0.03572138656481161,0.7444862531420477,0.6426365523927106,0.35925479148919237
200.03,1.0,36.0,36.0,1.0,0.07133229663361418,0.09627332803421919,2.2588501134515804,0.2,0.0418881510957449,0.06864925369276013,2.1793099522709247,0.7184990144209572,1.4577836561117063,-0.025182801109846498,-0.03818922373021105,0.09767088371473198,0.6933569308976242,0.545164663130718,0.32266829915316375
200.23000000000002,1.0,33.0,33.0,1.0,0.06057865789077681,0.08335166998774834,2.1535906132112794,0.2,0.07137792888292051,0.057887454409512595,2.1789848157326164,0.8063724248015268,1.5536410160840508,-0.012612202072187273,-0.031569420892977096,0.09531189929300134,0.7797491383607866,0.5822423545080574,0.3288410484855003
200.43,1.0,33.0,33.0,1.0,0.07525700450680674,0.09508909899542534,1.1399686896276706,0.2,0.08220538950452663,0.07217288348226411,2.1783030283096134,0.9016133578225768,1.6065604467024939,-0.0028391855290337276,-0.02190345529956572,0.07454967957465608,0.6865997686141736,0.4352094418001928,0.33162970628122607
200.63,1.0,36.0,35.0,0.9722222222222222,0.0829692259016988,0.10092012596769363,1.4474972080978723,0.2,0.08688891190212268,0.0803283463322667,2.1741832901927918,0.992588434339921,1.6376526474388022,0.0024753629242084685,-0.017442664537790198,0.054437065445600126,0.6586540132309008,0.40118481798661376,0.3329233661232644
200.83,1.0,38.0,38.0,1.0,0.08968896360351333,0.11681336046765936,1.549755685214068,0.2,0.0913822468156015,0.08730595270788531,2.17316558982795,1.0912554928083849,1.6474438142696646,0.006441151454268379,-0.011229100314684715,0.04080448583105323,0.6323871540125571,0.37892578281915223,0.3335025900365569
201.03,0.0,38.0,5.0,0.13157894736842105,0.3398733404020457,0.3480457469783133,5.67740358008391,nan,nan,nan,nan,nan,nan,0.006441151454268379,-0.011229100314684715,0.04080448583105323,0.6323871540125571,0.37892578281915223,0.3335025900365569
201.25,0.0,32.0,0.0,0.0,nan,nan,nan,nan,nan,nan,nan,nan,nan,0.006441151454268379,-0.011229100314684715,0.04080448583105323,0.6323871540125571,0.37892578281915223,0.3335025900365569
201.39000000000001,0.0,31.0,2.0,0.06451612903225806,0.33973274001799625,0.3417645771028105,6.916689052650137,nan,nan,nan,nan,nan,nan,0.006441151454268379,-0.011229100314684715,0.04080448583105323,0.6323871540125571,0.37892578281915223,0.3335025900365569
201.65,0.0,28.0,0.0,0.0,nan,nan,nan,nan,nan,nan,nan,nan,nan,0.006441151454268379,-0.011229100314684715,0.04080448583105323,0.6323871540125571,0.37892578281915223,0.3335025900365569
201.85,1.0,28.0,10.0,0.35714285714285715,0.2559944978097818,0.3138951216333056,15.087113278130591,-0.16879565798070217,0.12,0.25496648315606213,2.642179725098105,1.536790271241601,1.3203939258556092,0.3931650722349058,-0.0771128142248314,0.055876186507275,0.19418421852606998,0.06417480408921206,0.2706705627304765
201.99,1.0,54.0,51.0,0.9444444444444444,0.0643092887190474,0.13521598211109892,6.741163482739117,0.2,0.12,0.06837239372609387,2.3270771034002604,1.7414111997844066,1.2916760098905016,-0.01687266088672912,0.07020276126026492,0.044242014517908546,0.906655596446058,0.7604740150084315,0.49254948912262686
202.19,1.0,35.0,22.0,0.6285714285714286,0.058191959251659764,0.09516860932336195,6.951911793473588,0.2,0.12,0.05774197805789536,2.3683081047587464,1.8390803063900547,1.2622264265473948,0.012208230073825987,0.018259342531208977,0.02157966309978221,0.7203643462942971,0.5546576018182392,0.3117833017099194
202.39000000000001,1.0,37.0,31.0,0.8378378378378378,0.07714010482652942,0.14085153970507575,6.624640365083556,0.2,0.12,0.07808077816039491,2.4089926375567687,1.9350012307028284,1.2447827311105621,0.01606440395403297,0.008341334956512458,0.014972908452147271,0.6486434190362148,0.45170030153954355,0.3753404531525546
202.59,1.0,55.0,46.0,0.8363636363636363,0.07672666678854352,0.13267316084930628,5.185069634649336,0.2,0.12,0.07819570510768849,2.4497382911072436,2.028499055511722,1.2342172594287968,0.01772810302600325,0.003824547652905963,0.009565069579054784,0.6641582317004382,0.4648419023602245,0.35672669813869284
202.79000000000002,1.0,38.0,32.0,0.8421052631578947,0.07536675679826765,0.13406453564907433,5.418545289773307,0.2,0.12,0.07691912941016496,2.492888229336367,2.1191617700085708,1.2278015852828092,0.017361842757336987,0.0003481602916663995,0.0063877419032321026,0.6695282272741054,0.4723447369732231,0.34384408575273984
203.05,1.0,43.0,30.0,0.6976744186046512,0.1432714557138162,0.18008353341648203,9.055457991427282,-0.031799491532518265,0.12,0.14199178500448242,2.753911182012823,2.134169533257334,1.2239254692838353,0.22721242987919998,-0.10745686042515468,0.004417521263193835,0.40548548258156036,0.2251406638028946,0.3450132373562065
203.25,1.0,45.0,41.0,0.9111111111111111,0.0838023244122147,0.1810497675009035,8.569437605539816,0.15296333927504635,0.12,0.09466100907740123,2.6256422189191166,2.305872593070579,1.240812826205877,-0.0284248650761052,0.011018916166988912,0.005109333603882993,0.6475077922647338,0.44293856236520757,0.3485977720171295
203.39000000000001,1.0,54.0,48.0,0.8888888888888888,0.06428609451932964,0.12881476194125263,7.868654267702165,0.07578001793972051,0.12,0.06760868108101398,2.7195827868652707,2.3339094288893705,1.2745557850341749,0.0670536629314884,-0.034722623376507666,0.0029591797013508447,0.7172806547831636,0.5494235219447247,0.3177529530882766
203.65,1.0,45.0,42.0,0.9333333333333333,0.04000903855281596,0.09529333235556198,9.559967034668762,0.07985883033301337,0.12,0.040895585314822604,2.7437620005494994,2.455676122726052,1.3870006877033694,0.025115417690441788,-0.020906323709871444,0.002912617092942771,0.8512551966074944,0.682780805754388,0.348553628740629
203.79000000000002,1.0,48.0,45.0,0.9375,0.05652124815048232,0.11418745226849153,3.9793892400937567,0.2,0.018369437562632488,0.05719524221286702,2.6335585116363176,2.5407872287854563,1.3682633261401265,-0.10842516165604277,0.013871672250531653,-0.09931347356442033,0.7303014387404491,0.4936668841656146,0.31779314162483563
203.99,1.0,43.0,43.0,1.0,0.041548268019702926,0.08558763302122006,3.7164658941316207,0.2,0.06043946075282,0.0431374681435127,2.627531329540612,2.6146152723666067,1.5449495609891541,-0.02467139061965229,-0.022899138550520615,-0.027110895753953423,0.827192944801573,0.5947860013701881,0.32666346561746257
204.19,1.0,51.0,47.0,0.9215686274509803,0.0383428190301607,0.07395529433420349,4.326156228839913,0.1871600963057343,0.12,0.03746453332623692,2.6206585547104426,2.683829020702699,1.7654116619568168,0.01575742396593549,-0.0390242187944021,0.04079082250178878,0.8229044185215291,0.5895075224923495,0.33060999429864496
204.39000000000001,1.0,42.0,36.0,0.8571428571428571,0.11595472888887033,0.15256333312110196,3.7109468581401766,0.2,0.061269794435547274,0.11467426062217838,2.5758094774340123,2.742445929966489,1.8737141898361511,0.004557334713954919,-0.04622868120154289,-0.0315460697731047,0.4540345888972681,0.2294657859363875,0.3326096763059138
204.65,1.0,51.0,46.0,0.9019607843137255,0.11754568568594204,0.15769490956887103,1.60793923335494,0.2,0.041852586443886876,0.11471887332937625,2.521983084669187,2.822722673753458,2.0257614561089174,0.025026253635378914,-0.06290506012610697,-0.04068625636061051,0.5423770372806319,0.3377083698858515,0.3549417631400862
204.75,0.0,48.0,6.0,0.125,0.3440208563075348,0.3497524563668915,4.646665401540999,nan,nan,nan,nan,nan,nan,0.025026253635378914,-0.06290506012610697,-0.04068625636061051,0.5423770372806319,0.3377083698858515,0.3549417631400862
205.05,1.0,48.0,45.0,0.9375,0.13692967430447303,0.15716666642174168,1.405896753419199,0.2,0.11683387234037071,0.13443943672690778,2.4266386693205777,2.987037136857083,2.1373950030335043,0.031587746931093896,-0.044235327414447134,0.048449860142006695,0.5288167533966783,0.37494187794537126,0.4080249385321587
205.27,0.0,37.0,0.0,0.0,nan,nan,nan,nan,nan,nan,nan,nan,nan,0.031587746931093896,-0.044235327414447134,0.048449860142006695,0.5288167533966783,0.37494187794537126,0.4080249385321587
205.43,0.0,41.0,0.0,0.0,nan,nan,nan,nan,nan,nan,nan,nan,nan,0.031587746931093896,-0.044235327414447134,0.048449860142006695,0.5288167533966783,0.37494187794537126,0.4080249385321587
205.53,0.0,45.0,0.0,0.0,nan,nan,nan,nan,nan,nan,nan,nan,nan,0.031587746931093896,-0.044235327414447134,0.048449860142006695,0.5288167533966783,0.37494187794537126,0.4080249385321587
205.73000000000002,0.0,28.0,0.0,0.0,nan,nan,nan,nan,nan,nan,nan,nan,nan,0.031587746931093896,-0.044235327414447134,0.048449860142006695,0.5288167533966783,0.37494187794537126,0.4080249385321587
206.03,0.0,37.0,0.0,0.0,nan,nan,nan,nan,nan,nan,nan,nan,nan,0.031587746931093896,-0.044235327414447134,0.048449860142006695,0.5288167533966783,0.37494187794537126,0.4080249385321587
206.13,0.0,31.0,0.0,0.0,nan,nan,nan,nan,nan,nan,nan,nan,nan,0.031587746931093896,-0.044235327414447134,0.048449860142006695,0.5288167533966783,0.37494187794537126,0.4080249385321587
206.63,0.0,28.0,0.0,0.0,nan,nan,nan,nan,nan,nan,nan,nan,nan,0.031587746931093896,-0.044235327414447134,0.048449860142006695,0.5288167533966783,0.37494187794537126,0.4080249385321587
206.75,0.0,33.0,6.0,0.18181818181818182,0.3216999778836274,0.3499696201528933,8.992696976271947,nan,nan,nan,nan,nan,nan,0.031587746931093896,-0.044235327414447134,0.048449860142006695,0.5288167533966783,0.37494187794537126,0.4080249385321587
207.49,0.0,33.0,6.0,0.18181818181818182,0.3216999778836274,0.3499696201528933,8.992696976271947,nan,nan,nan,nan,nan,nan,0.031587746931093896,-0.044235327414447134,0.048449860142006695,0.5288167533966783,0.37494187794537126,0.4080249385321587
207.53,0.0,46.0,0.0,0.0,nan,nan,nan,nan,nan,nan,nan,nan,nan,0.031587746931093896,-0.044235327414447134,0.048449860142006695,0.5288167533966783,0.37494187794537126,0.4080249385321587
207.69,0.0,49.0,2.0,0.04081632653061224,0.3466727280466395,0.3492497203509006,2.088404064091602,nan,nan,nan,nan,nan,nan,0.031587746931093896,-0.044235327414447134,0.048449860142006695,0.5288167533966783,0.37494187794537126,0.4080249385321587
207.73000000000002,1.0,47.0,47.0,1.0,0.15755672651596664,0.18867312807291808,2.919463282292107,0.2,0.02453942692742907,0.15550045845540642,2.718978988086744,4.457376164849454,1.1161893246042183,0.13878846648197118,0.12810890107967232,-0.06365503353545088,0.850544911187452,0.6480603506928629,0.712281563104813
208.03,1.0,49.0,49.0,1.0,0.1877296473041695,0.2150394848234815,2.7869593193719777,0.2,0.015010330363347275,0.18558499031090658,2.77961238176363,4.590297552537742,1.111814848922156,0.023836740107975984,0.04713455737386596,-0.02564572583454039,0.49131454809859315,0.3736871049092492,0.4898711838765383
208.29000000000002,1.0,42.0,42.0,1.0,0.20123167065525707,0.21731652154317593,1.7986660135742238,0.2,-0.028337439142036118,0.19989953486705322,2.8191146957601703,4.693661097582677,1.1202643470120917,0.011895084680568768,0.020670263435792258,-0.056385905053402574,0.4098219305030519,0.29630152171269475,0.4142511990019221
208.35,1.0,40.0,40.0,1.0,0.15814739750131263,0.17451602371014174,2.3942781450064516,0.2,-0.0013116608972282855,0.15661233665289248,2.829994915319582,4.731393085059909,1.165321942250881,0.004813212882663898,0.0126609932995283,-0.005971581498729561,0.431985676362987,0.3389956762956854,0.31702725207943905
208.53,1.0,47.0,47.0,1.0,0.1422141152598072,0.1696982913941021,2.1420617357985385,0.2,-0.004688167895857165,0.1401811791221565,2.8471257652577355,4.80016233238696,1.2476099157646077,-0.002611979272152176,-0.007447311070300167,-0.007450599151265669,0.4896852940671128,0.3535474936557506,0.3188167567990492
208.73000000000002,1.0,43.0,43.0,1.0,0.12274268218790527,0.1399298802130505,1.8929237449178387,0.2,-0.002283220967096674,0.1211570498710275,2.849440123877694,4.877406107591275,1.378615624236163,-0.008341775143438035,-0.029819278292060325,-0.00267506828960995,0.5645325494084693,0.38537463645852915,0.32728199620189463
208.93,1.0,46.0,46.0,1.0,0.1165612793680761,0.14260737199477708,1.8268995331817732,0.2,-0.008387922019876669,0.11454770564518192,2.838509455634535,4.951090614371865,1.5101718002985185,-0.00871281754739961,-0.04610416781852322,-0.00795731168123659,0.5832447431012082,0.37062493777220024,0.33107462821725897
209.13,1.0,34.0,34.0,1.0,0.10997664694763178,0.13893035201793288,2.6288245932964225,0.2,-0.004989998379364495,0.10846372548986495,2.819721351306055,5.024415538391732,1.6375332191215228,-0.005340661074780151,-0.05415453011583349,-0.002057842207035643,0.6034589066146178,0.370753019384526,0.33274852875493
209.35,1.0,28.0,28.0,1.0,0.0988200889749081,0.1260894109062251,2.495458435300862,0.2,0.004836262852197697,0.09584568248657467,2.7876281548193584,5.128713936320552,1.7513448479569484,-0.00030171638737686024,-0.05486058492236445,0.008256745815325763,0.6291500410375997,0.39082969841282267,0.3113735114484814
209.53,1.0,33.0,33.0,1.0,0.09173118846412746,0.1131423552665365,2.0746331315854074,0.2,0.031709487032575034,0.08980903423794354,2.760317593269167,5.2143125517207025,1.8321992623885248,0.0033774053872073218,-0.043955831494576714,0.03229269484663222,0.6615322393060143,0.4325090312229478,0.33612876073307335
209.73000000000002,1.0,27.0,26.0,0.9629629629629629,0.06394562639359273,0.08687455505192122,2.6939134481114215,0.2,0.0595024073661532,0.06211231673483072,2.7228928507690267,5.3075698596388925,1.9063912537363377,0.006853653472413068,-0.033480496662856574,0.04904536590601816,0.756308411569561,0.5512028917459032,0.29024813108063824
210.05,1.0,21.0,21.0,1.0,0.05992893315962192,0.07930116028390746,2.360278075741954,0.2,0.06404511789208672,0.057829636715157694,2.66423803773136,5.463565708731089,1.9541288702117996,0.010512344849594069,-0.0219119096553424,0.03918517265442145,0.7742582657530543,0.5606215678066231,0.29057269992687856
210.19,1.0,35.0,31.0,0.8857142857142857,0.04887328547814465,0.12409363896683842,5.517776711949757,0.2,0.10600004842374641,0.04945121794181649,2.6342222319934363,5.533974325157775,2.0062622916048363,0.007680718878594117,-0.011078492551877872,0.06973100549148548,0.7968771766674524,0.641971466293686,0.35140198926198124
210.33,1.0,24.0,24.0,1.0,0.12747489136165505,0.18827965377017977,6.60257602202169,0.09197830282355829,0.12,0.1270779281918903,2.7055246692422563,5.634260955338818,2.0297384216013037,0.10910408137933603,0.03187927471555252,0.05923911829560535,0.2878671631499962,0.1520157127040069,0.26483685417142183
210.53,1.0,30.0,22.0,0.7333333333333333,0.07688285889239926,0.16294174294783453,5.188437989698102,0.1773058210307964,0.12,0.08163924456455754,2.5821767848215633,5.706051886115227,2.0392916154431515,0.003881453679485336,-0.006380748218817622,0.04424978884977815,0.5959900472887287,0.3786824111396767,0.26349971172869957
210.73000000000002,1.0,35.0,30.0,0.8571428571428571,0.15595232789904606,0.2374446888876502,6.0909492233213465,0.1153851620095241,0.12,0.15738575110088646,2.6001194590449512,5.818801248740121,2.045713702996978,0.0690999407620807,0.020199967028028176,0.032586428684770574,0.354651612074568,0.20576249664476626,0.3406241509928172
210.93,1.0,39.0,35.0,0.8974358974358975,0.14239289757601967,0.1952006440220771,4.176802303679125,0.1479539979580201,0.12,0.14498393312558475,2.5331974401956803,5.902151640142735,2.0506229369884363,0.02233678632677849,0.002442856946966998,0.021980250096250927,0.4511673164676002,0.28362859778861904,0.34678801221161126
211.15,1.0,39.0,35.0,0.8974358974358975,0.10389091831451577,0.1525180942913006,5.631748662023499,0.2,0.12,0.10536235621176519,2.4415281225303227,5.983523917436456,2.051438374145113,-0.02595103405777488,-0.013725448726177092,0.014524546787976433,0.6094397887423073,0.4452565648610411,0.34681418652238116
211.39000000000001,0.0,36.0,2.0,0.05555555555555555,0.33365788546441416,0.3403007587377993,2.3411034619133293,nan,nan,nan,nan,nan,nan,-0.02595103405777488,-0.013725448726177092,0.014524546787976433,0.6094397887423073,0.4452565648610411,0.34681418652238116
211.65,1.0,50.0,46.0,0.92,0.10040716530961098,0.12763723148629885,2.106296000499549,0.2,0.11903101784520993,0.09797947457233225,2.3433057841175344,6.212318163920596,2.051136647540098,0.016282738049254064,0.007430205316582672,0.008213625609317265,0.718095566892411,0.5545778366523569,0.43304115516631764
211.69,0.0,40.0,0.0,0.0,nan,nan,nan,nan,nan,nan,nan,nan,nan,0.016282738049254064,0.007430205316582672,0.008213625609317265,0.718095566892411,0.5545778366523569,0.43304115516631764
211.89000000000001,0.0,47.0,0.0,0.0,nan,nan,nan,nan,nan,nan,nan,nan,nan,0.016282738049254064,0.007430205316582672,0.008213625609317265,0.718095566892411,0.5545778366523569,0.43304115516631764
212.09,0.0,49.0,0.0,0.0,nan,nan,nan,nan,nan,nan,nan,nan,nan,0.016282738049254064,0.007430205316582672,0.008213625609317265,0.718095566892411,0.5545778366523569,0.43304115516631764
212.29000000000002,0.0,44.0,0.0,0.0,nan,nan,nan,nan,nan,nan,nan,nan,nan,0.016282738049254064,0.007430205316582672,0.008213625609317265,0.718095566892411,0.5545778366523569,0.43304115516631764
212.49,0.0,45.0,0.0,0.0,nan,nan,nan,nan,nan,nan,nan,nan,nan,0.016282738049254064,0.007430205316582672,0.008213625609317265,0.718095566892411,0.5545778366523569,0.43304115516631764
212.69,0.0,36.0,0.0,0.0,nan,nan,nan,nan,nan,nan,nan,nan,nan,0.016282738049254064,0.007430205316582672,0.008213625609317265,0.718095566892411,0.5545778366523569,0.43304115516631764
212.89000000000001,0.0,41.0,0.0,0.0,nan,nan,nan,nan,nan,nan,nan,nan,nan,0.016282738049254064,0.007430205316582672,0.008213625609317265,0.718095566892411,0.5545778366523569,0.43304115516631764
213.09,0.0,29.0,0.0,0.0,nan,nan,nan,nan,nan,nan,nan,nan,nan,0.016282738049254064,0.007430205316582672,0.008213625609317265,0.718095566892411,0.5545778366523569,0.43304115516631764
213.43,0.0,27.0,0.0,0.0,nan,nan,nan,nan,nan,nan,nan,nan,nan,0.016282738049254064,0.007430205316582672,0.008213625609317265,0.718095566892411,0.5545778366523569,0.43304115516631764
213.63,0.0,35.0,0.0,0.0,nan,nan,nan,nan,nan,nan,nan,nan,nan,0.016282738049254064,0.007430205316582672,0.008213625609317265,0.718095566892411,0.5545778366523569,0.43304115516631764
213.69,1.0,43.0,36.0,0.8372093023255814,0.09895944623539371,0.16819725972246716,11.08634578203105,0.2,0.12,0.10343218842736061,2.369815202857986,7.375902291053086,1.3185653821490781,0.12098651263951021,0.14870553496010253,0.005896122930864279,0.9079035130577551,0.750863830635702,0.6705133494040303
213.89000000000001,1.0,67.0,66.0,0.9850746268656716,0.0900511313205212,0.16536363825844172,8.759184408172144,0.2,0.12,0.09441154167000072,2.4090999733411422,7.470156385062245,1.2937219166686567,0.02075988788979899,0.03536872631025201,0.004301739641342506,0.6898677827001607,0.5428482232667334,0.4552338778809348
214.09,1.0,44.0,43.0,0.9772727272727273,0.08533204011132821,0.17663986089251338,10.285568793039952,0.2,0.12,0.09314954708644371,2.4481976608992575,7.565775560518648,1.2803984922026057,0.019915039521976485,0.015463119848218021,0.0024942334336404137,0.6463382380096604,0.4574290495725697,0.3835342444927052
214.29000000000002,1.0,49.0,49.0,1.0,0.09489359602788744,0.16312617759572504,6.258433045917093,0.2,0.12,0.09825457113737598,2.486358358098325,7.660194223773931,1.2741202486915677,0.019756562916902087,0.006903589666208632,0.0017314712749145755,0.6091755618844656,0.39888719303954084,0.3552100461917324
214.55,1.0,52.0,52.0,1.0,0.11588638157515765,0.18086979568254855,5.700239869699888,0.2,0.12,0.11555756012612003,2.534938246380889,7.786138045618983,1.270688698792262,0.023683954903797044,0.0013105461481401903,0.0013136691601107753,0.5740510600176004,0.3451561414662421,0.36421047460737355
214.65,1.0,48.0,46.0,0.9583333333333334,0.06759131696824622,0.15401049028154493,6.0895205624963955,0.2,0.12,0.07721028037189016,2.556550327106518,7.8342033463148075,1.270508089131237,0.01608044613324644,0.0005057138068647049,0.0010873593884881405,0.6724066095531764,0.4908540685783456,0.3092940195132641
214.85,1.0,37.0,37.0,1.0,0.07579246702054464,0.15410414969006234,5.553617855492038,0.2,0.12,0.08124943279999465,2.5929892302367126,7.92327802253627,1.2708170211309922,0.01612998320026504,-0.0025030281669602417,0.000919733011813806,0.6694220119642098,0.44786572854777534,0.32293736280116153
215.05,1.0,25.0,21.0,0.84,0.07975114956314554,0.11008149718015357,2.875900276853904,0.2,0.09638328314699039,0.0788849983828166,2.626130656228169,8.012759401527356,1.2632615690467108,0.015099315350294518,-0.006538824739672933,-0.0228149317128703,0.5936486163824384,0.3620589434527793,0.2435532722914531
215.23000000000002,1.0,26.0,21.0,0.8076923076923077,0.08078223665624851,0.10523653736473157,2.8350973663159595,0.2,0.07666694055859066,0.07992168550179428,2.6516112472547952,8.091652873022888,1.2846727136848557,0.012321139629717592,-0.013261201067379602,-0.03679138336375942,0.5995821249889138,0.36268110202400927,0.2551027783034421
215.45000000000002,1.0,21.0,21.0,1.0,0.07971132969039371,0.10398404245486043,2.249701691116317,0.2,0.03709404729007201,0.07726501631086431,2.663258944067193,8.17923881010977,1.34359728243661,0.00865774780058004,-0.027500686773823446,-0.06681067442488309,0.6438425280652005,0.39425927668620775,0.27318383132942126
215.73000000000002,1.0,21.0,21.0,1.0,0.08953513641821252,0.10896732624735181,2.278518695171552,0.2,-0.03999797779309616,0.08634360123404992,2.6589622020798007,8.28468805142893,1.4372756312143966,0.006555664315548881,-0.04938528035554235,-0.12554256986088053,0.6470051098886548,0.3638563027617145,0.29906978931658273
215.99,1.0,38.0,38.0,1.0,0.08456811690586899,0.10076836762826721,2.3059816927059686,0.2,-0.11968984274107411,0.08196227462492296,2.635748966633188,8.373324042039956,1.556853688959101,0.005354017259029398,-0.07013277855087807,-0.16775521000528418,0.7551562037626071,0.5054242310607348,0.40195007411155
216.13,1.0,42.0,42.0,1.0,0.034728249513977266,0.05803280280638575,2.2478176886550196,0.2,-0.08035323978889287,0.03073463917096983,2.615934250131204,8.41073078541376,1.7190773093022664,0.002464168554486168,-0.06040579427507353,-0.061391850390096765,0.8309542853975297,0.6641368566903737,0.34158927831068486
216.33,1.0,44.0,33.0,0.75,0.06408904837590865,0.09359109397895578,2.8061731233841956,0.2,-0.12,0.061317838969873084,2.5746588497207643,8.466283476298859,1.8481693128731695,0.008450184825713247,-0.0545651250296153,-0.08057941044672455,0.745048382588811,0.5199043344126728,0.3372730873757867
216.53,1.0,43.0,42.0,0.9767441860465116,0.05380784889322549,0.08977191354680027,7.904967870820758,0.2,-0.12,0.05281794856673609,2.5248379265610077,8.516718370037497,1.999653418494681,0.014184790258890523,-0.05821105352225686,-0.05388415446402295,0.7851706773693351,0.6246246628942143,0.33531788557016395
216.73000000000002,1.0,38.0,28.0,0.7368421052631579,0.03303314252840938,0.12799722663819857,2.70041890373469,0.2,-0.05345124582205777,0.03516137533601941,2.460205902392448,8.58087432471788,2.174459884667548,0.013037977599898998,-0.04730374929321535,0.030088925355404417,0.748837890939048,0.6273180895310988,0.3053406361052961
216.93,1.0,35.0,25.0,0.7142857142857143,0.08572510803297442,0.1235611028204845,9.319829104640245,0.2,-0.12,0.08569103044034544,2.387670421840352,8.64660870188197,2.183820708944146,0.012248796980576682,-0.03638600143623805,-0.0462131272242785,0.47075347448036337,0.37928935577738737,0.28743962117515304
217.05,1.0,44.0,31.0,0.7045454545454546,0.09879632328498567,0.14994971250524144,9.484367408476261,0.2,-0.12,0.10268763326643654,2.348585548070308,8.683493075002719,2.221731127180811,0.01237094183080556,-0.03393293037358802,-0.033199521423806555,0.41497385066755244,0.3520317537310744,0.3121162088882843
217.25,1.0,30.0,14.0,0.4666666666666667,0.11082718790071801,0.1406655398101283,8.352495525145784,0.2,-0.12,0.11080726712106471,2.2794618725630387,8.740698582649605,2.2665636277042447,0.01077277074052363,-0.03707619323681399,-0.023006624278024024,0.2737762455902129,0.23383906830016563,0.1765674050531442
217.53,1.0,46.0,33.0,0.717391304347826,0.06638352509812184,0.12690179665749662,9.139552895717193,0.2,-0.12,0.07103340767422804,2.1729855079346745,8.819856946172063,2.296715623353771,0.0069433693584182166,-0.044533976364887096,-0.019091967136304785,0.7225475523431552,0.6901822196575587,0.3890760374961716
217.75,1.0,41.0,28.0,0.6829268292682927,0.061852563864932854,0.12418223458612358,9.962550782327366,0.2,-0.12,0.0656701269441384,2.0895275888058373,8.889076065446641,2.3076122492844187,0.0007629300653060334,-0.024988472335538248,-0.012179212133964779,0.6409482639300036,0.620595250653502,0.3338840608424542
217.89000000000001,1.0,52.0,30.0,0.5769230769230769,0.04262810098367092,0.08087165095129115,1.8920611287265514,-0.2,0.0332208994289706,0.04234885495846341,2.2942356963922514,9.235733772675053,2.4642114868249303,0.2593037043863431,0.2870492799300788,0.14481314337754947,0.7069169892817845,0.6913196006547055,0.31850434974746944
218.13,1.0,44.0,30.0,0.6818181818181818,0.01731681450731093,0.041369773535429144,2.4142562243441947,-0.17031747441014025,-0.003645998476075134,0.011659702864867236,2.1791042940726504,9.286517184137198,2.432572212586083,0.022096864630973823,0.034542883164569105,0.06800143025119043,0.72031641750804,0.723609052450486,0.3362418158192802
218.23000000000002,1.0,43.0,26.0,0.6046511627906976,0.07056598903087076,0.10270729356765673,1.7762954925717978,-0.2,0.0314816855782531,0.06761655552173522,2.1618127993048386,9.34007615993341,2.4693711443745165,0.019759982671301746,0.02831200307535653,0.0809780468315684,0.4317249434653109,0.4452552424413473,0.26445706329273805
218.49,1.0,44.0,28.0,0.6363636363636364,0.03728745209012794,0.05591484475844346,1.197447975384812,-0.2,0.01734536739910965,0.03448746978969644,2.0548117287353365,9.420099372608119,2.480169690454423,0.0021252680505559063,0.01402998353586149,0.04579644740727228,0.7125325440838749,0.7405440024670001,0.3220289525481173
218.69,1.0,39.0,34.0,0.8717948717948718,0.03119717302643735,0.04841978652769717,1.1246743920946933,-0.2,-0.0045663349677313335,0.027342693044262567,1.961496663436593,9.481988166984518,2.5136319679408237,-0.01046985590884364,0.009151505766284984,0.009362697040957269,0.6894771356776227,0.7420370833420853,0.34857555188172096
218.83,1.0,49.0,40.0,0.8163265306122449,0.08861698635606305,0.11482626519039012,5.837345476102923,-0.2,0.052003710231983635,0.08792633038420533,1.891678325355903,9.521015529093086,2.6396905820517613,-0.016123327891465866,0.010646849006462844,0.06272540667286286,0.3593173975390918,0.4555137405800629,0.3178778168425429
219.03,1.0,44.0,44.0,1.0,0.07616815473380548,0.11169589943863892,5.3877226739685655,-0.2,0.05424315525016026,0.07577070571435897,1.7754018847114668,9.56883782042172,2.7572911194115703,-0.03129601499460066,0.020186966753735547,0.04505220628474049,0.48935325932503815,0.6405256120680447,0.32674728387564606
219.23000000000002,1.0,41.0,41.0,1.0,0.07569964473998356,0.10853218838457068,5.049300872705562,-0.2,0.06834464456204725,0.07558869051471297,1.6516947457451816,9.596688104975032,2.913012447134075,-0.044284907155940134,0.02390573823620734,0.04459035768436692,0.4751288396311994,0.6723990664161099,0.33073836195095163
219.49,1.0,38.0,38.0,1.0,0.04887756837464154,0.08053136830304651,7.190331486058934,-0.2,0.039076595990433324,0.049940481152781435,1.4860386664063483,9.60609368401732,3.0685745095216777,-0.06145512872841552,0.02453605402671677,0.0008835884043425501,0.68372759210949,0.8602410958956804,0.3539439194929462
219.63,1.0,33.0,33.0,1.0,0.06487381757966723,0.10831386033111903,8.525069020000014,-0.2,0.12,0.06500262298907146,1.3935344470218651,9.600394420069835,-3.049956588419451,-0.03724657048314306,0.009457157171535613,0.08224109208852992,0.4263208077497651,0.6790016847640256,0.3202126873358981
219.83,1.0,26.0,26.0,1.0,0.04601202679145184,0.07664355375041462,7.017259758170655,-0.2,0.12,0.046525722278712926,1.2666515144589194,9.583688106034664,-2.9554212003812848,-0.04179334700697779,0.010470119395810329,0.05619856977916715,0.5579181639680838,0.799468461255229,0.2836488988976529
220.03,1.0,27.0,27.0,1.0,0.03003122984460833,0.059259605777435054,6.201400985876749,-0.2,0.12,0.029657227497500733,1.1480078904886455,9.55896526509917,-2.8846175873363973,-0.03466080987834719,0.008365866655674736,0.040738342187634835,0.5673372816864873,0.7963830806970662,0.30337611604080233
220.23000000000002,1.0,32.0,32.0,1.0,0.03597559888643265,0.06410840242266422,7.500720413198598,-0.2,0.12,0.03233327591604215,1.0425817559243227,9.531414253830516,-2.8394728102396707,-0.02644136636717076,0.007670773934863817,0.028816552096304626,0.6123920313902782,0.8162610060684431,0.3449763565670689
220.43,1.0,32.0,32.0,1.0,0.03912119461185696,0.07425635428588762,7.309229246047244,-0.2,0.12,0.038072960671188816,0.9401042994137625,9.503708866677787,-2.811332974609961,-0.01859126005897882,0.008591107190559555,0.019224832111733203,0.607596133149056,0.8054474836697271,0.33871369952795183
220.69,1.0,35.0,33.0,0.9428571428571428,0.022560347770278245,0.052041788939066386,7.098600685824826,-0.17567243408995767,0.12,0.01885610948185793,0.8153492540664924,9.446857266019377,-2.7905058772727735,-0.00943160478845273,-0.010777191780801942,0.012995394558634299,0.6472203836398064,0.8291245388520354,0.3573030320967055
220.83,1.0,31.0,31.0,1.0,0.0158947919605183,0.046324936327508955,5.892861821339893,-0.13136863406966937,0.12,0.0116715710240763,0.7585186281649083,9.383461435741172,-2.7844076211233357,0.002596388052017007,-0.038491524959301415,0.008253327913789741,0.5655072426118428,0.7515172272992275,0.3148966375648089
221.03,1.0,35.0,32.0,0.9142857142857143,0.014806506173317541,0.0377952930271691,3.4162071853231164,-0.08494535031210923,0.09249815603649367,0.007871644247235434,0.6722320183242255,9.309654344370943,-2.8066041570796267,0.004705424391706958,-0.04365709992440259,-0.022377653753704152,0.6089134809243859,0.793881638323677,0.32993020448806637
221.23000000000002,1.0,34.0,34.0,1.0,0.012144376057348779,0.024566384140001354,1.7614021873645045,-0.05955576332053964,0.08120385554257338,0.0069817180918683745,0.5838812020003747,9.257606503154136,-2.8170156429256856,0.0009607485111661207,-0.02335954387294059,-0.026952158867949993,0.61226507450389,0.7954922679326825,0.3321267112089604
221.43,1.0,33.0,33.0,1.0,0.015752213050280867,0.03605015955540797,2.622067142651078,-0.0638035162899899,0.09882212912633984,0.00770673476338875,0.4882867436410129,9.237397354824799,-2.8233255244764024,-0.0038480873408591743,0.009068386574979215,-0.0007207952087102676,0.6100028564405608,0.7984602246258289,0.333096651972628
221.59,1.0,31.0,31.0,1.0,0.016114407673621066,0.037201946372450036,1.4582703276590854,-0.05176775584777737,0.08263870314707966,0.006038636135231375,0.41454365172397667,9.212337008929753,-2.879835279866538,0.0020945456269886864,-0.002100861201814297,-0.016506002944362663,0.5667539327601714,0.7667272847769765,0.3114899024759941
221.79000000000002,1.0,32.0,32.0,1.0,0.014110676465953362,0.03667268045189104,1.1382524288612885,-0.060920765249133875,0.08831336045957212,0.004634725378100779,0.31536521358519143,9.21038988794411,-2.9335432080042874,0.0012077339110885266,0.018561980510872544,-0.005730675003134511,0.5950221444845948,0.8097061259507942,0.32834983789238087
221.99,1.0,25.0,25.0,1.0,0.015553962422261165,0.03544070021762155,1.501984494365541,-0.03869996708266022,0.06587472322714612,0.006841590760941648,0.21201924886747703,9.17953861148698,-3.0098622878002588,0.004997364323386266,-0.008420938791040555,-0.02599417594807507,0.5319500119867162,0.7777990918150158,0.2791092890375088
222.19,1.0,28.0,28.0,1.0,0.017618519859067504,0.03738951791100859,1.7781598214156191,-0.044582023562584214,0.07642112702570149,0.006596208456709198,0.09961766034690378,9.182497767404962,-3.0374788246464774,0.002618300169804022,0.013781351566473532,-0.00835405859765892,0.5707564677886441,0.809139314345962,0.31441227382211345
222.39000000000001,1.0,31.0,31.0,1.0,0.018634335744236775,0.04008534721677383,2.356533296388396,-0.04088429191593918,0.06990908239825683,0.009702639852702687,-0.00697326188410885,9.17562659157363,-3.069086441312322,0.0020797330817843383,0.007782497120347287,-0.011982537576540773,0.5897795534027425,0.8272763892455471,0.3376972097644726
222.59,1.0,31.0,31.0,1.0,0.01987220979190275,0.031394725477122326,3.445856119041586,-0.038170687327753645,0.06341102991451988,0.00941300935721096,-0.1166490228922552,9.17113865918753,-3.0930847714074448,0.0012482151196217678,0.007167784801179522,-0.014302182842925948,0.5818584936970645,0.8291950173607926,0.3331374465770995
222.79000000000002,1.0,39.0,39.0,1.0,0.017234592451020343,0.039836078673320806,2.233954065180536,-0.03855810561839708,0.07014729697785477,0.008938291649000668,-0.2264750328333034,9.171358854589583,-3.0981038386211797,0.0008150349533335988,0.009568410133768523,-0.002681683600826545,0.5876297141194855,0.8364305745100528,0.3381836158187487
222.99,1.0,42.0,42.0,1.0,0.015761367401866757,0.03344646278025826,2.578128447683277,-0.030579448364007247,0.05908441476496837,0.009671853322798896,-0.3355593009642528,9.164222194489765,-3.1166382158731647,0.00025792450241185483,0.0014030030394636128,-0.012679060212907878,0.5841921822927046,0.8375679759385309,0.3357133607611993
223.19,1.0,46.0,39.0,0.8478260869565217,0.023137441969857467,0.3031551889391266,3.0610422120642737,-0.02172503788384584,0.05888262358680774,0.04934044188895375,-0.44623810673117825,9.156757597517217,-3.1226477385097677,-0.00020412037342443234,-0.001236422838612583,-0.008601983285720038,0.5846225787619088,0.840092700746167,0.3346285974787017
223.39,1.0,46.0,31.0,0.6739130434782609,0.13277364581535997,0.3110238887868746,11.533624051332158,0.2,-0.12,0.1661946964383447,-0.5551456548295415,8.937087571761602,2.97822307162322,-0.00971601065327854,-0.2153432906346069,-0.1846256552256327,0.10986168048592529,0.318068907052756,0.32749195825641986
223.55,1.0,42.0,23.0,0.5476190476190477,0.1850074143790177,0.3465391406243111,14.203478777762452,0.2,-0.12,0.21621085356902953,-0.6355813938829828,8.936242738935581,2.974509661738952,-0.010193786111764802,-0.15012874631429618,-0.12534368594464196,0.06858231177785412,0.21463600682774162,0.25353207389723226
223.85000000000002,1.0,38.0,34.0,0.8947368421052632,0.13422894913476818,0.24533861417389305,12.381508424806297,0.2,-0.12,0.1476842022441689,-0.7851567350314008,8.9384296211488,2.9735753413181722,-0.00942218758876956,-0.12448812860129976,-0.09409677093868885,0.2582315624587516,0.5806257849778445,0.37652878016666175
223.95,1.0,35.0,13.0,0.37142857142857144,0.14957096459178013,0.22188433223682108,10.187844988754312,-0.2,-0.12,0.15065261749654804,-0.8165794383616833,9.33947231031557,2.973586379383115,0.013961502490671851,0.34198448842904483,-0.05979396044308816,0.10711155170865147,0.24358135092887215,0.15760048705586097
224.23000000000002,1.0,46.0,25.0,0.5434782608695652,0.13701426165739522,0.19968616158515318,7.981820120450747,-0.2,-0.12,0.13826698756019645,-0.9584556165950917,9.341234593840056,2.9734180334952853,0.00869466690963383,0.24776496671386106,-0.04899335572221286,0.2681550019264165,0.539598940073555,0.32714121537883095
224.35000000000002,1.0,31.0,15.0,0.4838709677419355,0.1933306070555677,0.2353964439024601,12.075099473269429,-0.07213974435824821,-0.12,0.1928907683091911,-1.0226063214645358,9.211777786179754,2.9726090144204527,-0.0066995635591700076,-0.020240562429043152,-0.030613561969540463,0.0901222326951502,0.19390923657111828,0.19584104011942602
224.63,1.0,31.0,26.0,0.8387096774193549,0.21417958903570478,0.3221738327067936,11.883814415121186,0.2,-0.12,0.2240823924858641,-1.1710703334667862,8.942179202009592,2.9878672863567575,-0.01699682332718022,-0.3018438314833123,-0.024690764854222724,0.14161270799084263,0.3287104848128601,0.3465106687487801
224.82999999999998,1.0,17.0,8.0,0.47058823529411764,0.19151768215741077,0.2169006694167543,10.980750289915127,-0.2,-0.12,0.19078372402080285,-1.2680654865194245,9.335809877802667,3.034285697418402,-0.0028836632022215536,0.18636883597206477,-0.017900536808929782,0.06951382645272733,0.1742218379858034,0.1293909212865131
225.03000000000003,1.0,22.0,19.0,0.8636363636363636,0.2889503445101126,0.34763655146035655,8.8486972686478,0.2,-0.12,0.29641539850007137,-1.3441306102714317,8.921280421489511,3.118643535849922,0.01789321120583387,-0.2557839711270997,-0.014903182140825422,0.07599083373888618,0.1950419201371182,0.28921722189619253
225.35000000000002,0.0,13.0,2.0,0.15384615384615385,0.34350123545769595,0.3460017947334115,3.8072226428773943,nan,nan,nan,nan,nan,nan,0.01789321120583387,-0.2557839711270997,-0.014903182140825422,0.07599083373888618,0.1950419201371182,0.28921722189619253
225.53000000000003,0.0,35.0,2.0,0.05714285714285714,0.3449496628636012,0.34783786077807277,1.6788065121839135,nan,nan,nan,nan,nan,nan,0.01789321120583387,-0.2557839711270997,-0.014903182140825422,0.07599083373888618,0.1950419201371182,0.28921722189619253
225.75,1.0,46.0,46.0,1.0,0.11360108787609781,0.17977856812660917,8.249565806702787,-0.2,-0.12,0.11612058535473732,-1.7873407821941587,9.103307589250463,-2.6385676457367953,-0.09903749031056974,0.12044088759098948,-0.011557484040669141,0.605493905656276,0.8243529014908497,0.519487153553176
226.03000000000003,1.0,53.0,20.0,0.37735849056603776,0.062171476452230576,0.1096736427141469,6.661546095984725,0.2,-0.07165085764329754,0.06702187533795356,-1.5952150802071565,8.69903807062905,-2.3396847403209393,0.24704180576346735,-0.28244926577620966,0.04559198532414265,0.6628972552483224,0.7341913319919844,0.3197017671241555
226.15000000000003,1.0,56.0,27.0,0.48214285714285715,0.03908364384803265,0.0864025462265225,8.048659697081773,0.2,-0.12,0.04462078472020993,-1.6092737695454076,8.660166271758863,-2.289013468231099,0.08008028822652369,-0.044401775748411865,-0.024547133278354227,0.7250741947719908,0.724955414308628,0.3401927250806683
226.32999999999998,1.0,49.0,47.0,0.9591836734693877,0.0583354854405855,0.11642413245656376,9.506284783098698,-0.2,-0.10064178366611734,0.06439429029098814,-1.982925831774955,8.780100043971354,-2.1465980265982907,-0.31540266337074674,0.19347140517404604,0.001407632239350587,0.6467609273240418,0.5688533257469227,0.3563220632087618
226.55,1.0,53.0,50.0,0.9433962264150944,0.06066080684637737,0.12886138626022248,6.953395625757618,-0.2,-0.06370048222623514,0.0685093610089126,-2.0253833913612302,8.655234045783061,-2.007320534387832,-0.08516101654772323,0.022197130339714377,0.04354387052163889,0.6725758301385923,0.5439304153915108,0.3507292845172588
226.75,1.0,49.0,40.0,0.8163265306122449,0.06413943337249499,0.1289466918304701,9.774307865345667,-0.2,-0.059419984949252574,0.07407843619668822,-2.0539587854547525,8.547172857116163,-1.9439186747851862,-0.02078665705641347,-0.013441928534827952,0.033961617728339055,0.6559591958607821,0.4884280343145677,0.34125837971693196
226.93,1.0,41.0,33.0,0.8048780487804879,0.06790860719117797,0.14226364593990287,8.706701479836958,-0.2,-0.03274477065869161,0.07477663629814912,-2.0717102796335913,8.448308837628666,-1.8820036316844526,-0.0034323292906206504,-0.017273066720919772,0.0492903445157864,0.6596039686443993,0.4703399234196636,0.3297056535483442
227.15000000000003,1.0,40.0,32.0,0.8,0.11835761717793275,0.1378854699290004,3.747883024499069,-0.2,0.04126039688548386,0.11675741859230031,-2.098242173037818,8.33918948881352,-1.7791992173899316,0.0020146802996388047,-0.016829936420030833,0.10705998484679102,0.4803612490141668,0.28282259108319935,0.3395742747300537
227.35000000000002,1.0,45.0,37.0,0.8222222222222222,0.08474518418351774,0.12779161345713402,3.5962961597150223,-0.2,-0.0013538755434665461,0.08433720062300623,-2.116664276034987,8.238583297020647,-1.8058905043223388,7.758443755001565e-06,-0.01511988050880042,0.028032707586141292,0.6766094476796929,0.4595377777143257,0.33638951501779374
227.53000000000003,1.0,38.0,32.0,0.8421052631578947,0.10501380231865806,0.13599262579903595,2.4294852698610727,-0.2,0.0173076851825578,0.10414875699077131,-2.1303167259405327,8.141953489266134,-1.7680912230836023,-0.00039619046513994505,-0.012121556887553453,0.037232665939025855,0.544289102638719,0.32915592269431765,0.3276084177645627
227.73000000000002,1.0,25.0,25.0,1.0,0.0817816993474147,0.10405344537775994,4.865323710219697,-0.2,-0.0445789228880075,0.08085295649543789,-2.14361648582242,8.032255162489697,-1.7787126054508866,-0.0025985575692035745,-0.018258245897774472,-0.036860708672204145,0.6401620076319722,0.406191786163897,0.2789073750888343
227.93,1.0,30.0,21.0,0.7,0.05856488534997206,0.08613549766198988,2.5058419626549724,-0.2,0.0005970176713717724,0.056323706723051654,-2.1465992840978636,7.917708135706307,-1.6475471807943864,-0.0017916692765544973,-0.028094404656134664,0.01861866449618321,0.7516916343269826,0.5315873535637319,0.2559694057293574
228.13,1.0,35.0,25.0,0.7142857142857143,0.10359193344403506,0.15294352947499662,9.444226973360248,-0.2,0.07765622175168843,0.11066953299889208,-2.1301670877056935,7.796157402294551,-1.4511444264332465,-0.0006252819936967136,-0.03686463385925798,0.09097717825157514,0.4554119484410951,0.22758871184271706,0.303449929650329
228.32999999999998,1.0,35.0,28.0,0.8,0.06513260625169785,0.1717355518498468,8.467755966137837,-0.2,0.12,0.08434657624260655,-2.1001195111107496,7.67311380343519,-1.261910846049537,-8.019176700058139e-05,-0.05836528654665596,0.10580619899231869,0.6687349325583137,0.41459207277391485,0.3270619614151554
228.53000000000003,1.0,44.0,39.0,0.8863636363636364,0.05124697327816596,0.13679594316547425,9.27701504780478,-0.2,0.12,0.0644433617941028,-2.0467309440390373,7.552847397578857,-1.1000635056441932,0.0043467673081099,-0.06816551302176865,0.0715331231032037,0.7639594928078246,0.5870642303099511,0.350958604309458
228.79000000000002,1.0,44.0,32.0,0.7272727272727273,0.050423615960247095,0.11411586663329712,12.048369708350773,-0.2,0.12,0.05787685583953836,-1.9488177328934286,7.412831117298714,-0.8932592665259343,0.015152034538994608,-0.0719786761671779,0.04706454287016204,0.7640440475755148,0.6573933894343563,0.36222630563772523
228.99,1.0,45.0,13.0,0.28888888888888886,0.015961422597031795,0.03261909125275927,6.36132615716213,0.19342124981066963,-0.05622733605471352,0.01226047136500245,-1.5583510219844254,7.569924036381413,-0.9408876804428815,0.3233120568865655,0.19537435013058424,-0.14526864443980458,0.5497454909782665,0.5105999608905597,0.177024023761176
229.13,1.0,43.0,17.0,0.3953488372093023,0.019832415233446213,0.03631471008397511,6.758050734685201,0.04029267817759126,0.053642451619963664,0.011385794155456845,-1.627390437024243,7.432209697906629,-0.7597900048191021,-0.0021807150219159688,-0.0435282692809702,-0.0159365664642942,0.5749220591116884,0.5731773573144783,0.22692009462748844
229.32999999999998,1.0,38.0,16.0,0.42105263157894735,0.016004338289436666,0.03576884120794825,6.753498021587024,0.13082349592596046,-0.02161160819940758,0.012796291566273786,-1.4871453737816775,7.437937942034267,-0.7647018169207465,0.05961403516874175,0.045009703187004035,-0.08683049514884278,0.5663571912896507,0.6030768454051699,0.22894287313752815
229.55,1.0,37.0,16.0,0.43243243243243246,0.021866604328154782,0.03985546790711739,6.296322508943107,0.0431681107828095,0.05776962118709016,0.014094008952702412,-1.4623080059191949,7.308260773573154,-0.6360830635308041,-0.04349990296839312,-0.05635086702810721,0.011004915284232974,0.5730378936703916,0.6295985982884652,0.24269860961929113
229.73000000000002,1.0,53.0,19.0,0.3584905660377358,0.013842232009758922,0.031367080597311595,5.947226138941529,0.04712111029357934,0.0558021924749642,0.009842921987609415,-1.3840857320141633,7.260456018614591,-0.6140401343327527,-0.012469846936057793,-0.015609289072009425,0.007984568576107074,0.5868157967208557,0.6575574735153393,0.2737897252184097
229.93,1.0,50.0,12.0,0.24,0.01462852063055053,0.030266248681585558,5.346471123605923,0.08518678918165898,0.009436091294776862,0.008051581128684796,-1.2833964807925513,7.232680322845732,-0.6420319446758231,0.016213009661822486,0.022888431704918055,-0.040132669317963776,0.470633916070677,0.5602743638090296,0.19058122476745507
230.13,0.0,55.0,2.0,0.03636363636363636,0.01686509543290976,0.02111235157221021,9.8140996051694,nan,nan,nan,nan,nan,nan,0.016213009661822486,0.022888431704918055,-0.040132669317963776,0.470633916070677,0.5602743638090296,0.19058122476745507
230.32999999999998,0.0,38.0,2.0,0.05263157894736842,0.05946862658948879,0.06615921178564357,2.9797925513856445,nan,nan,nan,nan,nan,nan,0.016213009661822486,0.022888431704918055,-0.040132669317963776,0.470633916070677,0.5602743638090296,0.19058122476745507
230.53000000000003,0.0,55.0,1.0,0.01818181818181818,0.2806712713803464,0.2806712713803464,21.142661285201513,nan,nan,nan,nan,nan,nan,0.016213009661822486,0.022888431704918055,-0.040132669317963776,0.470633916070677,0.5602743638090296,0.19058122476745507
230.73000000000002,1.0,57.0,25.0,0.43859649122807015,0.29421103050313546,0.3446286976461664,10.337867692609489,-0.2,0.12,0.29451279209167786,-1.03365292845268,6.820620549412755,-0.20314617131451718,-0.11551849086781985,-0.2647382856420215,0.07749423528882765,0.12897911182766328,0.23164295803074736,0.47880053085711066
230.93,1.0,54.0,23.0,0.42592592592592593,0.2953241799267818,0.34955378490023054,9.30777418868782,-0.2,0.12,0.296468455325535,-0.9157284696471293,6.800827062420493,-0.09961326703336948,-0.0644506943951837,-0.21570157336507823,0.04299270611183059,0.1159707615031403,0.21814784500558324,0.3590583881507504
231.09000000000003,1.0,51.0,22.0,0.43137254901960786,0.26900877879568125,0.34749325700037226,11.724430699850721,-0.2,0.12,0.27203775766294985,-0.8221630903792831,6.794316768567813,-0.03687432653242839,-0.033832284369510135,-0.17793523096446062,0.028909119433310995,0.12600733681922327,0.23715770183563536,0.303304926744606
231.29000000000002,0.0,34.0,7.0,0.20588235294117646,0.316365280564932,0.34261499370672127,17.447002012536288,nan,nan,nan,nan,nan,nan,-0.033832284369510135,-0.17793523096446062,0.028909119433310995,0.12600733681922327,0.23715770183563536,0.303304926744606
231.63,0.0,22.0,1.0,0.045454545454545456,0.3486187217963783,0.3486187217963783,23.019139723416437,nan,nan,nan,nan,nan,nan,-0.033832284369510135,-0.17793523096446062,0.028909119433310995,0.12600733681922327,0.23715770183563536,0.303304926744606
231.69,1.0,21.0,11.0,0.5238095238095238,0.33315660429204513,0.3482383403334709,12.476018734358751,-0.2,0.12,0.33221549117894245,-0.5332445030953104,6.764966191849162,-0.07438993168452082,-0.03100996838807979,-0.16385423117892906,0.02108513326560779,0.05774850750903612,0.1427211312660283,0.24517163557603328
232.23000000000002,1.0,22.0,15.0,0.6818181818181818,0.03285369432651738,0.2546312463439636,7.870247285728091,-0.2,0.12,0.066994091380116,-0.35505361463689533,6.679030827942984,-0.42456130971713046,-0.10214132649304863,-0.14186457315140366,0.016611165828950558,0.7193562544635116,0.8761253224459109,0.35057092732484874
232.35000000000002,1.0,41.0,36.0,0.8780487804878049,0.04921466026854742,0.22309263946813598,7.20825786974346,-0.2,0.12,0.06538167470077616,-0.3273349054134721,6.647594459350022,-0.5220306898850043,-0.04437904873321086,-0.008377864814527847,0.014848602552538837,0.6731436354444144,0.7441197545292744,0.4584000571716668
232.49,1.0,40.0,37.0,0.925,0.09239809894856997,0.13419470673096714,3.16961355011686,-0.2,0.12,0.0903605358584209,-0.296311741256015,6.612247975397982,-0.6415487822698341,-0.037838973645622,0.009075229143168606,0.008563997378339685,0.4057119373165671,0.4840763362883281,0.36525038225153755
232.82999999999998,1.0,36.0,36.0,1.0,0.04939005866432647,0.09622320978803829,7.304481114695169,-0.2,0.12,0.05284425994204159,-0.25131273646468344,6.513104747081075,-0.9448148396813089,-0.07658604371882777,0.045701220036247214,0.005639822397395355,0.7896368392426312,0.7876351351822966,0.39337817777365325
232.89,1.0,35.0,35.0,1.0,0.06549376641401086,0.09045687290998372,1.9273662873747022,-0.2,0.08114816472303411,0.0631838519054446,-0.24534721968725448,6.494800086301075,-1.0355440882148566,-0.028187318731335148,0.0244146545132109,-0.034456209395587356,0.5030784252104198,0.4479999130267979,0.3072826466699738
233.09000000000003,1.0,32.0,32.0,1.0,0.05931037228253819,0.0762037175055713,2.1113528997090625,-0.2,0.047908678692816994,0.058517976291717594,-0.23066070058078111,6.429382894326372,-1.2178939290370951,-0.0363784439413197,0.04024708261905552,-0.05693022742190168,0.7167011357395563,0.5701221244782526,0.3219371099725428
233.29000000000002,1.0,30.0,30.0,1.0,0.07850459031681288,0.09733940522320958,1.519521316608664,-0.2,0.04275076559266486,0.07675020169792157,-0.21531905215388364,6.349321784037971,-1.3277644796479786,-0.027931376447187406,0.03932518055890721,-0.04339316159970408,0.6237241208269828,0.4107514543793263,0.31453396100957204
233.49,1.0,36.0,36.0,1.0,0.07641152491023298,0.09470614272099519,1.912456027117754,-0.2,0.018845175402699886,0.0745958564604151,-0.2031369838632985,6.260892188272662,-1.410660043616792,-0.022685804932237846,0.036046290733183994,-0.05340816673409465,0.6904190135508508,0.4614096847853604,0.3345873233690637
233.69,1.0,35.0,35.0,1.0,0.09390685553726325,0.1116058282397868,1.8590745909062205,-0.2,0.021874750766628936,0.09184641657124272,-0.18685207424402073,6.165109675942994,-1.40974508063276,-0.014024273986837171,0.020351573122367128,-0.032290626807251366,0.5999731027505026,0.35924730581071357,0.3342840307664819
233.89,1.0,36.0,35.0,0.9722222222222222,0.09112735941173539,0.10975237577221597,3.0272065745609407,-0.2,0.012397809122394252,0.08985658494528703,-0.16180741030621681,6.058468782630682,-1.3711725963056385,-0.008863632607549243,0.003260864687709919,-0.03086651901923898,0.6319591891607637,0.39341740315550733,0.33410962407688544
234.09000000000003,1.0,31.0,31.0,1.0,0.09100024951304415,0.10924601249312837,1.8329571853615674,-0.2,0.01779526365362824,0.08885055915603636,-0.12532274947685854,5.94862376075784,-1.2972179971701787,-0.0031998918408277233,-0.01196160084707465,-0.01506765807185495,0.6268199465107696,0.4028090471668866,0.3269945460823542
234.35000000000002,1.0,29.0,29.0,1.0,0.08485727040521306,0.10581009154652887,2.514004149077573,-0.2,-0.004169176834186957,0.08300254094277337,-0.06300064043475001,5.799908066210643,-1.22789967520165,0.0014945986361986907,-0.025929659325703902,-0.03200751224357301,0.6718234187418745,0.46081860663517765,0.33455122936429016
234.53000000000003,1.0,33.0,30.0,0.9090909090909091,0.07208638217039809,0.0910201903821155,1.8788182219225722,-0.2,0.004350555203075349,0.0698473226779477,-0.02098304967905346,5.698421341590512,-1.1810105927045798,0.004068986086297983,-0.021706736627060685,-0.012589287480407663,0.7052174162641057,0.5301635518861771,0.3274696208408166
234.65000000000003,1.0,31.0,31.0,1.0,0.07323917856613489,0.12854752040255907,11.143672987995666,-0.047555270083852,-0.12,0.07460424792022245,0.1482714219173542,5.701119275890986,-1.282651755192517,0.14407098851540456,0.045494935283749705,-0.13270645860915598,0.5894553413185513,0.4346485893423717,0.30348711261397193
234.85000000000002,1.0,32.0,32.0,1.0,0.142152834062151,0.21782718481567168,7.334761109985482,0.02981672273997189,-0.12,0.146539496710232,0.2715995393261339,5.630338451819938,-1.254400362410291,0.1297561547886459,0.0473909092850473,-0.09416503130816611,0.35829604294816136,0.2022941866186662,0.32481926356984125
235.15000000000003,1.0,60.0,41.0,0.6833333333333333,0.1772478000930975,0.24107739226565786,8.380082821652914,0.0572667053899036,-0.12,0.17921646126662108,0.3683293967529704,5.50928153218168,-1.2284226053359961,0.11303375514385583,0.04508502770407663,-0.06464018309648245,0.39203596501406235,0.2111796029573772,0.3656468152556438
235.25,1.0,52.0,45.0,0.8653846153846154,0.13516215691365055,0.22632619382542024,9.291759370535358,0.04452576098689378,-0.12,0.14240883554254846,0.38044425063787735,5.458124633707647,-1.2241260623229722,0.058512853686638944,0.02223217028025193,-0.04191517601424377,0.44987347381637915,0.28003184902611444,0.31002920650899424
235.43,1.0,66.0,57.0,0.8636363636363636,0.13466096149691162,0.26711589877001995,8.425771781717259,0.04972834649166174,-0.12,0.1476382065198334,0.4276030660721666,5.384269549532195,-1.219441922388286,0.04260793353005232,0.01744052983288391,-0.029350743281072456,0.4416993914638426,0.27154284632728637,0.31560159594393267
235.79000000000002,1.0,69.0,48.0,0.6956521739130435,0.1623590323244746,0.30517615947365073,6.132548373688565,0.12823476007805948,-0.12,0.17908886640954627,0.5827403884530526,5.261945648398119,-1.2147788020649966,0.1086887346049239,0.053321912253252,-0.020379545923507655,0.43987050741327843,0.2520114048269417,0.381778414937781
235.85000000000002,1.0,67.0,42.0,0.6268656716417911,0.11691315258665898,0.23812731610222268,7.477346331304025,0.054024004848595944,-0.12,0.13122454448446777,0.5315867766873659,5.201199825110587,-1.2146921041613208,-0.006277355189721723,-0.002040105035389317,-0.01351938011386733,0.4853322655274282,0.33352989817006967,0.30162043768712626
236.05,1.0,43.0,34.0,0.7906976744186046,0.13415985484493764,0.29699109488483366,6.3577897695698065,0.03230301676732919,-0.12,0.14852562098304176,0.5591845031593906,5.106057779865238,-1.213956088921471,-0.01252661032261737,-0.00610491761255183,-0.009398254403502728,0.435803261647495,0.2766325523317443,0.3195253998744911
236.32999999999998,1.0,40.0,29.0,0.725,0.17140147675740025,0.3163486564007423,7.140893698620632,0.05916416931319542,-0.12,0.1862905604930948,0.6495806116449776,4.99267114594163,-1.2277093971638453,0.032374283332480935,0.014864372917841706,-0.0063061093994079,0.36735781108441423,0.20625617021372916,0.3344794465290521
236.43,1.0,39.0,34.0,0.8717948717948718,0.13469255635359,0.2791153674824986,9.281646582279752,-0.022507259703016914,-0.12,0.14197492009174276,0.5988122032664035,4.911517334904534,-1.2475921512194352,-0.04832662482400374,-0.024223745147343934,-0.004420295557146181,0.47449986979755826,0.30760446855107254,0.31166947597342487
236.65000000000003,1.0,39.0,30.0,0.7692307692307693,0.12266341988797333,0.26533938583105193,10.64300164988415,-0.047064579967480015,-0.12,0.1296988164756247,0.6118192104117551,4.797858116787366,-1.3272625701599328,-0.03453334498336047,-0.01683791797950107,-0.0026824652718235864,0.5182990344942771,0.328149404167166,0.31749362111197055
236.82999999999998,1.0,28.0,26.0,0.9285714285714286,0.1054977403814157,0.22107322867191273,7.92848044199276,-0.109954375012735,-0.12,0.10506035243571618,0.5734389621655878,4.699029595421101,-1.4229748137195966,-0.06712183406421324,-0.019164041956233113,-0.0015245420481091454,0.574404345024012,0.3644884470570789,0.2845651285116796
237.05,1.0,33.0,32.0,0.9696969696969697,0.09972418413197187,0.1898809428960855,10.7189099356815,-0.2,-0.12,0.10286317274945844,0.4872785419292268,4.594224106133238,-1.5634565894995998,-0.10691374756950012,-0.0050276542099307875,-0.00046032694111475264,0.6374743246392301,0.40447958254092864,0.3483102261759772
238.07,1.0,31.0,31.0,1.0,0.019959909448960228,0.036434057561276684,3.105626956426487,-0.12192102450244026,0.12,0.013669547223511635,0.38281914674481066,4.263451913490229,-2.201768460090916,0.12203463020184535,0.07942618631955156,0.24083273746618383,0.9435739975513789,0.8875086151996663,0.5346517363000454
238.23000000000002,1.0,41.0,41.0,1.0,0.01350793296302206,0.03126466782163402,3.1315568161909697,-0.0993464648535473,0.11475604453337633,0.007683058515227149,0.34517413147208414,4.214278038812635,-2.364497762792375,0.035750404042263595,0.010013757083669361,0.10690632595007221,0.6990725542333451,0.7164185841758388,0.40640058917627025
238.43,1.0,50.0,48.0,0.96,0.08259526767864726,0.28877258555431595,10.734433136830365,0.11995114201537715,-0.05491597286747292,0.1129075591606601,0.36880164445286756,3.9921722194214633,-2.7190860200548137,0.12555861738153223,-0.17327779787809128,-0.10635294686517849,0.30516154043696075,0.3965882318601631,0.3646329245573188
238.63,1.0,59.0,43.0,0.7288135593220338,0.014240158234355316,0.03178384581434604,2.255650263903111,-0.061108514175094185,0.09199673087519018,0.008114330432513861,0.19645941308545145,4.132846033991276,-2.7310724617927273,-0.007771357369996096,0.07490678003859141,0.07709988716242622,0.7043611015269664,0.8247698244003505,0.3469918774937593
238.82999999999998,1.0,36.0,36.0,1.0,0.014869976206103898,0.03301557599588148,2.973046989626053,-0.04184445543584667,0.06679798950319245,0.008015346717299634,0.09716402510399919,4.098461182280489,-2.8680816950514694,0.01325076921340354,0.00031162475040869,0.026511626687206302,0.6187983021788901,0.8059238206494702,0.33948011645827264
239.03000000000003,1.0,35.0,35.0,1.0,0.012996304368751092,0.029524231070005933,3.5032498447147593,-0.035611910913127494,0.047658529815179616,0.007031801287610198,-0.007785296958090104,4.083846194017681,-2.9667686057015006,0.00856393397998004,0.0007911769737560803,-0.0016279071559566205,0.598183651349545,0.8151439321775638,0.33622136937204883
239.35000000000002,1.0,31.0,31.0,1.0,0.011849758754968166,0.026475135398620456,2.9391505793408417,-0.025853188247399687,0.044901685882330476,0.008395713763918218,-0.1829478413799327,4.067836183032877,-3.0479106116860923,0.006206749388482619,-0.0002646324025796787,-0.0038196953259159727,0.651645453694375,0.8682586082434604,0.3686773092651139
239.49,1.0,31.0,31.0,1.0,0.01511456862457676,0.02998420160648,2.5922599815498053,-0.026889043405270777,0.022329583979446524,0.010293248221578248,-0.2560698107465011,4.069952352740544,-3.0917992005608776,0.0026437968627920916,0.0046606052061157754,-0.024986214070501944,0.5470313607363391,0.7835561588378509,0.3252299518356101
239.63,1.0,34.0,34.0,1.0,0.011488336575007193,0.024803779637754413,3.259223789381597,-0.024721177435054666,0.0024038358998602232,0.00814527837226366,-0.3348979627560603,4.067111315554973,-3.1263287116221252,0.0016203177433009586,0.0018669382460414496,-0.036706909742060034,0.5323366590586488,0.7869057993219226,0.311673103407699
239.82999999999998,1.0,26.0,26.0,1.0,0.01227599062108318,0.029215742307613625,1.5020641084795798,-0.015056213490991663,-0.0033517777863796027,0.007015387049352751,-0.44473084106696226,4.062038767360412,3.1327536400224547,0.0012724923279716638,-0.006383447003473819,-0.030992589223472387,0.5228365296848125,0.7981862980781359,0.28014836509723146
240.09000000000003,1.0,40.0,40.0,1.0,0.012319680081404378,0.024782059138369887,1.8815555487878153,0.0031298799274232674,-0.019051875784670807,0.008513124950912342,-0.5759415292525093,4.052720938420294,3.0978579809329876,0.0005294614956324883,-0.017135089587090313,-0.03811697612493514,0.6300926787609972,0.8625743990880296,0.3598029803725544
240.23000000000002,1.0,26.0,26.0,1.0,0.012377214190109278,0.027656905064037448,1.5838807045359236,0.002070400203742028,-0.016827339447644283,0.007081363156861011,-0.6467961408675206,4.055985435501342,3.093820597397359,0.00017775469251246623,-0.0011097151242118741,-0.022470117412343615,0.4926453134682412,0.7533385127882626,0.27930669021314253
240.45,1.0,55.0,49.0,0.8909090909090909,0.16739321148321282,0.2677137308492302,9.145039080562979,0.2,-0.12,0.17318117285232557,-0.7629751624812371,3.866441421134229,2.9868645969597187,-0.006796184858116727,-0.19826264713288833,-0.11938315112441966,0.11147881142653566,0.3032309306151935,0.34578207113964193
240.63,1.0,49.0,38.0,0.7755102040816326,0.17299062818180114,0.26295169316120415,9.488340762302581,0.2,-0.12,0.1773878777287722,-0.8543626008637697,3.8710698242754407,2.985030253390253,-0.005659305683479832,-0.14462218915090608,-0.079299102270038,0.14173732485843396,0.36777546029397157,0.3319062853323771
240.79000000000002,1.0,40.0,20.0,0.5,0.17345930896810297,0.23246615253777542,8.177222995956777,0.1274436207384233,-0.12,0.17373963903136558,-0.9318738719367272,3.9497027415773416,2.98468133383533,-0.0011406937736756495,-0.02615692407919301,-0.053875236927248604,0.11291725707506005,0.28533498905406207,0.22566320602720938
240.99,1.0,38.0,16.0,0.42105263157894735,0.19842819014950064,0.2415027044682538,8.105230598823955,-0.2,-0.12,0.1975746323444119,-1.019835163362095,4.281592860589506,2.984115600500398,0.01073169698740295,0.299690449870599,-0.041845765536921764,0.08860673141870018,0.2322872362431963,0.20919531185917142
241.19,1.0,22.0,11.0,0.5,0.20079635277835184,0.2257527412971213,8.567864132013607,-0.13493491694583035,-0.12,0.20049392583391693,-1.1241743498064147,4.223085254689887,2.988251489353984,0.0014861211623014015,0.15508773652187102,-0.03178224527395246,0.07194859563756734,0.19287559732200465,0.16774527034022524
241.45,1.0,19.0,14.0,0.7368421052631579,0.20120441240303202,0.23187264599262175,6.940172458107713,-0.2,-0.12,0.19959486499845402,-1.260716306734993,4.286718378512383,3.0318623992728497,-0.007767823703588972,0.1773676346704045,-0.025817203988378612,0.10910194448534327,0.2786702674052808,0.23592590727029705
241.65000000000003,0.0,21.0,6.0,0.2857142857142857,0.1962049435981806,0.2009498350498113,5.855171955807087,nan,nan,nan,nan,nan,nan,-0.007767823703588972,0.1773676346704045,-0.025817203988378612,0.10910194448534327,0.2786702674052808,0.23592590727029705
242.19,1.0,12.0,11.0,0.9166666666666666,0.2000183864169051,0.21251935040346295,2.995125014308598,-0.2,-0.06137391880628074,0.19906696557961712,-1.6931855293359472,4.163379788753582,-2.7596840169922414,-0.08530305718692066,0.07207141522196725,0.04002094297932457,0.13706794768273445,0.34995462896822666,0.2844230526846237
242.39,0.0,30.0,6.0,0.2,0.34449986276683714,0.3485454913236187,3.646996734893279,nan,nan,nan,nan,nan,nan,-0.08530305718692066,0.07207141522196725,0.04002094297932457,0.13706794768273445,0.34995462896822666,0.2844230526846237
242.59000000000003,0.0,23.0,1.0,0.043478260869565216,0.3451847121411992,0.3451847121411992,2.4583521322614623,nan,nan,nan,nan,nan,nan,-0.08530305718692066,0.07207141522196725,0.04002094297932457,0.13706794768273445,0.34995462896822666,0.2844230526846237
242.79000000000002,1.0,38.0,31.0,0.8157894736842105,0.08172663366456755,0.12994561228552656,5.889823566759664,-0.2,-0.12,0.08887618376278623,-1.9618989107926812,3.87197408631226,-2.2863427869891266,-0.13394271554838366,-0.037885963861223004,-0.028969093735622398,0.7791496877026867,0.877499949585796,0.5590690726994719
242.99,1.0,32.0,26.0,0.8125,0.0662015002685688,0.10909002385697067,9.468432041476436,-0.2,-0.12,0.06958739951917099,-2.0128391610851395,3.74902960056519,-2.1159760303731043,-0.03716114305487772,-0.04407823911469411,-0.01104843590609983,0.6795267051294686,0.6456156126218268,0.37638785897557453
243.32999999999998,1.0,36.0,27.0,0.75,0.08906762224432627,0.22039664465851186,7.754633601085663,-0.2,0.055555555748652494,0.10800101740907954,-2.0638559064314834,3.547569984732913,-1.744705970474715,-0.009027443238798227,-0.06064497611260311,0.16891770089964742,0.5512828676843599,0.3846828294219741,0.38649787489435405
243.39,1.0,24.0,19.0,0.7916666666666666,0.03478226285175741,0.13071827136674982,8.264040219600885,-0.2,-0.016697950471422775,0.04558557770700244,-2.0666831193125135,3.5131579971231566,-1.7922426141447585,-0.013515027703379978,-0.0419124279107268,0.03122304714619273,0.6992543285195826,0.580164641015232,0.2316222313720336
243.55,1.0,19.0,14.0,0.7368421052631579,0.019023271827886164,0.03687232298334044,8.022560876165988,-0.1869840143983437,0.04043760085687437,0.0153737424577857,-2.0669404037355763,3.4194675352937987,-1.6742962094471032,0.007513526740071441,-0.032659460700464216,0.0812277275565283,0.6322864003328551,0.424418477596997,0.1864628498166096
243.75,1.0,19.0,19.0,1.0,0.018649709299602146,0.034204509105702094,2.5408255739561985,-0.2,0.06431939665349216,0.01122410316894401,-2.0835557681557235,3.300012115910233,-1.5639593567638552,-0.011315871228564145,-0.033763538880449584,0.08974906104051472,0.7509680530566274,0.5172391463568605,0.26033044423856505
244.39,0.0,17.0,3.0,0.17647058823529413,0.023746351056062556,0.02591520284905598,5.041303637976931,nan,nan,nan,nan,nan,nan,-0.011315871228564145,-0.033763538880449584,0.08974906104051472,0.7509680530566274,0.5172391463568605,0.26033044423856505
244.73000000000002,1.0,45.0,12.0,0.26666666666666666,0.01508083830450055,0.02716231261088218,5.130800771300825,0.08960224762593369,-0.12,0.00910635403260858,-1.626186785431636,2.9115563415064907,-1.0263788499506363,0.26666181676420253,0.02752165519612948,-0.11769588396597963,0.8631228275496723,0.6917816571831858,0.3173271152539926
244.75,1.0,79.0,24.0,0.3037974683544304,0.04925405271401303,0.15092481503061386,11.384795268377191,0.2,-0.12,0.05780704071168869,-1.532914268172684,2.9759489982451637,-1.0083375870293687,0.1211512104228325,0.06687911189435569,-0.08949080164454282,0.5805472831238515,0.52515354573046,0.3925190768021984
244.95,1.0,58.0,12.0,0.20689655172413793,0.06438498115502493,0.1154739372227936,12.825014000494253,0.2,-0.12,0.06559374049207223,-1.4787099182422438,2.9443149160128375,-0.8238743381783736,0.02780933211828529,0.06072045892074751,-0.057010966313443046,0.4079982427426633,0.3733701583804281,0.2055935206656442
245.15000000000003,1.0,89.0,37.0,0.4157303370786517,0.18608352759226393,0.34897677182849113,9.822782577345132,0.2,-0.12,0.21830436862906583,-1.4188127827306665,2.9241593007147646,-0.6396337212220126,-0.016807588212810254,0.06306713241746609,-0.04651132740855669,0.15911808273709743,0.1759829536494095,0.4171462805425279
245.35000000000002,1.0,72.0,41.0,0.5694444444444444,0.2295629335777917,0.3278445010372625,9.073375495181086,-0.2,-0.12,0.23044332111586618,-1.4918768834464076,2.5337286429667034,-0.4731391905307353,-0.1828142165232074,-0.29784562750301147,-0.027409000677912132,0.16853494834217012,0.2207393314566997,0.3689857727327982
245.55,1.0,50.0,28.0,0.56,0.2510523674033482,0.3405290006432257,9.830919020456472,-0.2,-0.12,0.25068114534699676,-1.3702847583241038,2.509866994525253,-0.35146628491928567,-0.10398174326886589,-0.2143966573870757,-0.015276407198350052,0.13835889549597968,0.21047919637478193,0.31960330813912907
245.75,1.0,52.0,30.0,0.5769230769230769,0.2707580863020503,0.3485631577078801,5.921736104648442,-0.2,-0.12,0.2699979317403582,-1.2554071719883686,2.496116017928501,-0.269466106512929,-0.05886094305590528,-0.1548234972014142,-0.009305489901144992,0.13546122201795988,0.22795193289829604,0.3332485165819774
245.95,1.0,27.0,22.0,0.8148148148148148,0.2612077833943974,0.31506804658003773,6.873086429757359,-0.2,-0.12,0.2602148046930314,-1.1473923642115338,2.484188920427488,-0.23022048223763514,-0.03303449035786166,-0.10572821552547884,-0.005506258885786709,0.11418257380331458,0.20768780034247872,0.26463277531429047
246.13,1.0,20.0,18.0,0.9,0.27454580988846805,0.3346219150169119,7.908274005215788,-0.2,-0.12,0.2720220408630157,-1.0580944212326853,2.479638207356235,-0.23827647307000077,-0.025451494792390505,-0.07156672458597191,-0.0036286523927806236,0.09150193015320073,0.17655653630139215,0.23169532353544015
246.35000000000002,1.0,28.0,28.0,1.0,0.26966797968610845,0.342158094448439,9.002508214604463,-0.2,-0.12,0.26864254777154023,-0.964107209863555,2.45511092834375,-0.30741787024694645,-0.03073785380080496,-0.04351115201822875,-0.0025441553187204313,0.1496464298872309,0.2784189999689095,0.3428948268676057
246.55,1.0,14.0,14.0,1.0,0.2615023844843734,0.3069867754691402,7.171600978371882,-0.2,-0.01997381988898613,0.25958456470921837,-0.8916751728858839,2.42439729060731,-0.31751971612487373,-0.04067555610348483,-0.013825342272175689,0.09859097133151984,0.08916665019589533,0.16665494844807607,0.19676411947486822
247.15000000000003,1.0,19.0,16.0,0.8421052631578947,0.08403957974729384,0.18876318397568764,16.004786686397374,-0.15680054313506922,-0.12,0.06965183209296665,-0.7081166432161048,2.3212540907832664,-0.880129108003416,-0.0680339795281033,0.08685198310855746,-0.02074557586469516,0.7098718875390356,0.8051405092900974,0.32119016504841574
247.35000000000002,1.0,25.0,25.0,1.0,0.11341110557467497,0.1582696045287457,12.132038101695292,-0.035485233279584395,-0.12,0.10840937988764966,-0.5774402894738693,2.330125203965071,-1.0625457430388874,0.06250285838016101,0.11993333150538232,-0.014086792739758101,0.4659329078076989,0.4347441131588699,0.3871108770408571
247.65000000000003,1.0,34.0,25.0,0.7352941176470589,0.06912309878325029,0.13925872416976534,10.279692562647218,-0.044847796854210996,-0.12,0.07098931598687018,-0.5438543331571315,2.1948902889229855,-1.3365159470178107,0.026607722499605524,0.07263042230816819,-0.010199176303473001,0.7355463953638177,0.6120390128350927,0.3676663335971922
247.73000000000002,1.0,32.0,32.0,1.0,0.060831392407801645,0.12014865971509464,8.717214635447274,-0.14477056051248063,-0.12,0.062011939208660355,-0.6342245688054828,2.131211451323659,-1.4010387971478373,-0.0902988544858302,0.0009896662409465407,-0.007208474855927349,0.6862185802581358,0.5553269763516554,0.34945390784941976
247.93,1.0,21.0,18.0,0.8571428571428571,0.038794083792346196,0.08539942174522229,6.743997312494385,-0.1741553277711691,-0.12,0.038375449253586234,-0.659135394136091,2.043523810631959,-1.5337271901192953,-0.04969087383617765,0.018184592680159373,-0.0033804183763266327,0.7197830592803454,0.4869834281094042,0.22518238450830044
248.13,1.0,29.0,23.0,0.7931034482758621,0.023262858834618143,0.04696839289452667,7.444074174203594,-0.2,-0.11135588055419882,0.020915987661023205,-0.6826591488684604,1.9611685317548024,-1.6237389253154655,-0.03039268515200777,0.025876893725013117,0.0069976265562115,0.7755150191178727,0.5476957640550715,0.28958963875218063
248.39,1.0,20.0,15.0,0.75,0.03121258354688641,0.05520307833901234,5.315459997557829,-0.2,-0.047206761962690025,0.03007912437147225,-0.6950360188031872,1.8524979025950468,-1.6698506610303148,0.008282226522220104,0.03136724182558681,0.06980502567995539,0.7213459298908985,0.46588246912869447,0.22508586710287715
248.53000000000003,1.0,18.0,14.0,0.7777777777777778,0.020636351255149902,0.03256401639646084,3.4983192053970584,-0.2,0.007626493281468364,0.015091949700952942,-0.7074191326849205,1.8001148415436958,-1.6895134227650381,0.010782576114181652,0.030254052619913985,0.10895067180949392,0.6338222901342639,0.41470422282604646,0.2070355187366017
248.79000000000002,1.0,20.0,14.0,0.7,0.024192017761245705,0.03845023590432738,3.9047981535914436,-0.2,0.062463278893766405,0.0175857642661289,-0.7398554190963406,1.7094729218548474,-1.7991687597707515,0.020894032052698908,0.04709833163843413,0.1412525753524574,0.7034310755164156,0.4871529606394513,0.23169428149720286
248.93,1.0,56.0,39.0,0.6964285714285714,0.03825180700092042,0.10504492197997777,6.971764021208909,-0.2,0.12,0.04186699286258812,-0.7660840346561969,1.6672045755732472,-1.8457076806185104,0.018209954693778063,0.04414170150895136,0.1661628930356014,0.7814783916928479,0.6470835547345927,0.39223762623559344
249.13,1.0,64.0,48.0,0.75,0.02712236498958721,0.10844881522776624,7.712984416144571,-0.2,0.12,0.03190760986555874,-0.8093477330646719,1.6169245042884357,-2.003025621939937,0.018671451968772845,0.04649211549966803,0.10126613655319883,0.7673225760696818,0.6366532460775209,0.3585920023701297
249.32999999999998,1.0,79.0,50.0,0.6329113924050633,0.04943048130567886,0.1337648959283462,5.9174916513171105,-0.2,0.12,0.05377748585825638,-0.860105935106994,1.5746753026510985,-2.1706640826522787,0.02399781308999782,0.04971339270148856,0.06535975060226075,0.7142815788768563,0.6247587379964938,0.34454036620452166
249.53000000000003,1.0,78.0,68.0,0.8717948717948718,0.08313495705462191,0.19885804569649654,7.8375101257033055,-0.2,0.12,0.08984366991551206,-0.9151564059801329,1.5418678908784602,-2.349512746230124,0.03320522140023885,0.05231554333076227,0.04331277548918555,0.4557952413220879,0.4311363405984457,0.3386311131893127
249.99,1.0,66.0,50.0,0.7575757575757576,0.0941613890528751,0.20587971754950982,10.326361350945703,0.07126271778170903,-0.12,0.10542033644580454,-0.982891387481577,1.244178515633402,-2.9341790205919014,0.16435815073648996,-0.17017124944434103,-0.21102944828247194,0.4895046935538476,0.5949950428820044,0.41933198938504557
250.13,1.0,54.0,33.0,0.6111111111111112,0.1464080984861984,0.1948634031030331,4.759672286582288,-0.11012835857647404,-0.12,0.1478029682376321,-1.1041540692983678,1.4062709747336795,-2.9963046335689967,0.011662949552467605,0.12132159541082244,-0.12613822534743058,0.2441003033003841,0.35548708714191324,0.34917321642544713
250.45,1.0,44.0,31.0,0.7045454545454546,0.13831161055233185,0.17015754637179986,2.6834150677987765,-0.2,0.015962908133462274,0.13884854256845627,-1.2711137345615982,1.4633430481735787,-2.932324098983632,0.008196283242675628,0.1598410465780047,0.054825487887349755,0.30379599403872903,0.5053821403632882,0.3740462479458532
250.59000000000003,1.0,21.0,17.0,0.8095238095238095,0.15826664203865953,0.18050161938186277,2.518348260782233,-0.2,-0.04633092521576587,0.1576079680733813,-1.3422386273122466,1.4531818452787846,-2.9896779367399278,0.012992717455746705,0.0794522079393516,-0.026178522754712663,0.13931986278090833,0.2540427638843569,0.2110582245485456
250.73000000000002,1.0,22.0,13.0,0.5909090909090909,0.18516116247140096,0.20460843396616968,3.0421087664263116,-0.2,-0.023366648739889605,0.18474256071978098,-1.415292864747173,1.4393578211675062,-2.938701673346748,0.008054086986583497,0.05615529524237295,0.0027545146290606226,0.08777185998660765,0.17478797790312048,0.17298121048008913
250.93,1.0,13.0,10.0,0.7692307692307693,0.14767285615944367,0.16173088435994012,4.163578664292286,-0.2,-0.12,0.14646039743812841,-1.5235346003634704,1.4018851056336283,-2.9580646168379556,-0.005717814007980104,0.04006584164999616,-0.09413508442908157,0.12388437522789535,0.2490117794918307,0.1564511148726637
251.29000000000002,0.0,15.0,5.0,0.3333333333333333,0.3001765715627837,0.30614085849109984,2.096198939764255,nan,nan,nan,nan,nan,nan,-0.005717814007980104,0.04006584164999616,-0.09413508442908157,0.12388437522789535,0.2490117794918307,0.1564511148726637
251.49,0.0,21.0,3.0,0.14285714285714285,0.3113720817522909,0.31453158884082877,0.9912400397451321,nan,nan,nan,nan,nan,nan,-0.005717814007980104,0.04006584164999616,-0.09413508442908157,0.12388437522789535,0.2490117794918307,0.1564511148726637
251.69,0.0,18.0,2.0,0.1111111111111111,0.3094444820453459,0.3141793959749565,2.958026923506556,nan,nan,nan,nan,nan,nan,-0.005717814007980104,0.04006584164999616,-0.09413508442908157,0.12388437522789535,0.2490117794918307,0.1564511148726637
251.89,0.0,14.0,3.0,0.21428571428571427,0.09077174882928714,0.09739774385652179,3.8016101836526466,nan,nan,nan,nan,nan,nan,-0.005717814007980104,0.04006584164999616,-0.09413508442908157,0.12388437522789535,0.2490117794918307,0.1564511148726637
252.15000000000003,0.0,15.0,6.0,0.4,0.07795278523839105,0.09878276245204932,8.2140224300301,nan,nan,nan,nan,nan,nan,-0.005717814007980104,0.04006584164999616,-0.09413508442908157,0.12388437522789535,0.2490117794918307,0.1564511148726637
252.49,1.0,14.0,14.0,1.0,0.020451653626894894,0.04596139591319809,8.545303588729627,-0.1976118663379115,0.0993426713334756,0.018662444755445703,-2.0307347051360813,0.5984930706939241,-1.5476899335977095,-0.11538533630121495,-0.1632048102571907,0.14019789125984805,0.8914496989140507,0.8940666553768882,0.43205918704927093
253.29000000000002,1.0,12.0,12.0,1.0,0.012840698395789552,0.025900685733045666,2.541254223858616,0.016060935525373982,-0.02150991780130884,0.005719287934779826,-1.6683690328687977,0.23978770058416243,-1.000544284705052,0.18365281538116074,-0.029804147032993944,-0.03730065453424547,0.841721903811639,0.6960208081256132,0.3770006970691777
253.49,1.0,32.0,32.0,1.0,0.023334067518867182,0.09620999454149289,0.8361009642954498,0.07573524075852239,-0.0806405511104142,0.00675238102433047,-1.5521495749329675,0.21922061597799308,-0.8740040417915276,0.07100090114931024,0.026625396388082506,-0.09024843411970862,0.8048411162296853,0.7735879254255645,0.5375894132695759
253.69,1.0,42.0,42.0,1.0,0.02231938878415488,0.09212916433581375,0.9245128744685007,0.058045279933818104,-0.08454443067622305,0.008646800273316652,-1.4869652216715783,0.16577145173955654,-0.6886446419296355,-0.006164734297786412,0.000616165956479231,-0.04786014869763456,0.6960335236666797,0.719184588192224,0.4127927399731748
253.89,1.0,34.0,34.0,1.0,0.024655570891871013,0.10946781175890842,0.9362945454819187,0.05242688939601907,-0.07634272973988927,0.008404375897729856,-1.4060808137864853,0.13175849571376708,-0.5016981446961498,-0.011042270535647436,0.006271743413446412,-0.019853074724568764,0.6504778537423906,0.7406045924158545,0.36680944899877393
254.15000000000003,1.0,30.0,30.0,1.0,0.02587857369060222,0.10467224182628333,1.7730194865386903,0.04882604159571046,-0.08258933659353486,0.009093178090375426,-1.2759134811701636,0.10009662429066211,-0.33018250524237924,-0.011820498759458342,0.011242944859157583,-0.018893118147445653,0.6411407474100805,0.792279601876516,0.35337128363053244
254.25,1.0,34.0,34.0,1.0,0.029861410764971588,0.09396077822634727,0.8634319076268125,0.03815539412249579,-0.016894356150247494,0.00997065950426801,-1.224012392777357,0.08782485378272499,-0.21898512492470498,-0.0090584034817216,-0.0026602036811420177,0.05324795931700091,0.5337869046764616,0.6972131660173436,0.31519270970517793
254.45,1.0,32.0,32.0,1.0,0.02354713385124113,0.10354757164474007,1.4454371297151776,0.035410693962598765,0.004511757761421459,0.009900350196949272,-1.1194736666905982,0.06879735234421744,-0.13927155219384355,-0.0056145893333303665,0.0027320083788267835,0.057922473850238715,0.5825180800133617,0.7887064037569822,0.32532732211867155
254.63,1.0,23.0,23.0,1.0,0.0381285142481387,0.1072634671186241,1.4685410985532439,0.017706226154888222,0.025600061423556527,0.008778800504063987,-1.0239041761326624,0.05108478848411796,-0.07695832858171704,-0.0057184904762281885,-0.01353947249049621,0.06012689700306616,0.49209320378037985,0.7329481555190477,0.2548179558366428
254.93,1.0,18.0,18.0,1.0,0.02887184043858366,0.10133111231137068,4.779836334589986,0.029002832900850227,0.014894015530257541,0.008420789423068502,-0.8568773392257749,0.05407690596636365,-0.05056114132192885,-0.0020738029256079926,0.010803709971379458,0.0343536294821572,0.5199555863468012,0.7735712631492131,0.25368451947451437
255.05,1.0,37.0,35.0,0.9459459459459459,0.02986937628984464,0.1000249112810364,0.6310069057418952,0.011956759291938351,0.054821102216335967,0.009995881924944364,-0.7934744948297079,0.03330237402021598,-0.0008806445638257429,-0.0024676598715749343,-0.014103967411826207,0.06529693674546139,0.5863828950484022,0.7691499038325962,0.3550737891247798
255.32999999999998,1.0,18.0,18.0,1.0,0.02137211769061615,0.06869663361219036,2.289959471139063,0.02257049381849184,0.03861373790896809,0.005209146526285165,-0.6404036980866695,0.046205878715767354,-0.002100377319509246,-0.00053462323981468,0.0050498055201348355,0.02619795015918801,0.49480533891771017,0.7667609604493099,0.24871264818955088
255.53000000000003,1.0,17.0,17.0,1.0,0.01575152435178059,0.02935247246815731,3.0593732552735786,0.017085436217554793,0.04261172179151734,0.006573480099697495,-0.5303374091234047,0.038889804975962505,0.0073939717162103125,-0.0006326440987751702,-0.006594033822898873,0.02356344837079957,0.4748639170820905,0.7244605231715844,0.24426393758406173
255.73000000000002,1.0,18.0,17.0,0.9444444444444444,0.013716399137499242,0.034032960638788384,1.7656380660658073,0.01674471032870564,0.056074073764966495,0.005243837843379801,-0.42071299969097875,0.038265213066684144,0.02319128570956971,-0.0003123147116599334,-0.005038296684683072,0.031424077895894624,0.47691223722756476,0.7260142587451643,0.24952768917459225
255.93,1.0,30.0,30.0,1.0,0.01441047490871059,0.03228947652918341,2.7604479459343643,0.0061552200075514,0.07625731822083698,0.007610016193940713,-0.31319825947998026,0.026296745872039076,0.04424703739807006,-0.00047442101574013407,-0.015704326371835962,0.04388711103097764,0.6172218409911275,0.8251264780237116,0.37333596379303835
256.05,1.0,34.0,34.0,1.0,0.017854665629271262,0.031231056894467788,2.357369677393881,0.02583786000093808,0.06361695434337977,0.008104384633146212,-0.2459435700418336,0.04406560121047112,0.03182678657804662,0.0004573309692960936,0.013372553350080571,0.015218400486869146,0.5349032338377009,0.7472748051470133,0.3325427187230253
256.33,1.0,37.0,37.0,1.0,0.015145045251935193,0.031058132379009968,1.719773136225529,0.04437986147444705,0.05035858715938841,0.0074384651218834495,-0.09415616284270208,0.06225321687498904,0.01849450622912891,0.0010502194768012008,0.013700859537021506,-0.0033541035893877827,0.626182915209689,0.857816896799414,0.3614659716233937
256.55,1.0,38.0,38.0,1.0,0.013029247323998969,0.03057686765964598,1.1066081418220648,0.06324791616652116,0.03752587766706903,0.0058088453115166,0.027050771994628305,0.08026711201553555,0.004958864059094501,0.0012288424948737192,0.014472022712873733,-0.015244009055032228,0.6046304827498047,0.8288947664003605,0.35270547794828006
256.65000000000003,1.0,43.0,43.0,1.0,0.016146365027269228,0.033631746984444204,1.1979089354454302,0.05912884759651554,0.04048096735425261,0.0066948040661945415,0.079109952026685,0.07672715785959945,0.007712080676540119,0.0005092081359020784,-0.004021704266349041,-0.007198768989327473,0.5039448638376957,0.7307698310126728,0.3037900414640077
256.93,1.0,42.0,42.0,1.0,0.013556280400874709,0.02788355943242709,0.8859461610410487,0.06965238689638496,0.03254091709135205,0.005014437739027031,0.23343987615024683,0.08744851450412372,-0.0008365373033970974,0.0007895640477819654,0.0024796428875826504,-0.0128909741621288,0.6227019344240489,0.8602808401627846,0.3496610922412812
257.05,1.0,45.0,45.0,1.0,0.012921603783080703,0.03321171561836264,0.8180470428616535,0.06795093093522397,0.03378822294198195,0.004983255548312113,0.29885846210795725,0.08641954814449901,-1.569248526386846e-05,0.00035074024519982094,-0.0039541900365845095,-0.007180344469935615,0.5270079990852834,0.750877213554302,0.31032768009915834
257.29,1.0,43.0,43.0,1.0,0.013968336262325558,0.02650300177343812,0.8099480301331944,0.06753431908497752,0.03588568385327773,0.004945907193283581,0.43010808420459823,0.08484165435916832,0.0016155891484375129,0.00022474590300036734,-0.006438232313556336,-0.00278924678807018,0.6009233578241898,0.843891982064859,0.3381364379156501
257.43,1.0,45.0,45.0,1.0,0.015311269939628315,0.039305267813353334,0.8321338040661828,0.07203089961383059,0.03133589886719686,0.004934982110452107,0.5072162526453307,0.08905976774596149,-0.002731759614817239,0.00026413798496427443,0.0006112821419872044,-0.006280317344650334,0.5396913500499292,0.7830745906254205,0.3128055396651686
257.63,1.0,44.0,43.0,0.9772727272727273,0.015047488757134686,0.03086515340132753,0.8221159933183857,0.07298113721345308,0.03152804964055311,0.004872319309043471,0.6157290785784076,0.08925470768351336,-0.002896144302689689,0.0002196732811465818,-0.002752297844333576,-0.004133126934067453,0.5752729499990453,0.8231285349885983,0.32434717900157845
257.83,1.0,41.0,33.0,0.8048780487804879,0.015248807600030449,0.04017950602949438,0.9908626481020457,0.0694339804756294,0.03488853328854487,0.0048998800136985125,0.7262340408847586,0.08538614959894077,0.0003979482043114518,2.6522707086806818e-05,-0.007799741667806823,0.0006149231990709996,0.5829059147143907,0.8257894256253081,0.32952850874658735
258.03000000000003,1.0,41.0,32.0,0.7804878048780488,0.013507819903785436,0.03069349597823767,1.0585563080285239,0.0726932310035682,0.03214044790318979,0.004979000157833083,0.8358803856462809,0.0877644416611486,-0.002382876015636727,0.00016033710148244396,-0.0018662183999713783,-0.002199864786211391,0.5842288526471865,0.8268821509759483,0.3318435904393375
258.25,1.0,52.0,40.0,0.7692307692307693,0.21132073256484837,0.2678254032137623,5.5762367262959325,-0.2,0.12,0.21235573664934532,0.9463080690086964,-0.18348489841702909,0.08549434221501595,-0.009232635882224116,-0.2768636867739788,0.08642240058056458,0.07582873084393717,0.2186564551637761,0.3406783438092216
258.43,1.0,60.0,47.0,0.7833333333333333,0.22215114368661992,0.34834974954141507,5.800589388295185,-0.15674576986900482,0.12,0.22763254912876674,1.039860327902749,-0.1418152601357673,0.08569250814788665,-0.006764135256405179,-0.1812143380640701,0.05829443499818655,0.09246592058299115,0.27109816463838005,0.3296713045162663
258.63,1.0,70.0,55.0,0.7857142857142857,0.2277103804930159,0.3491715433987059,8.806998965672165,-0.1593904050365767,0.12,0.2333601157045375,1.1371975608013931,-0.1448024217260631,0.08543014392870718,-0.006347291254024556,-0.14439356429685998,0.03991739675998565,0.11187987074154541,0.3059297485131977,0.3322700001114104
258.83,1.0,59.0,40.0,0.6779661016949152,0.23951443475896644,0.3352103602080434,6.561877927016093,-0.19501236310876638,0.12,0.23863967380724666,1.2378895201810685,-0.17900715115956778,0.08404165686387524,-0.007278298451329768,-0.14659871241768657,0.027308000008884118,0.12542209131018436,0.3168993936181981,0.3334220115626578
259.03000000000003,1.0,62.0,52.0,0.8387096774193549,0.22754324124668693,0.3469514424179974,7.231378698999588,-0.11528926651801744,0.12,0.2335971921461826,1.339716614269953,-0.09801586496147072,0.08325297472961057,-0.004000607356234198,-0.031426942834439364,0.01884987700529443,0.14430827433949517,0.3359475035534118,0.3339320471866771
259.23,1.0,62.0,54.0,0.8709677419354839,0.23676705307434642,0.34995505278943245,7.416748963577793,-0.11013586228932666,0.12,0.23809270890492334,1.443378048387521,-0.0935445334004571,0.08284983836257787,-0.0029839732356318205,-0.027452024500669886,0.012693452624531087,0.14936891861115176,0.329246653786273,0.334158055365656
259.43,1.0,49.0,37.0,0.7551020408163265,0.2329707766877921,0.3248699713304895,6.599881877677804,-0.10690333976650157,0.12,0.2322982373613458,1.4431329638361843,-0.08892713295469365,0.08730551985946625,-0.002030491724826833,-0.015546658444139508,0.008571125458973481,0.16353047473377436,0.3415597719922645,0.3344388530749172
259.63,1.0,50.0,41.0,0.82,0.22656393740546077,0.3071007662173901,6.495591463530257,-0.11046736314352641,0.12,0.22479439451466698,1.4415525798563673,-0.09397460756928189,0.09685598182826227,-0.0011078077188382274,-0.013688372343773403,0.0057330130689781655,0.17718554442498263,0.32873097518502403,0.3345949218594445
259.95,1.0,49.0,35.0,0.7142857142857143,0.22702638297825045,0.3122898181106422,6.88297179203335,-0.13550231334600718,0.12,0.2263274333721544,1.4393964528641883,-0.11803318628685469,0.09527602492893628,-0.0017494859454056932,-0.0340913910262388,0.0038260957218389517,0.19292519803445002,0.319938593975025,0.37658439300123564
260.05,1.0,50.0,35.0,0.7,0.22766447166592588,0.31458946327408654,6.426636730842843,-0.12112533859693564,0.12,0.22672418084977564,1.4416742289858768,-0.10486995460159099,0.09694697095507754,-0.001328473811094577,-0.009051875512575941,0.002394975778664196,0.17491060823297563,0.2642114769501453,0.31544082429510756
260.23,1.0,53.0,38.0,0.7169811320754716,0.22517184758443742,0.3144362037439443,6.157976560961702,-0.09417878124115528,0.12,0.22429304330360955,1.4421163652750266,-0.07875550479815852,0.09730277489193007,-0.0006065821752856415,0.020284621438194914,0.0016413553698757938,0.17729893202230743,0.2560689313394508,0.318345818492283
260.39,1.0,51.0,36.0,0.7058823529411765,0.22523281483787116,0.31864111528800704,6.888488981828766,-0.09744685603300919,0.12,0.22424914945871222,1.4423409503543716,-0.08022784715532646,0.0957863120131982,-0.00036765920758030646,0.011780966674229842,0.0011166299048934597,0.1736589187946567,0.2413780301483784,0.31180785155021584
260.59000000000003,1.0,52.0,37.0,0.7115384615384616,0.22636896728179481,0.31916216348024984,6.530850754316781,-0.09573239017665522,0.12,0.22518694355193442,1.441670157439488,-0.07987000641408534,0.09612938954020078,-0.00032446164689159396,0.010726797929256557,0.000767692845972362,0.17537815401486834,0.23975501356560275,0.3244288098958951
260.83,1.0,50.0,41.0,0.82,0.22715156482670804,0.31077510224147725,7.063922511797547,-0.09096334265929762,0.12,0.22554606012191475,1.443540275549706,-0.0757804942487153,0.09597270137094316,-0.00017302537836205722,0.01270521180356815,0.0005186021961708366,0.18259100675576984,0.24825862228892104,0.344921241287341
260.99,1.0,49.0,37.0,0.7551020408163265,0.22812172555491878,0.31891709259724116,6.749401713880005,-0.09897744167076059,0.12,0.2267274676394277,1.4414158092571105,-0.0844496882059411,0.09593989741241804,-0.0003514532702453277,0.0017636139167710313,0.0003390589933761484,0.17543531137195198,0.23352061373299485,0.32416817181247637
261.19,1.0,51.0,39.0,0.7647058823529411,0.22816352687018324,0.31537914112624293,5.645740225792218,-0.09920798636068305,0.12,0.22644661461794396,1.442299603628216,-0.08298084808126022,0.0962247358929379,-4.8210588572628055e-05,0.0010280321270788734,0.0002292016791821394,0.1775557129048008,0.23578824086908026,0.33002329337586084
261.39,1.0,49.0,38.0,0.7755102040816326,0.2270462664303229,0.30995664626593367,6.070386604858445,-0.1033882508602032,0.12,0.22583775369622477,1.4434968995834432,-0.08823039783724679,0.09625054675659406,-0.0002492842466823575,-0.003556177795343604,0.00015355248603392269,0.17971488908950295,0.2384124605812791,0.33264117589126824
261.59000000000003,1.0,49.0,37.0,0.7551020408163265,0.22760120121649927,0.3181300379125023,6.6488557772656,-0.10065955309119157,0.12,0.22608742343679608,1.4408526582496586,-0.08479393759621175,0.09686894213107322,-3.2508309773193744e-05,0.00035322231675634364,0.00010271347804732822,0.18019886395526674,0.23892877657902617,0.3338050889090141
261.79,1.0,51.0,38.0,0.7450980392156863,0.22855283873341947,0.31724029134680914,6.317769214127257,-0.09968484637533255,0.12,0.22631222225946976,1.4433325802153087,-0.08334782872114413,0.09725920964019463,0.00011070641612720422,0.0009562600026675749,6.844105248171584e-05,0.1804990421380546,0.2393022166474929,0.3343212192656168
262.33,1.0,49.0,36.0,0.7346938775510204,0.2291282984732858,0.31810684751719837,6.309495567188442,-0.1047691644375763,0.12,0.22727784878858462,1.4427506897193323,-0.0899536705264983,0.09741954856356061,-0.00018826569014973593,-0.0043084893069555985,4.5495708016207725e-05,0.2229804019856031,0.3063513065037823,0.44104661742395723
262.45,1.0,52.0,39.0,0.75,0.22332851756449648,0.3075153615285204,6.426973210348391,-0.09271325357732044,0.12,0.2216428714524992,1.441743090540184,-0.07783049355183747,0.09763276271582677,0.00010953380418854408,0.009218313546121473,2.5588698701936585e-05,0.20609061990591437,0.26897683726358185,0.35153329130789057
262.59000000000003,1.0,49.0,37.0,0.7551020408163265,0.22625185823356533,0.3049704315737642,6.602331576853375,-0.12160132564771384,0.12,0.2249201543590584,1.4408954524134008,-0.10808841025717308,0.0974362738970539,-0.0006922152241197743,-0.022129465631902795,1.687838510658346e-05,0.18593555401298203,0.23953776667867574,0.31946306445316863
262.93,1.0,51.0,38.0,0.7450980392156863,0.2275792783822743,0.3178007263576035,6.640821093785518,-0.0969932907090377,0.12,0.22576681385260525,1.4426310347248532,-0.0814691553947775,0.09883052430793163,0.0002595031716978724,0.007655958870575907,1.119743981917165e-05,0.20195065724581007,0.26853865098889673,0.3772492290460552
262.95,1.0,51.0,39.0,0.7647058823529411,0.2251204759493814,0.3142637743919145,6.3611581685331,-0.10454821352008845,0.12,0.22409810274967595,1.442400137796537,-0.0890739641236083,0.09883055243855518,9.09721128923291e-05,-0.001943356802928245,6.8573120488441e-06,0.17283606711388108,0.21781448105492507,0.2826868795350592
263.15000000000003,1.0,51.0,39.0,0.7647058823529411,0.225390984246319,0.31466407888488834,6.36503398193619,-0.10437163790708945,0.12,0.22437293933120825,1.442743678631793,-0.08920106389974894,0.09894525602542523,4.833948467219962e-05,-0.0013848029710302606,4.934668891551364e-06,0.17574146518929978,0.2270268189367994,0.31087138119596586
263.35,1.0,48.0,36.0,0.75,0.22650914481423762,0.3152110250600073,6.009545907047513,-0.11408547036597909,0.12,0.22488914760462975,1.4409496451301596,-0.0983053302607856,0.09944741477941654,-5.344449204480739e-05,-0.010581527455918227,3.4348820909385624e-06,0.1773209036692066,0.23192430191891783,0.3240011219849205
263.55,1.0,51.0,38.0,0.7450980392156863,0.2262582081610925,0.3161106996725414,6.566108225686683,-0.09652573165330197,0.12,0.22419769466833234,1.4419196852261587,-0.08090707556236112,0.09948024507520958,0.0002477803148595026,0.009354581728714076,1.8404844797093032e-06,0.17983560202422674,0.23645132582556647,0.32994831164514
263.83,1.0,52.0,39.0,0.75,0.22529574787938791,0.3145769992980577,5.362191740846954,-0.11132014135394432,0.12,0.22383625008369784,1.441779428937007,-0.0952142537241619,0.09993373825614102,6.215398031317321e-05,-0.007658251663697893,1.2767039084676801e-06,0.1922741145190154,0.25726600667180266,0.36132345242579084
263.95,1.0,49.0,37.0,0.7551020408163265,0.22405272331903373,0.30378670459787094,6.7361641809092205,-0.10806304336739735,0.12,0.22308669607065737,1.4397899115890507,-0.09276436173510236,0.09977278491431671,-6.317616399043047e-05,-0.0021927373671330047,7.635765380958892e-07,0.1792528741111736,0.23304019963662814,0.31618133317960984
264.15000000000003,1.0,51.0,39.0,0.7647058823529411,0.22463528512577918,0.31385225846079084,6.414673868185034,-0.1041609356444211,0.12,0.22357206057047305,1.4425188863389826,-0.0886898565640214,0.09989735298324998,6.788378186350918e-05,0.001904522085229135,3.7648441890414386e-07,0.1802627203312247,0.23631398236320647,0.3264189538407731
264.35,1.0,52.0,40.0,0.7692307692307693,0.2228197198598652,0.31081329534566,5.979134971815906,-0.1013906253948769,0.12,0.22172127854057014,1.4409599866504164,-0.0850341663510708,0.10028357944939692,0.00025552134242601277,0.004428160935197656,1.6037046865480242e-07,0.18370907911328924,0.24121080976516862,0.33103207381930594
264.55,1.0,50.0,37.0,0.74,0.226306685770519,0.3165775551505753,6.581028617165056,-0.10181944982564295,0.12,0.224561416329659,1.4414763634342946,-0.08511752645529568,0.10006674168780483,0.0002490641222208101,0.0028702347612407225,2.8784368143186523e-07,0.18020026144585102,0.2370772978544959,0.3330901870707083
264.75,1.0,49.0,36.0,0.7346938775510204,0.22875258291734704,0.3122470369539787,5.790421951021931,-0.12648138166046882,0.12,0.22713502398563098,1.4421222359001784,-0.11053384439322922,0.09996326286958179,-0.00036655374962513143,-0.022608759362190173,2.5574243704695743e-07,0.17756666330057141,0.23399464990178725,0.33400430832701217
265.03000000000003,1.0,50.0,38.0,0.76,0.22461686890155702,0.3123825362989209,6.004267142812576,-0.10505686708468628,0.12,0.22362073411147215,1.4404537279651795,-0.08946009219034418,0.09980311892002669,-7.492195629832388e-05,0.004346641333627541,9.419924837383853e-07,0.1941482976338633,0.25932021825933516,0.3629736426246612
265.15000000000003,1.0,48.0,36.0,0.75,0.2252457561959569,0.3135594683914752,5.9667891814185765,-0.11686730308641365,0.12,0.22384616646693029,1.440326552993546,-0.09919823038354136,0.10056739234895615,6.72773631560375e-05,-0.00857856312366817,6.986101017542046e-07,0.17926531390659592,0.23261773664901664,0.31695211320647715
265.35,1.0,51.0,39.0,0.7647058823529411,0.22148347372648716,0.3102326045546716,6.521636911045553,-0.10352991607782759,0.12,0.2205474509418622,1.4394817661984818,-0.08734940379772034,0.10019749563179559,4.406946866364336e-05,0.006869827194312561,2.4386164232392815e-07,0.18513881856056952,0.24165016353675176,0.3267684674693261
265.53000000000003,1.0,50.0,37.0,0.74,0.22798669845359792,0.31284672279174014,6.2445533311134565,-0.12312879334167866,0.12,0.22639046466993198,1.443389540236353,-0.10686165777305853,0.10020087368865871,-0.0002715360125609134,-0.014898676308008743,5.82837448942497e-07,0.17503375131151136,0.22994373874041052,0.32356890987426545
265.75,1.0,49.0,36.0,0.7346938775510204,0.22602290634343353,0.3144615788371649,5.9434733429036335,-0.11678243150486241,0.12,0.22463301763755125,1.441042474261786,-0.0997381909280913,0.1004491470607122,-7.71937495616104e-05,-0.0048247057673447,2.0244011091213876e-06,0.18198423764283186,0.2393696394501389,0.3372357173142577
266.03000000000003,1.0,49.0,37.0,0.7551020408163265,0.22639491840365333,0.3180832572715233,6.571566825710063,-0.10250118208758802,0.12,0.22474092371456605,1.4428936961557952,-0.08450930991469507,0.10059289416572204,0.0003276361407891226,0.010428375873651391,1.4070178124547807e-06,0.1931020491573265,0.25783980302135684,0.3642822234089514
266.15000000000003,1.0,47.0,36.0,0.7659574468085106,0.22682854944103786,0.30613058899504647,7.034175100062707,-0.12027291157626796,0.12,0.22569812896692118,1.4425907490081942,-0.10131733168981369,0.10069856616068351,0.000116119087503197,-0.010023535275134984,2.825544082041276e-07,0.17744882554851357,0.23027154935071356,0.31756208594517993
266.43,1.0,49.0,38.0,0.7755102040816326,0.22548114948894601,0.3050537389447814,6.994719536128955,-0.1198513634658691,0.12,0.22430932023296687,1.4415097236190018,-0.10106002463547932,0.10060010511185734,1.0496655442393532e-05,-0.007165287039169715,6.088533214682057e-07,0.19161985764493542,0.25420109294613374,0.3562307208498335
266.55,1.0,48.0,36.0,0.75,0.22864097300308148,0.3196519772117805,6.300465913587434,-0.10439242385438194,0.12,0.22688864748054205,1.443103008176026,-0.08556467851953484,0.10053697808867657,0.00027010344387456975,0.009957019883380977,1.6088444904083235e-07,0.1744397291335641,0.22570003437020755,0.31379165001603526
266.73,1.0,48.0,36.0,0.75,0.22407058252552636,0.3048033661588311,6.2237835605823335,-0.13385488014837446,0.12,0.22317224180350345,1.4412066380884816,-0.11630509310960502,0.10052357905008011,-0.0004633240408338235,-0.021596778160022465,-7.460805698245032e-08,0.1786296971503814,0.2328426056942849,0.3175787528244181
267.09000000000003,1.0,50.0,38.0,0.76,0.22356754081258673,0.312386449390727,6.2629634997936225,-0.10873135037098572,0.12,0.22204756015168745,1.4391474685597867,-0.09090962559455774,0.10050068720168545,1.6998084806374436e-06,0.00885489925154015,-6.089513106821709e-07,0.2037694631831098,0.2723673048232265,0.38299652651698046
267.13,1.0,48.0,36.0,0.75,0.22355497747629002,0.3114327449341337,6.2441006744086485,-0.11468065836868016,0.12,0.2226206329800286,1.438600562923354,-0.09685760166818294,0.10050089255146269,-5.579227917640317e-05,0.0005465369668433279,4.811794478282173e-07,0.17435382528632212,0.22330428006879896,0.29412461884963526
267.35,1.0,51.0,38.0,0.7450980392156863,0.2246225294754717,0.31233667682048366,6.520666054913217,-0.10233210016354079,0.12,0.22348992920805955,1.442950531739665,-0.08411202832674339,0.10083046328854406,0.00030834621681696817,0.012284767100316632,3.769075166831781e-07,0.1792837502401767,0.2332724488732379,0.32404465851254716
267.57,1.0,47.0,34.0,0.723404255319149,0.22864081516788487,0.31748127198587917,5.271399878403404,-0.11150426107441216,0.12,0.22665026304169847,1.442873704585851,-0.09464201696241999,0.10071513663790899,-2.998817102395357e-05,0.0002273694617858646,-5.990431391073026e-07,0.17940912352228314,0.23727841024450477,0.33744459470754345
267.75,1.0,49.0,37.0,0.7551020408163265,0.22385754039183312,0.3028287858193643,6.795958891213934,-0.12204107508137063,0.12,0.22222517123505192,1.4401548651162837,-0.10508317215989552,0.10107689839552936,-0.00018940279617529754,-0.010055335929044118,-4.0944463862435665e-07,0.18316711569845623,0.23910892745589082,0.32841891597992096
267.93,1.0,49.0,37.0,0.7551020408163265,0.22428917450615848,0.31472213010088784,6.692518508045642,-0.10294780396343475,0.12,0.2222599158633917,1.4402591036210208,-0.08375590376611593,0.10099048348771678,0.00040628916333318443,0.011483719947702156,-8.104654325435945e-07,0.18096218829729968,0.2370786888141592,0.3243233072774899
268.33,1.0,49.0,37.0,0.7551020408163265,0.2259127224555026,0.3167184099571663,6.696396103298018,-0.10227437772247137,0.12,0.22392896304728171,1.4420332420168462,-0.08476750388778281,0.10115741960478294,0.00023938973969372945,0.009215561911665213,-3.164609672923202e-08,0.20690154432764238,0.27884937585950026,0.39801298408522556
268.37,1.0,49.0,37.0,0.7551020408163265,0.22254596777678826,0.3085286614474057,6.27012759972297,-0.10132992133345113,0.12,0.221322184093171,1.439283102823539,-0.08421264101927076,0.10111650038703054,0.0002049016240492918,0.007919997858772593,-2.9554955695287877e-07,0.18041657143256723,0.23171816909878895,0.301528230423072
268.53000000000003,1.0,51.0,38.0,0.7450980392156863,0.22479382992466523,0.3080793321781683,6.417343081917409,-0.11814178114381697,0.12,0.2228805236608469,1.4409065558509389,-0.10099216709910457,0.10143986323655108,-5.2425666927424786e-05,-0.010951270977480637,3.642908824041946e-07,0.17420635483083988,0.2240726447922932,0.30374968992436036
268.93,1.0,49.0,37.0,0.7551020408163265,0.22430211799287608,0.3147366918159521,6.721093130656763,-0.1004447394080864,0.12,0.2222174188586098,1.4404420331023824,-0.0838096364778684,0.10142795798191606,0.00016105040707881102,0.009287462819395173,4.535835609886796e-07,0.205807539115793,0.27583209361188327,0.3904638490439435
