time_sec,success,candidate_count,match_count,keep_ratio,mean_match_distance_m,max_match_distance_m,mean_tangent_angle_deg,lateral_m,yaw_correction_rad,rms_error_m,measured_x,measured_y,measured_yaw,innovation_x,innovation_y,innovation_yaw,gain_x,gain_y,gain_yaw
0.04999999999999716,0.0,14.0,14.0,1.0,0.015473668604116256,0.031684341766198915,0.10694824482409476,nan,nan,nan,nan,nan,nan,nan,nan,nan,nan,nan,nan
0.22999999999999687,0.0,14.0,14.0,1.0,0.015497222239815587,0.03151946921467078,0.10698548526680626,nan,nan,nan,nan,nan,nan,nan,nan,nan,nan,nan,nan
0.4299999999999997,0.0,15.0,15.0,1.0,0.014070052234184524,0.03438750789795235,1.1560961659148232,nan,nan,nan,nan,nan,nan,nan,nan,nan,nan,nan,nan
0.8299999999999983,0.0,15.0,15.0,1.0,0.01540825376518115,0.03112373695759847,0.12236985144002423,nan,nan,nan,nan,nan,nan,nan,nan,nan,nan,nan,nan
1.2299999999999969,0.0,15.0,15.0,1.0,0.015432443966029592,0.03148660297985493,0.09991703493319816,nan,nan,nan,nan,nan,nan,nan,nan,nan,nan,nan,nan
1.4299999999999997,0.0,15.0,15.0,1.0,0.015567613098034816,0.03351417922385182,0.09946883442672999,nan,nan,nan,nan,nan,nan,nan,nan,nan,nan,nan,nan
1.8500000000000014,0.0,15.0,15.0,1.0,0.015268705404962332,0.02985921453250348,0.1591735141872445,nan,nan,nan,nan,nan,nan,nan,nan,nan,nan,nan,nan
2.030000000000001,0.0,15.0,15.0,1.0,0.015406437114619202,0.0310964752998834,0.1000040195002136,nan,nan,nan,nan,nan,nan,nan,nan,nan,nan,nan,nan
2.4299999999999997,0.0,15.0,15.0,1.0,0.015394778836607751,0.030921583400395164,0.10004206154968813,nan,nan,nan,nan,nan,nan,nan,nan,nan,nan,nan,nan
3.270000000000003,0.0,14.0,14.0,1.0,0.015424110271895853,0.03203124581840147,0.10687833230283904,nan,nan,nan,nan,nan,nan,nan,nan,nan,nan,nan,nan
4.589999999999996,0.0,15.0,15.0,1.0,0.015387927749012426,0.030818801980370996,0.1000705263884551,nan,nan,nan,nan,nan,nan,nan,nan,nan,nan,nan,nan
5.189999999999998,0.0,15.0,15.0,1.0,0.015605718163052774,0.034085743802979324,0.12229441100332901,nan,nan,nan,nan,nan,nan,nan,nan,nan,nan,nan,nan
5.950000000000003,0.0,13.0,13.0,1.0,0.016912067882039212,0.03327685401781111,0.2964974304263385,nan,nan,nan,nan,nan,nan,nan,nan,nan,nan,nan,nan
6.390000000000001,0.0,13.0,13.0,1.0,0.014974868546455945,0.025326858381080983,0.11172198568977637,nan,nan,nan,nan,nan,nan,nan,nan,nan,nan,nan,nan
6.549999999999997,0.0,14.0,14.0,1.0,0.01617110334971639,0.03180321639800095,0.25482703250586214,nan,nan,nan,nan,nan,nan,nan,nan,nan,nan,nan,nan
6.75,0.0,17.0,17.0,1.0,0.013666873404248615,0.03136027568784103,1.037227681584639,nan,nan,nan,nan,nan,nan,nan,nan,nan,nan,nan,nan
6.950000000000003,0.0,20.0,20.0,1.0,0.012042169060652103,0.026768814464720393,1.0185148066893477,nan,nan,nan,nan,nan,nan,nan,nan,nan,nan,nan,nan
7.149999999999999,0.0,20.0,20.0,1.0,0.01518118000897333,0.025810076512901545,1.4572192217080324,nan,nan,nan,nan,nan,nan,nan,nan,nan,nan,nan,nan
7.350000000000001,0.0,21.0,21.0,1.0,0.01552736555155683,0.030682578500298027,0.9372198145389287,nan,nan,nan,nan,nan,nan,nan,nan,nan,nan,nan,nan
7.549999999999997,0.0,20.0,20.0,1.0,0.01399490934806479,0.036256124436438636,0.8714181326645568,nan,nan,nan,nan,nan,nan,nan,nan,nan,nan,nan,nan
7.829999999999998,0.0,19.0,19.0,1.0,0.012896062700995442,0.03625449275189269,0.9784859653482023,nan,nan,nan,nan,nan,nan,nan,nan,nan,nan,nan,nan
7.950000000000003,0.0,18.0,18.0,1.0,0.014616912159216872,0.03211470750921541,0.4009051197553521,nan,nan,nan,nan,nan,nan,nan,nan,nan,nan,nan,nan
8.149999999999999,0.0,14.0,14.0,1.0,0.012870614005295987,0.03301355150263919,1.463383058045038,nan,nan,nan,nan,nan,nan,nan,nan,nan,nan,nan,nan
8.350000000000001,0.0,18.0,18.0,1.0,0.011186236196069203,0.03255132093157718,0.4727960380740349,nan,nan,nan,nan,nan,nan,nan,nan,nan,nan,nan,nan
8.549999999999997,0.0,17.0,17.0,1.0,0.012179555997356414,0.02794169448460944,0.26114863437313207,nan,nan,nan,nan,nan,nan,nan,nan,nan,nan,nan,nan
8.829999999999998,0.0,15.0,15.0,1.0,0.01355526166617324,0.027776205764890434,0.2833036922734297,nan,nan,nan,nan,nan,nan,nan,nan,nan,nan,nan,nan
8.93,0.0,18.0,18.0,1.0,0.015195111628640798,0.026984312816645623,0.6086457971992522,nan,nan,nan,nan,nan,nan,nan,nan,nan,nan,nan,nan
9.43,0.0,18.0,18.0,1.0,0.01057202707835946,0.025148121898672136,0.25901005410735856,nan,nan,nan,nan,nan,nan,nan,nan,nan,nan,nan,nan
9.530000000000001,0.0,16.0,16.0,1.0,0.011250144813884304,0.02977570351371772,0.15553367195265738,nan,nan,nan,nan,nan,nan,nan,nan,nan,nan,nan,nan
9.729999999999997,0.0,19.0,19.0,1.0,0.013520737606943523,0.033107527195662734,0.24657939308772342,nan,nan,nan,nan,nan,nan,nan,nan,nan,nan,nan,nan
10.189999999999998,0.0,12.0,10.0,0.8333333333333334,0.01118485484854413,0.02657766648593978,0.33304666717955594,nan,nan,nan,nan,nan,nan,nan,nan,nan,nan,nan,nan
10.329999999999998,0.0,15.0,13.0,0.8666666666666667,0.01377072377758792,0.02731065406135334,1.2921963165124943,nan,nan,nan,nan,nan,nan,nan,nan,nan,nan,nan,nan
10.530000000000001,0.0,16.0,14.0,0.875,0.013596822140195544,0.029527681789227902,1.4433307756723577,nan,nan,nan,nan,nan,nan,nan,nan,nan,nan,nan,nan
10.93,0.0,18.0,18.0,1.0,0.00965235633338691,0.02770153682240649,0.7216672893000514,nan,nan,nan,nan,nan,nan,nan,nan,nan,nan,nan,nan
11.130000000000003,0.0,13.0,13.0,1.0,0.009271345826000199,0.020527318593157665,0.11429617379249891,nan,nan,nan,nan,nan,nan,nan,nan,nan,nan,nan,nan
11.329999999999998,0.0,13.0,13.0,1.0,0.009028432256271906,0.019122840790743154,0.2926346969817523,nan,nan,nan,nan,nan,nan,nan,nan,nan,nan,nan,nan
11.530000000000001,0.0,17.0,17.0,1.0,0.007119993375626716,0.016994312645311493,0.2808622448182099,nan,nan,nan,nan,nan,nan,nan,nan,nan,nan,nan,nan
11.729999999999997,0.0,19.0,19.0,1.0,0.01119120358658464,0.02836470766897614,1.3949935866610315,nan,nan,nan,nan,nan,nan,nan,nan,nan,nan,nan,nan
11.93,0.0,18.0,18.0,1.0,0.016697206197695005,0.03340245120260134,1.0360417832125062,nan,nan,nan,nan,nan,nan,nan,nan,nan,nan,nan,nan
12.130000000000003,0.0,20.0,20.0,1.0,0.016411327316893615,0.03198698323592936,0.7883258607571705,nan,nan,nan,nan,nan,nan,nan,nan,nan,nan,nan,nan
12.329999999999998,0.0,19.0,19.0,1.0,0.013318072131173867,0.037981270014304534,0.7821033584626828,nan,nan,nan,nan,nan,nan,nan,nan,nan,nan,nan,nan
12.490000000000002,0.0,19.0,19.0,1.0,0.012586517539656832,0.03695280849279507,0.25578123925746227,nan,nan,nan,nan,nan,nan,nan,nan,nan,nan,nan,nan
12.729999999999997,0.0,16.0,16.0,1.0,0.011875044262168784,0.030667750533296775,0.238185381784259,nan,nan,nan,nan,nan,nan,nan,nan,nan,nan,nan,nan
12.89,0.0,16.0,16.0,1.0,0.011025602854762163,0.029102065586521796,0.09563652877258672,nan,nan,nan,nan,nan,nan,nan,nan,nan,nan,nan,nan
13.130000000000003,0.0,14.0,14.0,1.0,0.009796690175381751,0.021191541269486674,0.271396678946618,nan,nan,nan,nan,nan,nan,nan,nan,nan,nan,nan,nan
13.350000000000001,0.0,14.0,14.0,1.0,0.011547035216799933,0.0249348659092798,0.2744965365072632,nan,nan,nan,nan,nan,nan,nan,nan,nan,nan,nan,nan
13.490000000000002,0.0,15.0,15.0,1.0,0.013905324559504993,0.029540217964632565,1.7461924656805055,nan,nan,nan,nan,nan,nan,nan,nan,nan,nan,nan,nan
13.689999999999998,0.0,17.0,17.0,1.0,0.013785660275562177,0.03413961693421874,0.5196875838307659,nan,nan,nan,nan,nan,nan,nan,nan,nan,nan,nan,nan
13.89,0.0,19.0,19.0,1.0,0.012912450416622723,0.0384558361262543,0.9694322451909895,nan,nan,nan,nan,nan,nan,nan,nan,nan,nan,nan,nan
14.149999999999999,0.0,17.0,17.0,1.0,0.010931349220126152,0.0363099927514797,0.27556211397675395,nan,nan,nan,nan,nan,nan,nan,nan,nan,nan,nan,nan
14.490000000000002,0.0,16.0,16.0,1.0,0.012535915414406315,0.027571741907346473,0.38903195690210524,nan,nan,nan,nan,nan,nan,nan,nan,nan,nan,nan,nan
14.689999999999998,0.0,19.0,19.0,1.0,0.011038757517416781,0.024521424547589536,0.325589405781421,nan,nan,nan,nan,nan,nan,nan,nan,nan,nan,nan,nan
14.89,0.0,17.0,17.0,1.0,0.008593167189791837,0.022297591386711862,0.46608852856362776,nan,nan,nan,nan,nan,nan,nan,nan,nan,nan,nan,nan
15.089999999999996,0.0,14.0,12.0,0.8571428571428571,0.010858064700317941,0.02757416199828215,0.15512238255188024,nan,nan,nan,nan,nan,nan,nan,nan,nan,nan,nan,nan
15.29,0.0,14.0,12.0,0.8571428571428571,0.011077368022529692,0.027973797058585263,0.43735671429222917,nan,nan,nan,nan,nan,nan,nan,nan,nan,nan,nan,nan
15.689999999999998,0.0,17.0,17.0,1.0,0.00843379592537745,0.03833580687894013,0.6477360129361767,nan,nan,nan,nan,nan,nan,nan,nan,nan,nan,nan,nan
16.049999999999997,0.0,13.0,13.0,1.0,0.013579300096771654,0.031158489230355347,0.3833135525525313,nan,nan,nan,nan,nan,nan,nan,nan,nan,nan,nan,nan
16.33,0.0,12.0,11.0,0.9166666666666666,0.008254312138272955,0.020151699053095457,0.38144982313584436,nan,nan,nan,nan,nan,nan,nan,nan,nan,nan,nan,nan
16.450000000000003,0.0,17.0,17.0,1.0,0.011554013577094197,0.03871886375185253,0.3766684642454009,nan,nan,nan,nan,nan,nan,nan,nan,nan,nan,nan,nan
16.729999999999997,0.0,18.0,18.0,1.0,0.01533968894348544,0.029549082399811435,0.962880295936073,nan,nan,nan,nan,nan,nan,nan,nan,nan,nan,nan,nan
16.85,0.0,18.0,18.0,1.0,0.01604653618083003,0.0315115495983417,0.885903986560567,nan,nan,nan,nan,nan,nan,nan,nan,nan,nan,nan,nan
17.189999999999998,0.0,17.0,17.0,1.0,0.010717151775488659,0.03081037515593284,0.549221895198588,nan,nan,nan,nan,nan,nan,nan,nan,nan,nan,nan,nan
17.229999999999997,0.0,20.0,20.0,1.0,0.012724118669550491,0.04001129514946106,0.5429223401820885,nan,nan,nan,nan,nan,nan,nan,nan,nan,nan,nan,nan
17.450000000000003,0.0,18.0,18.0,1.0,0.010770531363053459,0.02596655344166258,0.3047797354702294,nan,nan,nan,nan,nan,nan,nan,nan,nan,nan,nan,nan
17.65,0.0,18.0,18.0,1.0,0.013161240538432963,0.031001906467049905,0.788144892734282,nan,nan,nan,nan,nan,nan,nan,nan,nan,nan,nan,nan
17.85,0.0,18.0,18.0,1.0,0.011342433757311053,0.03764147808955307,0.35350931068408425,nan,nan,nan,nan,nan,nan,nan,nan,nan,nan,nan,nan
18.049999999999997,0.0,18.0,18.0,1.0,0.015209391801672347,0.038509125961134996,1.1889747659587,nan,nan,nan,nan,nan,nan,nan,nan,nan,nan,nan,nan
18.25,0.0,14.0,14.0,1.0,0.01844857178239879,0.03412034287826198,0.8552669991680258,nan,nan,nan,nan,nan,nan,nan,nan,nan,nan,nan,nan
18.450000000000003,0.0,19.0,19.0,1.0,0.018142137716437988,0.03716992008650076,0.7825456738451447,nan,nan,nan,nan,nan,nan,nan,nan,nan,nan,nan,nan
18.729999999999997,0.0,16.0,16.0,1.0,0.014039717687149535,0.0409615580768994,0.386448140423237,nan,nan,nan,nan,nan,nan,nan,nan,nan,nan,nan,nan
18.85,0.0,19.0,19.0,1.0,0.013620191393715158,0.041554448290758175,0.8216429124270349,nan,nan,nan,nan,nan,nan,nan,nan,nan,nan,nan,nan
19.03,0.0,22.0,22.0,1.0,0.014985295154917698,0.03670897141274539,0.7929754332948145,nan,nan,nan,nan,nan,nan,nan,nan,nan,nan,nan,nan
19.25,0.0,12.0,12.0,1.0,0.010199765206790652,0.01873284447694115,0.2686301099353722,nan,nan,nan,nan,nan,nan,nan,nan,nan,nan,nan,nan
19.490000000000002,0.0,14.0,14.0,1.0,0.006611653242955961,0.01957281629157523,0.3086567021702495,nan,nan,nan,nan,nan,nan,nan,nan,nan,nan,nan,nan
19.630000000000003,0.0,16.0,16.0,1.0,0.007165917531860622,0.02033247469790779,0.2978986956082555,nan,nan,nan,nan,nan,nan,nan,nan,nan,nan,nan,nan
19.83,0.0,17.0,17.0,1.0,0.009822812898512185,0.026691322275310035,0.2838889257938211,nan,nan,nan,nan,nan,nan,nan,nan,nan,nan,nan,nan
20.17,0.0,19.0,19.0,1.0,0.014048789196413699,0.04052226879147641,0.8721997868741186,nan,nan,nan,nan,nan,nan,nan,nan,nan,nan,nan,nan
20.229999999999997,0.0,15.0,13.0,0.8666666666666667,0.013985154509811897,0.038053784993038714,1.193229696488868,nan,nan,nan,nan,nan,nan,nan,nan,nan,nan,nan,nan
20.43,0.0,16.0,14.0,0.875,0.014048228860729515,0.039889407272094835,1.6611877223274603,nan,nan,nan,nan,nan,nan,nan,nan,nan,nan,nan,nan
20.630000000000003,0.0,19.0,19.0,1.0,0.01418630318688759,0.031678346600131066,1.8192183551165666,nan,nan,nan,nan,nan,nan,nan,nan,nan,nan,nan,nan
21.089999999999996,0.0,18.0,18.0,1.0,0.013522370748443459,0.037766274728989656,0.35121981567297744,nan,nan,nan,nan,nan,nan,nan,nan,nan,nan,nan,nan
21.229999999999997,0.0,17.0,16.0,0.9411764705882353,0.013401875432748261,0.02810837871831976,1.756369845023131,nan,nan,nan,nan,nan,nan,nan,nan,nan,nan,nan,nan
21.490000000000002,0.0,22.0,22.0,1.0,0.016574871352843166,0.03140875773486972,1.9139129986448247,nan,nan,nan,nan,nan,nan,nan,nan,nan,nan,nan,nan
21.630000000000003,0.0,22.0,22.0,1.0,0.01789735305342702,0.031086547004310724,1.874319156344485,nan,nan,nan,nan,nan,nan,nan,nan,nan,nan,nan,nan
21.83,0.0,24.0,24.0,1.0,0.016125136907731073,0.037368982160004935,1.5382960565088186,nan,nan,nan,nan,nan,nan,nan,nan,nan,nan,nan,nan
22.049999999999997,0.0,23.0,23.0,1.0,0.014430526569237347,0.036676938597886004,1.853267023072867,nan,nan,nan,nan,nan,nan,nan,nan,nan,nan,nan,nan
22.229999999999997,0.0,24.0,24.0,1.0,0.015347158656993846,0.03319702899168003,1.672331717805312,nan,nan,nan,nan,nan,nan,nan,nan,nan,nan,nan,nan
22.490000000000002,0.0,26.0,26.0,1.0,0.01268333078191851,0.025634910717841106,1.3621199305704241,nan,nan,nan,nan,nan,nan,nan,nan,nan,nan,nan,nan
22.630000000000003,0.0,19.0,19.0,1.0,0.01337903233500842,0.025679160009778296,1.5579749597075312,nan,nan,nan,nan,nan,nan,nan,nan,nan,nan,nan,nan
22.83,0.0,16.0,16.0,1.0,0.013177660742426284,0.030039055680085767,1.220732722052041,nan,nan,nan,nan,nan,nan,nan,nan,nan,nan,nan,nan
23.15,0.0,19.0,19.0,1.0,0.013924892631004793,0.031205098184195482,1.4569945365568029,nan,nan,nan,nan,nan,nan,nan,nan,nan,nan,nan,nan
23.189999999999998,0.0,27.0,27.0,1.0,0.012960712377269949,0.03224489966723059,1.585515364761252,nan,nan,nan,nan,nan,nan,nan,nan,nan,nan,nan,nan
23.43,0.0,30.0,30.0,1.0,0.012416348404474451,0.039274565458023665,1.2336095164873335,nan,nan,nan,nan,nan,nan,nan,nan,nan,nan,nan,nan
23.630000000000003,0.0,29.0,29.0,1.0,0.013081360537226675,0.038734796651602586,1.1478367045870237,nan,nan,nan,nan,nan,nan,nan,nan,nan,nan,nan,nan
23.83,0.0,28.0,28.0,1.0,0.016184080872206786,0.030842292182150986,0.8809745775025021,nan,nan,nan,nan,nan,nan,nan,nan,nan,nan,nan,nan
23.990000000000002,0.0,34.0,34.0,1.0,0.015728736492979296,0.03306622887855853,0.9579423008058701,nan,nan,nan,nan,nan,nan,nan,nan,nan,nan,nan,nan
24.229999999999997,0.0,32.0,32.0,1.0,0.014662921028400331,0.038914471319464565,1.198185089182834,nan,nan,nan,nan,nan,nan,nan,nan,nan,nan,nan,nan
24.39,0.0,34.0,34.0,1.0,0.01320077454790109,0.036977312293310034,1.0566518653794261,nan,nan,nan,nan,nan,nan,nan,nan,nan,nan,nan,nan
24.589999999999996,0.0,31.0,31.0,1.0,0.014355220060342597,0.03432879238657779,1.4110095088989991,nan,nan,nan,nan,nan,nan,nan,nan,nan,nan,nan,nan
24.79,0.0,35.0,35.0,1.0,0.01576722174600534,0.03209799874219688,0.9483299916031531,nan,nan,nan,nan,nan,nan,nan,nan,nan,nan,nan,nan
25.03,0.0,34.0,34.0,1.0,0.013103894549371992,0.03770146896154441,1.0006925255575503,nan,nan,nan,nan,nan,nan,nan,nan,nan,nan,nan,nan
25.189999999999998,0.0,29.0,29.0,1.0,0.014741864059399194,0.04013855026550661,1.0992686308092265,nan,nan,nan,nan,nan,nan,nan,nan,nan,nan,nan,nan
25.39,0.0,29.0,29.0,1.0,0.016135436280732926,0.03421699193527635,0.9924161241713425,nan,nan,nan,nan,nan,nan,nan,nan,nan,nan,nan,nan
25.93,0.0,28.0,28.0,1.0,0.015570914485249752,0.03713512608684781,1.021855852087435,nan,nan,nan,nan,nan,nan,nan,nan,nan,nan,nan,nan
25.950000000000003,0.0,30.0,30.0,1.0,0.016133459292840022,0.03771151308559421,1.4016185819356175,nan,nan,nan,nan,nan,nan,nan,nan,nan,nan,nan,nan
26.15,0.0,34.0,34.0,1.0,0.01428866197160443,0.03927514506415537,1.0985874515599978,nan,nan,nan,nan,nan,nan,nan,nan,nan,nan,nan,nan
26.450000000000003,0.0,34.0,34.0,1.0,0.018622168252712457,0.031254447079629655,1.016259914694793,nan,nan,nan,nan,nan,nan,nan,nan,nan,nan,nan,nan
26.589999999999996,0.0,31.0,31.0,1.0,0.0165537292606839,0.03265275135924791,0.9865035166132582,nan,nan,nan,nan,nan,nan,nan,nan,nan,nan,nan,nan
26.75,0.0,36.0,36.0,1.0,0.013766833573907698,0.03860055400586154,0.8724890570914738,nan,nan,nan,nan,nan,nan,nan,nan,nan,nan,nan,nan
26.950000000000003,0.0,35.0,35.0,1.0,0.013538721345330178,0.03690307571103092,1.1195565932781577,nan,nan,nan,nan,nan,nan,nan,nan,nan,nan,nan,nan
27.15,0.0,39.0,39.0,1.0,0.014400064006576235,0.031967314537465256,0.9881547656385277,nan,nan,nan,nan,nan,nan,nan,nan,nan,nan,nan,nan
27.35,0.0,37.0,37.0,1.0,0.015199532472243043,0.031777452509705865,0.7804244162322573,nan,nan,nan,nan,nan,nan,nan,nan,nan,nan,nan,nan
27.549999999999997,0.0,33.0,33.0,1.0,0.013058669537061694,0.03743575242777314,1.0801690587445667,nan,nan,nan,nan,nan,nan,nan,nan,nan,nan,nan,nan
27.83,0.0,33.0,33.0,1.0,0.013343071605521485,0.03629371211446933,0.9953664995719281,nan,nan,nan,nan,nan,nan,nan,nan,nan,nan,nan,nan
27.950000000000003,0.0,32.0,32.0,1.0,0.015696952984451656,0.032190093852409396,0.9122302110414805,nan,nan,nan,nan,nan,nan,nan,nan,nan,nan,nan,nan
28.229999999999997,0.0,36.0,36.0,1.0,0.015846169687625408,0.033754077540676,0.8399764660085552,nan,nan,nan,nan,nan,nan,nan,nan,nan,nan,nan,nan
28.35,0.0,36.0,36.0,1.0,0.015429580160574795,0.03716346771568951,1.0227458154123799,nan,nan,nan,nan,nan,nan,nan,nan,nan,nan,nan,nan
28.65,0.0,38.0,38.0,1.0,0.017618643947999096,0.03704170563739114,0.8607951282265868,nan,nan,nan,nan,nan,nan,nan,nan,nan,nan,nan,nan
28.75,0.0,37.0,37.0,1.0,0.017401886555501365,0.03351924599429012,0.8703925748386443,nan,nan,nan,nan,nan,nan,nan,nan,nan,nan,nan,nan
29.15,0.0,40.0,38.0,0.95,0.016184863289382168,0.03685291649718766,0.73858251380734,nan,nan,nan,nan,nan,nan,nan,nan,nan,nan,nan,nan
29.33,0.0,37.0,35.0,0.9459459459459459,0.01410658523817216,0.038663994613275895,0.7045411770135572,nan,nan,nan,nan,nan,nan,nan,nan,nan,nan,nan,nan
29.589999999999996,0.0,38.0,36.0,0.9473684210526315,0.0180872497787093,0.03195702272596705,1.1344427317153418,nan,nan,nan,nan,nan,nan,nan,nan,nan,nan,nan,nan
29.729999999999997,0.0,38.0,36.0,0.9473684210526315,0.01645394396639857,0.03321876827652698,0.948189058389628,nan,nan,nan,nan,nan,nan,nan,nan,nan,nan,nan,nan
29.93,0.0,41.0,39.0,0.9512195121951219,0.01546958740835804,0.03817622899950135,0.6992196017165404,nan,nan,nan,nan,nan,nan,nan,nan,nan,nan,nan,nan
30.130000000000003,0.0,40.0,38.0,0.95,0.017253471802277,0.03480382827882915,0.7854796839119992,nan,nan,nan,nan,nan,nan,nan,nan,nan,nan,nan,nan
30.33,0.0,41.0,39.0,0.9512195121951219,0.017280763930113165,0.03270931856218979,0.7883346461591206,nan,nan,nan,nan,nan,nan,nan,nan,nan,nan,nan,nan
30.589999999999996,0.0,42.0,38.0,0.9047619047619048,0.014522763077596304,0.025626053247600932,0.7273162552194602,nan,nan,nan,nan,nan,nan,nan,nan,nan,nan,nan,nan
30.79,0.0,42.0,38.0,0.9047619047619048,0.012722202714090535,0.02201566020253228,0.7195536028699703,nan,nan,nan,nan,nan,nan,nan,nan,nan,nan,nan,nan
30.93,0.0,40.0,36.0,0.9,0.01304521944254971,0.02660935777208921,0.8303675865584106,nan,nan,nan,nan,nan,nan,nan,nan,nan,nan,nan,nan
31.190000000000005,0.0,42.0,38.0,0.9047619047619048,0.015093657332741156,0.032256050115167675,0.6530812482340805,nan,nan,nan,nan,nan,nan,nan,nan,nan,nan,nan,nan
31.330000000000005,0.0,40.0,40.0,1.0,0.013757731067201883,0.033068009646394655,0.9094148073335527,nan,nan,nan,nan,nan,nan,nan,nan,nan,nan,nan,nan
31.529999999999994,0.0,40.0,40.0,1.0,0.013671530841862919,0.038559546358375156,0.6751852625743012,nan,nan,nan,nan,nan,nan,nan,nan,nan,nan,nan,nan
31.729999999999997,0.0,44.0,40.0,0.9090909090909091,0.015845551380908707,0.035271943987962004,0.6957603618156636,nan,nan,nan,nan,nan,nan,nan,nan,nan,nan,nan,nan
31.970000000000006,0.0,44.0,40.0,0.9090909090909091,0.01866641797738778,0.031103663839460224,0.8207730598452865,nan,nan,nan,nan,nan,nan,nan,nan,nan,nan,nan,nan
32.13,0.0,45.0,40.0,0.8888888888888888,0.015956496762682765,0.03511230072135487,0.6746133959682845,nan,nan,nan,nan,nan,nan,nan,nan,nan,nan,nan,nan
32.38999999999999,0.0,41.0,36.0,0.8780487804878049,0.015172313585447603,0.03972274087831777,0.8139449123590817,nan,nan,nan,nan,nan,nan,nan,nan,nan,nan,nan,nan
32.550000000000004,0.0,47.0,42.0,0.8936170212765957,0.015477444054417927,0.03398000542792723,0.8308098565135446,nan,nan,nan,nan,nan,nan,nan,nan,nan,nan,nan,nan
32.74999999999999,0.0,44.0,39.0,0.8863636363636364,0.015429126732192072,0.03133046678007567,0.7882645228456333,nan,nan,nan,nan,nan,nan,nan,nan,nan,nan,nan,nan
33.23,0.0,44.0,38.0,0.8636363636363636,0.01348228982262365,0.028555209835515145,0.6678171746829085,nan,nan,nan,nan,nan,nan,nan,nan,nan,nan,nan,nan
33.29,0.0,44.0,38.0,0.8636363636363636,0.01604631997721377,0.02798590495220252,0.6819106100469357,nan,nan,nan,nan,nan,nan,nan,nan,nan,nan,nan,nan
33.550000000000004,0.0,43.0,35.0,0.813953488372093,0.016173346370332423,0.03245433054058744,1.0616048020949493,nan,nan,nan,nan,nan,nan,nan,nan,nan,nan,nan,nan
33.690000000000005,0.0,48.0,40.0,0.8333333333333334,0.015340311360752285,0.035424788885922556,0.7485440948710355,nan,nan,nan,nan,nan,nan,nan,nan,nan,nan,nan,nan
33.88999999999999,0.0,48.0,40.0,0.8333333333333334,0.015583760750069304,0.03840842729226848,0.8155833849954297,nan,nan,nan,nan,nan,nan,nan,nan,nan,nan,nan,nan
34.089999999999996,0.0,51.0,40.0,0.7843137254901961,0.01644563556014323,0.03332894650862746,1.04010300898324,nan,nan,nan,nan,nan,nan,nan,nan,nan,nan,nan,nan
34.29,0.0,54.0,46.0,0.8518518518518519,0.027287257419262433,0.0640684415496871,4.371266281018938,nan,nan,nan,nan,nan,nan,nan,nan,nan,nan,nan,nan
34.550000000000004,0.0,53.0,43.0,0.8113207547169812,0.02792712920775309,0.05681974721287775,5.387719825926225,nan,nan,nan,nan,nan,nan,nan,nan,nan,nan,nan,nan
34.690000000000005,0.0,52.0,42.0,0.8076923076923077,0.024902498431137433,0.052400766732975376,5.68316457920095,nan,nan,nan,nan,nan,nan,nan,nan,nan,nan,nan,nan
35.029999999999994,0.0,53.0,43.0,0.8113207547169812,0.025852477895690243,0.05156787123339274,6.116032853370861,nan,nan,nan,nan,nan,nan,nan,nan,nan,nan,nan,nan
35.15,0.0,58.0,48.0,0.8275862068965517,0.02984937219233237,0.06645565557094861,6.226493894515124,nan,nan,nan,nan,nan,nan,nan,nan,nan,nan,nan,nan
35.24999999999999,0.0,51.0,41.0,0.803921568627451,0.02614333934903694,0.05278239976453315,6.011726236451858,nan,nan,nan,nan,nan,nan,nan,nan,nan,nan,nan,nan
35.550000000000004,0.0,54.0,45.0,0.8333333333333334,0.029904899800319296,0.07131866891082744,7.023435381867585,nan,nan,nan,nan,nan,nan,nan,nan,nan,nan,nan,nan
35.690000000000005,0.0,49.0,35.0,0.7142857142857143,0.014133560598402733,0.03433904698691662,0.9238907638383032,nan,nan,nan,nan,nan,nan,nan,nan,nan,nan,nan,nan
35.85,0.0,45.0,32.0,0.7111111111111111,0.013790919395497057,0.03308832026979088,0.8827284313692806,nan,nan,nan,nan,nan,nan,nan,nan,nan,nan,nan,nan
36.13,0.0,53.0,42.0,0.7924528301886793,0.028471060764603335,0.12580138241109629,3.896763980532828,nan,nan,nan,nan,nan,nan,nan,nan,nan,nan,nan,nan
36.35,0.0,54.0,42.0,0.7777777777777778,0.01563239663424014,0.04008756543642883,0.7066949140566428,nan,nan,nan,nan,nan,nan,nan,nan,nan,nan,nan,nan
36.449999999999996,0.0,51.0,45.0,0.8823529411764706,0.024752521449052104,0.14821329864412952,2.2022813610548893,nan,nan,nan,nan,nan,nan,nan,nan,nan,nan,nan,nan
36.65,0.0,45.0,39.0,0.8666666666666667,0.017247535429658803,0.0331438216883235,0.8342642908169191,nan,nan,nan,nan,nan,nan,nan,nan,nan,nan,nan,nan
36.93,0.0,46.0,34.0,0.7391304347826086,0.014364851345644107,0.038858581878597136,0.7316957235615816,nan,nan,nan,nan,nan,nan,nan,nan,nan,nan,nan,nan
37.050000000000004,0.0,52.0,39.0,0.75,0.015633800460634395,0.038550481010490356,0.683331440292491,nan,nan,nan,nan,nan,nan,nan,nan,nan,nan,nan,nan
37.330000000000005,0.0,47.0,35.0,0.7446808510638298,0.015800700555584548,0.03093898021937983,0.8747968451149236,nan,nan,nan,nan,nan,nan,nan,nan,nan,nan,nan,nan
37.449999999999996,0.0,46.0,33.0,0.717391304347826,0.014725288910608652,0.031420641761005626,0.997106302615073,nan,nan,nan,nan,nan,nan,nan,nan,nan,nan,nan,nan
37.65,0.0,47.0,33.0,0.7021276595744681,0.014284031800851039,0.03621925022096299,0.8953078898284575,nan,nan,nan,nan,nan,nan,nan,nan,nan,nan,nan,nan
37.93,0.0,54.0,42.0,0.7777777777777778,0.03012314562591944,0.10018990201323244,7.467512274808364,nan,nan,nan,nan,nan,nan,nan,nan,nan,nan,nan,nan
38.029999999999994,0.0,57.0,46.0,0.8070175438596491,0.03491687465385524,0.08809253295408392,8.509019069001107,nan,nan,nan,nan,nan,nan,nan,nan,nan,nan,nan,nan
38.330000000000005,0.0,61.0,49.0,0.8032786885245902,0.04460783074953015,0.1082052829949945,9.079622881881336,nan,nan,nan,nan,nan,nan,nan,nan,nan,nan,nan,nan
38.449999999999996,0.0,63.0,51.0,0.8095238095238095,0.042132251065707796,0.10267413644961347,8.852370324464378,nan,nan,nan,nan,nan,nan,nan,nan,nan,nan,nan,nan
38.73,0.0,45.0,31.0,0.6888888888888889,0.07464913160019501,0.1131877171331775,7.979532034200201,nan,nan,nan,nan,nan,nan,nan,nan,nan,nan,nan,nan
38.830000000000005,0.0,45.0,34.0,0.7555555555555555,0.06867344571613375,0.113780561434248,7.944872492427407,nan,nan,nan,nan,nan,nan,nan,nan,nan,nan,nan,nan
39.07,0.0,49.0,33.0,0.673469387755102,0.05460579141427462,0.12856315020547934,7.597261829688758,nan,nan,nan,nan,nan,nan,nan,nan,nan,nan,nan,nan
39.27,0.0,50.0,41.0,0.82,0.10599778772433112,0.15773134835228597,8.493618442791666,nan,nan,nan,nan,nan,nan,nan,nan,nan,nan,nan,nan
39.43,0.0,53.0,35.0,0.660377358490566,0.10149238995240359,0.1486661870633522,5.848902895611623,nan,nan,nan,nan,nan,nan,nan,nan,nan,nan,nan,nan
39.669999999999995,0.0,52.0,40.0,0.7692307692307693,0.12283202646830471,0.1740533545611578,6.853579048018422,nan,nan,nan,nan,nan,nan,nan,nan,nan,nan,nan,nan
39.88999999999999,0.0,54.0,42.0,0.7777777777777778,0.13743473536311515,0.19567331844563315,6.252046882291919,nan,nan,nan,nan,nan,nan,nan,nan,nan,nan,nan,nan
40.089999999999996,0.0,55.0,41.0,0.7454545454545455,0.1363358032492853,0.18823155673053166,6.4645340484172955,nan,nan,nan,nan,nan,nan,nan,nan,nan,nan,nan,nan
40.23,0.0,53.0,45.0,0.8490566037735849,0.14570465453411677,0.24744235877271248,6.9938144795476465,nan,nan,nan,nan,nan,nan,nan,nan,nan,nan,nan,nan
40.43,0.0,69.0,59.0,0.855072463768116,0.15479249603650874,0.25477137412450346,7.398603851649642,nan,nan,nan,nan,nan,nan,nan,nan,nan,nan,nan,nan
40.63,0.0,64.0,47.0,0.734375,0.15661410075351873,0.2576972407427635,8.268572644229224,nan,nan,nan,nan,nan,nan,nan,nan,nan,nan,nan,nan
40.830000000000005,0.0,61.0,43.0,0.7049180327868853,0.16225389464132667,0.2623938062027661,9.25756440853133,nan,nan,nan,nan,nan,nan,nan,nan,nan,nan,nan,nan
41.029999999999994,0.0,72.0,58.0,0.8055555555555556,0.08584863145596158,0.227730506364254,7.332335500073083,nan,nan,nan,nan,nan,nan,nan,nan,nan,nan,nan,nan
41.23,0.0,71.0,60.0,0.8450704225352113,0.0854020557432062,0.2258022161469812,8.687413351095163,nan,nan,nan,nan,nan,nan,nan,nan,nan,nan,nan,nan
41.43,0.0,65.0,53.0,0.8153846153846154,0.06981292514080462,0.17860330817042608,8.64875461086642,nan,nan,nan,nan,nan,nan,nan,nan,nan,nan,nan,nan
41.63,0.0,67.0,55.0,0.8208955223880597,0.08670133561094351,0.18319350880035987,7.524560726768773,nan,nan,nan,nan,nan,nan,nan,nan,nan,nan,nan,nan
42.029999999999994,0.0,65.0,50.0,0.7692307692307693,0.111293038895272,0.2065469179017329,7.606814000440958,nan,nan,nan,nan,nan,nan,nan,nan,nan,nan,nan,nan
42.190000000000005,0.0,66.0,49.0,0.7424242424242424,0.12899737091904193,0.2112383303510765,7.123217550818733,nan,nan,nan,nan,nan,nan,nan,nan,nan,nan,nan,nan
42.38999999999999,0.0,68.0,48.0,0.7058823529411765,0.14009475705212907,0.21715384676050495,5.6995474643714745,nan,nan,nan,nan,nan,nan,nan,nan,nan,nan,nan,nan
42.589999999999996,0.0,63.0,46.0,0.7301587301587301,0.1529932754395336,0.22286336886429375,7.619407125070859,nan,nan,nan,nan,nan,nan,nan,nan,nan,nan,nan,nan
42.830000000000005,0.0,63.0,47.0,0.746031746031746,0.16042225367190566,0.24922760511196906,6.296211452755286,nan,nan,nan,nan,nan,nan,nan,nan,nan,nan,nan,nan
43.050000000000004,0.0,65.0,47.0,0.7230769230769231,0.1677474923002529,0.2593885099629082,9.095531404169472,nan,nan,nan,nan,nan,nan,nan,nan,nan,nan,nan,nan
43.190000000000005,0.0,61.0,46.0,0.7540983606557377,0.17083693305713266,0.2641597933998386,9.793412490499744,nan,nan,nan,nan,nan,nan,nan,nan,nan,nan,nan,nan
43.38999999999999,0.0,72.0,46.0,0.6388888888888888,0.17789027634995244,0.2670722720845288,7.269006910778012,nan,nan,nan,nan,nan,nan,nan,nan,nan,nan,nan,nan
43.65,0.0,68.0,54.0,0.7941176470588235,0.15461386458286627,0.2760226962732627,10.468844022811322,nan,nan,nan,nan,nan,nan,nan,nan,nan,nan,nan,nan
43.79,0.0,59.0,39.0,0.6610169491525424,0.19179330057638058,0.31638357814591694,9.241436483449563,nan,nan,nan,nan,nan,nan,nan,nan,nan,nan,nan,nan
44.050000000000004,0.0,57.0,51.0,0.8947368421052632,0.1528809613731805,0.2981871263844522,7.694502302950371,nan,nan,nan,nan,nan,nan,nan,nan,nan,nan,nan,nan
44.190000000000005,0.0,58.0,52.0,0.896551724137931,0.14939583308660953,0.3030058855402934,7.890139951699308,nan,nan,nan,nan,nan,nan,nan,nan,nan,nan,nan,nan
44.38999999999999,0.0,60.0,54.0,0.9,0.15025799923958905,0.30787318145341225,8.830638183099506,nan,nan,nan,nan,nan,nan,nan,nan,nan,nan,nan,nan
44.65,0.0,52.0,43.0,0.8269230769230769,0.1474101544690456,0.252420501776682,7.67438643688285,nan,nan,nan,nan,nan,nan,nan,nan,nan,nan,nan,nan
44.79,0.0,57.0,47.0,0.8245614035087719,0.14814286291048903,0.25465238293988296,8.082857364924678,nan,nan,nan,nan,nan,nan,nan,nan,nan,nan,nan,nan
44.99,0.0,50.0,39.0,0.78,0.1535436460588636,0.2596085930392122,8.42599572186384,nan,nan,nan,nan,nan,nan,nan,nan,nan,nan,nan,nan
45.190000000000005,0.0,53.0,40.0,0.7547169811320755,0.1602474826802054,0.2284496714632568,7.066052155602833,nan,nan,nan,nan,nan,nan,nan,nan,nan,nan,nan,nan
45.38999999999999,0.0,51.0,42.0,0.8235294117647058,0.16262403058453903,0.21543628248158517,7.789205752893498,nan,nan,nan,nan,nan,nan,nan,nan,nan,nan,nan,nan
45.74999999999999,0.0,54.0,41.0,0.7592592592592593,0.16520381569094292,0.22260823374394148,7.251379023628775,nan,nan,nan,nan,nan,nan,nan,nan,nan,nan,nan,nan
45.79,0.0,62.0,54.0,0.8709677419354839,0.12991648593081365,0.2549141694339351,5.991468258935184,nan,nan,nan,nan,nan,nan,nan,nan,nan,nan,nan,nan
45.949999999999996,0.0,66.0,62.0,0.9393939393939394,0.14210616808647034,0.2953649752967313,7.739144458042282,nan,nan,nan,nan,nan,nan,nan,nan,nan,nan,nan,nan
46.23,0.0,66.0,58.0,0.8787878787878788,0.14539283599910044,0.3052124830163179,8.942842211570719,nan,nan,nan,nan,nan,nan,nan,nan,nan,nan,nan,nan
46.35,0.0,70.0,61.0,0.8714285714285714,0.1457705585234172,0.30658276288029485,8.348468247939604,nan,nan,nan,nan,nan,nan,nan,nan,nan,nan,nan,nan
46.550000000000004,0.0,74.0,64.0,0.8648648648648649,0.15165283987414568,0.31200696011356327,7.950958613160898,nan,nan,nan,nan,nan,nan,nan,nan,nan,nan,nan,nan
46.74999999999999,0.0,63.0,55.0,0.873015873015873,0.1443474681471805,0.27587203535352267,8.622525229638821,nan,nan,nan,nan,nan,nan,nan,nan,nan,nan,nan,nan
46.949999999999996,0.0,66.0,59.0,0.8939393939393939,0.15704330034400896,0.3106822960859286,8.712234936957422,nan,nan,nan,nan,nan,nan,nan,nan,nan,nan,nan,nan
47.15,0.0,57.0,40.0,0.7017543859649122,0.14061140802443067,0.23871781337985482,9.262533194276617,nan,nan,nan,nan,nan,nan,nan,nan,nan,nan,nan,nan
47.63,0.0,55.0,44.0,0.8,0.1775880278234043,0.2519457359035773,8.319409001473208,nan,nan,nan,nan,nan,nan,nan,nan,nan,nan,nan,nan
47.830000000000005,0.0,49.0,37.0,0.7551020408163265,0.1845557280385523,0.26045508218863517,8.310357963248315,nan,nan,nan,nan,nan,nan,nan,nan,nan,nan,nan,nan
48.029999999999994,0.0,57.0,43.0,0.7543859649122807,0.19051998427026276,0.278418624216722,7.427872442815086,nan,nan,nan,nan,nan,nan,nan,nan,nan,nan,nan,nan
48.23,0.0,71.0,44.0,0.6197183098591549,0.19591045368843343,0.2894805931739918,6.8935438063183545,nan,nan,nan,nan,nan,nan,nan,nan,nan,nan,nan,nan
48.330000000000005,0.0,75.0,57.0,0.76,0.17462650113578218,0.3449398937690513,9.221987322080732,nan,nan,nan,nan,nan,nan,nan,nan,nan,nan,nan,nan
48.550000000000004,0.0,72.0,58.0,0.8055555555555556,0.18151984061690352,0.34601812454473774,10.965157592248655,nan,nan,nan,nan,nan,nan,nan,nan,nan,nan,nan,nan
48.830000000000005,0.0,72.0,59.0,0.8194444444444444,0.17687616845818743,0.3106663123338911,8.508504703195669,nan,nan,nan,nan,nan,nan,nan,nan,nan,nan,nan,nan
48.93,0.0,75.0,57.0,0.76,0.15497427777044526,0.3435594418212984,6.865547106909674,nan,nan,nan,nan,nan,nan,nan,nan,nan,nan,nan,nan
49.15,0.0,59.0,48.0,0.8135593220338984,0.16040662123592855,0.32836946029889336,8.632557343321608,nan,nan,nan,nan,nan,nan,nan,nan,nan,nan,nan,nan
49.330000000000005,0.0,58.0,49.0,0.8448275862068966,0.18530696433440286,0.33619347744538075,7.810094322211914,nan,nan,nan,nan,nan,nan,nan,nan,nan,nan,nan,nan
49.65,0.0,63.0,46.0,0.7301587301587301,0.16898456717856405,0.324959990082158,10.127244603876411,nan,nan,nan,nan,nan,nan,nan,nan,nan,nan,nan,nan
49.73,0.0,53.0,36.0,0.6792452830188679,0.16854767366798418,0.28674905833615816,7.04862935710071,nan,nan,nan,nan,nan,nan,nan,nan,nan,nan,nan,nan
49.93,0.0,55.0,35.0,0.6363636363636364,0.18415314790450954,0.2689436523552349,7.489218270531199,nan,nan,nan,nan,nan,nan,nan,nan,nan,nan,nan,nan
50.13,0.0,58.0,47.0,0.8103448275862069,0.15793697823714295,0.27865516254655687,6.879675653433594,nan,nan,nan,nan,nan,nan,nan,nan,nan,nan,nan,nan
50.330000000000005,0.0,58.0,36.0,0.6206896551724138,0.1883651961972917,0.27729528227335964,7.4560317206199755,nan,nan,nan,nan,nan,nan,nan,nan,nan,nan,nan,nan
50.529999999999994,0.0,57.0,48.0,0.8421052631578947,0.16521011612270936,0.30218856837075647,6.796240016940044,nan,nan,nan,nan,nan,nan,nan,nan,nan,nan,nan,nan
50.79,0.0,69.0,63.0,0.9130434782608695,0.16989765138061047,0.3072330879305054,7.515997886857497,nan,nan,nan,nan,nan,nan,nan,nan,nan,nan,nan,nan
50.93,0.0,64.0,54.0,0.84375,0.17519882640058573,0.30696307309472837,9.129530951993809,nan,nan,nan,nan,nan,nan,nan,nan,nan,nan,nan,nan
51.13,0.0,66.0,59.0,0.8939393939393939,0.16755762705679556,0.3113175046208481,8.086762349476343,nan,nan,nan,nan,nan,nan,nan,nan,nan,nan,nan,nan
51.449999999999996,0.0,75.0,69.0,0.92,0.18713102139855717,0.3427421761194434,8.750743279343949,nan,nan,nan,nan,nan,nan,nan,nan,nan,nan,nan,nan
51.589999999999996,0.0,59.0,54.0,0.9152542372881356,0.19121232394680096,0.3336373043283549,8.165032008094641,nan,nan,nan,nan,nan,nan,nan,nan,nan,nan,nan,nan
51.73,0.0,54.0,44.0,0.8148148148148148,0.18455816894557883,0.2701236919073941,7.936856651007566,nan,nan,nan,nan,nan,nan,nan,nan,nan,nan,nan,nan
51.93,0.0,57.0,45.0,0.7894736842105263,0.20343758447742152,0.3274647081618008,7.542952682812234,nan,nan,nan,nan,nan,nan,nan,nan,nan,nan,nan,nan
52.089999999999996,0.0,53.0,40.0,0.7547169811320755,0.1960175337975058,0.2666099526595791,9.811976518237065,nan,nan,nan,nan,nan,nan,nan,nan,nan,nan,nan,nan
52.330000000000005,0.0,61.0,49.0,0.8032786885245902,0.18335593207818054,0.27821440917876766,10.64251656644164,nan,nan,nan,nan,nan,nan,nan,nan,nan,nan,nan,nan
52.550000000000004,0.0,67.0,51.0,0.7611940298507462,0.18724404579563383,0.3042095897972167,6.908187120884413,nan,nan,nan,nan,nan,nan,nan,nan,nan,nan,nan,nan
52.77,0.0,68.0,55.0,0.8088235294117647,0.18853202340297007,0.31138044256922826,6.694454540535402,nan,nan,nan,nan,nan,nan,nan,nan,nan,nan,nan,nan
52.949999999999996,0.0,69.0,59.0,0.855072463768116,0.18463835287518357,0.3285106227916739,8.944220457064928,nan,nan,nan,nan,nan,nan,nan,nan,nan,nan,nan,nan
53.089999999999996,0.0,71.0,60.0,0.8450704225352113,0.19234125055948018,0.3486954683978282,8.26583221289191,nan,nan,nan,nan,nan,nan,nan,nan,nan,nan,nan,nan
53.35,0.0,69.0,57.0,0.8260869565217391,0.19491517541984768,0.3447805183634297,9.004542631627707,nan,nan,nan,nan,nan,nan,nan,nan,nan,nan,nan,nan
53.550000000000004,0.0,56.0,48.0,0.8571428571428571,0.19661045663609764,0.345320813827656,9.454653601863502,nan,nan,nan,nan,nan,nan,nan,nan,nan,nan,nan,nan
53.74999999999999,0.0,54.0,44.0,0.8148148148148148,0.19545501696040282,0.31595623944154844,8.042870588671244,nan,nan,nan,nan,nan,nan,nan,nan,nan,nan,nan,nan
53.88999999999999,0.0,60.0,43.0,0.7166666666666667,0.17520964295214805,0.3141472680365786,8.845423611740394,nan,nan,nan,nan,nan,nan,nan,nan,nan,nan,nan,nan
54.089999999999996,0.0,51.0,33.0,0.6470588235294118,0.19707359037132227,0.25956470837974865,5.640171844143903,nan,nan,nan,nan,nan,nan,nan,nan,nan,nan,nan,nan
54.29,0.0,46.0,33.0,0.717391304347826,0.17997784860952534,0.2682555364289308,7.564804690875439,nan,nan,nan,nan,nan,nan,nan,nan,nan,nan,nan,nan
54.550000000000004,0.0,50.0,36.0,0.72,0.19169434418485418,0.27292655598193233,4.952692550929315,nan,nan,nan,nan,nan,nan,nan,nan,nan,nan,nan,nan
54.65,0.0,48.0,36.0,0.75,0.18944138241890016,0.29657267252170505,5.51441318835262,nan,nan,nan,nan,nan,nan,nan,nan,nan,nan,nan,nan
54.88999999999999,0.0,64.0,54.0,0.84375,0.18410464074914762,0.32240738881229225,7.381330957460444,nan,nan,nan,nan,nan,nan,nan,nan,nan,nan,nan,nan
55.089999999999996,0.0,71.0,63.0,0.8873239436619719,0.21176385572778708,0.34477816837705777,7.6724614113980145,nan,nan,nan,nan,nan,nan,nan,nan,nan,nan,nan,nan
55.24999999999999,0.0,54.0,44.0,0.8148148148148148,0.2135192573521743,0.3161601784843566,8.754897987928592,nan,nan,nan,nan,nan,nan,nan,nan,nan,nan,nan,nan
55.550000000000004,0.0,53.0,44.0,0.8301886792452831,0.2152617395137838,0.3219428591813206,7.996235676456517,nan,nan,nan,nan,nan,nan,nan,nan,nan,nan,nan,nan
55.65,0.0,57.0,50.0,0.8771929824561403,0.20480816753164274,0.3257378954123331,8.559028189775464,nan,nan,nan,nan,nan,nan,nan,nan,nan,nan,nan,nan
55.93,0.0,61.0,45.0,0.7377049180327869,0.18013276699976646,0.32446993768418764,8.093788690806027,nan,nan,nan,nan,nan,nan,nan,nan,nan,nan,nan,nan
56.050000000000004,0.0,56.0,44.0,0.7857142857142857,0.18741931073376117,0.28945347521872017,8.325364572474744,nan,nan,nan,nan,nan,nan,nan,nan,nan,nan,nan,nan
56.24999999999999,0.0,62.0,48.0,0.7741935483870968,0.1980255377975677,0.2954198721247978,8.108953288263702,nan,nan,nan,nan,nan,nan,nan,nan,nan,nan,nan,nan
56.529999999999994,0.0,61.0,48.0,0.7868852459016393,0.19485207580172745,0.3189100704384454,9.573712666104239,nan,nan,nan,nan,nan,nan,nan,nan,nan,nan,nan,nan
56.65,0.0,59.0,48.0,0.8135593220338984,0.22383812122021163,0.33323999056885834,9.119485426746426,nan,nan,nan,nan,nan,nan,nan,nan,nan,nan,nan,nan
56.93,0.0,55.0,45.0,0.8181818181818182,0.22508873672468777,0.343046366463791,8.933424338625175,nan,nan,nan,nan,nan,nan,nan,nan,nan,nan,nan,nan
57.050000000000004,0.0,62.0,48.0,0.7741935483870968,0.21379715349265868,0.34282494961921234,10.24987541393446,nan,nan,nan,nan,nan,nan,nan,nan,nan,nan,nan,nan
57.330000000000005,0.0,55.0,44.0,0.8,0.1946206205117005,0.3482782744204932,9.834772449436208,nan,nan,nan,nan,nan,nan,nan,nan,nan,nan,nan,nan
57.449999999999996,0.0,56.0,47.0,0.8392857142857143,0.19546657039802892,0.34075335971982557,6.728457748318588,nan,nan,nan,nan,nan,nan,nan,nan,nan,nan,nan,nan
57.73,0.0,55.0,40.0,0.7272727272727273,0.18255448690915962,0.2845114865677636,7.605756899461373,nan,nan,nan,nan,nan,nan,nan,nan,nan,nan,nan,nan
57.93,0.0,55.0,43.0,0.7818181818181819,0.18312199674460308,0.28507453208914985,5.501934674201117,nan,nan,nan,nan,nan,nan,nan,nan,nan,nan,nan,nan
58.050000000000004,0.0,53.0,42.0,0.7924528301886793,0.19375750724001248,0.3077803888173169,4.919737076407217,nan,nan,nan,nan,nan,nan,nan,nan,nan,nan,nan,nan
58.24999999999999,0.0,52.0,41.0,0.7884615384615384,0.20738990572239416,0.31530558602313424,7.233895573140275,nan,nan,nan,nan,nan,nan,nan,nan,nan,nan,nan,nan
58.529999999999994,0.0,61.0,50.0,0.819672131147541,0.21860313463570694,0.3422864769230317,6.913167074040274,nan,nan,nan,nan,nan,nan,nan,nan,nan,nan,nan,nan
58.73,0.0,54.0,45.0,0.8333333333333334,0.21510174541375204,0.3423798677158267,8.661984722299282,nan,nan,nan,nan,nan,nan,nan,nan,nan,nan,nan,nan
58.949999999999996,0.0,63.0,52.0,0.8253968253968254,0.21935175482809827,0.3317545980831378,8.708591485092208,nan,nan,nan,nan,nan,nan,nan,nan,nan,nan,nan,nan
59.029999999999994,0.0,61.0,50.0,0.819672131147541,0.20874307751878124,0.3298383193512349,6.843834917513588,nan,nan,nan,nan,nan,nan,nan,nan,nan,nan,nan,nan
59.24999999999999,0.0,49.0,40.0,0.8163265306122449,0.22987908752037384,0.3429581069006122,5.466682149792328,nan,nan,nan,nan,nan,nan,nan,nan,nan,nan,nan,nan
59.449999999999996,0.0,54.0,41.0,0.7592592592592593,0.20706789630499012,0.30525783318170924,7.6009151208841255,nan,nan,nan,nan,nan,nan,nan,nan,nan,nan,nan,nan
59.63,0.0,56.0,49.0,0.875,0.2191597711378598,0.31074273361437044,6.184163444011356,nan,nan,nan,nan,nan,nan,nan,nan,nan,nan,nan,nan
59.830000000000005,0.0,55.0,43.0,0.7818181818181819,0.22017491854147264,0.3167269813634353,6.795347568083509,nan,nan,nan,nan,nan,nan,nan,nan,nan,nan,nan,nan
60.029999999999994,0.0,53.0,41.0,0.7735849056603774,0.22836167339782174,0.31710093114532756,8.247031498535776,nan,nan,nan,nan,nan,nan,nan,nan,nan,nan,nan,nan
60.29,0.0,52.0,34.0,0.6538461538461539,0.23599040005972546,0.33044119238659814,7.680314019210442,nan,nan,nan,nan,nan,nan,nan,nan,nan,nan,nan,nan
60.43,0.0,58.0,45.0,0.7758620689655172,0.21458636671529865,0.314018815961838,8.58637400172314,nan,nan,nan,nan,nan,nan,nan,nan,nan,nan,nan,nan
60.63,0.0,48.0,41.0,0.8541666666666666,0.2214400213903938,0.3465596806612829,7.330103095936919,nan,nan,nan,nan,nan,nan,nan,nan,nan,nan,nan,nan
60.830000000000005,0.0,55.0,38.0,0.6909090909090909,0.20262122885872086,0.30206912782132106,6.494982786934257,nan,nan,nan,nan,nan,nan,nan,nan,nan,nan,nan,nan
61.029999999999994,0.0,59.0,44.0,0.7457627118644068,0.22088403515871635,0.3406090119940769,7.602203762793519,nan,nan,nan,nan,nan,nan,nan,nan,nan,nan,nan,nan
61.23,0.0,55.0,43.0,0.7818181818181819,0.22160633993799855,0.34222755266955696,6.983251954468686,nan,nan,nan,nan,nan,nan,nan,nan,nan,nan,nan,nan
61.550000000000004,0.0,60.0,46.0,0.7666666666666667,0.2298119664631838,0.3237854062440627,7.718411607897777,nan,nan,nan,nan,nan,nan,nan,nan,nan,nan,nan,nan
61.63,0.0,54.0,38.0,0.7037037037037037,0.2386554278068381,0.32901366464572224,9.30957577505866,nan,nan,nan,nan,nan,nan,nan,nan,nan,nan,nan,nan
61.830000000000005,0.0,51.0,37.0,0.7254901960784313,0.24303808951142047,0.3323053678132708,7.589842366445812,nan,nan,nan,nan,nan,nan,nan,nan,nan,nan,nan,nan
62.089999999999996,0.0,61.0,49.0,0.8032786885245902,0.2390872461764011,0.3381154923772899,7.453986867834433,nan,nan,nan,nan,nan,nan,nan,nan,nan,nan,nan,nan
62.190000000000005,0.0,46.0,39.0,0.8478260869565217,0.24274223476097959,0.34872687711776057,8.880894647808521,nan,nan,nan,nan,nan,nan,nan,nan,nan,nan,nan,nan
62.449999999999996,0.0,51.0,39.0,0.7647058823529411,0.21777441218399596,0.32139818501737916,7.929916913442486,nan,nan,nan,nan,nan,nan,nan,nan,nan,nan,nan,nan
62.589999999999996,0.0,54.0,42.0,0.7777777777777778,0.23287354086359108,0.3406752052175644,6.843311150829107,nan,nan,nan,nan,nan,nan,nan,nan,nan,nan,nan,nan
62.93,0.0,48.0,42.0,0.875,0.24726171686771503,0.34624966900131804,7.811534201913983,nan,nan,nan,nan,nan,nan,nan,nan,nan,nan,nan,nan
63.050000000000004,0.0,58.0,49.0,0.8448275862068966,0.22937198599641337,0.3485005596696549,9.26768863487257,nan,nan,nan,nan,nan,nan,nan,nan,nan,nan,nan,nan
63.24999999999999,0.0,50.0,42.0,0.84,0.22979498495495207,0.3274700404510602,8.984974996360524,nan,nan,nan,nan,nan,nan,nan,nan,nan,nan,nan,nan
63.38999999999999,0.0,49.0,44.0,0.8979591836734694,0.21765660772026685,0.3457760110347443,8.909303049146398,nan,nan,nan,nan,nan,nan,nan,nan,nan,nan,nan,nan
63.589999999999996,0.0,53.0,44.0,0.8301886792452831,0.23965742344692445,0.3376475818805217,7.950785152286269,nan,nan,nan,nan,nan,nan,nan,nan,nan,nan,nan,nan
63.93,0.0,52.0,39.0,0.75,0.23828666193030953,0.3387142788285218,7.942450826819798,nan,nan,nan,nan,nan,nan,nan,nan,nan,nan,nan,nan
63.99,0.0,49.0,42.0,0.8571428571428571,0.22373992249226604,0.3370000281333073,9.380653836099757,nan,nan,nan,nan,nan,nan,nan,nan,nan,nan,nan,nan
64.19,0.0,46.0,40.0,0.8695652173913043,0.24753182917323996,0.342378530016639,8.680417618301973,nan,nan,nan,nan,nan,nan,nan,nan,nan,nan,nan,nan
64.38999999999999,0.0,54.0,45.0,0.8333333333333334,0.24087771641796607,0.3493339255763446,6.998892010979742,nan,nan,nan,nan,nan,nan,nan,nan,nan,nan,nan,nan
64.59,0.0,53.0,45.0,0.8490566037735849,0.23754854901120176,0.3437774794058768,8.030422727977985,nan,nan,nan,nan,nan,nan,nan,nan,nan,nan,nan,nan
64.93,0.0,56.0,44.0,0.7857142857142857,0.2526556146138431,0.3367967059108952,7.768678145093513,nan,nan,nan,nan,nan,nan,nan,nan,nan,nan,nan,nan
65.13,0.0,48.0,39.0,0.8125,0.25015607406096696,0.32188714857191236,6.860805298310578,nan,nan,nan,nan,nan,nan,nan,nan,nan,nan,nan,nan
65.15,0.0,51.0,43.0,0.8431372549019608,0.2503330290311976,0.33815441538374863,8.321238099607314,nan,nan,nan,nan,nan,nan,nan,nan,nan,nan,nan,nan
65.35,0.0,51.0,40.0,0.7843137254901961,0.2542613467570918,0.3378806283051684,7.420879710621968,nan,nan,nan,nan,nan,nan,nan,nan,nan,nan,nan,nan
65.55000000000001,0.0,51.0,40.0,0.7843137254901961,0.25368865812571306,0.33654341478505084,7.174581759336503,nan,nan,nan,nan,nan,nan,nan,nan,nan,nan,nan,nan
65.75,0.0,50.0,39.0,0.78,0.2522436082530988,0.32315195649644035,7.287242705635512,nan,nan,nan,nan,nan,nan,nan,nan,nan,nan,nan,nan
66.03,0.0,51.0,39.0,0.7647058823529411,0.2531623267200994,0.33861360541777763,6.700133892382391,nan,nan,nan,nan,nan,nan,nan,nan,nan,nan,nan,nan
66.28999999999999,0.0,55.0,45.0,0.8181818181818182,0.23595465575897354,0.3360060606921117,7.000461093300805,nan,nan,nan,nan,nan,nan,nan,nan,nan,nan,nan,nan
66.35,0.0,53.0,43.0,0.8113207547169812,0.2409449254936698,0.33482238675732456,6.720929549206903,nan,nan,nan,nan,nan,nan,nan,nan,nan,nan,nan,nan
66.63,0.0,53.0,43.0,0.8113207547169812,0.24311528721221948,0.34020161182220177,7.663268085992237,nan,nan,nan,nan,nan,nan,nan,nan,nan,nan,nan,nan
66.75,0.0,49.0,40.0,0.8163265306122449,0.2419436164222286,0.3401875579558758,6.652931907449899,nan,nan,nan,nan,nan,nan,nan,nan,nan,nan,nan,nan
66.93,0.0,46.0,37.0,0.8043478260869565,0.24245915879123525,0.337318316451836,7.512799496578011,nan,nan,nan,nan,nan,nan,nan,nan,nan,nan,nan,nan
67.13,0.0,50.0,41.0,0.82,0.24334140059715328,0.3396717989380861,7.206222558879436,nan,nan,nan,nan,nan,nan,nan,nan,nan,nan,nan,nan
67.49000000000001,0.0,52.0,42.0,0.8076923076923077,0.24330571625825698,0.34056132803798816,7.467575865495609,nan,nan,nan,nan,nan,nan,nan,nan,nan,nan,nan,nan
67.55000000000001,0.0,54.0,44.0,0.8148148148148148,0.2402454815631362,0.3388336591287549,7.7905193687175975,nan,nan,nan,nan,nan,nan,nan,nan,nan,nan,nan,nan
67.72999999999999,0.0,54.0,44.0,0.8148148148148148,0.24464167857647476,0.3396685174809384,7.597483182657727,nan,nan,nan,nan,nan,nan,nan,nan,nan,nan,nan,nan
68.09,0.0,51.0,44.0,0.8627450980392157,0.24548621902801313,0.34060280254739367,8.150288924014417,nan,nan,nan,nan,nan,nan,nan,nan,nan,nan,nan,nan
68.15,0.0,55.0,45.0,0.8181818181818182,0.23788133317148755,0.33989655140741654,7.218540714074842,nan,nan,nan,nan,nan,nan,nan,nan,nan,nan,nan,nan
68.43,0.0,55.0,47.0,0.8545454545454545,0.23671863568365029,0.33964764647185514,7.786829986111042,nan,nan,nan,nan,nan,nan,nan,nan,nan,nan,nan,nan
68.72999999999999,0.0,55.0,44.0,0.8,0.24148894263352866,0.3416507330633623,7.323325722953602,nan,nan,nan,nan,nan,nan,nan,nan,nan,nan,nan,nan
68.75,0.0,54.0,46.0,0.8518518518518519,0.2378111478254986,0.33974512824916414,7.9601919087302,nan,nan,nan,nan,nan,nan,nan,nan,nan,nan,nan,nan
68.94999999999999,0.0,50.0,44.0,0.88,0.24131504205064983,0.341263436028351,7.876366548153794,nan,nan,nan,nan,nan,nan,nan,nan,nan,nan,nan,nan
69.13,0.0,55.0,47.0,0.8545454545454545,0.24136152861689783,0.34299527054819257,7.902427192755298,nan,nan,nan,nan,nan,nan,nan,nan,nan,nan,nan,nan
69.33000000000001,0.0,56.0,47.0,0.8392857142857143,0.2418684651664674,0.34042658551241994,7.576721016518008,nan,nan,nan,nan,nan,nan,nan,nan,nan,nan,nan,nan
69.59,0.0,51.0,46.0,0.9019607843137255,0.2382517038351672,0.3403738811741268,8.09276342734121,nan,nan,nan,nan,nan,nan,nan,nan,nan,nan,nan,nan
69.72999999999999,0.0,52.0,47.0,0.9038461538461539,0.2454847306296193,0.3431564042809498,8.286624393247985,nan,nan,nan,nan,nan,nan,nan,nan,nan,nan,nan,nan
69.93,0.0,52.0,47.0,0.9038461538461539,0.24287043238770117,0.3404742882600074,7.406632737866699,nan,nan,nan,nan,nan,nan,nan,nan,nan,nan,nan,nan
70.19,0.0,54.0,48.0,0.8888888888888888,0.2433232698480946,0.3426976744156591,7.899211683090547,nan,nan,nan,nan,nan,nan,nan,nan,nan,nan,nan,nan
70.33000000000001,0.0,50.0,38.0,0.76,0.2454170075057838,0.34102340626475486,6.369935591426643,nan,nan,nan,nan,nan,nan,nan,nan,nan,nan,nan,nan
70.59,0.0,52.0,46.0,0.8846153846153846,0.23964685055256021,0.3421513963436897,8.41492418240826,nan,nan,nan,nan,nan,nan,nan,nan,nan,nan,nan,nan
70.78999999999999,0.0,51.0,44.0,0.8627450980392157,0.24917489550816702,0.3429915788794835,8.524349469589604,nan,nan,nan,nan,nan,nan,nan,nan,nan,nan,nan,nan
70.93,0.0,51.0,46.0,0.9019607843137255,0.24375679858908778,0.3429089850587778,6.587348451355277,nan,nan,nan,nan,nan,nan,nan,nan,nan,nan,nan,nan
71.13,0.0,50.0,45.0,0.9,0.2435796941481416,0.34315841316089135,7.869974701691985,nan,nan,nan,nan,nan,nan,nan,nan,nan,nan,nan,nan
71.38999999999999,0.0,51.0,46.0,0.9019607843137255,0.2411090975179113,0.341910266986156,8.204714906402158,nan,nan,nan,nan,nan,nan,nan,nan,nan,nan,nan,nan
71.59,0.0,50.0,45.0,0.9,0.2429408381057076,0.34256860413566737,7.766240387814567,nan,nan,nan,nan,nan,nan,nan,nan,nan,nan,nan,nan
71.75,0.0,54.0,44.0,0.8148148148148148,0.25437553036263977,0.3430469694108187,7.113887918717396,nan,nan,nan,nan,nan,nan,nan,nan,nan,nan,nan,nan
71.88999999999999,0.0,56.0,46.0,0.8214285714285714,0.24632519123994998,0.34250032808641945,7.865459512675876,nan,nan,nan,nan,nan,nan,nan,nan,nan,nan,nan,nan
72.09,0.0,52.0,46.0,0.8846153846153846,0.24408294733265962,0.3410268025574454,7.749149138029701,nan,nan,nan,nan,nan,nan,nan,nan,nan,nan,nan,nan
72.33000000000001,0.0,53.0,44.0,0.8301886792452831,0.2417891493138233,0.3413205992443678,7.565962796396956,nan,nan,nan,nan,nan,nan,nan,nan,nan,nan,nan,nan
72.55000000000001,0.0,50.0,45.0,0.9,0.24334649402060318,0.3432296971119407,7.8985943761555575,nan,nan,nan,nan,nan,nan,nan,nan,nan,nan,nan,nan
72.72999999999999,0.0,54.0,48.0,0.8888888888888888,0.24442813496032567,0.339586121240264,7.141612718817753,nan,nan,nan,nan,nan,nan,nan,nan,nan,nan,nan,nan
72.93,0.0,53.0,46.0,0.8679245283018868,0.2435302442487257,0.34098252297270404,8.40856070763079,nan,nan,nan,nan,nan,nan,nan,nan,nan,nan,nan,nan
73.09,0.0,50.0,45.0,0.9,0.24500576421463427,0.34435981695924855,7.595270996014227,nan,nan,nan,nan,nan,nan,nan,nan,nan,nan,nan,nan
73.35,0.0,57.0,48.0,0.8421052631578947,0.2460765739397693,0.3444136622770513,7.684188104794513,nan,nan,nan,nan,nan,nan,nan,nan,nan,nan,nan,nan
73.49000000000001,0.0,54.0,47.0,0.8703703703703703,0.24779595558958775,0.346565864653492,8.816191187888842,nan,nan,nan,nan,nan,nan,nan,nan,nan,nan,nan,nan
73.75,0.0,50.0,45.0,0.9,0.2602639168284844,0.3489867561934904,6.383586944241865,nan,nan,nan,nan,nan,nan,nan,nan,nan,nan,nan,nan
73.88999999999999,0.0,38.0,33.0,0.868421052631579,0.26909747528780553,0.3474647036047802,8.808526958319135,nan,nan,nan,nan,nan,nan,nan,nan,nan,nan,nan,nan
74.22999999999999,0.0,27.0,2.0,0.07407407407407407,0.32993271653995754,0.33958733716993733,8.893417256164634,nan,nan,nan,nan,nan,nan,nan,nan,nan,nan,nan,nan
74.28999999999999,0.0,30.0,23.0,0.7666666666666667,0.28447552390131653,0.3489811384162643,5.99622972634557,nan,nan,nan,nan,nan,nan,nan,nan,nan,nan,nan,nan
74.49000000000001,0.0,23.0,19.0,0.8260869565217391,0.2862307166827089,0.3302216493227773,9.818523463500421,nan,nan,nan,nan,nan,nan,nan,nan,nan,nan,nan,nan
74.83000000000001,0.0,15.0,4.0,0.26666666666666666,0.3394150419117503,0.34719305899505615,9.598697452045206,nan,nan,nan,nan,nan,nan,nan,nan,nan,nan,nan,nan
75.28999999999999,1.0,19.0,19.0,1.0,0.20803614621469382,0.25275122660146127,3.596904299385002,0.2,-0.12,0.21189085286701803,2.1140239852707845,0.3547418521651423,0.663911180099705,-0.12324039129424369,0.15751763696056975,0.0,0.911345214501798,0.9626301131855733,0.9676079975358569
75.49000000000001,1.0,40.0,38.0,0.95,0.1331009373150225,0.21225128425522088,4.9762396489989715,0.2,-0.12,0.13792601317897757,2.1502263533078523,0.40648198322200413,0.8422483239677497,-0.03658795932732639,-0.018734950827895613,-0.002464144545628044,0.7943879208356146,0.8028870130141651,0.6417977806706152
75.69,1.0,40.0,40.0,1.0,0.12228323318491122,0.1792802696888515,5.274147557733543,0.2,-0.12,0.12389868650497289,2.1762515671640434,0.46455754749149325,1.0233999600874526,-0.029127770521601093,-0.032974220011045385,-0.0009175331708777268,0.5741135333218601,0.5533387949930543,0.4471076742401239
76.09,1.0,34.0,34.0,1.0,0.12625354923214666,0.1589619748790477,3.1066131990635752,0.2,-0.10233835460576278,0.12454514004760185,2.201794879393935,0.5817998907848284,1.3636300703979807,-0.03839646686939435,-0.07870094630415914,-0.0005614934980762154,0.5964801269460006,0.46814335190721956,0.43846763021808
76.25,1.0,30.0,30.0,1.0,0.09663577481877342,0.12366105606440288,2.2662796367877323,0.2,-0.015365150691703775,0.09317249007425273,2.2065691064553774,0.6560181025102757,1.4497144826561765,-0.022995662201410028,-0.06114158124756486,-0.00052202227842435,0.6267204655066944,0.4904522566736062,0.34892420813191766
76.43,1.0,33.0,33.0,1.0,0.10177303357369454,0.1257270089685276,2.0191097320338494,0.2,0.0025273430776290066,0.09960896800793083,2.2073521636784954,0.7283011623502861,1.5266491784760001,-0.01190073265289504,-0.04727055832919591,-0.0005551692924574692,0.5786142169466382,0.3919995637559475,0.34330035544942566
76.65,1.0,32.0,32.0,1.0,0.11379220772514195,0.13169675883195117,1.7478523589982282,0.2,-0.005367422026157636,0.11040288353459883,2.2121099223540064,0.828740801664401,1.5915021079616596,-0.006004626372861921,-0.04193281314745834,-0.0004885166884536218,0.5493905569571955,0.3352172017357852,0.34530927140600626
76.83000000000001,1.0,32.0,32.0,1.0,0.13086495384464697,0.14983553114828033,1.3211806749669766,0.2,-0.002587262431050211,0.1279774762274691,2.207585356209365,0.9063542815156415,1.6262465363555922,-0.0026368620423533606,-0.034848692369628176,-0.0003674096650254643,0.4749416133034704,0.2665284858606065,0.33164535275413964
77.05000000000001,1.0,40.0,40.0,1.0,0.1256591322604613,0.1548449965740498,1.3093588737468145,0.2,0.0021592545962760418,0.12334769334332422,2.2063272675948467,1.0162957778862887,1.6524750701503166,-0.0008316461212105608,-0.03078067316430455,-0.00027399856363441444,0.5281109610000855,0.3041070146342573,0.34032703135595516
77.25,1.0,39.0,39.0,1.0,0.12829579348490563,0.1547581392913563,1.3906452327954892,0.2,0.000899763443506755,0.12579902135977256,2.205690324794886,1.1199085212643007,1.6441038590918637,-0.00011535977234888861,-0.019740082839619255,-0.00018702731273023687,0.5150317396737897,0.2977356321577525,0.33680317766220663
77.43,1.0,32.0,32.0,1.0,0.1206515287256125,0.1353364422355462,2.601302967547196,0.2,-0.0013294207126824118,0.11778866512672981,2.208405304298135,1.2178512351082071,1.5967855193522844,-0.0002078263770401989,-0.004410038595286547,-0.00011757340922891046,0.5423071188970334,0.32143305914310366,0.327785581756106
77.65,1.0,33.0,33.0,1.0,0.12805066982706476,0.16769201919303428,4.0586284848546175,0.2,-0.008090575459668384,0.12585213527566105,2.231379155771473,1.3416232318997103,1.5113212542646102,0.0002512647410459756,0.01409371083898181,-7.744317470681493e-05,0.5154900466594764,0.29751636769754786,0.33869306589597625
77.85,1.0,34.0,33.0,0.9705882352941176,0.1852197123217192,0.24963514778896287,4.674919454084309,0.2,-0.09091191749511025,0.18497566237522942,2.260166997548297,1.4604368729894448,1.4282759524927313,0.0017994610855112114,0.026418357657343572,-8.283095556760323e-05,0.3304161015948788,0.1666717270041076,0.3362124197962704
78.38999999999999,1.0,43.0,37.0,0.8604651162790697,0.06539011109194263,0.17756175563222892,10.964232732053855,0.2,0.12,0.0784222550030255,2.3638175301888045,1.7555048300379166,1.2771723251123477,0.008075728756944844,0.051505099604067794,-9.501174344128671e-05,0.8445277097898719,0.6560707401696818,0.43969270991114473
78.59,1.0,29.0,22.0,0.7586206896551724,0.036037958554535246,0.07791808832601532,7.857487153535998,0.2,0.10603730113977984,0.035498558049905274,2.4050942036807634,1.8533726791101737,1.2516702352170253,0.004876689150715041,0.022880504015064806,-0.0004409732222094842,0.7811932454742956,0.6384462861298007,0.294149401059663
78.65,1.0,41.0,26.0,0.6341463414634146,0.1327821597076621,0.17626415122866546,6.651772175508952,0.2,0.04810480948077996,0.1330016933841202,2.4167723279969975,1.883229052578011,1.2458068681912975,0.0025342420568499335,0.009612351400049457,-0.00047602260973422794,0.1915917076732654,0.1250524943320524,0.2798291133871519
78.93,1.0,54.0,44.0,0.8148148148148148,0.06569510736765145,0.19011358649589777,8.109573155596667,0.2,0.0852484293540989,0.07441206441700972,2.471504214209192,2.013115714697439,1.2255922370097394,0.003651791175986574,0.012273454557880203,-0.00035235514851383876,0.7269808717506164,0.522379329071412,0.36641695428098464
79.05000000000001,1.0,51.0,47.0,0.9215686274509803,0.1055361143894992,0.1827331963517405,4.697045785572,0.2,-0.0708273891368831,0.11323537517878679,2.497793997208487,2.069796163151795,1.2219831808223045,0.0022417996182699795,0.006829922153696266,-0.00026345017392004344,0.39564241301265535,0.2567243760538017,0.31833816431303563
79.25,1.0,52.0,42.0,0.8076923076923077,0.0430249267188208,0.23007046913252918,10.38865476094058,0.03585593183206113,0.11557768624069949,0.06509231833647076,2.694010206996665,2.104612113576924,1.2160842587303868,0.1560904592061001,-0.050704745637622395,-0.00018981512138260825,0.7417866051632106,0.5719621450237256,0.326842929991354
79.43,1.0,54.0,43.0,0.7962962962962963,0.02933448067572254,0.08097287411839672,8.833409479862233,0.04061337506469267,0.11087380783630618,0.03143947101601392,2.7240788653784604,2.1789273244948983,1.2098073132403186,0.03210138270199092,-0.008458686645798519,0.0023211682254484782,0.7955435218299112,0.6489856164584292,0.3232134082196173
79.63,1.0,43.0,42.0,0.9767441860465116,0.0316625278024358,0.07831294158428892,8.725018229860662,0.07140400830419372,0.09847749702743278,0.03497035701633748,2.7311337589318763,2.2824246433403412,1.2336178378882516,-0.023550071631514236,0.008438986118188385,0.0020375725497596697,0.7848084048051666,0.6168232665017681,0.329098495910913
79.83000000000001,1.0,48.0,46.0,0.9583333333333334,0.03219709889179187,0.09661343713241705,8.831309892003814,0.15968030315956555,0.02717819512782412,0.03488600532039186,2.6792939533073326,2.4015292455445647,1.303689827790845,-0.09119250649111477,0.02012669706799608,0.0009451194215173153,0.7903313980485103,0.6055351810355398,0.3316525886430209
80.09,1.0,46.0,46.0,1.0,0.05736150617849221,0.09687833229199158,4.532747242774699,0.2,-0.10157492649631829,0.057761123429332276,2.6541048158207166,2.513641570036458,1.4385638848359772,-0.06194289168140177,-0.013632786607420844,-0.0010484352305006885,0.7861292784753579,0.5637224918279699,0.3543655168899271
80.22999999999999,1.0,46.0,45.0,0.9782608695652174,0.04931142566699431,0.11901885063044282,4.7506159701414585,0.2,-0.02782451716785448,0.05575004395040102,2.6547544319780956,2.564106942767111,1.5324804289634295,-0.01537007545487823,-0.02755446377050541,-0.0017725054700581389,0.7364993979839555,0.5174081739301775,0.3203987498274472
80.53,1.0,36.0,30.0,0.8333333333333334,0.07741606175724144,0.12407473616006472,3.9600895584473164,0.2,-0.11873203766187941,0.07597422151476012,2.6334951988162434,2.6672070507347256,1.7581349965830144,-0.0010382438262128701,-0.05847425029799913,-0.0014328008710540185,0.7078273969244855,0.43710529877128135,0.3487535187221616
80.63,1.0,46.0,39.0,0.8478260869565217,0.12544079086550064,0.1626000573821062,2.0024751142722454,0.2,-0.009964691232513794,0.12337866821269651,2.6202620913478016,2.6971448220035787,1.8416384818908984,0.004776828672961031,-0.049136392267132845,-0.00116975091554683,0.35499745786621173,0.203270899456851,0.31312278138328775
81.09,1.0,42.0,39.0,0.9285714285714286,0.16162674270012742,0.18734591669532924,1.4778763407225721,0.2,-0.012081458407520595,0.15889081362512095,2.526242934608425,2.8444611251417764,2.1213345770280965,0.027001902011531076,-0.09031735691613063,-0.0008852155722314237,0.4541350823632679,0.2808651409748856,0.4110812824854162
81.22999999999999,1.0,42.0,40.0,0.9523809523809523,0.1986825186637403,0.22057888857229155,1.2167759721815006,0.2,0.009733538885602985,0.1962755520400483,2.494293353019201,2.902985031706721,2.133879097822639,0.024574926306028644,-0.06960907508226999,-0.0008113689636002341,0.2911023422343774,0.1974675762347523,0.3456937465527697
81.49000000000001,1.0,43.0,42.0,0.9767441860465116,0.17910888372424394,0.2062677189262164,0.9701955980360624,0.2,0.032558116056853124,0.1768805476363572,2.4265960111630296,3.029564427738909,2.076329691337108,0.016180556664449064,-0.04754654067622344,-0.000622824772122943,0.37949909532323617,0.2721931478213137,0.3604284626256342
81.63,1.0,54.0,46.0,0.8518518518518519,0.18200607452475961,0.20078460789801797,1.121855138784767,0.2,0.031709071583657676,0.17919108400365333,2.393416546941765,3.1086176861746493,2.0074762275791604,0.00798472558418517,-0.02375619457089284,-0.00046665631839593047,0.3414732586892198,0.2459705784110495,0.3233044531575475
81.83000000000001,1.0,44.0,42.0,0.9545454545454546,0.17334595053331908,0.20153647038341949,2.6977456771641712,0.2,0.03888570787715936,0.17034155040630766,2.364240600876363,3.226400535462575,1.883974172156513,-0.0020657790011511246,0.0044889707037985005,-0.0003325235628230949,0.3873683591062686,0.26338455024663815,0.3293568044887895
82.03,1.0,44.0,44.0,1.0,0.16742870079531272,0.1895163388843115,2.858473814084384,0.2,0.03432901600247512,0.16501718281409017,2.352901780950302,3.35662506888904,1.7348633436741867,-0.008603481736493723,0.03239870945350498,-0.00022828131821017728,0.415199858518247,0.26432784744611754,0.33204486039481934
82.22999999999999,0.0,35.0,4.0,0.11428571428571428,0.345149059257471,0.3494252991928188,2.04102769159058,nan,nan,nan,nan,nan,nan,-0.008603481736493723,0.03239870945350498,-0.00022828131821017728,0.415199858518247,0.26432784744611754,0.33204486039481934
82.38999999999999,1.0,32.0,31.0,0.96875,0.15014258418380758,0.17536374315878375,3.597679091156737,0.2,0.00022788311413156134,0.1470528333336508,2.383841932927508,3.584828752199157,1.4812043975381837,-0.008637956260942659,0.0748540657678296,-0.00019516323256119072,0.5457029328433098,0.32802986068451606,0.3802478724608887
82.63,1.0,30.0,25.0,0.8333333333333334,0.13588863401202358,0.1580876449981814,3.5344112819926035,0.2,0.015457547791259213,0.13351138370828944,2.4251816488683544,3.7388218159371305,1.365234765250434,-0.0021778593249370815,0.07341209663799741,-0.00040037796727743213,0.49891716602649194,0.3048380598217571,0.31662265309087817
82.83000000000001,1.0,27.0,27.0,1.0,0.06111992332883645,0.10894243465216331,6.520701059391956,0.2,0.09348690717708398,0.06117112657524264,2.466504282326529,3.8539940391894847,1.300589933252996,0.0029073609918270904,0.06355070930017304,-0.0005768282663958235,0.8166035734843241,0.6766089857671271,0.3252951468992543
82.99000000000001,1.0,34.0,33.0,0.9705882352941176,0.08231797871169015,0.11210993350503734,4.688252386931789,0.2,0.04674569916381934,0.08106547196750284,2.502703156921402,3.9436479590158995,1.2604231112080242,0.0045318414871853285,0.028295225796513,-0.0008950292787026637,0.6042588342320955,0.42984997441374745,0.34173873100985236
83.19,1.0,46.0,46.0,1.0,0.13615508616521108,0.19349616950805684,5.2306155469035,0.2,-0.02191657874052484,0.13476941349873073,2.5454578846416442,4.042919336789525,1.2258081390321662,0.005681618205390926,0.022919634749709594,-0.0007214584695418579,0.4015140573247205,0.23008169553465618,0.33750723610386457
83.44999999999999,1.0,40.0,40.0,1.0,0.10529927289694552,0.15373919614742562,7.122388714222968,0.2,0.034490437527798956,0.1041825461499426,2.5986116956064254,4.165154633716971,1.2000144833318493,0.006749395498260924,0.02282821089549003,-0.0005226481182671883,0.6115086435076635,0.40472443953823967,0.3569179386837252
83.72999999999999,1.0,41.0,41.0,1.0,0.15007255324860025,0.2021712739458417,5.524512425335725,0.2,0.006015849580639488,0.14973140847541686,2.6585932117863273,4.291223656453599,1.1881157885954945,0.005523171790703607,0.016369968134779533,-0.00039132642481720653,0.44136047779992055,0.2674245333593896,0.37168181998806393
83.85,1.0,41.0,41.0,1.0,0.16857129109911942,0.21418426273332183,3.537589278301058,0.2,-0.03959366730783992,0.16616020889405006,2.6832893066433816,4.348072993017969,1.18543229701075,0.004602447329402626,0.012930044913479044,-0.00027115390144438756,0.3389737991762264,0.21428012917876177,0.3207761673283717
83.99000000000001,1.0,48.0,47.0,0.9791666666666666,0.16665324894901126,0.1994218104462156,2.6574188364397795,0.2,-0.0698382386297717,0.1645200254658591,2.713865218386927,4.409860153731829,1.1835174585650863,0.003950007817764778,0.01078032851843691,-0.0001948294699349873,0.3530763427016231,0.22366219140814406,0.3047249180843841
84.25,1.0,47.0,47.0,1.0,0.18009616432498357,0.20772744827760273,2.431888377413513,0.2,-0.06640700658570646,0.17788842295085583,2.767475340042244,4.5305723711281365,1.1833067719113144,0.003253355727158347,0.008647154128563983,-0.00014435212721419788,0.37829404412681983,0.23182376535836577,0.3433642733024459
84.38999999999999,1.0,45.0,45.0,1.0,0.16138493771815585,0.20849640357978852,3.4558277370454418,0.2,-0.07084709799190696,0.15959555756292765,2.7956572652549845,4.592842620670725,1.1938300789932477,0.0018566305066265443,0.004920494544838228,-0.00010067679675906938,0.40382186006880944,0.263238318889986,0.31541213482327274
84.59,1.0,41.0,41.0,1.0,0.15876384018488107,0.17626544706787986,2.0113739825668304,0.2,-0.08844808530215242,0.15688367548445,2.8279638994083336,4.677509385322397,1.2384829952003875,-0.0016549410468296166,-0.004624360103835379,-7.214836074065366e-05,0.42210287586740264,0.27258930153148897,0.32579294444897167
84.78999999999999,1.0,46.0,46.0,1.0,0.15138069176546343,0.167735083944269,1.6960015260088557,0.2,-0.09412165733620453,0.14927438648493604,2.850148992335051,4.759246112559901,1.3109750502077393,-0.005493467834868149,-0.01734024021794678,-4.654566660522441e-05,0.4519251220345165,0.28802583974075363,0.3304484219412774
85.05000000000001,1.0,43.0,43.0,1.0,0.11829080882371193,0.14845658602157719,1.8624183439643096,0.2,-0.12,0.11614454661703612,2.857962194650213,4.860451575488944,1.46334434029927,-0.00963298920270761,-0.04261605388918355,-3.0222610357899526e-05,0.6084384658919609,0.4040073710681299,0.35405524782800796
85.19,1.0,41.0,41.0,1.0,0.11802294854634914,0.13984450386339725,1.8880757130833248,0.2,-0.09523017335365638,0.11640964958735378,2.856445748620296,4.909207646584173,1.558301721972006,-0.007043208296764636,-0.044832251556406355,-7.578784094497414e-05,0.5191567583450202,0.33651176484858014,0.32036863791879655
85.38999999999999,1.0,35.0,35.0,1.0,0.10815007252377806,0.1286207065547633,1.7018064839642475,0.2,-0.09016727730072313,0.10580298511084216,2.8426507533761542,4.9883914651057415,1.686001036423864,-0.0030329640466288943,-0.05538475501447504,-0.00010925796061211912,0.5890734991799225,0.37277714170468823,0.32791926874526167
85.59,1.0,32.0,32.0,1.0,0.1050795170080466,0.12770614613828835,2.2870323493755715,0.2,-0.07837871296479197,0.10222458699849882,2.819895977388191,5.074078743323203,1.7962420546526907,0.0027076894896445047,-0.05644090518713085,-0.0001956469296271468,0.5957887701559826,0.3800903942015954,0.33124076561768107
85.85,1.0,28.0,28.0,1.0,0.11538182095699677,0.13473717971222418,2.5670963105369493,0.2,-0.09726688544585484,0.11359110961047322,2.782840175920726,5.191908516143842,1.8875391708875513,0.007795654190390966,-0.052649428562292044,-0.00027320375521178164,0.5380071652799128,0.3254963460303506,0.32442946044639775
86.03,1.0,30.0,30.0,1.0,0.09937454759260915,0.12366656764383946,2.1933989555103217,0.2,-0.06985786133609316,0.0959463527421201,2.7549006472720006,5.267267379137563,1.9357363581647367,0.009956037328684886,-0.04504984255380684,-0.00029207560039856695,0.6127123015477969,0.4195043329480414,0.3282726735892691
86.25,1.0,31.0,31.0,1.0,0.0971260741136263,0.1239547263552168,2.8935735495832917,0.2,-0.05561491141820722,0.0937621419023318,2.710850013295643,5.383032057726717,1.9679179351867104,0.009465196588927416,-0.03281889914695668,-0.0002700658711809467,0.6157793240103424,0.4359620363122847,0.3409098825346768
86.35,1.0,31.0,26.0,0.8387096774193549,0.06913779091250073,0.15499682272936297,5.964227990719003,0.2,-0.0164099797237073,0.06921829135940882,2.6905668638218683,5.432054346743336,1.9796755398604704,0.007257909647841565,-0.021447627504606714,-0.00021338476482846147,0.6178251812554055,0.47332343377385955,0.2613530792079827
86.65,1.0,40.0,38.0,0.95,0.036173977829256534,0.09940125006944765,7.284807750017725,0.2,0.035286570144841434,0.03659107381153675,2.6283966869552806,5.578739570718616,2.0016485650775433,0.006138586642803201,-0.01582305496803471,-0.00016802748482636074,0.8524595982286054,0.726395495536752,0.3638674521109189
86.83000000000001,1.0,29.0,23.0,0.7931034482758621,0.03130251449174632,0.07485474427164594,10.158395269280101,0.19765649117080342,0.09756642492173766,0.02659782222263264,2.5893711814786684,5.670785195297578,2.0092707670786165,0.004789633195495746,-0.0051443506863746435,-0.00010202660082336834,0.7262654028444875,0.5551757695287486,0.2698719250315375
87.03,1.0,32.0,30.0,0.9375,0.07717284461289145,0.15741335079898586,8.346979778244565,0.1009645268011028,0.12,0.0791657235155009,2.6371955230679425,5.803343520183765,2.0143981413730234,0.0896007786555062,0.03781045214147927,-3.1025223122149725e-05,0.6090908603637726,0.4185105743933918,0.33727487087225144
87.15,1.0,33.0,30.0,0.9090909090909091,0.11444237284616607,0.17617557557856248,10.072784286445572,0.0962817892394154,0.12,0.11638270824026052,2.6209173898252063,5.861293552167783,2.0184934953122324,0.03497409494078729,0.0132360698860019,0.0012684386638741607,0.37718462378410766,0.2416454752121608,0.30150566711110566
87.35,1.0,36.0,34.0,0.9444444444444444,0.07693024798439325,0.1522733603757653,8.642556966997219,0.17023852114611282,0.12,0.08235560098262291,2.514783209992506,5.921412626092567,2.0197572829980075,-0.04598451716595031,-0.025119610608648202,0.0011701826699956897,0.6539693512739808,0.47590455520326486,0.3284421217647869
87.63,1.0,41.0,33.0,0.8048780487804879,0.16353584125835238,0.1892352654776173,2.155333385679728,0.2,0.01132826314098776,0.1607668074997694,2.432024575832494,6.03494384451914,2.0188950947622377,-0.04003879748081607,-0.02086206511049049,0.0001713301835803982,0.3821895111286309,0.2281800731350855,0.36037004390999455
87.83000000000001,1.0,39.0,34.0,0.8717948717948718,0.1473000327375424,0.18344371170918355,2.6676912396413015,0.2,0.026149339103378837,0.14495445008893335,2.3931785131492367,6.126978626114649,2.018068817201346,-0.02277865985513916,-0.012095966844518635,-0.00022944240292144258,0.45284019655054536,0.29173668896352545,0.3455293243583053
88.03,1.0,45.0,43.0,0.9555555555555556,0.16238749113156437,0.18588120261325994,2.491955023056998,0.2,0.01846151587453637,0.15979216097921195,2.3531132073875622,6.221848136765949,2.017719526655234,-0.011248510356823171,-0.006201293020059673,-0.0003564197196741503,0.4030619354568975,0.26160332135419045,0.3391740114597472
88.15,1.0,54.0,50.0,0.9259259259259259,0.19418194530302263,0.2151292239907006,1.691356380475569,0.2,0.024511138584317083,0.19121707791062756,2.332431874249751,6.282758843164489,2.0153505122518762,-0.006360154341009228,-0.0031556385509086127,-0.00032548149748556904,0.2874253903158586,0.18716062754948087,0.3055081159540459
88.33000000000001,0.0,41.0,4.0,0.0975609756097561,0.3440626849987699,0.3497798330400049,1.8865609912105188,nan,nan,nan,nan,nan,nan,-0.006360154341009228,-0.0031556385509086127,-0.00032548149748556904,0.2874253903158586,0.18716062754948087,0.3055081159540459
88.69,0.0,41.0,0.0,0.0,nan,nan,nan,nan,nan,nan,nan,nan,nan,-0.006360154341009228,-0.0031556385509086127,-0.00032548149748556904,0.2874253903158586,0.18716062754948087,0.3055081159540459
88.75,0.0,41.0,0.0,0.0,nan,nan,nan,nan,nan,nan,nan,nan,nan,-0.006360154341009228,-0.0031556385509086127,-0.00032548149748556904,0.2874253903158586,0.18716062754948087,0.3055081159540459
88.93,0.0,41.0,0.0,0.0,nan,nan,nan,nan,nan,nan,nan,nan,nan,-0.006360154341009228,-0.0031556385509086127,-0.00032548149748556904,0.2874253903158586,0.18716062754948087,0.3055081159540459
89.13,0.0,39.0,0.0,0.0,nan,nan,nan,nan,nan,nan,nan,nan,nan,-0.006360154341009228,-0.0031556385509086127,-0.00032548149748556904,0.2874253903158586,0.18716062754948087,0.3055081159540459
89.33000000000001,0.0,39.0,4.0,0.10256410256410256,0.3460389018977581,0.34826674450008255,1.4613376478462625,nan,nan,nan,nan,nan,nan,-0.006360154341009228,-0.0031556385509086127,-0.00032548149748556904,0.2874253903158586,0.18716062754948087,0.3055081159540459
89.59,0.0,32.0,0.0,0.0,nan,nan,nan,nan,nan,nan,nan,nan,nan,-0.006360154341009228,-0.0031556385509086127,-0.00032548149748556904,0.2874253903158586,0.18716062754948087,0.3055081159540459
89.72999999999999,1.0,35.0,30.0,0.8571428571428571,0.12237386352990628,0.1969353112855239,7.450658081560069,0.2,0.05366495639498236,0.12034184031882666,2.3166502705483705,7.204606611170955,1.3494276545891888,-0.01869637701639304,0.12775317261799568,-0.0002592404596879483,0.8453481816831173,0.629850564734368,0.5979639839500767
89.93,1.0,45.0,29.0,0.6444444444444445,0.06386045012548057,0.14922017329072843,11.95389555098255,0.2,0.08231456627753084,0.06140827333624376,2.3551160316295503,7.313060670249745,1.3012305886725226,-0.004753487362743503,0.05721610282113865,-0.0018461453198994613,0.844232870579591,0.7458195134570396,0.4207457802088198
90.22999999999999,1.0,36.0,21.0,0.5833333333333334,0.07989894492605165,0.15410170014179517,13.19004391428633,0.2,0.12,0.08671126244674904,2.414223405663926,7.463276182187615,1.2571485390953665,0.002789539651094408,0.02283331037487102,-0.0017698985621315,0.5992301589446954,0.37286754915089976,0.3191981127749993
90.38999999999999,1.0,52.0,49.0,0.9423076923076923,0.0859576612974905,0.19151032917601754,11.317162100225353,0.2,0.0734945479583681,0.09303393654560721,2.4424480632436185,7.542677763098003,1.2452985473410685,0.003629623813897087,0.01675285903781898,-0.00134070334440195,0.6113897923143251,0.41753238454807673,0.38255791714126874
90.59,1.0,56.0,54.0,0.9642857142857143,0.0861291358686622,0.18023973866930137,8.3863125371382,0.2,0.08518659833338453,0.09354384339429296,2.4820465128778677,7.636759871247397,1.2375931996934233,0.0031305354840402977,0.011441953862799892,-0.0008821930751714557,0.6106017766160565,0.4101586963574913,0.3547500200572986
90.72999999999999,1.0,47.0,47.0,1.0,0.08421588065458964,0.13885059801706537,4.9027900848832315,0.2,0.06951165048293834,0.08653931692299362,2.5069947794411287,7.702034931729445,1.2344393549595487,0.002329001912595885,0.007575142290433767,-0.0005990600379532918,0.6011895308327123,0.4152496783263197,0.3206417116607858
90.93,1.0,39.0,39.0,1.0,0.09897851213423846,0.16304901674796388,4.985809245693456,0.2,0.04040456476620182,0.10472272256620793,2.5467159886016772,7.795759457397017,1.2328055154771747,0.0016218527631828294,0.004893641029731555,-0.0004191007321989737,0.5404722732690659,0.3400949090958776,0.3280944544981959
91.13,1.0,41.0,41.0,1.0,0.08917404721952266,0.16738214865685216,4.755364178228741,0.2,0.04589194396332578,0.0951635883783891,2.5813617810754876,7.889074386197335,1.2315251363234534,0.001242320447401024,0.003593045809277662,-0.00028837031880946107,0.6080876704436063,0.40491325262245664,0.3313812990147223
91.33000000000001,1.0,26.0,21.0,0.8076923076923077,0.10438908117028452,0.1920370421616162,6.852520744021803,0.2,-0.0008811770938058003,0.1075190768323483,2.619242195074611,7.979702258755253,1.2401981825276278,0.00022430167410059099,0.0005952399666346864,-0.00019594379388410132,0.44211068310172413,0.26179899262674067,0.24674306990747508
92.13,1.0,18.0,18.0,1.0,0.02302934855305435,0.04594087397988851,2.3743843426260645,0.2,-0.060326546439648236,0.01985208582125955,2.667695386505544,8.299759711017954,1.5956238073705595,-0.010545636335787645,-0.06943887562682427,-0.00014796563068708582,0.9062979988473423,0.7491584429238685,0.3683324163247538
92.35,1.0,20.0,20.0,1.0,0.03693290143380788,0.05718947891973422,2.3137641720972657,0.2,-0.12,0.034050238618008294,2.6533056190664244,8.369391744830141,1.7671610186975943,0.0004938939932781494,-0.05182229688145057,-0.00040434160999414104,0.779252340056169,0.5870681027965551,0.3433082782719364
92.55000000000001,1.0,16.0,13.0,0.8125,0.03088429961211088,0.08631969980952293,14.142132457491087,0.2,-0.12,0.03908762974502022,2.6172758267096174,8.427554288354049,1.935730245227944,0.010436018083626486,-0.05374215685510286,-0.0005108466594192507,0.6544528305991959,0.43748653137846794,0.2251699644873363
93.28999999999999,1.0,40.0,27.0,0.675,0.09226777902157955,0.18981810532378307,7.94768753897016,0.2,-0.12,0.10384237096454937,2.4148810829158376,8.64275450644126,2.385400298558757,0.05702529191408745,-0.10483038727890914,-0.0008379196573269354,0.6551694340614264,0.5597700294801355,0.4945974734534306
93.63,1.0,27.0,16.0,0.5925925925925926,0.05799622511239435,0.1709307594024196,8.384523126769562,0.2,-0.12,0.07028396982884669,2.2950574082769597,8.737581697510237,2.464805851586198,0.04657068116217422,-0.06445104446097716,-0.001497049514443738,0.6036797768157317,0.6174844140296539,0.30239483179165444
93.69,1.0,41.0,33.0,0.8048780487804879,0.1288086501494448,0.22227607160818644,5.8870232890823555,0.2,-0.12,0.13964499511626416,2.274214707909597,8.757766356208926,2.47340494062653,0.02749819177903179,-0.031252113455915165,-0.0016557945065174273,0.27027451801259816,0.28720136714151884,0.395653029901907
93.88999999999999,1.0,38.0,24.0,0.631578947368421,0.15479311062917592,0.23778102515973631,7.111042181896231,0.2,-0.12,0.16448004636958538,2.202227343118935,8.814594773668112,2.4929782639138445,0.025047763479852492,-0.026239334436528594,-0.0010605976364717051,0.21243495489680272,0.2503524376721492,0.2970665944300322
94.09,1.0,46.0,35.0,0.7608695652173914,0.1488127893880781,0.24417389811101467,8.608537338214184,0.2,-0.12,0.16147827168377113,2.126997573381647,8.873670720459426,2.505964372573059,0.02393158083195024,-0.023182705585949037,-0.000778877403204703,0.3051580915160386,0.36447539138707225,0.36043633328232794
94.35,1.0,46.0,35.0,0.7608695652173914,0.14886328036326615,0.2070759195591304,3.841959930096719,0.2,-0.12,0.15545244440313044,2.025288166584332,8.953601657942956,2.5129411926634546,0.020302830173124953,-0.018120858657633576,-0.0005240788081843917,0.3451566767355894,0.41489426580794186,0.36636803376395666
94.49000000000001,1.0,42.0,25.0,0.5952380952380952,0.04833598415131334,0.0688110850069128,2.521833845319331,-0.2,-0.05603574764032495,0.04582547086733189,2.204973722000558,9.318044859430719,2.514813818619853,0.25030922820474655,0.31081126011320137,-0.00034142311229778954,0.7587910643857633,0.8038596277644985,0.27405217169948576
94.69,1.0,40.0,24.0,0.6,0.06297056968028483,0.07662107679498366,1.5412636634444268,-0.2,-0.044407580210248286,0.06013582064397935,2.126170904964167,9.381676989632513,2.5191571637060344,0.037067686278608125,0.04312482560424691,0.005237898839564714,0.5593510499445589,0.6358753416156462,0.27987512956719846
94.88999999999999,1.0,44.0,35.0,0.7954545454545454,0.03623176648914447,0.054685235938472326,2.7296757296140775,-0.2,-0.07310001227813591,0.0333898771706425,2.042728581329934,9.4427166233805,2.5463207588235957,0.006483148558049656,0.014045470400144922,0.004633773526812046,0.7036638236587602,0.7730638722526451,0.3507485361645892
95.09,1.0,46.0,32.0,0.6956521739130435,0.04940195444347992,0.06866285673577983,1.22860140421348,-0.2,-0.06294288752825984,0.046108345610386785,1.9465897434773334,9.500572390307552,2.610935664080497,-0.010535712995485502,0.009188182664622957,0.0032549464452737986,0.6607301912386685,0.760363185026968,0.34124275819396727
95.29000000000002,1.0,43.0,42.0,0.9767441860465116,0.07622120176956702,0.11559212509684573,4.798089388304633,-0.2,-0.03107138644245182,0.07611980287526117,1.8367044446310046,9.551020302256196,2.7193497831712596,-0.02388883368637007,0.013077988313638045,0.0021817588635699714,0.4422977052064285,0.6128728511323006,0.3372026243738873
95.63,1.0,44.0,44.0,1.0,0.03504225129996975,0.06921081958807201,6.685246534132326,-0.2,-0.12,0.03406699911368675,1.6292537241656475,9.604406843422684,2.9447390189727347,-0.05779294389766365,0.021417692227295504,0.0014856900545927587,0.7177847122998084,0.8743310701356869,0.38307273633274813
95.69,1.0,39.0,39.0,1.0,0.053752068672836585,0.09401516693110092,6.118555725830324,-0.2,-0.030906616381573444,0.05451098714996764,1.60073898700812,9.605167614075643,2.994416351351502,-0.027340566764247898,0.007737609761102604,0.001179739274768998,0.44988798891018317,0.6232180098592781,0.3023731935618473
95.85,1.0,43.0,41.0,0.9534883720930233,0.07525747851996789,0.12103148833956709,8.063030657500429,-0.2,0.046945833814821536,0.07619206672129583,1.491264926789862,9.606193956826225,3.102380011518184,-0.036787735336958116,0.0057648121705593525,0.0009053579286444347,0.3408322900804647,0.6243236283190036,0.30387257624225134
96.13,1.0,26.0,26.0,1.0,0.08096207469375244,0.11535699740311614,6.332194527937119,-0.2,0.046013020469118426,0.08058956917740329,1.311830497598818,9.586550244864792,-3.027092022133839,-0.05507544489703009,0.0018540468532428633,0.000745314518586504,0.38078834525756794,0.7035655760655944,0.30427332006661384
96.25,1.0,32.0,32.0,1.0,0.09213356868872757,0.12944108992700257,7.507392456551536,-0.2,0.12,0.09236366825228791,1.2339144067412986,9.574246384583864,-2.981077686531583,-0.04319228860819124,-0.001357424027093046,0.0007158059768603842,0.33720648879333837,0.5696026134289237,0.32195785577822666
96.45000000000002,1.0,27.0,27.0,1.0,0.06279295150578217,0.10546100149091243,8.35990695168338,-0.2,0.12,0.06430307310131436,1.12093069254738,9.548364366321547,-2.9187777100584125,-0.04087934004347882,-0.004072418346732221,0.0005777360447631884,0.5095834004417318,0.7504440328568842,0.29222589358250084
96.73000000000002,1.0,31.0,31.0,1.0,0.05942934253619711,0.09267298257322718,6.824400432009693,-0.2,0.12,0.058546867628991875,0.9744177206692073,9.509610677121401,-2.867274653231216,-0.030198273073416715,-0.00546874954126686,0.000508285723132218,0.6163534523329616,0.8289426482878084,0.3598882945548949
96.93,1.0,31.0,30.0,0.967741935483871,0.024701184514346046,0.05552841194049074,8.756897927592556,-0.2,0.09266707714698402,0.02223747010705992,0.8758802798979631,9.481482118085177,-2.8473493851029277,-0.01571535628238596,-0.003818763212629861,0.0003740677233481371,0.6285494739927285,0.8187761206725116,0.33556729230499166
97.03,1.0,39.0,39.0,1.0,0.02422804266739375,0.05744253717667036,6.0894173848271596,-0.2,0.12,0.02293620350908871,0.8273174118623841,9.46696492897866,-2.8408051874940146,-0.007317070968512529,-0.0020382859165941625,0.00025849262171551146,0.5354303472464367,0.7308577592763391,0.30637121461385153
97.39000000000001,1.0,35.0,35.0,1.0,0.016379744383652316,0.03931337906997372,4.068455164637884,-0.10315698069231496,0.016396476222877203,0.009999066833603746,0.6789362766314476,9.325803944590618,-2.827167749992096,0.02382570970202247,-0.09398331022734219,0.00018035871542521065,0.6868375055315948,0.8721025837754053,0.37778993868858557
97.43,1.0,37.0,33.0,0.8918918918918919,0.01457365613972635,0.03303393388688673,3.74293360235908,-0.08664690616217365,0.030608556650887474,0.007002047978256668,0.6644950939576856,9.30360824778741,-2.826385169950817,0.006316312543406255,-0.026144720027241775,-0.0015609406351093646,0.47276018261107566,0.6277861626178052,0.29142359116416783
97.65,1.0,39.0,39.0,1.0,0.016682219025488627,0.04059488237061302,3.6690122739013358,-0.07636447674166749,0.02661900787788808,0.009242273978062612,0.5645348710309546,9.265767809573353,-2.8278824392351125,0.005112176493250575,-0.018977608373081267,-0.0013814153759574843,0.6000552426810102,0.811925463243647,0.3223848736397932
97.85,1.0,33.0,33.0,1.0,0.015503004753746545,0.03693174669042894,1.3783710048489937,-0.06090335016154087,0.01982699767347104,0.006562950951507265,0.47369778693602027,9.227002807823375,-2.8602131789187246,0.00719085918233453,-0.0171877437537713,-0.0012210024100371974,0.6038307898773344,0.8135114979634884,0.32878397787298497
98.05000000000001,1.0,31.0,31.0,1.0,0.012031729150156736,0.03842550072550492,1.7248777514851177,-0.048748000166869566,0.011058819925661474,0.007182298675453134,0.3784357990485484,9.201322365277314,-2.918439294224829,0.007724530174295141,-0.013554205991823665,-0.0010883159252874641,0.5926158882697773,0.8163930441994416,0.32462053624792986
98.25,1.0,27.0,27.0,1.0,0.012782383348362535,0.03289386679683329,1.9689317912794995,-0.04783588521025503,0.008813144944949456,0.005426549867653604,0.27383829809321925,9.190714254478422,-2.978375376002063,0.005310911618357339,-0.002252406881417812,-0.0009443748315240974,0.5537534787972533,0.8033176123232759,0.29767191649962965
98.43,1.0,26.0,26.0,1.0,0.015356436354885348,0.036500784306225616,2.3247655603190003,-0.035453486345212525,-0.013399513167924895,0.007704272213889955,0.1809176308370291,9.171566046436185,-3.021346424058152,0.0057701530422831215,-0.012113968874732706,-0.0006940697146045062,0.5342224747331242,0.7989909004677009,0.2902499504336046
98.63,1.0,25.0,25.0,1.0,0.014435604010154661,0.03322816092527084,2.8873444172152007,-0.052303917331591544,0.002065737124228405,0.009124721850580088,0.06794791631992911,9.185687701092007,-3.054130229334886,0.0019050217903501115,0.014765862984932099,-0.0006820124919109105,0.5381378007417235,0.8076535048287539,0.29058354577707046
98.83000000000001,1.0,32.0,29.0,0.90625,0.017017818708547537,0.03474046195807622,3.048942309928457,-0.04821767241228505,0.003275293516766827,0.009267830330002882,-0.04007662787436265,9.179759265522272,-3.0763940064644384,0.0027225407021781306,-0.0010747953832606072,-0.0002197832732688809,0.5778029171963228,0.8340366586283707,0.3281453604058061
99.03,1.0,32.0,29.0,0.90625,0.01424453119945041,0.035441112286076264,2.629339224752509,-0.04733835032083967,0.005739304159074641,0.010403815105567355,-0.14702387277311113,9.178467868987829,-3.0920035763304683,0.0019232396734391033,-0.0009442585821961558,-0.00016038489196956718,0.5701351722103424,0.8343513603017682,0.3241558778903591
99.23000000000002,1.0,35.0,35.0,1.0,0.01649516614530628,0.03267248345455716,2.522902260714543,-0.05104659158872728,0.008443786410926198,0.008571316228216606,-0.257979473182189,9.18105955960622,-3.101953435217577,0.0011358775786514674,0.003611325548673605,-0.00011988299447951434,0.5912875081547015,0.8486118300604077,0.34417545758723794
99.43,1.0,56.0,44.0,0.7857142857142857,0.01481210820730769,0.029386665801174505,3.4071954238095152,-0.021037883802477373,-0.016729360157137798,0.008991617735667489,-0.3676886948175786,9.154297930897423,-3.1087551072117763,0.0018375088549380525,-0.029418872914719785,-1.8821905248156412e-05,0.5859357535382651,0.8491134229989116,0.33835521519431416
99.95000000000002,1.0,40.0,25.0,0.625,0.15885954381171621,0.3354416043964547,6.576260931370385,0.2,-0.12,0.18199895385876158,-0.630344173661849,8.935269941855948,-3.1219207608473014,0.005110148792034863,-0.2252850843838896,-0.00046582531844441277,0.13820042232098215,0.4381885612291565,0.3768311931724788
100.03,0.0,48.0,34.0,0.7083333333333334,0.2519266015938089,0.3431781219048528,5.6382282882761805,nan,nan,nan,nan,nan,nan,0.005110148792034863,-0.2252850843838896,-0.00046582531844441277,0.13820042232098215,0.4381885612291565,0.3768311931724788
100.29000000000002,1.0,43.0,33.0,0.7674418604651163,0.22703299609806862,0.3441449231249173,11.035174493624549,0.2,-0.12,0.23644284351391187,-0.8010155802531984,8.93625328218775,-3.1245492727335877,0.00212764777892549,-0.126149565045365,-0.0023922755642691307,0.142900720893042,0.4079113910224277,0.4339726110811352
100.55000000000001,1.0,47.0,27.0,0.574468085106383,0.1579077127693097,0.2099312530807,6.283635454987345,-0.2,-0.12,0.15833261766656065,-0.9362632843825591,9.335548245127024,-3.12585322325584,-0.005490530442669672,0.3254316670624924,-0.0022500848777040616,0.26376975317286167,0.5573922796194833,0.3546376599123477
100.63,0.0,37.0,4.0,0.10810810810810811,0.3422037565442373,0.3486692172824895,0.9099176951694361,nan,nan,nan,nan,nan,nan,-0.005490530442669672,0.3254316670624924,-0.0022500848777040616,0.26376975317286167,0.5573922796194833,0.3546376599123477
100.83000000000001,0.0,33.0,1.0,0.030303030303030304,0.3424499694739485,0.3424499694739485,0.13393092080310384,nan,nan,nan,nan,nan,nan,-0.005490530442669672,0.3254316670624924,-0.0022500848777040616,0.26376975317286167,0.5573922796194833,0.3546376599123477
101.03,0.0,21.0,0.0,0.0,nan,nan,nan,nan,nan,nan,nan,nan,nan,-0.005490530442669672,0.3254316670624924,-0.0022500848777040616,0.26376975317286167,0.5573922796194833,0.3546376599123477
101.23000000000002,0.0,19.0,0.0,0.0,nan,nan,nan,nan,nan,nan,nan,nan,nan,-0.005490530442669672,0.3254316670624924,-0.0022500848777040616,0.26376975317286167,0.5573922796194833,0.3546376599123477
101.43,0.0,22.0,0.0,0.0,nan,nan,nan,nan,nan,nan,nan,nan,nan,-0.005490530442669672,0.3254316670624924,-0.0022500848777040616,0.26376975317286167,0.5573922796194833,0.3546376599123477
101.89000000000001,0.0,25.0,0.0,0.0,nan,nan,nan,nan,nan,nan,nan,nan,nan,-0.005490530442669672,0.3254316670624924,-0.0022500848777040616,0.26376975317286167,0.5573922796194833,0.3546376599123477
102.03,0.0,40.0,0.0,0.0,nan,nan,nan,nan,nan,nan,nan,nan,nan,-0.005490530442669672,0.3254316670624924,-0.0022500848777040616,0.26376975317286167,0.5573922796194833,0.3546376599123477
102.19,1.0,45.0,38.0,0.8444444444444444,0.15181648777869225,0.20242145288096905,6.671304167986606,-0.2,-0.12,0.15488285551148243,-1.8207578819210708,9.0518266626291,-2.3931051356242254,-0.1347070624247122,0.0894507976069221,0.001407246558773334,0.5574718985256074,0.8029481400452487,0.6368459579198508
102.43,1.0,47.0,43.0,0.9148936170212766,0.14066750315086707,0.19916827325341613,4.547755486086482,-0.2,-0.12,0.14677789151700993,-1.9093451103535881,8.921637673119845,-2.1805281273858736,-0.08224812811765991,-0.021943885118966833,0.003532778333224851,0.4969632906518501,0.5390116617977269,0.4553119011173034
102.59,1.0,37.0,12.0,0.32432432432432434,0.08451476668755183,0.1228522081841223,8.400666266430116,0.08921825262680454,-0.12,0.08601499712762635,-1.7000351657662458,8.691148686817128,-2.0559620982564937,0.2000776555486501,-0.1719909879524799,0.0025227834418695143,0.45976813778147285,0.42217782439966234,0.18091849793730794
102.83000000000001,1.0,48.0,44.0,0.9166666666666666,0.07688583938534455,0.15852216250985068,6.914116988175741,-0.2,-0.11184783089048607,0.08866965186876774,-2.0029527585551183,8.688454771121817,-1.9180271440270535,-0.17081468027933355,0.02404976016220317,-0.0008839525083392807,0.7092122883092734,0.5929419529772059,0.40555018158789335
103.05000000000001,1.0,40.0,31.0,0.775,0.07964824934580099,0.16917980110849448,5.336098563671675,-0.2,-0.0760387737328471,0.08975447999492246,-2.038108796695093,8.564497043919438,-1.8452313004015712,-0.05215273327566794,-0.016539260835854108,0.0019132698497072997,0.6485751216083799,0.4681621710271977,0.36343630687658757
103.19,1.0,43.0,37.0,0.8604651162790697,0.11689051691690568,0.17379961891410126,4.528785073077432,-0.2,-0.013086706876481223,0.11678815562020063,-2.0533166433819305,8.490876140562955,-1.8112632745548272,-0.021092464274666156,-0.0189532522206175,0.0018375739853755404,0.47399473708659434,0.28879101407994073,0.32999388509830196
103.45000000000002,1.0,44.0,40.0,0.9090909090909091,0.07079543842395164,0.18049728143230423,6.040867120403487,-0.2,-0.0449298878070503,0.07429656199040865,-2.084414980050905,8.356092237862258,-1.7734438345722359,-0.013664870645977434,-0.022068954070373792,0.0013719614744589492,0.7720912297973475,0.5494919394987203,0.3537915315675631
103.59,1.0,45.0,35.0,0.7777777777777778,0.06672140405288514,0.1330753801660618,7.347368642185318,-0.2,-0.04724993532838266,0.06804034943970352,-2.096874289276957,8.28242165481929,-1.7607363792753625,-0.004768008463150952,-0.013197219827528528,0.00100257542883897,0.7097961719495016,0.49573005724267327,0.3201931768502668
103.93,1.0,45.0,36.0,0.8,0.03625845116789518,0.06499834709164339,2.7158564492575197,-0.2,-0.046260258569319535,0.03427741944720676,-2.125511010668704,8.107031410330865,-1.7241547357261553,-0.003123487225303645,-0.014099574566419193,0.000713066670383844,0.8904386358040961,0.70325048728227,0.37667904398472074
103.99000000000001,1.0,37.0,31.0,0.8378378378378378,0.0851264329395329,0.11496873364615082,2.4092710246160443,-0.2,-0.040746101626032066,0.08362125123542839,-2.1303661590232608,8.072852362087788,-1.7113616507265224,-0.001190348160555743,-0.006823947747067294,0.0004649644417795695,0.4169805154669532,0.24976402888925459,0.2926205710270495
104.19,1.0,32.0,25.0,0.78125,0.0676834551475546,0.09455528077726727,4.619738701138355,-0.2,-0.05969781916625933,0.06687616778524134,-2.1368282870899606,7.960030021806505,-1.64183339249587,-0.0023073509609998766,-0.018976371624570554,0.00033097943458115786,0.7034459024259532,0.40481693046648665,0.2684564012737863
104.45000000000002,0.0,30.0,7.0,0.23333333333333334,0.19349135605270498,0.2232206086651478,6.748286012701695,nan,nan,nan,nan,nan,nan,-0.0023073509609998766,-0.018976371624570554,0.00033097943458115786,0.7034459024259532,0.40481693046648665,0.2684564012737863
104.79000000000002,1.0,37.0,17.0,0.4594594594594595,0.025080306707784553,0.04991400379180326,5.719222553054812,0.05387925524418587,0.024274861210379937,0.021505207567991704,-1.822324823599097,7.675973151629398,-1.2619530855587187,0.24959598830711505,-0.009171179965236753,0.00026729991094631694,0.8828302860559446,0.6552152119400357,0.30924947888998155
104.99000000000001,1.0,43.0,35.0,0.813953488372093,0.07071101416609524,0.14497137306016325,13.167595195935498,-0.2,0.12,0.0808786027933696,-1.999809979374652,7.482407723970779,-1.0969816930016096,-0.20028296203559792,-0.11672625597382069,-0.005098316891207988,0.6593105717889209,0.4784508564950113,0.42797969822369425
105.25,1.0,39.0,32.0,0.8205128205128205,0.04502676373838031,0.10228056125354638,13.509423465540005,-0.2,0.12,0.051033470336418675,-1.893130761384187,7.35158673994823,-0.9011602825400757,-0.03701369908040886,-0.07662699724684874,0.0009529441148619089,0.8208057450221351,0.7387575853708646,0.3918550555509656
105.59,1.0,34.0,17.0,0.5,0.019979316721496714,0.03724148659859426,5.7928730777217785,0.06551658341159397,-0.026360606152221834,0.01327214848907819,-1.5711668426833354,7.42119324621987,-0.7162887280689504,0.19992022414062083,0.15694145317935337,0.0022052743219215243,0.6766469320875298,0.6662022535879183,0.2641528695165431
105.85,1.0,36.0,11.0,0.3055555555555556,0.015631056898754096,0.03943208275292657,4.408209901630847,0.09938690724456978,-0.018951029265155368,0.010590197688961153,-1.4422536668825172,7.365840415186109,-0.6569486328952981,0.06009825271514457,0.053345034247748835,-0.003258134706579763,0.5325723692704954,0.587320249996632,0.19692207779277748
105.99000000000001,1.0,51.0,19.0,0.37254901960784315,0.017924555262579227,0.034132959421471626,10.489177081975194,-0.0522511565578732,0.06760921906694047,0.01139847271215834,-1.4920026696853907,7.21430343290729,-0.6153140202601182,-0.07039374940411758,-0.10797614479204398,-0.004471021880185777,0.6016714789572376,0.6646099859666191,0.2904698638136134
106.43,0.0,48.0,7.0,0.14583333333333334,0.04824148992963217,0.059066876444303903,2.8465403010348598,nan,nan,nan,nan,nan,nan,-0.07039374940411758,-0.10797614479204398,-0.004471021880185777,0.6016714789572376,0.6646099859666191,0.2904698638136134
106.55000000000001,0.0,40.0,2.0,0.05,0.0313698590624781,0.04402149364526012,2.3032976019286475,nan,nan,nan,nan,nan,nan,-0.07039374940411758,-0.10797614479204398,-0.004471021880185777,0.6016714789572376,0.6646099859666191,0.2904698638136134
106.83000000000001,0.0,38.0,5.0,0.13157894736842105,0.04826105602812499,0.07210197813288177,8.315658158114179,nan,nan,nan,nan,nan,nan,-0.07039374940411758,-0.10797614479204398,-0.004471021880185777,0.6016714789572376,0.6646099859666191,0.2904698638136134
106.95000000000002,0.0,61.0,16.0,0.26229508196721313,0.27638781489757647,0.34445533831114367,15.569467327876433,nan,nan,nan,nan,nan,nan,-0.07039374940411758,-0.10797614479204398,-0.004471021880185777,0.6016714789572376,0.6646099859666191,0.2904698638136134
107.15,1.0,59.0,18.0,0.3050847457627119,0.19431923438816678,0.34743706381195066,11.584869596295281,0.06325371764930056,-0.12,0.21000388101004927,-0.9163477843468845,7.059476281081732,-0.24080158470156748,0.029162539711830138,0.07533431687902592,-0.0009821746152606226,0.22474227847437983,0.3872388211472002,0.4490509904604744
107.33000000000001,0.0,56.0,17.0,0.30357142857142855,0.31033001517726094,0.3426008203381135,7.5904132443241545,nan,nan,nan,nan,nan,nan,0.029162539711830138,0.07533431687902592,-0.0009821746152606226,0.22474227847437983,0.3872388211472002,0.4490509904604744
107.55000000000001,0.0,32.0,5.0,0.15625,0.32372949506892323,0.34843919175951854,20.93074740357289,nan,nan,nan,nan,nan,nan,0.029162539711830138,0.07533431687902592,-0.0009821746152606226,0.22474227847437983,0.3872388211472002,0.4490509904604744
107.89000000000001,0.0,23.0,0.0,0.0,nan,nan,nan,nan,nan,nan,nan,nan,nan,0.029162539711830138,0.07533431687902592,-0.0009821746152606226,0.22474227847437983,0.3872388211472002,0.4490509904604744
108.13,0.0,23.0,0.0,0.0,nan,nan,nan,nan,nan,nan,nan,nan,nan,0.029162539711830138,0.07533431687902592,-0.0009821746152606226,0.22474227847437983,0.3872388211472002,0.4490509904604744
108.15,0.0,17.0,0.0,0.0,nan,nan,nan,nan,nan,nan,nan,nan,nan,0.029162539711830138,0.07533431687902592,-0.0009821746152606226,0.22474227847437983,0.3872388211472002,0.4490509904604744
108.69,1.0,29.0,29.0,1.0,0.08995833612225033,0.2506905020377885,5.047726117960731,-0.2,0.12,0.10308112421515095,-0.3043232622331741,6.646592375769211,-0.5640896067344743,-0.108983502078733,-0.1891625723724797,-0.0018799911026718963,0.7394693938290732,0.8970744012579025,0.6452765159570943
108.75,1.0,44.0,44.0,1.0,0.18553649321484506,0.27636349903097523,7.52531474531084,-0.2,0.12,0.18629256479752257,-0.2927328770205897,6.6301639219474575,-0.6142734099901439,-0.027407595024499853,-0.00843589185609872,0.004713907687622587,0.22424120502099462,0.26869273139751165,0.43246936048095236
108.93,1.0,35.0,31.0,0.8857142857142857,0.12142339538035468,0.18994915208152452,2.5990258097140053,-0.2,0.06836184827627073,0.11943883743500577,-0.2609291139708989,6.5814882651284465,-0.7716988244921521,-0.04508613146763188,0.014760301748501625,0.002786356957021896,0.4564739709030616,0.5048795018676885,0.36095728534961946
109.23000000000002,1.0,38.0,37.0,0.9736842105263158,0.08884710233274894,0.2086975295813863,3.9958518646245995,-0.2,0.12,0.09206373294580063,-0.22255673537168447,6.49165391370742,-1.0396308830413137,-0.05858880209218373,0.053542031117316036,0.001999559983809407,0.6512379729065484,0.6063869590119132,0.38396649704689173
109.39000000000001,1.0,31.0,31.0,1.0,0.07515568043570794,0.09841587365874568,2.5609321150142432,-0.2,0.05017071556845355,0.07354323110981532,-0.21084537880037055,6.436404153668136,-1.1650611309234045,-0.03760515020409644,0.04998622906479966,0.001666277693669116,0.6772635963867001,0.5671015914017556,0.3340102470896547
109.55000000000001,1.0,33.0,33.0,1.0,0.08000186245661549,0.0956735345261767,2.0515093569695972,-0.2,-0.004583220126418357,0.0773455336598404,-0.1991389404502831,6.379831632782891,-1.2637264380221374,-0.023106661033084175,0.04329496820008849,0.001463310162609588,0.6427382943445392,0.4642664722928971,0.3237913543747811
109.73000000000002,1.0,32.0,32.0,1.0,0.09582207954792778,0.1197254760145464,1.8703634411568315,-0.2,-0.022691475723124264,0.09382691927157458,-0.1910529872266312,6.310645584097365,-1.3442701233886218,-0.015856303654327886,0.040579120736123464,0.0011838546166267339,0.5913005594235353,0.3563767281619491,0.32193050833107734
109.99000000000001,1.0,38.0,38.0,1.0,0.0861770125942936,0.11118164371897793,2.160058651531705,-0.2,-0.041775368780141646,0.08422296848350323,-0.1706671408230861,6.182966444067117,-1.3772520762479874,-0.010611052559987955,0.033708902381205164,0.0009354228175812994,0.7113396037790616,0.45463165337652345,0.3504520429675646
110.13,1.0,29.0,29.0,1.0,0.10268116273221618,0.12084000658564924,1.8162591595041073,-0.2,-0.04031334509320637,0.10057133273666814,-0.15931429118876644,6.112724296209,-1.3587277923324705,-0.004230053208144624,0.015375386959155968,0.0007153725324275939,0.5201544165703093,0.300956571627814,0.2977549589439323
110.33000000000001,1.0,30.0,30.0,1.0,0.09456725810703318,0.11959613963808485,1.9818290110757455,-0.2,-0.04681891457712855,0.09195228573734364,-0.1299290791177174,6.00199684960475,-1.303333961485214,-8.708783220032212e-05,0.0002024229520181109,0.0005271357529379461,0.6283137010891158,0.3851186098155924,0.3174532226547241
110.53,1.0,32.0,32.0,1.0,0.10344998743821457,0.11667909167812127,1.5266818182978126,-0.2,-0.046285247914570365,0.10108664463888667,-0.08178127602276944,5.89120887739284,-1.2284501760972608,0.004478651962881303,-0.014138400706910303,0.0003602893126533057,0.5894557507722822,0.3680928233914644,0.3360426227406831
110.73000000000002,1.0,27.0,27.0,1.0,0.09713269639694527,0.11869115032015866,2.2694149299256106,-0.2,-0.041158837738496636,0.09571552372322872,-0.037668181769718784,5.7760302720601056,-1.1652134817670428,0.007527505934168281,-0.021029184682216595,0.0002589145394855663,0.5733720373860677,0.37369189990282065,0.2981571431674647
110.93,1.0,26.0,26.0,1.0,0.08695849998406704,0.10486761209721004,2.2096067041616294,-0.2,-0.04868790495289945,0.0847664593331168,0.013633582951482398,5.666992337884604,-1.118385938025365,0.008972693162377398,-0.022340973194665992,0.00019592565698611788,0.6188360168975138,0.43875579342417576,0.2972659049286783
111.13,1.0,37.0,30.0,0.8108108108108109,0.10261661978365784,0.11694688997109663,2.3903133056736885,-0.2,-0.03838770869034485,0.10099265824464088,0.06719446019811368,5.562835592025141,-1.0855862286462499,0.008617664187513203,-0.01927571023731378,0.00015496564224970477,0.5550604179874802,0.3918072556245547,0.3332739194830161
111.33000000000001,1.0,48.0,43.0,0.8958333333333334,0.20894789507796682,0.3372819884313611,9.965691657250652,0.08809074856107033,-0.12,0.23337980781206574,0.3723701529133094,5.600605761033832,-1.0614345544391748,0.2597522014233775,0.12358282251351316,0.00011375682903724815,0.21409192246366837,0.12928804988668263,0.34361065236304333
111.53,1.0,63.0,57.0,0.9047619047619048,0.21790491334656897,0.34114916492531316,5.919444042564692,0.09599240143895638,-0.12,0.2391239145939844,0.4246839796994827,5.521019548325948,-1.0466100375931369,0.20237653788213839,0.09612557942460054,-0.001188743428431227,0.25889943246774677,0.15743916819735387,0.33843131664951
111.73000000000002,1.0,43.0,34.0,0.7906976744186046,0.17437305150004262,0.22600498841563713,7.608746583523464,-0.032361599877600664,-0.12,0.16857419566834805,0.36160317240324086,5.370677284833283,-1.0407028401889917,0.031017764321867702,4.796177924060174e-05,-0.0017660000592731873,0.4359688679253077,0.2963227581396534,0.33605430916788204
111.93,1.0,65.0,61.0,0.9384615384615385,0.19562746094867556,0.3486077883609641,6.405537511020695,0.07609825812144971,-0.12,0.22016547237194561,0.5034021371806235,5.33677110650237,-1.0371675179485624,0.11084526974900583,0.051413181129676744,-0.0013490033553367198,0.29576656842108073,0.19921306191027222,0.33512372302793514
112.19,1.0,63.0,19.0,0.30158730158730157,0.07992283051749602,0.15519157421801513,6.557601723777208,0.2,-0.12,0.08095644467960429,0.6662483249752547,5.297305612762407,-1.0382477966586716,0.18038305220133843,0.09456824000762243,-0.001440025213796714,0.6701024825429891,0.5416330560340336,0.2471785521875739
112.33000000000001,1.0,60.0,42.0,0.7,0.17688246045021025,0.34700046551135927,7.3561163190148235,0.05081428789720565,-0.12,0.1958034730375386,0.5772623233655283,5.1496051979118835,-1.0353357485542274,-0.08021630442496597,-0.05318951056186361,-0.003230238513771466,0.2572065106848108,0.18662175283285934,0.34802568850098897
112.49000000000001,1.0,35.0,28.0,0.8,0.1575995943333044,0.2686664344900641,5.488318104725295,0.02010129192283813,-0.12,0.17248963875730983,0.5880720506814248,5.067452428116294,-1.0355747959883477,-0.082595524022534,-0.05377505300316443,-0.0016437135844440398,0.3192718040115455,0.22735236374390402,0.2967864647400699
112.69,1.0,44.0,31.0,0.7045454545454546,0.1769215901263503,0.3498041532642002,6.118773335963175,0.03501375312812063,-0.12,0.20052659282748672,0.6479557824242551,4.985698398743132,-1.0485870494808205,-0.03864974828596546,-0.027372154967869378,-0.0006200349708520568,0.31040109770733093,0.21398646846339364,0.3294203922840673
112.89000000000001,0.0,35.0,22.0,0.6285714285714286,0.15345170485065146,0.3292520371129892,7.187655665360474,nan,nan,nan,nan,nan,nan,-0.03864974828596546,-0.027372154967869378,-0.0006200349708520568,0.31040109770733093,0.21398646846339364,0.3294203922840673
113.09,1.0,31.0,19.0,0.6129032258064516,0.12097715811010819,0.29395710628874727,6.006768005567762,-0.028232078764215487,-0.12,0.13120790390355877,0.6637466590876765,4.772864069315318,-1.1818884690635605,-0.08076408923835054,-0.046333920077520574,-0.00017269945140996332,0.4984315602963656,0.33540295326638575,0.2861279923471419
113.35,1.0,32.0,25.0,0.78125,0.13944858586619793,0.28464999129850166,8.825689398735202,-0.1289915346421588,-0.12,0.14795710662674308,0.5841275483890664,4.62355674893215,-1.3383648301861515,-0.13434631338866387,-0.04028442506263552,0.0008301634989953399,0.4851156898800195,0.3107195814890218,0.35323407526661327
113.49000000000001,0.0,23.0,6.0,0.2608695652173913,0.08722995250714234,0.09958219146129453,4.4908063796718585,nan,nan,nan,nan,nan,nan,-0.13434631338866387,-0.04028442506263552,0.0008301634989953399,0.4851156898800195,0.3107195814890218,0.35323407526661327
113.75,1.0,17.0,12.0,0.7058823529411765,0.05936942702129442,0.12433494075408531,10.616418944974338,-0.2,0.037795391976233314,0.0631531042105098,0.4892156335311779,4.471822475384669,-1.6485003946067753,-0.1393787678433378,0.028482155736738513,0.001910945141659903,0.7648854582722323,0.5449495940416477,0.22738453126630764
114.29000000000002,1.0,14.0,14.0,1.0,0.02318900189993173,0.03935258148219589,1.182466947070161,-0.14458227832024786,0.03708226667465117,0.0033301493338439535,0.4325259934158017,4.303296458886986,-2.129802323756839,0.04405905790184084,0.07841008537653149,0.0044754794162305,0.8481313978597737,0.696220390141616,0.3146368190365377
114.49000000000001,1.0,34.0,34.0,1.0,0.013932770265452352,0.03956798403493964,2.4327528206197435,-0.12157079616864479,0.07398979671359142,0.007097661619816011,0.3901705597592452,4.2482479816450365,-2.325492291453357,0.04483730600800162,0.032369568319038144,0.003905202391280671,0.8046310902729042,0.7617864301926511,0.4688617005310305
114.69,1.0,38.0,38.0,1.0,0.013200437190649505,0.030501779410024674,1.9061589502986573,-0.08288503876563459,0.06941475673263925,0.007078822318361514,0.34249577908872075,4.1867294276705325,-2.515935400157562,0.05114881891708589,-0.00540219672499731,0.0022776654500629157,0.7005040642326134,0.7333744327261551,0.3884355425356503
114.89000000000001,1.0,48.0,35.0,0.7291666666666666,0.01590024604944776,0.035648157332527936,2.4329475533609424,-0.06477372702785616,0.055215419374669575,0.007480363271053572,0.2674770704318241,4.145497738525948,-2.6922527848114455,0.035164570014490526,-0.0047889014892605886,0.0010472785812756236,0.6495123742859551,0.763399589954581,0.35700443592117304
115.09,1.0,37.0,37.0,1.0,0.014857892820632069,0.034711616695070543,4.766802788339665,-0.06841517752805934,0.052620079031390724,0.00924054534442129,0.1718161240724361,4.131217481434601,-2.833080720880643,0.019210409351979568,0.0092399893281776,0.0005443013307973033,0.6184129187393015,0.7907691662800278,0.3437921077554195
115.29000000000002,1.0,37.0,37.0,1.0,0.015123059988947248,0.041177895509099983,2.4041876479243336,-0.042173378189117046,0.012836754208079695,0.00849801561902797,0.07266794047798393,4.0925897777226234,-2.9267597514028245,0.019856459678083416,-0.020579222698462907,0.0005612597781801121,0.6002234808265045,0.8054948099961234,0.338038459858186
115.57,1.0,31.0,31.0,1.0,0.012929428435984151,0.0299823055471959,2.9227964144509557,-0.02251510458736718,0.002926614490475201,0.008953409925808217,-0.0757828530856244,4.064797053280795,-3.0142059436779647,0.01286632626340925,-0.02171005045495633,-2.515662491653359e-07,0.633986256442797,0.8530486955828471,0.35633570680556115
115.65,1.0,28.0,28.0,1.0,0.014644277198339673,0.030156799705249312,2.7314557993631534,-0.019698552541439644,-0.04104919742013222,0.008500493764247646,-0.11908074649637383,4.05987520630104,-3.03120817807773,0.004586280156221492,-0.00544491370507405,-0.00040732490927064546,0.46383448667439786,0.657433017350064,0.2755399615313852
115.93,0.0,26.0,26.0,1.0,0.012537996387843963,0.030356401335214594,2.1341228408164965,nan,nan,nan,nan,nan,nan,0.004586280156221492,-0.00544491370507405,-0.00040732490927064546,0.46383448667439786,0.657433017350064,0.2755399615313852
116.05000000000001,0.0,30.0,30.0,1.0,0.012890998305608192,0.027912860934695777,4.560726199827801,nan,nan,nan,nan,nan,nan,0.004586280156221492,-0.00544491370507405,-0.00040732490927064546,0.46383448667439786,0.657433017350064,0.2755399615313852
116.33000000000001,1.0,49.0,49.0,1.0,0.05175473886802038,0.22660011028483165,4.905685463638688,0.07118750304003299,-0.12,0.08287751393347949,-0.48693060710914876,3.9775939825134894,-3.1107610545842674,0.006693532711806782,-0.09234768874222121,-0.00037621701465173635,0.5485606449976971,0.8367636563026466,0.46764977968220395
116.59,1.0,62.0,61.0,0.9838709677419355,0.10997663930046653,0.23365593367774587,7.606467249274596,0.15803262873039303,-0.12,0.11443462526892996,-0.6153679159597018,3.8951159366033097,-3.1253687231309564,0.0017687553697047775,-0.10154392900727771,-0.002157256404659247,0.32894009577441286,0.5817121019769368,0.40636029487717706
116.65,0.0,14.0,14.0,1.0,0.012032206971340791,0.025498144987729794,2.560897165782785,nan,nan,nan,nan,nan,nan,0.0017687553697047775,-0.10154392900727771,-0.002157256404659247,0.32894009577441286,0.5817121019769368,0.40636029487717706
116.93,1.0,50.0,42.0,0.84,0.20448294252594867,0.3072300324438437,6.657073919487796,0.2,-0.12,0.20750590647768646,-0.7855199635685371,3.863322797119692,-3.131452368891848,-7.924383473045804e-05,-0.08404343599399633,-0.0026250742567093255,0.15353511105267506,0.3592122704306809,0.4087059502754235
117.03,0.0,46.0,37.0,0.8043478260869565,0.25909943305916666,0.3360555458862731,6.34073241532444,nan,nan,nan,nan,nan,nan,-7.924383473045804e-05,-0.08404343599399633,-0.0026250742567093255,0.15353511105267506,0.3592122704306809,0.4087059502754235
117.23000000000002,1.0,39.0,18.0,0.46153846153846156,0.25031789447746106,0.299935335549864,6.021261320996774,-0.2,-0.12,0.24941680863637025,-0.9390839814202422,4.271091855736673,-3.133009523978281,-0.0041007393275448445,0.3463433165149645,-0.002190660636773867,0.08060388148332728,0.21141370157473027,0.2708992175067674
117.45000000000002,0.0,36.0,17.0,0.4722222222222222,0.2574014728631709,0.2971257665391133,5.136604223160038,nan,nan,nan,nan,nan,nan,-0.0041007393275448445,0.3463433165149645,-0.002190660636773867,0.08060388148332728,0.21141370157473027,0.2708992175067674
117.85,0.0,19.0,5.0,0.2631578947368421,0.3349254931252451,0.3471019403439575,4.855283916433048,nan,nan,nan,nan,nan,nan,-0.0041007393275448445,0.3463433165149645,-0.002190660636773867,0.08060388148332728,0.21141370157473027,0.2708992175067674
118.05000000000001,0.0,22.0,5.0,0.22727272727272727,0.34414481136338865,0.3487104214998199,3.5197372987468754,nan,nan,nan,nan,nan,nan,-0.0041007393275448445,0.3463433165149645,-0.002190660636773867,0.08060388148332728,0.21141370157473027,0.2708992175067674
118.25,0.0,14.0,1.0,0.07142857142857142,0.3451019184312594,0.3451019184312594,7.834187838985421,nan,nan,nan,nan,nan,nan,-0.0041007393275448445,0.3463433165149645,-0.002190660636773867,0.08060388148332728,0.21141370157473027,0.2708992175067674
118.69,0.0,16.0,0.0,0.0,nan,nan,nan,nan,nan,nan,nan,nan,nan,-0.0041007393275448445,0.3463433165149645,-0.002190660636773867,0.08060388148332728,0.21141370157473027,0.2708992175067674
118.83000000000001,0.0,28.0,0.0,0.0,nan,nan,nan,nan,nan,nan,nan,nan,nan,-0.0041007393275448445,0.3463433165149645,-0.002190660636773867,0.08060388148332728,0.21141370157473027,0.2708992175067674
119.03,0.0,27.0,6.0,0.2222222222222222,0.11596500169040554,0.15175088697159977,13.686975624981937,nan,nan,nan,nan,nan,nan,-0.0041007393275448445,0.3463433165149645,-0.002190660636773867,0.08060388148332728,0.21141370157473027,0.2708992175067674
119.33000000000001,1.0,28.0,17.0,0.6071428571428571,0.12764563693341247,0.19976419614557717,3.2145265142068515,-0.2,-0.12,0.13716831935017176,-1.9828844564965395,3.743467777402588,-1.9695589282781847,-0.1857494944302185,0.15064118255353343,5.8720790235167186e-05,0.563774879843414,0.7408950337482492,0.5337652585057069
119.43,1.0,38.0,28.0,0.7368421052631579,0.09319846549034812,0.16735245456384654,5.795547756860953,-0.2,-0.10948938480724747,0.10482038615154475,-2.000322437987244,3.6829798876236213,-1.8966711178866864,-0.07597010391150039,0.013160673927604893,0.00806203134805794,0.654872150151292,0.68524445659967,0.4861891369095888
119.63,1.0,25.0,14.0,0.56,0.03508518712663703,0.059491440614215574,4.8485133013510335,-0.2,-0.004927552517557156,0.034691824516236244,-2.0254134767499434,3.56047463598126,-1.781149400706372,-0.03158231323828842,-0.02035550047072965,0.005493363064864365,0.7447726030653171,0.6566402560806014,0.2398529604342719
119.83000000000001,1.0,23.0,16.0,0.6956521739130435,0.0312773598477121,0.05002042036441753,3.6984821576868807,-0.2,0.0007506937611845917,0.027636241838835403,-2.0430234019216647,3.4465504306405554,-1.7006318100582827,-0.011017788451134436,-0.02393014401679805,0.0047184020331465515,0.7235903119962195,0.5414615399033647,0.263116435918077
120.09,1.0,22.0,15.0,0.6818181818181818,0.03786864820504431,0.08625289765427412,7.1970564418672955,-0.2,0.05673096002668308,0.04386846627316443,-2.0526632892726457,3.296102971428404,-1.5955618828771683,-0.005035609650836381,-0.0323059547534128,0.0036217422839015523,0.7419967150028708,0.5030321762787346,0.25801590467427216
120.23000000000002,1.0,21.0,21.0,1.0,0.024606774352651333,0.05794248930002411,9.994258630812741,0.2,0.056949849502895035,0.024866727174494507,-1.6490370205665208,3.2299991549678655,-1.5245725538338224,0.39793047978114204,-0.011855829678453667,0.0027503406320672497,0.7358023890231918,0.5202719598027769,0.3042749092913549
120.49000000000001,1.0,12.0,11.0,0.9166666666666666,0.022639149000748857,0.035580777924135186,3.6188119378350954,0.2,-0.03168237381700499,0.013629871365998903,-1.6294293603279684,3.134489546262322,-1.3653951955850425,0.10024947776815729,0.02593185789542929,-0.0068158485070242145,0.6640279837295132,0.3964523698169682,0.18951206229986975
121.09,1.0,62.0,22.0,0.3548387096774194,0.06837068785272181,0.15202374439810917,13.560319142477727,0.2,-0.12,0.07354088675768904,-1.516208018125095,2.9745721136855705,-0.868660418933394,-0.012266643111666697,0.09919622599145406,-0.007937282408589041,0.7577761875673906,0.5969498937716994,0.4179191589204613
121.49000000000001,0.0,83.0,7.0,0.08433734939759036,0.07253663263661317,0.13236548938645495,10.481774354873338,nan,nan,nan,nan,nan,nan,-0.012266643111666697,0.09919622599145406,-0.007937282408589041,0.7577761875673906,0.5969498937716994,0.4179191589204613
121.63,0.0,74.0,1.0,0.013513513513513514,0.014920735464750732,0.014920735464750732,6.998182555702212,nan,nan,nan,nan,nan,nan,-0.012266643111666697,0.09919622599145406,-0.007937282408589041,0.7577761875673906,0.5969498937716994,0.4179191589204613
121.83000000000001,0.0,54.0,1.0,0.018518518518518517,0.3465666932322164,0.3465666932322164,14.107041553372872,nan,nan,nan,nan,nan,nan,-0.012266643111666697,0.09919622599145406,-0.007937282408589041,0.7577761875673906,0.5969498937716994,0.4179191589204613
122.05000000000001,0.0,58.0,0.0,0.0,nan,nan,nan,nan,nan,nan,nan,nan,nan,-0.012266643111666697,0.09919622599145406,-0.007937282408589041,0.7577761875673906,0.5969498937716994,0.4179191589204613
122.19,0.0,49.0,5.0,0.10204081632653061,0.28958672277723085,0.34245646671609076,21.893194176108455,nan,nan,nan,nan,nan,nan,-0.012266643111666697,0.09919622599145406,-0.007937282408589041,0.7577761875673906,0.5969498937716994,0.4179191589204613
122.49000000000001,0.0,33.0,0.0,0.0,nan,nan,nan,nan,nan,nan,nan,nan,nan,-0.012266643111666697,0.09919622599145406,-0.007937282408589041,0.7577761875673906,0.5969498937716994,0.4179191589204613
122.59,0.0,25.0,3.0,0.12,0.3412771358175677,0.34976188579563033,3.503005719223547,nan,nan,nan,nan,nan,nan,-0.012266643111666697,0.09919622599145406,-0.007937282408589041,0.7577761875673906,0.5969498937716994,0.4179191589204613
122.79000000000002,0.0,15.0,5.0,0.3333333333333333,0.34508377729360595,0.34920607463267517,8.450747285524779,nan,nan,nan,nan,nan,nan,-0.012266643111666697,0.09919622599145406,-0.007937282408589041,0.7577761875673906,0.5969498937716994,0.4179191589204613
123.39000000000001,0.0,14.0,14.0,1.0,0.27883163422369944,0.2970130602706744,4.0490455769186555,nan,nan,nan,nan,nan,nan,-0.012266643111666697,0.09919622599145406,-0.007937282408589041,0.7577761875673906,0.5969498937716994,0.4179191589204613
123.59,1.0,24.0,24.0,1.0,0.17089958240052952,0.26178145499922695,12.092293789612974,-0.17126671917611186,-0.12,0.14985979289534,-0.6617790080221292,2.2799275184964176,-0.7730837922002003,-0.28758822280629937,-0.2174961046331223,-0.006229913259325759,0.5747591137992879,0.7729926645643506,0.6540021556050601
123.79000000000002,1.0,19.0,19.0,1.0,0.15560646170621442,0.20016737482067032,13.105521243957579,-0.0965970076552003,-0.12,0.14681524574313867,-0.5758632040943855,2.2600412354237314,-0.9603578718359018,-0.06253274438606993,0.0429171747088799,0.0087369844171854,0.38909357438440023,0.43052287687649426,0.38070746814099793
124.05000000000001,1.0,24.0,22.0,0.9166666666666666,0.11692310031099223,0.16445778818452725,8.657154276042473,-0.096599807550779,-0.12,0.11498722957970466,-0.5517478872729064,2.1551236266160716,-1.1972477254975018,-0.05101991778821224,0.048104739146005215,0.005598136734646708,0.5480569980905514,0.5026704629992336,0.3704859191086773
124.19,1.0,27.0,27.0,1.0,0.09159374366111929,0.12679126243698652,10.265390078340417,-0.17592976991660467,-0.12,0.08813190704835243,-0.6209308701280237,2.0711421279989564,-1.3005319716325374,-0.1057250348601958,0.015575363004459941,0.003936081196108443,0.63822655315722,0.5500902768056067,0.3558932670376566
124.35,0.0,28.0,4.0,0.14285714285714285,0.10622720686209941,0.12765036023211945,6.895965566036219,nan,nan,nan,nan,nan,nan,-0.1057250348601958,0.015575363004459941,0.003936081196108443,0.63822655315722,0.5500902768056067,0.3558932670376566
124.55000000000001,1.0,20.0,20.0,1.0,0.051413645176653824,0.09555863114370058,7.083443600806335,-0.2,-0.12,0.05329235831780318,-0.6458934336360995,1.9226522425007186,-1.4922522937955798,-0.06816457481247973,0.04331864804862051,0.004024012950881284,0.8248863510513141,0.6612116030378185,0.31062699087740425
124.75,1.0,24.0,22.0,0.9166666666666666,0.04048849390214647,0.12817204902895807,9.671623810207944,-0.2,-0.10528692450367488,0.04915023008862553,-0.6535079370961626,1.8406434385981663,-1.5782812804682695,-0.013430065023319115,0.0338623254997894,0.004444256800920865,0.7772421746216054,0.5811763710072495,0.3131349099699153
125.05000000000001,1.0,12.0,10.0,0.8333333333333334,0.04806256992864866,0.06964965368190029,2.4749557363118715,-0.2,0.004785771327914767,0.04504928217550316,-0.6839622095706064,1.7248026942686026,-1.7434306093398673,0.0001903892546056829,0.04703640689289035,0.003482974465301769,0.6676140393354748,0.39758997596325363,0.18055621034333033
125.25,1.0,29.0,23.0,0.7931034482758621,0.027653834807900454,0.08454601843834693,9.855256393164282,-0.13398033311814658,-0.02329238710242117,0.029495546826088015,-0.6555822724151321,1.6415916453615613,-1.8828255110037921,0.0709784671220699,0.034990678529518204,0.003237035340285077,0.7938255864802372,0.6118577880497887,0.3479785361330862
125.39000000000001,1.0,65.0,50.0,0.7692307692307693,0.04756124100144481,0.1373184995898777,6.461111379771932,-0.2,0.0956551532964934,0.05330674925446154,-0.7405318688303233,1.6341200481905922,-2.008031067578095,-0.037550152574699625,0.06008522238973546,0.0010373769152804968,0.7345164956627764,0.5822991888009406,0.3753116029532926
125.55000000000001,1.0,91.0,63.0,0.6923076923076923,0.05490162087040731,0.19379544171624244,8.916212080718129,-0.2,0.08574446853113597,0.07080070999432841,-0.7852676941009601,1.5867620245994245,-2.1256510125755543,0.005448886626955529,0.043108102394826764,0.0018748397618315595,0.5855129979085963,0.4488732206601802,0.33728958809725834
125.89000000000001,1.0,74.0,52.0,0.7027027027027027,0.07698666058824971,0.14990818251502003,8.75264786049505,-0.2,0.12,0.0804695889230676,-0.8783039695548104,1.5278240789730835,-2.4274166305050007,0.04589979513744069,0.06987657192415164,0.0017067637639489597,0.6201965026329377,0.5745014604985674,0.38308225071537166
126.03,1.0,84.0,70.0,0.8333333333333334,0.09550496397283392,0.1828797144052621,7.4261654144392075,-0.2,0.0017411939002645767,0.10638631899096473,-0.9206462037609904,1.5104943240820736,-2.5508768148550134,0.04635909989085718,0.050715559118090114,0.0018220436228961745,0.367078203788338,0.402288641443604,0.33344317290407366
126.15,1.0,88.0,56.0,0.6363636363636364,0.22905171709552644,0.3446749204871527,6.235467110709793,0.2,-0.12,0.2445110268171652,-0.7707706281899079,1.1470487435152268,-2.6493780966741074,0.24026826482976837,-0.30754217205571543,0.001526141796039937,0.09336793723687499,0.12193543416382607,0.3028140108014012
126.43,0.0,77.0,41.0,0.5324675324675324,0.2490128752117412,0.3480124914079466,8.957780985868316,nan,nan,nan,nan,nan,nan,0.24026826482976837,-0.30754217205571543,0.001526141796039937,0.09336793723687499,0.12193543416382607,0.3028140108014012
126.53,0.0,47.0,24.0,0.5106382978723404,0.2899886249509065,0.345014918553958,6.320312408694015,nan,nan,nan,nan,nan,nan,0.24026826482976837,-0.30754217205571543,0.001526141796039937,0.09336793723687499,0.12193543416382607,0.3028140108014012
126.75,1.0,33.0,19.0,0.5757575757575758,0.22345666988829246,0.24629463809576654,3.642694818806441,-0.2,-0.09138712320113031,0.22331232645276491,-1.2025984251132613,1.4533520687781438,-2.9121591554474353,0.06707353941626715,0.10940800247686044,-1.3832321845264062e-05,0.13626658421609325,0.264847546690089,0.3236365154247909
127.09,1.0,25.0,20.0,0.8,0.17764870687107606,0.1940651163645753,1.6883682906635356,-0.2,-0.07871463448658786,0.17721898730429958,-1.3727820965704012,1.4204381969319624,-2.89024076714453,0.0601534607454699,0.08321932113239883,0.0007482990811507051,0.22812937746809459,0.41070266682605044,0.340980268166706
127.23000000000002,0.0,18.0,15.0,0.8333333333333334,0.25923029083326515,0.2788777789463958,1.4656852868163388,nan,nan,nan,nan,nan,nan,0.0601534607454699,0.08321932113239883,0.0007482990811507051,0.22812937746809459,0.41070266682605044,0.340980268166706
127.43,1.0,17.0,10.0,0.5882352941176471,0.19049045419830637,0.21156161325230405,2.394501601449495,-0.2,-0.11297123906025043,0.19014759733855574,-1.5615479372082903,1.3498819269600202,-2.7280750212775744,0.021343864261404333,0.042240023326179044,0.0013378537222834552,0.12045405381588267,0.22426728131872087,0.20597499830488103
127.53,0.0,13.0,1.0,0.07692307692307693,0.3422761634818176,0.3422761634818176,0.3306302119589878,nan,nan,nan,nan,nan,nan,0.021343864261404333,0.042240023326179044,0.0013378537222834552,0.12045405381588267,0.22426728131872087,0.20597499830488103
127.75,0.0,16.0,0.0,0.0,nan,nan,nan,nan,nan,nan,nan,nan,nan,0.021343864261404333,0.042240023326179044,0.0013378537222834552,0.12045405381588267,0.22426728131872087,0.20597499830488103
128.09,0.0,16.0,0.0,0.0,nan,nan,nan,nan,nan,nan,nan,nan,nan,0.021343864261404333,0.042240023326179044,0.0013378537222834552,0.12045405381588267,0.22426728131872087,0.20597499830488103
128.13,0.0,19.0,5.0,0.2631578947368421,0.10543768370539311,0.12007025041621805,12.096817348538455,nan,nan,nan,nan,nan,nan,0.021343864261404333,0.042240023326179044,0.0013378537222834552,0.12045405381588267,0.22426728131872087,0.20597499830488103
128.35,0.0,21.0,6.0,0.2857142857142857,0.0814781158449348,0.1098349295519408,9.878992692398768,nan,nan,nan,nan,nan,nan,0.021343864261404333,0.042240023326179044,0.0013378537222834552,0.12045405381588267,0.22426728131872087,0.20597499830488103
128.79000000000002,1.0,17.0,17.0,1.0,0.04793234183961196,0.08463003012893455,6.82102988695715,-0.2,0.03177981169994382,0.04805566976314464,-1.9902538408082269,0.6153913649256209,-1.6584583427028634,-0.0977061582546368,-0.1323985165571846,0.0013240810046553086,0.9126377742767118,0.9110137866193317,0.47909045242882903
128.93,1.0,14.0,9.0,0.6428571428571429,0.026450622925503306,0.04148936168023431,5.656975345343672,0.2,0.12,0.016878398995334568,-1.5862759539949196,0.533401261349177,-1.5576642728206636,0.3867647607711673,-0.029686050214140614,0.003374037073181624,0.5384683527723347,0.3921603332771414,0.22232686500980253
129.85,1.0,34.0,34.0,1.0,0.10288067592884208,0.16346409884968613,4.678612898113726,0.1403123765876366,-0.12,0.10203431386147668,-1.465470486955825,0.2519347937017157,-0.7652584539826703,0.07236462425818169,0.08192347181755064,-0.008113690936194297,0.7686824037231919,0.6177137394565391,0.6036215264698652
129.93,1.0,47.0,47.0,1.0,0.02251444380973268,0.09062196716496773,1.5368674543609566,0.07815218182072947,-0.10666726620633657,0.008165566739329071,-1.4798135681644529,0.1906700346390932,-0.6896148374666611,-0.03699903156812323,-0.015223110628919512,-0.00663264690790355,0.7927910695633497,0.7726145697634157,0.40069085849354796
130.13,1.0,44.0,44.0,1.0,0.022783155995974344,0.09272846963089341,0.8401053350257683,0.06476381842033926,-0.10555418576257719,0.007275070576376263,-1.4105583442804825,0.14612817302513564,-0.5026229380627223,-0.0256898641101595,-0.005779671604154435,-0.003216080173941149,0.6700428972235942,0.746375796265024,0.36202789373675087
130.33,1.0,37.0,37.0,1.0,0.0266090744477598,0.10851000114208226,0.9117499129042301,0.05835343434044127,-0.0993330277040648,0.009934715537052921,-1.3270269246251456,0.11792748318280531,-0.3345036910142203,-0.020049093757886327,-0.0009917744548188084,-0.0017657241386088152,0.6246067345412949,0.7686245765926885,0.34595898132219743
130.59,1.0,29.0,29.0,1.0,0.02873780139467785,0.10293195223873215,1.1912609479290497,0.05727008619746239,-0.09886504868373938,0.009562360091217683,-1.194415083475538,0.09331794730303425,-0.1840481738064108,-0.01615261585444161,0.0023575631578760664,-0.0010828211275947797,0.6138799995799621,0.8045992135260844,0.3376118024389102
130.73000000000002,1.0,27.0,27.0,1.0,0.02603706096890908,0.1086069404391983,1.2529488802360704,0.04426346476104007,-0.0490054564581706,0.00982425055728428,-1.123558918647568,0.07450925012138457,-0.1359435991802962,-0.01084494392241031,-0.011200820063343553,-0.0007458123643835078,0.5177466703222015,0.7284449929942434,0.292224121928181
130.93,1.0,27.0,27.0,1.0,0.027597665236376728,0.09685162041031385,1.7010858287892896,0.039241245301615296,-0.025105570307471955,0.010510841630691374,-1.0141149710879929,0.06076684623658463,-0.08760478286304972,-0.00740138452283845,-0.007451472785725659,-0.00030806633705068864,0.5497031768106445,0.7788665768778532,0.3021363936964225
131.25,1.0,25.0,25.0,1.0,0.02524901333200563,0.09578566313962016,2.0590099034319653,0.0495610191807891,-0.035835463566677474,0.009255232610812184,-0.840437683210019,0.06057557378534076,-0.03971565379230624,-0.004607319921697384,0.008966184844171027,-5.499205954469232e-05,0.6061887822738276,0.8317245711051919,0.3277993676256792
131.39000000000001,1.0,21.0,21.0,1.0,0.029904025765647463,0.10998568497274337,2.5196261495877272,0.05367645454345609,-0.025223326099432786,0.00901583011831184,-0.7627347665130159,0.06501709399685172,-0.026337036756626464,-0.0024931731540880353,0.005689432999682387,-0.00025172851382757044,0.4700718988299337,0.7023946155306467,0.26028647306360614
131.49,1.0,34.0,34.0,1.0,0.022805161086624115,0.07646744276330601,1.8878699994301724,0.04733834140791696,-0.0005058543855397554,0.010159395269142517,-0.7106511107197674,0.05883827354343256,-0.019400920842152395,-0.0018616097191626046,-0.004629598228530207,-0.00030297891823664533,0.5299866459031601,0.7405631475298313,0.3243269260493187
131.83,1.0,19.0,19.0,1.0,0.015728435580440004,0.03424216466314422,1.9188393044877852,0.028955214987187554,0.012734641702641205,0.005684934015305256,-0.5199175925744794,0.04004620705149358,-0.0072123773217525056,-0.001561566996227226,-0.019589095644483065,-0.00012546786913056505,0.5331797210566583,0.805844493517177,0.26514084866296633
131.89000000000001,1.0,16.0,15.0,0.9375,0.016816184884981922,0.02935669011790239,3.0193498196066084,0.019149770979795727,0.02468299929313018,0.008147895279761347,-0.48919648265464405,0.02844306351379327,-0.0060754122218793505,-0.0007574261241129476,-0.013590906035483026,0.0003712013698684499,0.3487282134351109,0.529186931497355,0.1888201980006239
132.23000000000002,1.0,26.0,26.0,1.0,0.01640991004148664,0.03770402098438424,4.729027082431989,0.011447123057647874,0.05090583070187593,0.00873837566419102,-0.298588800302083,0.021912186515804455,-0.002913392213636622,-0.0005557823642755033,-0.014005856957110575,0.000502890747127283,0.6353209329786036,0.8604626185582889,0.3575047338158102
132.35,1.0,27.0,27.0,1.0,0.015341712765725678,0.03335025125993669,2.018494168758973,0.043683958178574844,0.027548704697797657,0.007594357934421759,-0.23460763059931816,0.05289593651885492,-0.0028847086358512186,-9.491737124006638e-05,0.03032156385928146,0.0006687130690849574,0.5179389270139184,0.730153941077496,0.31298199697898904
132.49,1.0,34.0,34.0,1.0,0.014603623420236325,0.037250783769083154,2.197886490166555,0.04931472856040245,0.024378379217686506,0.008061957335721548,-0.15926931495735117,0.05799773398345739,-0.002578077033389636,-6.937845509025209e-05,0.0137995697972393,-0.00012249260930606012,0.5417381265778178,0.7819704324797812,0.3278869081307731
132.69,1.0,35.0,35.0,1.0,0.016138210014313602,0.03215750245150071,2.062469002872023,0.051817826524253624,0.02423449981418024,0.007387594077011156,-0.04623005668469707,0.06096269887440689,-0.00307642761856819,-8.276701740285441e-06,0.005476309455780412,-0.00031998273692388944,0.5757646801936064,0.8219687264362487,0.33107320364513926
132.89000000000001,1.0,42.0,42.0,1.0,0.014212030282714552,0.03629584798114304,1.3267784010453576,0.0631518401553368,0.016141211583827583,0.007106539771221147,0.06111883209898109,0.07113389468833728,-0.0036836909344630797,6.596466765720899e-05,0.012277028952544997,-0.0003139704102338098,0.582990606980385,0.8251510333587382,0.3325419621666085
133.09,1.0,40.0,40.0,1.0,0.014301677386103315,0.036940401536289975,0.6970952009409864,0.07889346625646135,0.002113639100402359,0.004951946761159521,0.16957685157948937,0.08874298718669232,-0.004525160530600925,0.0001435525100135504,0.017843833087912597,-0.0004226080806709583,0.5842448626413176,0.8258139893013535,0.33319439746878227
133.29000000000002,1.0,44.0,44.0,1.0,0.016134892759297224,0.034244870259007326,0.7753060093770383,0.07712845712708077,0.0037661562237110875,0.0050024264506121525,0.2799168012298628,0.08760022850408601,-0.0052065919536952165,8.874061044616965e-05,0.001280022962055441,-0.0005907487594335692,0.5844621871878458,0.8264761979925243,0.3334662550099953
133.49,1.0,45.0,45.0,1.0,0.014803804037929386,0.0376952323652991,0.6702796483513676,0.07572554199271135,0.00549505906383808,0.004967283316633106,0.38874093093400847,0.086583588663044,-0.005771073931280402,7.107662666383519e-05,-0.0012229718979666765,-0.0004161807442205701,0.5833215493750538,0.8265488080696295,0.33359628009880127
133.69,1.0,46.0,46.0,1.0,0.014407597783017367,0.03460180716087694,0.9156147971857638,0.07538102814778809,0.00499679602302918,0.004983747405010682,0.5003067194295507,0.0875612106563889,-0.006243741190763874,6.504214839342382e-05,-0.0005831068851642474,-0.0002560267430914238,0.5831254249594717,0.8270646392453157,0.3336272521362637
133.89000000000001,1.0,42.0,40.0,0.9523809523809523,0.015432248100130644,0.039586311939311516,0.8173072928746044,0.07564029800927459,0.004852461349949228,0.004882740360388583,0.6068610677522178,0.08796891745495747,-0.006716616216468463,6.528248192305686e-05,0.00014253612572208418,-0.00016020005127287233,0.5830921794684971,0.8281049950804362,0.3336925320822708
134.09,1.0,37.0,29.0,0.7837837837837838,0.017760021361010913,0.03061804527673107,0.934273392727075,0.07498152822002639,0.005176553583206484,0.004942689048772899,0.7161794903908315,0.08816288391965287,-0.007168777182972707,5.6548379833931683e-05,-0.0006456231771129195,-0.00010913249586118249,0.5589803301113676,0.8145480456088477,0.31219869984578164
134.29000000000002,1.0,40.0,29.0,0.725,0.013026346420412852,0.038816918211689866,0.897597189326661,0.0742805371989091,0.004912183402851542,0.004990293487116286,0.8245661851168653,0.08798895584356985,-0.0073211908103165664,3.23732570098878e-05,-0.0008271786619481192,-6.381856247540674e-05,0.5658925217436342,0.8178895305666923,0.31677382865760056
134.45000000000002,1.0,41.0,30.0,0.7317073170731707,0.14639078258602053,0.20884688684289515,7.174923336812379,-0.16688457339642535,0.12,0.148376460504078,0.9105125664018232,-0.15144505095605698,-0.007566837519012992,-0.001791039842943154,-0.24131122443164993,-2.9108948466713067e-05,0.11959479311135085,0.3020010617384312,0.31207400168357874
134.65,1.0,57.0,49.0,0.8596491228070176,0.20019794264572835,0.3427691834484428,7.229188446800172,-0.17494257809601435,0.12,0.2056068060789896,1.0199845123560094,-0.16007859292366647,-0.007681971338136421,-0.0013374609407712512,-0.17632071693250417,0.0015423150097552771,0.10287320918881258,0.29005177108816754,0.3336782306921928
135.03,1.0,66.0,17.0,0.25757575757575757,0.013751326066724131,0.02584399475516835,1.0643478497582681,0.06740155983890844,0.01088279337175576,0.00493305556553989,1.211271714198916,0.08379023111181261,-0.008399212045184345,0.0009880633631782487,0.11748987822403624,0.0019878448806990665,0.6365659270667056,0.8720416584484111,0.2568758670605794
135.13,0.0,65.0,42.0,0.6461538461538462,0.2626144653005148,0.3457035963551692,10.5108703377583,nan,nan,nan,nan,nan,nan,0.0009880633631782487,0.11748987822403624,0.0019878448806990665,0.6365659270667056,0.8720416584484111,0.2568758670605794
135.25,0.0,59.0,43.0,0.7288135593220338,0.24527530708620718,0.34909594536974636,7.102633117279224,nan,nan,nan,nan,nan,nan,0.0009880633631782487,0.11748987822403624,0.0019878448806990665,0.6365659270667056,0.8720416584484111,0.2568758670605794
135.45000000000002,0.0,56.0,39.0,0.6964285714285714,0.25036938499804484,0.3204062043711319,4.9483916687320395,nan,nan,nan,nan,nan,nan,0.0009880633631782487,0.11748987822403624,0.0019878448806990665,0.6365659270667056,0.8720416584484111,0.2568758670605794
135.65,0.0,51.0,39.0,0.7647058823529411,0.2699804732210742,0.34305045044548743,7.130655355990164,nan,nan,nan,nan,nan,nan,0.0009880633631782487,0.11748987822403624,0.0019878448806990665,0.6365659270667056,0.8720416584484111,0.2568758670605794
135.83,0.0,31.0,23.0,0.7419354838709677,0.2646711192685051,0.30956762311901975,6.506124983112536,nan,nan,nan,nan,nan,nan,0.0009880633631782487,0.11748987822403624,0.0019878448806990665,0.6365659270667056,0.8720416584484111,0.2568758670605794
136.05,0.0,33.0,18.0,0.5454545454545454,0.27356407593410015,0.32084876425950304,9.816217044644477,nan,nan,nan,nan,nan,nan,0.0009880633631782487,0.11748987822403624,0.0019878448806990665,0.6365659270667056,0.8720416584484111,0.2568758670605794
136.25,0.0,14.0,11.0,0.7857142857142857,0.2979353612406867,0.34237633544389307,11.028725341100143,nan,nan,nan,nan,nan,nan,0.0009880633631782487,0.11748987822403624,0.0019878448806990665,0.6365659270667056,0.8720416584484111,0.2568758670605794
136.53,0.0,22.0,21.0,0.9545454545454546,0.28617449263093214,0.33118970211558924,11.537144198663292,nan,nan,nan,nan,nan,nan,0.0009880633631782487,0.11748987822403624,0.0019878448806990665,0.6365659270667056,0.8720416584484111,0.2568758670605794
137.23000000000002,0.0,43.0,43.0,1.0,0.25820330234539074,0.312039855879997,6.746870518755955,nan,nan,nan,nan,nan,nan,0.0009880633631782487,0.11748987822403624,0.0019878448806990665,0.6365659270667056,0.8720416584484111,0.2568758670605794
137.59,1.0,45.0,44.0,0.9777777777777777,0.06318418654006525,0.16616563973719706,8.03784886252265,0.2,-0.12,0.0812794911757974,2.1765726672470738,0.48563365077476417,0.9923552314010529,-0.16767648856775663,0.05617508935901461,-0.0006963717815858805,0.8559263801699051,0.9450962377250092,0.70902876648706
137.79000000000002,1.0,34.0,34.0,1.0,0.06173377437134612,0.14161805430755284,7.368030508919131,0.2,-0.12,0.0707185974505237,2.1867448183677762,0.5468402931841692,1.1728516556078414,-0.039399863325760176,-0.03230211209389533,-0.005810143230048138,0.71922237745993,0.6488807777843852,0.46621412400639217
137.83,1.0,41.0,41.0,1.0,0.10840781128803115,0.14436929682063082,3.8457631966403123,0.2,-0.012859478690597888,0.10670322446860075,2.1881597392688903,0.5593755435754497,1.205692440825735,-0.015353944663567987,-0.019666449895966776,-0.003641744817612924,0.32035756779039115,0.251330383100578,0.33318744235333214
138.05,1.0,36.0,36.0,1.0,0.09776160978719735,0.121246350563553,2.850074218937264,0.2,0.006739693658411305,0.09514030320574092,2.1957391261843027,0.6433618605109247,1.3504412823006806,-0.019250555146293813,-0.043002860840611334,-0.00249122242914801,0.5782800624810988,0.3743851854529132,0.3409609441969064
138.33,1.0,31.0,31.0,1.0,0.06573093355219756,0.08677389570678194,2.107694379707696,0.2,0.02081947637229033,0.0633478763650283,2.197386171889191,0.763216278952617,1.4689473317158512,-0.014564454024925233,-0.051576557065719175,-0.0018418876544379348,0.8095253487863335,0.6034724856940789,0.357591877393332
138.47,1.0,33.0,33.0,1.0,0.08208967421757368,0.10911317881891357,1.5141522836899726,0.2,0.0621864811872999,0.0789843272085596,2.1989902270845065,0.8233656691654152,1.507217143823951,-0.005206910778208673,-0.028616946920044795,-0.0015341787097893356,0.6103145102453461,0.3873903022829512,0.3272120353265305
138.63,1.0,39.0,39.0,1.0,0.103632175792314,0.1346166859485124,1.582802506693439,0.2,0.06400876291138129,0.10114403188279021,2.1946744133909437,0.885107282307771,1.5504408819450326,-0.0028969855241176568,-0.026267287012612606,-0.0011130014118660991,0.5153800468469925,0.2843322342059631,0.315756488839484
138.83,1.0,34.0,34.0,1.0,0.11594718564469318,0.13655412722929092,2.469847261580879,0.2,0.06771314394387572,0.11332472165492637,2.192255110386202,0.9930204147397079,1.5641775496572219,-0.0016389041307363073,-0.02157537478153082,-0.0008117994715923782,0.5277450178754182,0.27879909629819216,0.3258566100106381
139.03,0.0,33.0,3.0,0.09090909090909091,0.34331678981393815,0.3479153990083893,6.601937807775889,nan,nan,nan,nan,nan,nan,-0.0016389041307363073,-0.02157537478153082,-0.0008117994715923782,0.5277450178754182,0.27879909629819216,0.3258566100106381
139.33,0.0,39.0,5.0,0.1282051282051282,0.3372498563326161,0.34549254506488036,6.550746652407694,nan,nan,nan,nan,nan,nan,-0.0016389041307363073,-0.02157537478153082,-0.0008117994715923782,0.5277450178754182,0.27879909629819216,0.3258566100106381
139.43,0.0,31.0,1.0,0.03225806451612903,0.34199069098848506,0.34199069098848506,1.6721847554339935,nan,nan,nan,nan,nan,nan,-0.0016389041307363073,-0.02157537478153082,-0.0008117994715923782,0.5277450178754182,0.27879909629819216,0.3258566100106381
139.69,0.0,34.0,0.0,0.0,nan,nan,nan,nan,nan,nan,nan,nan,nan,-0.0016389041307363073,-0.02157537478153082,-0.0008117994715923782,0.5277450178754182,0.27879909629819216,0.3258566100106381
139.83,0.0,33.0,0.0,0.0,nan,nan,nan,nan,nan,nan,nan,nan,nan,-0.0016389041307363073,-0.02157537478153082,-0.0008117994715923782,0.5277450178754182,0.27879909629819216,0.3258566100106381
140.03,1.0,42.0,37.0,0.8809523809523809,0.09265784705851286,0.16185847748559518,5.840654229475501,0.19317168435629462,0.12,0.09390241791029595,2.3212487063623817,1.6613447583267378,1.2114959752681183,0.018604511336627994,0.05096516770632076,-0.0005817297939074706,0.8714533389849133,0.6576776539982652,0.5665878407755081
140.29000000000002,1.0,43.0,40.0,0.9302325581395349,0.10203803724277223,0.18646506772035074,7.225019917264139,0.2,0.12,0.10405876773637726,2.3684595957319923,1.7931387673393282,1.1630973558948965,0.0012430794628799369,0.029402839868715835,-0.00025423779909927724,0.6260223609531804,0.4651262024297491,0.4389347721597466
140.43,1.0,48.0,47.0,0.9791666666666666,0.07743368557915509,0.1397562240365401,5.706774433111911,0.2,0.12,0.07944279256062232,2.3977465019586806,1.8607177096853922,1.1470317195406103,0.0037647430255485226,0.01874390992625874,-0.0003065525463568086,0.6611674548098827,0.5256147946959323,0.3571796240016211
140.63,1.0,57.0,45.0,0.7894736842105263,0.07975589889430554,0.1408659576443907,4.422860606669609,0.2,0.12,0.08134861262903921,2.437748192314639,1.957591897410126,1.1311743608884592,0.003922057741750251,0.012024851144284199,-0.00025198295317752084,0.6387658093585079,0.48055501895578207,0.34404981595084627
140.83,1.0,50.0,47.0,0.94,0.09517318162577242,0.16695135105220124,8.071028282505845,0.19604918904925003,0.12,0.10042744229261996,2.483713001957898,2.0467456801203285,1.1219534200801062,0.0068811139451070424,0.0065495087085865045,-0.00017359753410528533,0.5399907727532464,0.37689927397994333,0.3384627977929118
141.03,1.0,52.0,49.0,0.9423076923076923,0.09004758715061668,0.18190868523865292,6.54846535707029,0.1683388182360881,0.12,0.09981482950494781,2.5521093415270695,2.1279980688520332,1.1164790805643374,0.029190835716592645,-0.006430205645499232,-7.494836133492555e-05,0.5632660097883364,0.40025022425799756,0.3359736001472115
141.23000000000002,0.0,46.0,36.0,0.782608695652174,0.12309595586074368,0.32615179762749313,8.732017429034034,nan,nan,nan,nan,nan,nan,0.029190835716592645,-0.006430205645499232,-7.494836133492555e-05,0.5632660097883364,0.40025022425799756,0.3359736001472115
141.49,1.0,51.0,38.0,0.7450980392156863,0.1461975833976017,0.19522834988127946,9.747111604087458,-0.05334439054472512,0.12,0.1455951347241796,2.8426449613396665,2.2419373257728483,1.1411613097434845,0.21178958838780781,-0.09692987622720706,0.00027092148131968585,0.5197226745263296,0.33502144827287056,0.41884308983326257
141.59,1.0,53.0,48.0,0.9056603773584906,0.0556985412874439,0.10627486685011477,7.229166808286763,0.10856935433784082,0.12,0.05896505076969878,2.711804791973108,2.3557009682492764,1.1672967102209446,-0.05802472622989585,0.02505061889557547,0.0028650286925728796,0.8022260278948399,0.6958473354675548,0.3341807518691026
141.79000000000002,1.0,36.0,34.0,0.9444444444444444,0.028837472588249174,0.07213967038747301,7.436911266269935,0.15049329466014394,0.12,0.02758421827803697,2.6935051225636784,2.4545580352103857,1.2512135225710195,-0.05299424776585404,0.008618938721528746,0.0010458027948254678,0.8120420389248062,0.6617985784450922,0.33402624908154926
141.99,1.0,39.0,39.0,1.0,0.03612852730146053,0.0881540907209385,6.34803961400643,0.2,0.06527716148071945,0.03638324645955752,2.650685512546807,2.5487772895206606,1.3725044670926154,-0.06257808380085139,-0.00848583806418457,-0.000126693011922141,0.8128742164924252,0.6092790637924422,0.3338989429776078
142.19,1.0,43.0,41.0,0.9534883720930233,0.06688059033091227,0.1348268845052564,5.075649828074462,0.2,0.0575619038523952,0.0723759872359131,2.643394544228424,2.6206289624588606,1.5123691646818198,-0.015659542879389754,-0.034623685667099835,-0.0011658241249945522,0.6921922422741407,0.409504707006904,0.3339418934010449
142.63,1.0,41.0,36.0,0.8780487804878049,0.10327295951357017,0.13753579314370007,3.0488325641861036,0.2,0.07980875015076595,0.10229292525115531,2.583804106106673,2.757991093272229,1.8660237315050159,0.0024645339743853967,-0.09080536509524073,-0.0010941141890372652,0.7053030090382909,0.4026584239068342,0.4122223252615891
142.79000000000002,1.0,48.0,42.0,0.875,0.11946355702795715,0.16748097446027901,3.9865477544334307,0.2,0.12,0.12032564635848329,2.548117827919363,2.806466076842928,1.9758293313470796,0.011509417706560665,-0.07490033696138587,-0.0013511048660825864,0.49157269397813697,0.3078694557203615,0.35317588769795927
142.99,0.0,44.0,3.0,0.06818181818181818,0.3413112448759236,0.3475745177356478,5.904363517568474,nan,nan,nan,nan,nan,nan,0.011509417706560665,-0.07490033696138587,-0.0013511048660825864,0.49157269397813697,0.3078694557203615,0.35317588769795927
143.19,0.0,41.0,3.0,0.07317073170731707,0.3418490501015545,0.3482187970542239,4.104762374362777,nan,nan,nan,nan,nan,nan,0.011509417706560665,-0.07490033696138587,-0.0013511048660825864,0.49157269397813697,0.3078694557203615,0.35317588769795927
143.43,0.0,37.0,0.0,0.0,nan,nan,nan,nan,nan,nan,nan,nan,nan,0.011509417706560665,-0.07490033696138587,-0.0013511048660825864,0.49157269397813697,0.3078694557203615,0.35317588769795927
143.59,0.0,41.0,0.0,0.0,nan,nan,nan,nan,nan,nan,nan,nan,nan,0.011509417706560665,-0.07490033696138587,-0.0013511048660825864,0.49157269397813697,0.3078694557203615,0.35317588769795927
143.79000000000002,0.0,42.0,0.0,0.0,nan,nan,nan,nan,nan,nan,nan,nan,nan,0.011509417706560665,-0.07490033696138587,-0.0013511048660825864,0.49157269397813697,0.3078694557203615,0.35317588769795927
143.95000000000002,0.0,40.0,0.0,0.0,nan,nan,nan,nan,nan,nan,nan,nan,nan,0.011509417706560665,-0.07490033696138587,-0.0013511048660825864,0.49157269397813697,0.3078694557203615,0.35317588769795927
144.19,0.0,29.0,0.0,0.0,nan,nan,nan,nan,nan,nan,nan,nan,nan,0.011509417706560665,-0.07490033696138587,-0.0013511048660825864,0.49157269397813697,0.3078694557203615,0.35317588769795927
144.45000000000002,0.0,31.0,0.0,0.0,nan,nan,nan,nan,nan,nan,nan,nan,nan,0.011509417706560665,-0.07490033696138587,-0.0013511048660825864,0.49157269397813697,0.3078694557203615,0.35317588769795927
144.65,0.0,31.0,0.0,0.0,nan,nan,nan,nan,nan,nan,nan,nan,nan,0.011509417706560665,-0.07490033696138587,-0.0013511048660825864,0.49157269397813697,0.3078694557203615,0.35317588769795927
144.79000000000002,0.0,37.0,2.0,0.05405405405405406,0.33409857665894044,0.3400970519214862,3.386204873211733,nan,nan,nan,nan,nan,nan,0.011509417706560665,-0.07490033696138587,-0.0013511048660825864,0.49157269397813697,0.3078694557203615,0.35317588769795927
145.05,0.0,28.0,0.0,0.0,nan,nan,nan,nan,nan,nan,nan,nan,nan,0.011509417706560665,-0.07490033696138587,-0.0013511048660825864,0.49157269397813697,0.3078694557203615,0.35317588769795927
145.33,0.0,39.0,0.0,0.0,nan,nan,nan,nan,nan,nan,nan,nan,nan,0.011509417706560665,-0.07490033696138587,-0.0013511048660825864,0.49157269397813697,0.3078694557203615,0.35317588769795927
145.39000000000001,1.0,45.0,45.0,1.0,0.11175613602356231,0.15648036107407648,6.261914557096426,0.2,0.10320533081024308,0.11178941853377979,2.6142712863178916,4.216231961209719,1.1029833359979726,0.01700622992104872,0.11640208435735833,-0.0012575269024899247,0.9122883214859911,0.7766755630652136,0.7029526621903315
145.59,1.0,42.0,42.0,1.0,0.14454472172875568,0.18799865378682012,4.601065944509821,0.2,0.06743997767419845,0.14364581368466733,2.6570842224514655,4.3077214228342156,1.0965427749495147,0.0027676363655770864,0.027205141484756723,-0.0012943841936017275,0.4898799612845134,0.389969700642496,0.46484195342047024
145.75,1.0,41.0,41.0,1.0,0.15717341818513086,0.19533022692080965,3.0281331276379957,0.2,0.03827930154435624,0.15440415653711914,2.6951619068089134,4.390158348191732,1.0947822164629344,0.0030132198134618093,0.017040162017323723,-0.0007995672296852163,0.40931583453655007,0.3099187004028054,0.3743985821920672
146.07,0.0,52.0,7.0,0.1346153846153846,0.34665023647942705,0.3499999888215384,2.6963216093749507,nan,nan,nan,nan,nan,nan,0.0030132198134618093,0.017040162017323723,-0.0007995672296852163,0.40931583453655007,0.3099187004028054,0.3743985821920672
146.25,1.0,47.0,47.0,1.0,0.20069153950720944,0.21527400553845716,1.4631462807953346,0.2,0.009704342543248708,0.198897813642296,2.7964509122696746,4.615636333050641,1.101025348120407,0.0023869489094270335,0.010791791846894938,-0.0005381309985734717,0.429334923537602,0.28167986025442576,0.4421518980102485
146.35,1.0,52.0,52.0,1.0,0.1551932800040267,0.18388330822561347,2.575979595278776,0.2,0.02193337075891578,0.15337704948131453,2.812878658262428,4.6595582009994905,1.1172605661501827,0.001005130682269595,0.005092277117561217,-0.0003183482569626417,0.4655107878042724,0.3428063099485629,0.34448794292331025
146.53,1.0,39.0,39.0,1.0,0.1612789691012457,0.17707698078825143,1.935180922940507,0.2,0.0064450562920591765,0.15933326095267947,2.8395157149589467,4.733689892541537,1.1739381277380065,-0.0037029779826438514,-0.006898676700144435,-0.00021459637939313936,0.4246861485994023,0.29656008169066883,0.33132124388370765
146.89000000000001,1.0,46.0,45.0,0.9782608695652174,0.1676635917632156,0.18525711639014625,1.5806203051168293,0.2,-0.08859427935127744,0.1656020958570411,2.8549687136351807,4.873486767794319,1.365483992639148,-0.013983032459671918,-0.04167073326764914,-0.00015237835060810667,0.49718200650331046,0.302216211305878,0.3876349084097102
147.03,1.0,44.0,44.0,1.0,0.14223217016472509,0.16151307987235214,2.395156397293254,0.2,-0.05809549835201879,0.14013300487274835,2.8520477846731427,4.926025339204332,1.4602060101908199,-0.013215730133870007,-0.0488568287261284,-0.00017895345859475498,0.5131581254818633,0.3293586928704495,0.335468662913552
147.23000000000002,1.0,41.0,41.0,1.0,0.12170727219583641,0.13681590006505392,1.8241418891678334,0.2,-0.044759092198514025,0.12001958378734921,2.835970853224656,5.000072660741061,1.588118477786911,-0.0099999784114293,-0.05894687466802395,-0.00023341581294444858,0.5855913211249824,0.3711044776305681,0.33469623077983646
147.33,1.0,34.0,32.0,0.9411764705882353,0.1146728785168021,0.1349386319976431,2.5067947525003293,0.2,0.012564642348150096,0.1131239027541725,2.825684649000662,5.0363501301236075,1.6507955103888552,-0.004803109317203624,-0.0498044202063328,-0.00035686486365449355,0.5146475395917276,0.33310486052808574,0.295051664953464
147.63,1.0,30.0,30.0,1.0,0.0971658722706507,0.12185804238236307,2.2117667187821564,0.2,9.793474744448905e-05,0.09486325323039536,2.780134955720877,5.170342557180316,1.7787688296977882,0.0013362346774057343,-0.05851472653334522,-0.000391033981393285,0.6924901216533547,0.4406166020183802,0.3386269821303539
147.83,1.0,27.0,26.0,0.9629629629629629,0.10168293069767044,0.1207371352471115,2.44592666120999,0.2,0.006958169125981605,0.09934879592730246,2.744117457119332,5.2688883574734025,1.8303096266641405,0.004887694240224505,-0.042786072867514235,-0.0005679355139081022,0.5751208449714476,0.3516691477906777,0.3004054309698159
148.03,1.0,25.0,25.0,1.0,0.08115124136672519,0.10107479864363807,2.9822037976764553,0.2,0.04306433695659298,0.07856915986844716,2.708295674444033,5.365071254816845,1.8659100399857298,0.0062943937563928465,-0.03482284026056526,-0.0005725780734524566,0.675445110091859,0.45728984865115313,0.2954587230058136
148.13,1.0,22.0,22.0,1.0,0.0826855517021854,0.10348369411484142,3.0948519295845993,0.2,0.056695194612115966,0.08046113774338079,2.688840518967319,5.410742658143067,1.8800275132107502,0.00514912005931345,-0.021991917630996838,-0.0005524727532708607,0.5181088461603596,0.3414186872466235,0.24102091124559402
148.35,1.0,45.0,41.0,0.9111111111111111,0.04585356299586801,0.1413408702090101,4.085161787998631,0.2,0.12,0.049590525284769815,2.64585464259197,5.519668928155789,1.8992787787000527,0.005034468739244957,-0.018424188898920058,-0.00048055235496380355,0.850869409084511,0.6980837035022869,0.3481876409970865
148.53,1.0,28.0,25.0,0.8928571428571429,0.20466113644128012,0.2946374654734577,7.008374578764329,0.055461947737689546,0.12,0.20440034608968483,2.7419949387726317,5.660672854089052,1.908194065276908,0.13879113125071685,0.04033137154357913,-0.0003929217919449446,0.17510148046516935,0.07591324973690369,0.28069798885650415
148.79000000000002,1.0,35.0,31.0,0.8857142857142857,0.09333497496453716,0.15814836944298938,7.3081667420136,0.171814430876052,0.12,0.09474004224863498,2.5771004077051085,5.7468875241212,1.922504064439232,0.0039037475030099245,-0.00901394941112077,0.0002845999558034329,0.6858027508655279,0.4305619834729092,0.358273464054731
148.93,1.0,34.0,30.0,0.8823529411764706,0.1483564155447331,0.22762740631708756,5.8390172257757245,0.13731776800083678,0.12,0.1531702903526733,2.5808728718701515,5.8255239678149815,1.925577610501348,0.03469645684732425,0.005942774302091891,0.00016951073944526662,0.3459034777758937,0.19261667463667986,0.31358833003176456
149.13,1.0,47.0,39.0,0.8297872340425532,0.1565333022362362,0.22359096349620544,4.169720492179091,0.1467720056512202,0.12,0.15979009120107707,2.5342137411061696,5.912357940301261,1.930203251990917,0.013655211681917745,-0.0013811332118143227,0.00032288020801973794,0.41171594587636556,0.22707235671961856,0.33435599543070776
149.33,0.0,38.0,6.0,0.15789473684210525,0.3134022639305835,0.33681198224678593,12.543113706349308,nan,nan,nan,nan,nan,nan,0.013655211681917745,-0.0013811332118143227,0.00032288020801973794,0.41171594587636556,0.22707235671961856,0.33435599543070776
149.53,0.0,42.0,0.0,0.0,nan,nan,nan,nan,nan,nan,nan,nan,nan,0.013655211681917745,-0.0013811332118143227,0.00032288020801973794,0.41171594587636556,0.22707235671961856,0.33435599543070776
149.73000000000002,0.0,40.0,0.0,0.0,nan,nan,nan,nan,nan,nan,nan,nan,nan,0.013655211681917745,-0.0013811332118143227,0.00032288020801973794,0.41171594587636556,0.22707235671961856,0.33435599543070776
149.93,0.0,45.0,0.0,0.0,nan,nan,nan,nan,nan,nan,nan,nan,nan,0.013655211681917745,-0.0013811332118143227,0.00032288020801973794,0.41171594587636556,0.22707235671961856,0.33435599543070776
150.13,0.0,50.0,0.0,0.0,nan,nan,nan,nan,nan,nan,nan,nan,nan,0.013655211681917745,-0.0013811332118143227,0.00032288020801973794,0.41171594587636556,0.22707235671961856,0.33435599543070776
150.33,0.0,46.0,0.0,0.0,nan,nan,nan,nan,nan,nan,nan,nan,nan,0.013655211681917745,-0.0013811332118143227,0.00032288020801973794,0.41171594587636556,0.22707235671961856,0.33435599543070776
150.53,0.0,45.0,0.0,0.0,nan,nan,nan,nan,nan,nan,nan,nan,nan,0.013655211681917745,-0.0013811332118143227,0.00032288020801973794,0.41171594587636556,0.22707235671961856,0.33435599543070776
150.73000000000002,0.0,37.0,0.0,0.0,nan,nan,nan,nan,nan,nan,nan,nan,nan,0.013655211681917745,-0.0013811332118143227,0.00032288020801973794,0.41171594587636556,0.22707235671961856,0.33435599543070776
150.99,0.0,43.0,0.0,0.0,nan,nan,nan,nan,nan,nan,nan,nan,nan,0.013655211681917745,-0.0013811332118143227,0.00032288020801973794,0.41171594587636556,0.22707235671961856,0.33435599543070776
151.13,0.0,34.0,0.0,0.0,nan,nan,nan,nan,nan,nan,nan,nan,nan,0.013655211681917745,-0.0013811332118143227,0.00032288020801973794,0.41171594587636556,0.22707235671961856,0.33435599543070776
151.39000000000001,0.0,31.0,0.0,0.0,nan,nan,nan,nan,nan,nan,nan,nan,nan,0.013655211681917745,-0.0013811332118143227,0.00032288020801973794,0.41171594587636556,0.22707235671961856,0.33435599543070776
151.65,0.0,30.0,0.0,0.0,nan,nan,nan,nan,nan,nan,nan,nan,nan,0.013655211681917745,-0.0013811332118143227,0.00032288020801973794,0.41171594587636556,0.22707235671961856,0.33435599543070776
151.73000000000002,0.0,30.0,1.0,0.03333333333333333,0.3178308756853478,0.3178308756853478,17.07119103542337,nan,nan,nan,nan,nan,nan,0.013655211681917745,-0.0013811332118143227,0.00032288020801973794,0.41171594587636556,0.22707235671961856,0.33435599543070776
151.93,1.0,41.0,39.0,0.9512195121951219,0.11635352055142863,0.2033373779018852,9.062870214450312,0.2,0.12,0.11950335772104348,2.3854270549789516,7.412330804696772,1.1872054117117248,-0.04032460136522742,0.12429181070921747,0.0002934386582531534,0.9137228402402668,0.7540900124188173,0.7134083035490614
152.09,1.0,66.0,65.0,0.9848484848484849,0.08134313214367339,0.15834967578895695,7.144728710980715,0.2,0.12,0.08783272830897106,2.4149504826415504,7.48588144872764,1.169554307819487,-0.004010467949144392,0.03442490912443308,-0.0021730842002363193,0.7261253726306317,0.6323850590712915,0.4579465420703549
152.29000000000002,1.0,48.0,46.0,0.9583333333333334,0.08510260804438542,0.16042517538448983,6.351550643537501,0.2,0.12,0.08871729877248351,2.4522775325741346,7.578506761880493,1.1570306076451018,0.0010057536350323026,0.014797708643820684,-0.0014481166024893355,0.6481169709699572,0.49831679621965963,0.3845983813929709
152.55,1.0,50.0,49.0,0.98,0.11498861957248707,0.16964510999131885,6.677123495200811,0.2,0.12,0.11465946692249687,2.500817966244805,7.702428948681714,1.1496682812666261,0.0021747220801793254,0.008807899021289423,-0.0009488159738113566,0.5520664767903337,0.36938110440668837,0.37585098928545446
152.75,1.0,52.0,52.0,1.0,0.10740780641196407,0.1775074687500569,6.299522803129763,0.2,0.12,0.1092391497266901,2.538157212575932,7.797134171773755,1.147902481583971,0.002036014409906528,0.00607701365126978,-0.0006019620124495528,0.5670817204583269,0.39061363703359936,0.3520160458732433
152.89000000000001,1.0,49.0,47.0,0.9591836734693877,0.0797472016274035,0.1611851390376712,5.1603722424488545,0.2,0.12,0.08592773240799051,2.564066384205671,7.8643124406542615,1.1464360736280872,0.001615784906427109,0.004163654478456458,-0.00038999650057314206,0.631419636958202,0.47078208519508735,0.319373895773697
153.15,1.0,41.0,41.0,1.0,0.10865821814433783,0.18545845456968602,7.3125872220436365,0.2,0.12,0.1106516437547663,2.6101557718963724,7.985224262949863,1.1539560118995045,0.0003855773166976384,0.0009653251114531969,-0.00026203034420624327,0.5600690804949136,0.3709138532659951,0.34951312430733406
153.29000000000002,1.0,26.0,25.0,0.9615384615384616,0.07888383495183543,0.16864128824456628,5.704611678094647,0.2,0.12,0.08416286475686008,2.63186385617918,8.048373750925391,1.1785188689380683,-0.0016541946324024615,-0.0038704441944510393,-0.00016958027811542206,0.5868723242511138,0.4133230930740916,0.2672239111723254
153.49,1.0,21.0,20.0,0.9523809523809523,0.10321791471435131,0.12143656993403841,2.68976711942868,0.2,0.04646537698550519,0.10215443258599041,2.654650599489546,8.132358462306607,1.2424042732723803,-0.005535164328493547,-0.014381525862079414,-0.00013047308811042768,0.46592106787544374,0.278582302943841,0.24163912894126463
153.69,1.0,23.0,21.0,0.9130434782608695,0.0914696590005228,0.20408155177505646,4.3173763060345856,0.2,0.042746678853557346,0.09543848360756804,2.663202736190624,8.213682072005009,1.3419424421628001,-0.009635931816204035,-0.02997687877462063,-0.0001201772728243178,0.5564324475534098,0.3327889846474833,0.26663111650188714
153.89000000000001,1.0,27.0,27.0,1.0,0.06535428076699339,0.0811115475371536,2.0870581751802626,0.2,0.00678997820796483,0.06160294988809144,2.658782579521005,8.287173800428736,1.4685609976364977,-0.010744804998164437,-0.0457059574498313,-0.00017350082031986072,0.7991446862863744,0.5962801865182968,0.32597488507355027
154.05,1.0,41.0,41.0,1.0,0.05759259145122482,0.0719602609782003,3.394754189562681,0.2,0.006428580245915584,0.05497785093377132,2.6448959129751946,8.344965152675307,1.5792571659716916,-0.00511380570476172,-0.04100938547334643,-0.0004101412343686661,0.7980757750290117,0.5879873263042211,0.34210973987563875
154.49,1.0,47.0,40.0,0.851063829787234,0.06735967461953404,0.10630792195356767,5.862645223598326,0.2,-0.07863022770591016,0.06709452468405724,2.574982809797189,8.467074245765561,1.9515022289964985,0.012896555360852435,-0.08953242033200404,-0.000590891212366218,0.8406136584046303,0.603376735041664,0.414861908263997
154.69,1.0,48.0,40.0,0.8333333333333334,0.0630128668148986,0.10656995604406558,6.5326336898853175,0.2,-0.08392746847646923,0.06254428062827343,2.526258768215425,8.520395783495575,2.102588658427484,0.019910362330048503,-0.06316956749903113,-0.0014014400057460463,0.7390298147694976,0.5935385536174373,0.3677351117230485
155.03,1.0,42.0,36.0,0.8571428571428571,0.05790563308975712,0.10058969906324436,7.855685505426942,0.2,-0.12,0.058725494747335745,2.4125688114365755,8.627942752483154,2.273639134404709,0.030749509686290644,-0.0550966029721085,-0.001556884249112933,0.7751449242408386,0.7036998583576833,0.394114109247662
155.05,1.0,35.0,24.0,0.6857142857142857,0.015551075628343772,0.02786748387238479,2.649672239233955,0.1845379370674251,0.03004471587477812,0.009210220449935582,2.41645810376798,8.644077570309056,2.2810744698343814,0.02564972870833193,-0.0107456241558328,-0.0016349502917796244,0.4800137682112026,0.45369459325949674,0.23550136371456015
155.25,1.0,42.0,36.0,0.8571428571428571,0.08974213027563797,0.16462659761983253,10.544419583504114,0.2,-0.12,0.09537976412376889,2.3330981559867103,8.698423459313558,2.3423713908640202,0.010518504896608327,-0.02620597163677907,-0.0012111190221322232,0.4294989089793665,0.4106614287597359,0.3250521310079159
155.59,1.0,38.0,34.0,0.8947368421052632,0.06302245797442045,0.11610588623446372,7.206354760078377,0.2,-0.12,0.06923164882785592,2.2109466242751012,8.794401575912623,2.405893453416538,0.01905377717036094,-0.025679958075050635,-0.0009873981631880469,0.685276933423846,0.6957665414953146,0.37852509460556943
155.73000000000002,1.0,36.0,20.0,0.5555555555555556,0.07943973063490122,0.11875901667732092,13.400700597675312,0.2,-0.12,0.0808028518992883,2.156561430369103,8.834512665676488,2.417201734802261,0.011165357430058531,-0.011847352872417005,-0.000811175420340593,0.3871563575709646,0.4111560273390983,0.23659299305261716
155.83,1.0,44.0,32.0,0.7272727272727273,0.07353136060013757,0.15148537538352164,9.346997767696847,0.2,-0.12,0.07965554000487324,2.1160463905241236,8.865817117093087,2.4223141766395484,0.009003317667583222,-0.008927460445075752,-0.0006645827440392438,0.4883049334910233,0.516494286786737,0.31608510245437077
156.13,1.0,43.0,31.0,0.7209302325581395,0.041838428778889505,0.19014281438578517,7.773349280668293,0.06680206089815091,-0.10196702914850969,0.05555063506460139,2.0864716310520492,9.055720570229038,2.4325489976760215,0.09395789302146507,0.09444426099292258,-0.00048818679716200464,0.7284050738050456,0.7600827186683335,0.35447726640998833
156.25,1.0,39.0,20.0,0.5128205128205128,0.05896443316177989,0.07272837411486875,2.6861013860054372,-0.2,0.023392569318112455,0.056180238744601506,2.2165191830268918,9.298027448632432,2.435053173436903,0.1885158959913471,0.2151889228822519,0.0018267136439344966,0.4880553701306715,0.5222833969606926,0.22571909859719855
156.45000000000002,1.0,45.0,31.0,0.6888888888888889,0.07084931828831786,0.08914636942552961,1.5837363869897048,-0.2,0.02378435657570603,0.06877932228991375,2.1500442882737874,9.352723074416241,2.442143276920243,0.07097417295041941,0.08220082163882658,0.0052782389645287245,0.566657349142978,0.6073674467531982,0.3387148479097363
156.65,1.0,40.0,26.0,0.65,0.07281477925072086,0.09298301267670579,1.068391217239954,-0.2,0.023266720031390575,0.07040451047845075,2.065230945235135,9.415547484209748,2.4598843617191397,0.016719715658205292,0.024643185331182593,0.004858595752136097,0.5220674736251525,0.5683136016250215,0.2958084961946743
156.93,1.0,42.0,34.0,0.8095238095238095,0.028878600348287292,0.05431817085376118,1.2989597422456394,-0.2,-0.016742280010783147,0.02505690812527659,1.933571186148882,9.50080582929555,2.5502806156460016,-0.010058318202230465,0.0187601844636216,0.0038526331863191214,0.7532087929949072,0.8048053407836332,0.374072206654294
157.13,1.0,48.0,43.0,0.8958333333333334,0.06291512666409059,0.09860784614990198,5.106909914966555,-0.2,0.00856440656974427,0.06320167372390505,1.8229750749782963,9.553689526725135,2.6615296229970244,-0.023427196082867807,0.015716085965928883,0.0026394586540523517,0.5527905230504492,0.6750478546506649,0.35116602378160355
157.33,1.0,40.0,40.0,1.0,0.060023820548839014,0.1009619743859909,6.539209659171126,-0.2,0.006617091643111232,0.061230755810856435,1.700742181043932,9.587631625432952,2.798583837456519,-0.037377146723842625,0.018534827915754448,0.0018298111719845522,0.557877786453558,0.7259196763004463,0.3413886571244686
157.45000000000002,1.0,41.0,40.0,0.975609756097561,0.05391915082560585,0.0923785985477889,5.6216099334016345,-0.2,0.05072005502847921,0.05474997117665087,1.6222952332656349,9.597885637492476,2.884754881196036,-0.034683125426976824,0.01350680875464505,0.0014521196760837185,0.5354801640908817,0.7102064350136331,0.3063906928920111
157.75,1.0,37.0,37.0,1.0,0.051675530507394256,0.08730186413176881,5.89368668121407,-0.2,0.020445792593323797,0.052242972191116746,1.4331222795649572,9.600420983564302,3.091457508333261,-0.05774125165834709,0.012232735302116993,0.001267374675479882,0.6367751385652908,0.8508043781092722,0.3577544388692023
157.93,1.0,28.0,28.0,1.0,0.07441537090830548,0.11015363655985172,8.308449619359706,-0.2,0.09889824465854623,0.07565277251170348,1.3161086205523773,9.586981130247207,-3.100544693588432,-0.03959069665523285,0.003684009679421507,0.0013810545934380691,0.3548712448047634,0.6280010396091068,0.3078400194061884
158.05,1.0,24.0,24.0,1.0,0.04029164012510494,0.0799443998986123,8.332460093388429,-0.2,0.12,0.04241694026681974,1.2416547640214324,9.575342023391467,-3.0539169341630603,-0.03484305100369256,0.0007647661228951108,0.0011720100417531576,0.5168177237036952,0.7382341393208908,0.25316156907374704
158.25,1.0,29.0,29.0,1.0,0.03297390532734774,0.0592811922782197,8.01576292217685,-0.2,0.12,0.029853381449394388,1.1281121714716185,9.551226220917298,-2.9886336622154794,-0.029765010461431762,-0.001845100957091006,0.0010874240784732871,0.5816449072239749,0.8102811394233208,0.31384483245148853
158.43,1.0,35.0,35.0,1.0,0.034924271699414186,0.05606444213256723,7.091900074019381,-0.2,0.12,0.032614152057063445,1.0363541308869209,9.522684208497182,-2.9522290506143363,-0.01965532536669512,-0.0024891210816715414,0.0009100202107532595,0.5869934392179995,0.8118148798370832,0.33193753604204995
158.77,1.0,30.0,30.0,1.0,0.020184549535824395,0.039539275599207335,6.087220027068261,-0.1949372528124746,0.12,0.015122980459849111,0.8647363516436585,9.472473534684763,-2.91527206715694,-0.014283915436500427,-0.007831442361437624,0.000729726956731458,0.6593534142203858,0.8642014769476237,0.3659838730005433
158.83,1.0,33.0,33.0,1.0,0.04953672228418735,0.09177289394763247,8.488231201640575,-0.2,0.12,0.049925771247607685,0.8348093318071833,9.467312614780578,-2.9114958001910796,-0.00709416739557267,0.003036444737535504,0.0004287021379272282,0.4938998986959534,0.6592855587471093,0.30582211588693003
159.03,1.0,29.0,29.0,1.0,0.014883859163597801,0.04481118371190371,4.629651079248628,-0.11595998349890303,0.11417024781484453,0.011784670716654297,0.7560344264982083,9.358485817334593,-2.9025860063737925,0.014702549959582756,-0.08134884539308196,0.00037344126673488637,0.5562204137303588,0.7881102191775808,0.3001673236131619
159.23000000000002,1.0,31.0,31.0,1.0,0.014003536376039816,0.03329896728211523,2.384601830932367,-0.07936932647872459,0.08950028597962245,0.007363598205539411,0.6695571213258628,9.29594593096027,-2.8976778704138697,0.009985550924854314,-0.051913297550248316,-0.0010448552098045738,0.5929194504065627,0.805692943530742,0.3256788350034094
159.43,1.0,37.0,37.0,1.0,0.01456696237722809,0.03998803795831018,2.961892006877548,-0.08880625228813484,0.10493648521751515,0.007218546323634753,0.5716169656894008,9.275889730305735,-2.899631477423645,-0.0010030958480995444,-0.00018382382687143206,-0.0015525200628561109,0.6007241666624802,0.8091197775411417,0.33487139049695863
159.63,1.0,29.0,29.0,1.0,0.014143101056595,0.03367422393955934,1.5123326456999595,-0.056754410030455546,0.08554801690482548,0.004627983232901745,0.4797139581987769,9.22069749037441,-2.925481142659526,0.008675848498633953,-0.03077991954918957,-0.0010291754712579149,0.5738322030782265,0.7945327999517752,0.3127261811373438
159.83,1.0,28.0,28.0,1.0,0.014700104689024789,0.03891276456541855,1.6398070486210174,-0.03888889842241961,0.06950581332496425,0.006934238924813855,0.3904443609387472,9.188138815381171,-2.9839614123194687,0.008050043488704639,-0.022759470075040866,-0.0012613043810776328,0.5663854629621785,0.7964017064297074,0.3095474754697091
160.03,1.0,29.0,29.0,1.0,0.01608433604647334,0.03600112412454252,2.4559798446170134,-0.03525511713555592,0.06613950495238743,0.007808637829791419,0.2868732000636225,9.177167247554738,-3.0448633009963784,0.005161896298640001,-0.007461500631512408,-0.0012682841027964464,0.5725837901591428,0.8073202158636538,0.32064986511817173
160.23000000000002,1.0,28.0,28.0,1.0,0.014956477874790543,0.037870167111109555,2.873156788175259,-0.056037840688492976,0.08087890239139131,0.0080237949264142,0.1766456426050464,9.190285862696362,-3.092229681724653,0.002611891869713001,0.019701633391342455,-0.0009998325446565204,0.560703686387299,0.8061467276815442,0.3130303145153818
160.43,1.0,32.0,32.0,1.0,0.014847662842142766,0.032453546103425164,2.591470421991151,-0.06197346841286376,0.08296612557559363,0.010360101590343541,0.06962596541992266,9.190114262689738,-3.1239948750539153,0.0031696517623011067,0.009888170994832635,-0.000317806997312875,0.5930042288723509,0.8305603649338592,0.34412698975563
160.75,1.0,27.0,27.0,1.0,0.01652578775871383,0.03656006867336387,3.2547405268087055,-0.05814468051105403,0.09096518068130204,0.010608065196788856,-0.10293827847984686,9.184395130707957,3.1263386684797574,0.0033444944362350376,-0.002121615539302013,-3.5103045121775984e-05,0.6158851878005037,0.860099042750775,0.3401306897822894
160.83,1.0,30.0,30.0,1.0,0.014255701196903472,0.03416842022246273,3.332360463897643,-0.04956702382817216,0.07097227818205695,0.008397836774869473,-0.1466344547261305,9.174730857554025,3.120733922205323,0.00143194773783209,-0.008876332708672052,-6.960044472936744e-05,0.4970800352809137,0.7270401887677713,0.3058306424671597
161.13,1.0,38.0,38.0,1.0,0.016291573077212348,0.035557392161163895,2.6940729736688884,-0.06082119888985732,0.08907006359085354,0.010768750671286869,-0.31199624285146266,9.187843854696077,3.1069396406138523,0.0018274013091497676,0.00882919311400876,-0.00017642898025638234,0.6383596402946549,0.8780862026925208,0.36572668973742206
161.25,1.0,53.0,43.0,0.8113207547169812,0.01715497189399188,0.033838879300651895,3.714310920925032,-0.02956874171673269,0.05633502288864893,0.008067253536937612,-0.3779484479537173,9.156511538483537,3.1034976195693673,-0.0003813121483098314,-0.030177838967057724,4.810601569582573e-05,0.5292376214779059,0.7685879335804023,0.3178992276162231
161.45000000000002,1.0,56.0,38.0,0.6785714285714286,0.08412742915455779,0.34508972034177926,8.706126643463941,0.0495928172903926,-0.017794648865600657,0.14629128556534815,-0.4874449716996873,9.078736959054021,3.098151923992436,-0.0031990489544497236,-0.08602762774374817,-0.00043009830516993475,0.13672248164205028,0.3774919895725094,0.3269855916173635
161.73000000000002,1.0,64.0,34.0,0.53125,0.10339073628895934,0.253069879953735,9.492796107805479,0.2,-0.12,0.11940288565572235,-0.6305188175883687,8.931398125826322,3.0949489194932642,-0.009088325106971662,-0.20364697171735635,-0.0008779925115005582,0.28982329133922613,0.6268020485653352,0.35962495038368436
161.79000000000002,1.0,53.0,36.0,0.6792452830188679,0.17980699197061115,0.291600524739402,7.702832451272734,0.2,-0.12,0.1960178809405172,-0.6629172834876093,8.931084359348914,3.093638982781342,-0.003726223067081702,-0.07578852795623625,-0.002566542889228085,0.10993492781342218,0.23738698294076935,0.2907862232520553
161.99,1.0,45.0,34.0,0.7555555555555555,0.20942617641700267,0.32247969258066184,9.706956943157945,0.2,-0.12,0.2216116643888223,-0.7615781108232571,8.932842907248943,3.0930416104884593,-0.00300497001890232,-0.057609131837551786,-0.0020661908103769555,0.11330298973283257,0.28721959261593866,0.31455735415562713
162.25,1.0,47.0,26.0,0.5531914893617021,0.15167719109488817,0.2154320679431001,8.164680905654716,-0.2,-0.12,0.15357511613998928,-0.8740585872170697,9.3318674565285,3.0921178842037946,0.01738760374292525,0.3586452475919799,-0.0016417824610632792,0.22126898408217519,0.48856636559683764,0.30206075390337656
162.39000000000001,1.0,40.0,20.0,0.5,0.18156658595356542,0.25400683613669384,9.643767475881791,-0.2,-0.12,0.1830720092515189,-0.9453465429539846,9.333000094342506,3.0921510212020538,0.009085471325698813,0.18306297152046724,0.0015045474929324953,0.12798790121040637,0.2885322511927795,0.23420201546637584
162.59,1.0,36.0,19.0,0.5277777777777778,0.19223786589623285,0.26648845273817484,11.172208551718725,-0.2,-0.12,0.19284189045413833,-1.04520649159489,9.33485821365516,3.0922722416471276,0.006473149090016728,0.13000711498171036,0.001969534352806779,0.1248213908285946,0.2933264576721414,0.24368319167293132
162.79000000000002,1.0,29.0,12.0,0.41379310344827586,0.21252076625326913,0.23022417716409013,10.152167730205026,-0.2,-0.12,0.21096971925422697,-1.1491751786333755,9.334193292831825,3.1069337386104827,0.0016481977697939687,0.09177375037361202,0.0021306760062858032,0.07688336753122227,0.19581868841528155,0.17824691567538042
163.19,0.0,19.0,5.0,0.2631578947368421,0.34401163529237533,0.34788689921416693,2.3040804446401775,nan,nan,nan,nan,nan,nan,0.0016481977697939687,0.09177375037361202,0.0021306760062858032,0.07688336753122227,0.19581868841528155,0.17824691567538042
163.45000000000002,0.0,12.0,4.0,0.3333333333333333,0.34359599193192425,0.34593895429948246,1.3638101886862304,nan,nan,nan,nan,nan,nan,0.0016481977697939687,0.09177375037361202,0.0021306760062858032,0.07688336753122227,0.19581868841528155,0.17824691567538042
163.59,0.0,22.0,0.0,0.0,nan,nan,nan,nan,nan,nan,nan,nan,nan,0.0016481977697939687,0.09177375037361202,0.0021306760062858032,0.07688336753122227,0.19581868841528155,0.17824691567538042
163.79000000000002,0.0,39.0,0.0,0.0,nan,nan,nan,nan,nan,nan,nan,nan,nan,0.0016481977697939687,0.09177375037361202,0.0021306760062858032,0.07688336753122227,0.19581868841528155,0.17824691567538042
163.99,1.0,41.0,11.0,0.2682926829268293,0.08646039191052352,0.1541002969833838,14.174367766590718,0.2,0.12,0.09269977716080624,-1.5628139744092773,8.750165674549503,-2.4593812199214313,0.12065370848444279,-0.2823927949612077,0.002095887520772166,0.5070766871039092,0.7609917972286815,0.3338220525250401
164.19,1.0,41.0,13.0,0.3170731707317073,0.04738520338017757,0.09738632334345555,8.941822532073465,0.2,-0.03270375090351118,0.052685058530698714,-1.5893219457770655,8.692043663331429,-2.2778940476540765,0.07062258334143934,-0.03569620233588111,-0.007866584220476813,0.7251795813693117,0.7778946526121702,0.31462634573532366
164.39000000000001,1.0,38.0,16.0,0.42105263157894735,0.030603177726624936,0.08046897738210719,7.263415173229186,0.2,-0.12,0.0326359856210955,-1.6129822626131245,8.625978272575525,-2.120681491418327,0.0356004462164079,0.02097869586127743,-0.007957006959517178,0.6932009990038844,0.6426124316762376,0.31924232794566976
164.59,1.0,36.0,32.0,0.8888888888888888,0.08312662259781968,0.14935787424237001,8.62493431172789,-0.2,-0.05481081256366325,0.09464484500033135,-1.9968328607066752,8.71927829552363,-1.999737893211888,-0.3402753622077124,0.19827378778712124,-0.006216345321016448,0.5481325633374886,0.4107012404920276,0.44571069317510287
164.79000000000002,1.0,41.0,38.0,0.926829268292683,0.05554149159733863,0.13370391500566564,9.244468777276047,-0.2,-0.051173362664626694,0.0638498691691311,-2.0280661133773603,8.609848543711058,-1.9185101347450888,-0.1396908567608175,0.06771172849389018,0.003037142917540869,0.7517826356934981,0.5988140837996417,0.37969466486946707
164.95000000000002,1.0,45.0,41.0,0.9111111111111111,0.06546405024082765,0.13076029329167943,7.6606564413540985,-0.2,-0.056216098202595655,0.07247180000315213,-2.046451239920888,8.522970051223757,-1.875688367854244,-0.031672885929928896,0.007803169420789402,0.004510191724654833,0.6438162639250574,0.45573630555359307,0.33926865675681717
165.23000000000002,1.0,42.0,35.0,0.8333333333333334,0.06169754495631248,0.15851010567421606,4.617058162511019,-0.2,-0.03112153125762188,0.06536271510242968,-2.0794090697309153,8.383836598816481,-1.8162442502404683,-0.013534403602592171,-0.009656408604707067,0.003440553222697984,0.7802553912406509,0.5649784714893119,0.3644373819791262
165.47,1.0,46.0,35.0,0.7608695652173914,0.0608637440707326,0.16895767731329878,3.4802949472378026,-0.2,0.007123128078406381,0.06696780331006003,-2.1060309458516806,8.252928059511397,-1.8053440592408407,-0.00386059796844318,-0.007281353074517938,0.0023797630092219353,0.7534845230996742,0.531394606628204,0.360915520019942
165.55,1.0,45.0,37.0,0.8222222222222222,0.07264883847278049,0.16059499775317157,5.147764636232831,-0.2,-0.028767994223220468,0.07671883225267184,-2.113934734282001,8.211750590410107,-1.800192250255795,-0.001579092853519981,-0.004651543289668325,0.0015691196013991604,0.5233185449840476,0.35786267273570055,0.2996639461272085
165.83,1.0,34.0,29.0,0.8529411764705882,0.07201137953858419,0.10883928037921498,3.556164887376796,-0.2,0.002992839702700832,0.0710384576664443,-2.1350783464148426,8.06173060491367,-1.749528853134519,-0.0028599710812899914,-0.012994242570018244,0.0011084079926475532,0.7375893026022738,0.4809381295595546,0.32610406430639827
165.93,1.0,29.0,22.0,0.7586206896551724,0.09706806418237383,0.12256596219302661,2.98738326175387,-0.2,-0.015969929526065133,0.09475531119010283,-2.1378636265919813,8.00786560095198,-1.7141300120705845,-0.002599839032658924,-0.01389604107848541,0.0007789964778688319,0.4001569611425562,0.2234500085023712,0.23376198109172644
166.23000000000002,1.0,32.0,22.0,0.6875,0.02380109718074266,0.050533297900082104,4.756493094314437,-0.2,-0.054905451221158585,0.021394795244245216,-2.129731087809487,7.826507509456154,-1.5652542309129933,-0.003955150478261338,-0.04054298737044615,0.0006165774549504732,0.8408331695425635,0.6218940866451335,0.28870551842815884
166.43,1.0,32.0,23.0,0.71875,0.09506107532664063,0.16907147586659757,12.22089520081312,-0.2,0.09702533912362811,0.10882865403983577,-2.1080146062204244,7.704877256163685,-1.4304185995559295,0.0006695674116210526,-0.04226252038937872,0.0007249537948970097,0.4309538480570026,0.20973398263066648,0.29689801915226877
166.63,1.0,40.0,37.0,0.925,0.07587922260962401,0.16626556988985297,12.242557840541247,-0.2,0.11356186043741379,0.08901289640525432,-2.061172041961804,7.582024052179536,-1.2758794934738653,0.0077570601888621304,-0.06353593907340915,0.0006240578691036891,0.6668416112807575,0.42144596304783627,0.36703291672666744
166.75,1.0,41.0,38.0,0.926829268292683,0.052954712523745916,0.12953346806052507,12.080769508512752,-0.2,0.12,0.06211104650983881,-2.022238536623452,7.5165532901367795,-1.1752048750667607,0.01236212036386819,-0.05603728131094243,0.0007471187027836557,0.7161448154649176,0.5579166930159928,0.31846780780565637
166.95000000000002,1.0,39.0,30.0,0.7692307692307693,0.049189016093594926,0.09192005716450237,8.738697158650888,-0.2,0.12,0.05193991393804265,-1.9456821201232952,7.410130236418819,-1.017248397620858,0.02103753606664216,-0.05346080150751664,0.0009251760991042524,0.7630687658541431,0.6363051492216005,0.31289814604713767
167.13,1.0,47.0,15.0,0.3191489361702128,0.014490716348818319,0.029591656244571704,5.590132430831491,0.1578158129604429,-0.01474085890658303,0.011515670144600587,-1.588377280999453,7.55107183522156,-0.8976912318333853,0.3032141655860576,0.1823276928139128,0.0011383460869677229,0.5814150464127881,0.4913406966579931,0.18507508098841696
167.35,1.0,42.0,16.0,0.38095238095238093,0.014008316655821716,0.037192817611328755,3.1235583766329698,0.14303099946185688,-0.022018646330385156,0.010304706215701795,-1.5282249276612574,7.480247956933458,-0.791016009792096,0.0817776968774877,0.05609683765372342,-0.0044353627232915915,0.6136040626775998,0.5820196269161527,0.2243191308757965
167.55,1.0,38.0,14.0,0.3684210526315789,0.017570103672479926,0.0383685479467684,3.7785840160587245,0.09491538189841975,0.0158568428127652,0.008901024273357209,-1.4885078869865807,7.389463892348324,-0.7263042404234068,-0.014523083470173948,-0.01696460189958149,-0.005368585256084968,0.556673311661573,0.5689768896541616,0.21209524218268325
167.75,1.0,45.0,16.0,0.35555555555555557,0.018208361785682557,0.03660594672546797,2.564377366850908,0.09846449378599338,0.006082131403668081,0.008649388396424585,-1.4062340573445538,7.33546110873419,-0.6874194809398002,-0.005045070529094087,-0.000611248820047372,-0.0037557654408534313,0.5805771298863359,0.6185063850478505,0.24555765581338193
167.95000000000002,1.0,49.0,10.0,0.20408163265306123,0.019721947589673706,0.03344978182003862,7.6935768016452,0.16043940662730763,-0.0630264026495684,0.008232371508896032,-1.2880487324849037,7.331213877741057,-0.6619006763992321,0.033950457913481946,0.050634662684017506,-0.002762496772733547,0.4560504977324978,0.5126997074263783,0.1704881564714691
168.13,1.0,45.0,11.0,0.24444444444444444,0.015890417003252465,0.029903607091448587,5.0221762813656206,0.11240056659511875,-0.03200036082010327,0.007907689380747044,-1.2430338172995994,7.242709688285623,-0.6449077422001924,-0.01908706483559408,-0.016564550775790998,-0.003611800770344509,0.4865609212394951,0.5529587782363709,0.19280461226121748
168.33,0.0,45.0,7.0,0.15555555555555556,0.019270765051331882,0.0359939570947345,3.557669795667652,nan,nan,nan,nan,nan,nan,-0.01908706483559408,-0.016564550775790998,-0.003611800770344509,0.4865609212394951,0.5529587782363709,0.19280461226121748
168.63,0.0,47.0,0.0,0.0,nan,nan,nan,nan,nan,nan,nan,nan,nan,-0.01908706483559408,-0.016564550775790998,-0.003611800770344509,0.4865609212394951,0.5529587782363709,0.19280461226121748
168.73000000000002,1.0,46.0,14.0,0.30434782608695654,0.1830874230172111,0.25682056107325546,12.906372675078398,0.2,-0.12,0.1948502430015861,-0.9618049038981202,7.202927335799239,-0.4233454844611337,0.006542513968367469,0.0868646161441502,-0.002357727148731725,0.14405035433081748,0.22317230431672913,0.31718767056356045
168.93,1.0,63.0,24.0,0.38095238095238093,0.16966347731051445,0.34773138292133937,10.600204880453704,0.13709119396621475,-0.12,0.2062896762250489,-0.9059121335281072,7.132155915981839,-0.3022991081085071,-0.04260715794576664,0.01536769437197183,-0.0025445263840490617,0.20229436933212755,0.31960537698146063,0.4002275551623289
169.19,0.0,50.0,20.0,0.4,0.2642702555104878,0.3266371608941672,8.71967476462065,nan,nan,nan,nan,nan,nan,-0.04260715794576664,0.01536769437197183,-0.0025445263840490617,0.20229436933212755,0.31960537698146063,0.4002275551623289
169.33,0.0,43.0,17.0,0.3953488372093023,0.2814309406552369,0.3424511048590464,13.542755125653342,nan,nan,nan,nan,nan,nan,-0.04260715794576664,0.01536769437197183,-0.0025445263840490617,0.20229436933212755,0.31960537698146063,0.4002275551623289
169.53,0.0,28.0,0.0,0.0,nan,nan,nan,nan,nan,nan,nan,nan,nan,-0.04260715794576664,0.01536769437197183,-0.0025445263840490617,0.20229436933212755,0.31960537698146063,0.4002275551623289
169.73000000000002,0.0,26.0,2.0,0.07692307692307693,0.3457758556697674,0.34787523440771445,2.0839735364878944,nan,nan,nan,nan,nan,nan,-0.04260715794576664,0.01536769437197183,-0.0025445263840490617,0.20229436933212755,0.31960537698146063,0.4002275551623289
169.93,0.0,18.0,4.0,0.2222222222222222,0.33960180298443926,0.34657064869434395,10.886162984411403,nan,nan,nan,nan,nan,nan,-0.04260715794576664,0.01536769437197183,-0.0025445263840490617,0.20229436933212755,0.31960537698146063,0.4002275551623289
170.33,1.0,31.0,29.0,0.9354838709677419,0.15526403078173248,0.31551788384293783,5.965890929052867,-0.2,0.12,0.16576045956677044,-0.36242708896346854,6.686782149272069,-0.48693262042066365,-0.16988060656302667,-0.29440940319899056,-0.0015550517526889964,0.4672213787659908,0.7188651927959446,0.6016927915454928
170.53,1.0,45.0,38.0,0.8444444444444444,0.10050743388438203,0.15771793964209072,4.787550201687043,-0.2,0.12,0.09909467110454691,-0.3106576004472313,6.641024779861682,-0.6471120750599182,-0.09498628348906954,-0.05221587408914985,0.006399171238807511,0.6426228145892514,0.7386198828922935,0.4529175755291952
170.83,1.0,43.0,37.0,0.8604651162790697,0.03509896345749748,0.10129816298397992,8.01588667499387,-0.2,0.12,0.03479779101063629,-0.25499572108700164,6.56509878495738,-0.9121542985437961,-0.06830872838375121,0.028809066836249286,0.004895358010622908,0.842748403986455,0.8464598620547498,0.4125898232987985
170.93,1.0,30.0,30.0,1.0,0.07661153426164563,0.09730786569289741,2.25205917580735,-0.2,0.10423784510933155,0.073955383287192,-0.24310937275280675,6.535803337761533,-1.0029152502043495,-0.022613190007482326,0.023017600075126765,0.0034781214450410047,0.47744519729489526,0.4055897934791613,0.31755665676609734
171.13,1.0,36.0,34.0,0.9444444444444444,0.08372272189143534,0.158688764542265,3.270572739842268,-0.2,0.08531421911842742,0.0820103789621114,-0.22532967728753087,6.473328327327232,-1.173433969426572,-0.029583580228089684,0.046048784464032266,0.0024783386664561924,0.5921340091164005,0.43524557221713683,0.3360807153832882
171.33,1.0,25.0,25.0,1.0,0.07578489399268179,0.09552404022462098,3.2910521562188317,-0.2,0.049903485180475105,0.07319778522756495,-0.21107736675514666,6.401761731210823,-1.3057758216223583,-0.025628828724917785,0.054337195206822564,0.0018468799832040972,0.6358872758363344,0.4336042557599849,0.2823182122002896
171.53,1.0,34.0,34.0,1.0,0.0836207010546075,0.10950811992338493,1.936077304748348,-0.2,0.03499416910269432,0.08261526350706996,-0.1983779164087997,6.3202407561572915,-1.3953830053916028,-0.01761900373763453,0.05040953111905999,0.001559080456351225,0.6563465580508792,0.429248562647707,0.3458295441659475
171.73000000000002,1.0,37.0,37.0,1.0,0.08937980046326556,0.1092746548874016,1.8589158031068664,-0.2,0.01418446745122158,0.08732642136578318,-0.18494810209602572,6.228755029228118,-1.437160275765681,-0.010109373066551408,0.03804468530773164,0.0011872875923593096,0.6392177702519001,0.39760108797922916,0.3391508246189365
171.93,1.0,31.0,31.0,1.0,0.08738743505190759,0.1059249923314998,1.8060230010948366,-0.2,-0.0003214706216978229,0.08486757655935206,-0.16823240730212322,6.128507027795926,-1.4221926087118135,-0.004654771422901188,0.020364406799732393,0.0008587232103756115,0.6523135352590984,0.4082666732449737,0.3291955322453803
172.09,1.0,32.0,32.0,1.0,0.10996695112986964,0.1291259576766022,4.563870419589415,-0.2,0.02019182149804778,0.10822505893230648,-0.14120181913375782,6.040990518402689,-1.3762983116361942,-0.0007304750425234652,0.0031841922388258226,0.0005960852752304735,0.5048095581367055,0.28958244780788767,0.32153115058853504
172.29000000000002,1.0,32.0,32.0,1.0,0.10089068115855736,0.11868037636442252,1.7928631703883615,-0.2,0.02135005751397201,0.09909203816964733,-0.10638748413733837,5.9318560582240165,-1.3041241442147058,0.002849980453912035,-0.011751055164917368,0.0004016334530010379,0.59966884644412,0.36646266937347577,0.3284372597671433
172.49,1.0,30.0,30.0,1.0,0.09629972994132571,0.11403869159494917,2.1258921553880716,-0.2,0.022321247620134214,0.09389145825235685,-0.05781725416191211,5.8151770878135265,-1.2344129374803983,0.005943701555059702,-0.02089937394845709,0.0002901423466517006,0.6037977544569805,0.39141025130068197,0.3173171036842737
172.69,1.0,32.0,29.0,0.90625,0.09281029683714861,0.10903366819779242,2.383029944981579,-0.2,0.01975809546614101,0.09061729971840644,-0.008168410450486552,5.706433201162601,-1.1859847844882379,0.007220650933830319,-0.02217702921857967,0.0002537815926271225,0.6050464818209291,0.4098577959234911,0.3143004304540128
172.89000000000001,1.0,29.0,25.0,0.8620689655172413,0.10195920121148086,0.12243976623556553,1.5960205789498456,-0.2,0.03016103908116091,0.09875958601926774,0.042248052504079564,5.599265065529021,-1.1522581125150264,0.007316053602415683,-0.019874550678150804,0.00023368474396878722,0.5225081323692901,0.34281256797772286,0.2865971975594484
173.09,1.0,34.0,29.0,0.8529411764705882,0.07449746524218001,0.09463494866670047,3.2578011079947786,-0.2,0.005326032195676229,0.07107395206125854,0.09631648693316686,5.49581075004754,-1.1255785429761906,0.007532199988748628,-0.018556674601250656,0.00020307479878334256,0.7164092475639274,0.5544562837851694,0.3260088859038456
173.29000000000002,1.0,71.0,64.0,0.9014084507042254,0.13803223283796184,0.28669719813409944,9.766064541468676,0.050392303925020344,-0.12,0.1514730351675964,0.36903258091216345,5.515576523340224,-1.1096675785408285,0.22948451291472402,0.09960278552127466,0.0001874659315466154,0.35232940069888574,0.21774780585595815,0.34536432417265045
173.63,1.0,66.0,46.0,0.696969696969697,0.17285284504814455,0.34460579404765834,7.673798322411686,0.2,-0.12,0.19643765228675314,0.5834591466312593,5.43477613836674,-1.0993407087367437,0.2729499401808187,0.12664535283837708,-0.0016472614844051936,0.3631271905626679,0.21338822096728208,0.38668291725596954
173.69,1.0,58.0,43.0,0.7413793103448276,0.14342871665793766,0.2503541122582928,8.845289453786668,0.04462617238220321,-0.12,0.15408833820099604,0.4598105996774372,5.337462671565946,-1.0986526977641922,0.022653797421430533,0.0016689924031680903,-0.003177413573467902,0.3989888891737073,0.26939679078815515,0.30400080831276044
174.03,1.0,44.0,37.0,0.8409090909090909,0.17982957946585348,0.3128054829107059,8.621965936137602,0.09949141515356248,-0.12,0.195091387689006,0.5894919031888378,5.216193414980704,-1.0965482887257432,0.0619464830272729,0.02421532481985178,-0.002334853735871612,0.3778213317307496,0.23815122226963067,0.3708174881963805
174.15,1.0,47.0,35.0,0.7446808510638298,0.14650442503255506,0.2765949987417772,7.0923305541345965,0.07853028405236795,-0.12,0.16227293677749904,0.5979340257646516,5.155400225907137,-1.0958490588931298,0.01748525748389962,0.0028940065921752023,-0.001900412611183011,0.411519703300626,0.28663778815852103,0.3203614072604065
174.29000000000002,1.0,49.0,36.0,0.7346938775510204,0.13896574546045273,0.33473417850729686,7.6833133392583095,0.020546687994259277,-0.12,0.15900997993588248,0.5795363287971809,5.067012391825994,-1.0956641617495986,-0.04158216074347054,-0.025999397158329884,-0.0013912293561111344,0.39170538031305824,0.27694034001130896,0.3045361360417694
174.53,1.0,44.0,30.0,0.6818181818181818,0.17670684030196432,0.3366796924279308,7.900580254721023,0.0610107134676568,-0.12,0.19353339602877714,0.671909046504923,4.980161593061644,-1.112753595826403,0.013198552415051634,0.0021007167612721034,-0.0006980242683758409,0.32908602811937426,0.21417470590431417,0.32180813757342863
174.69,0.0,32.0,22.0,0.6875,0.14243853235247209,0.304751313954565,6.55897076824994,nan,nan,nan,nan,nan,nan,0.013198552415051634,0.0021007167612721034,-0.0006980242683758409,0.32908602811937426,0.21417470590431417,0.32180813757342863
174.95000000000002,1.0,32.0,22.0,0.6875,0.14548214633617415,0.27475312654508216,9.851329311324209,-0.061574086540074575,-0.12,0.15788958443667847,0.6279922485547672,4.73635392606789,-1.2666137537326994,-0.10487126874571584,-0.0448422495396148,-0.0005391849651141811,0.455512239298136,0.27988126681018466,0.3233444150614311
175.09,1.0,32.0,31.0,0.96875,0.11283647532189223,0.21672600249581706,9.372754431089765,-0.2,-0.12,0.11593036831665464,0.5014174214556025,4.652939907015749,-1.3585025352949816,-0.18951170572662346,-0.045936863158025254,0.0007195049564678868,0.6197733373844246,0.4490700729639669,0.3625468813973064
175.33,1.0,30.0,29.0,0.9666666666666667,0.10990289321074871,0.21570432727981376,11.870665259428193,-0.2,-0.12,0.11486232900146259,0.5024968635519285,4.555884975083098,-1.5252290755743603,-0.07275640310396791,0.021328943261760713,0.0023001599620908753,0.588207468821302,0.3747510036896925,0.3426193139238399
175.45000000000002,0.0,17.0,4.0,0.23529411764705882,0.06673283440976924,0.077029629762707,4.401854314264583,nan,nan,nan,nan,nan,nan,-0.07275640310396791,0.021328943261760713,0.0023001599620908753,0.588207468821302,0.3747510036896925,0.3426193139238399
176.03,1.0,14.0,12.0,0.8571428571428571,0.012268057801337608,0.02420899620433845,1.3797104827177027,-0.13618302639276275,0.07039436811756694,0.005693592823095575,0.450382982202249,4.321370910114657,-2.1228075133992848,0.053755446470499124,0.09626872564366717,0.0022859359985356598,0.8568921504791792,0.6851034661017688,0.2642893723352358
176.33,1.0,31.0,30.0,0.967741935483871,0.04950640433570636,0.06997917408481955,2.863186729788995,-0.11022255706598487,0.12,0.0468547932109105,0.37884084951011066,4.240842676642331,-2.408314134834123,0.05399587771938097,0.04275873669950858,0.00218298118379856,0.8307566674393058,0.801981003091292,0.471146522308053
176.53,1.0,43.0,43.0,1.0,0.0827879367106995,0.13748264044690203,4.360348895783882,-0.11443094544884938,0.12,0.08497571049406032,0.30295577189853257,4.213108599509148,-2.5966936484836665,0.02648890404784182,0.02790187052300208,0.0014396712507820375,0.45161690477241884,0.5335242271273536,0.4009054173196356
176.65,1.0,54.0,43.0,0.7962962962962963,0.020843801825027937,0.25267881208283316,2.348652716217705,-0.06431679951031533,0.09580849602585026,0.038994353968327795,0.2788734316528471,4.153895861589418,-2.702963123250594,0.05002153669406373,-0.02335233917485091,0.0011451226463954356,0.6548585864529488,0.7511723315162478,0.33372284799565055
176.85,1.0,37.0,37.0,1.0,0.011288776572364184,0.026127888717243575,2.4752393618598467,-0.05285103164920155,0.07553730698137329,0.007473105446287734,0.1870568249365045,4.123383129575936,-2.8503780607880027,0.027484530101026083,-0.009305659945562539,0.00020417710991660345,0.6177994902548427,0.7919276823013935,0.33368423116140106
177.03,1.0,32.0,32.0,1.0,0.013991225370785627,0.03299164837529315,2.3969114723546845,-0.04701127896022442,0.05898196399238399,0.009048146210592588,0.09563054371262786,4.1061407818662765,-2.9458159451490906,0.01582053505292476,-0.0043376053651948965,-4.9848329005452996e-05,0.5845902454586586,0.7998994768750737,0.3261915952582431
177.33,1.0,28.0,28.0,1.0,0.01221110702071208,0.03133624296645512,2.1840569074446305,-0.027208118192963947,0.0482260487253755,0.007685254081895608,-0.06220261391988414,4.072316370887846,-3.045881731117251,0.0128713599123891,-0.018991883785960617,-9.51205858155113e-05,0.6167017580169895,0.8481912262884153,0.3352721712601941
177.53,1.0,30.0,30.0,1.0,0.013844885067442346,0.030842000404228458,3.2382880285405444,-0.02355464201552966,0.03760651064314732,0.010269748393119109,-0.16746159264593796,4.072910485511389,-3.09229737236972,0.0057504558077018375,-0.005970416060149475,-0.0004473488522287461,0.5894218703269382,0.8207264826998881,0.3402000167774849
177.65,1.0,27.0,27.0,1.0,0.01443565182561219,0.02983143775174601,1.9471169068724556,-0.02382289094537148,0.00569702332477548,0.007008231311346898,-0.23484073549605192,4.069181200536111,-3.107868761785144,0.002617069255079929,-0.0006678076395800758,-0.00038884240156011884,0.4861215064897434,0.7239863610895388,0.2809780115493905
177.83,1.0,35.0,35.0,1.0,0.012447691195199388,0.02740059256947523,3.191814093591737,-0.01843461806514875,0.0010144328740021341,0.007339453128940772,-0.33646768889208883,4.070071232915073,-3.128829879715596,0.0019076988967393627,-0.005505916010043244,-0.00029038463589214913,0.5674220445242187,0.8212109609220307,0.32586702640282506
178.17000000000002,1.0,66.0,59.0,0.8939393939393939,0.13041588354648162,0.25092073295331796,7.674761279544495,0.2,-0.12,0.14251404791939248,-0.518143448613616,3.854133747841948,3.1275141680660425,-0.0017863628039618273,-0.21933736283446548,-0.00028473541208340336,0.1935814390753322,0.49000765052941975,0.3791747056140196
178.23000000000002,1.0,99.0,83.0,0.8383838383838383,0.16498717405448807,0.33102379265611276,8.281591603374855,0.2,-0.12,0.17635321380748364,-0.5489776355830367,3.8576171608647045,3.1249948681217523,-0.0018747165536061594,-0.11178653128664928,-0.0024194288447119128,0.12766946785848346,0.292795116006944,0.30042269406999533
178.43,1.0,81.0,69.0,0.8518518518518519,0.17560613189242855,0.3126397724856903,9.295124045146315,0.2,-0.12,0.18689910723011313,-0.6507557686484553,3.8610505617778195,3.116132776685073,-0.0033189019645050166,-0.07884188274183668,-0.002222397695363476,0.1471574523907558,0.35589252088011575,0.3189854556066865
178.69,1.0,32.0,19.0,0.59375,0.177045760649713,0.3014192274591096,8.306241532685489,0.2,-0.12,0.19121703789158537,-0.7802119950909121,3.8681530136796796,3.1110737360932355,-0.0035925846730716637,-0.05055015860792578,-0.0019384392550465535,0.1123664662444343,0.29066781610152254,0.24189685831956806
178.83,1.0,51.0,42.0,0.8235294117647058,0.20798575762665633,0.30507770184735483,8.505687773877266,0.2,-0.12,0.2135656233161439,-0.8514092461344841,3.871064311286526,3.1099115732242266,-0.00322222279225437,-0.03576085167197007,-0.0017317325743224643,0.1547446657024475,0.3537933258040699,0.344138028029396
179.03,1.0,46.0,31.0,0.6739130434782609,0.22033818075291903,0.28605875648844636,6.848043971559623,0.053143323226447686,-0.12,0.2199881446173497,-0.9466153191239235,4.024552846350315,3.109475641572069,0.002084774750089058,0.12376847091852072,-0.001323212630156334,0.15410823992928271,0.3417784442458521,0.3315641133731165
179.33,1.0,32.0,15.0,0.46875,0.17552701751651278,0.2309997135786684,8.55207829206904,-0.2,-0.12,0.1748744466165332,-1.0897220261699718,4.287002358946739,3.110905675600894,0.008968702076669777,0.33448005862272234,-0.0002836452018910585,0.14191872747151998,0.3281135425553476,0.2178240605046052
179.43,1.0,33.0,28.0,0.8484848484848485,0.24487470211483045,0.2999536199932869,7.0055736280901835,0.2,-0.12,0.24619977658702938,-1.1504305514975073,3.8901872684481056,3.117819636539979,-0.0050667870375291635,-0.1752651137789929,0.0018343069517143817,0.12930132329491967,0.27530206906960303,0.3242662899063668
179.63,1.0,21.0,10.0,0.47619047619047616,0.23044342908292728,0.2652427928665809,6.900906135141225,-0.2,-0.12,0.2277811676005257,-1.2500090963206278,4.288846504093419,-3.1262534718777824,-0.0019640009330461616,0.27293631334740986,0.0005118104962882342,0.06219830392433679,0.14833091716479496,0.14409814647195177
179.89000000000001,1.0,26.0,11.0,0.4230769230769231,0.2084209278807739,0.23434112209890454,4.965531537634562,-0.2,-0.12,0.2072175817881896,-1.4008004103481793,4.271068932901039,-3.015307514161211,-0.024377556561952396,0.23074213836995927,0.0011878496391943827,0.09462576791691567,0.22975132738480566,0.18929329833542077
180.03,1.0,13.0,10.0,0.7692307692307693,0.21150906576982523,0.22882772903951745,3.725510545772427,-0.2,-0.12,0.20888187387802365,-1.4821504953307736,4.250100382925065,-2.9322677848269287,-0.037804820838970965,0.17478799316579074,0.0021227414946625167,0.08777391900921944,0.20333559406173035,0.17268277815124666
180.49,0.0,13.0,0.0,0.0,nan,nan,nan,nan,nan,nan,nan,nan,nan,-0.037804820838970965,0.17478799316579074,0.0021227414946625167,0.08777391900921944,0.20333559406173035,0.17268277815124666
180.63,0.0,26.0,1.0,0.038461538461538464,0.34479112550333324,0.34479112550333324,9.529965753532752,nan,nan,nan,nan,nan,nan,-0.037804820838970965,0.17478799316579074,0.0021227414946625167,0.08777391900921944,0.20333559406173035,0.17268277815124666
180.89000000000001,0.0,36.0,6.0,0.16666666666666666,0.17011314080863527,0.21875778459641365,11.269861210356487,nan,nan,nan,nan,nan,nan,-0.037804820838970965,0.17478799316579074,0.0021227414946625167,0.08777391900921944,0.20333559406173035,0.17268277815124666
181.03,1.0,27.0,21.0,0.7777777777777778,0.08029095098811308,0.13430516287284994,7.905949695863688,-0.2,-0.12,0.08883756736834714,-1.9656268929752292,3.826933261096701,-2.10602484885359,-0.16293829115652225,0.04451959752899137,0.0025349555577380833,0.7286909067229329,0.8278838506141551,0.4730330739111915
181.23000000000002,1.0,28.0,20.0,0.7142857142857143,0.07559182415383983,0.12218959034604265,8.54688466493688,-0.2,-0.09873863157259588,0.08059650246103076,-2.0124876095687605,3.701599927714133,-1.946106307918823,-0.054998980414692866,-0.031279999000923375,0.005781426262992273,0.6111413546258343,0.55322860537778,0.35620710407525163
181.43,1.0,23.0,17.0,0.7391304347826086,0.058944273578375735,0.15512075681831689,8.058782056950879,-0.2,-0.02965127623243867,0.07335476558153957,-2.03594681991171,3.5824287026187087,-1.828101450871537,-0.030218353990405955,-0.039662434653066736,0.004543069705285507,0.5927142052725024,0.44674807552373497,0.28108509582530156
181.59,1.0,24.0,24.0,1.0,0.022531106790932582,0.04441641452988688,3.094357498183165,-0.2,0.02944693056575954,0.018780828468439023,-2.0526230286448293,3.490381799878288,-1.760152199472386,-0.017440908105615716,-0.0370277965840371,0.003696148494728879,0.792659133064245,0.6511062898443065,0.3315983545042594
181.79000000000002,1.0,15.0,11.0,0.7333333333333333,0.0224233564024224,0.04714734502398189,7.602280069929893,-0.2,0.032372114977924096,0.02151757330702143,-2.0638307625275134,3.3715511158889573,-1.6830624745330658,-0.0070583136055835105,-0.028831904620689297,0.0027518791489842265,0.6157318803573546,0.37119437014530776,0.17309856459121886
181.99,1.0,24.0,24.0,1.0,0.020891746267254773,0.04555064216476019,2.2376068039821746,-0.2,0.07123706818649635,0.014490336608978237,-2.0637147993499316,3.252612024062133,-1.5874158874212798,-0.004822862340293277,-0.03747720394624565,0.0023911618944834063,0.8045492643064357,0.5879737063297915,0.3342170194164998
182.59,0.0,25.0,6.0,0.24,0.01572032306993521,0.025085512329553708,5.066834630609307,nan,nan,nan,nan,nan,nan,-0.004822862340293277,-0.03747720394624565,0.0023911618944834063,0.8045492643064357,0.5879737063297915,0.3342170194164998
182.79000000000002,1.0,46.0,13.0,0.2826086956521739,0.021222518272221717,0.042651663968848966,7.557171011218616,0.0618874932860891,-0.04928720921750821,0.011819189674818239,-1.6653482729433924,2.922797484304964,-1.007224057926702,0.25133767665567586,0.014471346685064113,0.001769768892588175,0.8501360977722466,0.6567740408632321,0.309392551575113
182.99,1.0,75.0,23.0,0.30666666666666664,0.06002770836149961,0.15767609738354105,14.429599603533273,0.2,-0.12,0.0687226171386343,-1.4984560849610633,2.958377824962286,-0.826877610026334,0.1312726670294111,0.0932916364810481,-0.0066602668336994695,0.6183246413179636,0.5520523694135584,0.39942283933845424
183.19,1.0,62.0,14.0,0.22580645161290322,0.07476075137724207,0.13202508482364983,15.850340056957462,0.2,-0.12,0.07494719601879968,-1.4421006372405738,2.9302920790202838,-0.6387575827433246,0.013166459973534383,0.05414929732721596,-0.007911467535137495,0.39272976434537504,0.4099170942203849,0.24006651787960395
183.63,0.0,60.0,0.0,0.0,nan,nan,nan,nan,nan,nan,nan,nan,nan,0.013166459973534383,0.05414929732721596,-0.007911467535137495,0.39272976434537504,0.4099170942203849,0.24006651787960395
183.93,0.0,54.0,0.0,0.0,nan,nan,nan,nan,nan,nan,nan,nan,nan,0.013166459973534383,0.05414929732721596,-0.007911467535137495,0.39272976434537504,0.4099170942203849,0.24006651787960395
183.99,0.0,41.0,3.0,0.07317073170731707,0.33845737038301965,0.34765592800032497,3.3827629479641192,nan,nan,nan,nan,nan,nan,0.013166459973534383,0.05414929732721596,-0.007911467535137495,0.39272976434537504,0.4099170942203849,0.24006651787960395
184.25,0.0,32.0,0.0,0.0,nan,nan,nan,nan,nan,nan,nan,nan,nan,0.013166459973534383,0.05414929732721596,-0.007911467535137495,0.39272976434537504,0.4099170942203849,0.24006651787960395
184.39000000000001,0.0,20.0,7.0,0.35,0.32547530470787506,0.34489224832345317,3.1057602223312872,nan,nan,nan,nan,nan,nan,0.013166459973534383,0.05414929732721596,-0.007911467535137495,0.39272976434537504,0.4099170942203849,0.24006651787960395
184.59,0.0,17.0,15.0,0.8823529411764706,0.2740188527322,0.33934364701612535,8.805006952392343,nan,nan,nan,nan,nan,nan,0.013166459973534383,0.05414929732721596,-0.007911467535137495,0.39272976434537504,0.4099170942203849,0.24006651787960395
185.41,1.0,28.0,23.0,0.8214285714285714,0.08208341152194445,0.16025894848921363,15.231691413569422,-0.2,-0.12,0.08345252534745505,-0.7018798781402041,2.268363407591946,-0.820335129847539,-0.26584109528097005,-0.2734024072868029,-0.007018780998740093,0.7735435844840141,0.8983044708287564,0.6187011103881461
185.55,1.0,21.0,21.0,1.0,0.1327161965590312,0.17264107126423217,10.234420440355695,-0.07048871411030949,-0.12,0.1270891940207939,-0.5778388752512237,2.3011603263787728,-0.9474515102588738,0.04356857788017887,0.08154079707494732,0.011769597756488337,0.3240682965238274,0.32383753099699136,0.390516351999085
185.83,1.0,27.0,23.0,0.8518518518518519,0.09274511699359954,0.13737273572038955,7.418817337943315,-0.08046146568417926,-0.12,0.09274260915748203,-0.5520150567026559,2.1827982101094707,-1.2040853091396373,0.007744939108507487,0.06514786445898846,0.006057360526392941,0.5958310399349069,0.5006175458297354,0.3727294526750413
186.03,1.0,22.0,20.0,0.9090909090909091,0.06485480304265782,0.11893302211964517,7.7709593521418014,-0.12037912617453275,-0.12,0.0653339214830648,-0.5822760469452664,2.088496183514607,-1.3545839536797777,-0.0447674381685319,0.03487978018579341,0.00320366294621377,0.6881205528554765,0.5452725451578204,0.29962826094368306
186.23000000000002,1.0,21.0,21.0,1.0,0.052337698437217334,0.09512680353321844,8.584155413804144,-0.17208138826602498,-0.12,0.05049104534991719,-0.6313449628507716,1.993694153794572,-1.4664755932286473,-0.06921724442238197,0.026294270451817425,0.003045437291331998,0.7731020239492012,0.5996032362602847,0.2975268623964844
186.35,1.0,23.0,19.0,0.8260869565217391,0.022867892884453466,0.05579683932225864,5.511791632252882,-0.2,-0.10506575193603004,0.02392508738601217,-0.6586121791903269,1.944797127334458,-1.520229541392744,-0.044920080211834024,0.020463898236495748,0.0037492229182360948,0.6542494295317482,0.4583803241114095,0.24733273903316877
186.55,1.0,26.0,19.0,0.7307692307692307,0.020217884355951458,0.051173614004212144,4.8641636301711095,-0.2,-0.05959481789968809,0.018940806726665902,-0.6657888081212887,1.8616752443540794,-1.6062142276521598,-0.015643508455815525,0.028967974858977286,0.003672182477203023,0.732202446790339,0.4854530023269503,0.257234842019241
186.83,1.0,16.0,10.0,0.625,0.05823880966157473,0.06763788923854513,2.134704716917154,-0.2,0.05194084921736103,0.05564403541299493,-0.692195547308607,1.7532565914194906,-1.7517005026405477,-0.0006928799103498307,0.043742753594052664,0.0031425323924731963,0.6089041587315113,0.33528830603892895,0.17243337575714912
187.03,0.0,16.0,6.0,0.375,0.03424917563299513,0.044630619638873624,7.201405625062815,nan,nan,nan,nan,nan,nan,-0.0006928799103498307,0.043742753594052664,0.0031425323924731963,0.6089041587315113,0.33528830603892895,0.17243337575714912
187.29000000000002,1.0,48.0,36.0,0.75,0.033671806906077115,0.10268583427307303,6.848791674155291,-0.09920917482709486,0.08294808401287541,0.03823919150014379,-0.6902557105785739,1.5693133528229186,-2.0956367159118527,0.11245412580810776,0.04247680461760517,0.0028732581201365015,0.8971837263659622,0.7832153672107668,0.481557449840837
187.43,1.0,71.0,62.0,0.8732394366197183,0.04939305381552147,0.15615646571912226,5.385151870348566,-0.2,0.12,0.05369489410826376,-0.8121996801907823,1.5866015881591795,-2.211715824685843,-0.06107321844646241,0.08398604773302121,-9.807165251629613e-05,0.6847096947073089,0.6029220507711466,0.37420847410050534
187.55,1.0,81.0,73.0,0.9012345679012346,0.07229436233536664,0.22334758533163646,9.430168999619811,-0.2,0.12,0.08737349347513523,-0.8430242503365906,1.5674666559383248,-2.3190809539740167,0.002486833907016206,0.04398032037100896,0.002004148059771893,0.39280563622887843,0.3549344860608226,0.32191975845832277
187.83,1.0,77.0,65.0,0.8441558441558441,0.08910124406606043,0.20375155716411894,6.728276795279739,-0.17397094462277168,0.10565676415843792,0.09589705168504746,-0.9105444188048498,1.5067889443449094,-2.5680626465462084,0.05836160851893535,0.038495114843297484,0.0017470221744275705,0.47041286429212714,0.5143828124447498,0.35739944442615107
187.95000000000002,1.0,84.0,61.0,0.7261904761904762,0.21454182705889152,0.342896115052742,8.286735012733326,0.2,-0.12,0.22566880695754146,-0.779758043109442,1.161550486396855,-2.665753896324041,0.2222344263279905,-0.2972346657535092,0.0012971040983345006,0.1095631677894832,0.14377819215446086,0.3142458097623655
188.33,1.0,71.0,59.0,0.8309859154929577,0.06283732607467242,0.15480082667784856,13.147829132094781,0.04342457394330741,-0.12,0.07199947083897226,-1.0438790220900018,1.2527813607798122,-2.874647112361823,0.10536689139810851,-0.10929333411164643,-0.00034068700775913285,0.6496384955682628,0.7935654189997642,0.38690390532766517
188.35,0.0,58.0,31.0,0.5344827586206896,0.24607577661189262,0.3398660647083518,7.240815740130615,nan,nan,nan,nan,nan,nan,0.10536689139810851,-0.10929333411164643,-0.00034068700775913285,0.6496384955682628,0.7935654189997642,0.38690390532766517
188.53,1.0,35.0,26.0,0.7428571428571429,0.23014481955941854,0.26141597127879096,3.7978211927265093,-0.2,-0.04949609617124505,0.23025721038924357,-1.1708959250062536,1.4751263497572373,-2.9531234145622736,-0.02050507498180676,0.22411429197159372,-0.0023116733566221903,0.08046807964209875,0.15703062805953016,0.3108307134920584
188.73000000000002,1.0,24.0,16.0,0.6666666666666666,0.18906897834791989,0.22197851768264382,5.492801146108632,-0.2,-0.01231983653768226,0.18913232952157036,-1.291112200236496,1.459111840074921,-2.9462842941737475,-0.015457913150080715,0.18827973546729138,-0.0008756645498433357,0.09457888271818206,0.20444481441691273,0.21582260630094519
189.05,1.0,24.0,16.0,0.6666666666666666,0.1908473622577152,0.20583758282074724,1.8661284329123278,-0.2,-0.05016104562426281,0.19009394409253078,-1.46174338190838,1.4039434400635662,-2.8570050208243747,-0.026386900716530715,0.14507135551486572,0.0003083329670983126,0.12594963691640063,0.27339974927206095,0.2591711427404237
189.13,1.0,21.0,15.0,0.7142857142857143,0.226755967453827,0.24889600405867862,2.20639581885308,-0.2,-0.043576249325465395,0.22663190245111967,-1.5082297025383613,1.3923987394960629,-2.818169777609911,-0.025182511654182616,0.10208095594514877,0.0013635330529702117,0.0844705684989615,0.17412700197486444,0.21526264659188482
189.53,0.0,20.0,5.0,0.25,0.3349173839076867,0.339819779678883,3.5931938201189313,nan,nan,nan,nan,nan,nan,-0.025182511654182616,0.10208095594514877,0.0013635330529702117,0.0844705684989615,0.17412700197486444,0.21526264659188482
189.79000000000002,0.0,21.0,1.0,0.047619047619047616,0.3380775821212445,0.3380775821212445,6.494344490893569,nan,nan,nan,nan,nan,nan,-0.025182511654182616,0.10208095594514877,0.0013635330529702117,0.0844705684989615,0.17412700197486444,0.21526264659188482
189.93,0.0,16.0,0.0,0.0,nan,nan,nan,nan,nan,nan,nan,nan,nan,-0.025182511654182616,0.10208095594514877,0.0013635330529702117,0.0844705684989615,0.17412700197486444,0.21526264659188482
190.13,0.0,16.0,4.0,0.25,0.08309458223740224,0.10245552500378335,16.38332971385293,nan,nan,nan,nan,nan,nan,-0.025182511654182616,0.10208095594514877,0.0013635330529702117,0.0844705684989615,0.17412700197486444,0.21526264659188482
190.53,1.0,18.0,16.0,0.8888888888888888,0.02453881108618273,0.0682872643935911,10.249031390490241,-0.2,0.03991472547373791,0.02240585837808042,-2.004503437654931,0.6824821401576106,-1.7360961442057274,-0.15349425333298972,-0.07353033336943438,0.0015153100455287392,0.8958604664901075,0.9014669029132105,0.44183681330614616
191.53,1.0,21.0,21.0,1.0,0.01907091775623738,0.039224532632422614,2.3765206412292588,0.0612651841600574,-0.06965514096804437,0.00946289797560587,-1.5822872533228034,0.24073115722826516,-0.9149147960682793,0.2299806788470078,-0.007480874732013004,0.006635029474837518,0.9183820910524944,0.8200256124837028,0.5217350605364696
191.69,1.0,45.0,44.0,0.9777777777777777,0.022237555318301475,0.09357935048454143,0.9281455200770249,0.05836928635775419,-0.06820537491713734,0.00867748856580074,-1.5289066332518237,0.1992361262414161,-0.7620750238947699,0.010348219207449327,-0.0025710715033338827,-0.0057653086851791055,0.7383094531309708,0.7217420493510106,0.48047331885096184
191.89000000000001,1.0,38.0,38.0,1.0,0.024537933133501725,0.10674802013792595,0.610046843994036,0.04681176653512787,-0.06469243496567685,0.007638999973335035,-1.4570654354626666,0.14871014430953056,-0.5747373041496675,-0.012080644126952977,-0.004594490659239392,-0.0031144733414542047,0.6745981637757085,0.726943504416772,0.3926117961998821
192.23000000000002,1.0,34.0,34.0,1.0,0.06470800674676296,0.12212819958520718,2.9096490465155416,0.06564114875503163,-0.12,0.05947330208664163,-1.3023240089697081,0.12765978313340254,-0.2925955089826662,-0.010053937615076558,0.023259292750755833,-0.0016836698701164776,0.6283544235976858,0.7873937651946815,0.4031575224971021
192.29000000000002,1.0,36.0,36.0,1.0,0.030721536352666372,0.11061136696941502,1.1852595909992982,0.03876722497318229,-0.04535240289446874,0.008669463507449175,-1.275944146192728,0.0955386525245552,-0.257514145725338,-0.01483155052625662,-0.019577419836463522,-0.0014993718471204012,0.5349285414474199,0.6607295646261193,0.3117929649086813
192.49,1.0,29.0,29.0,1.0,0.029637646593686853,0.10107104455843018,0.7816136889513426,0.03376710111118953,-0.02489982265006964,0.009362239647425696,-1.1701514448775097,0.07743506140032619,-0.17367583089049973,-0.01004718101008062,-0.01025773441197686,-0.0006766365513068974,0.5595790711014644,0.7726664394310905,0.3026178114096972
192.69,1.0,34.0,34.0,1.0,0.02875451470234258,0.10389786466215357,1.2855612079392773,0.027360245402073262,-0.004042164717670263,0.00937608737304805,-1.0635831939360085,0.06023756728736626,-0.12012620256075213,-0.006495364460871844,-0.007973162359052849,-0.00026054208958753433,0.5931542285887232,0.8041496697696987,0.3336878342737259
192.89000000000001,1.0,18.0,18.0,1.0,0.031124187969938853,0.10459414956698378,2.586042825044174,0.03403579599726449,0.004927308393803031,0.008628738479148947,-0.9528551799339668,0.060681105677171575,-0.0827364314518575,-0.002856502456789922,0.005400686341717122,-1.0576871377454555e-05,0.445196065146838,0.7021627740309828,0.21977691854009387
193.09,1.0,22.0,22.0,1.0,0.03099784558329848,0.0917380900473863,1.3498103016242908,0.05412353788999326,-0.009278278267307169,0.008239100851956442,-0.8430810121561401,0.07768934785961121,-0.05657863917588691,-0.00147789517665331,0.021787663222426853,-0.00011717151169803042,0.5265114546052917,0.7645474265441699,0.2769846911135621
193.29000000000002,1.0,28.0,28.0,1.0,0.022488234472277418,0.09887464698790549,2.368620919152697,0.038972426670873576,0.016510808859133558,0.010650197963476089,-0.7330843708121733,0.062000667090035,-0.04101354364643628,-0.002530907877434596,-0.010004675676504815,-0.0005668666045307996,0.5807749086852898,0.8024241819044556,0.332473342768725
193.55,1.0,20.0,20.0,1.0,0.02184998092315774,0.07916562794967757,1.3538554892303214,0.02331828188108739,0.03283984029494856,0.007797574754444266,-0.5929396282634125,0.04404156487731701,-0.02921567082739785,-0.0018695607457853702,-0.017598988779052104,-0.00016051208905046296,0.5201028702842978,0.7765558511600545,0.27157958765778084
193.65,0.0,20.0,20.0,1.0,0.022845378963247218,0.08481359517902819,3.9334542138137794,nan,nan,nan,nan,nan,nan,-0.0018695607457853702,-0.017598988779052104,-0.00016051208905046296,0.5201028702842978,0.7765558511600545,0.27157958765778084
193.89000000000001,0.0,33.0,33.0,1.0,0.020655464630292674,0.10555218675617,2.3496150706820527,nan,nan,nan,nan,nan,nan,-0.0018695607457853702,-0.017598988779052104,-0.00016051208905046296,0.5201028702842978,0.7765558511600545,0.27157958765778084
194.09,1.0,31.0,31.0,1.0,0.013869887527383124,0.03475268809985589,2.207413980033304,0.01059693355640768,0.06094284020261016,0.0072936760694705186,-0.2983802578874706,0.03274712359693842,-0.02116275945885393,-0.0011991043223923414,-0.01654289562617379,0.0002899219869543119,0.7473234025671631,0.9166216251411989,0.45996881151141256
194.35,1.0,35.0,35.0,1.0,0.012806998660211313,0.032477482466009205,1.9348446617122652,0.03652652203376663,0.0439366585971265,0.007797023121515273,-0.15340041128262058,0.05718597828764885,-0.021463992564680012,0.0003249717201330993,0.024632767057099075,0.0005970116788409988,0.6480743131034694,0.8526811123390342,0.4082944659831841
194.45000000000002,1.0,38.0,38.0,1.0,0.01589766940235148,0.03776515256019624,1.8786280348790096,0.04350497233309136,0.04027649110715205,0.007361550746045249,-0.09864862553809932,0.06233903682195786,-0.021818031523633596,0.0001694295008488056,0.01058602904995791,-0.00024115518378153844,0.5144521182428992,0.7335903601434839,0.329620883800345
194.73000000000002,1.0,45.0,45.0,1.0,0.014452135477573158,0.03347349020259435,1.2551150549983863,0.05333361280837456,0.03350302480346053,0.0070612845732903745,0.05343901025516393,0.07290579751002496,-0.022690841090608593,0.0002938182118708277,0.012593891127704718,-0.00034355879665744216,0.625218204416997,0.8621651044662536,0.3603253293975142
194.85,1.0,37.0,37.0,1.0,0.01330680872523382,0.034528443746208067,0.6649431213632139,0.06836315346602154,0.023450901055364157,0.004979859130549511,0.12190993428389896,0.08616133743230489,-0.023128244008684185,0.0004150302324614913,0.01673022405525111,-0.0004592160010015791,0.5276464547003248,0.7525598701416232,0.3153242153128714
195.05,1.0,42.0,42.0,1.0,0.011986351232365527,0.02379192231737918,0.9505855120648636,0.06843887612527207,0.023907362966332245,0.005011158265368372,0.22923097362942363,0.08636215277818979,-0.023729054225805502,0.0001548384031482275,0.004150494015576309,-0.0006009920960214216,0.5745583310179504,0.8229908592220471,0.32549055484415274
195.33,1.0,42.0,42.0,1.0,0.014187232892088543,0.037419562169438016,0.7798149764846244,0.07008817563189983,0.022302792966961364,0.004971044918906553,0.3831133046387812,0.08845933815182452,-0.024474204234991248,0.0001339197896056965,0.00231154364315915,-0.0004759885497861091,0.6333995900213623,0.86569997005358,0.35864319420666624
195.53,1.0,43.0,43.0,1.0,0.014779846602913092,0.03584393195757864,0.9551314391105193,0.0687556238056056,0.022936100118035065,0.004910441455135996,0.49060006105413906,0.08829942959629583,-0.024931683194326485,3.557707392287668e-05,-0.0010577373987664257,-0.0003483725412224206,0.5927805032522264,0.8278615064638494,0.34453316878755597
195.85,1.0,40.0,34.0,0.85,0.014272095053581114,0.03873727546829762,1.275685541360565,0.06663203000922982,0.025941718739698617,0.004979532953338122,0.6644235659139617,0.08606423712850952,-0.025715838476216394,1.9626259882166153e-05,-0.002340865574764872,-0.0002093247179714465,0.6560628845748367,0.8759316075961467,0.37933757699578735
196.13,1.0,38.0,28.0,0.7368421052631579,0.01695553722644603,0.031109612909254805,0.9647064381753954,0.06674909867047321,0.02463926883359586,0.004989240473452739,0.8167682178347982,0.0868609212890524,-0.02563016535448792,1.6753710300965174e-05,-0.0001845345666639242,-8.251403075658706e-05,0.6120956506808404,0.8527913352714878,0.34898175067325343
196.33,1.0,40.0,27.0,0.675,0.15898584775098273,0.22815877164105502,5.690970280631942,-0.16933788065606664,0.12,0.16105074443994985,0.9213304414541772,-0.14970177358086628,-0.02565550515962744,-0.006047012385338113,-0.23604157091427108,-4.9945324905192184e-05,0.11023676697548704,0.29010956049150877,0.3234572927330479
196.43,1.0,59.0,45.0,0.7627118644067796,0.21069270932099873,0.3010421594254441,5.9774894033076515,-0.2,0.12,0.21313974098045405,0.9726498852785992,-0.1809843362963156,-0.025721583775443424,-0.005097488063909306,-0.19810167238870977,0.0016263459312065888,0.08864124274883294,0.23568588839608282,0.3184525704062916
196.65,1.0,57.0,39.0,0.6842105263157895,0.2368213955052503,0.3469998248073592,7.803664821564662,-0.2,0.12,0.24037506593667204,1.0849183971221186,-0.1796202519314246,-0.025983535732471807,-0.003936209433625715,-0.15121195635002826,0.0019691463804333495,0.09814140409417485,0.27201223794349805,0.3347732460332159
196.85,1.0,56.0,32.0,0.5714285714285714,0.24010384373678606,0.33920266376937885,7.406262345202915,-0.2,0.12,0.24242615134898401,1.184918304755162,-0.1796276319615093,-0.026525969992337927,-0.0029491446379232844,-0.10992733467134151,0.001983506357430588,0.1162350320661216,0.3047859850590286,0.3345298984360449
197.05,0.0,64.0,46.0,0.71875,0.25235806356423757,0.3403346111302612,7.46398827645277,nan,nan,nan,nan,nan,nan,-0.0029491446379232844,-0.10992733467134151,0.001983506357430588,0.1162350320661216,0.3047859850590286,0.3345298984360449
197.25,0.0,58.0,47.0,0.8103448275862069,0.26270998707671345,0.34605233721645184,8.010898572274007,nan,nan,nan,nan,nan,nan,-0.0029491446379232844,-0.10992733467134151,0.001983506357430588,0.1162350320661216,0.3047859850590286,0.3345298984360449
197.45000000000002,0.0,52.0,38.0,0.7307692307692307,0.2629679983254707,0.34773137622840233,7.110902013879686,nan,nan,nan,nan,nan,nan,-0.0029491446379232844,-0.10992733467134151,0.001983506357430588,0.1162350320661216,0.3047859850590286,0.3345298984360449
197.63,0.0,30.0,28.0,0.9333333333333333,0.2781403299877923,0.32661356058714713,5.499153833802593,nan,nan,nan,nan,nan,nan,-0.0029491446379232844,-0.10992733467134151,0.001983506357430588,0.1162350320661216,0.3047859850590286,0.3345298984360449
197.89000000000001,0.0,26.0,19.0,0.7307692307692307,0.3168342772503107,0.34635152528019486,7.351140406437183,nan,nan,nan,nan,nan,nan,-0.0029491446379232844,-0.10992733467134151,0.001983506357430588,0.1162350320661216,0.3047859850590286,0.3345298984360449
198.05,0.0,17.0,9.0,0.5294117647058824,0.2623258894982829,0.2890196565555395,4.9247045014277555,nan,nan,nan,nan,nan,nan,-0.0029491446379232844,-0.10992733467134151,0.001983506357430588,0.1162350320661216,0.3047859850590286,0.3345298984360449
198.29000000000002,0.0,29.0,29.0,1.0,0.29201009186595583,0.33539215269543127,6.374133983972502,nan,nan,nan,nan,nan,nan,-0.0029491446379232844,-0.10992733467134151,0.001983506357430588,0.1162350320661216,0.3047859850590286,0.3345298984360449
198.53,0.0,14.0,9.0,0.6428571428571429,0.3215470848632573,0.3434544156293699,11.877621877885877,nan,nan,nan,nan,nan,nan,-0.0029491446379232844,-0.10992733467134151,0.001983506357430588,0.1162350320661216,0.3047859850590286,0.3345298984360449
199.03,1.0,37.0,37.0,1.0,0.24416232338046884,0.30531586383390674,6.5244250723397155,0.2,-0.12,0.24414049927121584,2.1094909405391817,0.38579558619878673,0.6351859226082271,-0.11576716010848065,0.28632354773390556,0.0018087212127259056,0.3558777918117698,0.6712885964553776,0.6769684232329032
199.25,1.0,35.0,35.0,1.0,0.18580435363077055,0.22753556982513773,7.661287721269317,0.2,-0.12,0.185097844796295,2.1429619842546765,0.449637209269546,0.8314553677960594,-0.09455452578245183,0.06387557286723256,-0.005072473961930112,0.4382617900907774,0.5722011683407945,0.46165080084772936
199.43,1.0,36.0,36.0,1.0,0.17399751212205525,0.2106576698832069,5.338943329861383,0.2,-0.10516666322696595,0.17219793824253812,2.1611057690931874,0.5010279654789523,0.9982209601300279,-0.07079624584269295,-0.002750314479686433,-0.004022876944649201,0.4134711062108771,0.44147247461785083,0.37964716279601635
199.63,1.0,34.0,34.0,1.0,0.1376804493560151,0.16901498452404107,4.318687749258791,0.2,-0.06413886668834407,0.13544453562735925,2.1725994699343922,0.5654767280649571,1.1769633181347814,-0.058070484071239825,-0.036718534910457956,-0.002957992426845024,0.5151164509292067,0.46686989148103303,0.35359496451292777
199.89000000000001,1.0,37.0,37.0,1.0,0.0815967500404364,0.11767396486599611,4.955437855349273,0.2,-0.033663942140646406,0.07968237736524494,2.179638584286609,0.6618769076585921,1.34946617950156,-0.04054371613395391,-0.0558964646214386,-0.0022905369860606317,0.7550025716211289,0.6437846727566061,0.36336926018079624
200.03,1.0,36.0,36.0,1.0,0.07133229663361418,0.09627332803421919,2.2588501134515804,0.2,0.0418881510957449,0.06864925369276013,2.1793099522709247,0.7184990144209572,1.4158955050159614,-0.014902109364770766,-0.034843773560913394,-0.0019602657700614756,0.6985404511849947,0.5430763490540375,0.3245463733082189
200.23000000000002,1.0,33.0,33.0,1.0,0.06057865789077681,0.08335166998774834,2.1535906132112794,0.2,0.07137792888292051,0.057887454409512595,2.1789848157326164,0.8063724248015268,1.4822630872011302,-0.00711888388634474,-0.029590204157388778,-0.001538415487852163,0.7814687214173538,0.5810225654880393,0.3296824672722774
200.43,1.0,33.0,33.0,1.0,0.07525700450680674,0.09508909899542534,1.1399686896276706,0.2,0.08220538950452663,0.07217288348226411,2.1783030283096134,0.9016133578225768,1.5243550571979672,-0.0027310751041365045,-0.020970813964636847,-0.0011996672778682438,0.6865715123483631,0.43517671257990914,0.33200382093574937
200.63,1.0,36.0,35.0,0.9722222222222222,0.0829692259016988,0.10092012596769363,1.4474972080978723,0.2,0.08688891190212268,0.0803283463322667,2.1741832901927918,0.9925884343399209,1.5507637355366795,-0.0013025873110183994,-0.017165781249420586,-0.0008714686761654988,0.6584329209910031,0.4012553220328876,0.33308907169500507
200.83,1.0,38.0,38.0,1.0,0.08968896360351333,0.11681336046765936,1.549755685214068,0.2,0.0913822468156015,0.08730595270788531,2.17316558982795,1.0912554928083849,1.556061567454063,-0.0005608732545745454,-0.011349342406088203,-0.0006274141193935989,0.6325342898640522,0.37865236994849466,0.33357615675261926
201.03,0.0,38.0,5.0,0.13157894736842105,0.3398733404020457,0.3480457469783133,5.67740358008391,nan,nan,nan,nan,nan,nan,-0.0005608732545745454,-0.011349342406088203,-0.0006274141193935989,0.6325342898640522,0.37865236994849466,0.33357615675261926
201.25,0.0,32.0,0.0,0.0,nan,nan,nan,nan,nan,nan,nan,nan,nan,-0.0005608732545745454,-0.011349342406088203,-0.0006274141193935989,0.6325342898640522,0.37865236994849466,0.33357615675261926
201.39000000000001,0.0,31.0,2.0,0.06451612903225806,0.33973274001799625,0.3417645771028105,6.916689052650137,nan,nan,nan,nan,nan,nan,-0.0005608732545745454,-0.011349342406088203,-0.0006274141193935989,0.6325342898640522,0.37865236994849466,0.33357615675261926
201.65,0.0,28.0,0.0,0.0,nan,nan,nan,nan,nan,nan,nan,nan,nan,-0.0005608732545745454,-0.011349342406088203,-0.0006274141193935989,0.6325342898640522,0.37865236994849466,0.33357615675261926
201.85,0.0,28.0,10.0,0.35714285714285715,0.2559944978097818,0.3138951216333056,15.087113278130591,nan,nan,nan,nan,nan,nan,-0.0005608732545745454,-0.011349342406088203,-0.0006274141193935989,0.6325342898640522,0.37865236994849466,0.33357615675261926
201.99,1.0,54.0,51.0,0.9444444444444444,0.0643092887190474,0.13521598211109892,6.741163482739117,0.2,0.12,0.06837239372609387,2.3270771034002604,1.7414111997844066,1.1716760098905015,0.015682930108848137,0.06765927936615102,-0.00043698191428709343,0.9178674401568354,0.7745652562210347,0.5615260320042263
202.19,1.0,35.0,22.0,0.6285714285714286,0.058191959251659764,0.09516860932336195,6.951911793473588,0.2,0.12,0.05774197805789536,2.3683081047587464,1.8390803063900547,1.1422264265473947,0.005823146922267153,0.021121866578625248,-0.0004959921467375672,0.7092352360848071,0.5693497769702394,0.33336107706701684
202.39000000000001,1.0,37.0,31.0,0.8378378378378378,0.07714010482652942,0.14085153970507575,6.624640365083556,0.2,0.12,0.07808077816039491,2.4089926375567687,1.9350012307028284,1.124782731110562,0.004714098597891514,0.012659805895947951,-0.0003905660026219948,0.6309985624908757,0.47015617867739445,0.38689974600317445
202.59,1.0,55.0,46.0,0.8363636363636363,0.07672666678854352,0.13267316084930628,5.185069634649336,0.2,0.12,0.07819570510768849,2.4497382911072436,2.028499055511722,1.1142172594287967,0.0038814261745048206,0.009049446806876915,-0.0002425683652496069,0.6444221881696537,0.4848454596433026,0.3615930414454783
202.79000000000002,1.0,38.0,32.0,0.8421052631578947,0.07536675679826765,0.13406453564907433,5.418545289773307,0.2,0.12,0.07691912941016496,2.492888229336367,2.1191617700085708,1.1078015852828091,0.0028666522383162807,0.006195295942005963,-0.00014784714965432322,0.6488221485438973,0.4931422255181311,0.34591923226535454
203.05,1.0,43.0,30.0,0.6976744186046512,0.1432714557138162,0.18008353341648203,9.055457991427282,-0.031799491532518265,0.12,0.14199178500448242,2.753911182012823,2.134169533257334,1.1039254692838352,0.20898548453089782,-0.10021187840194523,-9.334421725037956e-05,0.38583013390062915,0.2448163906067224,0.34584259442854204
203.25,1.0,45.0,41.0,0.9111111111111111,0.0838023244122147,0.1810497675009035,8.569437605539816,0.15296333927504635,0.12,0.09466100907740123,2.6256422189191166,2.305872593070579,1.120812826205877,-0.047416712493367985,0.02495364870915484,0.0020144811138440577,0.6252323941294047,0.46522859466494043,0.34896979260542327
203.39000000000001,1.0,54.0,48.0,0.8888888888888888,0.06428609451932964,0.12881476194125263,7.868654267702165,0.07578001793972051,0.12,0.06760868108101398,2.7195827868652707,2.33390942888937,1.1545557850341748,0.05328920292417072,-0.027570386879486986,0.0006612082011332454,0.7002841555262509,0.566420429659618,0.3179250902380374
203.65,1.0,45.0,42.0,0.9333333333333333,0.04000903855281596,0.09529333235556198,9.559967034668762,0.07985883033301337,0.12,0.040895585314822604,2.7437620005494994,2.455676122726052,1.2670006877033693,0.006697469525202671,-0.014349900527180104,0.0011818510532284332,0.8382423319536065,0.6957882120181074,0.3486259462818975
203.79000000000002,1.0,48.0,45.0,0.9375,0.05652124815048232,0.11418745226849153,3.9793892400937567,0.2,0.018369437562632488,0.05719524221286702,2.6335585116363176,2.5407872287854563,1.349893888577494,-0.11882561654515333,0.016003688883857947,0.0009027330138198231,0.7187403971182306,0.5052243561849331,0.31782666437776447
203.99,1.0,43.0,43.0,1.0,0.041548268019702926,0.08558763302122006,3.7164658941316207,0.2,0.06043946075282,0.0431374681435127,2.627531329540612,2.6146152723666067,1.4845101002363341,-0.036440922685739174,-0.02602580330874238,-0.0009891614301484886,0.822647348262553,0.5995942474192132,0.3266786538193026
204.19,1.0,51.0,47.0,0.9215686274509803,0.0383428190301607,0.07395529433420349,4.326156228839913,0.1871600963057343,0.12,0.03746453332623692,2.6206585547104426,2.683829020702699,1.6454116619568167,0.005368724023166571,-0.04286651499461591,-0.0013609190715901942,0.8242305589181829,0.5883406714707938,0.33061696645504207
204.39000000000001,1.0,42.0,36.0,0.8571428571428571,0.11595472888887033,0.15256333312110196,3.7109468581401766,0.2,0.061269794435547274,0.11467426062217838,2.5758094774340123,2.742445929966489,1.8124443954006038,-0.006533940901753521,-0.05151128971952401,-0.0011686081621304911,0.46351392745275183,0.21994001136974628,0.3326128632984607
204.65,1.0,51.0,46.0,0.9019607843137255,0.11754568568594204,0.15769490956887103,1.60793923335494,0.2,0.041852586443886876,0.11471887332937625,2.521983084669187,2.822722673753458,1.9839088696650304,0.009734837640646976,-0.07228409068275843,-0.00107749622836395,0.5573925419069796,0.3228538445732916,0.35494295687157074
204.75,0.0,48.0,6.0,0.125,0.3440208563075348,0.3497524563668915,4.646665401540999,nan,nan,nan,nan,nan,nan,0.009734837640646976,-0.07228409068275843,-0.00107749622836395,0.5573925419069796,0.3228538445732916,0.35494295687157074
205.05,1.0,48.0,45.0,0.9375,0.13692967430447303,0.15716666642174168,1.405896753419199,0.2,0.11683387234037071,0.13443943672690778,2.4266386693205777,2.987037136857083,2.0205611306931335,0.013360555276147323,-0.056290210916829064,-0.0011283480192725293,0.5449030413046448,0.35919480345786464,0.408024260762246
205.27,0.0,37.0,0.0,0.0,nan,nan,nan,nan,nan,nan,nan,nan,nan,0.013360555276147323,-0.056290210916829064,-0.0011283480192725293,0.5449030413046448,0.35919480345786464,0.408024260762246
205.43,0.0,41.0,0.0,0.0,nan,nan,nan,nan,nan,nan,nan,nan,nan,0.013360555276147323,-0.056290210916829064,-0.0011283480192725293,0.5449030413046448,0.35919480345786464,0.408024260762246
205.53,0.0,45.0,0.0,0.0,nan,nan,nan,nan,nan,nan,nan,nan,nan,0.013360555276147323,-0.056290210916829064,-0.0011283480192725293,0.5449030413046448,0.35919480345786464,0.408024260762246
205.73000000000002,0.0,28.0,0.0,0.0,nan,nan,nan,nan,nan,nan,nan,nan,nan,0.013360555276147323,-0.056290210916829064,-0.0011283480192725293,0.5449030413046448,0.35919480345786464,0.408024260762246
206.03,0.0,37.0,0.0,0.0,nan,nan,nan,nan,nan,nan,nan,nan,nan,0.013360555276147323,-0.056290210916829064,-0.0011283480192725293,0.5449030413046448,0.35919480345786464,0.408024260762246
206.13,0.0,31.0,0.0,0.0,nan,nan,nan,nan,nan,nan,nan,nan,nan,0.013360555276147323,-0.056290210916829064,-0.0011283480192725293,0.5449030413046448,0.35919480345786464,0.408024260762246
206.63,0.0,31.0,0.0,0.0,nan,nan,nan,nan,nan,nan,nan,nan,nan,0.013360555276147323,-0.056290210916829064,-0.0011283480192725293,0.5449030413046448,0.35919480345786464,0.408024260762246
206.65,0.0,28.0,0.0,0.0,nan,nan,nan,nan,nan,nan,nan,nan,nan,0.013360555276147323,-0.056290210916829064,-0.0011283480192725293,0.5449030413046448,0.35919480345786464,0.408024260762246
206.75,0.0,33.0,6.0,0.18181818181818182,0.3216999778836274,0.3499696201528933,8.992696976271947,nan,nan,nan,nan,nan,nan,0.013360555276147323,-0.056290210916829064,-0.0011283480192725293,0.5449030413046448,0.35919480345786464,0.408024260762246
207.49,0.0,33.0,6.0,0.18181818181818182,0.3216999778836274,0.3499696201528933,8.992696976271947,nan,nan,nan,nan,nan,nan,0.013360555276147323,-0.056290210916829064,-0.0011283480192725293,0.5449030413046448,0.35919480345786464,0.408024260762246
207.53,0.0,46.0,0.0,0.0,nan,nan,nan,nan,nan,nan,nan,nan,nan,0.013360555276147323,-0.056290210916829064,-0.0011283480192725293,0.5449030413046448,0.35919480345786464,0.408024260762246
207.69,0.0,49.0,2.0,0.04081632653061224,0.3466727280466395,0.3492497203509006,2.088404064091602,nan,nan,nan,nan,nan,nan,0.013360555276147323,-0.056290210916829064,-0.0011283480192725293,0.5449030413046448,0.35919480345786464,0.408024260762246
207.73000000000002,1.0,47.0,47.0,1.0,0.15755672651596664,0.18867312807291808,2.919463282292107,0.2,0.02453942692742907,0.15550045845540642,2.718978988086744,4.457376164849454,1.0916498976767892,0.01596309685512054,0.14135382850652167,-0.0009329261451691551,0.8447646213452253,0.6542176450312589,0.7122799147910328
208.03,1.0,49.0,49.0,1.0,0.1877296473041695,0.2150394848234815,2.7869593193719777,0.2,0.015010330363347275,0.18558499031090658,2.77961238176363,4.590297552537742,1.0968045185588087,0.007981346583884719,0.04856071622074243,-0.0015632843054067536,0.4862941336022956,0.3783215862573788,0.48987222187920826
208.29000000000002,1.0,42.0,42.0,1.0,0.20123167065525707,0.21731652154317593,1.7986660135742238,0.2,-0.028337439142036118,0.19989953486705322,2.8191146957601707,4.693661097582677,1.1486017861541278,0.002337605023428946,0.021288891005579735,-0.000958984688224529,0.4057183239974166,0.3000465481529301,0.4142530617654426
208.35,1.0,40.0,40.0,1.0,0.15814739750131263,0.17451602371014174,2.3942781450064516,0.2,-0.0013116608972282855,0.15661233665289248,2.829994915319582,4.731393085059909,1.1666336031481093,0.0012440824891011282,0.011750125910099385,-0.0006084394444629826,0.4293489702877005,0.3412936440888483,0.317029256837977
208.53,1.0,47.0,47.0,1.0,0.1422141152598072,0.1696982913941021,2.1420617357985385,0.2,-0.004688167895857165,0.1401811791221565,2.8471257652577355,4.80016233238696,1.252298083660465,-0.004732321785692939,-0.008225001584929004,-0.00043490766207621157,0.4884256600549337,0.3546565960679389,0.3188184674732672
208.73000000000002,1.0,43.0,43.0,1.0,0.12274268218790527,0.1399298802130505,1.8929237449178387,0.2,-0.002283220967096674,0.1211570498710275,2.849440123877694,4.877406107591275,1.3808988452032596,-0.009371671924443437,-0.030479488929649357,-0.00031319076200442275,0.5641216941118066,0.38581028434631087,0.3272834965704391
208.93,1.0,46.0,46.0,1.0,0.1165612793680761,0.14260737199477708,1.8268995331817732,0.2,-0.008387922019876669,0.11454770564518192,2.838509455634535,4.951090614371865,1.518559722318395,-0.009107403211162879,-0.046556337955482974,-0.00027049337678697327,0.5831774173893679,0.3707761079955135,0.33107569230962886
209.13,1.0,34.0,34.0,1.0,0.10997664694763178,0.13893035201793288,2.6288245932964225,0.2,-0.004989998379364495,0.10846372548986495,2.819721351306055,5.024415538391732,1.6425232175008873,-0.005082553178139992,-0.05436863848636886,-0.00031719780570282907,0.6034390040160571,0.3708766443816274,0.33274918749349064
209.35,1.0,28.0,28.0,1.0,0.0988200889749081,0.1260894109062251,2.495458435300862,0.2,0.004836262852197697,0.09584568248657467,2.7876281548193584,5.128713936320552,1.7465085851047508,0.00033324024301073507,-0.054845174453297396,-0.0004069109749706979,0.6289695291493401,0.391085669471131,0.3113738527610243
209.53,1.0,33.0,33.0,1.0,0.09173118846412746,0.1131423552665365,2.0746331315854074,0.2,0.031709487032575034,0.08980903423794354,2.760317593269167,5.2143125517207025,1.80048977535595,0.0036417780865876104,-0.04396422578075754,-0.0005409762365209403,0.6613926264304352,0.43265722878893736,0.3361290109066573
209.73000000000002,1.0,27.0,26.0,0.9629629629629629,0.06394562639359273,0.08687455505192122,2.6939134481114215,0.2,0.0595024073661532,0.06211231673483072,2.7228928507690267,5.3075698596388925,1.8468888463701845,0.00555120690658395,-0.03406930086744708,-0.0005427899791972113,0.7572046166088462,0.5502028705086418,0.2902483411064632
210.05,1.0,21.0,21.0,1.0,0.05992893315962192,0.07930116028390746,2.360278075741954,0.2,0.06404511789208672,0.057829636715157694,2.66423803773136,5.463565708731089,1.890083752319713,0.005865891134624324,-0.023858393688583668,-0.0005713877075286256,0.777841775383081,0.5569345850940279,0.29057319326453845
210.19,1.0,35.0,31.0,0.8857142857142857,0.04887328547814465,0.12409363896683842,5.517776711949757,0.2,0.10600004842374641,0.04945121794181649,2.6342222319934363,5.533974325157775,1.9002622431810898,0.003778902031576159,-0.012927820927435718,-0.0005170636371460979,0.8011752356553693,0.6375958355110151,0.35140241548284273
210.33,1.0,24.0,24.0,1.0,0.12747489136165505,0.18827965377017977,6.60257602202169,0.09197830282355829,0.12,0.1270779281918903,2.7055246692422563,5.634260955338818,1.9097384216013038,0.10406655691189393,0.02921922072905847,-0.0003929444190124976,0.29535444925449095,0.14451061735553175,0.26483707663766576
210.53,1.0,30.0,22.0,0.7333333333333333,0.07688285889239926,0.16294174294783453,5.188437989698102,0.1773058210307964,0.12,0.08163924456455754,2.5821767848215633,5.706051886115227,1.9192916154431516,-0.008365099065728021,-0.011217841734586287,0.000383270462933627,0.6113912031290075,0.36319278183000514,0.2635000949946413
210.73000000000002,1.0,35.0,30.0,0.8571428571428571,0.15595232789904606,0.2374446888876502,6.0909492233213465,0.1153851620095241,0.12,0.15738575110088646,2.6001194590449512,5.818801248740121,1.9257137029969782,0.05632780081610944,0.014146946249717907,0.0001138799541506863,0.3681221691791509,0.19224603181076724,0.34062458993018474
210.93,1.0,39.0,35.0,0.8974358974358975,0.14239289757601967,0.1952006440220771,4.176802303679125,0.1479539979580201,0.12,0.14498393312558475,2.5331974401956803,5.902151640142735,1.9306229369884365,0.004216892586347498,-0.00475745685329354,0.000477687461593268,0.4688709766970619,0.2658511242631713,0.3467886228066364
211.15,1.0,39.0,35.0,0.8974358974358975,0.10389091831451577,0.1525180942913006,5.631748662023499,0.2,0.12,0.10536235621176519,2.4415281225303227,5.983523917436456,1.931438374145113,-0.046023660340791306,-0.022348607411807997,0.0003267851197772398,0.6291835973731603,0.4254219828381127,0.34681477376229447
211.39000000000001,0.0,36.0,2.0,0.05555555555555555,0.33365788546441416,0.3403007587377993,2.3411034619133293,nan,nan,nan,nan,nan,nan,-0.046023660340791306,-0.022348607411807997,0.0003267851197772398,0.6291835973731603,0.4254219828381127,0.34681477376229447
211.65,1.0,50.0,46.0,0.92,0.10040716530961098,0.12763723148629885,2.106296000499549,0.2,0.11903101784520993,0.09797947457233225,2.3433057841175344,6.212318163920596,1.9321056296948882,-0.0149613177240564,-0.008853821322187372,-0.000318592995282474,0.7405649909182727,0.5320670227579838,0.4330416450351647
211.69,0.0,40.0,0.0,0.0,nan,nan,nan,nan,nan,nan,nan,nan,nan,-0.0149613177240564,-0.008853821322187372,-0.000318592995282474,0.7405649909182727,0.5320670227579838,0.4330416450351647
211.89000000000001,0.0,47.0,0.0,0.0,nan,nan,nan,nan,nan,nan,nan,nan,nan,-0.0149613177240564,-0.008853821322187372,-0.000318592995282474,0.7405649909182727,0.5320670227579838,0.4330416450351647
212.09,0.0,49.0,0.0,0.0,nan,nan,nan,nan,nan,nan,nan,nan,nan,-0.0149613177240564,-0.008853821322187372,-0.000318592995282474,0.7405649909182727,0.5320670227579838,0.4330416450351647
212.29000000000002,0.0,44.0,0.0,0.0,nan,nan,nan,nan,nan,nan,nan,nan,nan,-0.0149613177240564,-0.008853821322187372,-0.000318592995282474,0.7405649909182727,0.5320670227579838,0.4330416450351647
212.49,0.0,45.0,0.0,0.0,nan,nan,nan,nan,nan,nan,nan,nan,nan,-0.0149613177240564,-0.008853821322187372,-0.000318592995282474,0.7405649909182727,0.5320670227579838,0.4330416450351647
212.69,0.0,36.0,0.0,0.0,nan,nan,nan,nan,nan,nan,nan,nan,nan,-0.0149613177240564,-0.008853821322187372,-0.000318592995282474,0.7405649909182727,0.5320670227579838,0.4330416450351647
212.89000000000001,0.0,41.0,0.0,0.0,nan,nan,nan,nan,nan,nan,nan,nan,nan,-0.0149613177240564,-0.008853821322187372,-0.000318592995282474,0.7405649909182727,0.5320670227579838,0.4330416450351647
213.09,0.0,29.0,0.0,0.0,nan,nan,nan,nan,nan,nan,nan,nan,nan,-0.0149613177240564,-0.008853821322187372,-0.000318592995282474,0.7405649909182727,0.5320670227579838,0.4330416450351647
213.43,0.0,27.0,0.0,0.0,nan,nan,nan,nan,nan,nan,nan,nan,nan,-0.0149613177240564,-0.008853821322187372,-0.000318592995282474,0.7405649909182727,0.5320670227579838,0.4330416450351647
213.63,0.0,35.0,0.0,0.0,nan,nan,nan,nan,nan,nan,nan,nan,nan,-0.0149613177240564,-0.008853821322187372,-0.000318592995282474,0.7405649909182727,0.5320670227579838,0.4330416450351647
213.69,1.0,43.0,36.0,0.8372093023255814,0.09895944623539371,0.16819725972246716,11.08634578203105,0.2,0.12,0.10343218842736061,2.369815202857986,7.375902291053086,1.1985653821490783,-0.0018320853765154688,0.14066213002834704,-0.00044564903293142777,0.9105446585929743,0.7482592864884489,0.6705129625395787
213.89000000000001,1.0,67.0,66.0,0.9850746268656716,0.0900511313205212,0.16536363825844172,8.759184408172144,0.2,0.12,0.09441154167000072,2.409099973341142,7.470156385062245,1.1737219166686568,0.001477709434976049,0.039965977491634774,-0.0016304401833240332,0.6804953798030474,0.5522382496753492,0.45523370263398877
214.09,1.0,44.0,43.0,0.9772727272727273,0.08533204011132821,0.17663986089251338,10.285568793039952,0.2,0.12,0.09314954708644371,2.4481976608992575,7.565775560518648,1.1603984922026058,0.0035451891404356672,0.02038731113039738,-0.0011201617742016001,0.6303387279851139,0.47344595720628424,0.3835341416012849
214.29000000000002,1.0,49.0,49.0,1.0,0.09489359602788744,0.16312617759572504,6.258433045917093,0.2,0.12,0.09825457113737598,2.486358358098325,7.660194223773931,1.1541202486915676,0.0034737176551637994,0.01214192182314111,-0.0007492668732804741,0.5900970455914611,0.4179756301675163,0.3552099859503102
214.55,1.0,52.0,52.0,1.0,0.11588638157515765,0.18086979568254855,5.700239869699888,0.2,0.12,0.11555756012612003,2.534938246380889,7.786138045618983,1.150688698792262,0.0028748443600528084,0.007994378049267503,-0.0004962654351048368,0.5526819221976603,0.36652970064660934,0.36421043911155215
214.65,1.0,48.0,46.0,0.9583333333333334,0.06759131696824622,0.15401049028154493,6.0895205624963955,0.2,0.12,0.07721028037189016,2.556550327106518,7.8342033463148075,1.1505080891312371,0.0021254281360856275,0.005387929444004236,-0.00031401875466330337,0.6553147741468875,0.5079491091244323,0.3092940061996025
214.85,1.0,37.0,37.0,1.0,0.07579246702054464,0.15410414969006234,5.553617855492038,0.2,0.12,0.08124943279999465,2.5929892302367126,7.92327802253627,1.150817021130992,0.0011640347839185772,0.002761349579223804,-0.00021514159687185952,0.6484076149355479,0.4688811930438983,0.3229373589091797
215.05,1.0,25.0,21.0,0.84,0.07975114956314554,0.11008149718015357,2.875900276853904,0.2,0.09638328314699039,0.0788849983828166,2.626130656228169,8.012759401527356,1.1668782858997204,-0.0005893575313185018,-0.0013647327735899495,-0.0001442197788534827,0.5720550045428907,0.38365275260074205,0.24355327030019977
215.23000000000002,1.0,26.0,21.0,0.8076923076923077,0.08078223665624851,0.10523653736473157,2.8350973663159595,0.2,0.07666694055859066,0.07992168550179428,2.6516112472547952,8.091652873022888,1.208005773126265,-0.003460670349415995,-0.008532423798612854,-0.00011069272268504626,0.5799841123177948,0.3822995663148178,0.2551027681008954
215.45000000000002,1.0,21.0,21.0,1.0,0.07971132969039371,0.10398404245486043,2.249701691116317,0.2,0.03709404729007201,0.07726501631086431,2.663258944067193,8.17923881010977,1.306503235146538,-0.008349934189613162,-0.024340887875188955,-9.592211466924461e-05,0.6286472140999385,0.40956656474883363,0.2731839414321334
215.73000000000002,1.0,21.0,21.0,1.0,0.08953513641821252,0.10896732624735181,2.278518695171552,0.2,-0.03999797779309616,0.08634360123404992,2.6589622020798007,8.28468805142893,1.4772736090074927,-0.01118326439273476,-0.048637457271034634,-0.0001601753621349733,0.639187110252743,0.3720335597625546,0.2990700168185868
215.99,1.0,38.0,38.0,1.0,0.08456811690586899,0.10076836762826721,2.3059816927059686,0.2,-0.11968984274107411,0.08196227462492296,2.6357489666331886,8.373324042039956,1.6765435317001751,-0.006439910052819187,-0.07094093166149129,-0.0003757121107470507,0.7547518756927414,0.5071105242250329,0.40195008426108786
216.13,1.0,42.0,42.0,1.0,0.034728249513977266,0.05803280280638575,2.2478176886550196,0.2,-0.08035323978889287,0.03073463917096983,2.615934250131204,8.41073078541376,1.7994305490911593,0.002025369658595455,-0.05921711459550849,-0.0007479250564972341,0.8304095125634128,0.6663745225403258,0.34159015608538124
216.33,1.0,44.0,33.0,0.75,0.06408904837590865,0.09359109397895578,2.8061731233841956,0.2,-0.12,0.061317838969873084,2.5746588497207643,8.466283476298859,1.9681693128731694,0.012206832173468296,-0.05182561625381332,-0.000982042076577594,0.7390810402565358,0.526465191963179,0.3372745674887576
216.53,1.0,43.0,42.0,0.9767441860465116,0.05380784889322549,0.08977191354680027,7.904967870820758,0.2,-0.12,0.05281794856673609,2.5248379265610077,8.516718370037497,2.119653418494681,0.02124345986623677,-0.052407459410186874,-0.0010793854790893675,0.7734984738672213,0.6368313379813781,0.3353193573120061
216.73000000000002,1.0,38.0,28.0,0.7368421052631579,0.03303314252840938,0.12799722663819857,2.70041890373469,0.2,-0.05345124582205777,0.03516137533601941,2.4602059023924485,8.58087432471788,2.2279111304896055,0.022203122556120558,-0.03880119821305428,-0.0012538458693978072,0.7303189770996051,0.6461274871225164,0.30534120290186967
216.93,1.0,35.0,25.0,0.7142857142857143,0.08572510803297442,0.1235611028204845,9.319829104640245,0.2,-0.12,0.08569103044034544,2.3876704218403515,8.64660870188197,2.303820708944146,0.02028454020196868,-0.027855602681375657,-0.001262076206517193,0.4497034759971368,0.4003516491793436,0.28744005332527334
217.05,1.0,44.0,31.0,0.7045454545454546,0.09879632328498567,0.14994971250524144,9.484367408476261,0.2,-0.12,0.10268763326643654,2.348585548070308,8.683493075002719,2.341731127180811,0.020316686211375057,-0.02507787090358171,-0.0010427417746710077,0.39522039360489,0.37184759605520673,0.31211628596115915
217.25,1.0,30.0,14.0,0.4666666666666667,0.11082718790071801,0.1406655398101283,8.352495525145784,0.2,-0.12,0.11080726712106471,2.2794618725630387,8.740698582649605,2.386563627704245,0.021732237501815632,-0.024434840684094183,-0.0007936200582041585,0.25420620535573685,0.25346711373511294,0.17656733978240613
217.53,1.0,46.0,33.0,0.717391304347826,0.06638352509812184,0.12690179665749662,9.139552895717193,0.2,-0.12,0.07103340767422804,2.1729855079346745,8.819856946172063,2.416715623353771,0.023267596404151103,-0.0245094544360267,-0.0006976123483308783,0.6984053820071119,0.7145006861858477,0.3890757000600748
217.75,1.0,41.0,28.0,0.6829268292682927,0.061852563864932854,0.12418223458612358,9.962550782327366,0.2,-0.12,0.0656701269441384,2.089527588805837,8.889076065446641,2.4276122492844188,0.011688303147980417,-0.011232144685743961,-0.0005861647655267532,0.6159114509327259,0.6457009257030312,0.33388359648266125
217.89000000000001,1.0,52.0,30.0,0.5769230769230769,0.04262810098367092,0.08087165095129115,1.8920611287265514,-0.2,0.0332208994289706,0.04234885495846341,2.2942356963922514,9.235733772675053,2.43099058739596,0.2672381695450974,0.29742811718366013,-0.00043078082011316354,0.6845341466364606,0.7137284975442274,0.318504040165006
218.13,1.0,44.0,30.0,0.6818181818181818,0.01731681450731093,0.041369773535429144,2.4142562243441947,-0.17031747441014025,-0.003645998476075134,0.011659702864867236,2.1791042940726504,9.286517184137198,2.436218211062158,0.034108573111916396,0.035951556578901034,0.006029388069452857,0.7042770617493629,0.7395951941705962,0.33624177039027076
218.23000000000002,1.0,43.0,26.0,0.6046511627906976,0.07056598903087076,0.10270729356765673,1.7762954925717978,-0.2,0.0314816855782531,0.06761655552173522,2.1618127993048386,9.34007615993341,2.4378894587962634,0.024748422620884725,0.02805020667234004,0.004850790947249717,0.42033250507446124,0.45661821071523606,0.2644572022855218
218.49,1.0,44.0,28.0,0.6363636363636364,0.03728745209012794,0.05591484475844346,1.197447975384812,-0.2,0.01734536739910965,0.03448746978969644,2.0548117287353365,9.420099372608119,2.4628243230553135,0.006909679723348994,0.015119469352381287,0.003969002228047636,0.7061189974200469,0.7468868797271285,0.3220289416069876
218.69,1.0,39.0,34.0,0.8717948717948718,0.03119717302643735,0.04841978652769717,1.1246743920946933,-0.2,-0.0045663349677313335,0.027342693044262567,1.961496663436593,9.481988166984518,2.518198302908555,-0.008684396118296744,0.009504224632536307,0.002979599284655521,0.6867474863449549,0.7446956434928933,0.3485754725129337
218.83,1.0,49.0,40.0,0.8163265306122449,0.08861698635606305,0.11482626519039012,5.837345476102923,-0.2,0.052003710231983635,0.08792633038420533,1.891678325355903,9.521015529093086,2.587686871819778,-0.015366880949772899,0.01098444172875368,0.0020204088224704537,0.35711092004570666,0.4576958683309882,0.3178777515948592
219.03,1.0,44.0,44.0,1.0,0.07616815473380548,0.11169589943863892,5.3877226739685655,-0.2,0.05424315525016026,0.07577070571435897,1.7754018847114668,9.56883782042172,2.70304796416141,-0.03152589274844608,0.018672113492755216,0.0014126365454276701,0.49061871282238084,0.6389549210582819,0.3267471182371945
219.23000000000002,1.0,41.0,41.0,1.0,0.07569964473998356,0.10853218838457068,5.049300872705562,-0.2,0.06834464456204725,0.07558869051471297,1.6516947457451816,9.596688104975032,2.844667802572028,-0.04472448973097043,0.020608827045402123,0.0010853051285870663,0.4784966269283267,0.668604535466843,0.3307381134258327
219.49,1.0,38.0,38.0,1.0,0.04887756837464154,0.08053136830304651,7.190331486058934,-0.2,0.039076595990433324,0.049940481152781435,1.4860386664063483,9.60609368401732,3.0294979135312445,-0.061333522682943675,0.018255610323299365,0.0009785044494297068,0.685890807805958,0.8576493058101005,0.35394354730527255
219.63,1.0,33.0,33.0,1.0,0.06487381757966723,0.10831386033111903,8.525069020000014,-0.2,0.12,0.06500262298907146,1.393534447021865,9.600394420069835,3.113228718760136,-0.03666950241049638,0.006075074965647076,0.0012302047068781796,0.42719120240948066,0.6780258081969628,0.32021244887336975
219.83,1.0,26.0,26.0,1.0,0.04601202679145184,0.07664355375041462,7.017259758170655,-0.2,0.12,0.046525722278712926,1.2666515144589197,9.583688106034664,-3.075421200381285,-0.03999329014034436,0.0021385306936707593,0.0010590111728929763,0.556039610684392,0.8010356569101414,0.28364904267815017
220.03,1.0,27.0,27.0,1.0,0.03003122984460833,0.059259605777435054,6.201400985876749,-0.2,0.12,0.029657227497500733,1.1480078904886455,9.55896526509917,-3.0046175873363974,-0.031808244163209265,-0.001298191041170682,0.0010436890157174972,0.5617204568878902,0.8017919611339649,0.3033763176754247
220.23000000000002,1.0,32.0,32.0,1.0,0.03597559888643265,0.06410840242266422,7.500720413198598,-0.2,0.12,0.03233327591604215,1.0425817559243227,9.531414253830516,-2.959472810239671,-0.022864824801619887,-0.0025677708607982908,0.0009365600575561572,0.6038020705101075,0.8247394082411338,0.34497650473316105
220.43,1.0,32.0,32.0,1.0,0.03912119461185696,0.07425635428588762,7.309229246047244,-0.2,0.12,0.038072960671188816,0.9401042994137627,9.503708866677787,-2.931332974609961,-0.014655669679220829,-0.002454373569365842,0.0007446392131886802,0.596099374401542,0.8168944613966237,0.338713852633193
220.69,1.0,35.0,33.0,0.9428571428571428,0.022560347770278245,0.052041788939066386,7.098600685824826,-0.17567243408995767,0.12,0.01885610948185793,0.8153492540664923,9.446857266019377,-2.9105058772727737,-0.0045085740056377555,-0.02578286953631448,0.0005568881546973437,0.6343208261898419,0.842005396326211,0.35730320753831485
220.83,1.0,31.0,31.0,1.0,0.0158947919605183,0.046324936327508955,5.892861821339893,-0.13136863406966937,0.12,0.0116715710240763,0.7585186281649082,9.383461435741172,-2.904407621123336,0.006443731831192068,-0.04760198868869736,-4.747862186249563e-05,0.5508167151802805,0.7661988778011558,0.31489672005093905
221.03,1.0,35.0,32.0,0.9142857142857143,0.014806506173317541,0.0377952930271691,3.4162071853231164,-0.08494535031210923,0.09249815603649367,0.007871644247235434,0.6722320183242255,9.309654344370943,-2.89910231311612,0.010749973419251102,-0.05593804443336481,-0.0007349798908262706,0.5933246278330515,0.8094669178576049,0.32993025096420153
221.23000000000002,1.0,34.0,34.0,1.0,0.012144376057348779,0.024566384140001354,1.7614021873645045,-0.05955576332053964,0.08120385554257338,0.0069817180918683745,0.5838812020003749,9.257606503154136,-2.898219498468259,0.007212178789349766,-0.03457969183326348,-0.0014051359285645049,0.597778159950059,0.8099786848826613,0.3321266792808597
221.43,1.0,33.0,33.0,1.0,0.015752213050280867,0.03605015955540797,2.622067142651078,-0.0638035162899899,0.09882212912633984,0.00770673476338875,0.48828674364101277,9.237397354824799,-2.9221476536027424,0.001371449234285782,-0.0015531943390705294,-0.0014951704109797959,0.5973004726782459,0.8111530509175268,0.3330965444113319
221.59,1.0,31.0,31.0,1.0,0.016114407673621066,0.037201946372450036,1.4582703276590854,-0.05176775584777737,0.08263870314707966,0.006038636135231375,0.4145436517239766,9.212337008929753,-2.9624739830136178,0.005122710457617696,-0.011479936564274595,-0.0010276226177450276,0.5553317058460613,0.778145800160978,0.3114898263603417
221.79000000000002,1.0,32.0,32.0,1.0,0.014110676465953362,0.03667268045189104,1.1382524288612885,-0.060920765249133875,0.08831336045957212,0.004634725378100779,0.3153652135851916,9.21038988794411,-3.0218565684638596,0.003668637395213059,0.00732751050382241,-0.0008990153268917388,0.5863252022159685,0.8183826192029814,0.32834975691923846
221.99,1.0,25.0,25.0,1.0,0.015553962422261165,0.03544070021762155,1.501984494365541,-0.03869996708266022,0.06587472322714612,0.006841590760941648,0.21201924886747714,9.17953861148698,-3.075737011027405,0.006505842216988689,-0.020358353145816466,-0.0004899539969231981,0.5254232207811563,0.7843129195946691,0.27910925437147777
222.19,1.0,28.0,28.0,1.0,0.017618519859067504,0.03738951791100859,1.7781598214156191,-0.044582023562584214,0.07642112702570149,0.006596208456709198,0.09961766034690382,9.182497767404962,-3.113899951672179,0.003911542627935263,0.0017923678820963573,-0.0007209370336695997,0.5669824664904453,0.8128784100723325,0.3144122164876151
222.39000000000001,1.0,31.0,31.0,1.0,0.018634335744236775,0.04008534721677383,2.356533296388396,-0.04088429191593918,0.06990908239825683,0.009702639852702687,-0.006973261884108835,9.17562659157363,-3.1389955237105784,0.0028415221616860933,-0.0032545964293806406,-0.0004610431362510603,0.5875389555045328,0.8295006303158416,0.3376971973427953
222.59,1.0,31.0,31.0,1.0,0.01987220979190275,0.031394725477122326,3.445856119041586,-0.038170687327753645,0.06341102991451988,0.00941300935721096,-0.11664902289225515,9.17113865918753,3.1266895058576223,0.0018342709145392072,-0.003224355440464066,-0.0003648328112295651,0.5805902336841119,0.8304526558821568,0.33313744584057264
222.79000000000002,1.0,39.0,39.0,1.0,0.017234592451020343,0.039836078673320806,2.233954065180536,-0.03855810561839708,0.07014729697785477,0.008938291649000668,-0.22647503283330334,9.171358854589583,3.1149341715805523,0.001233465374397641,-0.00014057576129289373,-0.00030056376135512153,0.587050562320563,0.8370012166230244,0.3381836015496899
222.99,1.0,42.0,42.0,1.0,0.015761367401866757,0.03344646278025826,2.578128447683277,-0.030579448364007247,0.05908441476496837,0.009671853322798896,-0.3355593009642528,9.164222194489765,3.107462676541454,0.0005260398977851577,-0.007991689062315288,-0.00020236112399363293,0.5839875928461334,0.8377699159143942,0.3357133514882997
223.19,1.0,46.0,39.0,0.8478260869565217,0.023137441969857467,0.3031551889391266,3.0610422120642737,-0.02172503788384584,0.05888262358680774,0.04934044188895375,-0.4462381067311782,9.156757597517217,3.101654945083011,0.00010468848819900067,-0.01012621470714059,-0.00026551132484886614,0.5847273599805525,0.8399845261998982,0.33462858035472703
223.39,1.0,46.0,31.0,0.6739130434782609,0.13277364581535997,0.3110238887868746,11.533624051332158,0.2,-0.12,0.1661946964383447,-0.5551456548295415,8.937087571761602,3.09822307162322,-0.009398894280006398,-0.22310857482437818,-0.0003404238622608524,0.11010598004585608,0.317824089482228,0.3274919444697063
223.55,1.0,42.0,23.0,0.5476190476190477,0.1850074143790177,0.3465391406243111,14.203478777762452,0.2,-0.12,0.21621085356902953,-0.635581393882983,8.936242738935581,3.094509661738952,-0.007185315620521049,-0.15197528466170773,-0.001459192030280221,0.06865947344636956,0.2145096191687878,0.25353202852466805
223.85000000000002,1.0,38.0,34.0,0.8947368421052632,0.13422894913476818,0.24533861417389305,12.381508424806297,0.2,-0.12,0.1476842022441689,-0.7851567350314008,8.9384296211488,3.0935753413181724,-0.005928727862089533,-0.1191100393137905,-0.0016292799029500316,0.2573296720082531,0.5809431088057068,0.3765280151589137
223.95,1.0,35.0,13.0,0.37142857142857144,0.14957096459178013,0.22188433223682108,10.187844988754312,-0.2,-0.12,0.15065261749654804,-0.8165794383616835,9.33947231031557,3.0935863793831153,0.016513436148857252,0.34977414799887896,-0.0020943820725336515,0.10631110157130291,0.24413879794742432,0.15760009279567072
224.23000000000002,1.0,46.0,25.0,0.5434782608695652,0.13701426165739522,0.19968616158515318,7.981820120450747,-0.2,-0.12,0.13826698756019645,-0.9584556165950917,9.341234593840056,3.0934180334952854,0.01262389437043221,0.26430204024007153,-0.00035609330232277964,0.2652415757372768,0.5419460373308614,0.3271401836770303
224.35000000000002,1.0,31.0,15.0,0.4838709677419355,0.1933306070555677,0.2353964439024601,12.075099473269429,-0.07213974435824821,-0.12,0.1928907683091911,-1.0226063214645356,9.211777786179754,3.0926090144204528,-0.00022498262561310156,-0.006952912724724314,0.0022668198423820844,0.0887249781009298,0.19514329590930063,0.19584056719334786
224.63,1.0,31.0,26.0,0.8387096774193549,0.21417958903570478,0.3221738327067936,11.883814415121186,0.2,-0.12,0.2240823924858641,-1.1710703334667862,8.942179202009592,3.1078672863567576,-0.010451411555705503,-0.2777436403150091,0.0017982942808889568,0.1385643317718484,0.33156621641350204,0.34651002947226645
224.82999999999998,1.0,17.0,8.0,0.47058823529411764,0.19151768215741077,0.2169006694167543,10.980750289915127,-0.2,-0.12,0.19078372402080285,-1.2680654865194245,9.335809877802667,-3.128899609761185,-0.0023129606298757377,0.2144252175421375,-0.00044684614128120975,0.06797933143093901,0.1756880149373166,0.12939075020978563
225.03000000000003,0.0,22.0,19.0,0.8636363636363636,0.2889503445101126,0.34763655146035655,8.8486972686478,nan,nan,nan,nan,nan,nan,-0.0023129606298757377,0.2144252175421375,-0.00044684614128120975,0.06797933143093901,0.1756880149373166,0.12939075020978563
225.35000000000002,0.0,13.0,2.0,0.15384615384615385,0.34350123545769595,0.3460017947334115,3.8072226428773943,nan,nan,nan,nan,nan,nan,-0.0023129606298757377,0.2144252175421375,-0.00044684614128120975,0.06797933143093901,0.1756880149373166,0.12939075020978563
225.53000000000003,0.0,35.0,2.0,0.05714285714285714,0.3449496628636012,0.34783786077807277,1.6788065121839135,nan,nan,nan,nan,nan,nan,-0.0023129606298757377,0.2144252175421375,-0.00044684614128120975,0.06797933143093901,0.1756880149373166,0.12939075020978563
225.75,1.0,46.0,46.0,1.0,0.11360108787609781,0.17977856812660917,8.249565806702787,-0.2,-0.12,0.11612058535473732,-1.7873407821941585,9.103307589250463,-2.518567645736795,-0.11693331147047359,0.1390320357250392,0.00039598664794082694,0.6249735271592872,0.8330686408061363,0.5597861275765158
226.03000000000003,1.0,53.0,20.0,0.37735849056603776,0.062171476452230576,0.1096736427141469,6.661546095984725,0.2,-0.07165085764329754,0.06702187533795356,-1.5952150802071565,8.69903807062905,-2.2680338826776416,0.23253640769990636,-0.27292056387491925,0.003893598165668255,0.6824984359522224,0.720804103241543,0.3310052279894639
226.15000000000003,1.0,56.0,27.0,0.48214285714285715,0.03908364384803265,0.0864025462265225,8.048659697081773,0.2,-0.12,0.04462078472020993,-1.6092737695454076,8.660166271758863,-2.169013468231099,0.06533241636891218,-0.04309852001608938,-0.00444397834088317,0.7388817889305775,0.7126106804767117,0.3467254036102951
226.32999999999998,1.0,49.0,47.0,0.9591836734693877,0.0583354854405855,0.11642413245656376,9.506284783098698,-0.2,-0.10064178366611734,0.06439429029098814,-1.9829258317749547,8.780100043971354,-2.0459562429321734,-0.3290957483283432,0.1959598212238376,-0.00440385989182035,0.6716065763612978,0.544286296670428,0.35949604691779735
226.55,1.0,53.0,50.0,0.9433962264150944,0.06066080684637737,0.12886138626022248,6.953395625757618,-0.2,-0.06370048222623514,0.0685093610089126,-2.0253833913612307,8.655234045783061,-1.9436200521615972,-0.09449700202894129,0.034206909716880673,0.0029756972141696814,0.6951377491277652,0.5214185921890097,0.3520550879876839
226.75,1.0,49.0,40.0,0.8163265306122449,0.06413943337249499,0.1289466918304701,9.774307865345667,-0.2,-0.059419984949252574,0.07407843619668822,-2.0539587854547525,8.547172857116163,-1.8844986898359337,-0.029071727687679516,-0.004249119007479152,0.003517149449321799,0.6733763826672146,0.4709026995616957,0.34182987867525766
226.93,1.0,41.0,33.0,0.8048780487804879,0.06790860719117797,0.14226364593990287,8.706701479836958,-0.2,-0.03274477065869161,0.07477663629814912,-2.0717102796335913,8.448308837628666,-1.849258861025761,-0.011702417497251538,-0.01152435120154749,0.002715227136008913,0.6732363211825417,0.4565833015974963,0.3299609009543755
227.15000000000003,1.0,40.0,32.0,0.8,0.11835761717793275,0.1378854699290004,3.747883024499069,-0.2,0.04126039688548386,0.11675741859230031,-2.098242173037818,8.33918948881352,-1.8204596142754155,-0.006016404188513125,-0.012750340624418044,0.001970063750543982,0.4898806293237897,0.27321912397044884,0.3396854368307335
227.35000000000002,1.0,45.0,37.0,0.8222222222222222,0.08474518418351774,0.12779161345713402,3.5962961597150223,-0.2,-0.0013538755434665461,0.08433720062300623,-2.116664276034987,8.238583297020647,-1.8045366287788722,-0.004554382575846727,-0.012763159109605127,0.0013373838055468212,0.6820425474765456,0.4537747318691587,0.3364384305816052
227.53000000000003,1.0,38.0,32.0,0.8421052631578947,0.10501380231865806,0.13599262579903595,2.4294852698610727,-0.2,0.0173076851825578,0.10414875699077131,-2.1303167259405327,8.141953489266134,-1.78539890826616,-0.003022389756621724,-0.010996378458777656,0.0009234012823506887,0.5470002779016263,0.32626591437211394,0.3276305159782247
227.73000000000002,1.0,25.0,25.0,1.0,0.0817816993474147,0.10405344537775994,4.865323710219697,-0.2,-0.0445789228880075,0.08085295649543789,-2.14361648582242,8.032255162489697,-1.734133682562879,-0.003843946360928996,-0.01764909953453042,0.0006424682051777708,0.6413544607306713,0.40480076682579436,0.27891641016759505
227.93,1.0,30.0,21.0,0.7,0.05856488534997206,0.08613549766198988,2.5058419626549724,-0.2,0.0005970176713717724,0.056323706723051654,-2.1465992840978636,7.917708135706307,-1.6481441984657583,-0.004269306628128522,-0.027762499053850753,0.0005046108112440884,0.7526963169158115,0.5305467333159937,0.25597360724977825
228.13,1.0,35.0,25.0,0.7142857142857143,0.10359193344403506,0.15294352947499662,9.444226973360248,-0.2,0.07765622175168843,0.11066953299889208,-2.1301670877056935,7.796157402294551,-1.528800648184935,-0.00226052913243846,-0.0370033707634283,0.0004868129486788053,0.45559619051354794,0.22738390131723676,0.30345231870356254
228.32999999999998,1.0,35.0,28.0,0.8,0.06513260625169785,0.1717355518498468,8.467755966137837,-0.2,0.12,0.08434657624260655,-2.1001195111107496,7.67311380343519,-1.3819108460495368,0.00200286733926891,-0.057746563264089446,0.00045341854224090206,0.6692719778072971,0.41338769072111364,0.3270631301934885
228.53000000000003,1.0,44.0,39.0,0.8863636363636364,0.05124697327816596,0.13679594316547425,9.27701504780478,-0.2,0.12,0.0644433617941028,-2.0467309440390373,7.552847397578857,-1.220063505644193,0.010546788532467488,-0.06505683311880173,0.0006030601502760025,0.7684016303543671,0.5812771401335186,0.3509586608489013
228.79000000000002,1.0,44.0,32.0,0.7272727272727273,0.050423615960247095,0.11411586663329712,12.048369708350773,-0.2,0.12,0.05787685583953836,-1.9488177328934286,7.412831117298714,-1.0132592665259343,0.023832208453602455,-0.0647930321839878,0.0008849434932134415,0.7765932908761896,0.6440628831807184,0.36222518891560546
228.99,1.0,45.0,13.0,0.28888888888888886,0.015961422597031795,0.03261909125275927,6.36132615716213,0.19342124981066963,-0.05622733605471352,0.01226047136500245,-1.5583510219844254,7.569924036381413,-0.884660344388168,0.3302401231475498,0.20336911362277377,0.0012286590742892622,0.5719275472967011,0.48806621877841977,0.1770235700681054
229.13,1.0,43.0,17.0,0.3953488372093023,0.019832415233446213,0.03631471008397511,6.758050734685201,0.04029267817759126,0.053642451619963664,0.011385794155456845,-1.6273904370242427,7.432209697906629,-0.8134324564390658,-0.0042122094488674655,-0.0315797046361217,-0.005688504254128368,0.5915398876013624,0.5566755791083308,0.22691934406406783
229.32999999999998,1.0,38.0,16.0,0.42105263157894735,0.016004338289436666,0.03576884120794825,6.753498021587024,0.13082349592596046,-0.02161160819940758,0.012796291566273786,-1.4871453737816775,7.437937942034267,-0.7430902087213389,0.06100997060449753,0.0548685793280832,-0.0038509211756549977,0.582331963532298,0.5872200905262369,0.22894220312234687
229.55,1.0,37.0,16.0,0.43243243243243246,0.021866604328154782,0.03985546790711739,6.296322508943107,0.0431681107828095,0.05776962118709016,0.014094008952702412,-1.4623080059191949,7.308260773573154,-0.6938526847178944,-0.04272467612451192,-0.04866668636349125,-0.004638938641425283,0.584223974692059,0.6185565028044137,0.24269755120595934
229.73000000000002,1.0,53.0,19.0,0.3584905660377358,0.013842232009758922,0.031367080597311595,5.947226138941529,0.04712111029357934,0.0558021924749642,0.009842921987609415,-1.3840857320141633,7.260456018614591,-0.6698423268077169,-0.010173622624496614,-0.009646419733491562,-0.002044460395211445,0.5975040715862849,0.6469178957105765,0.2737889827713894
229.93,1.0,50.0,12.0,0.24,0.01462852063055053,0.030266248681585558,5.346471123605923,0.08518678918165898,0.009436091294776862,0.008051581128684796,-1.2833964807925513,7.232680322845732,-0.6514680359706001,0.019378353904150547,0.028515403826836483,-0.0011873822003043433,0.48272340103000055,0.5481918468752074,0.19058095985687643
230.13,0.0,55.0,2.0,0.03636363636363636,0.01686509543290976,0.02111235157221021,9.8140996051694,nan,nan,nan,nan,nan,nan,0.019378353904150547,0.028515403826836483,-0.0011873822003043433,0.48272340103000055,0.5481918468752074,0.19058095985687643
230.32999999999998,0.0,38.0,2.0,0.05263157894736842,0.05946862658948879,0.06615921178564357,2.9797925513856445,nan,nan,nan,nan,nan,nan,0.019378353904150547,0.028515403826836483,-0.0011873822003043433,0.48272340103000055,0.5481918468752074,0.19058095985687643
230.53000000000003,0.0,55.0,1.0,0.01818181818181818,0.2806712713803464,0.2806712713803464,21.142661285201513,nan,nan,nan,nan,nan,nan,0.019378353904150547,0.028515403826836483,-0.0011873822003043433,0.48272340103000055,0.5481918468752074,0.19058095985687643
230.73000000000002,0.0,57.0,25.0,0.43859649122807015,0.29421103050313546,0.3446286976461664,10.337867692609489,nan,nan,nan,nan,nan,nan,0.019378353904150547,0.028515403826836483,-0.0011873822003043433,0.48272340103000055,0.5481918468752074,0.19058095985687643
230.93,0.0,54.0,23.0,0.42592592592592593,0.2953241799267818,0.34955378490023054,9.30777418868782,nan,nan,nan,nan,nan,nan,0.019378353904150547,0.028515403826836483,-0.0011873822003043433,0.48272340103000055,0.5481918468752074,0.19058095985687643
231.09000000000003,0.0,51.0,22.0,0.43137254901960786,0.26900877879568125,0.34749325700037226,11.724430699850721,nan,nan,nan,nan,nan,nan,0.019378353904150547,0.028515403826836483,-0.0011873822003043433,0.48272340103000055,0.5481918468752074,0.19058095985687643
231.29000000000002,0.0,34.0,7.0,0.20588235294117646,0.316365280564932,0.34261499370672127,17.447002012536288,nan,nan,nan,nan,nan,nan,0.019378353904150547,0.028515403826836483,-0.0011873822003043433,0.48272340103000055,0.5481918468752074,0.19058095985687643
231.63,0.0,22.0,1.0,0.045454545454545456,0.3486187217963783,0.3486187217963783,23.019139723416437,nan,nan,nan,nan,nan,nan,0.019378353904150547,0.028515403826836483,-0.0011873822003043433,0.48272340103000055,0.5481918468752074,0.19058095985687643
231.69,0.0,21.0,11.0,0.5238095238095238,0.33315660429204513,0.3482383403334709,12.476018734358751,nan,nan,nan,nan,nan,nan,0.019378353904150547,0.028515403826836483,-0.0011873822003043433,0.48272340103000055,0.5481918468752074,0.19058095985687643
232.23000000000002,1.0,22.0,15.0,0.6818181818181818,0.03285369432651738,0.2546312463439636,7.870247285728091,-0.2,0.12,0.066994091380116,-0.35505361463689533,6.679030827942984,-0.5445613097171305,-0.14939937534403994,-0.2302170650276656,-0.0016833553798079048,0.7691903383962003,0.9039012585192043,0.5165176818086786
232.35000000000002,1.0,41.0,36.0,0.8780487804878049,0.04921466026854742,0.22309263946813598,7.20825786974346,-0.2,0.12,0.06538167470077616,-0.3273349054134722,6.647594459350022,-0.6420306898850043,-0.03788779946812709,-0.0027299420473383407,0.011315372421602521,0.6917830648629518,0.7400351908449977,0.5447482170540124
232.49,1.0,40.0,37.0,0.925,0.09239809894856997,0.13419470673096714,3.16961355011686,-0.2,0.12,0.0903605358584209,-0.296311741256015,6.612247975397982,-0.7615487822698341,-0.02958194989021079,0.016532147828233867,0.005603591738085112,0.4304320254764462,0.46205590416060327,0.39810123723533014
232.82999999999998,1.0,36.0,36.0,1.0,0.04939005866432647,0.09622320978803829,7.304481114695169,-0.2,0.12,0.05284425994204159,-0.25131273646468344,6.513104747081075,-1.0648148396813089,-0.054990994207600896,0.05991906094493338,0.0034755236981389714,0.8110574768078912,0.7667965107327792,0.4050747064080979
232.89,1.0,35.0,35.0,1.0,0.06549376641401086,0.09045687290998372,1.9273662873747022,-0.2,0.08114816472303411,0.0631838519054446,-0.24534721968725443,6.494800086301075,-1.1166922529378907,-0.02039107470397969,0.02802125204067618,0.0026944571635256764,0.5207774131160029,0.43044967251485344,0.3128400510933189
233.09000000000003,1.0,32.0,32.0,1.0,0.05931037228253819,0.0762037175055713,2.1113528997090625,-0.2,0.047908678692816994,0.058517976291717594,-0.23066070058078114,6.429382894326372,-1.265802607729912,-0.022601165011427338,0.04510434952590714,0.0019742953558725684,0.7373627060360053,0.5493973297199037,0.32446926947849314
233.29000000000002,1.0,30.0,30.0,1.0,0.07850459031681288,0.09733940522320958,1.519521316608664,-0.2,0.04275076559266486,0.07675020169792157,-0.21531905215388364,6.349321784037971,-1.3705152452406435,-0.014922088631753677,0.04257560118423065,0.0015634451910400138,0.6376248646677235,0.39664856694035366,0.31564192139703673
233.49,1.0,36.0,36.0,1.0,0.07641152491023298,0.09470614272099519,1.912456027117754,-0.2,0.018845175402699886,0.0745958564604151,-0.2031369838632985,6.260892188272662,-1.429505219019492,-0.010149240837840856,0.03832244107827165,0.0011872864396731408,0.6988527658070938,0.4527001106927741,0.3351069738091022
233.69,1.0,35.0,35.0,1.0,0.09390685553726325,0.1116058282397868,1.8590745909062205,-0.2,0.021874750766628936,0.09184641657124272,-0.18685207424402073,6.165109675942994,-1.431619831399389,-0.004787890780185877,0.021867492294004087,0.0008727056900732499,0.6051792061256245,0.35386103660591056,0.3345132777763559
233.89,1.0,36.0,35.0,0.9722222222222222,0.09112735941173539,0.10975237577221597,3.0272065745609407,-0.2,0.012397809122394252,0.08985658494528703,-0.1618074103062168,6.058468782630682,-1.3835704054280327,-0.0010855356904501123,0.004836143194766329,0.0005948258343642099,0.6363624794269603,0.3889501448460282,0.3342109279424085
234.09000000000003,1.0,31.0,31.0,1.0,0.09100024951304415,0.10924601249312837,1.8329571853615674,-0.2,0.01779526365362824,0.08885055915603636,-0.12532274947685854,5.94862376075784,-1.315013260823807,0.0024501866345418843,-0.010363213228673729,0.000393180465798837,0.6309122375158701,0.39877860869518666,0.3270389059961407
234.35000000000002,1.0,29.0,29.0,1.0,0.08485727040521306,0.10581009154652887,2.514004149077573,-0.2,-0.004169176834186957,0.08300254094277337,-0.06300064043475001,5.799908066210643,-1.223730498367463,0.006900249218769333,-0.023772462863528077,0.00028614374099555917,0.6762728803274454,0.45647725865464267,0.33456945382021225
234.53000000000003,1.0,33.0,30.0,0.9090909090909091,0.07208638217039809,0.0910201903821155,1.8788182219225722,-0.2,0.004350555203075349,0.0698473226779477,-0.020983049679053456,5.698421341590512,-1.1853611479076551,0.006724096795736042,-0.020575337648018,0.00028130577312457383,0.7083576786489485,0.5271735956809498,0.3274776698766356
234.65000000000003,1.0,31.0,31.0,1.0,0.07323917856613489,0.12854752040255907,11.143672987995666,-0.047555270083852,-0.12,0.07460424792022245,0.1482714219173541,5.701119275890986,-1.1626517551925168,0.14524801260810813,0.046072165490864236,0.00024886264199941444,0.5917716641283977,0.4324113829248636,0.30349106108849355
234.82999999999998,1.0,32.0,32.0,1.0,0.13183389707250764,0.20636780260763227,7.597071106018775,0.021297025185364978,-0.12,0.1370290565130009,0.25871799218974334,5.636445795233563,-1.1368531400008344,0.11847434314308328,0.04241498781162267,-0.0015821143352825473,0.3739512013671907,0.2195992167028685,0.31708256774929255
235.15000000000003,1.0,60.0,41.0,0.6833333333333333,0.1772478000930975,0.24107739226565786,8.380082821652914,0.0572667053899036,-0.12,0.17921646126662108,0.36832939675297044,5.50928153218168,-1.108422605335996,0.10216280395979505,0.03929565256579348,-0.0020542567275774193,0.3826165387868078,0.22019803774022517,0.36926716975893914
235.25,1.0,52.0,45.0,0.8653846153846154,0.13516215691365055,0.22632619382542024,9.291759370535358,0.04452576098689378,-0.12,0.14240883554254846,0.38044425063787735,5.458124633707647,-1.104126062322972,0.04758136567199883,0.014807433434408601,-0.002125540691541694,0.43914233843142264,0.2904753715241862,0.311739894155211
235.43,1.0,66.0,57.0,0.8636363636363636,0.13466096149691162,0.26711589877001995,8.425771781717259,0.04972834649166174,-0.12,0.1476382065198334,0.4276030660721667,5.384269549532195,-1.0994419223882859,0.029716330888831077,0.008474773495053434,-0.0018034931144996769,0.4274837119985834,0.2856271524146918,0.31639813657007343
235.79000000000002,1.0,69.0,48.0,0.6956521739130435,0.1623590323244746,0.30517615947365073,6.132548373688565,0.12823476007805948,-0.12,0.17908886640954627,0.5827403884530528,5.261945648398119,-1.0947788020649964,0.0856833094442826,0.039306826782322446,-0.0014238954525802596,0.42134920249110774,0.27048572247596936,0.38207989073288423
235.85000000000002,1.0,67.0,42.0,0.6268656716417911,0.11691315258665898,0.23812731610222268,7.477346331304025,0.054024004848595944,-0.12,0.13122454448446777,0.5315867766873659,5.201199825110587,-1.0946921041613207,-0.0205004864959899,-0.014299638112562185,-0.0015955393958799746,0.469998200493622,0.3488209697031538,0.3017665585216084
236.05,1.0,43.0,34.0,0.7906976744186046,0.13415985484493764,0.29699109488483366,6.3577897695698065,0.03230301676732919,-0.12,0.14852562098304176,0.5591845031593905,5.106057779865238,-1.093956088921471,-0.029034011267958904,-0.017546474242354115,-0.0009485560178388308,0.4185205071951304,0.2938939391210977,0.3195926244338184
236.32999999999998,1.0,40.0,29.0,0.725,0.17140147675740025,0.3163486564007423,7.140893698620632,0.05916416931319542,-0.12,0.1862905604930948,0.6495806116449776,4.99267114594163,-1.1077093971638454,0.008851491924786958,0.001740892031802943,-0.0004280494725876771,0.34950156254936493,0.22410133758838652,0.3345062055620013
236.43,1.0,39.0,34.0,0.8717948717948718,0.13469255635359,0.2791153674824986,9.281646582279752,-0.022507259703016914,-0.12,0.14197492009174276,0.5988122032664035,4.911517334904534,-1.1275921512194351,-0.0676641462319113,-0.03550496998394781,-0.00033882760473824547,0.4563974768061377,0.32568694836441403,0.31168334115213236
236.65000000000003,1.0,39.0,30.0,0.7692307692307693,0.12266341988797333,0.26533938583105193,10.64300164988415,-0.047064579967480015,-0.12,0.1296988164756247,0.611819210411755,4.797858116787366,-1.2072625701599327,-0.05728143398585517,-0.025061559988250437,0.0002776321066879639,0.5004195998725651,0.3459945719302668,0.3174995821847307
236.82999999999998,1.0,28.0,26.0,0.9285714285714286,0.1054977403814157,0.22107322867191273,7.92848044199276,-0.109954375012735,-0.12,0.10506035243571618,0.5734389621655877,4.699029595421101,-1.3029748137195967,-0.08842856221440276,-0.023759413794036455,0.0006989907351613313,0.5594923686494009,0.3793529871821152,0.2845677513684074
237.05,1.0,33.0,32.0,0.9696969696969697,0.09972418413197187,0.1898809428960855,10.7189099356815,-0.2,-0.12,0.10286317274945844,0.4872785419292268,4.594224106133238,-1.4434565894995997,-0.12938391093538604,-0.004417734880912683,0.0013336581169951513,0.6281535668690056,0.4137553974141472,0.3483115887374474
238.07,1.0,31.0,31.0,1.0,0.019959909448960228,0.036434057561276684,3.105626956426487,-0.12192102450244026,0.12,0.013669547223511635,0.38281914674481066,4.263451913490229,-2.321768460090916,0.06234405602318466,0.11232994417562914,0.00225234309674116,0.9496747794528497,0.8813977298154005,0.5346519422268446
238.23000000000002,1.0,41.0,41.0,1.0,0.01350793296302206,0.03126466782163402,3.1315568161909697,-0.0993464648535473,0.11475604453337633,0.007683058515227149,0.34517413147208414,4.214278038812635,-2.4792538073257515,0.033723949548945475,0.00969520313680583,0.002380263654418347,0.6981838207445421,0.7182898744940652,0.406403463946128
238.43,1.0,50.0,48.0,0.96,0.08259526767864726,0.28877258555431595,10.734433136830365,0.11995114201537715,-0.05491597286747292,0.1129075591606601,0.36880164445286756,3.9921722194214633,-2.6641700471873406,0.12733842665761416,-0.17908634671468082,0.0012658617297427455,0.29348389378067585,0.4085709094891958,0.3646354436260975
238.63,1.0,59.0,43.0,0.7288135593220338,0.014240158234355316,0.03178384581434604,2.255650263903111,-0.061108514175094185,0.09199673087519018,0.008114330432513861,0.1964594130854515,4.132846033991276,-2.8230691926679174,-0.005111447451604106,0.07359944137661856,-0.0014689183689888807,0.6996789027428744,0.8284691693211181,0.34699553020671703
238.82999999999998,1.0,36.0,36.0,1.0,0.014869976206103898,0.03301557599588148,2.973046989626053,-0.04184445543584667,0.06679798950319245,0.008015346717299634,0.0971640251039992,4.098461182280489,-2.934879684554662,0.014544038470535106,-0.004889751938037534,0.0003724936432187853,0.6140703757227358,0.8106033362604482,0.3394820756991489
239.03000000000003,1.0,35.0,35.0,1.0,0.012996304368751092,0.029524231070005933,3.5032498447147593,-0.035611910913127494,0.047658529815179616,0.007031801287610198,-0.0077852969580901165,4.083846194017681,-3.01442713551668,0.009414895275727133,-0.005762939786813526,0.0001580854862055503,0.5939926611475923,0.819384931654165,0.33622228282181865
239.35000000000002,1.0,31.0,31.0,1.0,0.011849758754968166,0.026475135398620456,2.9391505793408417,-0.025853188247399687,0.044901685882330476,0.008395713763918218,-0.18294784137993267,4.067836183032877,-3.0928122975684227,0.006858690851714422,-0.010184985886715126,1.2003155696493906e-05,0.6493306625331211,0.8705804357671849,0.36867770310569636
239.49,1.0,31.0,31.0,1.0,0.01511456862457676,0.02998420160648,2.5922599815498053,-0.026889043405270777,0.022329583979446524,0.010293248221578248,-0.2560698107465011,4.069952352740544,-3.1141287845403243,0.002739541552309932,-0.00012059468789615835,-0.00019498036275233943,0.54559924777929,0.7849846390239877,0.32523014547478185
239.63,1.0,34.0,34.0,1.0,0.011488336575007193,0.024803779637754413,3.259223789381597,-0.024721177435054666,0.0024038358998602232,0.00814527837226366,-0.3348979627560603,4.067111315554973,-3.1287325475219854,0.0016639923716396665,-0.0021506143174070402,-0.0001290752312805843,0.5315122869822189,0.7877120468442805,0.31167328770195957
239.82999999999998,1.0,26.0,26.0,1.0,0.01227599062108318,0.029215742307613625,1.5020641084795798,-0.015056213490991663,-0.0033517777863796027,0.007015387049352751,-0.44473084106696226,4.062038767360412,3.1361054178088343,0.0011698839360743118,-0.010098620245439172,-0.00012192193180160517,0.5225525720073856,0.7984442867893814,0.2801484270478962
240.09000000000003,0.0,40.0,40.0,1.0,0.012319680081404378,0.024782059138369887,1.8815555487878153,nan,nan,nan,nan,nan,nan,0.0011698839360743118,-0.010098620245439172,-0.00012192193180160517,0.5225525720073856,0.7984442867893814,0.2801484270478962
240.23000000000002,0.0,26.0,26.0,1.0,0.012377214190109278,0.027656905064037448,1.5838807045359236,nan,nan,nan,nan,nan,nan,0.0011698839360743118,-0.010098620245439172,-0.00012192193180160517,0.5225525720073856,0.7984442867893814,0.2801484270478962
240.45,1.0,55.0,49.0,0.8909090909090909,0.16739321148321282,0.2677137308492302,9.145039080562979,0.2,-0.12,0.17318117285232557,-0.762975162481237,3.866441421134229,3.106864596959719,-0.006468790287209036,-0.21689101994208215,-0.00025660415707795536,0.2088921352604232,0.5299893106060652,0.4631149927646998
240.63,1.0,49.0,38.0,0.7755102040816326,0.17299062818180114,0.26295169316120415,9.488340762302581,0.2,-0.12,0.1773878777287722,-0.8543626008637696,3.8710698242754407,3.105030253390253,-0.0037499804227880684,-0.10163671356770321,-0.0027704576433240646,0.2045167009421477,0.4443853738362026,0.3802163351158566
240.79000000000002,1.0,40.0,20.0,0.5,0.17345930896810297,0.23246615253777542,8.177222995956777,0.1274436207384233,-0.12,0.17373963903136558,-0.9318738719367272,3.949702741577341,3.1046813338353303,0.0003285438899359727,0.016175786555219673,-0.002525198724233402,0.14330372887251197,0.31074750968894105,0.24330438090654097
240.99,1.0,38.0,16.0,0.42105263157894735,0.19842819014950064,0.2415027044682538,8.105230598823955,-0.2,-0.12,0.1975746323444119,-1.019835163362095,4.281592860589506,3.104115600500398,0.012396745786070307,0.33849078994727755,-0.001821164830243305,0.10319868553046828,0.24236809910513415,0.21790110821552983
241.19,1.0,22.0,11.0,0.5,0.20079635277835184,0.2257527412971213,8.567864132013607,-0.13493491694583035,-0.12,0.20049392583391693,-1.1241743498064147,4.223085254689887,3.108251489353984,0.00654191415576455,0.19133395487569604,0.00016179110163694332,0.07965001861003514,0.19804193686183805,0.17185941424064732
241.45,1.0,19.0,14.0,0.7368421052631579,0.20120441240303202,0.23187264599262175,6.940172458107713,-0.2,-0.12,0.19959486499845402,-1.260716306734993,4.286718378512383,-3.1313229079067373,-0.0013180833432044903,0.21842384471697507,0.0009554030044904849,0.11633866899963916,0.28314183366735474,0.23895419179102861
241.65000000000003,0.0,21.0,6.0,0.2857142857142857,0.1962049435981806,0.2009498350498113,5.855171955807087,nan,nan,nan,nan,nan,nan,-0.0013180833432044903,0.21842384471697507,0.0009554030044904849,0.11633866899963916,0.28314183366735474,0.23895419179102861
242.19,1.0,12.0,11.0,0.9166666666666666,0.2000183864169051,0.21251935040346295,2.995125014308598,-0.2,-0.06137391880628074,0.19906696557961712,-1.693185529335947,4.163379788753582,-2.6983100981859605,-0.08562812109697182,0.13654680702712874,0.0021523518136139508,0.14586030358683072,0.3475711079935737,0.28561856005971653
242.39,0.0,30.0,6.0,0.2,0.34449986276683714,0.3485454913236187,3.646996734893279,nan,nan,nan,nan,nan,nan,-0.08562812109697182,0.13654680702712874,0.0021523518136139508,0.14586030358683072,0.3475711079935737,0.28561856005971653
242.59000000000003,0.0,23.0,1.0,0.043478260869565216,0.3451847121411992,0.3451847121411992,2.4583521322614623,nan,nan,nan,nan,nan,nan,-0.08562812109697182,0.13654680702712874,0.0021523518136139508,0.14586030358683072,0.3475711079935737,0.28561856005971653
242.79000000000002,1.0,38.0,31.0,0.8157894736842105,0.08172663366456755,0.12994561228552656,5.889823566759664,-0.2,-0.12,0.08887618376278623,-1.9618989107926812,3.87197408631226,-2.1663427869891265,-0.1487054636126457,0.017898066935958745,0.0033599692229948626,0.7900187417808874,0.8703524132665366,0.5597063481501059
242.99,1.0,32.0,26.0,0.8125,0.0662015002685688,0.10909002385697067,9.468432041476436,-0.2,-0.12,0.06958739951917099,-2.0128391610851395,3.74902960056519,-1.9959760303731044,-0.04669663043051475,-0.03414190498983949,0.004459501841475033,0.6937803797347826,0.6321655648821131,0.37660037584450645
243.32999999999998,1.0,36.0,27.0,0.75,0.08906762224432627,0.22039664465851186,7.754633601085663,-0.2,0.055555555748652494,0.10800101740907954,-2.0638559064314834,3.547569984732913,-1.8002615262233674,-0.028521996045792974,-0.0526308201541803,0.0033654923048846985,0.5706885895397067,0.36545185267424496,0.38658170942992726
243.39,1.0,24.0,19.0,0.7916666666666666,0.03478226285175741,0.13071827136674982,8.264040219600885,-0.2,-0.016697950471422775,0.04558557770700244,-2.0666831193125135,3.5131579971231566,-1.7755446636733356,-0.01740749051392676,-0.04042728474933632,0.00233473243142579,0.7080591345441748,0.5708151226614808,0.23165629555175823
243.55,1.0,19.0,14.0,0.7368421052631579,0.019023271827886164,0.03687232298334044,8.022560876165988,-0.1869840143983437,0.04043760085687437,0.0153737424577857,-2.0669404037355763,3.4194675352937987,-1.7147338103039775,0.0040791491838332306,-0.03197294713203824,0.002023952577561605,0.6364823373999062,0.41971547877222337,0.18647958816992682
243.75,1.0,19.0,19.0,1.0,0.018649709299602146,0.034204509105702094,2.5408255739561985,-0.2,0.06431939665349216,0.01122410316894401,-2.0835557681557235,3.300012115910233,-1.6282787534173473,-0.014313886072993665,-0.03371745554283656,0.0015206426231302306,0.7526222036980766,0.5151935963983237,0.2603423326297549
244.39,0.0,17.0,3.0,0.17647058823529413,0.023746351056062556,0.02591520284905598,5.041303637976931,nan,nan,nan,nan,nan,nan,-0.014313886072993665,-0.03371745554283656,0.0015206426231302306,0.7526222036980766,0.5151935963983237,0.2603423326297549
244.73000000000002,1.0,45.0,12.0,0.26666666666666666,0.01508083830450055,0.02716231261088218,5.130800771300825,0.08960224762593369,-0.12,0.00910635403260858,-1.626186785431636,2.9115563415064907,-0.9063788499506362,0.26639948889675935,0.027306167215751742,0.0014505784185019355,0.8629931274450076,0.6916371160884452,0.3173274054790291
244.75,1.0,79.0,24.0,0.3037974683544304,0.04925405271401303,0.15092481503061386,11.384795268377191,0.2,-0.12,0.05780704071168869,-1.532914268172684,2.975948998245164,-0.8883375870293686,0.11966725926780142,0.06530669550808099,-0.008126878748257016,0.5799151102597236,0.5258075916662451,0.39251951132575374
244.95,1.0,58.0,12.0,0.20689655172413793,0.06438498115502493,0.1154739372227936,12.825014000494253,0.2,-0.12,0.06559374049207223,-1.4787099182422438,2.9443149160128375,-0.7038743381783736,0.022552804299729612,0.05388274003377447,-0.007532242951613588,0.39275119002675635,0.3889737580692352,0.20559450151930403
245.15000000000003,1.0,89.0,37.0,0.4157303370786517,0.18608352759226393,0.34897677182849113,9.822782577345132,0.2,-0.12,0.21830436862906583,-1.4188127827306665,2.9241593007147646,-0.5196337212220126,-0.022727888592055878,0.050953046974828275,-0.007054684270948464,0.14904111196527572,0.18618464264806547,0.4171480066690104
245.35000000000002,1.0,72.0,41.0,0.5694444444444444,0.2295629335777917,0.3278445010372625,9.073375495181086,-0.2,-0.12,0.23044332111586618,-1.4918768834464076,2.5337286429667034,-0.3531391905307353,-0.19111069851892948,-0.3184879063629711,-0.004345319275007587,0.15640468282265121,0.23311785042858882,0.3689872782382932
245.55,0.0,50.0,28.0,0.56,0.2510523674033482,0.3405290006432257,9.830919020456472,nan,nan,nan,nan,nan,nan,-0.19111069851892948,-0.3184879063629711,-0.004345319275007587,0.15640468282265121,0.23311785042858882,0.3689872782382932
245.75,0.0,52.0,30.0,0.5769230769230769,0.2707580863020503,0.3485631577078801,5.921736104648442,nan,nan,nan,nan,nan,nan,-0.19111069851892948,-0.3184879063629711,-0.004345319275007587,0.15640468282265121,0.23311785042858882,0.3689872782382932
245.95,0.0,27.0,22.0,0.8148148148148148,0.2612077833943974,0.31506804658003773,6.873086429757359,nan,nan,nan,nan,nan,nan,-0.19111069851892948,-0.3184879063629711,-0.004345319275007587,0.15640468282265121,0.23311785042858882,0.3689872782382932
246.15000000000003,0.0,20.0,18.0,0.9,0.2805944555840598,0.33877453789297834,8.025782637709266,nan,nan,nan,nan,nan,nan,-0.19111069851892948,-0.3184879063629711,-0.004345319275007587,0.15640468282265121,0.23311785042858882,0.3689872782382932
246.35000000000002,0.0,28.0,28.0,1.0,0.26966797968610845,0.342158094448439,9.002508214604463,nan,nan,nan,nan,nan,nan,-0.19111069851892948,-0.3184879063629711,-0.004345319275007587,0.15640468282265121,0.23311785042858882,0.3689872782382932
246.55,0.0,14.0,14.0,1.0,0.2615023844843734,0.3069867754691402,7.171600978371882,nan,nan,nan,nan,nan,nan,-0.19111069851892948,-0.3184879063629711,-0.004345319275007587,0.15640468282265121,0.23311785042858882,0.3689872782382932
247.15000000000003,1.0,19.0,16.0,0.8421052631578947,0.08403957974729384,0.18876318397568764,16.004786686397374,-0.15680054313506922,-0.12,0.06965183209296665,-0.7081166432161049,2.3212540907832664,-0.760129108003416,-0.1786369962072134,-0.15762684861531095,-0.0006281622925433661,0.7546729978543091,0.8898153129584613,0.4752883508425771
247.35000000000002,1.0,25.0,25.0,1.0,0.11341110557467497,0.1582696045287457,12.132038101695292,-0.035485233279584395,-0.12,0.10840937988764966,-0.5774402894738692,2.330125203965071,-0.9425457430388873,0.04439062581032316,0.08510827168301427,0.008629152252119798,0.4626618601176927,0.4646426163816123,0.465322139586582
247.65000000000003,1.0,34.0,25.0,0.7352941176470589,0.06912309878325029,0.13925872416976534,10.279692562647218,-0.044847796854210996,-0.12,0.07098931598687018,-0.5438543331571315,2.1948902889229855,-1.2165159470178106,0.004424036689084088,0.04756691460387552,0.0030254320275939772,0.722611847346837,0.633463069981611,0.3970450072542676
247.73000000000002,1.0,32.0,32.0,1.0,0.060831392407801645,0.12014865971509464,8.717214635447274,-0.14477056051248063,-0.12,0.062011939208660355,-0.6342245688054828,2.131211451323659,-1.2810387971478372,-0.09918473712362263,-0.008723761670185404,0.0014022526633976626,0.6773640181890498,0.5667630944175884,0.36492800139479126
247.93,1.0,21.0,18.0,0.8571428571428571,0.038794083792346196,0.08539942174522229,6.743997312494385,-0.1741553277711691,-0.12,0.038375449253586234,-0.659135394136091,2.043523810631959,-1.4137271901192954,-0.06460998783958272,0.015265094267045587,0.0024147698593326443,0.7115162357222478,0.4957587579291689,0.23034089872680583
248.13,1.0,29.0,23.0,0.7931034482758621,0.023262858834618143,0.04696839289452667,7.444074174203594,-0.2,-0.11135588055419882,0.020915987661023205,-0.6826591488684604,1.9611685317548024,-1.5123830447612667,-0.046749650726603975,0.02646283875199873,0.0031147381301610544,0.7729500039798473,0.5503729249339111,0.292875663824069
248.39,1.0,20.0,15.0,0.75,0.03121258354688641,0.05520307833901234,5.315459997557829,-0.2,-0.047206761962690025,0.03007912437147225,-0.6950360188031871,1.8524979025950468,-1.6226438990676246,-0.01093272382810373,0.035031550558886515,0.0031768505127807156,0.7247062941690507,0.4625566431472329,0.226358272342292
248.53000000000003,1.0,18.0,14.0,0.7777777777777778,0.020636351255149902,0.03256401639646084,3.4983192053970584,-0.2,0.007626493281468364,0.015091949700952942,-0.7074191326849205,1.8001148415436958,-1.6971399160465066,-0.0015220615267004245,0.03363074023998447,0.0028480540207516114,0.6399214330854581,0.4087422870036659,0.20777726454428863
248.79000000000002,1.0,20.0,14.0,0.7,0.024192017761245705,0.03845023590432738,3.9047981535914436,-0.2,0.062463278893766405,0.0175857642661289,-0.7398554190963406,1.7094729218548474,-1.861632038664518,0.00716748000402212,0.05191303218847265,0.0024659140314327033,0.7128716441126095,0.47804084117803647,0.232127127154588
248.93,1.0,56.0,39.0,0.6964285714285714,0.03825180700092042,0.10504492197997777,6.971764021208909,-0.2,0.12,0.04186699286258812,-0.7660840346561969,1.6672045755732472,-1.9657076806185103,0.011794341554888343,0.04698622836548716,0.002254320453858538,0.7875620345831957,0.6415926743474017,0.39260094588944855
249.13,1.0,64.0,48.0,0.75,0.02712236498958721,0.10844881522776624,7.712984416144571,-0.2,0.12,0.03190760986555874,-0.8093477330646719,1.6169245042884357,-2.123025621939937,0.019557166195628306,0.045372461109631335,0.0017367284039768727,0.7645180290013959,0.6400027179289166,0.3587417448689753
249.32999999999998,1.0,79.0,50.0,0.6329113924050633,0.04943048130567886,0.1337648959283462,5.9174916513171105,-0.2,0.12,0.05377748585825638,-0.860105935106994,1.5746753026510985,-2.290664082652279,0.028678463670174015,0.044937072085496244,0.0014930018395986622,0.7026016102003197,0.6368757957796105,0.34460519445885707
249.53000000000003,1.0,78.0,68.0,0.8717948717948718,0.08313495705462191,0.19885804569649654,7.8375101257033055,-0.2,0.12,0.08984366991551206,-0.915156405980133,1.5418678908784602,-2.4695127462301243,0.03952060311793337,0.044095958626410914,0.0013671263845478345,0.43624532177698966,0.45095675949521824,0.33865958922856126
249.99,1.0,66.0,50.0,0.7575757575757576,0.0941613890528751,0.20587971754950982,10.326361350945703,0.07126271778170903,-0.12,0.10542033644580454,-0.9828913874815771,1.244178515633402,-2.8141790205919013,0.17550895768429287,-0.19488206398012342,0.001146913031115915,0.4676865396829719,0.617271022169944,0.4193421503804366
250.13,1.0,54.0,33.0,0.6111111111111112,0.1464080984861984,0.1948634031030331,4.759672286582288,-0.11012835857647404,-0.12,0.1478029682376321,-1.1041540692983678,1.4062709747336795,-2.8763046335689966,0.018848408688824314,0.11989777939134738,-0.0032055497239538155,0.23813111408941545,0.36075523065725434,0.34917711649065253
250.45,1.0,44.0,31.0,0.7045454545454546,0.13831161055233185,0.17015754637179986,2.6834150677987765,-0.2,0.015962908133462274,0.13884854256845627,-1.2711137345615982,1.4633430481735787,-2.948287007117094,0.011577239193206967,0.1678156709876637,-0.0011384842954003105,0.30317059300175037,0.5041364366216586,0.3740502604878333
250.59000000000003,1.0,21.0,17.0,0.8095238095238095,0.15826664203865953,0.18050161938186277,2.518348260782233,-0.2,-0.04633092521576587,0.1576079680733813,-1.3422386273122466,1.4531818452787846,-2.943347011524162,0.016686648453859476,0.08356825079361196,0.0011553652858662387,0.13944128470438613,0.2532171162474281,0.21106009246904786
250.73000000000002,1.0,22.0,13.0,0.5909090909090909,0.18516116247140096,0.20460843396616968,3.0421087664263116,-0.2,-0.023366648739889605,0.18474256071978098,-1.415292864747173,1.4393578211675062,-2.9153350246068586,0.011196473787989492,0.06161486990079412,0.0013721050146151548,0.08818122296149981,0.17402238338980514,0.17298238916875006
250.93,1.0,13.0,10.0,0.7692307692307693,0.14767285615944367,0.16173088435994012,4.163578664292286,-0.2,-0.12,0.14646039743812841,-1.5235346003634704,1.4018851056336283,-2.8380646168379555,-0.0034161056716102145,0.046969938284963764,0.001373146911296086,0.12489378962929816,0.24763412112511532,0.15645199796552955
251.29000000000002,0.0,15.0,5.0,0.3333333333333333,0.3001765715627837,0.30614085849109984,2.096198939764255,nan,nan,nan,nan,nan,nan,-0.0034161056716102145,0.046969938284963764,0.001373146911296086,0.12489378962929816,0.24763412112511532,0.15645199796552955
251.49,0.0,21.0,3.0,0.14285714285714285,0.3113720817522909,0.31453158884082877,0.9912400397451321,nan,nan,nan,nan,nan,nan,-0.0034161056716102145,0.046969938284963764,0.001373146911296086,0.12489378962929816,0.24763412112511532,0.15645199796552955
251.69,0.0,18.0,2.0,0.1111111111111111,0.3094444820453459,0.3141793959749565,2.958026923506556,nan,nan,nan,nan,nan,nan,-0.0034161056716102145,0.046969938284963764,0.001373146911296086,0.12489378962929816,0.24763412112511532,0.15645199796552955
251.89,0.0,14.0,3.0,0.21428571428571427,0.09077174882928714,0.09739774385652179,3.8016101836526466,nan,nan,nan,nan,nan,nan,-0.0034161056716102145,0.046969938284963764,0.001373146911296086,0.12489378962929816,0.24763412112511532,0.15645199796552955
252.15000000000003,0.0,15.0,6.0,0.4,0.07795278523839105,0.09878276245204932,8.2140224300301,nan,nan,nan,nan,nan,nan,-0.0034161056716102145,0.046969938284963764,0.001373146911296086,0.12489378962929816,0.24763412112511532,0.15645199796552955
252.49,1.0,14.0,14.0,1.0,0.020451653626894894,0.04596139591319809,8.545303588729627,-0.1976118663379115,0.0993426713334756,0.018662444755445703,-2.0307347051360813,0.5984930706939241,-1.647032604931185,-0.13783028527645524,-0.14109457072131848,0.001460091087136739,0.8945105741794701,0.8913213408614458,0.4320594365701973
253.29000000000002,1.0,12.0,12.0,1.0,0.012840698395789552,0.025900685733045666,2.541254223858616,0.016060935525373982,-0.02150991780130884,0.005719287934779826,-1.6683690328687977,0.23978770058416243,-0.9790343669037433,0.19262679691408002,-0.025773367922837798,0.00643368075141626,0.8437047280804493,0.6938052041286262,0.3769630639691281
253.49,1.0,32.0,32.0,1.0,0.023334067518867182,0.09620999454149289,0.8361009642954498,0.07573524075852239,-0.0806405511104142,0.00675238102433047,-1.5521495749329675,0.21922061597799306,-0.7933634906811133,0.07141441035292173,0.027974327546046174,-0.004551093868063738,0.8056869680363532,0.77295887630979,0.5375643718662942
253.69,1.0,42.0,42.0,1.0,0.02231938878415488,0.09212916433581375,0.9245128744685007,0.058045279933818104,-0.08454443067622305,0.008646800273316652,-1.4869652216715783,0.16577145173955654,-0.6041002112534124,-0.008850552072333429,-0.0032814578234783842,-0.004386181357634577,0.6887204541514447,0.7268060178032874,0.41278783220634424
253.89,1.0,34.0,34.0,1.0,0.024655570891871013,0.10946781175890842,0.9362945454819187,0.05242688939601907,-0.07634272973988927,0.008404375897729856,-1.4060808137864853,0.13175849571376708,-0.42535541495626056,-0.01384779144588677,-0.0002593339031821684,-0.0024134471926224865,0.6399913254514861,0.7513156676300949,0.3668090602072822
254.15000000000003,1.0,30.0,30.0,1.0,0.02587857369060222,0.10467224182628333,1.7730194865386903,0.04882604159571046,-0.08258933659353486,0.009093178090375426,-1.2759134811701636,0.10009662429066213,-0.24759316864884442,-0.014672124790997776,0.0005725918043332362,-0.0014643395300534268,0.6323091075844443,0.8012113563389476,0.3533716205778001
254.25,1.0,34.0,34.0,1.0,0.029861410764971588,0.09396077822634727,0.8634319076268125,0.03815539412249579,-0.016894356150247494,0.00997065950426801,-1.224012392777357,0.08782485378272499,-0.2020907687744575,-0.009739679462934303,-0.00894954849760242,-0.0009268821098771252,0.5267669087684484,0.704298720802395,0.31519315126111613
254.45,1.0,32.0,32.0,1.0,0.02354713385124113,0.10354757164474007,1.4454371297151776,0.035410693962598765,0.004511757761421459,0.009900350196949272,-1.1194736666905982,0.06879735234421744,-0.143783309955265,-0.006803121037620041,-0.004591018236525801,-0.0004752856408179185,0.5776190155604439,0.7935547217930933,0.32532804752303734
254.63,1.0,23.0,23.0,1.0,0.0381285142481387,0.1072634671186241,1.4685410985532439,0.017706226154888222,0.025600061423556527,0.008778800504063987,-1.0239041761326624,0.05108478848411795,-0.10255839000527357,-0.005960000974329693,-0.01813996726863617,-0.00022094842314106244,0.489434252665293,0.7355212679820994,0.2548180225251178
254.93,1.0,18.0,18.0,1.0,0.02887184043858366,0.10133111231137068,4.779836334589986,0.029002832900850227,0.014894015530257541,0.008420789423068502,-0.8568773392257749,0.05407690596636364,-0.06545515685218639,-0.0024050122587584433,0.006741544396490412,0.0001723305056894331,0.5188631938745015,0.7745867913012295,0.2536848486946607
255.05,1.0,37.0,35.0,0.9459459459459459,0.02986937628984464,0.1000249112810364,0.6310069057418952,0.011956759291938351,0.054821102216335967,0.009995881924944364,-0.7934744948297079,0.03330237402021598,-0.05570174678016171,-0.0025335674436456346,-0.015435202963043362,-4.082670073528999e-05,0.5859802826507913,0.7694995205516174,0.35507436920845525
255.32999999999998,1.0,18.0,18.0,1.0,0.02137211769061615,0.06869663361219036,2.289959471139063,0.02257049381849184,0.03861373790896809,0.005209146526285165,-0.6404036980866695,0.046205878715767354,-0.04071411522847734,-0.0006137382543113246,0.007130991271365926,0.00029410698875970837,0.49501668684142003,0.7665100679161836,0.2487126492871716
255.53000000000003,1.0,17.0,17.0,1.0,0.01575152435178059,0.02935247246815731,3.0593732552735786,0.017085436217554793,0.04261172179151734,0.006573480099697495,-0.5303374091234047,0.038889804975962505,-0.03521775007530703,-0.0007180847334740115,-0.0038000645392143387,5.637645306257044e-05,0.47510097965858583,0.7242020431101447,0.2442640210848975
255.73000000000002,1.0,18.0,17.0,0.9444444444444444,0.013716399137499242,0.034032960638788384,1.7656380660658073,0.01674471032870564,0.056074073764966495,0.005243837843379801,-0.42071299969097875,0.038265213066684144,-0.03288278805539679,-0.0003916769238691553,-0.0013664307256247288,0.00013117876947209978,0.47716258736141864,0.7257525885647811,0.24952778180127008
255.93,0.0,30.0,30.0,1.0,0.01441047490871059,0.03228947652918341,2.7604479459343643,nan,nan,nan,nan,nan,nan,-0.0003916769238691553,-0.0013664307256247288,0.00013117876947209978,0.47716258736141864,0.7257525885647811,0.24952778180127008
256.05,1.0,34.0,34.0,1.0,0.017854665629271262,0.031231056894467788,2.357369677393881,0.02583786000093808,0.06361695434337977,0.008104384633146212,-0.2459435700418336,0.04406560121047112,-0.031790167765333166,7.805084621875791e-05,0.008739549520730222,0.000130981931766104,0.6888019565648972,0.8767724257508761,0.4232912479712312
256.33,1.0,37.0,37.0,1.0,0.015145045251935193,0.031058132379009968,1.719773136225529,0.04437986147444705,0.05035858715938841,0.0074384651218834495,-0.09415616284270208,0.06225321687498903,-0.031864080930259504,0.0005637752303366134,0.019585776463744632,-0.000146411062912237,0.646610858174079,0.8603675332857681,0.3960642822837782
256.55,1.0,38.0,38.0,1.0,0.013029247323998969,0.03057686765964598,1.1066081418220648,0.06324791616652116,0.03752587766706903,0.0058088453115166,0.027050771994628305,0.08026711201553553,-0.03256701360797453,0.0007129005938593877,0.02152544150856417,-0.0005284830087041585,0.6079080612880815,0.8288811316851742,0.3667550160585902
256.65000000000003,1.0,43.0,43.0,1.0,0.016146365027269228,0.033631746984444204,1.1979089354454302,0.05912884759651554,0.04048096735425261,0.0066948040661945415,0.079109952026685,0.07672715785959945,-0.03276888667771248,7.440380873011132e-06,-0.00047641261064403084,-0.0007906963594505531,0.5048898444404122,0.7306161924259594,0.31051035144909733
256.93,1.0,42.0,42.0,1.0,0.013556280400874709,0.02788355943242709,0.8859461610410487,0.06965238689638496,0.03254091709135205,0.005014437739027031,0.23343987615024683,0.08744851450412372,-0.03337745439474915,0.0003941380224015134,0.010309338746086055,-0.0005377874649559466,0.6230255119683799,0.8600743912654644,0.352462159832435
257.05,1.0,45.0,45.0,1.0,0.012921603783080703,0.03321171561836264,0.8180470428616535,0.06795093093522397,0.03378822294198195,0.004983255548312113,0.29885846210795725,0.08641954814449901,-0.03380391542724583,4.133221590407743e-05,-0.00029410763614058644,-0.000541727641395047,0.5272572567582432,0.7506545167355358,0.3116514059571636
257.29,1.0,43.0,43.0,1.0,0.013968336262325558,0.02650300177343812,0.8099480301331944,0.06753431908497752,0.03588568385327773,0.004945907193283581,0.43010808420459823,0.08484165435916832,-0.034270094704840215,3.844162326271938e-05,-0.0005364277210331281,-0.00036798266156211346,0.6011945508939407,0.8436256021010784,0.33871083637854654
257.43,1.0,45.0,45.0,1.0,0.015311269939628315,0.039305267813353334,0.8321338040661828,0.07203089961383059,0.03133589886719686,0.004934982110452107,0.5072162526453307,0.08905976774596149,-0.034067658482014096,0.00015902799553912939,0.004394435247762771,-0.0002336571026361825,0.5399595874267747,0.7828075669072826,0.31307533598876236
257.63,1.0,44.0,43.0,0.9772727272727273,0.015047488757134686,0.03086515340132753,0.8221159933183857,0.07298113721345308,0.03152804964055311,0.004872319309043471,0.6157290785784076,0.08925470768351336,-0.0344241939432428,9.558428100708838e-05,0.0018780761856264372,-0.00023151865952963924,0.5755554905549546,0.8228461703134962,0.3244694827587973
257.83,1.0,41.0,33.0,0.8048780487804879,0.015248807600030449,0.04017950602949438,0.9908626481020457,0.0694339804756294,0.03488853328854487,0.0048998800136985125,0.7262340408847586,0.08538614959894077,-0.0344905850842334,-9.276358709442434e-05,-0.003232837062607949,-0.00018826375763562192,0.5831877848151463,0.8255075423855264,0.32958308536907516
258.03000000000003,1.0,41.0,32.0,0.7804878048780488,0.013507819903785436,0.03069349597823767,1.0585563080285239,0.0726932310035682,0.03214044790318979,0.004979000157833083,0.8358803856462809,0.08776444166114862,-0.03452332391882653,0.00010272429311208864,0.002687325502086599,-6.982565505544297e-05,0.5845130910040264,0.826597937433406,0.3318677814550359
258.25,1.0,52.0,40.0,0.7692307692307693,0.21132073256484837,0.2678254032137623,5.5762367262959325,-0.2,0.12,0.21235573664934532,0.9463080690086964,-0.18348489841702909,-0.034505657784984045,-0.00938839824599813,-0.27207652655033976,-9.345537063620152e-05,0.07599558148502056,0.218489633180673,0.3406888366354321
258.43,1.0,60.0,47.0,0.7833333333333333,0.22215114368661992,0.34834974954141507,5.800589388295185,-0.15674576986900482,0.12,0.22763254912876674,1.039860327902749,-0.1418152601357673,-0.03430749185211335,-0.0058220209063457595,-0.16924126924474153,0.0012331799288353776,0.09260225118364201,0.2709461864604398,0.32967609512269597
258.63,1.0,70.0,55.0,0.7857142857142857,0.2277103804930159,0.3491715433987059,8.806998965672165,-0.1593904050365767,0.12,0.2333601157045375,1.1371975608013931,-0.14480242172606309,-0.034569856071292815,-0.004359820865473374,-0.12587313299627034,0.0016146977472610638,0.11187299752610791,0.3058938710976018,0.3322722115153742
258.83,1.0,59.0,40.0,0.6779661016949152,0.23951443475896644,0.3352103602080434,6.561877927016093,-0.19501236310876638,0.12,0.23863967380724666,1.2378895201810685,-0.17900715115956778,-0.03595834313612478,-0.004507035124254877,-0.12281429633852484,0.001651562465151059,0.12523968955475892,0.31701794736356376,0.3334230530315501
259.03000000000003,1.0,62.0,52.0,0.8387096774193549,0.22754324124668693,0.3469514424179974,7.231378698999588,-0.11528926651801744,0.12,0.2335971921461826,1.339716614269953,-0.09801586496147069,-0.03674702527038943,-0.0003146191993637082,-0.004065708449505781,0.0016481853779942643,0.143953768043391,0.33622370684213215,0.33393263243298404
259.23,1.0,62.0,54.0,0.8709677419354839,0.23676705307434642,0.34995505278943245,7.416748963577793,-0.11013586228932666,0.12,0.23809270890492334,1.443378048387521,-0.09354453340045708,-0.03715016163742213,-9.299740311474736e-05,0.002517333119076662,0.0011160609328594653,0.14888336780873215,0.3296572074928621,0.3341584977804117
259.43,0.0,49.0,37.0,0.7551020408163265,0.2329707766877921,0.3248699713304895,6.599881877677804,nan,nan,nan,nan,nan,nan,-9.299740311474736e-05,0.002517333119076662,0.0011160609328594653,0.14888336780873215,0.3296572074928621,0.3341584977804117
259.63,0.0,50.0,41.0,0.82,0.22656393740546077,0.3071007662173901,6.495591463530257,nan,nan,nan,nan,nan,nan,-9.299740311474736e-05,0.002517333119076662,0.0011160609328594653,0.14888336780873215,0.3296572074928621,0.3341584977804117
259.95,0.0,49.0,35.0,0.7142857142857143,0.22702638297825045,0.3122898181106422,6.88297179203335,nan,nan,nan,nan,nan,nan,-9.299740311474736e-05,0.002517333119076662,0.0011160609328594653,0.14888336780873215,0.3296572074928621,0.3341584977804117
260.05,0.0,50.0,35.0,0.7,0.22766447166592588,0.31458946327408654,6.426636730842843,nan,nan,nan,nan,nan,nan,-9.299740311474736e-05,0.002517333119076662,0.0011160609328594653,0.14888336780873215,0.3296572074928621,0.3341584977804117
260.23,0.0,53.0,38.0,0.7169811320754716,0.22517184758443742,0.3144362037439443,6.157976560961702,nan,nan,nan,nan,nan,nan,-9.299740311474736e-05,0.002517333119076662,0.0011160609328594653,0.14888336780873215,0.3296572074928621,0.3341584977804117
260.39,0.0,51.0,36.0,0.7058823529411765,0.22523281483787116,0.31864111528800704,6.888488981828766,nan,nan,nan,nan,nan,nan,-9.299740311474736e-05,0.002517333119076662,0.0011160609328594653,0.14888336780873215,0.3296572074928621,0.3341584977804117
260.59000000000003,0.0,52.0,37.0,0.7115384615384616,0.22636896728179481,0.31916216348024984,6.530850754316781,nan,nan,nan,nan,nan,nan,-9.299740311474736e-05,0.002517333119076662,0.0011160609328594653,0.14888336780873215,0.3296572074928621,0.3341584977804117
260.83,0.0,50.0,41.0,0.82,0.22715156482670804,0.31077510224147725,7.063922511797547,nan,nan,nan,nan,nan,nan,-9.299740311474736e-05,0.002517333119076662,0.0011160609328594653,0.14888336780873215,0.3296572074928621,0.3341584977804117
260.99,0.0,49.0,37.0,0.7551020408163265,0.22812172555491878,0.31891709259724116,6.749401713880005,nan,nan,nan,nan,nan,nan,-9.299740311474736e-05,0.002517333119076662,0.0011160609328594653,0.14888336780873215,0.3296572074928621,0.3341584977804117
261.19,0.0,51.0,39.0,0.7647058823529411,0.22816352687018324,0.31537914112624293,5.645740225792218,nan,nan,nan,nan,nan,nan,-9.299740311474736e-05,0.002517333119076662,0.0011160609328594653,0.14888336780873215,0.3296572074928621,0.3341584977804117
261.39,0.0,49.0,38.0,0.7755102040816326,0.2270462664303229,0.30995664626593367,6.070386604858445,nan,nan,nan,nan,nan,nan,-9.299740311474736e-05,0.002517333119076662,0.0011160609328594653,0.14888336780873215,0.3296572074928621,0.3341584977804117
261.59000000000003,0.0,49.0,37.0,0.7551020408163265,0.22760120121649927,0.3181300379125023,6.6488557772656,nan,nan,nan,nan,nan,nan,-9.299740311474736e-05,0.002517333119076662,0.0011160609328594653,0.14888336780873215,0.3296572074928621,0.3341584977804117
261.79,0.0,51.0,38.0,0.7450980392156863,0.22855283873341947,0.31724029134680914,6.317769214127257,nan,nan,nan,nan,nan,nan,-9.299740311474736e-05,0.002517333119076662,0.0011160609328594653,0.14888336780873215,0.3296572074928621,0.3341584977804117
262.33,0.0,49.0,36.0,0.7346938775510204,0.2291282984732858,0.31810684751719837,6.309495567188442,nan,nan,nan,nan,nan,nan,-9.299740311474736e-05,0.002517333119076662,0.0011160609328594653,0.14888336780873215,0.3296572074928621,0.3341584977804117
262.45,0.0,52.0,39.0,0.75,0.22332851756449648,0.3075153615285204,6.426973210348391,nan,nan,nan,nan,nan,nan,-9.299740311474736e-05,0.002517333119076662,0.0011160609328594653,0.14888336780873215,0.3296572074928621,0.3341584977804117
262.59000000000003,0.0,49.0,37.0,0.7551020408163265,0.22625185823356533,0.3049704315737642,6.602331576853375,nan,nan,nan,nan,nan,nan,-9.299740311474736e-05,0.002517333119076662,0.0011160609328594653,0.14888336780873215,0.3296572074928621,0.3341584977804117
262.93,0.0,51.0,38.0,0.7450980392156863,0.2275792783822743,0.3178007263576035,6.640821093785518,nan,nan,nan,nan,nan,nan,-9.299740311474736e-05,0.002517333119076662,0.0011160609328594653,0.14888336780873215,0.3296572074928621,0.3341584977804117
262.95,0.0,51.0,39.0,0.7647058823529411,0.2251204759493814,0.3142637743919145,6.3611581685331,nan,nan,nan,nan,nan,nan,-9.299740311474736e-05,0.002517333119076662,0.0011160609328594653,0.14888336780873215,0.3296572074928621,0.3341584977804117
263.15000000000003,0.0,51.0,39.0,0.7647058823529411,0.225390984246319,0.31466407888488834,6.36503398193619,nan,nan,nan,nan,nan,nan,-9.299740311474736e-05,0.002517333119076662,0.0011160609328594653,0.14888336780873215,0.3296572074928621,0.3341584977804117
263.35,0.0,48.0,36.0,0.75,0.22650914481423762,0.3152110250600073,6.009545907047513,nan,nan,nan,nan,nan,nan,-9.299740311474736e-05,0.002517333119076662,0.0011160609328594653,0.14888336780873215,0.3296572074928621,0.3341584977804117
263.55,0.0,51.0,38.0,0.7450980392156863,0.2262582081610925,0.3161106996725414,6.566108225686683,nan,nan,nan,nan,nan,nan,-9.299740311474736e-05,0.002517333119076662,0.0011160609328594653,0.14888336780873215,0.3296572074928621,0.3341584977804117
263.83,0.0,52.0,39.0,0.75,0.22529574787938791,0.3145769992980577,5.362191740846954,nan,nan,nan,nan,nan,nan,-9.299740311474736e-05,0.002517333119076662,0.0011160609328594653,0.14888336780873215,0.3296572074928621,0.3341584977804117
263.95,0.0,49.0,37.0,0.7551020408163265,0.22405272331903373,0.30378670459787094,6.7361641809092205,nan,nan,nan,nan,nan,nan,-9.299740311474736e-05,0.002517333119076662,0.0011160609328594653,0.14888336780873215,0.3296572074928621,0.3341584977804117
264.15000000000003,0.0,51.0,39.0,0.7647058823529411,0.22463528512577918,0.31385225846079084,6.414673868185034,nan,nan,nan,nan,nan,nan,-9.299740311474736e-05,0.002517333119076662,0.0011160609328594653,0.14888336780873215,0.3296572074928621,0.3341584977804117
264.35,0.0,52.0,40.0,0.7692307692307693,0.2228197198598652,0.31081329534566,5.979134971815906,nan,nan,nan,nan,nan,nan,-9.299740311474736e-05,0.002517333119076662,0.0011160609328594653,0.14888336780873215,0.3296572074928621,0.3341584977804117
264.55,0.0,50.0,37.0,0.74,0.226306685770519,0.3165775551505753,6.581028617165056,nan,nan,nan,nan,nan,nan,-9.299740311474736e-05,0.002517333119076662,0.0011160609328594653,0.14888336780873215,0.3296572074928621,0.3341584977804117
264.75,0.0,49.0,36.0,0.7346938775510204,0.22875258291734704,0.3122470369539787,5.790421951021931,nan,nan,nan,nan,nan,nan,-9.299740311474736e-05,0.002517333119076662,0.0011160609328594653,0.14888336780873215,0.3296572074928621,0.3341584977804117
265.03000000000003,0.0,50.0,38.0,0.76,0.22461686890155702,0.3123825362989209,6.004267142812576,nan,nan,nan,nan,nan,nan,-9.299740311474736e-05,0.002517333119076662,0.0011160609328594653,0.14888336780873215,0.3296572074928621,0.3341584977804117
265.15000000000003,0.0,48.0,36.0,0.75,0.2252457561959569,0.3135594683914752,5.9667891814185765,nan,nan,nan,nan,nan,nan,-9.299740311474736e-05,0.002517333119076662,0.0011160609328594653,0.14888336780873215,0.3296572074928621,0.3341584977804117
265.35,0.0,51.0,39.0,0.7647058823529411,0.22148347372648716,0.3102326045546716,6.521636911045553,nan,nan,nan,nan,nan,nan,-9.299740311474736e-05,0.002517333119076662,0.0011160609328594653,0.14888336780873215,0.3296572074928621,0.3341584977804117
265.53000000000003,0.0,50.0,37.0,0.74,0.22798669845359792,0.31284672279174014,6.2445533311134565,nan,nan,nan,nan,nan,nan,-9.299740311474736e-05,0.002517333119076662,0.0011160609328594653,0.14888336780873215,0.3296572074928621,0.3341584977804117
265.75,0.0,49.0,36.0,0.7346938775510204,0.22602290634343353,0.3144615788371649,5.9434733429036335,nan,nan,nan,nan,nan,nan,-9.299740311474736e-05,0.002517333119076662,0.0011160609328594653,0.14888336780873215,0.3296572074928621,0.3341584977804117
266.03000000000003,0.0,49.0,37.0,0.7551020408163265,0.22639491840365333,0.3180832572715233,6.571566825710063,nan,nan,nan,nan,nan,nan,-9.299740311474736e-05,0.002517333119076662,0.0011160609328594653,0.14888336780873215,0.3296572074928621,0.3341584977804117
266.15000000000003,0.0,47.0,36.0,0.7659574468085106,0.22682854944103786,0.30613058899504647,7.034175100062707,nan,nan,nan,nan,nan,nan,-9.299740311474736e-05,0.002517333119076662,0.0011160609328594653,0.14888336780873215,0.3296572074928621,0.3341584977804117
266.43,0.0,49.0,38.0,0.7755102040816326,0.22548114948894601,0.3050537389447814,6.994719536128955,nan,nan,nan,nan,nan,nan,-9.299740311474736e-05,0.002517333119076662,0.0011160609328594653,0.14888336780873215,0.3296572074928621,0.3341584977804117
266.55,0.0,48.0,36.0,0.75,0.22864097300308148,0.3196519772117805,6.300465913587434,nan,nan,nan,nan,nan,nan,-9.299740311474736e-05,0.002517333119076662,0.0011160609328594653,0.14888336780873215,0.3296572074928621,0.3341584977804117
266.73,0.0,48.0,36.0,0.75,0.22407058252552636,0.3048033661588311,6.2237835605823335,nan,nan,nan,nan,nan,nan,-9.299740311474736e-05,0.002517333119076662,0.0011160609328594653,0.14888336780873215,0.3296572074928621,0.3341584977804117
267.09000000000003,0.0,50.0,38.0,0.76,0.22356754081258673,0.312386449390727,6.2629634997936225,nan,nan,nan,nan,nan,nan,-9.299740311474736e-05,0.002517333119076662,0.0011160609328594653,0.14888336780873215,0.3296572074928621,0.3341584977804117
267.13,0.0,48.0,36.0,0.75,0.22355497747629002,0.3114327449341337,6.2441006744086485,nan,nan,nan,nan,nan,nan,-9.299740311474736e-05,0.002517333119076662,0.0011160609328594653,0.14888336780873215,0.3296572074928621,0.3341584977804117
267.35,0.0,51.0,38.0,0.7450980392156863,0.2246225294754717,0.31233667682048366,6.520666054913217,nan,nan,nan,nan,nan,nan,-9.299740311474736e-05,0.002517333119076662,0.0011160609328594653,0.14888336780873215,0.3296572074928621,0.3341584977804117
267.57,0.0,47.0,34.0,0.723404255319149,0.22864081516788487,0.31748127198587917,5.271399878403404,nan,nan,nan,nan,nan,nan,-9.299740311474736e-05,0.002517333119076662,0.0011160609328594653,0.14888336780873215,0.3296572074928621,0.3341584977804117
267.75,0.0,49.0,37.0,0.7551020408163265,0.22385754039183312,0.3028287858193643,6.795958891213934,nan,nan,nan,nan,nan,nan,-9.299740311474736e-05,0.002517333119076662,0.0011160609328594653,0.14888336780873215,0.3296572074928621,0.3341584977804117
267.93,0.0,49.0,37.0,0.7551020408163265,0.22428917450615848,0.31472213010088784,6.692518508045642,nan,nan,nan,nan,nan,nan,-9.299740311474736e-05,0.002517333119076662,0.0011160609328594653,0.14888336780873215,0.3296572074928621,0.3341584977804117
268.33,0.0,49.0,37.0,0.7551020408163265,0.2259127224555026,0.3167184099571663,6.696396103298018,nan,nan,nan,nan,nan,nan,-9.299740311474736e-05,0.002517333119076662,0.0011160609328594653,0.14888336780873215,0.3296572074928621,0.3341584977804117
268.37,0.0,49.0,37.0,0.7551020408163265,0.22254596777678826,0.3085286614474057,6.27012759972297,nan,nan,nan,nan,nan,nan,-9.299740311474736e-05,0.002517333119076662,0.0011160609328594653,0.14888336780873215,0.3296572074928621,0.3341584977804117
268.53000000000003,0.0,51.0,38.0,0.7450980392156863,0.22479382992466523,0.3080793321781683,6.417343081917409,nan,nan,nan,nan,nan,nan,-9.299740311474736e-05,0.002517333119076662,0.0011160609328594653,0.14888336780873215,0.3296572074928621,0.3341584977804117
268.93,0.0,49.0,37.0,0.7551020408163265,0.22430211799287608,0.3147366918159521,6.721093130656763,nan,nan,nan,nan,nan,nan,-9.299740311474736e-05,0.002517333119076662,0.0011160609328594653,0.14888336780873215,0.3296572074928621,0.3341584977804117
